date,strat,qqq,rf
2007-11-02,6.586508962147519e-05,-0.004755275476919896,9.77777777777522e-05
2007-11-05,0.0012404880039884603,-0.010289974979400207,0.0002961403367636173
2007-11-06,-0.0006851647345166301,0.008726670079454824,0.00010166666666666657
2007-11-07,-2.958292912857985e-07,-0.0020250397139568443,9.444444444439704e-05
2007-11-08,0.0002322192602544071,-0.01991853897301854,9.166666666660106e-05
2007-11-09,0.0006091468090989594,-0.04535244643336689,8.861111111113651e-05
2007-11-12,0.001936473704260866,-0.015966630444965046,0.000265856889816396
2007-11-13,-0.0002634822285291216,-0.010617258155371956,9.472222222228766e-05
2007-11-14,-0.0014402953855309208,0.040493621692356374,9.250000000005087e-05
2007-11-15,0.00098405990754169,-0.027047130583861545,8.944444444436428e-05
2007-11-16,0.0009378695987911634,0.003199708630395426,9.222222222216026e-05
2007-11-19,0.00046732064163124143,-8.893398273368547e-08,0.00027669218226566983
2007-11-20,0.00032966915029231103,-0.003987511133224819,8.805555555557731e-05
2007-11-21,-0.0004755310411278524,-0.010208197740033786,8.388888888899437e-05
2007-11-23,0.0008623840746457834,0.0036408564583998437,0.00017139622916673147
2007-11-26,0.0014029811010678461,0.0068503377576301094,0.00026002253190071656
2007-11-27,0.0006217970148179042,-0.011407257469332799,8.555555555544991e-05
2007-11-28,0.0018408755360133089,0.024899487878249804,8.277777777787598e-05
2007-11-29,0.0011893909343745346,0.01283787330523789,8.11111111111984e-05
2007-11-30,0.000843539295136253,0.01813568258487308,8.555555555544991e-05
2007-12-03,-0.0005450923083110126,-0.0214515539339325,0.00025418819875588916
2007-12-04,0.0002581822423020075,-0.011744280301790755,8.333333333343518e-05
2007-12-05,-0.0008807526410025135,0.014062362665746786,8.333333333343518e-05
2007-12-06,-0.0004932901572726189,0.00839832789752637,8.388888888899437e-05
2007-12-07,-0.0014897270556945008,0.01278314912783185,8.444444444455357e-05
2007-12-10,0.0002516877783682592,0.0032509517533005905,0.0002516877783682592
2007-12-11,7.972222222218939e-05,0.003050297401392843,7.972222222218939e-05
2007-12-12,4.622045538993369e-05,-0.007031461114813231,7.80555555555118e-05
2007-12-13,0.00028676462478105513,-0.01760777942710734,7.777777777784323e-05
2007-12-14,-0.0010509672728760133,-0.004675400573905475,7.80555555555118e-05
2007-12-17,0.0005919293749647725,-0.00606783641675368,0.0002397413680246263
2007-12-18,0.0007865777290929632,-0.010634609683666807,8.277777777787598e-05
2007-12-19,0.0011815264141776805,-0.006965945990260125,7.916666666663019e-05
2007-12-20,0.0012502291376932373,0.014631617368571881,7.916666666663019e-05
2007-12-21,-0.0004777140505515254,0.02200497929724632,8.11111111111984e-05
2007-12-24,-0.0014624783937543517,0.006384831225929144,0.0002527990475096331
2007-12-26,0.00018056370555541434,0.002307277028960275,0.00018056370555541434
2007-12-27,8.583333333334053e-05,0.0038373971587688516,8.583333333334053e-05
2007-12-28,5.4288990694706385e-05,-0.00554204980209827,8.611111111100911e-05
2007-12-31,0.0017218422870415306,-0.009031237310615614,0.0002636342661095359
2008-01-02,0.00012487159311369567,-0.005817846635597701,0.00017973029490736536
2008-01-03,-0.0006634279040925728,-0.0167739171097816,8.77777777776867e-05
2008-01-04,-0.0003102454276948663,-0.011902513017827077,8.66666666665683e-05
2008-01-07,-0.003160933345431327,-0.02830748489285373,0.0002619673154802271
2008-01-08,0.00042114029739193093,-0.0026855468329570753,8.805555555557731e-05
2008-01-09,0.0005393158041739898,-0.024031766793158327,8.72222222221275e-05
2008-01-10,0.00018265220943991523,0.006793067273281439,8.77777777776867e-05
2008-01-11,-0.0017128460155930725,0.006324961901262638,8.388888888899437e-05
2008-01-14,0.001122419162126409,-0.0008384171475995794,0.00025418819875633325
2008-01-15,0.0013290455332743978,-0.006710305245168802,8.583333333334053e-05
2008-01-16,0.0014698443419405294,-0.02491019549950857,8.499999999989072e-05
2008-01-17,-0.0008883844818601272,0.0010826858271562045,8.333333333343518e-05
2008-01-18,0.0008436550346018201,-0.012975499957033287,7.749999999995261e-05
2008-01-22,0.001385023157598475,-0.06156924159229604,0.00029642176342203896
2008-01-23,0.002090277901945603,-0.0067705249242036025,5.999999999994898e-05
2008-01-24,-0.0031214239010821654,0.03878690678744179,6.444444444442254e-05
2008-01-25,0.007285892212445022,0.03801757553010554,6.250000000007638e-05
2008-01-28,-0.008052574685097125,-0.040331355117054435,0.00018862296899868625
2008-01-29,0.002944662385525154,0.012267374762027883,6.194444444451719e-05
2008-01-30,-0.0027256016360426294,-0.006957347139069925,5.999999999994898e-05
2008-01-31,-0.0014050532078154765,-0.008586926989415322,5.333333333323864e-05
2008-02-01,0.009107475842986545,0.037154636483631265,5.722222222215301e-05
2008-02-04,-1.9153554702722175e-05,0.0017581224281693064,0.0001761214431030833
2008-02-05,-0.0033628802254133117,-0.030934543084711108,5.944444444438979e-05
2008-02-06,-0.002420585350043525,-0.00565997463555834,5.694444444448443e-05
2008-02-07,-0.008940146501079549,-0.03620192811329492,5.888888888883059e-05
2008-02-08,0.003087095668422135,0.020552528004289083,6.055555555550818e-05
2008-02-11,0.0015501292912754039,0.013194464708640163,0.00018362234776003739
2008-02-12,-0.0012405212174199098,0.013023072920591128,6.250000000007638e-05
2008-02-13,-0.0004724039983311501,0.0011275168038848982,6.166666666662657e-05
2008-02-14,-0.0014695344727110315,0.010362682864739181,6.277777777774496e-05
2008-02-15,-0.00020394310256000026,-0.024972002144345362,5.999999999994898e-05
2008-02-19,-0.0004220968165146166,0.015321232301364507,0.00024196639532947373
2008-02-20,-0.0006479570098487653,-0.0256755429423694,6.111111111106737e-05
2008-02-21,0.0020222854823848113,0.02542667531899334,5.972222222228041e-05
2008-02-22,0.0006055108440483625,-0.015553890891148892,5.972222222228041e-05
2008-02-25,-0.0005717476835904733,-0.0009159193726780979,0.00017917736711137167
2008-02-26,-0.001284973796459088,0.00045814283061518246,5.805555555560282e-05
2008-02-27,0.000681424345174042,0.002749796497358181,5.388888888879784e-05
2008-02-28,0.0012731694202321453,0.007996160664118346,5.1666666666561056e-05
2008-02-29,0.0017884676234751762,-0.010652831189268963,5.027777777777409e-05
2008-03-03,0.001218802898655058,-0.016724359671197675,0.00014695163707711956
2008-03-04,-0.0023011951096050254,-0.012115251032443708,4.5277777777741335e-05
2008-03-05,0.0024132153872229445,0.013914618554909719,4.166666666671759e-05
2008-03-06,-0.0012571638339634594,0.0023263220670601825,3.80555555554718e-05
2008-03-07,-0.0047774744755225695,-0.027152573244438094,3.944444444448081e-05
2008-03-10,-0.00010657696539950745,0.0021467222724265156,0.00011583780376112074
2008-03-11,-0.0005045642415695273,-0.003570210355813064,4.027777777770858e-05
2008-03-12,0.007012591011801295,0.02723349070793235,4.027777777770858e-05
2008-03-13,-0.0014449718974429704,-0.017906718695519186,3.694444444435341e-05
2008-03-14,0.009571108936451633,0.026047937835820045,3.222222222221127e-05
2008-03-17,-0.01738353737182985,-0.047080664916991366,9.472521176001614e-05
2008-03-18,-0.001998151815866267,0.023008127550130375,2.5277777777832355e-05
2008-03-19,0.01085710446315713,0.030066327968747197,1.6666666666775853e-05
2008-03-20,0.0002716907563566906,-0.02590073378480162,1.7222222222113004e-05
2008-03-24,0.007409477700197842,0.02196044779030415,8.583598846101381e-05
2008-03-25,0.010964837875115263,0.032809811296895086,3.527777777767582e-05
2008-03-26,-0.00014400151312798926,-0.0006712517082572145,3.527777777767582e-05
2008-03-27,-0.00037836564057547317,-0.005148810653949565,3.555555555556644e-05
2008-03-28,-0.0009413332378551686,-0.009450691192481986,3.638888888879421e-05
2008-03-31,-0.0024096273764494525,-0.008405602292393954,0.00011055962913930628
2008-04-01,0.0057183375821292515,0.017640284414234264,3.833333333336242e-05
2008-04-02,0.0013598303778699083,0.028816516306940487,3.8611111111030993e-05
2008-04-03,-0.0006347247418696522,-0.008972135795331404,3.833333333336242e-05
2008-04-04,0.000882577836672116,0.01059850319038369,3.694444444435341e-05
2008-04-07,0.0008564693562962411,0.008083475798858375,0.0001136154110878973
2008-04-08,-0.0013409847994930724,-0.015821254532191742,3.8611111111030993e-05
2008-04-09,0.00017392283689687815,0.0013213812394550217,3.583333333323502e-05
2008-04-10,-0.001246446361374276,-0.011875696797152724,3.472222222211663e-05
2008-04-11,0.00033721100000749793,0.0020034238532207205,3.250000000010189e-05
2008-04-14,-0.001972749979805566,-0.01799241504325122,9.472521044839866e-05
2008-04-15,-0.0011753566691156125,0.0006786287510311961,3.027777777786511e-05
2008-04-16,0.00015472422707207834,0.010171760400869756,3.0833333333424306e-05
2008-04-17,-0.001117662615405357,0.016334647501980992,3.361111111122028e-05
2008-04-18,0.0009972910316182748,0.02311743043158976,3.666666666668483e-05
2008-04-21,0.0009484518000102415,0.003227798366842727,0.00011028183153105608
2008-04-22,0.0003068087437536615,0.0027890991723671377,3.500000000000725e-05
2008-04-23,-0.00013624900930708783,-0.0014979463831265027,3.444444444444805e-05
2008-04-24,0.0005840906320235817,0.0040703377725133105,3.444444444444805e-05
2008-04-25,0.0008387665539086875,0.009600854458610142,3.638888888879421e-05
2008-04-28,-3.199142599685789e-05,-0.0012671937625925445,0.00011222641710451065
2008-04-29,-0.0002669231465149968,-0.0023279629121740752,4.0000000000040004e-05
2008-04-30,0.001336425435112476,0.011664553588022208,3.916666666659019e-05
2008-05-01,-0.0010313299560420486,-0.009853129672404148,3.944444444448081e-05
2008-05-02,0.0043873061848551664,0.04086438429797279,4.0833333333267774e-05
2008-05-05,-0.0007423508076328522,-0.00793353476259162,0.00012361620400502815
2008-05-06,-0.0005364172418491631,-0.005741123068321419,4.4444444444513564e-05
2008-05-07,0.0010362790565447977,0.009279975731681045,4.5555555555631955e-05
2008-05-08,-0.0015430893283058245,-0.014303165160390874,4.5277777777741335e-05
2008-05-09,-0.00033353079125753027,-0.0041460979655748575,4.611111111119115e-05
2008-05-12,0.0005801556130358154,0.004996160009481443,0.0001405621393004708
2008-05-13,0.0018637203986040518,0.017191562237914404,5.0000000000105516e-05
2008-05-14,0.0007128529602868916,0.00610830984615629,4.9722222222214896e-05
2008-05-15,-0.0005886730764236292,-0.005869539407345581,5.0000000000105516e-05
2008-05-16,0.002080851005267448,0.01934075910125599,5.027777777777409e-05
2008-05-19,0.00015028530560412534,-0.00039925983767530315,0.00015028530560412534
2008-05-20,5.0833333333333286e-05,-0.011588373203142655,5.0833333333333286e-05
2008-05-21,5.0833333333333286e-05,-0.0028296575548829583,5.0833333333333286e-05
2008-05-22,-2.7640178717147634e-05,-0.020880343403783197,5.0833333333333286e-05
2008-05-23,-0.0004081799481134851,-0.00248430411245526,5.055555555566471e-05
2008-05-27,-0.0004343803462285578,0.0024904918969304024,0.00020334883756256694
2008-05-28,-0.0011472165518434663,0.020290031765991312,5.1666666666561056e-05
2008-05-29,-0.00073151340526878,-5.4302045593424e-07,5.1944444444451676e-05
2008-05-30,0.0002112987486024842,0.012175731073634344,5.138888888889248e-05
2008-06-02,0.00030181703516385383,0.0008019235821667969,0.00015334117027254734
2008-06-03,-0.0007169208627887391,-0.006610582784064678,5.055555555566471e-05
2008-06-04,0.000555493271516383,-0.012300934039959244,5.027777777777409e-05
2008-06-05,-0.0001427088531360532,0.018578787079267522,5.055555555566471e-05
2008-06-06,0.001355667322322729,0.004410719928205076,5.027777777777409e-05
2008-06-09,-0.002009204395996611,-0.019557312077460476,0.00015222994557806402
2008-06-10,-0.0016834402368461898,-0.017504632783252427,5.499999999991623e-05
2008-06-11,-0.0007793184907809447,0.0035213998562075854,5.333333333323864e-05
2008-06-12,-0.0006268226562656798,-0.015070137455722832,5.444444444435703e-05
2008-06-13,-0.0007647525098571917,4.1361445335397207e-07,5.416666666668846e-05
2008-06-16,0.00033756497461823187,0.008593533945547405,0.0001650090730827003
2008-06-17,0.00010278816065611984,0.017248591936393387,5.444444444435703e-05
2008-06-18,0.00023881668580205684,-0.01409633588891257,5.250000000001087e-05
2008-06-19,0.000362093790581719,-0.006837606802242657,5.1944444444451676e-05
2008-06-20,0.0006227886821823514,0.009048437507319429,5.0833333333333286e-05
2008-06-23,0.00032684042004627045,-0.014897537478043121,0.00015306336425324751
2008-06-24,0.00045673431217951865,-0.016382824460095535,5.0000000000105516e-05
2008-06-25,0.0004149910670820933,0.0038432766427918263,4.944444444454632e-05
2008-06-26,0.0005231095631930138,-0.006806385590866104,4.722222222230954e-05
2008-06-27,0.001044473626986342,-0.02334547407684784,4.5555555555631955e-05
2008-06-30,0.0010527104473680993,-0.0019740381970937415,0.00014306236368821779
2008-07-01,0.0008829129777856437,-0.015381697993145593,5.111111111100186e-05
2008-07-02,-0.0009946887222385126,0.02544142867315946,4.9722222222214896e-05
2008-07-03,-0.0029773559246450976,-0.02110996140212007,5.027777777777409e-05
2008-07-07,0.0006676290683940156,0.0013337627656571094,0.00020195973778336374
2008-07-08,0.00063068191341209,-0.00199820839332443,5.0833333333333286e-05
2008-07-09,0.0005485389706763044,0.022469965048331764,4.9722222222214896e-05
2008-07-10,-0.0021301222395926356,-0.02480463996850235,4.5555555555631955e-05
2008-07-11,3.617425271973396e-05,-0.0002231411496870228,4.388888888895437e-05
2008-07-14,0.000536422123856406,0.0073644174457419,0.00012945002816677764
2008-07-15,0.0009675035585476888,-0.02503305803349143,3.80555555554718e-05
2008-07-16,-0.0013075933734990608,0.007952283880129807,3.74999999999126e-05
2008-07-17,-0.001107643284362969,0.028179118317077645,3.888888888892161e-05
2008-07-18,4.027777777770858e-05,-0.010304709815977864,4.027777777770858e-05
2008-07-21,0.00012111600045150439,-0.0031018880709750007,0.00012111600045150439
2008-07-22,4.2222222222276784e-05,-0.02155558268229163,4.2222222222276784e-05
2008-07-23,4.3333333333395174e-05,0.018623530955190537,4.3333333333395174e-05
2008-07-24,4.500000000007276e-05,0.01627694769623922,4.500000000007276e-05
2008-07-25,4.7499999999978115e-05,-0.01316344630870181,4.7499999999978115e-05
2008-07-28,0.00014222896468996105,0.00622417910354045,0.00014222896468996105
2008-07-29,4.694444444441892e-05,-0.014361376019787486,4.694444444441892e-05
2008-07-30,4.6388888888859725e-05,0.019278333001270243,4.6388888888859725e-05
2008-07-31,1.1691095937127471e-05,-0.007697261084297025,4.583333333330053e-05
2008-08-01,-0.0006394849288789972,0.008643634385251842,4.5277777777741335e-05
2008-08-04,-0.0007636824985877144,-0.01406319827481639,0.00013833971005183798
2008-08-05,-2.8907339418515754e-05,0.0004462408669323459,4.7777777777868735e-05
2008-08-06,-0.0011975358676474812,0.02361261599332054,4.472222222218214e-05
2008-08-07,0.0007661135504057892,0.008705602109129629,4.5277777777741335e-05
2008-08-08,-0.000252489850337434,-0.0023731497958293657,4.6388888888859725e-05
2008-08-11,0.002027845981072973,0.022923714205016488,0.00014389578290319172
2008-08-12,0.0008075518680972227,0.009302434235486823,5.0833333333333286e-05
2008-08-13,2.7231085956369583e-05,-0.00041896536812402463,5.055555555566471e-05
2008-08-14,-0.0002475464198176125,-0.0037720133881093965,5.138888888889248e-05
2008-08-15,0.0012882221409620254,0.016617852234149577,5.027777777777409e-05
2008-08-18,0.00018576209209952843,-0.0006213384810412892,0.00015028530560412534
2008-08-19,-0.0016295471463736444,-0.019461275872474926,4.91666666666557e-05
2008-08-20,8.093295426281344e-06,-0.0004225439583209756,4.6666666666750345e-05
2008-08-21,-0.0010260344098005358,-0.012674000506739835,4.694444444441892e-05
2008-08-22,0.0006965935981717575,0.008129792956720117,4.6388888888859725e-05
2008-08-25,0.00019291420410860738,0.0008492276126397247,0.0001402843367535045
2008-08-26,-0.0010871931481976072,-0.013570773104742417,4.6666666666750345e-05
2008-08-27,-7.289834645851645e-05,-0.0015052181552747124,4.5555555555631955e-05
2008-08-28,0.0008864176777219068,0.010118758763928426,4.7499999999978115e-05
2008-08-29,-0.0005168328689647561,-0.006607302773293466,4.694444444441892e-05
2008-09-02,0.0005992012674105318,0.005578473217618951,0.00018779100087673584
2008-09-03,-0.002418419763677959,-0.030296799853976597,4.6388888888859725e-05
2008-09-04,-0.0009756187436099628,-0.012981239792891897,4.611111111119115e-05
2008-09-05,-0.0018287092498212587,-0.03522067196533385,4.583333333330053e-05
2008-09-08,0.00017720246860331024,0.017098059525229248,0.00013861751514498977
2008-09-09,-0.0006437862665159555,-0.015220525856431077,4.5277777777741335e-05
2008-09-10,-0.0011616571948416254,-0.01130345939614219,4.500000000007276e-05
2008-09-11,-0.000875501038760107,-0.015398849786275481,4.388888888895437e-05
2008-09-12,-0.0007744986357585137,0.02440768940560245,4.05555555555992e-05
2008-09-15,-0.0015880607895105703,-0.019199803395581583,0.00010972618770144216
2008-09-16,0.005697468027311858,-0.021698001418651303,2.333333333326415e-05
2008-09-17,-0.001396450259651627,0.00940198993758834,8.333333332277704e-07
2008-09-18,-0.0028705029644939817,-0.018389829223004583,6.3888888888197215e-06
2008-09-19,-0.005182123331476718,0.06568118371776843,2.694444444450994e-05
2008-09-22,-0.0011534764525912289,-0.023532090479755463,8.972487926972583e-05
2008-09-23,0.0009206421010259369,-0.03603180458064659,2.250000000003638e-05
2008-09-24,0.0004574959268981438,-0.009466182410782675,1.3888888888979878e-05
2008-09-25,2.0833333333358794e-05,0.010291713707536232,2.0833333333358794e-05
2008-09-26,2.3888888888823345e-05,-0.02231338494658397,2.3888888888823345e-05
2008-09-29,7.44462892126041e-05,-0.0012405049340733498,7.44462892126041e-05
2008-09-30,-8.170333325019374e-05,-0.06309035337482127,2.4999999999941735e-05
2008-10-01,0.005742904117887582,0.029692597345708727,2.333333333326415e-05
2008-10-02,0.0006356532139599747,-0.015190610052280062,1.7222222222113004e-05
2008-10-03,-0.005749107372897688,-0.02588235917339632,1.3888888888979878e-05
2008-10-06,-0.010909270412798544,-0.05367689093608752,4.2778387348896274e-05
2008-10-07,-0.0017520593428783648,-0.0034034481137248385,2.250000000003638e-05
2008-10-08,-0.017249696130855807,-0.09077941071710549,1.8611111111122014e-05
2008-10-09,-0.0028413101290037934,0.037558878120448114,1.6111111111216658e-05
2008-10-10,-0.0009335993131960318,-0.07933665885851471,6.666666666710341e-06
2008-10-13,-0.0018365364064464318,0.07667105161314924,2.0000133333697434e-05
2008-10-14,-0.0011337558088670985,0.10012184643223776,9.444444444506317e-06
2008-10-15,-0.019276675876902627,-0.0807743264838443,6.111111111151146e-06
2008-10-16,-0.014253135047475385,-0.0728260397620234,1.2499999999970868e-05
2008-10-17,0.005902046151164297,0.027912987640274833,2.222222222214576e-05
2008-10-20,0.007844046513275416,0.03441739763592633,7.889091359714051e-05
2008-10-21,0.0001618520568911208,-0.0030525981664611956,3.027777777786511e-05
2008-10-22,-0.00904763102430739,-0.03949767051129449,2.8611111111187526e-05
2008-10-23,-0.004325403390522342,-0.028052088156790944,2.666666666661932e-05
2008-10-24,-0.017264991989471734,-0.07412278119740268,2.3888888888823345e-05
2008-10-27,0.006962821250454221,0.03329771894613098,7.111279661820014e-05
2008-10-28,0.001583793158017377,0.01748386535985924,2.111111111102737e-05
2008-10-29,0.01776860029107752,0.07513441742056348,1.694444444444443e-05
2008-10-30,0.004420955033143548,0.023817161643396867,1.1111111111183902e-05
2008-10-31,-0.0026709060518298466,-0.009182779513356887,1.2222222222302292e-05
2008-11-03,-0.0020126302466301205,0.013593341448409513,3.8056037656497566e-05
2008-11-04,0.0002494299566435654,0.01981039628533221,1.3333333333420683e-05
2008-11-05,0.002473207346986639,0.0020923623080546516,1.0833333333293282e-05
2008-11-06,-0.02286329172124113,-0.060841234596410554,8.611111111056502e-06
2008-11-07,-0.00647600915213431,-0.01810067016905459,8.333333333387927e-06
2008-11-10,0.007203044651787671,0.033958269832401466,2.4722425926437808e-05
2008-11-11,-0.010354494729445829,-0.046606155561586426,8.055555555497307e-06
2008-11-12,-0.005700396148754616,-0.02723121168685705,5.000000000032756e-06
2008-11-13,-0.008775552569048162,-0.03507580760554907,5.833333333260526e-06
2008-11-14,0.008485202386771862,0.04089490792043482,3.888888888914366e-06
2008-11-17,-0.009522423609151676,-0.04331781077211683,1.1111152160570015e-05
2008-11-18,0.0011866802067721505,0.0024572664336579564,3.3333333333551707e-06
2008-11-19,0.00031737888170435546,-0.005602267833136998,1.9444444443461606e-06
2008-11-20,-0.0019906760891760245,-0.06584486219193697,8.333333332277704e-07
2008-11-21,-0.000581230307392766,-0.019600527050707583,5.555555555591951e-07
2008-11-24,0.016080678930564085,0.04652049261113489,4.722226543130148e-06
2008-11-25,0.02289114545609716,0.051065812854448556,2.7777777777959756e-06
2008-11-26,-0.009872615939406693,-0.025515617284465053,1.3888888887869655e-06
2008-11-28,0.01784559162508148,0.04088904844764918,1.6666670521470195e-06
2008-12-01,-0.004782328375340761,-0.017918639580867257,2.500001156979792e-06
2008-12-02,-0.018204555080271523,-0.042105120040454524,1.6666666666775853e-06
2008-12-03,-0.0006703624466148916,-0.006227162592332247,5.555555555591951e-07
2008-12-04,0.015943743274093425,0.0383338183957056,5.555555555591951e-07
2008-12-05,-0.008459995565098577,-0.023784090072762942,5.555555555591951e-07
2008-12-08,0.028920749103111376,0.07599974576922652,1.944445678914164e-06
2008-12-09,0.001556732328252819,0.0030418189461745015,8.333333332277704e-07
2008-12-10,0.00793135582051585,0.014151233879163172,0.0
2008-12-11,-0.0037018786600411246,-0.009634777723166565,2.7777777766857525e-07
2008-12-12,-0.0169571252728119,-0.037571465307113305,5.555555555591951e-07
2008-12-15,0.01560132989834151,0.03624934175159966,2.2222237654467847e-06
2008-12-16,0.005150579714281012,-0.010426938127300667,1.1111111111183902e-06
2008-12-17,0.0058239986292807355,0.0282122453976279,1.3888888887869655e-06
2008-12-18,-0.0006538647389771057,-0.0019833912238707008,0.0
2008-12-19,-0.002697766409856639,-0.007173090985435615,5.555555555591951e-07
2008-12-22,-0.0010543768217038396,-0.002338483118374479,1.3888895060709672e-06
2008-12-23,-0.0070058298630781835,-0.017749958837387725,5.555555555591951e-07
2008-12-24,-0.0007451465361505427,-0.0044319843877413945,0.0
2008-12-26,0.001093507465303123,-9.694829050665987e-08,8.333333332277704e-07
2008-12-29,-0.00019393116700383572,0.0003424666809523913,3.3333368052446133e-06
2008-12-30,-0.003374495015963319,-0.00821630859695055,2.7777777777959756e-06
2008-12-31,0.006223694156793469,0.016914155152160548,3.055555555464551e-06
2009-01-02,0.0040981456246851344,0.009843927273605724,5.27778456782535e-06
2009-01-05,0.0004984070290274811,0.03630220245017579,8.333355555611988e-06
2009-01-06,0.00038031244127090247,0.013623458019967227,3.888888888914366e-06
2009-01-07,-0.0003823291945155294,-0.016640016276504577,3.055555555464551e-06
2009-01-08,-6.498799015786094e-05,-0.011389443797082066,2.4999999999053557e-06
2009-01-09,-7.100396580528301e-05,0.012836922414933838,1.9444444443461606e-06
2009-01-12,-0.00042960968519911713,-0.021449114098341937,7.2222389657650155e-06
2009-01-13,-0.0003850294440063129,-0.019927146826175246,3.055555555464551e-06
2009-01-14,2.3885023257452787e-05,-0.010843660209574835,3.3333333333551707e-06
2009-01-15,0.0010396322940864344,-0.021240230962620066,3.055555555464551e-06
2009-01-16,-0.0023252085215941243,0.03255158442404338,3.3333333333551707e-06
2009-01-20,-0.0013266074155156016,-0.006779457816125545,1.3611180555761493e-05
2009-01-21,-0.001615743313920448,-0.029692730963131297,3.055555555464551e-06
2009-01-22,-0.001526158596617866,0.003165593805592559,2.7777777777959756e-06
2009-01-23,-0.00022289111838469378,-0.008064683136737583,3.055555555464551e-06
2009-01-26,-0.0005584331697474632,0.02297626643728301,1.0277812576786616e-05
2009-01-27,0.00038553589411649547,0.0062200337096247615,3.611111111023746e-06
2009-01-28,0.0008920246865473658,0.023694839138949986,5.277777777701331e-06
2009-01-29,-0.00010974868042656905,0.005703008843560564,6.3888888888197215e-06
2009-01-30,-0.00040444629512037533,-0.006004580347001465,6.666666666710341e-06
2009-02-02,-0.0013431480680653474,-0.03422798168625629,2.0833477778037235e-05
2009-02-03,0.00029511609965049423,0.023975242856044465,8.888888888947122e-06
2009-02-04,0.000707210822250337,0.015948311096421586,8.333333333387927e-06
2009-02-05,-0.0005223649550898379,-0.015364225641709361,8.055555555497307e-06
2009-02-06,0.0014278535835747785,0.040705952155003056,7.777777777828732e-06
2009-02-09,0.001213516717941454,0.023141816803156523,2.444464321049722e-05
2009-02-10,-0.000208972518474404,-0.002866955467344834,8.611111111056502e-06
2009-02-11,-0.0011855959749680345,-0.029393016159366958,8.333333333387927e-06
2009-02-12,-0.0005404492883708256,-0.017445895146061097,8.055555555497307e-06
2009-02-13,0.0006995471673831855,0.021105751184907318,8.055555555497307e-06
2009-02-17,-0.0015185499954594173,-0.032480343378195276,3.305596504832309e-05
2009-02-18,-0.0008202519423006205,-0.0027125888409551546,8.611111111056502e-06
2009-02-19,-0.004383560850855894,0.0003399845485554387,8.333333333387927e-06
2009-02-20,0.0019214343793141353,-0.032291350134646235,7.499999999938112e-06
2009-02-23,-0.0007916277989001852,0.019670333413144503,2.3333514583612214e-05
2009-02-24,0.001645354513893249,-0.03513631742059953,8.888888888947122e-06
2009-02-25,0.03399928232535121,0.02142093640897591,8.333333333387927e-06
2009-02-26,-0.002906676152559795,0.005941841936537573,7.499999999938112e-06
2009-02-27,-0.00036246514103577265,-0.044475259953228985,7.2222222222695365e-06
2009-03-02,-6.203436438734222e-05,-0.013818088998406308,2.2222386728998345e-05
2009-03-03,-0.0009080884369692122,-0.009587062935268453,7.499999999938112e-06
2009-03-04,-0.007863736284581146,0.005584855190424953,7.2222222222695365e-06
2009-03-05,-0.024477842421315787,0.0007397184687842895,5.555555555591951e-06
2009-03-06,-0.0006552812526298135,-0.014058125282341849,5.555555555591951e-06
2009-03-09,-0.03223759419077332,-0.021013073662219273,1.7500101852085947e-05
2009-03-10,0.03515194902592467,0.00613296518338613,6.666666666710341e-06
2009-03-11,0.07343178570693687,0.05180953492120244,6.3888888888197215e-06
2009-03-12,0.0017492544005015542,0.004346195242968642,5.833333333260526e-06
2009-03-13,0.001500540937339867,0.033537599894544856,5.277777777701331e-06
2009-03-16,0.0003204855882468216,0.009420464441386667,1.7222320447540795e-05
2009-03-17,-0.0013259197885203688,-0.01831989591284955,6.666666666710341e-06
2009-03-18,0.0017065392721589134,0.028520929140079865,5.833333333260526e-06
2009-03-19,-0.0030490743468671866,0.03081160712834974,5.555555555591951e-06
2009-03-20,-0.0006339517215726564,-0.012318388932592406,5.833333333260526e-06
2009-03-23,0.0014706233969039584,0.007073264445139449,1.777788310186601e-05
2009-03-24,3.8064473059096215e-05,0.024748959711061502,5.833333333260526e-06
2009-03-25,0.0001928551528052047,-0.001631978154622682,5.277777777701331e-06
2009-03-26,0.0004234714886119928,0.006865442315696857,4.166666666582941e-06
2009-03-27,0.0007886470826679037,0.006493589082966489,3.611111111023746e-06
2009-03-30,-0.0029550291572645326,-0.022581136180221617,1.222227137320786e-05
2009-03-31,0.00035769307617572466,-0.0003299469950011069,5.833333333260526e-06
2009-04-01,-0.0006034462786326245,-0.011554813226248406,6.111111111151146e-06
2009-04-02,0.004758505661702994,0.04609205271591499,6.111111111151146e-06
2009-04-03,0.0013861483226969007,0.02458495504440572,5.833333333260526e-06
2009-04-06,-0.0005517339553605671,-0.003116120044441617,1.7222321064824797e-05
2009-04-07,-0.0005759782309048278,-0.0021882192325995975,5.555555555591951e-06
2009-04-08,-0.0005294427254444178,-0.0059524941756925465,5.000000000032756e-06
2009-04-09,0.0029237264942141294,0.025842800523788956,5.000000000032756e-06
2009-04-13,0.0007546986291873115,0.008909339431671937,2.000015000080957e-05
2009-04-14,-0.0009130620561785818,-0.004567461731253997,4.722222222142136e-06
2009-04-15,-0.0016755920852045136,-0.01315381730486509,4.166666666582941e-06
2009-04-16,0.002046239710004727,0.018288902379080207,3.611111111023746e-06
2009-04-17,0.001970804730809128,0.009741203786417518,3.888888888914366e-06
2009-04-20,-0.002126336135982676,-0.013867922297939095,1.1666712037117222e-05
2009-04-21,-0.0027960494613308295,-0.018037230093570167,4.166666666582941e-06
2009-04-22,0.0018640601021289172,0.011830805556921176,3.888888888914366e-06
2009-04-23,0.0018070264775535971,0.015384212981166545,2.7777777777959756e-06
2009-04-24,0.0010327915426171508,0.010303195204082849,2.7777777777959756e-06
2009-04-27,-0.0001846551184141454,0.002399802181655364,9.166694444395773e-06
2009-04-28,0.0003458176085451292,0.002991522596667462,3.611111111023746e-06
2009-04-29,0.0006202322901933677,0.006862290284544548,3.055555555464551e-06
2009-04-30,0.0052898294102163845,0.018962724895152716,3.888888888914366e-06
2009-05-01,-0.0019800636345941314,-0.0034894149409198105,4.166666666582941e-06
2009-05-04,0.004718531220645916,0.011963836535451522,1.361117245335386e-05
2009-05-05,0.0005093090298480263,0.008939019476440047,5.277777777701331e-06
2009-05-06,0.0005690391111339288,0.008573516756589905,5.277777777701331e-06
2009-05-07,-5.585691405629589e-06,-0.0005667070594850276,5.000000000032756e-06
2009-05-08,-0.0013142416327047712,-0.022681916996470597,5.000000000032756e-06
2009-05-11,-0.005712272450326572,-0.019727033948723438,1.52778555557731e-05
2009-05-12,0.004128336260207366,0.0186443045331377,5.277777777701331e-06
2009-05-13,-0.0015439996137169842,-0.022951972135807464,4.722222222142136e-06
2009-05-14,-0.0036079954081852383,-0.01575923046373584,4.444444444473561e-06
2009-05-15,0.000301119882704981,0.007250366514816031,4.722222222142136e-06
2009-05-18,0.0009797102738386965,0.007798354378476757,1.4722294367164324e-05
2009-05-19,0.005192738103260597,0.01666674384109479,5.000000000032756e-06
2009-05-20,0.002148829916366113,0.010831375841807489,5.000000000032756e-06
2009-05-21,-0.003766743041871634,-0.014769861131984419,5.277777777701331e-06
2009-05-22,-0.0015780883264482348,-0.00705450589000145,5.000000000032756e-06
2009-05-26,0.00032348659441949756,-0.01568997068686706,2.000015000080957e-05
2009-05-27,-0.0024040391560293806,0.043308498373758164,4.722222222142136e-06
2009-05-28,-0.00062175317637847,0.0020177038654114465,4.166666666582941e-06
2009-05-29,-8.965057880705452e-05,0.006041810110246404,3.888888888914366e-06
2009-06-01,0.0011175257310747089,0.022590771136764998,1.1388932098732596e-05
2009-06-02,-0.005336907707283456,0.012024363767404234,3.888888888914366e-06
2009-06-03,0.0015682293389445157,0.0038682312029476584,3.888888888914366e-06
2009-06-04,-0.0008540214473320429,0.0022021754019199147,3.888888888914366e-06
2009-06-05,-0.007652983451480577,0.015105958984652501,5.277777777701331e-06
2009-06-08,-0.005134449543598429,-0.011092632966415716,1.5833416898036745e-05
2009-06-09,-0.0035497131121460246,0.007933944734584086,5.277777777701331e-06
2009-06-10,0.0044153955912447085,0.008686125784508336,5.000000000032756e-06
2009-06-11,-0.0017718823296595243,-0.010495139699942646,5.277777777701331e-06
2009-06-12,-0.0004550360992148228,-0.002719201779476932,5.000000000032756e-06
2009-06-15,-0.0020338464179039395,-0.010090672454648897,1.472229444465789e-05
2009-06-16,0.0010053342192188897,-0.007162343148645944,4.722222222142136e-06
2009-06-17,0.004414030703450589,-0.009434168292320466,4.722222222142136e-06
2009-06-18,0.0024176917654126218,0.0036417044542236265,5.000000000032756e-06
2009-06-19,0.0010124082331828266,0.007377104046877525,5.000000000032756e-06
2009-06-22,-0.002130126283615419,-0.00610220753106161,1.555563611144173e-05
2009-06-23,-0.006201301280686078,-0.01814106940950433,5.555555555591951e-06
2009-06-24,0.001765610976624199,0.003410915927006819,5.277777777701331e-06
2009-06-25,0.000615129818504867,0.0017001270603838048,5.000000000032756e-06
2009-06-26,0.006948782290108424,0.021492518407195904,5.277777777701331e-06
2009-06-29,0.0018885561472872237,0.009689733114585097,1.6111197608026373e-05
2009-06-30,0.00199274354900969,0.00219422812441028,5.277777777701331e-06
2009-07-01,4.677605815506247e-05,0.0002738660270109605,4.722222222142136e-06
2009-07-02,-0.003858467695420753,-0.012856057360918882,4.722222222142136e-06
2009-07-06,-0.007807828620387092,-0.01967270831865231,1.9444586111028173e-05
2009-07-07,-0.0001089479232935231,0.0011303155324016156,5.277777777701331e-06
2009-07-08,-0.008118500742147816,-0.019198039872161954,5.000000000032756e-06
2009-07-09,0.0016803915450336326,0.0028786337770210224,5.277777777701331e-06
2009-07-10,-0.0009895906861504544,-0.004879880268693015,5.000000000032756e-06
2009-07-13,0.0038334567359816774,0.00807631995727709,1.5000075000326518e-05
2009-07-14,0.005954453150860628,0.017167141346382753,5.000000000032756e-06
2009-07-15,0.009206536825115519,0.021660116554581554,5.000000000032756e-06
2009-07-16,0.005372529451402208,0.011838652677022665,5.277777777701331e-06
2009-07-17,0.009009703011127357,0.016326511733413485,4.722222222142136e-06
2009-07-20,0.0052214327565343055,0.010977565308504245,1.4722294367164324e-05
2009-07-21,0.002566727854650175,0.00820976698095155,5.277777777701331e-06
2009-07-22,-0.0010120644197492146,0.003677124213471439,5.277777777701331e-06
2009-07-23,0.0018257924409359472,0.0065429739683338095,5.277777777701331e-06
2009-07-24,0.00024709828205371487,0.012220497742839287,5.000000000032756e-06
2009-07-27,-2.9778740652242064e-06,0.010274914476658514,1.52778555557731e-05
2009-07-28,2.1896058919335104e-05,-0.0038138409934118656,5.277777777701331e-06
2009-07-29,4.8649321957583425e-06,0.0035730936168318905,5.277777777701331e-06
2009-07-30,-0.00016514777090659294,0.010936477631998232,5.000000000032756e-06
2009-07-31,-0.0013812425174938303,-0.004529226862199254,5.000000000032756e-06
2009-08-03,4.11727456572919e-07,0.007582249390802875,1.52778555557731e-05
2009-08-04,2.167248511519837e-05,-0.0005016417933152439,5.000000000032756e-06
2009-08-05,-1.2454667752792581e-05,0.007026317771055668,5.000000000032756e-06
2009-08-06,4.352898487658408e-06,-0.007724838568350378,4.722222222142136e-06
2009-08-07,4.608951340134837e-06,0.0025111899028329443,5.000000000032756e-06
2009-08-10,3.1144361774204654e-05,-0.004509162073456974,1.52778555557731e-05
2009-08-11,4.6088660330401154e-06,-0.006794247327422953,5.000000000032756e-06
2009-08-12,-0.0002188218870107228,-0.0060805994195566315,4.722222222142136e-06
2009-08-13,-0.007875922248050893,0.02243188639300442,4.722222222142136e-06
2009-08-14,-0.00048594193933659824,-0.0059834673476401035,5.000000000032756e-06
2009-08-17,-0.0001759464451189796,-0.022823604071875336,1.5000075000326518e-05
2009-08-18,0.0021195772137818647,-0.006160973993461272,5.000000000032756e-06
2009-08-19,0.0007483545948396841,-0.0038730633579737717,4.722222222142136e-06
2009-08-20,0.009148496048854815,0.01840714323369763,4.722222222142136e-06
2009-08-21,0.010299297172076338,0.018075688433209613,4.722222222142136e-06
2009-08-24,0.005237023612572722,0.00925245612630099,1.416673356446907e-05
2009-08-25,-0.0007738033590019011,-0.0004957430904952709,4.722222222142136e-06
2009-08-26,-0.0021427687028441333,-0.0014871992270334422,4.166666666582941e-06
2009-08-27,0.001247508579095502,0.00024811322513840217,4.166666666582941e-06
2009-08-28,0.011169719211070905,0.015140173569546223,4.166666666582941e-06
2009-08-31,-0.011296472734526497,-0.018581732076425772,1.2500052082975444e-05
2009-09-01,-0.00254736369455677,-0.006228483665424167,3.888888888914366e-06
2009-09-02,-0.011800665130830224,-0.020556278717774656,3.888888888914366e-06
2009-09-03,0.005944276027308515,0.009470348995339384,4.166666666582941e-06
2009-09-04,0.0002985992938091542,0.003549409691580463,3.888888888914366e-06
2009-09-08,0.014491764642148963,0.02779223316746493,1.5555646296627756e-05
2009-09-09,-0.00041696870885232773,0.0022120890325441067,3.888888888914366e-06
2009-09-10,0.004404480170348446,0.008339110686851336,3.888888888914366e-06
2009-09-11,0.007775077705872935,0.009730093997297518,3.888888888914366e-06
2009-09-14,-0.0023569161697462038,-0.006263540527571498,1.1666712037117222e-05
2009-09-15,0.0020380418943513057,0.009696893577237242,3.611111111023746e-06
2009-09-16,0.002284699654467426,0.00840374103859931,2.7777777777959756e-06
2009-09-17,0.0004251699728057279,0.0073810324921499415,2.7777777777959756e-06
2009-09-18,-1.3297359332420378e-05,0.006408711269964895,2.2222222222367805e-06
2009-09-21,6.9883698121664395e-06,-0.00799254067577393,7.5000185184581625e-06
2009-09-22,3.356990184344433e-05,0.01445503009650606,3.055555555464551e-06
2009-09-23,-1.2536568190668618e-05,0.0004671592521234835,3.055555555464551e-06
2009-09-24,-0.00013176476773790746,-0.004903045029252984,2.7777777777959756e-06
2009-09-25,-0.0049351630307383765,-0.02017867393590389,2.7777777777959756e-06
2009-09-28,0.004382505282341187,0.004071179924356683,8.61113580241657e-06
2009-09-29,0.005184535965659043,0.011447658994179877,3.611111111023746e-06
2009-09-30,-0.0013109130568569327,-0.00047168119815144127,3.888888888914366e-06
2009-10-01,-0.0009725026469049602,-0.006841127075585818,2.7777777777959756e-06
2009-10-02,-0.01751030696707856,-0.03277913022566992,2.7777777777959756e-06
2009-10-05,-0.003140103907747993,0.009086266030968515,7.777797839558787e-06
2009-10-06,-0.00389530516552683,0.008517981831408283,2.2222222222367805e-06
2009-10-07,-0.002611558680308379,0.010859099214583612,2.4999999999053557e-06
2009-10-08,-0.0018830352725471844,0.010026145052152158,1.6666666666775853e-06
2009-10-09,-0.002733097774304971,-0.0037813112193627596,1.9444444443461606e-06
2009-10-12,0.0047017201470715975,0.011862262733392415,5.8333446755209906e-06
2009-10-13,-0.00022103273521201228,-0.002813716056949689,1.9444444443461606e-06
2009-10-14,0.005149771196007125,0.013637678445916679,1.9444444443461606e-06
2009-10-15,-0.0027137493589851625,-0.0041751771147366945,1.9444444443461606e-06
2009-10-16,-0.0002571085958451569,-0.0006990580018478854,1.9444444443461606e-06
2009-10-19,-0.0011083443206469923,-0.002098331809757048,6.111123533658613e-06
2009-10-20,0.004596089704520523,0.015183572207770002,2.2222222222367805e-06
2009-10-21,-0.002472914865364828,-0.005751642112940214,1.9444444443461606e-06
2009-10-22,-0.0008684017733856519,-0.0034722698523602658,1.6666666666775853e-06
2009-10-23,0.010230896370296838,0.01556031827678428,1.9444444443461606e-06
2009-10-26,-0.0038900598080023885,-0.012120078211924956,6.111123533658613e-06
2009-10-27,-0.00204477266772074,-0.006250522614931198,2.2222222222367805e-06
2009-10-28,-0.00723312921113628,-0.01723703056527215,1.9444444443461606e-06
2009-10-29,-0.003391552375574425,-0.013273228531546999,1.6666666666775853e-06
2009-10-30,0.003908629600142044,0.010329006194780499,1.3888888887869655e-06
2009-11-02,-0.009846736671286216,-0.025202425603315426,4.444451002783012e-06
2009-11-03,-0.002259955018403592,-0.0021948807065527154,1.6666666666775853e-06
2009-11-04,0.0006289995439638929,0.015155411915376726,1.3888888887869655e-06
2009-11-05,0.0063471184477865705,0.0067420831915476764,1.1111111111183902e-06
2009-11-06,5.028646565818917e-05,0.0074144724513289795,1.6666666666775853e-06
2009-11-09,-0.004710067706841237,0.019230769024112915,5.277787036961357e-06
2009-11-10,0.0055701478425973505,0.012345709547428196,1.9444444443461606e-06
2009-11-11,0.004128383441064143,0.011274843740446405,1.9444444443461606e-06
2009-11-12,-0.0006475702030038777,-0.00045490616497878555,1.9444444443461606e-06
2009-11-13,-0.000736058440426568,-0.003414680245341861,1.6666666666775853e-06
2009-11-16,0.006321248876616226,0.009593131682209544,5.277787036961357e-06
2009-11-17,0.002136312127658524,0.003167682727920562,1.6666666666775853e-06
2009-11-18,0.003156833534389447,0.0027064008301109777,1.1111111111183902e-06
2009-11-19,-0.002652304688603113,-0.009221819291848288,5.555555555591951e-07
2009-11-20,-0.006940509189981792,-0.014074805683565894,5.555555555591951e-07
2009-11-23,-0.0029446911237424045,0.010591835069346134,2.5000018517573608e-06
2009-11-24,-0.0004034492749024343,0.005240552513068764,1.3888888887869655e-06
2009-11-25,-0.0009711111483987622,0.0004526009086656124,1.3888888887869655e-06
2009-11-27,-0.01267221429809784,-0.026506317126268608,2.2222233793112167e-06
2009-11-30,0.0028909608619041016,0.010239790313326669,3.3333368052446133e-06
2009-12-01,-0.0029795912464469776,0.011057401993787463,1.6666666666775853e-06
2009-12-02,-0.002538833789704542,0.006151505089896592,1.3888888887869655e-06
2009-12-03,0.0009842016922956276,0.0015852920068031295,1.6666666666775853e-06
2009-12-04,-0.0036247477392278293,0.004973877193119591,1.6666666666775853e-06
2009-12-07,-0.0030726808697983943,-0.008098570016817241,4.444450925955579e-06
2009-12-08,-0.004113272148059677,-0.00975240292803714,8.333333332277704e-07
2009-12-09,-0.000651360921713362,-0.0013747628522582378,8.333333332277704e-07
2009-12-10,0.0072216640477393845,0.015366918176426658,5.555555555591951e-07
2009-12-11,0.00087273416923761,0.006098851181495002,8.333333332277704e-07
2009-12-14,0.0006530895898233524,-0.0024695732342064902,2.7777803237594156e-06
2009-12-15,-9.711937337986143e-05,-0.0004501906520029131,1.3888888887869655e-06
2009-12-16,0.0014255426868026166,0.001350832367092769,1.1111111111183902e-06
2009-12-17,-0.002676357487701675,-0.0069710629396881885,1.1111111111183902e-06
2009-12-18,-7.257299402296802e-05,0.0016685523097488275,1.3888888887869655e-06
2009-12-21,0.0064518076627195775,0.012001924807909292,5.000008101552211e-06
2009-12-22,0.006363313645034507,0.009398216066164311,2.2222222222367805e-06
2009-12-23,0.0027005593606832523,0.004655342851927591,1.9444444443461606e-06
2009-12-24,0.001343944071273917,0.006399086394755837,1.3888888887869655e-06
2009-12-28,0.0030439457230024836,0.01052372041597982,7.222240740345498e-06
2009-12-29,-0.0002479188541334443,0.003037520229015822,2.7777777777959756e-06
2009-12-30,-0.0013891133312523563,-0.005407765570706213,1.3888888887869655e-06
2009-12-31,0.0018557491027451078,0.0060896437232556,1.6666666666775853e-06
2010-01-04,0.00023731674568128192,0.0015133582004673851,7.22224166671559e-06
2010-01-05,0.0016351941958847593,0.0012950044511661485,1.9444444443461606e-06
2010-01-06,-0.00037226099206399965,0.00021546336994093807,1.6666666666775853e-06
2010-01-07,-0.002205224655633442,-0.004094895089626349,1.3888888887869655e-06
2010-01-08,-0.002538775842984342,-0.0030298314292921402,1.3888888887869655e-06
2010-01-11,-0.004702845287631097,0.011721323707087228,3.888893904013813e-06
2010-01-12,-0.006955926319245798,-0.011370593447219801,1.3888888887869655e-06
2010-01-13,-0.003149780278197678,-0.0034721337766698834,1.6666666666775853e-06
2010-01-14,-0.0033241923424769393,0.007403949907388352,1.3888888887869655e-06
2010-01-15,0.004772123586600285,0.0045400131487465245,1.6666666666775853e-06
2010-01-19,-0.007281635714628587,-0.01097519872319086,6.666683333378387e-06
2010-01-20,0.00306282471996866,0.006527482304353516,1.3888888887869655e-06
2010-01-21,-0.0010890588004818236,-0.004539815294862581,1.6666666666775853e-06
2010-01-22,-0.008627673118622226,-0.015417770987504964,1.6666666666775853e-06
2010-01-25,-0.013699777161560012,-0.020070528790192887,5.000008333366779e-06
2010-01-26,-0.0003861875237539669,-0.0038265441740752415,1.9444444443461606e-06
2010-01-27,-0.0006797039574947261,0.00022599248065091615,2.2222222222367805e-06
2010-01-28,0.0031474084932194835,0.0029364188323679485,2.2222222222367805e-06
2010-01-29,-0.008134478607823126,-0.011035636796322246,2.2222222222367805e-06
2010-02-01,-0.01123368273537495,-0.0230013174516438,7.222239506221584e-06
2010-02-02,0.004427090015246327,0.010022966724187565,2.7777777777959756e-06
2010-02-03,0.0007573495034873812,0.002538380805344298,2.7777777777959756e-06
2010-02-04,0.0002525703122697731,0.002992472541403668,2.4999999999053557e-06
2010-02-05,-0.003933616793622474,-0.019279058181025155,2.7777777777959756e-06
2010-02-08,0.002381852395196171,0.004212243844699426,8.888915123517194e-06
2010-02-09,0.0011467042504529346,0.006292634548796805,3.3333333333551707e-06
2010-02-10,-0.00025344683945771607,-0.0016211806448011012,3.055555555464551e-06
2010-02-11,-0.0013564537993859815,-0.0018558880907918462,3.055555555464551e-06
2010-02-12,0.014635358806383891,0.005810169088765527,2.7777777777959756e-06
2010-02-16,0.02321021507312282,0.01848427742835801,1.1111157407484029e-05
2010-02-17,0.006600519000071747,0.009981589571188776,2.7777777777959756e-06
2010-02-18,-0.0008237258095268318,0.00044979106761000587,2.7777777777959756e-06
2010-02-19,0.0032914528667877807,0.0042652912325120695,3.055555555464551e-06
2010-02-22,0.0037670759791357256,0.006259589554706846,9.166694675544207e-06
2010-02-23,-0.005879926285318637,-0.006664824125659274,3.3333333333551707e-06
2010-02-24,-0.004496197996390561,-0.007157202014132946,3.3333333333551707e-06
2010-02-25,-0.0038976896659672633,-0.005631968029752854,3.611111111023746e-06
2010-02-26,0.005297966366430984,0.010194657385232508,3.611111111023746e-06
2010-03-01,0.0037246926844900496,0.008297985248270745,1.0833372453333823e-05
2010-03-02,0.00899555815288311,0.013567802646769822,3.888888888914366e-06
2010-03-03,-0.0020770208663694056,0.0019748042438658686,3.888888888914366e-06
2010-03-04,-0.0006266241007544249,-0.0006570543192059297,3.888888888914366e-06
2010-03-05,0.005830829181909358,0.010081285144543761,4.166666666582941e-06
2010-03-08,0.0013822254489801455,0.008028001400307794,1.277783217568107e-05
2010-03-09,-6.107455946879892e-05,-0.0006459372283268427,4.444444444473561e-06
2010-03-10,0.0014598627869375491,0.00839951656078819,4.166666666582941e-06
2010-03-11,0.0009991691969524208,0.005125799523849173,4.444444444473561e-06
2010-03-12,0.0015946882637687398,0.009349896492337528,4.166666666582941e-06
2010-03-15,-0.0009249639701889301,-0.005052342645682439,1.3055612268164651e-05
2010-03-16,0.0005943988124592625,0.0027504659418320365,4.444444444473561e-06
2010-03-17,0.0007270145162907582,0.004642176415174282,4.166666666582941e-06
2010-03-18,0.00047267372991255385,0.00210029174968418,4.444444444473561e-06
2010-03-19,-0.0006900406624616995,0.005474281706258077,4.444444444473561e-06
2010-03-22,-0.0007322132483970067,-0.012938431829793595,1.3055612345658218e-05
2010-03-23,0.0027167459847174946,0.014587579258893202,3.888888888914366e-06
2010-03-24,0.0004056149262230413,0.0037509252796701364,3.888888888914366e-06
2010-03-25,0.000994616246714708,0.005190007552249298,3.888888888914366e-06
2010-03-26,-0.0009613268164153643,-0.005576231762707162,3.888888888914366e-06
2010-03-29,0.00028028061597007436,0.0018689453606213213,1.1944491975279803e-05
2010-03-30,0.00041079998408077856,0.002902710867526359,4.444444444473561e-06
2010-03-31,-0.0005150458435769778,-0.0028939824802514114,4.444444444473561e-06
2010-04-01,0.0004783344372660814,0.0024875399608108584,4.444444444473561e-06
2010-04-05,-0.00022875190314497473,-0.0018612168460920842,1.833345925961183e-05
2010-04-06,0.0008455137942915414,0.004765018469000237,4.722222222142136e-06
2010-04-07,0.0007628347775590072,0.003711402495383709,4.722222222142136e-06
2010-04-08,-0.0008093016220156457,-0.0039030804925440643,4.722222222142136e-06
2010-04-09,0.0010924808777534878,0.005361872790383693,4.444444444473561e-06
2010-04-12,0.001144907916060589,0.006153815956909892,1.3333392592684845e-05
2010-04-13,-0.00015046950230523937,-0.0006115920107370165,4.444444444473561e-06
2010-04-14,0.002071512853977664,0.011423839281028192,4.444444444473561e-06
2010-04-15,0.0016955844574828571,0.005848940462271024,4.444444444473561e-06
2010-04-16,0.0003321178690420812,0.0016043662232985145,4.444444444473561e-06
2010-04-19,-0.003066396015890094,-0.012012019355427284,1.3333392592684845e-05
2010-04-20,0.002147472225819236,0.008510682806250225,4.444444444473561e-06
2010-04-21,0.003731532639095203,0.006429712065001425,4.166666666582941e-06
2010-04-22,-0.0031138837457427293,-0.010781241317297074,4.444444444473561e-06
2010-04-23,0.004421898769084942,0.015136864774241143,4.444444444473561e-06
2010-04-26,0.0012848075399509717,0.005367869247687729,1.3333392592684845e-05
2010-04-27,-0.001783327543497859,-0.007118727607464792,4.444444444473561e-06
2010-04-28,-0.004100697588344637,-0.012149377073422563,4.444444444473561e-06
2010-04-29,-0.0011634252955894375,0.0010084229124334154,4.722222222142136e-06
2010-04-30,0.006604774980503381,0.011278826198051428,4.444444444473561e-06
2010-05-03,-0.015875552290814388,-0.015136319944146659,1.3611172839489427e-05
2010-05-04,-0.0027617488759523745,-0.0026294096022833058,4.444444444473561e-06
2010-05-05,-0.028791891697520944,-0.028385732073076708,4.166666666582941e-06
2010-05-06,-0.01142679157032056,-0.001461276939865086,3.055555555464551e-06
2010-05-07,-0.015495870249629395,-0.03406430959143936,3.611111111023746e-06
2010-05-10,0.0072779063319690085,0.026179087490864283,1.1666711805302654e-05
2010-05-11,-0.013133193101663942,-0.0029520711574562153,4.444444444473561e-06
2010-05-12,0.013851898607728286,0.014591266300740813,4.444444444473561e-06
2010-05-13,0.011653672034599216,0.008962209577663138,4.444444444473561e-06
2010-05-14,-0.021097027739175434,-0.019004525546658102,4.444444444473561e-06
2010-05-17,0.0032756702956595607,-0.009896838376591832,1.3333392592684845e-05
2010-05-18,-0.006266907789521992,0.009783417767113223,4.722222222142136e-06
2010-05-19,-0.015312485783361973,-0.025695278386392406,4.722222222142136e-06
2010-05-20,-0.009605510130325512,-0.02377895388011142,4.722222222142136e-06
2010-05-21,-0.011549221972118273,-0.03321533251675668,4.722222222142136e-06
2010-05-24,-0.0073520393476560475,0.026569276309580392,1.416673356446907e-05
2010-05-25,-0.012598452785592684,-0.02543517146542118,4.722222222142136e-06
2010-05-26,0.013503806688122344,0.030448866968693533,4.722222222142136e-06
2010-05-27,0.0008424953478838315,0.004221396299721958,4.722222222142136e-06
2010-05-28,-0.0007519986587458671,0.016592973483590567,4.444444444473561e-06
2010-06-01,-0.015273995400189033,-0.011317273121296711,1.7777896296644613e-05
2010-06-02,-0.00032699601410202117,0.00022090723132817125,4.444444444473561e-06
2010-06-03,-0.010304539393930168,0.020686173534050445,3.888888888914366e-06
2010-06-04,-0.005165862556926748,-0.014661427582068898,3.888888888914366e-06
2010-06-07,-0.0020115632315039766,-0.008315076261170673,1.1111152160570015e-05
2010-06-08,0.008709875833825764,-0.021403252246957938,3.3333333333551707e-06
2010-06-09,-0.0016387356347955517,0.003382179870772939,2.7777777777959756e-06
2010-06-10,9.509578378907868e-05,-0.003146618636866827,2.7777777777959756e-06
2010-06-11,-0.004319582065933192,0.005635875906702337,2.2222222222367805e-06
2010-06-14,-0.014474708530885505,0.029365841974659856,6.388902469067759e-06
2010-06-15,0.0024928585854258056,-0.0041374576877916125,2.4999999999053557e-06
2010-06-16,0.005885693376256995,0.018587497916148,2.7777777777959756e-06
2010-06-17,0.016711583190583967,0.012451458081437439,2.4999999999053557e-06
2010-06-18,-0.0002706664277158932,-0.0004416748740223575,3.055555555464551e-06
2010-06-21,0.01486463293989293,0.011689520062444725,9.444474150965831e-06
2010-06-22,-0.02393969146276953,-0.016806513908497966,3.611111111023746e-06
2010-06-23,-0.014473391201899388,-0.010897775555942513,3.611111111023746e-06
2010-06-24,-0.009855242284601218,-0.009504708118935001,3.611111111023746e-06
2010-06-25,-0.010279171094604744,-0.005463801783141542,3.611111111023746e-06
2010-06-28,0.0030471752969634114,-0.005273761013733669,1.1944491589144235e-05
2010-06-29,0.008140412376685946,-0.018776372335999714,4.166666666582941e-06
2010-06-30,-0.009809827556159334,-0.026789393818102858,5.000000000032756e-06
2010-07-01,0.0037765206907727222,-0.009021788579782863,4.722222222142136e-06
2010-07-02,-9.660482630247103e-05,-0.00420146731748583,4.722222222142136e-06
2010-07-06,0.015217232053364782,0.010313892167212124,1.8889022685097956e-05
2010-07-07,-0.009960094079296988,-0.008352257189721657,4.444444444473561e-06
2010-07-08,-0.020500967078656007,0.03673350570713452,4.166666666582941e-06
2010-07-09,-0.001341097486702747,-0.002933797967902718,4.444444444473561e-06
2010-07-12,0.001290474293128785,0.009053739557892682,1.3333392592684845e-05
2010-07-13,0.0064493922619976995,0.01256159993953676,4.166666666582941e-06
2010-07-14,0.004478139791450397,0.006202447714229065,4.166666666582941e-06
2010-07-15,-0.000709486821263261,0.0011012436663631053,4.166666666582941e-06
2010-07-16,-0.0017925931438822484,-0.0006599594341389903,4.166666666582941e-06
2010-07-19,-0.02288323764962552,-0.02134662787351982,1.3055612268164651e-05
2010-07-20,-0.004268126711406417,-0.010569246491402118,4.444444444473561e-06
2010-07-21,0.011840573285518907,0.039545567518016966,4.444444444473561e-06
2010-07-22,-0.011919350502660464,-0.010275294450984518,4.444444444473561e-06
2010-07-23,0.0063121311714853245,0.004196995046193308,4.444444444473561e-06
2010-07-26,0.01394479107255897,0.014518483567633522,1.3333392592684845e-05
2010-07-27,0.011593329038484868,0.011274675266200296,4.166666666582941e-06
2010-07-28,-0.007304679393581703,-0.005789225494750916,4.166666666582941e-06
2010-07-29,-0.003063918891399009,-0.001077968283313857,4.166666666582941e-06
2010-07-30,-0.022561111074633655,-0.021372809850573216,4.166666666582941e-06
2010-08-02,0.018281204499323023,0.023384006442120686,1.277783217568107e-05
2010-08-03,0.005098845903837246,0.005388899757669208,4.444444444473561e-06
2010-08-04,1.5193550386261023e-05,0.0008579380429132311,4.444444444473561e-06
2010-08-05,0.00025950075065273026,0.0006425196151123025,4.166666666582941e-06
2010-08-06,-0.010181495180936917,-0.008349188217562253,4.166666666582941e-06
2010-08-09,0.011816365735564771,0.014680408015059765,1.2500052082975444e-05
2010-08-10,-0.006815150112884916,-0.00638303705743315,4.166666666582941e-06
2010-08-11,-0.02103740526120612,-0.017130468319428216,4.166666666582941e-06
2010-08-12,-0.031974607558553636,-0.02984780407145382,4.444444444473561e-06
2010-08-13,0.0020977941669888533,0.00763520508766935,4.166666666582941e-06
2010-08-16,-0.0030165023593722307,-0.008246098794661094,1.277783217568107e-05
2010-08-17,0.006114157341954751,0.013932679894157252,4.722222222142136e-06
2010-08-18,0.0015758279049369328,0.0035460325374403467,4.444444444473561e-06
2010-08-19,0.00017877380543973587,1.8845163451963742e-07,4.444444444473561e-06
2010-08-20,-0.0036264986550774703,-0.010821762425620496,4.166666666582941e-06
2010-08-23,0.0031319790874799747,0.00915373705314515,1.277783217568107e-05
2010-08-24,-0.01090756568490825,-0.027212552740675577,4.444444444473561e-06
2010-08-25,-0.0035642847064190075,-0.014327574838596258,4.444444444473561e-06
2010-08-26,0.00586927867708309,0.020304434465997723,4.444444444473561e-06
2010-08-27,-0.0036394806525469336,-0.008140971983818912,4.166666666582941e-06
2010-08-30,7.324944317299575e-05,2.303742807630016e-07,1.2222271990491862e-05
2010-08-31,-0.0032248848174918354,-0.010944116404371984,3.888888888914366e-06
2010-09-01,-0.00468844592253137,0.016597442254305816,3.611111111023746e-06
2010-09-02,-0.004531097752298097,0.01677972644084913,3.888888888914366e-06
2010-09-03,0.008673191259690016,0.020517413265977114,3.888888888914366e-06
2010-09-07,0.0013060562836129108,0.0013114524954198625,1.5555646296627756e-05
2010-09-08,-0.0024995774228379064,0.000218044154108199,3.888888888914366e-06
2010-09-09,0.0028030500687583615,0.018110974067947927,3.888888888914366e-06
2010-09-10,-0.0026379373868560263,-0.00385818241258018,3.888888888914366e-06
2010-09-13,0.0016886553981314556,0.010327064525121,1.1944491975279803e-05
2010-09-14,-0.007131278465493995,0.004897699490594487,4.166666666582941e-06
2010-09-15,0.003789429685565615,0.002967001284497117,4.166666666582941e-06
2010-09-16,0.004649579661558878,0.0069726194300780975,4.444444444473561e-06
2010-09-17,0.011480921917064846,0.012436482444500463,4.444444444473561e-06
2010-09-20,-0.0006088929325634984,0.0006226114893297385,1.3611172839489427e-05
2010-09-21,0.004776257537874917,0.014324670611584045,4.722222222142136e-06
2010-09-22,-0.001807638329641481,-0.004911742055118129,4.444444444473561e-06
2010-09-23,-0.0016798084938285385,-0.005142107328758083,4.444444444473561e-06
2010-09-24,0.00633102156578369,0.01757299990842509,4.166666666582941e-06
2010-09-27,0.0030424479776882674,0.008329801906357348,1.277783217568107e-05
2010-09-28,-0.0008995390349392229,-0.0024180476606350254,4.444444444473561e-06
2010-09-29,-0.0019571224352959993,-0.004241320087686851,4.444444444473561e-06
2010-09-30,0.001975950730591425,0.0048683380301590695,4.444444444473561e-06
2010-10-01,-0.0010028969536820531,-0.0012115613567672545,4.444444444473561e-06
2010-10-04,-0.010523270582986965,-0.0123280554877494,1.250005185182701e-05
2010-10-05,0.0009194879537848255,0.0032740706284553056,3.3333333333551707e-06
2010-10-06,0.011796223211254508,0.011625392907506304,3.611111111023746e-06
2010-10-07,-0.003511006277991835,-0.0018146898463370364,3.611111111023746e-06
2010-10-08,-0.0012637034857777563,-0.0016156185968404513,3.3333333333551707e-06
2010-10-11,0.007228530549843848,0.007081054555865052,1.0000033333401603e-05
2010-10-12,-0.0019851563299629893,-0.0018081345328216925,3.611111111023746e-06
2010-10-13,-0.0028236369691934105,0.014892049346174163,3.611111111023746e-06
2010-10-14,0.0017424703725066326,0.0023796306523142796,3.888888888914366e-06
2010-10-15,0.004179812579958586,0.009693526118202511,3.888888888914366e-06
2010-10-18,0.003977773114512084,0.00901224688762392,1.1944491975279803e-05
2010-10-19,-0.006143749145893551,-0.013203365272265621,3.888888888914366e-06
2010-10-20,0.0008503853858201627,0.0027546468079679975,3.888888888914366e-06
2010-10-21,-0.0033588472205325903,0.010792476207526658,3.611111111023746e-06
2010-10-22,-0.005207495143667251,-0.004076775555909573,3.611111111023746e-06
2010-10-25,0.013108502498092811,0.010721017340660666,1.1111152237397448e-05
2010-10-26,-0.0018931750627514399,-0.004242724032985645,3.888888888914366e-06
2010-10-27,0.0013373691599629645,0.0025179409721840518,3.888888888914366e-06
2010-10-28,0.00562739126410694,0.01255796122011188,3.611111111023746e-06
2010-10-29,-0.0012917720349051587,-0.0020990705124185327,3.3333333333551707e-06
2010-11-01,0.000880592474160613,0.0013387836599132452,1.0277812962922184e-05
2010-11-02,0.0024657005134467447,0.005346470559916439,3.611111111023746e-06
2010-11-03,0.0017581449463481835,0.0034190125555988438,3.611111111023746e-06
2010-11-04,0.007071860296717247,0.014574715496819657,3.611111111023746e-06
2010-11-05,0.0004571086432669791,0.0018657143967391043,3.611111111023746e-06
2010-11-08,-0.0009010653311436467,-0.0022348174685360434,1.0833372453333823e-05
2010-11-09,0.0031734648142389688,0.006905891636523442,3.611111111023746e-06
2010-11-10,-0.00368709284945834,-0.007970220110286586,3.611111111023746e-06
2010-11-11,-0.00555021578455861,-0.011398103392047165,3.611111111023746e-06
2010-11-12,0.0020386209097713603,0.0035912079860176416,3.611111111023746e-06
2010-11-15,-0.003238193470269768,-0.006026531746799457,1.1111152237397448e-05
2010-11-16,0.004631348527316392,-0.015914713211848786,4.166666666582941e-06
2010-11-17,-0.007942987818005509,-0.008856875898795247,3.888888888914366e-06
2010-11-18,0.006627251298614301,0.013209102290858032,4.166666666582941e-06
2010-11-19,0.004841126559011366,0.0038347270367546926,3.888888888914366e-06
2010-11-22,0.0022367989473059957,-0.001909855687245443,1.1944491975279803e-05
2010-11-23,0.002326761276520539,0.002104544636642114,4.166666666582941e-06
2010-11-24,0.003102760247631897,0.004010246135203843,4.444444444473561e-06
2010-11-26,0.0056173453949350804,0.003803337779904492,8.888908642035176e-06
2010-11-29,-0.004031858860058857,-0.0015157928915320307,1.3888953086516054e-05
2010-11-30,-0.011331123771460505,-0.009866830751641853,4.722222222142136e-06
2010-12-01,0.01530086057172908,0.01303160159968586,4.444444444473561e-06
2010-12-02,0.011288701018981273,0.007756762063639622,4.444444444473561e-06
2010-12-03,0.008030371640727951,0.004317275936680076,3.888888888914366e-06
2010-12-06,0.01076762117163943,0.007102812846103923,1.1944491975279803e-05
2010-12-07,0.015241636563061878,0.011507546215508313,3.888888888914366e-06
2010-12-08,-0.011538826797116153,-0.008807797016432195,4.166666666582941e-06
2010-12-09,0.012250834698095847,0.007219721342289986,3.888888888914366e-06
2010-12-10,-0.004148968123105501,-0.0022054475805011187,3.611111111023746e-06
2010-12-13,0.010997235377854908,0.007551936003117099,1.1388932021239029e-05
2010-12-14,-0.010022301763431773,-0.004753265291614572,4.166666666582941e-06
2010-12-15,-0.0034601162479090952,-0.0012856093209228092,3.888888888914366e-06
2010-12-16,-0.0035090694827355495,-0.002942915587868522,3.611111111023746e-06
2010-12-17,0.00154740308460255,0.008082250968937332,3.055555555464551e-06
2010-12-20,-0.001735680045896415,0.0014667855156293985,1.0000033101587036e-05
2010-12-21,0.0023717101434390653,0.002746200710131985,3.888888888914366e-06
2010-12-22,0.0010466670128106426,0.0018258317981187933,3.888888888914366e-06
2010-12-23,-0.0008224620739770705,-0.0016403427909861268,3.888888888914366e-06
2010-12-27,-0.0019385913157332624,-0.003650791446237922,1.6388989352078553e-05
2010-12-28,0.002972264894756327,0.0054963229011133485,4.166666666582941e-06
2010-12-29,-0.0005388935854431232,-0.0010934525046731869,3.611111111023746e-06
2010-12-30,-0.00047459371378977266,-0.0005467286418928685,3.3333333333551707e-06
2010-12-31,-0.0018856961712409026,-0.003650825593036755,3.3333333333551707e-06
2011-01-03,0.003598186296278616,0.006961261466212232,1.0833372222185389e-05
2011-01-04,0.0058466299314261505,0.00982331927882818,3.888888888914366e-06
2011-01-05,-0.0046235215949427255,-0.007385784583030408,3.888888888914366e-06
2011-01-06,0.007266386291045812,0.012704048722806283,4.166666666582941e-06
2011-01-07,-1.1510275702009132e-05,0.003942551077313672,3.888888888914366e-06
2011-01-10,1.1137730346888475e-05,-0.004819791932861972,1.1944491975279803e-05
2011-01-11,1.89873105163052e-05,0.010045031915509206,4.166666666582941e-06
2011-01-12,-1.1251741295681406e-05,0.0021311055597084128,4.166666666582941e-06
2011-01-13,3.878079134489454e-06,0.0030124763791026243,4.166666666582941e-06
2011-01-14,3.878079134489454e-06,-1.8083630815013407e-08,4.166666666582941e-06
2011-01-18,-5.634246207919524e-06,-0.0005301426501783668,1.69445520832312e-05
2011-01-19,4.444444444473561e-06,0.012197499744816875,4.444444444473561e-06
2011-01-20,-0.00031381306308864154,-0.017289496742662114,4.444444444473561e-06
2011-01-21,0.0024710245018317867,0.002132215464657028,4.444444444473561e-06
2011-01-24,-0.012682119739461095,-0.010639694198606442,1.3333392592684845e-05
2011-01-25,0.009881937319828005,0.006811136295620468,4.444444444473561e-06
2011-01-26,0.005722803712347124,0.007833458983494301,4.444444444473561e-06
2011-01-27,0.005859764238998588,0.007065857961573885,4.166666666582941e-06
2011-01-28,0.0016998778636698741,0.002806343037685455,4.166666666582941e-06
2011-01-31,-0.016171470538410393,-0.023788869966018367,1.2500052082975444e-05
2011-02-01,0.01534886423723969,0.010930082101092253,4.166666666582941e-06
2011-02-02,0.01297068177333549,0.009039487770600152,4.444444444473561e-06
2011-02-03,0.002043985866127196,-0.0014050936137336434,3.888888888914366e-06
2011-02-04,0.0050516131074964665,0.003517555129870953,4.166666666582941e-06
2011-02-07,-0.0023279256257543457,0.007712884830084921,1.277783217568107e-05
2011-02-08,0.0026072318708978415,0.003130740671486887,4.166666666582941e-06
2011-02-09,0.003561117788295709,0.004681882846143681,3.888888888914366e-06
2011-02-10,-0.004520596626918394,-0.006730890659102928,3.3333333333551707e-06
2011-02-11,0.007023075095128561,0.005212601005565309,3.3333333333551707e-06
2011-02-14,0.015051253697477618,0.010198595961184553,1.0277812962922184e-05
2011-02-15,0.00010638620009340016,1.3256627595659154e-07,3.611111111023746e-06
2011-02-16,-0.0005521202587204233,0.0035935374395827946,3.3333333333551707e-06
2011-02-17,-0.0025134891455592667,-0.001022897340364537,2.4999999999053557e-06
2011-02-18,2.5830566934281762e-06,0.004608318635759723,2.7777777777959756e-06
2011-02-22,-0.00010587889590230048,-0.015800307508046507,1.1666717592673237e-05
2011-02-23,-0.013034271266330055,-0.015535967458783384,3.3333333333551707e-06
2011-02-24,-0.002204784170870111,-0.006137127851445601,3.611111111023746e-06
2011-02-25,0.013075646275548136,0.008821535498761301,3.611111111023746e-06
2011-02-28,0.005139215906693417,0.012241765460783816,1.1388932021239029e-05
2011-03-01,0.0008395287602753765,0.0024188354255627598,3.888888888914366e-06
2011-03-02,-0.008445608868260845,-0.02085466959749349,3.611111111023746e-06
2011-03-03,0.003031275608265105,0.015137950770149677,3.611111111023746e-06
2011-03-04,0.0036352464311104615,0.010057438801677865,3.3333333333551707e-06
2011-03-07,-0.0012477606461989144,-0.0006865280379687588,9.722253703658978e-06
2011-03-08,-0.007673812317797957,-0.018725537187623376,3.055555555464551e-06
2011-03-09,0.0007551559600205149,0.0015756144921819093,2.7777777777959756e-06
2011-03-10,-0.0027463292544926965,-0.014333170324491218,2.2222222222367805e-06
2011-03-11,0.0002428634579674238,-0.010107997197261964,2.2222222222367805e-06
2011-03-14,-0.0003091272661716049,0.006449280421476411,6.944460493762961e-06
2011-03-15,-0.03514731942932792,-0.027411793157070208,2.7777777777959756e-06
2011-03-16,0.019405309558753858,0.007137410159124613,2.7777777777959756e-06
2011-03-17,-0.00885691892634033,-0.0003635282890638303,2.2222222222367805e-06
2011-03-18,0.010005301138662048,0.005234058292554522,1.9444444443461606e-06
2011-03-21,0.00046149115811511265,0.0010863342717459812,6.666681249711814e-06
2011-03-22,0.006279801826277742,0.005427306143034549,2.7777777777959756e-06
2011-03-23,-0.0018743836737263875,-0.006837268975788624,2.4999999999053557e-06
2011-03-24,0.0016931104049193735,0.016847992316926685,2.4999999999053557e-06
2011-03-25,0.0024252298395563976,0.013362221396328922,2.4999999999053557e-06
2011-03-28,-8.893883554372817e-05,0.003691520506607038,8.055577082943799e-06
2011-03-29,-0.002529408171583536,-0.012086483609920595,2.7777777777959756e-06
2011-03-30,0.00400996863646963,0.01702130192352902,2.7777777777959756e-06
2011-03-31,-0.0074331141916442744,-0.0019175473214452232,2.4999999999053557e-06
2011-04-01,0.008752112858657846,0.008209842888544427,1.9444444443461606e-06
2011-04-04,-0.01349752548188976,-0.0017325658024507362,5.555565817605412e-06
2011-04-05,-0.0009935047052139767,-0.00798357190484511,1.9444444443461606e-06
2011-04-06,0.0030755169789409287,0.006997999577279979,1.6666666666775853e-06
2011-04-07,-0.0020309005377355804,-0.005559111057367061,1.1111111111183902e-06
2011-04-08,-0.0014567337755022614,0.004192632393587248,1.1111111111183902e-06
2011-04-11,-6.747868088152753e-05,-0.005393619940070704,3.6111154320117578e-06
2011-04-12,-0.0015125728432517915,-0.011718946970700861,1.3888888887869655e-06
2011-04-13,-0.0005373775267366598,0.005132724940552391,1.6666666666775853e-06
2011-04-14,-0.0013195234420940727,-0.005810744840498039,1.9444444443461606e-06
2011-04-15,0.0005482541842616317,0.0012395200895563008,1.9444444443461606e-06
2011-04-18,0.0004066999609146915,-0.007960195894831323,5.8333446755209906e-06
2011-04-19,-0.0010304677401830054,0.005705961686589767,1.6666666666775853e-06
2011-04-20,0.0015286926390385425,0.02127656519493648,1.6666666666775853e-06
2011-04-21,0.012436004670268952,0.014583335460580438,1.6666666666775853e-06
2011-04-25,-0.0034856213186126306,-0.0008555434426541497,6.944462499935966e-06
2011-04-26,0.0036786187362602973,0.0042815753861258354,1.9444444443461606e-06
2011-04-27,0.01032247379990725,0.0049456940178462805,1.6666666666775853e-06
2011-04-28,0.0003801024867140512,0.0018662227047618885,1.1111111111183902e-06
2011-04-29,-0.0018488597812730267,-0.0003386426637533857,1.1111111111183902e-06
2011-05-02,0.0048648756139491045,0.0025418327690343023,3.6111154320117578e-06
2011-05-03,-0.008340889948296959,-0.0038873178734962766,8.333333332277704e-07
2011-05-04,-0.002270142394085406,-0.0037326801548251964,8.333333332277704e-07
2011-05-05,-0.00916358137939588,-0.006982289370400019,5.555555555591951e-07
2011-05-06,0.014102080082159851,0.009432290119215425,5.555555555591951e-07
2011-05-09,-0.00786592435419331,-0.0049268026383233465,1.944445678914164e-06
2011-05-10,0.005618849579413165,0.0049513658349678025,8.333333332277704e-07
2011-05-11,0.0034886687018531592,0.004076977102958068,8.333333332277704e-07
2011-05-12,-0.011825123240279178,-0.008798224512634012,5.555555555591951e-07
2011-05-13,0.010712370123625137,0.00665771486841682,8.333333332277704e-07
2011-05-16,-0.01406874805760272,-0.014075468405838842,2.7777803237594156e-06
2011-05-17,-0.01775229013618307,-0.0178878332506055,1.1111111111183902e-06
2011-05-18,0.002334486601430097,0.0066554325073573395,1.3888888887869655e-06
2011-05-19,0.011713454656318234,0.012874053066550761,1.3888888887869655e-06
2011-05-20,-0.0028308743153860894,-0.001202360051348661,1.3888888887869655e-06
2011-05-23,-0.017495581277478522,-0.020120494439575753,4.444451002783012e-06
2011-05-24,5.820914894871798e-05,0.0014041991733890757,1.6666666666775853e-06
2011-05-25,-0.00791857667469753,-0.00981461468017275,1.6666666666775853e-06
2011-05-26,0.0038935205568826348,0.002124170110126,1.3888888887869655e-06
2011-05-27,0.009401778189587429,0.010950107076047155,1.3888888887869655e-06
2011-05-31,0.016752495625136365,0.012753486577894657,5.833346064409994e-06
2011-06-01,0.0035527385127887,0.004312429945644958,1.3888888887869655e-06
2011-06-02,-0.02581661178393213,-0.01752003227951071,1.1111111111183902e-06
2011-06-03,0.0014649838879521315,-0.011363617268600468,1.1111111111183902e-06
2011-06-06,-0.0008124574048340438,-0.005835122172837548,3.6111154320117578e-06
2011-06-07,0.0005330923025106404,-0.003201617715343774,1.3888888887869655e-06
2011-06-08,0.002649833268091095,-0.006602502412117017,1.1111111111183902e-06
2011-06-09,0.0013448425198350211,-0.004670356997057201,1.3888888887869655e-06
2011-06-10,0.000919690517388716,-0.0032487609510565285,1.3888888887869655e-06
2011-06-13,0.0013463532209598839,-0.010139441932509263,4.16667245328739e-06
2011-06-14,-0.0026249823065962463,0.007133994493714768,1.3888888887869655e-06
2011-06-15,0.0015262612700503997,-0.004540790979726705,1.3888888887869655e-06
2011-06-16,0.0026878331643440667,-0.008940237442891963,1.3888888887869655e-06
2011-06-17,0.0003596017497260462,0.0037187937743345945,1.1111111111183902e-06
2011-06-20,-0.009509567281813514,-0.013970337880522599,3.0555586418845593e-06
2011-06-21,0.008107463892252476,0.011558296353472164,8.333333332277704e-07
2011-06-22,0.009259963348260625,0.013638054984269843,5.555555555591951e-07
2011-06-23,-0.011569477009959361,-0.013817867887276902,2.7777777766857525e-07
2011-06-24,0.01571694953088132,0.015486440262228562,5.555555555591951e-07
2011-06-27,-0.013331323695611963,-0.011619099224214557,1.6666675926035879e-06
2011-06-28,0.011789070016552827,0.01708269489870018,8.333333332277704e-07
2011-06-29,0.011875540844130672,0.01499025746665672,5.555555555591951e-07
2011-06-30,0.0028551157463818644,0.005338051753332129,8.333333332277704e-07
2011-07-01,0.013180505847299129,0.0102653142089697,5.555555555591951e-07
2011-07-05,0.015846257098737437,0.015592128437751374,2.2222240740887855e-06
2011-07-06,-0.0014174572012629616,0.002760079683021832,2.7777777766857525e-07
2011-07-07,0.011037111399663457,0.012042321853183768,8.333333332277704e-07
2011-07-08,-0.003968694444698828,-0.0025500453821667435,8.333333332277704e-07
2011-07-11,-0.005153326836462302,-0.004601313619667757,2.5000020829057945e-06
2011-07-12,-0.01177600850165017,-0.007875404242268291,8.333333332277704e-07
2011-07-13,-0.002901979408660549,-0.00017259231062261016,2.7777777766857525e-07
2011-07-14,-0.001866138006997864,-0.0005173582244469843,2.7777777766857525e-07
2011-07-15,-0.004291752021111539,-0.003108584309527762,5.555555555591951e-07
2011-07-18,-0.003973083813709977,-0.003464190849276516,1.6666675926035879e-06
2011-07-19,0.008639751588681133,0.009733858829936715,8.333333332277704e-07
2011-07-20,0.024262785244530072,0.018764269775437104,5.555555555591951e-07
2011-07-21,-0.015034197545251482,-0.008787182750722211,1.3888888887869655e-06
2011-07-22,0.009144777262774406,0.0051141270540695505,1.3888888887869655e-06
2011-07-25,0.005567327455229698,0.0028834505557826517,4.16667245328739e-06
2011-07-26,0.007726536073705104,0.0052430854516285486,1.9444444443461606e-06
2011-07-27,-0.007418147613249326,-0.003365220783564382,2.2222222222367805e-06
2011-07-28,-0.029022342958253677,-0.018905950735827015,1.9444444443461606e-06
2011-07-29,-0.014161956742403614,-0.006882232608032557,2.7777777777959756e-06
2011-08-01,0.024558910475577678,0.016978159638643575,8.33335648153799e-06
2011-08-02,-0.029722700164506732,-0.021124107455639085,1.6666666666775853e-06
2011-08-03,0.003973134293593361,-0.01949186729732788,5.555555555591951e-07
2011-08-04,0.0031606834111914672,-0.006034620944138314,5.555555555591951e-07
2011-08-05,-0.011325804589683242,-0.022857306036595637,2.7777777766857525e-07
2011-08-08,-0.051562335904352,-0.04641820365735316,1.944445292778596e-06
2011-08-09,-0.020328236865259752,-0.015906502425118152,8.333333332277704e-07
2011-08-10,0.014118992969494926,0.00934771916177346,5.555555555591951e-07
2011-08-11,-0.014098407256842083,-0.0046306007253889,8.333333332277704e-07
2011-08-12,0.08052634965524086,0.035665681372742286,5.555555555591951e-07
2011-08-15,-0.0018294049978123672,0.006738158735084987,1.6666675926035879e-06
2011-08-16,-0.0015539120134694384,0.0007436486402967457,8.333333332277704e-07
2011-08-17,0.0022893732340909523,0.0026007530955527436,2.7777777766857525e-07
2011-08-18,0.018404618726634236,-0.03409306506198384,2.7777777766857525e-07
2011-08-19,0.013830191552805848,-0.03280242541544376,5.555555555591951e-07
2011-08-22,-0.008635972490783628,0.01606493778993312,1.3888895060709672e-06
2011-08-23,0.008520023163927082,-0.01327362949334665,2.7777777766857525e-07
2011-08-24,-0.02752361699617334,0.03125633694250385,5.555555555591951e-07
2011-08-25,-0.006383560286108536,0.01016651186966655,2.7777777766857525e-07
2011-08-26,0.009101013470757424,-0.018989572734515736,2.7777777766857525e-07
2011-08-29,0.018935258093302654,0.038714712943256346,1.1111114965878244e-06
2011-08-30,0.007217153058478587,0.013977032520763766,2.7777777766857525e-07
2011-08-31,0.0284491547668837,0.016357210900573405,5.555555555591951e-07
2011-09-01,-0.007442906105015412,-0.0018083363288399212,5.555555555591951e-07
2011-09-02,-0.05373919331750754,-0.029347879630958862,5.555555555591951e-07
2011-09-06,-0.048372766450767046,-0.02874183072215175,2.2222240740887855e-06
2011-09-07,0.061074107969660174,0.03862382645510243,5.555555555591951e-07
2011-09-08,0.0034734420704913838,0.005735672950249571,5.555555555591951e-07
2011-09-09,-0.009920269343056565,-0.006438993804980142,2.7777777766857525e-07
2011-09-12,-0.039524182196428614,-0.026291237482908514,8.333335643762041e-07
2011-09-13,0.016010457979236836,0.027952148629272866,2.7777777766857525e-07
2011-09-14,0.02514690660691854,0.014798535672108093,2.7777777766857525e-07
2011-09-15,0.03634906820740369,0.020050755326785685,2.7777777766857525e-07
2011-09-16,0.011707475871115758,0.006151844444706178,2.7777777766857525e-07
2011-09-19,-0.013772992692176578,-0.0055168964598681924,8.333335643762041e-07
2011-09-20,0.030792542139601142,0.018071909682337406,2.7777777766857525e-07
2011-09-21,-0.009698963336198574,-0.004393782504318655,2.7777777766857525e-07
2011-09-22,-0.08360289342011162,-0.0473078877108416,0.0
2011-09-23,-0.02592044133896254,-0.015564198069226598,2.7777777766857525e-07
2011-09-26,0.015076495915992583,0.024279621614453184,1.1111114965878244e-06
2011-09-27,-0.009241513301382231,0.023704949749528526,2.7777777766857525e-07
2011-09-28,0.001983293630188454,-0.0021542000354197732,5.555555555591951e-07
2011-09-29,-0.012020572259143547,-0.0041371813962421955,5.555555555591951e-07
2011-09-30,0.014440818532452271,-0.03974003121672409,5.555555555591951e-07
2011-10-03,0.006556619010496867,-0.02144421702542354,1.6666675926035879e-06
2011-10-04,0.007197057242069427,-0.026913133548837842,2.7777777766857525e-07
2011-10-05,-0.030686054909243032,0.02844717101759886,0.0
2011-10-06,-0.02553767169586607,0.026891887655186908,2.7777777766857525e-07
2011-10-07,-0.002372311822028461,0.017583526842864572,2.7777777766857525e-07
2011-10-10,-0.002741477291320238,0.010845749621477774,8.333335643762041e-07
2011-10-11,-0.010861424759640914,0.01454790953513374,5.555555555591951e-07
2011-10-12,0.023845812520993492,0.01917890858190341,5.555555555591951e-07
2011-10-13,-0.012672245443460906,-0.006507129913190357,5.555555555591951e-07
2011-10-14,0.04807745416182607,0.02354398210708708,5.555555555591951e-07
2011-10-17,-0.0010225276883502055,0.0015564377221435333,2.2222237654467847e-06
2011-10-18,-0.026239818156432948,-0.012432865155377892,1.1111111111183902e-06
2011-10-19,0.018030811346940734,0.008393026555534089,8.333333332277704e-07
2011-10-20,-0.03280850374847799,-0.014045243763907811,8.333333332277704e-07
2011-10-21,0.010791334529678842,0.005803168190212427,5.555555555591951e-07
2011-10-24,0.012101814114072296,0.0055953540642346145,1.6666675926035879e-06
2011-10-25,0.025832684534051298,0.013737202324933584,2.7777777766857525e-07
2011-10-26,-0.01646130346463659,-0.010977842354626177,5.555555555591951e-07
2011-10-27,0.034267845717359746,0.016996106163086333,5.555555555591951e-07
2011-10-28,-0.002186587252033134,-0.0020460905186467926,2.7777777766857525e-07
2011-10-31,-0.00397107157873644,-0.0015383250511283864,8.333335643762041e-07
2011-11-01,-0.06120866838004291,-0.03268877526681546,2.7777777766857525e-07
2011-11-02,0.012285910294967062,0.009023506891139288,2.7777777766857525e-07
2011-11-03,0.002476761069952982,0.005961904589810052,2.7777777766857525e-07
2011-11-04,0.004861167027183422,0.007843923490099325,2.7777777766857525e-07
2011-11-07,0.003346037251057199,-0.0010378529774427436,8.333335643762041e-07
2011-11-08,0.025310092984985433,0.015062433582012202,2.7777777766857525e-07
2011-11-09,-0.031983145854931005,-0.015180104309738596,2.7777777766857525e-07
2011-11-10,-0.013049461293237474,-0.006408058150683016,2.7777777766857525e-07
2011-11-11,0.00034331995871594856,-0.0017430299100699154,2.7777777766857525e-07
2011-11-14,0.007118888598981021,0.007333580560662245,8.333335643762041e-07
2011-11-15,-0.008188061485039588,-0.006413412853057077,2.7777777766857525e-07
2011-11-16,0.003372103736283716,0.006803683769689872,2.7777777766857525e-07
2011-11-17,-0.017491166438393657,-0.011956033018173828,5.555555555591951e-07
2011-11-18,-0.012255912174707118,-0.02069442537632138,2.7777777766857525e-07
2011-11-21,0.0020661654399727336,-0.021311201591086015,1.1111114965878244e-06
2011-11-22,0.00702251679550514,-0.008234111191977589,5.555555555591951e-07
2011-11-23,0.0021126198979604105,-0.001660354895467564,5.555555555591951e-07
2011-11-25,0.016690373243674284,-0.019405408829975657,1.111111419760391e-06
2011-11-28,-0.02253460542908614,0.020919871569077042,1.944445678914164e-06
2011-11-29,-0.0073265925164077705,0.00959947330565769,5.555555555591951e-07
2011-11-30,-0.021900373915779925,0.021393594838151397,2.7777777766857525e-07
2011-12-01,-0.011867405928898789,0.009308807769743188,2.7777777766857525e-07
2011-12-02,0.008007785756424468,0.017027470716930893,5.555555555591951e-07
2011-12-05,0.005800704798870404,0.002267461864584819,1.3888895060709672e-06
2011-12-06,-0.007300098940831612,-0.003132435103147979,2.7777777766857525e-07
2011-12-07,-0.010073032960092987,-0.006458417536553962,5.555555555591951e-07
2011-12-08,-0.0037618137749377834,-0.0036893575409620016,2.7777777766857525e-07
2011-12-09,-0.017792845458341033,-0.007934926831071443,2.7777777766857525e-07
2011-12-12,-0.00022846464804371358,0.002843543626172451,8.333335643762041e-07
2011-12-13,0.007369465317378365,0.005848980868015108,2.7777777766857525e-07
2011-12-14,-0.03934189103392216,-0.02114499891277588,2.7777777766857525e-07
2011-12-15,0.001368313001247845,-0.003420463034767174,0.0
2011-12-16,0.003318812716209152,-0.005927349771642221,0.0
2011-12-19,1.8607717185981087e-05,0.003645063396912729,2.7777777766857525e-07
2011-12-20,-0.0011606546114817373,0.0023603575067048244,2.7777777766857525e-07
2011-12-21,-0.005914710051598382,0.007246209166707818,2.7777777766857525e-07
2011-12-22,-0.007329002725820266,-0.006294886702630231,2.7777777766857525e-07
2011-12-23,-0.005950313583750977,0.008325921688066007,2.7777777766857525e-07
2011-12-27,-0.004451133884039282,0.005905299183167845,1.3888895828984005e-06
2011-12-28,0.004749148599688224,0.0032143884443918136,2.7777777766857525e-07
2011-12-29,-0.015553490649806934,-0.008723676244481227,5.555555555591951e-07
2011-12-30,0.0036070260783647168,0.003412831669146854,5.555555555591951e-07
2012-01-03,0.028388510347309825,0.018614552027786724,2.2222240740887855e-06
2012-01-04,0.003648829955336108,-0.0017572274135833066,5.555555555591951e-07
2012-01-05,0.006249034103786855,0.003696716090605623,5.555555555591951e-07
2012-01-06,0.018870814014799064,0.010522423439275563,5.555555555591951e-07
2012-01-09,0.009083048146120376,0.005900827529802477,1.3888895060709672e-06
2012-01-10,0.014170679570463252,0.0046586544899835935,5.555555555591951e-07
2012-01-11,-0.010292775707650192,-0.0034349374074071903,5.555555555591951e-07
2012-01-12,0.010005555179346315,0.004480535488332604,8.333333332277704e-07
2012-01-13,-0.006799876370665481,-0.0036027853470599336,8.333333332277704e-07
2012-01-17,0.014353823440477198,0.010502757634251125,3.333337499578093e-06
2012-01-18,0.0021627107203976426,0.0022148099089376316,8.333333332277704e-07
2012-01-19,0.026909616045853957,0.015981027547019133,1.3888888887869655e-06
2012-01-20,-0.007094017933812369,-0.0026771081956245,1.3888888887869655e-06
2012-01-23,-0.06071849495141357,0.003019855551686268,3.888893904013813e-06
2012-01-24,-0.004083071723938736,-0.004349065330995661,1.1111111111183902e-06
2012-01-25,-0.002766566995552888,0.012432655774108792,1.1111111111183902e-06
2012-01-26,-0.052110043152920116,0.007135483492879402,1.3888888887869655e-06
2012-01-27,0.05771363849076794,-0.009886024846862185,1.6666666666775853e-06
2012-01-30,-0.004839292389351657,-0.003328485330618025,4.7222296295501565e-06
2012-01-31,-0.04790234738467858,0.014359830183471312,1.6666666666775853e-06
2012-02-01,0.0023780743918402347,0.00213984558414948,1.6666666666775853e-06
2012-02-02,-0.03833532135269846,0.00558473198519005,2.2222222222367805e-06
2012-02-03,-0.07906767274777038,0.00914757235682706,2.2222222222367805e-06
2012-02-06,-0.005988582206548521,0.0006471845122293374,6.666681481526382e-06
2012-02-07,-0.021562959757611577,0.002102790975400115,2.2222222222367805e-06
2012-02-08,0.005990273125423773,0.0030672510974036893,2.4999999999053557e-06
2012-02-09,0.03627044718305261,0.009011554319123594,2.4999999999053557e-06
2012-02-10,0.21106661967910556,-0.0038272616425883976,2.4999999999053557e-06
2012-02-13,-0.07008496986922697,0.007684697651537009,8.055577082943799e-06
2012-02-14,-0.015561850455035997,-0.0004765194526775707,3.3333333333551707e-06
2012-02-15,0.034732758082030024,0.009537447587471881,3.055555555464551e-06
2012-02-16,0.11252620346074171,-0.01133682724053986,2.7777777777959756e-06
2012-02-17,-0.13408918064478448,0.013537045049330398,2.4999999999053557e-06
2012-02-21,-0.013167912655809744,-0.002199754242222074,9.722257638511422e-06
2012-02-22,0.026336051557179996,-0.00015731897576121145,2.4999999999053557e-06
2012-02-23,-0.05309231185319474,-0.0014177184802810494,2.4999999999053557e-06
2012-02-24,-0.025363992608080643,0.008201681405294092,2.7777777777959756e-06
2012-02-27,0.14217126034444627,-0.004849476685556131,8.888915123517194e-06
2012-02-28,-0.026556282987814983,0.007860131778291368,2.7777777777959756e-06
2012-02-29,-0.07031288960377835,0.009982913711813701,2.2222222222367805e-06
2012-03-01,-0.010934465002885974,-0.0015446709867250608,2.2222222222367805e-06
2012-03-02,-0.024994036511645112,0.002784425308328675,1.9444444443461606e-06
2012-03-05,0.023415041379419632,1.0087791824098247e-07,6.111123533658613e-06
2012-03-06,0.08698715266560364,-0.019435418035491425,2.2222222222367805e-06
2012-03-07,0.008205960512555732,0.00471896590532328,2.2222222222367805e-06
2012-03-08,0.020980368255534287,0.008924397575984733,2.2222222222367805e-06
2012-03-09,0.014113206631272579,0.0065176514935541,2.4999999999053557e-06
2012-03-12,0.006424996467205846,0.0021585058116508904,7.500018749606596e-06
2012-03-13,0.014084769273487563,0.006154079012448799,2.2222222222367805e-06
2012-03-14,0.03154343448335539,0.014220297209928567,2.4999999999053557e-06
2012-03-15,0.09131161046988345,0.005427204096666083,2.2222222222367805e-06
2012-03-16,-0.06160542917306722,0.0013970518643640073,2.4999999999053557e-06
2012-03-19,-0.003603957564719984,-0.0005997950256828588,7.77779791638622e-06
2012-03-20,-0.06414080348519435,0.00015026420422792341,2.7777777777959756e-06
2012-03-21,-0.1383881002610371,0.00720281305951076,2.4999999999053557e-06
2012-03-22,0.012336682619320971,-0.005959653744920468,2.2222222222367805e-06
2012-03-23,-0.046751276294972555,0.005095904284915687,2.2222222222367805e-06
2012-03-26,-0.12786198287128625,0.004920682599907522,6.944460493762961e-06
2012-03-27,-0.04765629940751415,0.011426219013796368,2.4999999999053557e-06
2012-03-28,0.15089790654631052,0.0013203867162936422,2.4999999999053557e-06
2012-03-29,0.15686942015699157,-0.009523439251585497,1.9444444443461606e-06
2012-03-30,-0.183586296753383,0.005620843849725166,1.9444444443461606e-06
2012-04-02,0.03283135322621833,-0.007354838616194126,6.111123533658613e-06
2012-04-03,0.0041464092221668025,0.01229965545532119,2.2222222222367805e-06
2012-04-04,0.12409660416682056,-0.008636834373097146,2.2222222222367805e-06
2012-04-05,-0.005386053686254444,-0.007974067423353048,2.2222222222367805e-06
2012-04-09,-0.016368397574583637,-0.004465556304892315,8.333359258871909e-06
2012-04-10,0.007946562080439756,0.004485804919325265,2.4999999999053557e-06
2012-04-11,-0.01489530183613863,-0.006996321524125659,2.4999999999053557e-06
2012-04-12,-0.0033229729522274987,-0.0019486301578263143,2.4999999999053557e-06
2012-04-13,0.01853788642505072,0.006008062783173118,2.4999999999053557e-06
2012-04-16,-0.016351478301778077,-0.00686800558471945,7.222239583049017e-06
2012-04-17,-0.020836621406868483,-0.011876355382819392,2.2222222222367805e-06
2012-04-18,0.021412510335321322,0.013084132032334717,1.9444444443461606e-06
2012-04-19,-0.008432486880626922,-0.003303949228602332,1.9444444443461606e-06
2012-04-20,-0.005509790924202118,-0.002259941563980572,2.2222222222367805e-06
2012-04-23,-0.03998393375276443,-0.017517433312022157,6.666681481526382e-06
2012-04-24,-0.0003680857909580393,-0.0015369255023834905,2.4999999999053557e-06
2012-04-25,0.034060258231536134,0.01708729188396907,2.4999999999053557e-06
2012-04-26,0.012353935228443413,0.005600100254262941,2.4999999999053557e-06
2012-04-27,0.02368056734481483,0.010235140152528466,2.4999999999053557e-06
2012-04-30,-0.005152104276277103,-0.001192556616891216,7.77779791638622e-06
2012-05-01,-0.011902633717683186,-0.005220280894054907,2.4999999999053557e-06
2012-05-02,-0.0033045348682336773,-0.0022493115959942855,2.2222222222367805e-06
2012-05-03,0.020246788502882307,0.008416061525804208,2.4999999999053557e-06
2012-05-04,-0.04529335867941564,-0.02026827610942783,1.9444444443461606e-06
2012-05-07,-0.04574018232235,-0.021752768288366586,6.666681249711814e-06
2012-05-08,-0.00017413209218530845,0.0006223573504686719,2.4999999999053557e-06
2012-05-09,-0.013225862113817266,-0.00901311097525792,2.4999999999053557e-06
2012-05-10,0.004982435086457793,0.01317239039778606,2.7777777777959756e-06
2012-05-11,-0.004095153756908165,-0.009905855068717884,2.7777777777959756e-06
2012-05-14,-0.004522007527243521,-0.005315007723154519,8.33335648153799e-06
2012-05-15,0.001569610317214698,0.0018861398253471329,2.4999999999053557e-06
2012-05-16,-0.005096498640198455,-0.0025099701377767625,2.7777777777959756e-06
2012-05-17,-0.014988658126674048,-0.00990715048956503,2.7777777777959756e-06
2012-05-18,-0.013387958631403962,-0.018424483860301377,2.2222222222367805e-06
2012-05-21,-0.032309376214635366,-0.014077407794774066,6.944460493762961e-06
2012-05-22,0.05686844270841385,0.028885456871683424,2.4999999999053557e-06
2012-05-23,0.006094976910341554,-0.012442134233971003,2.4999999999053557e-06
2012-05-24,-0.005608117618853936,0.01195298486322427,2.7777777777959756e-06
2012-05-25,0.005300733749450615,-0.007023520052959142,2.4999999999053557e-06
2012-05-29,0.0003539101322318494,0.007073082582590207,1.0000037499624526e-05
2012-05-30,0.0014867521888723978,-0.005746181579494358,1.9444444443461606e-06
2012-05-31,0.0014902020264027094,-0.0006424369987501066,1.9444444443461606e-06
2012-06-01,0.010788694193804904,-0.021044285888312975,1.9444444443461606e-06
2012-06-04,0.005570724218073142,-0.005907131532854715,6.111123533658613e-06
2012-06-05,-0.0018047861079077965,0.0013205065110035719,2.2222222222367805e-06
2012-06-06,0.029759324019170252,0.015166505988364998,2.4999999999053557e-06
2012-06-07,0.05236340803174033,0.025982606843703016,2.4999999999053557e-06
2012-06-08,-0.035217107577223516,-0.015986296344728923,2.4999999999053557e-06
2012-06-11,0.04579099594873415,0.018980224321569095,7.500018749606596e-06
2012-06-12,-0.050739961449024595,-0.01973152832432301,2.7777777777959756e-06
2012-06-13,0.008674857567231076,0.004508656690551893,2.7777777777959756e-06
2012-06-14,-0.008978579816603438,-0.004167941386429397,3.055555555464551e-06
2012-06-15,0.0132333543071248,0.006654831797177518,2.4999999999053557e-06
2012-06-18,0.014811215956846535,0.005449636541595915,7.77779791638622e-06
2012-06-19,0.04417091060287204,0.018651388796856905,2.4999999999053557e-06
2012-06-20,0.0100192768500047,0.007511734535009085,2.4999999999053557e-06
2012-06-21,0.0023731263177868556,-0.0021746308100698553,2.4999999999053557e-06
2012-06-22,-0.04914083922195023,-0.020858953778609912,2.4999999999053557e-06
2012-06-25,-0.0024466130964271304,-0.001113299627376274,7.77779791638622e-06
2012-06-26,-0.014341259216498425,-0.007798633679139688,2.7777777777959756e-06
2012-06-27,0.010335721353161409,0.006737108276514192,2.4999999999053557e-06
2012-06-28,-0.010117847288703352,-0.005258174015795425,2.4999999999053557e-06
2012-06-29,0.033225430177276305,0.015537672337770925,2.4999999999053557e-06
2012-07-02,0.023073394833205807,0.013406612924482086,7.77779791638622e-06
2012-07-03,0.006319767027400225,0.002179231350899924,2.4999999999053557e-06
2012-07-05,0.005670874541437332,0.006833138332225319,4.722227777698151e-06
2012-07-06,0.021034047997425587,-0.0030849008033211334,2.2222222222367805e-06
2012-07-09,-0.01202490701502823,-0.008974095265894322,6.944460493762961e-06
2012-07-10,0.0038860194625118805,0.0046837180143619594,2.4999999999053557e-06
2012-07-11,-0.002170325954966801,-0.016472179109867424,2.7777777777959756e-06
2012-07-12,-0.018455680861380497,-0.01216633544605572,2.7777777777959756e-06
2012-07-13,0.0026737107538841176,0.0012794551687849154,2.7777777777959756e-06
2012-07-16,0.01591276429383104,0.010223973416361387,8.33335648153799e-06
2012-07-17,-0.007411041697277687,0.00569203418756703,2.7777777777959756e-06
2012-07-18,-0.00601364815030081,-0.002986961613554273,2.4999999999053557e-06
2012-07-19,0.037640041665884416,0.022551582726421104,2.4999999999053557e-06
2012-07-20,0.010877060836292918,0.0037014034142413,2.4999999999053557e-06
2012-07-23,-0.053850490205668455,-0.03211427462488248,7.77779791638622e-06
2012-07-24,0.013757735758102019,0.00920787180462268,2.7777777777959756e-06
2012-07-25,0.0015417358449867358,-0.01730396596662187,2.7777777777959756e-06
2012-07-26,-0.010053790071868574,0.01552742065981727,3.055555555464551e-06
2012-07-27,-0.0029091405587088337,0.0061477332809920515,3.055555555464551e-06
2012-07-30,-0.007216089736610809,0.018799824351997563,9.166694675544207e-06
2012-07-31,-0.00613084922043905,-0.0016916322880308199,3.055555555464551e-06
2012-08-01,0.007708604430368693,0.005237358756171151,2.7777777777959756e-06
2012-08-02,-0.03095872976678482,-0.017468307077625367,2.4999999999053557e-06
2012-08-03,0.04061773237720878,0.02027396448786223,2.4999999999053557e-06
2012-08-06,0.015352996184467171,0.007948815406081833,7.77779791638622e-06
2012-08-07,0.0140988568567737,0.006672889484334199,3.055555555464551e-06
2012-08-08,-0.0003133160650562461,0.0015068749498643452,3.055555555464551e-06
2012-08-09,0.007387065457308717,0.0019550696037466953,3.055555555464551e-06
2012-08-10,0.001214602490181571,-0.00045035683813809957,2.7777777777959756e-06
2012-08-13,0.009137277481299222,0.0039049456317961084,8.61113580241657e-06
2012-08-14,-0.00384320534110294,0.006433182160035633,3.055555555464551e-06
2012-08-15,-0.014063017884680784,-0.004013620690368147,2.4999999999053557e-06
2012-08-16,0.012704832570552771,0.007014735103608505,2.4999999999053557e-06
2012-08-17,0.01676337206186851,0.010375464286233482,2.4999999999053557e-06
2012-08-20,-0.01627352344065547,0.0014665006648486578,8.055577082943799e-06
2012-08-21,-0.034182169555689756,0.004833852539404493,3.055555555464551e-06
2012-08-22,0.09276896053219352,-0.008746357575615149,3.055555555464551e-06
2012-08-23,-0.006506486803350087,0.0017646678723231002,3.055555555464551e-06
2012-08-24,0.04611229700345598,-0.006018754117288805,2.7777777777959756e-06
2012-08-27,0.02321101525314906,0.012849052339454659,8.61113580241657e-06
2012-08-28,-0.00941152261806899,-0.003499642559872007,2.7777777777959756e-06
2012-08-29,0.002162157732646275,0.0008780390869733701,3.3333333333551707e-06
2012-08-30,-0.008966871884022232,-0.0043858459773794545,2.7777777777959756e-06
2012-08-31,0.0024118101930334923,0.0014682109705979052,2.4999999999053557e-06
2012-09-04,-0.0007989438455913156,-0.002492744575584349,1.0277817360737629e-05
2012-09-05,0.00019863733013281148,0.0004408118354037871,3.055555555464551e-06
2012-09-06,0.01143205510008749,0.005583312403308893,3.055555555464551e-06
2012-09-07,0.024102118480034518,0.013588881905368222,3.055555555464551e-06
2012-09-10,-0.04047162324332332,-0.0017298809200280152,8.888915200344627e-06
2012-09-11,0.029259636429304958,-0.010108353918043544,2.7777777777959756e-06
2012-09-12,-0.009584525036784863,0.0018962210515598432,2.7777777777959756e-06
2012-09-13,-0.00425113173609748,0.0001458791717205976,2.7777777777959756e-06
2012-09-14,-0.03900031406026727,0.016304694668923148,3.055555555464551e-06
2012-09-17,0.08662090445570048,0.0058735241351595135,9.166694675544207e-06
2012-09-18,-0.035511938973285084,-0.00270565987895921,2.7777777777959756e-06
2012-09-19,-0.05171398560357432,0.0032836920583765306,3.055555555464551e-06
2012-09-20,0.0219969384300156,-0.0028462330799411406,3.055555555464551e-06
2012-09-21,-0.030786019890393868,0.008863855515035324,3.055555555464551e-06
2012-09-24,-0.007303730531823427,-0.012911151511153629,9.166694675544207e-06
2012-09-25,-0.01982237556098454,0.0050308266056755535,3.055555555464551e-06
2012-09-26,0.03046962430901523,-0.017877832051700016,3.055555555464551e-06
2012-09-27,-0.0027695724520105935,-0.004368864708523823,2.4999999999053557e-06
2012-09-28,0.012797292264325577,0.007898452954130386,2.7777777777959756e-06
2012-10-01,0.00170968036997321,-0.00014523501830054908,8.055577160437366e-06
2012-10-02,-0.004261039796352728,-0.0018864400352980315,2.4999999999053557e-06
2012-10-03,0.0017783824175126028,0.0013086658299406029,2.4999999999053557e-06
2012-10-04,0.006763616979674536,0.0052279064634999095,2.7777777777959756e-06
2012-10-05,0.013244097367965502,0.006934277427420588,3.055555555464551e-06
2012-10-08,-0.023786224369002906,-0.016068684993442495,9.166694675544207e-06
2012-10-09,-0.008049666941564948,-0.005978758308918031,2.7777777777959756e-06
2012-10-10,-0.019424610307091528,-0.013642496476043986,2.7777777777959756e-06
2012-10-11,0.0042384270130944035,0.0026773693273509647,2.7777777777959756e-06
2012-10-12,-0.007373710376707643,-0.010679494430565595,3.055555555464551e-06
2012-10-15,0.0015487744184519148,0.003448581248846061,9.166694675544207e-06
2012-10-16,0.0043937319738573954,0.0050793558171577935,2.4999999999053557e-06
2012-10-17,0.004188106635315769,0.007433013181114445,3.055555555464551e-06
2012-10-18,0.001967822916396633,0.0013278006180996726,2.7777777777959756e-06
2012-10-19,-0.011965890655362466,-0.00957851791633546,2.7777777777959756e-06
2012-10-22,-0.0339197924369542,-0.02321061826998938,8.33335648153799e-06
2012-10-23,-0.0030731927752501997,-0.0025893294141378087,3.055555555464551e-06
2012-10-24,0.005934518793294652,0.004276216610236805,3.055555555464551e-06
2012-10-25,0.0007163397307292652,-0.0022810450274646232,3.055555555464551e-06
2012-10-26,0.0010758881479209226,-0.0068589527876725676,3.3333333333551707e-06
2012-10-31,0.002162047589232774,0.0016879254690551626,1.7500122222680048e-05
2012-11-01,-0.0026764850840784726,0.001379367699613221,2.4999999999053557e-06
2012-11-02,0.006224783629546371,0.012392586636875258,2.4999999999053557e-06
2012-11-05,-0.024960618539997537,-0.014961611913834605,8.055577082943799e-06
2012-11-06,0.0007902006119273608,0.008131626374497714,2.7777777777959756e-06
2012-11-07,0.0021424222767130185,-0.010500743841060922,2.7777777777959756e-06
2012-11-08,-0.002360124797975871,-0.010304591393551665,2.7777777777959756e-06
2012-11-09,0.009341894186038369,-0.01787085687567702,2.4999999999053557e-06
2012-11-12,0.010417942936699065,0.009493427766907425,7.500018749606596e-06
2012-11-13,0.005598459543467271,-0.013636366862526561,3.055555555464551e-06
2012-11-14,-0.004328189264937277,0.0057208876482595095,2.7777777777959756e-06
2012-11-15,0.008914094693847296,-0.015958463465424955,2.2222222222367805e-06
2012-11-16,-0.005024407742800774,-0.003211330614793728,1.6666666666775853e-06
2012-11-19,0.014216230115364326,0.014497542064583646,5.833344444372557e-06
2012-11-20,0.011392423703538546,0.012385021384710537,2.2222222222367805e-06
2012-11-21,0.0009495851795313648,0.0017251548159609165,2.7777777777959756e-06
2012-11-23,0.00037211104835033204,0.006575951498018595,5.555563271641972e-06
2012-11-26,-5.6513580245498574e-05,0.006999351713114388,8.33335648153799e-06
2012-11-27,0.010243836606674162,0.006642077362056131,2.7777777777959756e-06
2012-11-28,0.002600591615930181,-0.007979213013073139,2.7777777777959756e-06
2012-11-29,0.030875254949736197,0.01887104746098811,2.4999999999053557e-06
2012-11-30,0.0009304111141530402,0.000758636489028186,2.2222222222367805e-06
2012-12-03,0.008331242760704516,0.005916514911548987,7.222239506221584e-06
2012-12-04,-0.017443050238820867,-0.009199134712234325,2.7777777777959756e-06
2012-12-05,-0.00402875705706629,-0.0025875131958419395,2.7777777777959756e-06
2012-12-06,-0.013353443639214535,-0.012666179477000439,2.7777777777959756e-06
2012-12-07,0.0201768722421356,0.014528659491552132,2.4999999999053557e-06
2012-12-10,-0.015866103803491738,-0.013558679411698527,7.500018749606596e-06
2012-12-11,0.01832586252609314,0.01266396587646601,2.2222222222367805e-06
2012-12-12,0.018819712241961994,0.011438224045077439,1.9444444443461606e-06
2012-12-13,-0.0013635390473332176,-0.009349017838280682,1.6666666666775853e-06
2012-12-14,-0.022508599968471765,-0.012632819208350465,1.1111111111183902e-06
2012-12-17,-0.0036295290492180943,-0.0018498056546867314,3.6111154320117578e-06
2012-12-18,-0.0014261272151159243,0.017451783834906864,1.6666666666775853e-06
2012-12-19,0.008493249375784107,0.013053969846581248,1.3888888887869655e-06
2012-12-20,0.03081092167666033,-0.005394075844689206,1.6666666666775853e-06
2012-12-21,0.030464777022829015,-0.01715339861144416,1.6666666666775853e-06
2012-12-24,-0.014749050887193693,0.002312050412525135,5.000008333366779e-06
2012-12-26,-0.0035914011998597895,0.0013839019449222167,4.1666708332499525e-06
2012-12-27,-0.0012554672945588319,-0.008599624019481,2.2222222222367805e-06
2012-12-28,-0.0015414855002260364,-0.010068181703618562,2.7777777766857525e-07
2012-12-31,0.005996222340349355,-0.0031291851438401963,1.944445292778596e-06
2013-01-02,-0.07655005113782198,0.04740268442561679,3.6111141974437544e-06
2013-01-03,-0.0016035902112834233,0.007042602345016968,2.2222222222367805e-06
2013-01-04,-0.00944576366026606,-0.0047616803249912465,1.9444444443461606e-06
2013-01-07,-0.0028891605874199477,-0.006280040216253835,5.8333446755209906e-06
2013-01-08,-0.009839072712510832,0.0027085801435320356,1.9444444443461606e-06
2013-01-09,-0.015985174807088054,-0.00030013503858805635,1.6666666666775853e-06
2013-01-10,0.0016175983600708044,0.00915663687197421,1.6666666666775853e-06
2013-01-11,-0.000822776708308659,-0.0013388396053098939,1.9444444443461606e-06
2013-01-14,-0.009129459364848214,-0.00327712499698829,6.111123533658613e-06
2013-01-15,-0.005201123296690757,-0.004333248322989536,2.4999999999053557e-06
2013-01-16,-0.008058055927134267,0.0013507650966007034,2.2222222222367805e-06
2013-01-17,-0.011337783046561856,0.006744372255923725,1.9444444443461606e-06
2013-01-18,0.000566584749596144,-0.002233253736392382,2.2222222222367805e-06
2013-01-22,-0.05199599396685395,0.00179079150146233,8.888918518579203e-06
2013-01-23,-0.0139777211417208,0.006255711827040322,2.2222222222367805e-06
2013-01-24,-0.03293679338207545,-0.013321438516503137,2.2222222222367805e-06
2013-01-25,0.004394903450841925,0.003150320573429344,2.2222222222367805e-06
2013-01-28,0.0034957343445114475,0.0020937597360206617,6.388902469067759e-06
2013-01-29,0.050796803123950074,0.0008947304086523999,1.9444444443461606e-06
2013-01-30,-0.023412074787525605,0.0031312710690512002,1.9444444443461606e-06
2013-01-31,0.04812228142575292,-0.0043100551365506945,1.9444444443461606e-06
2013-02-01,-0.05050419129244477,0.005224293714590322,1.6666666666775853e-06
2013-02-04,0.008308575535227902,-0.0010395505377350789,5.277787036961357e-06
2013-02-05,0.010292040364848098,-0.007432512234883615,1.9444444443461606e-06
2013-02-06,0.0014792430673125079,0.007039009890040582,1.9444444443461606e-06
2013-02-07,-0.01880082596024424,0.0011899920133160435,1.9444444443461606e-06
2013-02-08,0.005183055827058469,0.0047534640525153105,1.9444444443461606e-06
2013-02-11,-0.005351253598579242,0.0057658375827658315,6.388902391574192e-06
2013-02-12,-0.009819262275575835,-0.0016171572707062154,2.4999999999053557e-06
2013-02-13,-0.00715727367525365,0.00014718590520779173,2.7777777777959756e-06
2013-02-14,0.004454140225388592,-0.003974220036891851,3.055555555464551e-06
2013-02-15,-0.01455240625598464,0.004137809288877303,2.7777777777959756e-06
2013-02-19,-0.007926806507914885,-0.000882973278786392,1.1666717592673237e-05
2013-02-20,-0.016341353994631436,0.005008860502538459,3.3333333333551707e-06
2013-02-21,0.07662585157890955,-0.01876283935000367,3.611111111023746e-06
2013-02-22,-0.006334335778775402,-0.001344507267206363,3.611111111023746e-06
2013-02-25,-0.020492267949431597,0.01077044767198676,1.0555592669492242e-05
2013-02-26,0.051488517361472086,-0.01731547698176661,3.888888888914366e-06
2013-02-27,0.004624323132279562,0.002409569128525968,3.055555555464551e-06
2013-02-28,0.022615687688232633,0.010366417081183021,3.055555555464551e-06
2013-03-01,-0.016311605610071833,-0.0056502370379133415,3.055555555464551e-06
2013-03-04,0.008774678289744431,0.004336904241193595,9.166694675544207e-06
2013-03-05,0.030223024205752846,0.01369828091482006,2.2222222222367805e-06
2013-03-06,-4.754865657796703e-05,0.011898067308612426,2.7777777777959756e-06
2013-03-07,-0.0004447391847461901,-0.004355006369393011,2.7777777777959756e-06
2013-03-08,-0.008493033183760046,0.004811605018752996,2.7777777777959756e-06
2013-03-11,-7.315215401815234e-05,-0.0034826188999581564,8.33335648153799e-06
2013-03-12,-0.01856990731035224,0.0013103728589700658,2.7777777777959756e-06
2013-03-13,0.005772951267297488,0.0005815662933426058,2.4999999999053557e-06
2013-03-14,-0.007390889281448931,0.0008722750206531238,2.7777777777959756e-06
2013-03-15,-0.0006868809087403616,0.0005676446570372917,2.4999999999053557e-06
2013-03-18,0.056777908517936515,-0.012654465672393478,6.9444604162693935e-06
2013-03-19,-0.010991780305437238,0.01016456311589331,1.9444444443461606e-06
2013-03-20,0.0017453749967613064,0.0020422065745100415,1.9444444443461606e-06
2013-03-21,-0.003666071490675993,-0.009168632776782926,1.9444444443461606e-06
2013-03-22,-0.008152229721307358,0.0019094322824559917,1.9444444443461606e-06
2013-03-25,-0.000651548181624162,0.008796447041215405,6.111123533658613e-06
2013-03-26,-0.00646710999344513,-0.0030522276269363546,1.9444444443461606e-06
2013-03-27,-0.0006908568507859592,-0.005247901753899442,2.4999999999053557e-06
2013-03-28,0.004033668851233463,0.008206806641538833,1.9444444443461606e-06
2013-04-01,0.001805530465928351,0.003197426521047486,8.055579860721807e-06
2013-04-02,-0.009172068920559107,-0.0027527734571032303,1.9444444443461606e-06
2013-04-03,-0.004191717030440967,0.0036321292015888407,1.6666666666775853e-06
2013-04-04,-0.005037056703724008,-0.01013334492869411,1.9444444443461606e-06
2013-04-05,-0.02676398922143053,-0.015062792922496349,1.9444444443461606e-06
2013-04-08,-0.014054104865249606,0.008017857538507256,5.8333446755209906e-06
2013-04-09,0.0009543754656893277,0.0075117908215056595,1.6666666666775853e-06
2013-04-10,0.006417195572152146,0.007602369130343289,1.9444444443461606e-06
2013-04-11,-0.0027581037681475573,0.013494516614394492,1.9444444443461606e-06
2013-04-12,0.0037641926812137516,-0.0004301153261111468,1.6666666666775853e-06
2013-04-15,-0.020092110792606643,-0.002004927525511291,5.000008333366779e-06
2013-04-16,0.014358812322943004,-0.01047633836126427,1.6666666666775853e-06
2013-04-17,-0.0033636211765030177,-0.0011602232087857267,1.6666666666775853e-06
2013-04-18,0.03117226035791143,-0.0084216904522878,1.3888888887869655e-06
2013-04-19,-0.005015356846683083,-0.014497310312236888,1.3888888887869655e-06
2013-04-22,0.0034965158639566063,0.015304871183251967,4.16667245328739e-06
2013-04-23,-0.008756050431248497,0.012439441359062497,1.3888888887869655e-06
2013-04-24,-0.008914870330483105,0.0014458404341122222,1.6666666666775853e-06
2013-04-25,-0.003755279767010733,0.004618761702455121,1.3888888887869655e-06
2013-04-26,0.0007377708731013399,0.00028722375084866414,1.3888888887869655e-06
2013-04-29,0.001628338989978495,0.002441858721870638,4.16667245328739e-06
2013-04-30,0.0016762136471566436,0.007307393833212883,1.3888888887869655e-06
2013-05-01,0.010000884647851649,0.006259042338775833,1.6666666666775853e-06
2013-05-02,-0.007120132110345123,-0.0032512051801949493,1.3888888887869655e-06
2013-05-03,0.004941958945872349,0.020705892200914455,1.3888888887869655e-06
2013-05-06,0.006005166709552201,0.0038911146251665585,3.888893904013813e-06
2013-05-07,0.007779572915237676,0.0037368031663038703,1.1111111111183902e-06
2013-05-08,0.009827854320122897,-0.0027577810063299513,1.1111111111183902e-06
2013-05-09,0.011375773071272466,0.0034568999928692445,1.1111111111183902e-06
2013-05-10,0.02722719726679035,0.0026182149680906708,1.1111111111183902e-06
2013-05-13,-0.012437797098137415,0.0023362775771793576,3.6111154320117578e-06
2013-05-14,-0.02073683376378943,0.003153163009451676,1.3888888887869655e-06
2013-05-15,0.011048739057632151,0.003007371512486756,1.1111111111183902e-06
2013-05-16,0.00692265133472203,0.004770012241753774,8.333333332277704e-07
2013-05-17,-0.004158129894409557,0.0032548192827992484,1.1111111111183902e-06
2013-05-20,-0.015205900237300951,0.0025689240110513545,3.6111154320117578e-06
2013-05-21,-0.005519588956836796,-0.00013488890297363998,1.1111111111183902e-06
2013-05-22,0.006900761053060034,0.002832054330428102,1.1111111111183902e-06
2013-05-23,0.1078055714661712,-0.018692816298687798,1.3888888887869655e-06
2013-05-24,-0.0038063742373215526,-0.00013711550642758752,1.1111111111183902e-06
2013-05-28,0.006040695088593395,0.01795519277783364,4.722230555476159e-06
2013-05-29,-0.016881703096594425,-0.009020806713879725,1.3888888887869655e-06
2013-05-30,0.00090533000690729,-0.00040784777272107053,1.1111111111183902e-06
2013-05-31,0.0013946680159928615,0.001087199556921048,1.1111111111183902e-06
2013-06-03,-0.004763590596081668,-0.005295049720323464,3.6111154320117578e-06
2013-06-04,0.004944696885135436,0.0036854702658752903,1.1111111111183902e-06
2013-06-05,-0.017163057679289162,-0.010472371445327755,1.3888888887869655e-06
2013-06-06,-0.016648966916122276,-0.008383230651860862,1.3888888887869655e-06
2013-06-07,0.015489021596338137,0.007622565563383477,1.1111111111183902e-06
2013-06-10,0.020182542155526617,0.011416758233688595,3.6111154320117578e-06
2013-06-11,-0.022001078245807104,-0.011423886548131756,1.3888888887869655e-06
2013-06-12,0.0077344484258587975,0.005778425465831516,1.3888888887869655e-06
2013-06-13,-0.03609495280896924,-0.01860235524148557,1.3888888887869655e-06
2013-06-14,0.026091019725370312,0.014076726276056828,1.3888888887869655e-06
2013-06-17,0.0013450829151488986,0.001236978968606861,4.16667245328739e-06
2013-06-18,0.0058106916742819426,0.003157099987527001,1.3888888887869655e-06
2013-06-19,0.011319061178802992,0.007115435027059469,1.3888888887869655e-06
2013-06-20,-0.03873110879704733,-0.022826326379423834,1.3888888887869655e-06
2013-06-21,-0.024029235492621148,-0.01273774257086946,1.3888888887869655e-06
2013-06-24,-0.018015799076798733,-0.013139069843640772,4.444451002783012e-06
2013-06-25,0.008481760705823183,0.00787431476434497,1.6666666666775853e-06
2013-06-26,0.010466984063608242,0.006250048856812462,1.6666666666775853e-06
2013-06-27,0.006114367981970181,0.005646301881526927,1.6666666666775853e-06
2013-06-28,0.0002210569894223191,-0.004070465470837448,1.1111111111183902e-06
2013-07-01,0.021466253170888683,0.011275305600320529,3.333337037059181e-06
2013-07-02,-0.0026305112273689035,-0.0009754360138729545,8.333333332277704e-07
2013-07-03,-0.00226480426843112,-0.0027904458865880555,1.3888888887869655e-06
2013-07-05,0.027110496529470396,0.013430471914751108,2.50000154311536e-06
2013-07-08,0.01768297261063423,0.007178431098553872,3.6111154320117578e-06
2013-07-09,0.0005667702507690109,0.0004113455009424616,1.1111111111183902e-06
2013-07-10,-0.00023430833122806138,0.000411272065236723,1.1111111111183902e-06
2013-07-11,0.005070596621883139,0.017528935434734993,1.1111111111183902e-06
2013-07-12,0.004743858032655313,0.009690582820850668,1.1111111111183902e-06
2013-07-15,0.005266535115952209,0.004798336086428767,3.333337037059181e-06
2013-07-16,-0.024350651741054108,0.0019902219014387157,8.333333332277704e-07
2013-07-17,0.023511394632638405,0.0009266431885530668,8.333333332277704e-07
2013-07-18,-0.04993900724001954,-0.0006611784957947231,8.333333332277704e-07
2013-07-19,-0.0033175108838841005,-0.010986326977646788,8.333333332277704e-07
2013-07-22,-0.01465665886629397,0.002007778992320297,2.7777803237594156e-06
2013-07-23,-0.012153797399486743,0.0010687628469456811,5.555555555591951e-07
2013-07-24,-0.0010477054530501073,0.0005334235841916168,8.333333332277704e-07
2013-07-25,0.01367715802679026,-0.0018671263194174337,5.555555555591951e-07
2013-07-26,0.0004606044277146726,-0.0024046983163029667,8.333333332277704e-07
2013-07-29,0.007826476875597788,0.007365659502467592,2.5000020829057945e-06
2013-07-30,0.004626039328474274,0.003722614994912332,1.1111111111183902e-06
2013-07-31,0.007225399525954579,0.003708603350329742,1.1111111111183902e-06
2013-08-01,0.014402348785596653,0.006730103324275705,1.1111111111183902e-06
2013-08-02,0.003323418124195232,0.003407683281381413,1.1111111111183902e-06
2013-08-05,-0.049342079237088776,0.004964226912399283,3.6111154320117578e-06
2013-08-06,-0.0066770650007685894,-0.00013011495166947995,1.1111111111183902e-06
2013-08-07,0.06254312327585043,-0.007540225863427064,1.3888888887869655e-06
2013-08-08,0.009609673872935875,0.006549843255330812,1.3888888887869655e-06
2013-08-09,-0.0035395252586312154,-0.002212334041235664,1.3888888887869655e-06
2013-08-12,-0.011145105069663708,-0.0061302172166717295,4.444451002783012e-06
2013-08-13,0.012820643623996819,0.007479806591273341,1.6666666666775853e-06
2013-08-14,0.0051316895389921235,0.003908107465737443,1.3888888887869655e-06
2013-08-15,-0.022654624468452678,-0.014531886494491886,1.3888888887869655e-06
2013-08-16,-0.009332311059413456,-0.0056618956601346415,1.3888888887869655e-06
2013-08-19,0.0007901554839682134,-0.0003974563265775055,4.444451002783012e-06
2013-08-20,-0.0027491723246065858,1.1009128564332116e-07,1.1111111111183902e-06
2013-08-21,-0.0006929802708575128,-0.000662383427997737,1.1111111111183902e-06
2013-08-22,0.004419649744612064,0.0041089908470737235,8.333333332277704e-07
2013-08-23,0.016727778046808472,0.012541729425556314,8.333333332277704e-07
2013-08-26,0.0013148056539213915,0.00039128553152645296,2.7777803237594156e-06
2013-08-27,-0.02245914912922009,-0.012120482871101457,1.3888888887869655e-06
2013-08-28,-0.015121515258987639,-0.009894530219219377,8.333333332277704e-07
2013-08-29,0.005316987047714106,0.004796802288955293,5.555555555591951e-07
2013-08-30,0.009364887825851875,0.008353916544237672,8.333333332277704e-07
2013-09-03,0.003441713225553089,0.0006575411099405404,3.0555590273539934e-06
2013-09-04,-0.00010388918066028818,0.0009205183132010575,5.555555555591951e-07
2013-09-05,0.011690356793088386,0.007877564471872045,5.555555555591951e-07
2013-09-06,0.007803272739664857,0.004429830631972775,5.555555555591951e-07
2013-09-09,0.0020470986395157986,0.0020752208787186976,1.6666675926035879e-06
2013-09-10,9.17283968004945e-05,0.01320176367935022,5.555555555591951e-07
2013-09-11,-0.008813788862431449,-0.007536921694495269,5.555555555591951e-07
2013-09-12,0.009687867738805256,0.005019867552819468,2.7777777766857525e-07
2013-09-13,-0.00028675612227446745,0.00012807856771579473,2.7777777766857525e-07
2013-09-16,0.01272926737710911,0.008068210762011585,1.1111114965878244e-06
2013-09-17,-0.013131270077141322,-0.008892351794675402,2.7777777766857525e-07
2013-09-18,0.007748556882267499,0.006023789452195727,2.7777777766857525e-07
2013-09-19,-0.03988051200072873,0.013631969145109224,2.7777777766857525e-07
2013-09-20,0.015979615902961042,0.0016162154527288308,2.7777777766857525e-07
2013-09-23,0.022067683864575915,-0.0016358642070122276,1.1111114965878244e-06
2013-09-24,-0.002015976562271482,-0.00403428764568059,5.555555555591951e-07
2013-09-25,-0.0019829101777585345,-0.0013925791067259663,5.555555555591951e-07
2013-09-26,0.002020272827772951,-0.0001270765677808816,0.0
2013-09-27,-0.004594820201811345,-0.002154839023659205,5.555555555591951e-07
2013-09-30,-0.015451382034034622,-0.005844614866891251,1.6666675926035879e-06
2013-10-01,0.012050402662860504,0.008179436240003835,5.555555555591951e-07
2013-10-02,0.004486689921539444,0.003169095543934519,5.555555555591951e-07
2013-10-03,0.00626350086990457,0.005180112659999958,8.333333332277704e-07
2013-10-04,-0.017609110878545775,-0.010433651023699198,8.333333332277704e-07
2013-10-07,-0.0018118292108505463,-0.0002538395178965924,2.5000020829057945e-06
2013-10-08,-0.002293632605493423,0.0005082895981682878,1.3888888887869655e-06
2013-10-09,-0.02654701750413513,-0.017018704823257735,1.3888888887869655e-06
2013-10-10,0.01161018970078831,0.005297614165955755,1.3888888887869655e-06
2013-10-11,0.014295547240886775,0.007711162537459737,2.2222222222367805e-06
2013-10-14,0.003312005855960143,0.004208487404926853,6.666681481526382e-06
2013-10-15,0.018842538316305113,0.012572780492791535,3.888888888914366e-06
2013-10-16,0.0012087239742359923,0.0015053320535074466,2.7777777777959756e-06
2013-10-17,0.006589074382699289,0.0021292951429572327,1.3888888887869655e-06
2013-10-18,0.034472906861969355,0.019495097724733457,1.1111111111183902e-06
2013-10-21,0.004586811545593372,0.009315837913547398,3.333337037059181e-06
2013-10-22,0.013623629318629815,0.003764865491408198,1.1111111111183902e-06
2013-10-23,0.06308970406561754,-0.0072595673542898975,1.1111111111183902e-06
2013-10-24,-0.022521481999557502,-0.0006091118526094785,8.333333332277704e-07
2013-10-25,0.014457905325936604,0.013170454132966913,1.1111111111183902e-06
2013-10-28,-0.0027213471853700932,-0.002046281961419316,3.333337037059181e-06
2013-10-29,-0.0033348260408463393,0.003497948382011673,1.1111111111183902e-06
2013-10-30,-0.005275937879781756,0.0018027177121566762,1.1111111111183902e-06
2013-10-31,0.015225823412927886,-0.006958391617247206,1.1111111111183902e-06
2013-11-01,-0.019563444956822718,0.0036247620460003738,1.1111111111183902e-06
2013-11-04,-0.0028531675445884197,-0.00012098086803491448,3.6111154320117578e-06
2013-11-05,-0.00843316495247759,-0.005417687469464472,1.3888888887869655e-06
2013-11-06,0.015700466988716633,0.009200376343623473,1.3888888887869655e-06
2013-11-07,-0.00539627802279985,-0.004318547822225738,1.3888888887869655e-06
2013-11-08,-0.010242678545116957,-0.015299187474530962,1.6666666666775853e-06
2013-11-11,0.013863315415636013,0.008318866803317837,5.000008333366779e-06
2013-11-12,-0.00312974992523396,-0.003154312219262323,2.2222222222367805e-06
2013-11-13,-0.0030655332426063886,-0.0019473520108849174,2.2222222222367805e-06
2013-11-14,0.02526461056004381,0.01609775342748687,2.2222222222367805e-06
2013-11-15,0.010263888446333747,0.00600032370717174,2.2222222222367805e-06
2013-11-18,-0.008956094224283895,0.0014318617607043116,6.944460493762961e-06
2013-11-19,-0.00994101970059813,-0.010126418018986394,2.2222222222367805e-06
2013-11-20,-0.0029653604346782103,0.0003615115099853128,2.2222222222367805e-06
2013-11-21,-0.0017321611262789416,-0.0008422164096015816,1.9444444443461606e-06
2013-11-22,0.0010307477709006196,0.007585601458103053,1.9444444443461606e-06
2013-11-25,0.010584785187138124,0.00728940710454129,6.111123533658613e-06
2013-11-26,0.0009288125011732706,-0.0009490423132973991,1.9444444443461606e-06
2013-11-27,0.0017873869881681603,0.007006353165693202,1.9444444443461606e-06
2013-11-29,-0.001054452226771363,0.008962418747585188,3.611114351764755e-06
2013-12-02,0.02049639243869139,0.0031557027014963435,4.7222296295501565e-06
2013-12-03,0.054673312746097436,-0.004777151257321033,1.6666666666775853e-06
2013-12-04,0.027618088413934316,-0.004331203707847453,1.6666666666775853e-06
2013-12-05,0.0022524122069247365,0.0059961357890943034,1.6666666666775853e-06
2013-12-06,0.01022237276671345,0.006311563503289319,1.6666666666775853e-06
2013-12-09,0.004057458200148689,0.0029034404714549655,5.277787036961357e-06
2013-12-10,0.00985254688590076,-0.0016211681541702383,1.9444444443461606e-06
2013-12-11,-0.00716521260606795,0.0008118827213925428,1.9444444443461606e-06
2013-12-12,0.07316226344263566,-0.012401034147315415,1.9444444443461606e-06
2013-12-13,0.001318433601859903,0.0017596030415505393,1.9444444443461606e-06
2013-12-16,-0.0009496393309220696,-0.0010536354766446099,5.8333446755209906e-06
2013-12-17,-0.0004730075381433885,0.0005860745696089076,1.9444444443461606e-06
2013-12-18,0.0009606439166887082,-0.0008207828333215428,1.9444444443461606e-06
2013-12-19,0.01855110914092628,0.008798284805787704,1.6666666666775853e-06
2013-12-20,0.0011585806389402542,0.0007264196171903325,1.9444444443461606e-06
2013-12-23,0.027137062233800746,0.016552022171932856,5.8333446755209906e-06
2013-12-24,0.00620767220959606,0.002522790227998284,1.9444444443461606e-06
2013-12-26,-0.042910903455018246,0.0020585856481591946,3.888892669445809e-06
2013-12-27,-0.002019342917955802,0.002739885656077634,1.9444444443461606e-06
2013-12-30,0.036887146249480196,-0.005236196633714663,5.8333446755209906e-06
2013-12-31,-0.004956833317497744,0.0018308943113827247,1.9444444443461606e-06
2014-01-02,0.026133643726441003,-2.0210797802011626e-07,3.888892669445809e-06
2014-01-03,-0.008623646993167089,-0.0031982364609491887,1.9444444443461606e-06
2014-01-06,-0.0029889590977283387,-0.006989759843691878,5.2777869594677895e-06
2014-01-07,0.0009435817334786378,0.000692675321483982,1.1111111111183902e-06
2014-01-08,0.00805033071317629,0.004842977163426854,1.3888888887869655e-06
2014-01-09,0.00924776568158947,0.005623224101022561,1.1111111111183902e-06
2014-01-10,-0.007366321747057314,-0.00456476526128391,1.3888888887869655e-06
2014-01-13,-0.007576957187832134,-0.0005729825304400249,3.6111153545181907e-06
2014-01-14,-0.017124683226564907,-0.010094184051871014,1.1111111111183902e-06
2014-01-15,0.0028790498855573166,0.020046265502147165,1.1111111111183902e-06
2014-01-16,0.004559552930073485,0.0030670687333500535,1.1111111111183902e-06
2014-01-17,-0.004095244119503683,-0.0021518604784576123,1.3888888887869655e-06
2014-01-21,0.006256139458155507,0.0037452859136275496,5.277788194035793e-06
2014-01-22,0.006205208004702145,0.003844720102533339,1.1111111111183902e-06
2014-01-23,-0.005036168770381266,-0.003041246734102554,1.1111111111183902e-06
2014-01-24,-0.012707347971250504,-0.005197433882926705,1.1111111111183902e-06
2014-01-27,-0.003190461452115656,-0.014877571032993142,3.6111154320117578e-06
2014-01-28,-0.01815682013189024,-0.01429608660486481,1.3888888887869655e-06
2014-01-29,-0.003421199260015828,-0.004561077599717356,1.1111111111183902e-06
2014-01-30,0.01103724867244038,0.010104322261718757,5.555555555591951e-07
2014-01-31,-0.0057211715640882455,-0.005001625677674482,5.555555555591951e-07
2014-02-03,0.0071443026311277524,0.006663496418113368,2.5000018517573608e-06
2014-02-04,-0.0181917075833542,-0.016142026484407324,1.6666666666775853e-06
2014-02-05,-0.0027805394514258674,-0.001062056596462413,1.9444444443461606e-06
2014-02-06,0.0066399124838441015,0.0036629029121664214,1.9444444443461606e-06
2014-02-07,0.0336516822190569,0.015422528950298497,2.2222222222367805e-06
2014-02-10,0.02221347696131626,0.011825932021831465,6.388902469067759e-06
2014-02-11,0.014520040372246523,0.008250427807561467,1.3888888887869655e-06
2014-02-12,0.02419420303428299,0.011251392098633461,1.3888888887869655e-06
2014-02-13,-0.015138868939944206,-0.007417583015974061,8.333333332277704e-07
2014-02-14,0.03156237727082711,0.014492684150084312,5.555555555591951e-07
2014-02-18,0.008976402519874416,0.004017554979848459,3.0555587962055597e-06
2014-02-19,-0.00015538804323600441,0.001334319930840211,1.6666666666775853e-06
2014-02-20,0.034618555694329034,-0.004329568257393057,1.3888888887869655e-06
2014-02-21,-0.007452521137383261,0.007247181681250714,1.3888888887869655e-06
2014-02-24,0.0149766892622476,-0.002213718921805441,4.16667245328739e-06
2014-02-25,0.004370093594277202,0.004437498801658224,1.3888888887869655e-06
2014-02-26,0.00010284579306651942,0.00011058633168659071,1.3888888887869655e-06
2014-02-27,0.01045394061239091,-0.003389775891563418,1.1111111111183902e-06
2014-02-28,0.0014943366281170434,0.006119861801783033,1.3888888887869655e-06
2014-03-03,0.020670421739929834,-0.010285386985875222,4.16667245328739e-06
2014-03-04,0.025318270467842074,0.012962328671385137,1.3888888887869655e-06
2014-03-05,-0.0028203535541247993,0.0034196582138334986,1.6666666666775853e-06
2014-03-06,0.0024221444995644603,0.003408212866620408,1.3888888887869655e-06
2014-03-07,-0.0027210289543669886,-1.9130331962990965e-07,1.6666666666775853e-06
2014-03-10,0.005114395911458125,-0.008655334938700854,4.7222296295501565e-06
2014-03-11,-0.001263784529898726,0.0038682040521553773,1.3888888887869655e-06
2014-03-12,0.0021610619766130323,-0.011229661306366157,1.3888888887869655e-06
2014-03-13,0.022129128566826806,0.01213644928319435,1.3888888887869655e-06
2014-03-14,-0.04129168881907652,-0.02101213767856802,1.3888888887869655e-06
2014-03-17,-0.0011648852324198655,0.0028095693286702694,4.444451002783012e-06
2014-03-18,0.00419042565116734,0.003585537169183084,1.3888888887869655e-06
2014-03-19,0.018876642573574465,0.011165536413421329,1.6666666666775853e-06
2014-03-20,-0.01586031698046031,-0.008833563313886406,1.6666666666775853e-06
2014-03-21,0.02243188024624776,0.011666167843275899,1.6666666666775853e-06
2014-03-24,-0.022572887545767473,-0.01412796843671138,5.000008333366779e-06
2014-03-25,-0.01013297321872264,-0.007165042331713778,1.3888888887869655e-06
2014-03-26,0.006614690259275857,0.0030447144402410142,1.3888888887869655e-06
2014-03-27,-0.03173565006993018,-0.019111767566694637,1.1111111111183902e-06
2014-03-28,2.4311537467625044e-06,-0.001031895589274523,1.1111111111183902e-06
2014-03-31,0.010704218469509863,0.006539790683689484,3.6111154320117578e-06
2014-04-01,0.009769461154451431,0.004217566904664016,1.1111111111183902e-06
2014-04-02,0.026627763345027367,0.01691237352085251,5.555555555591951e-07
2014-04-03,0.0019233162088074796,-0.0006695915504658645,5.555555555591951e-07
2014-04-04,-0.01348896020251844,-0.0023457384576538454,8.333333332277704e-07
2014-04-07,-0.03572710570506532,-0.039072434314186166,2.5000020829057945e-06
2014-04-08,-0.0020248137107985453,-0.002097315231815222,8.333333332277704e-07
2014-04-09,0.021808020067312306,0.011791735861311325,1.1111111111183902e-06
2014-04-10,0.022458791716879256,0.01407809365933077,1.1111111111183902e-06
2014-04-11,-0.07431995463500563,-0.040281625176285196,1.1111111111183902e-06
2014-04-14,0.005296036540969551,0.006046561858970012,3.333337037059181e-06
2014-04-15,0.004309138093223641,0.0027106035402535422,1.1111111111183902e-06
2014-04-16,0.01676424846025859,0.008345052812232856,1.1111111111183902e-06
2014-04-17,0.00045768798737966243,0.0006996826945149248,8.333333332277704e-07
2014-04-21,0.01451596224565499,0.006406019408989216,3.6111159718021923e-06
2014-04-22,0.015306363466504935,0.008564749143129324,8.333333332277704e-07
2014-04-23,0.00883804473287908,0.004475821215597975,5.555555555591951e-07
2014-04-24,0.013046230849773632,0.00754035336693204,2.7777777766857525e-07
2014-04-25,-0.0020546313988670795,-0.012699634115241776,8.333333332277704e-07
2014-04-28,-0.011687377283504996,-0.005397885656396428,2.5000020829057945e-06
2014-04-29,-0.001040498443964144,0.0015007805614881686,5.555555555591951e-07
2014-04-30,-0.004663790388928946,0.00034586729311403275,8.333333332277704e-07
2014-05-01,0.014231993475714244,0.008875067166050021,8.333333332277704e-07
2014-05-02,-0.0009030774356149074,0.004798390515447837,5.555555555591951e-07
2014-05-05,-0.01712066775815002,-0.011142771420988962,1.944445678914164e-06
2014-05-06,0.016425876081682445,0.009658946792479695,8.333333332277704e-07
2014-05-07,-0.013415409995308547,-0.009338844650347733,8.333333332277704e-07
2014-05-08,-0.01133154103950973,-0.008506663850957108,8.333333332277704e-07
2014-05-09,0.003993738592474649,0.0020869347345344735,8.333333332277704e-07
2014-05-12,0.016954558279378196,0.01029783603167278,2.5000020829057945e-06
2014-05-13,0.02058253875216587,0.011337318726068357,8.333333332277704e-07
2014-05-14,-0.008144295732453788,-0.003284055516623474,8.333333332277704e-07
2014-05-15,-0.006561862998568091,-0.002385673177433434,8.333333332277704e-07
2014-05-16,-0.010447960841579729,-0.006491665001678193,8.333333332277704e-07
2014-05-19,0.005478857691159522,0.002407415502669874,2.5000020829057945e-06
2014-05-20,0.016539528381910085,0.009491280594370322,8.333333332277704e-07
2014-05-21,-0.0014861604709600629,-0.0013596670772585417,1.1111111111183902e-06
2014-05-22,0.013419608310869746,0.008847754442606215,8.333333332277704e-07
2014-05-23,0.00732675137692107,0.004272289768501247,1.1111111111183902e-06
2014-05-27,0.020220880105574768,0.010748203097949771,4.444451851881581e-06
2014-05-28,0.013363778310947705,0.007643020066903317,1.1111111111183902e-06
2014-05-29,0.0016378137993684483,0.0007693181703947172,1.1111111111183902e-06
2014-05-30,0.004946494045830807,0.003075847326171388,1.1111111111183902e-06
2014-06-02,0.0029430781461046163,0.00109467969375876,3.333337037059181e-06
2014-06-03,-0.009124032412755168,-0.0054692494665118385,1.1111111111183902e-06
2014-06-04,0.0004493042371600531,0.000329866418211866,1.1111111111183902e-06
2014-06-05,-0.003074984571755701,0.0071470094337131584,1.1111111111183902e-06
2014-06-06,-0.006372158767194103,0.011244632757297923,1.1111111111183902e-06
2014-06-09,-0.0524989335042223,0.002266850711641233,3.333337037059181e-06
2014-06-10,0.03421972171089749,-0.0018307803455714922,1.1111111111183902e-06
2014-06-11,-0.008234718483879577,-0.0008637009820822161,1.1111111111183902e-06
2014-06-12,0.015696297455793262,0.0010801268889044646,1.1111111111183902e-06
2014-06-13,0.05326357325950304,-0.002589095310299494,1.1111111111183902e-06
2014-06-16,-0.0033310351651772985,-0.0031366040644389415,3.333337037059181e-06
2014-06-17,-0.005954226878177371,0.00184459790908309,1.1111111111183902e-06
2014-06-18,-0.020540378091119638,0.0022740776829437426,8.333333332277704e-07
2014-06-19,-0.025679246158631708,0.006159836797371865,5.555555555591951e-07
2014-06-20,0.00856447453517073,-0.001728354943759669,5.555555555591951e-07
2014-06-23,0.013438829013251663,0.0006473101892099375,1.944445678914164e-06
2014-06-24,-0.012413319812931811,0.00021565726879835267,8.333333332277704e-07
2014-06-25,0.04670613081329811,-0.0031256618694406324,8.333333332277704e-07
2014-06-26,0.0004643276298956778,0.009298215761699646,1.1111111111183902e-06
2014-06-27,0.03595062047730857,-0.0013923848022773244,8.333333332277704e-07
2014-06-30,-0.031623425826725726,0.005470870677816153,2.7777803237594156e-06
2014-07-01,-0.029443097547585895,0.005441219290924337,5.555555555591951e-07
2014-07-02,-0.031879944952281525,0.008064273719549764,5.555555555591951e-07
2014-07-03,-0.044598498924314556,0.004315844764292587,2.7777777766857525e-07
2014-07-07,0.020272318713406845,0.0018866035378741763,1.944445601420597e-06
2014-07-08,0.03302941071691978,-0.0037658699567334475,8.333333332277704e-07
2014-07-09,-0.009906595506659843,-0.007560813467660243,8.333333332277704e-07
2014-07-10,-0.0035413432966092673,-0.00814707263886727,5.555555555591951e-07
2014-07-11,-0.011282127307413181,0.012374702109892555,5.555555555591951e-07
2014-07-14,-0.01655744544887594,0.008429804911826322,1.944445678914164e-06
2014-07-15,0.0038253297799419883,0.0030301339061860055,5.555555555591951e-07
2014-07-16,-0.010289108144753256,0.002188076112156656,5.555555555591951e-07
2014-07-17,-0.011505196523119543,-0.005925533305004005,5.555555555591951e-07
2014-07-18,0.028427870532937938,-0.005437372485911474,5.555555555591951e-07
2014-07-21,0.002601908350633675,0.0085163350894224,1.944445678914164e-06
2014-07-22,0.01097577872511346,0.005525356008921012,8.333333332277704e-07
2014-07-23,0.006763620082314237,0.005183881007569946,8.333333332277704e-07
2014-07-24,0.002644921511878451,0.00464204345484398,8.333333332277704e-07
2014-07-25,-0.0159807076571139,-0.008008472434304359,8.333333332277704e-07
2014-07-28,0.0008544932276419726,0.0022769811009040186,2.7777803237594156e-06
2014-07-29,0.0012666861500798543,0.0014457532221348046,5.555555555591951e-07
2014-07-30,-0.000730550535449348,0.0016496264631233881,1.1111111111183902e-06
2014-07-31,0.023757737201586915,-0.009882437696726476,8.333333332277704e-07
2014-08-01,-0.007480761626640131,-0.014140255312013905,8.333333332277704e-07
2014-08-04,0.0008696630409052997,0.0005272795951511977,2.7777803237594156e-06
2014-08-05,-0.0006593397239590404,0.0007380887269277103,8.333333332277704e-07
2014-08-06,-0.022887009892293086,-0.009901542324270651,8.333333332277704e-07
2014-08-07,0.012778973303056995,0.010213109305433843,8.333333332277704e-07
2014-08-08,-0.01557421358114297,-0.0062132590085971495,8.333333332277704e-07
2014-08-11,0.020467732197905653,0.009537055636598346,2.7777803237594156e-06
2014-08-12,0.004340807143663916,0.0009444601863652924,8.333333332277704e-07
2014-08-13,0.010243631307027767,0.004719135300458754,1.1111111111183902e-06
2014-08-14,0.01659923165621513,0.007827920633110219,1.1111111111183902e-06
2014-08-15,0.019337977478248503,0.009631335783710115,8.333333332277704e-07
2014-08-18,0.009522573269234558,0.004308386461485014,2.5000020829057945e-06
2014-08-19,0.01060115979314391,0.0048001013882510435,8.333333332277704e-07
2014-08-20,0.0027992422868612366,0.002439576131983756,1.1111111111183902e-06
2014-08-21,0.001343774431986633,0.0013179194196182298,5.555555555591951e-07
2014-08-22,0.0016167023630664357,0.0019242504908369984,8.333333332277704e-07
2014-08-25,-0.023663516549123464,0.005862004039172142,2.7777803237594156e-06
2014-08-26,0.002086298242429452,0.0003016808611253641,8.333333332277704e-07
2014-08-27,0.018081151012749874,-0.00020086568762334167,1.1111111111183902e-06
2014-08-28,0.055287117466359836,-0.0035168437052053303,8.333333332277704e-07
2014-08-29,-0.037553412149390564,0.004537349126310097,8.333333332277704e-07
2014-09-02,0.003477367798246256,0.003914486733268552,3.333337499578093e-06
2014-09-03,-0.014256255208232482,0.0031995123433596895,8.333333332277704e-07
2014-09-04,-0.0063107911983752984,-0.0062787987260315425,8.333333332277704e-07
2014-09-05,0.0032059695216068995,-0.0017049117034453332,8.333333332277704e-07
2014-09-08,-0.014294998845505003,0.003817457092038401,2.222223842274218e-06
2014-09-09,0.005252782456808269,0.0017014852420673687,5.555555555591951e-07
2014-09-10,0.03239256040891325,-0.00709366745265716,5.555555555591951e-07
2014-09-11,0.000122827169063644,0.002615902952750604,5.555555555591951e-07
2014-09-12,-0.001465489049190305,0.0026099095216345347,5.555555555591951e-07
2014-09-15,-0.00010450952187390783,-0.0031031875388632946,1.6666675926035879e-06
2014-09-16,-0.004203169238885085,-0.014459290614261322,5.555555555591951e-07
2014-09-17,0.01581771536758314,0.012327980486450674,5.555555555591951e-07
2014-09-18,0.009979357501910924,0.004831231230796762,5.555555555591951e-07
2014-09-19,0.01627145613713532,0.008603296283681061,5.555555555591951e-07
2014-09-22,-0.010647812513124744,-0.007167007142594217,1.3888895060709672e-06
2014-09-23,-0.0036819170322149875,-0.010928567084503404,2.7777777766857525e-07
2014-09-24,0.0013455017717716178,0.0023317315569939545,5.555555555591951e-07
2014-09-25,0.0014623095869528147,0.0064723299024824765,2.7777777766857525e-07
2014-09-26,-0.002652406752539971,-0.014670551467623194,2.7777777766857525e-07
2014-09-29,0.0003728128175857215,-0.0026511296697392384,1.1111114965878244e-06
2014-09-30,0.014713597752546992,0.011452334827035893,5.555555555591951e-07
2014-10-01,0.00042110442333398446,-0.004145035147026688,5.555555555591951e-07
2014-10-02,-0.004356404797383195,-0.013602719908908933,2.7777777766857525e-07
2014-10-03,0.0009689251723679071,0.006277748781673864,2.7777777766857525e-07
2014-10-06,0.004228172566458133,0.007158780622465555,1.1111114965878244e-06
2014-10-07,-0.012824738956750181,-0.009951440881043605,5.555555555591951e-07
2014-10-08,-0.0030914886241734107,-0.009025578891030728,2.7777777766857525e-07
2014-10-09,0.0043721038568851345,0.017594857321683754,2.7777777766857525e-07
2014-10-10,-0.04875785848067593,-0.020646665353869165,2.7777777766857525e-07
2014-10-13,-0.030693928580356356,-0.020978702065747257,8.333335643762041e-07
2014-10-14,-0.009976640190333175,-0.007743297885378642,5.555555555591951e-07
2014-10-15,-0.01928659363201357,-0.021060640746390913,5.555555555591951e-07
2014-10-16,-0.007561340734724364,-0.012558811903042755,8.333333332277704e-07
2014-10-17,0.037366928747308625,0.02853389125330974,5.555555555591951e-07
2014-10-20,-0.005841527213792497,-0.00010775603008983392,1.6666675926035879e-06
2014-10-21,0.009435652795357186,0.027637268527235026,5.555555555591951e-07
2014-10-22,0.03760560283560932,0.016847988757433985,5.555555555591951e-07
2014-10-23,-0.0026147433638962214,0.0017497177510255035,2.7777777766857525e-07
2014-10-24,0.011038546192425613,0.0070885402509497375,2.7777777766857525e-07
2014-10-27,0.008618583307518524,0.004080152333112652,1.1111114965878244e-06
2014-10-28,0.01973779519251262,0.007314795634012716,5.555555555591951e-07
2014-10-29,0.019135246983812193,0.007060162419642246,8.333333332277704e-07
2014-10-30,-0.01137591163014251,-0.004907648905212447,2.7777777766857525e-07
2014-10-31,0.05070918450918005,0.0233495741052816,2.7777777766857525e-07
2014-11-03,0.00411900781130381,-0.0009832460238629048,1.1111114965878244e-06
2014-11-04,-0.006552599206644083,-0.001968876761585414,8.333333332277704e-07
2014-11-05,0.01759191256258319,0.006411385597359764,8.333333332277704e-07
2014-11-06,-0.01198374870870711,-0.00656667820503376,8.333333332277704e-07
2014-11-07,-0.00515255398759118,0.0050316369330905,8.333333332277704e-07
2014-11-10,-0.016729991515836873,-0.002159575427267413,2.222223842274218e-06
2014-11-11,-0.018858009021891053,0.003246287959515648,5.555555555591951e-07
2014-11-12,0.011729002134946542,-0.0010787447881588363,5.555555555591951e-07
2014-11-13,0.011095318284496836,0.0076568800459293485,5.555555555591951e-07
2014-11-14,0.00724420531268799,0.0021434600060823428,5.555555555591951e-07
2014-11-17,0.00840127963540116,0.0010690073860493143,1.944445678914164e-06
2014-11-18,-0.030780195646495367,0.00019426159634883255,5.555555555591951e-07
2014-11-19,0.013536409867206167,0.005533541774403794,2.7777777766857525e-07
2014-11-20,0.05137684366002149,-0.007723778448107788,5.555555555591951e-07
2014-11-21,-0.054245116736805654,0.01770954212191045,2.7777777766857525e-07
2014-11-24,-0.002205987869852266,-0.004206962402995118,1.1111114965878244e-06
2014-11-25,-0.028442011328351113,0.006625126800788639,5.555555555591951e-07
2014-11-26,-0.0032043530384615604,0.0009539423138966718,5.555555555591951e-07
2014-11-28,-0.021631247865133152,0.008194745679656501,1.111111419760391e-06
2014-12-01,0.06730035135571222,-0.0007560697606178168,1.944445678914164e-06
2014-12-02,0.031033471668437063,-0.007567136957410625,8.333333332277704e-07
2014-12-03,-0.06802230330416226,0.004480005710280066,2.7777777766857525e-07
2014-12-04,0.01038184302545142,-0.0006645706613952473,5.555555555591951e-07
2014-12-05,-0.028688508642058075,0.0020888118979416337,5.555555555591951e-07
2014-12-08,0.0015008277475443421,-0.004074187778861149,1.944445678914164e-06
2014-12-09,0.08512158561995942,-0.01617333274396493,1.1111111111183902e-06
2014-12-10,0.00821465470010252,0.013151480876134825,8.333333332277704e-07
2014-12-11,0.026828678973443543,-0.011072015576476857,8.333333332277704e-07
2014-12-12,-0.0018408918126113782,-0.007721028640298333,5.555555555591951e-07
2014-12-15,0.0016305500368396508,0.0037931093319951703,2.2222237654467847e-06
2014-12-16,-0.00860289843968598,-0.021608525178629767,8.333333332277704e-07
2014-12-17,-0.0038668622602340275,-0.00911139745601186,8.333333332277704e-07
2014-12-18,0.008061283614308135,0.03208413404270516,1.1111111111183902e-06
2014-12-19,0.003547237760970212,0.010627496409035153,1.1111111111183902e-06
2014-12-22,0.0019183598657610546,0.0017311021297763407,3.6111154320117578e-06
2014-12-23,0.005601027631132238,0.007777105519767513,8.333333332277704e-07
2014-12-24,-0.00617660840289691,-0.00590694156969207,2.7777777766857525e-07
2014-12-26,0.0030642584267330797,0.002491778267066147,5.555556323866284e-07
2014-12-29,0.001312447924428417,0.003250720754728542,1.3888894285774e-06
2014-12-30,-0.0007105188382361405,-0.0020963701959800796,8.333333332277704e-07
2014-12-31,-0.0011057281380449924,-0.00210096807641591,1.1111111111183902e-06
2015-01-02,-0.004703107494826275,-0.007081179727003173,1.666667283961587e-06
2015-01-05,-0.0056192635254832535,-0.01224020289484673,1.944445678914164e-06
2015-01-06,6.925194858098394e-05,-0.008878499895499936,8.333333332277704e-07
2015-01-07,-0.003399081261991843,-0.008368053445284462,8.333333332277704e-07
2015-01-08,0.00425833067933401,0.014791772794700453,8.333333332277704e-07
2015-01-09,0.004182633524386636,0.013695987569634527,5.555555555591951e-07
2015-01-12,-0.0017768432297382564,-0.007720425235293038,1.944445678914164e-06
2015-01-13,-0.0025476471566492354,-0.002723285844393075,8.333333332277704e-07
2015-01-14,-0.00592712270882001,-0.019894397271808528,1.1111111111183902e-06
2015-01-15,0.0023396562359612183,0.009253572891655848,8.333333332277704e-07
2015-01-16,-0.0043697643993722,-0.018830648730893906,8.333333332277704e-07
2015-01-20,0.003986175160579419,0.019192073511451913,3.333337499578093e-06
2015-01-21,0.0020517607801748827,-0.0010846053008355394,8.333333332277704e-07
2015-01-22,0.005296096807326789,0.012040974596427612,8.333333332277704e-07
2015-01-23,0.004623319440635321,0.014433660133680748,5.555555555591951e-07
2015-01-26,0.0014307845630716631,0.0011536292615681454,1.944445678914164e-06
2015-01-27,-0.008139146234635963,-0.015747894291508358,5.555555555591951e-07
2015-01-28,-0.000460486017404671,0.005560828292858311,5.555555555591951e-07
2015-01-29,-0.00804667803312098,-0.021636083583207233,8.333333332277704e-07
2015-01-30,0.006125165614385919,0.009520323900673588,5.555555555591951e-07
2015-02-02,-0.0024593621524503506,-0.00461694940573254,1.6666675926035879e-06
2015-02-03,0.0020399685133873913,0.010066027040689374,5.555555555591951e-07
2015-02-04,-0.0023049264234537015,0.001856225743380735,2.7777777766857525e-07
2015-02-05,0.002852593063196629,0.005753988946503252,5.555555555591951e-07
2015-02-06,0.0015221280867385723,0.007660460814950865,5.555555555591951e-07
2015-02-09,-0.006509082140980338,-0.011451034282649597,1.3888895060709672e-06
2015-02-10,0.002066680445237612,0.006229983824114216,2.7777777766857525e-07
2015-02-11,0.023741650016314564,0.011125110055623999,2.7777777766857525e-07
2015-02-12,0.019667150316922344,0.008993102885507476,5.555555555591951e-07
2015-02-13,0.02257137735147685,0.007965342287203692,2.7777777766857525e-07
2015-02-17,0.009651645803095965,0.005738547954559081,1.3888895828984005e-06
2015-02-18,-0.00018119322617837774,-0.0002806454008629222,5.555555555591951e-07
2015-02-19,0.002007201777375567,0.0019647634379247325,5.555555555591951e-07
2015-02-20,0.0107719410244147,0.004949279728098777,5.555555555591951e-07
2015-02-23,0.01713310168128812,0.006782891476892594,1.6666675926035879e-06
2015-02-24,-0.01807446824035308,0.0002766024763651842,5.555555555591951e-07
2015-02-25,-0.06130668964105268,0.000553922996083811,5.555555555591951e-07
2015-02-26,0.00023845201118666282,2.8372190752357085e-07,8.333333332277704e-07
2015-02-27,0.0006153947741061039,0.0036882426264730483,5.555555555591951e-07
2015-03-02,-0.01785077097529897,-0.002113134683690676,1.6666675926035879e-06
2015-03-03,-0.006786046161661674,0.00405121729912028,5.555555555591951e-07
2015-03-04,0.041639553937664386,-0.004951858086475469,2.7777777766857525e-07
2015-03-05,-0.010644471916578357,0.002027479838534907,5.555555555591951e-07
2015-03-06,-0.006761280923821444,-0.002115240944979613,2.7777777766857525e-07
2015-03-09,-0.017148674229771288,-0.008018438676712147,1.1111114965878244e-06
2015-03-10,-0.00215685223266171,-0.006318125101126171,5.555555555591951e-07
2015-03-11,-0.01912769945860282,-0.010004430178124468,8.333333332277704e-07
2015-03-12,-0.000895301599000975,-0.008028144764520406,8.333333332277704e-07
2015-03-13,0.0007337145152919167,0.0063790598225661466,8.333333332277704e-07
2015-03-16,0.0007023687828835445,0.0002839150918170219,3.055558564390992e-06
2015-03-17,0.0021561794793611977,0.006431693179363984,1.3888888887869655e-06
2015-03-18,0.003776175381767999,0.0015975027228039007,8.333333332277704e-07
2015-03-19,0.008198622161495805,0.013604699093769046,8.333333332277704e-07
2015-03-20,0.004496137787870946,0.008701666913704775,2.7777777766857525e-07
2015-03-23,-0.0004315358580151418,-0.0022994284614011873,1.3888894285774e-06
2015-03-24,-0.002226540734139859,-0.0014750789913700046,5.555555555591951e-07
2015-03-25,0.0012781926765745855,-0.0019388428774327338,1.1111111111183902e-06
2015-03-26,-0.01866306916013616,-0.03247011081681295,8.333333332277704e-07
2015-03-27,-0.0022984289758156695,0.004685212167426123,1.1111111111183902e-06
2015-03-30,0.004356563404299685,0.010277907226258876,3.333337037059181e-06
2015-03-31,0.0003781440725012519,0.0025433209179630545,8.333333332277704e-07
2015-04-01,-0.002501910127540863,-0.007798837171366646,8.333333332277704e-07
2015-04-02,-0.0018767848269101162,-0.0042612232555562235,5.555555555591951e-07
2015-04-06,-0.0019420800363004753,-0.006181665809359194,2.500002314720362e-06
2015-04-07,0.004340117434680435,0.013588299143393101,5.555555555591951e-07
2015-04-08,0.0002460762343319267,-0.0007550665389539635,8.333333332277704e-07
2015-04-09,0.00266683547479718,0.007085970396317975,8.333333332277704e-07
2015-04-10,0.003103752990706088,0.006379697460458633,5.555555555591951e-07
2015-04-13,0.0014274161364211668,0.0052208501894832615,1.944445678914164e-06
2015-04-14,-0.0004257465718321418,-0.004266388307821112,5.555555555591951e-07
2015-04-15,0.0005843984682407655,0.000745300144792127,5.555555555591951e-07
2015-04-16,-0.0009419022357662898,0.0009305144083722183,5.555555555591951e-07
2015-04-17,-0.005452998099214068,-0.008274763825203868,2.7777777766857525e-07
2015-04-20,0.00019450378876340046,-0.0011255735083228746,1.3888894285774e-06
2015-04-21,0.005369310400116234,0.01576882211365227,8.333333332277704e-07
2015-04-22,-0.00017083864061195886,0.0011088211040630735,8.333333332277704e-07
2015-04-23,-0.0032586271802080846,-0.0005535175971042028,8.333333332277704e-07
2015-04-24,0.028087764022651784,0.017824146935916163,8.333333332277704e-07
2015-04-27,0.007489665772357101,0.006714081416011153,2.222223842274218e-06
2015-04-28,-0.011866800433785851,-0.005497992908249372,5.555555555591951e-07
2015-04-29,-0.011411542663167462,-0.008246850713756637,2.7777777766857525e-07
2015-04-30,-0.011929409233294108,-0.00639704562753185,2.7777777766857525e-07
2015-05-01,-0.010054880277691192,-0.006253771768017002,2.7777777766857525e-07
2015-05-04,0.027325605734128677,0.012493779936505911,1.1111114965878244e-06
2015-05-05,-0.010826909840746413,-0.00548409760048818,2.7777777766857525e-07
2015-05-06,-0.021577953709269182,-0.01066171120106385,5.555555555591951e-07
2015-05-07,-0.016013419472152512,-0.008918631814330502,2.7777777766857525e-07
2015-05-08,0.03157923751454872,0.0166852454412747,2.7777777766857525e-07
2015-05-11,0.005172653596847265,0.00276605570601407,1.1111114965878244e-06
2015-05-12,-0.019624602761648458,-0.010390117318423209,8.333333332277704e-07
2015-05-13,0.010729563100031259,0.005760748630768031,5.555555555591951e-07
2015-05-14,0.012610335052728239,0.0058199109038221675,2.7777777766857525e-07
2015-05-15,0.01687550400518134,0.009000765812407607,5.555555555591951e-07
2015-05-18,-0.00713601119759677,-0.004187139574438059,1.6666675926035879e-06
2015-05-19,0.018009669594928335,0.007129639001114407,5.555555555591951e-07
2015-05-20,-0.002276849364769795,-0.00145224603908356,5.555555555591951e-07
2015-05-21,-0.004440271018730901,-0.0018180253944116709,5.555555555591951e-07
2015-05-22,0.013533207666286184,0.0057368535394271,5.555555555591951e-07
2015-05-26,-0.0053235037952441555,-0.00199183766829103,2.2222240740887855e-06
2015-05-27,-0.011906006965229254,-0.00635028589597586,2.7777777766857525e-07
2015-05-28,0.028558974759971045,0.01113859247436455,2.7777777766857525e-07
2015-05-29,-0.0009882724171181856,-0.0009934975295647908,2.7777777766857525e-07
2015-06-01,0.0016032872488118688,1.4306727535995378e-07,1.1111114965878244e-06
2015-06-02,0.005370492498257162,-0.005694275549519623,2.7777777766857525e-07
2015-06-03,0.0024848703727806676,0.005090673417478264,5.555555555591951e-07
2015-06-04,-0.015051411777058599,-0.007144661495798066,5.555555555591951e-07
2015-06-05,-0.008103949551050316,-0.0031883917716521992,8.333333332277704e-07
2015-06-08,-0.0011309830949731703,-0.0016449553716286758,2.222223842274218e-06
2015-06-09,-0.023351963863030845,-0.012082189162223034,5.555555555591951e-07
2015-06-10,0.009195202019421478,0.004169168442363258,5.555555555591951e-07
2015-06-11,0.024388875524654408,0.01365566589429923,2.7777777766857525e-07
2015-06-12,-0.012393908871812354,-0.007191251253785502,5.555555555591951e-07
2015-06-15,-0.019551980501572364,-0.010359807399987986,1.6666675926035879e-06
2015-06-16,-0.0011667851698268228,0.0014819758268014294,2.7777777766857525e-07
2015-06-17,0.011627862340419792,0.008140769499604517,2.7777777766857525e-07
2015-06-18,0.0063868005305618425,0.004771783090852466,2.7777777766857525e-07
2015-06-19,0.021994874452708313,0.011361719542722248,2.7777777766857525e-07
2015-06-22,0.004166171194471824,0.0019007254389391548,8.333335643762041e-07
2015-06-23,0.004527251027003576,0.0010836856952394225,2.7777777766857525e-07
2015-06-24,-0.003528380999286096,-0.0014435293242832659,2.7777777766857525e-07
2015-06-25,-0.0016533074348737964,-9.069672067629764e-05,2.7777777766857525e-07
2015-06-26,-0.004424710371407126,-0.0060548424213071605,2.7777777766857525e-07
2015-06-29,-0.03769569436287579,-0.017457812855725563,1.1111114965878244e-06
2015-06-30,-0.014645605595750566,-0.005274816599913912,2.7777777766857525e-07
2015-07-01,0.01036261535373506,0.005954040030729635,2.7777777766857525e-07
2015-07-02,-0.0007716905803117902,0.0009245942500137883,2.7777777766857525e-07
2015-07-06,-0.02301162706461357,-0.008869874810919165,1.3888895828984005e-06
2015-07-07,0.007655929057003963,0.005127268097838922,5.555555555591951e-07
2015-07-08,-0.01019641700877194,-0.005750407605903951,5.555555555591951e-07
2015-07-09,0.004079320537365927,0.0027988622482761905,8.333333332277704e-07
2015-07-10,-0.006066772511175822,-0.0005581953782025639,2.7777777766857525e-07
2015-07-13,0.015306149148368808,0.010610551051436046,1.1111114965878244e-06
2015-07-14,0.014916055095931524,0.010222672018343593,2.7777777766857525e-07
2015-07-15,0.010833592122952318,0.007110987153346571,5.555555555591951e-07
2015-07-16,0.011506002422574158,0.007422990515945749,5.555555555591951e-07
2015-07-17,0.01839048760139983,0.013927264548800222,8.333333332277704e-07
2015-07-20,0.012936859148519053,0.008773358862435021,2.7777803237594156e-06
2015-07-21,-0.000559119451734813,0.0016693287587603578,8.333333332277704e-07
2015-07-22,-0.027641940284813038,-0.016225090298574996,1.1111111111183902e-06
2015-07-23,0.010586205281565064,0.004992393160257791,8.333333332277704e-07
2015-07-24,0.0034007643210476335,0.0006209795897738069,1.1111111111183902e-06
2015-07-27,0.006285272307911871,-0.020656120501921893,3.6111154320117578e-06
2015-07-28,-0.0024251382411114575,0.0018105276596735997,1.3888888887869655e-06
2015-07-29,-0.0006954189146317624,0.0063250789768336535,1.6666666666775853e-06
2015-07-30,-0.00013331426502916077,-0.0007183785860560565,1.9444444443461606e-06
2015-07-31,0.014482982429632862,0.010243883174948953,2.2222222222367805e-06
2015-08-03,-0.009332570983144994,-0.004091717197877265,6.666681481526382e-06
2015-08-04,0.001305339368100844,-0.0037507644015061237,2.2222222222367805e-06
2015-08-05,-0.0007961621000767138,0.004123421204705213,2.2222222222367805e-06
2015-08-06,-0.0003865656719852506,0.003035366089969571,1.1111111111183902e-06
2015-08-07,0.0036413794576335423,-0.019314550934168895,1.6666666666775853e-06
2015-08-10,-0.003002573436529321,0.007533212093778552,6.666680555600379e-06
2015-08-11,-0.004155986407259449,-0.00027018183320237643,2.7777777777959756e-06
2015-08-12,0.0077332564630681055,-0.014417039991516556,2.7777777777959756e-06
2015-08-13,-0.006470731681078257,0.011427931429242255,2.7777777777959756e-06
2015-08-14,0.003617134570325087,-0.004971524802594107,2.4999999999053557e-06
2015-08-17,0.0029110335936624043,0.0014534555240788283,7.77779791638622e-06
2015-08-18,-0.0035751835044744995,0.009434265139791398,1.9444444443461606e-06
2015-08-19,0.0033322691831514373,-0.006830187892855943,1.3888888887869655e-06
2015-08-20,0.007541380021427679,-0.012757710741335915,5.555555555591951e-07
2015-08-21,0.012127859096908722,-0.03244437125022459,8.333333332277704e-07
2015-08-24,0.02371236063095372,-0.10741647412693356,3.3333368052446133e-06
2015-08-25,0.0732189745782823,0.08320024752509458,1.9444444443461606e-06
2015-08-26,-0.01451707082058773,-0.01087471871529122,1.6666666666775853e-06
2015-08-27,0.0409494646343711,0.03526163131795812,1.6666666666775853e-06
2015-08-28,-0.014145267928409977,0.005357777736684444,1.6666666666775853e-06
2015-08-31,-0.0014270543221754917,-0.00047574858236898443,5.555565740777979e-06
2015-09-01,0.03274761048496555,-0.031610341425989286,8.333333332277704e-07
2015-09-02,-0.02031280672329483,0.011503395254801152,8.333333332277704e-07
2015-09-03,-0.013292536778484076,0.013899590006940965,5.555555555591951e-07
2015-09-04,0.00592306260839548,-0.02243289436109297,5.555555555591951e-07
2015-09-08,-0.007807871969057079,0.021084793716364514,3.333337037059181e-06
2015-09-09,-0.0016900609202481487,0.020745034324825218,8.333333332277704e-07
2015-09-10,-0.011696441345827702,-0.023899296259011438,5.555555555591951e-07
2015-09-11,-0.0018069905980871992,0.007422542976084356,1.1111111111183902e-06
2015-09-14,-0.002820903704339295,0.013874118225014387,4.166672222138956e-06
2015-09-15,0.001420650920888944,-0.004341205602840015,1.9444444443461606e-06
2015-09-16,0.01854230244774957,0.009573675547109861,1.6666666666775853e-06
2015-09-17,0.005254986349266133,0.004412399709809334,2.7777777766857525e-07
2015-09-18,-0.024346145625503746,-0.013964903277452478,-2.7777777777959756e-07
2015-09-21,0.009741196324748458,0.006652034220912428,-2.7777785505112007e-07
2015-09-22,-0.031033257301445683,-0.01765323231174354,-2.7777777777959756e-07
2015-09-23,-8.909222843089815e-05,0.003075512366728761,2.7777777766857525e-07
2015-09-24,-0.004573183291643135,-0.01159244933012149,2.7777777766857525e-07
2015-09-25,0.007017060897053673,0.01686537482291528,-2.7777777777959756e-07
2015-09-28,0.013236519786588241,-0.02316282292363514,-2.7777785505112007e-07
2015-09-29,0.025122844103264708,-0.02185792219101157,2.7777777766857525e-07
2015-09-30,-0.01805285146926605,0.006484831070132868,-2.7777777777959756e-07
2015-10-01,-0.014213531521083955,0.010407008140544072,-5.555555555591951e-07
2015-10-02,-0.00813165517500114,-0.011182832530810205,0.0
2015-10-05,0.01946206471600731,0.03948372850896087,2.7777777766857525e-07
2015-10-06,0.007185911617285656,0.004485997288158794,0.0
2015-10-07,0.006792846489938276,0.0038954830905804094,0.0
2015-10-08,-0.003969402033836,-0.004069937809766833,-2.7777777777959756e-07
2015-10-09,0.017178200078868278,0.008267598706162005,2.7777777766857525e-07
2015-10-12,0.0064902050747566165,0.00593762330555081,8.333335643762041e-07
2015-10-13,-0.005978109859922864,-0.005152816056099296,2.7777777766857525e-07
2015-10-14,-0.004939029156812991,-0.0007534832769227062,0.0
2015-10-15,0.012625435121955686,0.0020734212608788383,2.7777777766857525e-07
2015-10-16,0.026574681844131698,0.014861125274974851,2.7777777766857525e-07
2015-10-19,-0.001838823296307912,0.0007410860176781942,1.1111114965878244e-06
2015-10-20,0.014104945799865654,0.005278895192726063,5.555555555591951e-07
2015-10-21,0.003404058074135241,0.0016582111542831068,2.7777777766857525e-07
2015-10-22,-0.007533179193390693,-0.0022994508712926853,0.0
2015-10-23,0.07054829024560672,0.03853261675662467,2.7777777766857525e-07
2015-10-26,0.05262416483949295,0.0003546540393359887,1.1111114965878244e-06
2015-10-27,0.05450850608111746,-0.001330503505093894,8.333333332277704e-07
2015-10-28,-0.06407641925507468,0.006219260483590006,1.1111111111183902e-06
2015-10-29,-0.020323351625440966,0.0022075353026902444,1.9444444443461606e-06
2015-10-30,0.0013874213346034558,0.003435818082765163,2.2222222222367805e-06
2015-11-02,0.009640669441380645,-0.002282382287466578,6.666681481526382e-06
2015-11-03,0.011647766569479412,0.0066002956042918726,1.6666666666775853e-06
2015-11-04,0.0006301792222229707,0.0088301721197237,1.3888888887869655e-06
2015-11-05,0.06529581578346155,-0.0023398006187371756,1.3888888887869655e-06
2015-11-06,-0.035301183067359965,-0.005472691974392374,2.2222222222367805e-06
2015-11-09,-0.020735270605626188,-0.0011355412362198392,8.333355555611988e-06
2015-11-10,0.09562846678200465,-0.012154434989983809,3.611111111023746e-06
2015-11-11,0.011348910191460337,0.005488008890111029,3.611111111023746e-06
2015-11-12,0.0020729845539515512,-0.008011226592161802,3.888888888914366e-06
2015-11-13,0.0009982031669606428,-0.009850826745845587,3.611111111023746e-06
2015-11-16,0.0064452948852211644,-0.016491529762388102,1.1388932021239029e-05
2015-11-17,-0.009046200984295316,0.017132740641219613,3.888888888914366e-06
2015-11-18,0.00011216471877761869,0.002956709243894018,3.3333333333551707e-06
2015-11-19,-0.001106071695844868,0.01563312495170388,3.055555555464551e-06
2015-11-20,0.00010091562718583802,0.0049258986699152185,3.055555555464551e-06
2015-11-23,0.0012213114825003757,0.0023630943836192575,1.0000033101587036e-05
2015-11-24,-0.0035952387567174116,-0.00969256740009472,4.444444444473561e-06
2015-11-25,-0.0034649109474895745,0.007142203828685023,5.277777777701331e-06
2015-11-27,0.0003554762722552951,0.001575485851376346,1.0000024922574013e-05
2015-11-30,0.0030753316038738543,0.002185619230346658,1.555563557098516e-05
2015-12-01,-0.00197500062784961,-0.0014827015139562416,5.833333333260526e-06
2015-12-02,0.0030624395697433915,0.006726166096481023,5.833333333260526e-06
2015-12-03,-0.004463785844011969,-0.004251722455033136,5.833333333260526e-06
2015-12-04,-0.007529350889433961,-0.016643224879591356,6.111111111151146e-06
2015-12-07,0.007254783269629028,0.021001257636841242,2.0277913580502016e-05
2015-12-08,-0.03162527461630482,-0.015622162198502876,7.499999999938112e-06
2015-12-09,0.008850119073576801,0.006259501225967856,7.2222222222695365e-06
2015-12-10,-0.016150614649083073,-0.008586648755181003,6.666666666710341e-06
2015-12-11,-0.018269767580369467,-0.009367995273211083,6.111111111151146e-06
2015-12-14,-0.02307325945260119,-0.010259654509225169,1.9444570062088218e-05
2015-12-15,0.0036053718218653774,0.015503927703207632,6.944444444378917e-06
2015-12-16,0.007389893367759859,0.003638966055044879,7.499999999938112e-06
2015-12-17,0.0048710427503899645,0.012470395239298826,6.3888888888197215e-06
2015-12-18,-0.042782049661234,-0.021916972607567642,5.277777777701331e-06
2015-12-21,-0.0013947433971917,-0.006808266506818539,1.7222320447540795e-05
2015-12-22,-0.010745818276687524,0.006945126783787003,5.833333333260526e-06
2015-12-23,0.0010616785108057414,0.006449031273992212,5.555555555591951e-06
2015-12-24,0.00036110648462361894,0.0022252814456897863,5.555555555591951e-06
2015-12-28,-0.0018689426634054263,-0.0025751914979285084,2.30557546305743e-05
2015-12-29,0.016378143549462543,0.00783457342898708,6.3888888888197215e-06
2015-12-30,0.012232491717121041,0.00883391182437121,5.833333333260526e-06
2015-12-31,-0.021929596062566725,-0.011645813455405163,4.444444444473561e-06
2016-01-04,-0.056514890379889104,-0.030300538205294547,1.9444585185768304e-05
2016-01-05,-0.0042819718956195185,0.005390062948511298,5.555555555591951e-06
2016-01-06,0.048194077364347665,-0.02390000977817197,5.833333333260526e-06
2016-01-07,0.026914904339254475,-0.013593078359598776,5.555555555591951e-06
2016-01-08,0.003031284634934961,-0.0030201858927929592,5.555555555591951e-06
2016-01-11,-0.010011351801147317,-0.00833079445908369,1.6944540123686735e-05
2016-01-12,0.006182948476944228,0.005536931845445681,5.833333333260526e-06
2016-01-13,0.004140179699684499,0.0060761726550078166,6.111111111151146e-06
2016-01-14,-0.011909446470011353,-0.034632302726667286,6.944444444378917e-06
2016-01-15,-0.017878489038146705,-0.016422144060512123,6.3888888888197215e-06
2016-01-19,-0.007923928411166514,0.015801735694612074,2.6389149769379117e-05
2016-01-20,0.016577559472587655,-0.02680740146860927,7.2222222222695365e-06
2016-01-21,-0.008174098614650793,0.01719076706824607,7.777777777828732e-06
2016-01-22,0.016389240347325362,0.016801698658576614,8.333333333387927e-06
2016-01-25,-0.01470176087414099,0.005054930660985724,2.5277990741479073e-05
2016-01-26,0.0023968217000129854,-0.007157081135450771,8.611111111056502e-06
2016-01-27,0.0002739538354059601,-0.0010710559560429544,8.888888888947122e-06
2016-01-28,-0.00018092310560657854,-0.0029257243736674488,9.444444444506317e-06
2016-01-29,-0.03696603346940952,-0.0027381682270953833,8.888888888947122e-06
2016-02-01,0.0032309376504049414,0.016279254007283805,2.750025185260796e-05
2016-02-02,0.00042046719570576485,0.00289453596671696,9.444444444506317e-06
2016-02-03,-0.020477583507888752,-0.010583895807633859,9.166666666615697e-06
2016-02-04,-0.00975619766994329,-0.014003680331137969,8.055555555497307e-06
2016-02-05,0.018033485215153133,-0.0009861149131085156,8.055555555497307e-06
2016-02-08,-0.02053647199993447,-0.04936364873286869,2.5000208102365917e-05
2016-02-09,-0.04331687458613631,-0.0099696127534461,8.333333333387927e-06
2016-02-10,0.02969947044110599,0.02202893267870265,8.611111111056502e-06
2016-02-11,-0.021260679505098246,-0.02021965196203912,7.777777777828732e-06
2016-02-12,0.018965800210843042,0.022836778454924378,8.055555555497307e-06
2016-02-16,0.022364641457888634,0.01874239105677944,3.250039606661481e-05
2016-02-17,-0.007579264048977574,0.014979084557641631,8.333333333387927e-06
2016-02-18,0.008945376638553215,0.018423224568518526,8.333333333387927e-06
2016-02-19,-0.02966382334554829,-0.0192568408659215,8.333333333387927e-06
2016-02-22,0.031195850273193493,0.01725485547970762,2.5833555556298293e-05
2016-02-23,0.0009671242579623041,0.0009749706938806391,8.888888888947122e-06
2016-02-24,-0.04134050398835165,-0.022302533024563087,9.166666666615697e-06
2016-02-25,0.04215002841035398,0.023608205965331308,8.888888888947122e-06
2016-02-26,0.02731088253593761,0.015472957424092382,8.888888888947122e-06
2016-02-29,-0.014814255627671025,-0.009774932784455737,2.6944686420504738e-05
2016-03-01,0.00238243167383545,0.0014516141310436659,9.166666666615697e-06
2016-03-02,0.01492268744454206,0.02106695389161084,9.722222222174892e-06
2016-03-03,-0.007044282463493201,0.0005677609032210817,7.499999999938112e-06
2016-03-04,-0.02585087300939426,0.0002838342075170974,7.777777777828732e-06
2016-03-07,0.014422539139487878,-0.005862696813823343,2.444464321049722e-05
2016-03-08,-0.009104907980997834,-0.007895017552447703,8.055555555497307e-06
2016-03-09,0.0058678358183263946,0.0023009719274327267,8.333333333387927e-06
2016-03-10,-0.0007515274189706656,0.006887098207367881,8.611111111056502e-06
2016-03-11,0.009899822763096866,0.005035120939429261,8.888888888947122e-06
2016-03-14,0.006668267063409727,0.002836299649284113,2.722246913666737e-05
2016-03-15,0.0035668639248669365,0.0018850039461049128,9.444444444506317e-06
2016-03-16,0.0005707266137950917,0.0007525339982195067,8.611111111056502e-06
2016-03-17,0.01649773587008796,0.00846089555583407,8.055555555497307e-06
2016-03-18,0.012773150993124371,0.004742954370377195,8.055555555497307e-06
2016-03-21,0.0009184720436550275,-0.0026054354120664813,2.472242584894424e-05
2016-03-22,-0.016285582325075154,-1.2704413754338617e-07,8.333333333387927e-06
2016-03-23,-0.008478826881498147,0.006811076583636222,8.333333333387927e-06
2016-03-24,0.049684928494774905,-0.011120219589195512,8.055555555497307e-06
2016-03-28,0.021065428924989194,0.00796524265938281,3.222261157564965e-05
2016-03-29,-0.012104459614108887,-0.006043023010986581,6.3888888888197215e-06
2016-03-30,0.04976162243486493,0.024039219375886045,5.555555555591951e-06
2016-03-31,-0.002551918442773471,-0.0018272519560448286,5.833333333260526e-06
2016-04-01,0.029103163876250004,-0.006771349638166946,6.3888888888197215e-06
2016-04-04,-0.005471177462420762,0.01676783601828924,1.9166789120284022e-05
2016-04-05,0.11272507880568905,-0.011507846019268575,6.3888888888197215e-06
2016-04-06,0.00669937764409001,-0.0009162902328120337,6.3888888888197215e-06
2016-04-07,0.01647320204216407,0.009541931464114084,6.3888888888197215e-06
2016-04-08,-0.007420749546561911,-0.002454004872280313,6.3888888888197215e-06
2016-04-11,-0.002824511306672939,-0.002641951675037224,1.9166789120284022e-05
2016-04-12,-0.01436686943937282,-0.007216980486058455,6.111111111151146e-06
2016-04-13,0.028042883725652334,0.015366526371173528,6.3888888888197215e-06
2016-04-14,0.011116460462929023,0.005255785379183697,6.111111111151146e-06
2016-04-15,-0.0005857975430161311,-0.0009013715275271172,6.111111111151146e-06
2016-04-18,-0.010862736551737973,-0.00460162870845815,1.833344537072179e-05
2016-04-19,0.02586620263454087,0.010152428774803601,5.833333333260526e-06
2016-04-20,-0.019325615540806806,-0.007986504694287744,6.3888888888197215e-06
2016-04-21,0.023438516368337936,0.0002716489640033348,6.3888888888197215e-06
2016-04-22,-0.006547101955698076,-0.012389339329206717,6.3888888888197215e-06
2016-04-25,-0.007967975474682643,-0.0051277132431857275,1.9722351774609237e-05
2016-04-26,0.005973271599278407,0.005153828793753368,6.666666666710341e-06
2016-04-27,-0.013595533071831034,-0.017122568648709535,6.666666666710341e-06
2016-04-28,0.004883503114701426,0.0033537996037236173,6.111111111151146e-06
2016-04-29,-0.008495585503487502,-0.013184962675545031,6.111111111151146e-06
2016-05-02,-0.0033228579313904216,-0.0027288936247613638,1.833344537072179e-05
2016-05-03,3.42275414781934e-05,-0.00028271945469959814,5.833333333260526e-06
2016-05-04,-0.002796163338964819,-0.008210624626891372,5.277777777701331e-06
2016-05-05,0.0010730531426696999,0.0032354600209567597,5.555555555591951e-06
2016-05-06,-0.005887898275881209,-0.008821039164838007,5.277777777701331e-06
2016-05-09,0.009201322908719334,0.010430398963845677,1.7222320447540795e-05
2016-05-10,0.005260888171979117,0.006345416578957597,6.666666666710341e-06
2016-05-11,0.005455831311336423,0.008563694694471158,7.2222222222695365e-06
2016-05-12,-0.005034067309497625,-0.0052250708004010216,7.499999999938112e-06
2016-05-13,-0.004819005226612272,-0.007598120138552988,7.777777777828732e-06
2016-05-16,-0.002213547954653894,-0.0013229182852244614,2.333351481542678e-05
2016-05-17,0.006953596560757669,0.010126742995886007,7.777777777828732e-06
2016-05-18,-0.009495921415182407,-0.013960456729711357,8.333333333387927e-06
2016-05-19,0.0006462997559104622,0.001995518400626839,8.333333333387927e-06
2016-05-20,0.003078343954559859,0.0026553504744113443,8.888888888947122e-06
2016-05-23,0.0009809279017547468,0.008133748577759281,2.750025185260796e-05
2016-05-24,0.006713703612357014,0.0030956996053495,9.722222222174892e-06
2016-05-25,0.033055933946593896,0.018238152797985796,9.166666666615697e-06
2016-05-26,0.007721429400476598,0.004408920332531707,8.333333333387927e-06
2016-05-27,0.004800756601926803,0.0025606207263932923,8.611111111056502e-06
2016-05-31,0.014308665550140764,0.00592902137233442,3.5278244215453114e-05
2016-06-01,-0.007703040706438236,-0.002539135666639991,8.333333333387927e-06
2016-06-02,-0.004423056509629597,0.0011819017790946074,7.777777777828732e-06
2016-06-03,-0.004263744474434117,0.002179350387040868,8.055555555497307e-06
2016-06-06,-0.011993491841307602,-0.0009968355314250443,2.3889079089789433e-05
2016-06-07,-0.0023320210490908044,0.0023581722379890646,7.777777777828732e-06
2016-06-08,0.0022977193524975625,-0.0013572469946634413,6.666666666710341e-06
2016-06-09,0.003652617898758148,-0.00407716156664617,6.944444444378917e-06
2016-06-10,0.009968565420175768,-0.00664115662283804,6.944444444378917e-06
2016-06-13,0.02688229909419082,-0.007967626407017536,2.138904128101693e-05
2016-06-14,-0.020700676470806645,-0.005354522089076497,7.499999999938112e-06
2016-06-15,-0.003738478422241842,0.005104871871297156,7.2222222222695365e-06
2016-06-16,-0.012609104599865528,-0.01015823953951267,7.499999999938112e-06
2016-06-17,-0.002616396469480753,0.005844039696454972,7.2222222222695365e-06
2016-06-20,-0.0032311427717327534,0.0018599793534732623,2.2222386728998345e-05
2016-06-21,0.0008768510500558602,-0.00399171269917753,7.499999999938112e-06
2016-06-22,-0.0028293548666894486,0.0024233177882011514,7.499999999938112e-06
2016-06-23,-0.008095686346426767,0.004741468211511002,8.333333333387927e-06
2016-06-24,-0.04056357431168167,-0.029332623887554754,7.2222222222695365e-06
2016-06-27,0.0065657434335799625,-0.012392964608208934,2.1944604938761714e-05
2016-06-28,-0.0010995137875757788,-0.0024128006095449628,7.2222222222695365e-06
2016-06-29,0.01786476612588972,0.018674033290216885,7.2222222222695365e-06
2016-06-30,-0.005337939219283827,0.011493280998453814,7.2222222222695365e-06
2016-07-01,-0.0010598590404911068,0.009390822456527781,7.499999999938112e-06
2016-07-05,-0.0014851187314436354,0.00018586011719334827,3.0278121529336843e-05
2016-07-06,-0.005253112057760689,-0.005580765035787971,7.499999999938112e-06
2016-07-07,-0.0054232999908244706,0.013936969983296299,8.055555555497307e-06
2016-07-08,0.0022660276044998984,0.0073798341161992465,7.499999999938112e-06
2016-07-11,0.005720410582333191,0.013461493914453504,2.36112965279478e-05
2016-07-12,0.0016446116883175321,0.008493947917683986,8.055555555497307e-06
2016-07-13,-0.004678135869846112,0.0012541986024892093,8.611111111056502e-06
2016-07-14,-0.00713125772835721,0.0018793768819251877,8.611111111056502e-06
2016-07-15,0.004305747016168704,0.0025009185550524116,8.611111111056502e-06
2016-07-18,0.0007735606669838635,-0.003296734355476616,2.611133834928836e-05
2016-07-19,-0.007718163263118805,0.0025030225073296997,8.611111111056502e-06
2016-07-20,-0.015603693547162734,0.005260762521126505,8.888888888947122e-06
2016-07-21,0.011599433841614992,0.006918807586060227,8.611111111056502e-06
2016-07-22,0.01065740546216265,-0.00229036599056498,8.888888888947122e-06
2016-07-25,0.007197302988948273,0.0026486354548580504,2.666690370456415e-05
2016-07-26,0.003187513968697653,0.000528277400211774,8.611111111056502e-06
2016-07-27,0.007424585571697007,0.009945444377090107,8.611111111056502e-06
2016-07-28,-0.006213101540120558,8.727705252620233e-05,6.944444444378917e-06
2016-07-29,-0.038397705515069935,0.004182389309383305,7.499999999938112e-06
2016-08-01,-0.0666240505814858,0.0006073502991832402,2.3055732639054582e-05
2016-08-02,0.002571277615217582,0.003122006798627508,8.055555555497307e-06
2016-08-03,0.040361778040259644,-0.006915886811006966,7.777777777828732e-06
2016-08-04,0.011496381876789696,0.003743514001554482,7.2222222222695365e-06
2016-08-05,0.019059479686470926,0.0083259509457847,7.499999999938112e-06
2016-08-08,0.009758496486739876,0.004988607330090655,2.36112965279478e-05
2016-08-09,-0.038922772073523126,-0.0008560517362630193,8.055555555497307e-06
2016-08-10,-0.013758995877119151,0.0021416414310684306,7.777777777828732e-06
2016-08-11,0.028317060325672383,0.0002564194376790674,7.777777777828732e-06
2016-08-12,0.012207071564242167,-0.0008544676044225374,7.777777777828732e-06
2016-08-15,-0.03424917532216609,0.003677519256876094,2.4166861111618587e-05
2016-08-16,0.022803414295406554,0.001108292323924287,7.499999999938112e-06
2016-08-17,0.014913046316156198,-0.003405097217944908,8.333333333387927e-06
2016-08-18,0.0016275972282380202,0.0005979424435007541,8.055555555497307e-06
2016-08-19,0.0015486864034739423,-0.0005975851219927053,8.055555555497307e-06
2016-08-22,0.000804822120862525,8.54150212492577e-05,2.416686134276702e-05
2016-08-23,0.003096681076065977,0.006149155734682887,8.333333333387927e-06
2016-08-24,-0.00024798682033999597,-0.002801177976620939,8.611111111056502e-06
2016-08-25,0.056799975809126435,-0.008341815908795902,9.166666666615697e-06
2016-08-26,0.005057127335693412,0.0012876964895769394,9.166666666615697e-06
2016-08-29,0.002367851412919064,0.0013716084932888783,2.7500252083756394e-05
2016-08-30,0.0008605928737142055,-0.000513937085448668,9.166666666615697e-06
2016-08-31,-0.004482701300330683,-0.0031688125499875763,9.166666666615697e-06
2016-09-01,-0.0012454362298065513,0.0008591053492748024,9.166666666615697e-06
2016-09-02,-0.0033683179222717685,0.007211389559251602,8.888888888947122e-06
2016-09-06,-0.011105355269936501,1.1339926064835026e-07,3.555602963256632e-05
2016-09-07,-0.017881825957291597,0.005455193059028307,9.444444444506317e-06
2016-09-08,-0.010200893707495884,-0.0033061347809159036,9.444444444506317e-06
2016-09-09,0.004002113102030691,-0.011227462386522835,9.444444444506317e-06
2016-09-12,-0.05030445971559694,-0.022451613555325656,2.9166950000991676e-05
2016-09-13,0.021672579969931105,0.018567520651234126,1.0000000000065512e-05
2016-09-14,-0.010957653585109806,-0.0029376071629043654,9.166666666615697e-06
2016-09-15,0.006826879840253541,0.003985860038485667,8.055555555497307e-06
2016-09-16,0.027690549567442213,0.014185733476191453,8.055555555497307e-06
2016-09-19,0.00965326065444394,0.003156603058908747,2.4444643595966653e-05
2016-09-20,-0.004414927000756963,-0.0033164887501313522,8.333333333387927e-06
2016-09-21,0.002653557932759787,0.002559481372143013,6.111111111151146e-06
2016-09-22,0.028879889038341933,0.01140436165069092,5.000000000032756e-06
2016-09-23,1.696780678961396e-05,0.001346197797455373,5.000000000032756e-06
2016-09-26,-0.023706203364985856,-0.01126053904348634,1.6944538889118732e-05
2016-09-27,-0.007059364295433412,-0.003399383687435198,7.2222222222695365e-06
2016-09-28,0.02636724762844289,0.011853539990043682,7.499999999938112e-06
2016-09-29,-0.0012242906208835835,-0.0012638529664446008,7.2222222222695365e-06
2016-09-30,-0.001874104200213167,-0.0029535316244633236,7.777777777828732e-06
2016-10-03,0.005529483490779308,0.003554666632697545,2.444464321049722e-05
2016-10-04,0.005959829560158614,0.0027830883386987804,9.166666666615697e-06
2016-10-05,-0.002664255390494863,-0.0015138022975236254,8.888888888947122e-06
2016-10-06,-0.0006333251802704831,-0.0006740365407702509,8.888888888947122e-06
2016-10-07,0.00633993346683881,0.0016858175294274247,8.888888888947122e-06
2016-10-10,0.0032139142683189625,0.002019644997397929,2.666690370456415e-05
2016-10-11,-0.002072059278144356,0.00033593312217461424,9.722222222174892e-06
2016-10-12,-0.02882674440369415,-0.012508491139633815,1.0000000000065512e-05
2016-10-13,-0.01883951262387351,-0.008585861860145316,8.055555555497307e-06
2016-10-14,0.016481291317117508,0.00823164814294386,8.611111111056502e-06
2016-10-17,-0.007931576923501438,-0.004592930424389574,2.666690347274958e-05
2016-10-18,0.018612139514974313,0.009996693514766841,9.444444444506317e-06
2016-10-19,-0.005041496044289273,-0.003721906160108035,9.444444444506317e-06
2016-10-20,-0.0004257225843891099,-0.00033965999900964494,9.444444444506317e-06
2016-10-21,0.0019180611052207475,0.0005944611058090743,9.166666666615697e-06
2016-10-24,0.022435786892913923,0.009422728014739867,2.7500252083756394e-05
2016-10-25,0.013134777335009895,0.0061390730998849286,9.444444444506317e-06
2016-10-26,-0.021579476773486483,-0.01019737795699871,9.166666666615697e-06
2016-10-27,0.011017545790867,0.003969139240084907,8.055555555497307e-06
2016-10-28,-0.024915001976742235,-0.011691853592915469,8.055555555497307e-06
2016-10-31,-0.0022693456139769586,0.0002553553523729768,2.5555772608543137e-05
2016-11-01,-0.007360086894171114,-0.002892608106696226,9.722222222174892e-06
2016-11-02,-0.010191677163225998,-0.009898448609102162,1.0000000000065512e-05
2016-11-03,-0.015651018937654415,-0.00896341436129,1.0277777777734087e-05
2016-11-04,-0.04624139675863215,-0.010609487982100152,1.0277777777734087e-05
2016-11-07,0.0367601855276527,0.015118244908711498,3.1944784183002284e-05
2016-11-08,0.014202827158724673,0.006407227774570146,1.1944444444411673e-05
2016-11-09,-0.012669072948585103,-0.004215545405600651,1.2222222222302292e-05
2016-11-10,0.04453567985088003,0.021427493745522774,1.3055555555530063e-05
2016-11-11,-0.027856517280342663,-0.025122601006228096,1.3055555555530063e-05
2016-11-14,-0.020245611479518977,0.005032247925479849,4.11116732277339e-05
2016-11-15,-0.023041100935823233,-0.002848916746760466,1.3888888888979878e-05
2016-11-16,-0.00925946952830703,0.0014717538044077827,1.2777777777861488e-05
2016-11-17,0.003120252367518006,0.010201428087637687,1.1944444444411673e-05
2016-11-18,-0.008604672168219696,0.008985953274186276,1.1944444444411673e-05
2016-11-21,-0.011530937782944894,-0.002459708990664722,3.6667114585053895e-05
2016-11-22,-0.004632510588867822,0.01190381131502627,1.3333333333420683e-05
2016-11-23,0.017300586407950735,-0.0042013015706832135,1.3888888888979878e-05
2016-11-25,-0.013028780606307633,0.00042179007502518573,2.7222407407601068e-05
2016-11-28,0.00983054352493884,0.0007591043111339069,4.0000533336082e-05
2016-11-29,0.00030031962849896843,-8.43951933582332e-05,1.3333333333420683e-05
2016-11-30,-0.024400294638860953,0.0037927641778643384,1.3333333333420683e-05
2016-12-01,0.004026420267308595,-0.013686741060819019,1.3055555555530063e-05
2016-12-02,0.002378286261484508,-0.016346031116886928,1.3333333333420683e-05
2016-12-05,-0.01817106148702652,0.0065778803042753076,4.0278318521158596e-05
2016-12-06,-0.028125110609269144,0.005416796750097319,1.3611111111089258e-05
2016-12-07,-0.01255111603920045,-0.0024799078649913042,1.4166666666648453e-05
2016-12-08,0.025227539408743338,0.015174868486191428,1.3888888888979878e-05
2016-12-09,0.02039850028717427,0.0050672960878801465,1.4722222222207648e-05
2016-12-12,-0.030321613315619333,-0.0003360483124866809,4.361174498757059e-05
2016-12-13,0.009396754338292679,0.0029414433378653904,1.5000000000098268e-05
2016-12-14,0.03354344757104233,0.010811725497147151,1.5000000000098268e-05
2016-12-15,-0.039341763074845604,-0.00199007394875117,1.3888888888979878e-05
2016-12-16,0.00030410235982358813,0.002707010662948761,1.3888888888979878e-05
2016-12-19,-0.017713329808607736,-0.005151860863110924,4.222281636101499e-05
2016-12-20,-0.012194594953500837,0.006264529570796595,1.4444444444539073e-05
2016-12-21,-0.008443019007817631,0.0010791128301672614,1.4166666666648453e-05
2016-12-22,-0.013428723119051411,-0.0010778016597676743,1.3888888888979878e-05
2016-12-23,0.006767707536089018,-0.004565373281685381,1.4166666666648453e-05
2016-12-27,0.00010046980994737886,0.0045030668313155164,5.666787084468439e-05
2016-12-28,-0.0018113550996221583,0.005146809853317835,1.4444444444539073e-05
2016-12-29,0.04001579202659222,-0.010158608210084963,1.2777777777861488e-05
2016-12-30,0.000348834855725233,0.0007509252655721887,1.3888888888979878e-05
2017-01-03,-0.012008152116116277,-0.005585865678100932,5.639008102997778e-05
2017-01-04,0.001229288394229533,0.0033537255897748697,1.4444444444539073e-05
2017-01-05,-0.010639053946070232,0.0035927788146274953,1.4166666666648453e-05
2017-01-06,-0.0030669168705536043,0.007494143373444784,1.4444444444539073e-05
2017-01-09,0.009535865525386544,0.008512182722183459,4.2778387657538275e-05
2017-01-10,0.0038222171974116037,0.0028682406840063734,1.4166666666648453e-05
2017-01-11,0.003910521327978644,0.002206233028105853,1.4166666666648453e-05
2017-01-12,0.0006139364146227066,-0.0013046242255333462,1.4166666666648453e-05
2017-01-13,0.003415927827658427,0.0025308547200140197,1.4444444444539073e-05
2017-01-17,-0.0016422038540666595,0.0003258019313383542,5.833460927195944e-05
2017-01-18,0.000543107043176061,0.001058308415818665,1.4444444444539073e-05
2017-01-19,0.004867344577964783,0.0020331040828522884,1.4166666666648453e-05
2017-01-20,0.006035951336679224,0.0024346052353725334,1.3611111111089258e-05
2017-01-23,-0.0022668591389291004,-0.0028337029388455504,4.1389459801921547e-05
2017-01-24,0.0076782041741372264,0.0034099574026964508,1.3888888888979878e-05
2017-01-25,0.0286604209605974,0.011085101650760043,1.3611111111089258e-05
2017-01-26,-0.010453314943605463,0.005121524222702067,1.3888888888979878e-05
2017-01-27,-0.002094919869927825,0.0018311604796796832,1.4166666666648453e-05
2017-01-30,0.01988300545962307,-0.0035759676097227855,4.250060208610407e-05
2017-01-31,0.02547692554967451,-0.007975865015989458,1.4444444444539073e-05
2017-02-01,0.016370381475002027,0.008602640844769915,1.3888888888979878e-05
2017-02-02,-0.005123661343548802,-0.0019131244314866125,1.4166666666648453e-05
2017-02-03,0.008183024996249566,0.0019167733669054332,1.3888888888979878e-05
2017-02-06,-0.0006971583278863047,0.00015941132355168364,4.250060185495563e-05
2017-02-07,0.0013175158326770298,0.004941293417950909,1.4722222222207648e-05
2017-02-08,0.01371421825415342,0.00023809968414201244,1.4722222222207648e-05
2017-02-09,-0.02043316961581576,0.0040438939598508306,1.4722222222207648e-05
2017-02-10,-0.04472653944979166,0.004816857108613792,1.5000000000098268e-05
2017-02-13,-0.03454070313837698,0.0041653092514979395,4.444510278123204e-05
2017-02-14,-0.024289514954219715,0.0029743741882768404,1.5000000000098268e-05
2017-02-15,-0.06287820815107492,0.0022629805424614347,1.4722222222207648e-05
2017-02-16,0.059636917776456855,0.007240694233088263,1.4444444444539073e-05
2017-02-17,0.060137199367322314,-0.0023962645856988596,1.4444444444539073e-05
2017-02-21,-0.07116563914244323,0.007748379574682218,5.805681945680874e-05
2017-02-22,0.06815564661943108,0.0020759833842005637,1.4444444444539073e-05
2017-02-23,-0.0040099147356865705,0.002838938869705432,1.4166666666648453e-05
2017-02-24,0.13186223638349648,-0.009793490093590318,1.4166666666648453e-05
2017-02-27,-0.08409207228536275,0.004636129096891706,4.2222816437842425e-05
2017-02-28,-0.0029811978235833037,0.002845433481658999,1.4722222222207648e-05
2017-03-01,-0.04701571139846372,0.0035281632041044286,1.7222222222113004e-05
2017-03-02,0.040644555230142654,0.0042797122622000305,1.8333333333231394e-05
2017-03-03,-0.026186550535813757,-0.005478993803303744,1.9444444444349784e-05
2017-03-06,-0.030770545030928798,-0.0007651281569589496,5.916783334081188e-05
2017-03-07,-0.026536045515979434,-0.0009189239619725731,2.0833333333358794e-05
2017-03-08,-0.007300703412003617,0.0009196463782468189,1.999999999990898e-05
2017-03-09,-0.001353712322008982,0.0009187629194735702,1.999999999990898e-05
2017-03-10,0.005141470248828606,0.005584988077155906,2.02777777777996e-05
2017-03-13,-0.00021622110066876754,-0.0007606098916033144,6.222351212303856e-05
2017-03-14,-0.02179987803299599,-0.0002286789381017451,2.138888888891799e-05
2017-03-15,0.0005876113494895918,0.0019040747906124977,1.999999999990898e-05
2017-03-16,0.012802495556299087,0.00600482859350171,1.999999999990898e-05
2017-03-17,-0.03638736586229785,-0.001327523102733541,1.999999999990898e-05
2017-03-20,-0.009827890015189356,-0.001895089195912858,6.0834566674827784e-05
2017-03-21,-0.026514559955575834,0.00501337184856343,2.111111111102737e-05
2017-03-22,0.10332702039260666,-0.018592730045164374,2.111111111102737e-05
2017-03-23,0.002734432749706972,0.005159728026276289,2.0833333333358794e-05
2017-03-24,0.005164806606709371,0.0019920888370021927,2.138888888891799e-05
2017-03-27,-0.021044581683885344,-0.008258333257317063,6.416803913023017e-05
2017-03-28,0.023065763586068266,0.008789840420085016,2.138888888891799e-05
2017-03-29,0.01445741839839032,0.006802063332687958,2.138888888891799e-05
2017-03-30,0.004802558936638279,0.003567950925434049,2.138888888891799e-05
2017-03-31,0.002241813900780709,0.0006050662441663412,2.0833333333358794e-05
2017-04-03,0.0012488415521678675,0.0015873993071358061,6.333467014818517e-05
2017-04-04,-0.01334103240589235,-0.0043023184894862565,2.1666666666586565e-05
2017-04-05,0.013951201589115003,0.005912722250076774,2.1944444444477185e-05
2017-04-06,-0.012794912196648855,-0.004521366748032385,2.1666666666586565e-05
2017-04-07,-0.0021011867055481526,-0.000757089975762737,2.250000000003638e-05
2017-04-10,0.0007011845311135634,0.0007574977441320296,6.750151876144805e-05
2017-04-11,-0.011771178234520563,-0.0015138728799019008,2.250000000003638e-05
2017-04-12,-0.008890762168943356,-0.003563297586158365,2.222222222214576e-05
2017-04-13,-0.01128937469484359,-0.0052496828785212335,2.222222222214576e-05
2017-04-17,0.0007249560965336688,0.00022940612456645582,8.944744448879938e-05
2017-04-18,0.0038140144189673375,0.0020645604267399698,2.250000000003638e-05
2017-04-19,0.01720115469237138,0.006181371082078835,2.222222222214576e-05
2017-04-20,1.0910678182929345e-05,0.0012893265769233775,2.1666666666586565e-05
2017-04-21,0.009826594007926293,0.005226427557078583,2.1666666666586565e-05
2017-04-24,0.026189194484258493,0.009946600318404109,6.555698797328091e-05
2017-04-25,0.012581925190328747,0.004253191628920572,2.250000000003638e-05
2017-04-26,0.00591688992331707,0.004308393880872563,2.2777777777704955e-05
2017-04-27,-0.007049088334125986,0.0006658449749186168,2.222222222214576e-05
2017-04-28,0.003546580259639054,0.007540539406160729,2.1944444444477185e-05
2017-05-01,-0.01993837446842439,0.0011010908642083983,6.666814792755105e-05
2017-05-02,-0.049385387101086975,0.006815947734254868,2.250000000003638e-05
2017-05-03,0.024804829150106622,-0.0018202036249491682,2.333333333326415e-05
2017-05-04,-0.017101645338159055,-0.001093777836179477,2.333333333326415e-05
2017-05-05,-0.019757993539760266,0.003066088105754927,2.444444444438254e-05
2017-05-08,-0.013557421006232695,0.0016011580224817301,7.389070865682079e-05
2017-05-09,-0.03826305067064928,0.003197746786567812,2.4999999999941735e-05
2017-05-10,0.026668751469767882,0.002535071966741631,2.472222222227316e-05
2017-05-11,0.022097871335599928,-0.0027454909624389234,2.4166666666713965e-05
2017-05-12,-0.019255239427955262,0.0023913365324419456,2.3888888888823345e-05
2017-05-15,-0.028565931067904282,0.0022403891219382466,7.250175186590546e-05
2017-05-16,-0.03550185835958608,0.005336882170668966,2.472222222227316e-05
2017-05-17,0.12383774700042216,-0.0063846005457611765,2.472222222227316e-05
2017-05-18,0.20626043663268345,-0.017977585012703523,2.5277777777832355e-05
2017-05-19,0.008812571633374677,0.01271896859642041,2.4999999999941735e-05
2017-05-22,0.012142839926340132,0.0029038512117476323,7.555745834908478e-05
2017-05-23,0.018882938155136975,0.00912067903338043,2.5277777777832355e-05
2017-05-24,0.001486723717654348,0.001075863148888967,2.555555555550093e-05
2017-05-25,0.013030043033828154,0.005374182508098402,2.555555555550093e-05
2017-05-26,0.0041364416568949736,0.004917802467713228,2.555555555550093e-05
2017-05-30,-0.01683677228608782,0.0010640539811905825,0.00010222614080745984
2017-05-31,-0.0388546151855409,0.004888089108793681,2.666666666661932e-05
2017-06-01,0.000730791565280553,-0.0018326965543092877,2.666666666661932e-05
2017-06-02,-0.010261094455275677,0.005367915624054698,2.666666666661932e-05
2017-06-05,0.0044105587614775565,0.007798046929051061,7.972434075953494e-05
2017-06-06,0.017599861957421137,-0.0013245330982745163,2.666666666661932e-05
2017-06-07,-0.0014630597124485334,1.0623052393299304e-07,2.7222222222178516e-05
2017-06-08,-0.002160252363335169,0.0033507379949933025,2.7500000000069136e-05
2017-06-09,-0.04767127224718726,-1.3731930426086336e-07,2.7500000000069136e-05
2017-06-12,0.05414010589123541,-0.03436747294736153,8.194668265937288e-05
2017-06-13,0.009170519673722177,0.008717062033215983,2.7500000000069136e-05
2017-06-14,0.002806720146342201,0.00657177209560289,2.7500000000069136e-05
2017-06-15,-0.00902079671899969,-0.018378245668449367,2.777777777773771e-05
2017-06-16,-0.01153220201103522,0.005188766100295394,2.805555555562833e-05
2017-06-19,0.003324767015537633,0.005840576229423355,8.416902803154436e-05
2017-06-20,0.014600153584897413,0.005950274388349719,2.777777777773771e-05
2017-06-21,-0.007862335146741728,-0.004560839085321788,2.694444444450994e-05
2017-06-22,0.005949070003952173,0.00916331204352483,2.6111111111060126e-05
2017-06-23,-0.007938442325108652,-0.0029794406287393382,2.6388888888950746e-05
2017-06-26,0.006953142987732308,0.010744326910888669,8.000213312087112e-05
2017-06-27,-0.03587199796517848,-0.014079413709441435,2.7500000000069136e-05
2017-06-28,-0.008450198484915683,-0.010781947675282288,2.777777777773771e-05
2017-06-29,-0.0006560305060988592,0.006496547927239638,2.8333333333296906e-05
2017-06-30,-0.030256345097920856,-0.010470431947158465,2.805555555562833e-05
2017-07-03,0.00031093258128622736,0.002101707309935641,8.500240812470139e-05
2017-07-05,-0.035017256126989804,-0.011933329090598743,5.750082654332189e-05
2017-07-06,0.016271322558294887,-0.0010251044301593515,2.8333333333296906e-05
2017-07-07,0.013265985325353613,0.001978697850816724,2.8611111111187526e-05
2017-07-10,0.02468397334183492,0.008043514390468465,8.583578914400647e-05
2017-07-11,0.015451544907892245,0.004425123182909996,2.8611111111187526e-05
2017-07-12,0.037950354434074685,0.012855723351292259,2.8611111111187526e-05
2017-07-13,0.01706992657162698,0.004492688207164086,2.8611111111187526e-05
2017-07-14,0.009565268438228136,0.005465990218761263,2.8333333333296906e-05
2017-07-17,0.022186055376728353,0.004447318325303096,8.583578891241395e-05
2017-07-18,-0.015137222734960876,-0.0012650160617584394,2.916666666674672e-05
2017-07-19,0.03399300418385498,0.010345952715076212,3.027777777786511e-05
2017-07-20,0.016335911254859337,0.005502627214839961,3.13888888889835e-05
2017-07-21,-0.016040014745080322,-0.0049182102818740026,3.166666666665208e-05
2017-07-24,0.007858625480340775,0.0031324878268821355,9.528080373599757e-05
2017-07-25,-0.001364914214417312,0.0013883182892693302,3.222222222221127e-05
2017-07-26,0.013153996513673327,0.0032570341067073016,3.0833333333424306e-05
2017-07-27,0.014215283494043662,0.007322553735013226,3.027777777786511e-05
2017-07-28,-0.046646691880833036,-0.018653057766310543,2.9444444444415296e-05
2017-07-31,0.014873122955045837,0.008036234530843789,8.805814014878344e-05
2017-08-01,-0.008882681775371326,-0.0036738239573071985,2.9444444444415296e-05
2017-08-02,0.014484523434578511,0.005357347343751151,2.9444444444415296e-05
2017-08-03,-0.01349249582823664,-0.0027686390958392426,2.9444444444415296e-05
2017-08-04,-0.005659025107550786,-0.0026367840408657583,2.9444444444415296e-05
2017-08-07,0.0027380261061027422,0.0013916752056022386,8.694696360467269e-05
2017-08-08,0.013538517708509668,0.0025706889880006134,2.88888888888561e-05
2017-08-09,-0.02378169701461086,-0.008039817750439271,2.88888888888561e-05
2017-08-10,-0.0011794887526422881,0.0012577737307710724,2.8611111111187526e-05
2017-08-11,-0.04782876443040107,-0.014515314871230145,2.805555555562833e-05
2017-08-14,0.028166978956544186,0.0142334806044353,8.416902803154436e-05
2017-08-15,0.027703685700550817,0.007400349438316356,2.8333333333296906e-05
2017-08-16,0.0012789481271195946,0.0006931950197628378,2.777777777773771e-05
2017-08-17,-0.014006331189131416,-0.004640026666022479,2.7222222222178516e-05
2017-08-18,-0.0446003831271129,-0.01607292405238203,2.777777777773771e-05
2017-08-21,-0.0016508688444636377,-0.0013436596942236756,8.30578549595451e-05
2017-08-22,0.010440955856422018,0.00417786526980346,2.7500000000069136e-05
2017-08-23,0.0037984072678285408,0.004724351889561884,2.7222222222178516e-05
2017-08-24,0.01952042332136883,0.0037200733797246865,2.777777777773771e-05
2017-08-25,-0.00272466577282926,-0.0013285478852472776,2.805555555562833e-05
2017-08-28,-0.0053090368568599056,-0.0029407729658937898,8.305785457385362e-05
2017-08-29,-0.025521180580091896,-0.008497362987819668,2.805555555562833e-05
2017-08-30,0.00841817348296714,0.013457321584273485,2.805555555562833e-05
2017-08-31,0.010730936747698427,0.013767356871817515,2.7500000000069136e-05
2017-09-01,0.021014561003875887,0.009168484107866526,2.777777777773771e-05
2017-09-05,-0.016992452572818895,-0.005600945802189394,0.00011139354175315752
2017-09-06,-0.0009872253798864916,-0.003503675327053868,2.916666666674672e-05
2017-09-07,0.0012121179520863112,0.0023437833279573717,2.8611111111187526e-05
2017-09-08,-0.0009918296274420424,-0.000825175663087041,2.8333333333296906e-05
2017-09-11,-0.0015063225437655925,0.0004130617812958537,8.555799539355924e-05
2017-09-12,0.003998297664879136,0.006467510992651082,2.8333333333296906e-05
2017-09-13,-0.0023763796026085027,-0.0021192811889727547,2.8333333333296906e-05
2017-09-14,-0.0004056878366441863,-0.0008219925093977398,2.8611111111187526e-05
2017-09-15,0.0015360573342970696,-0.002194323745977722,2.8611111111187526e-05
2017-09-18,0.003701633743805388,0.0048059643310867095,8.611358281696013e-05
2017-09-19,0.005030523754662175,-0.0006852727124425639,2.8611111111187526e-05
2017-09-20,0.0004391553639073731,-0.00041185386042041916,2.8333333333296906e-05
2017-09-21,-0.009560638082342199,-0.0034304927780686167,2.8333333333296906e-05
2017-09-22,-0.01230422476087345,-0.008605552699537111,2.805555555562833e-05
2017-09-25,-0.0002631506688111074,-0.0017364507068347024,8.500240812470139e-05
2017-09-26,-0.002685176722079685,-0.001530322327627398,2.916666666674672e-05
2017-09-27,-0.008354201514617299,0.002786748269354211,2.916666666674672e-05
2017-09-28,0.006341265379200323,0.0012507936774557304,2.88888888888561e-05
2017-09-29,-0.003922189330391235,0.004094302026848906,2.88888888888561e-05
2017-10-02,-0.005002904296724897,0.006703438707655884,8.555799508491724e-05
2017-10-03,-0.027056707387984158,0.0006864241353001788,2.916666666674672e-05
2017-10-04,0.008308129741525727,-0.001097611386888131,2.9444444444415296e-05
2017-10-05,-0.0015283240412341526,0.006523875917726185,2.916666666674672e-05
2017-10-06,-0.02475088074168119,0.0027293512341561854,2.916666666674672e-05
2017-10-09,-0.006565638784075345,0.006056308342579975,8.750255210832059e-05
2017-10-10,0.007551148956314702,0.0009467714003537075,2.9444444444415296e-05
2017-10-11,-0.010982554218974205,-0.0031083419043873572,2.999999999997449e-05
2017-10-12,-0.017908714359176958,0.0019661535033714816,2.9722222222305916e-05
2017-10-13,-0.019266703288455256,0.003720258806345411,2.9722222222305916e-05
2017-10-16,-0.015625504348278363,0.0022915847434024084,8.972490550540613e-05
2017-10-17,-0.004986860953610894,0.000605405872211362,2.9722222222305916e-05
2017-10-18,-0.0051291336684003985,0.0026209706682607248,2.9722222222305916e-05
2017-10-19,0.055826163217877145,-0.008043744435230482,2.999999999997449e-05
2017-10-20,-0.06035491271685811,0.006216910180404378,3.027777777786511e-05
2017-10-23,-0.008943115580366534,0.0007389278771559038,9.055828899362517e-05
2017-10-24,0.024789723412208087,-0.006643753504049554,3.055555555553369e-05
2017-10-25,0.04649137106768375,-0.0022291005151484633,3.055555555553369e-05
2017-10-26,0.0017767256119969321,-0.002437232541414036,3.027777777786511e-05
2017-10-27,0.02723756568951563,0.014185001017258614,2.999999999997449e-05
2017-10-30,0.008820752423087885,0.011376169509431877,9.055828891635365e-05
2017-10-31,-0.03556221011990268,0.006220078073986057,3.13888888889835e-05
2017-11-01,-0.02992692856641077,0.0045373232656302775,3.222222222221127e-05
2017-11-02,0.023763676835665937,-0.005433773691675081,3.19444444445427e-05
2017-11-03,-0.02531202646977826,0.002830627279104103,3.222222222221127e-05
2017-11-06,0.004262635376772739,0.005184781364853341,9.694757719436176e-05
2017-11-07,-0.013953707935998594,0.003395657822548248,3.333333333332966e-05
2017-11-08,0.024028669380098622,0.0008458100075667829,3.361111111122028e-05
2017-11-09,0.05192189514302914,-0.003706193239553457,3.388888888888886e-05
2017-11-10,-0.022888970221184968,0.0006527377011329438,3.361111111122028e-05
2017-11-13,0.05696565975069623,-0.0015000953220338786,0.00010111451894290191
2017-11-14,-0.0016747092960818222,0.0015024469746487412,3.444444444444805e-05
2017-11-15,0.03578214676684888,-0.004435125510747651,3.416666666655743e-05
2017-11-16,0.01363139582374484,0.004651531465479586,3.472222222211663e-05
2017-11-17,0.026178720168750447,0.007955179173059657,3.500000000000725e-05
2017-11-20,-0.021487885805403395,-0.0033642907495914365,0.00010555926948807581
2017-11-21,0.023381538454127382,0.0032455389455503525,3.555555555556644e-05
2017-11-22,0.01835875692103328,0.006988126042116516,3.527777777767582e-05
2017-11-24,-0.008939361992683081,0.0013486206721413652,7.027901250000745e-05
2017-11-27,0.007070412111786606,0.002310007997188279,0.00010472587782039966
2017-11-28,-0.022789119054840268,0.0021128229248359442,3.555555555556644e-05
2017-11-29,-0.0025125039597626575,-0.0008306923792230636,3.527777777767582e-05
2017-11-30,0.003878383639904781,-0.012147495279018039,3.472222222211663e-05
2017-12-01,0.03358691365893374,-0.002006516176329076,3.472222222211663e-05
2017-12-04,-0.039432163777874396,0.008171558099405063,0.00010500367481114381
2017-12-05,0.020350520426535512,-0.017883166150738594,3.555555555556644e-05
2017-12-06,0.024795487544317485,-0.002881195826837657,3.555555555556644e-05
2017-12-07,0.008754898117296683,0.008210462641547345,3.527777777767582e-05
2017-12-08,-0.014247625325319202,0.010815084324324209,3.500000000000725e-05
2017-12-11,-0.02161087699155806,-0.0024489962608442717,0.00010639266115575197
2017-12-12,-0.035582002301072,0.006849230159096331,3.666666666668483e-05
2017-12-13,0.0008222534796629155,0.0031442733594797545,3.555555555556644e-05
2017-12-14,-0.0010728281338475698,-0.0003842010672207019,3.611111111112564e-05
2017-12-15,-0.0066530286473387434,0.0014721901004486337,3.583333333323502e-05
2017-12-18,0.016123852699322594,0.01406596856306952,0.00010944843592786135
2017-12-19,-0.0034236962575729946,-0.0001268055477648966,3.74999999999126e-05
2017-12-20,-0.01882914364886512,-0.0005682492035039566,3.777777777780322e-05
2017-12-21,0.007857963899297271,-0.0031595827210733063,3.694444444435341e-05
2017-12-22,-0.013240882563421263,-0.002789206467340377,3.638888888879421e-05
2017-12-26,0.01486353584394351,-0.0052124734262527506,0.00014945281409661781
2017-12-27,-0.015294033689264741,0.0002556366526955678,3.944444444448081e-05
2017-12-28,0.009682023590412703,0.0032579746639003204,3.80555555554718e-05
2017-12-29,-0.012226755521608679,-0.0010827590786604002,3.80555555554718e-05
2018-01-02,0.012912896630615567,-0.0019759914855391747,0.0001536199592540033
2018-01-03,0.007029065307921911,0.013285746196507908,3.8611111111030993e-05
2018-01-04,0.02176455670281574,0.012228793158038043,3.8611111111030993e-05
2018-01-05,0.008113065145025855,0.0030518752823249784,3.80555555554718e-05
2018-01-08,0.0034764389292936126,0.005277031561228052,0.00011583780491841722
2018-01-09,-0.028342340242557773,0.0058670611645925685,3.944444444448081e-05
2018-01-10,0.05605748818982215,-0.006324258375587255,3.888888888892161e-05
2018-01-11,-0.06206702025521171,0.003831061882862752,3.916666666659019e-05
2018-01-12,-0.00032446845861078266,0.004247160020204532,3.916666666659019e-05
2018-01-16,0.0205992389530969,0.014894130979797637,0.00015723149190915997
2018-01-17,0.0791064128736807,-0.004710424770904664,3.944444444448081e-05
2018-01-18,0.01408578325284715,0.004429454608962269,3.9722222222149384e-05
2018-01-19,-0.0318733423679447,0.004712342116903079,3.944444444448081e-05
2018-01-22,0.007513019898586437,-0.00018068780967761544,0.00011861580067895616
2018-01-23,-0.03156098401210794,0.014193017310852873,3.944444444448081e-05
2018-01-24,0.019731057918491723,0.007293749692924623,3.916666666659019e-05
2018-01-25,0.028607521670611202,-0.0017660045683514092,3.888888888892161e-05
2018-01-26,0.02071549962151331,-0.0016511945055645016,3.8611111111030993e-05
2018-01-29,0.05228051126128341,0.0075607749308075345,0.0001169490027597142
2018-01-30,0.17315408332005355,-0.011842650253141018,3.944444444448081e-05
2018-01-31,-0.05108546753763166,0.006526186363712272,4.0000000000040004e-05
2018-02-01,-0.0065864504266872625,-0.009136309220238559,4.05555555555992e-05
2018-02-02,-0.016125033733846772,-0.004759125110941231,4.05555555555992e-05
2018-02-05,-0.038555762052681075,-0.02528374103082276,0.00012250500191979263
2018-02-06,-0.027048846966887807,-0.044520970645716584,4.166666666671759e-05
2018-02-07,0.11051508219668849,0.03838030176871832,4.249999999994536e-05
2018-02-08,-0.025550621368109594,-0.0072316737385902385,4.249999999994536e-05
2018-02-09,-0.057845885956765764,-0.03112932701926019,4.249999999994536e-05
2018-02-12,0.033893850022412186,0.013365989031389525,0.00012972782994169485
2018-02-13,-0.0006500769787760596,0.0016486938803481621,4.361111111106375e-05
2018-02-14,0.011563107791738414,0.00500092117027684,4.3333333333395174e-05
2018-02-15,0.11681659954887369,0.0339530213862409,4.3333333333395174e-05
2018-02-16,0.00641496039925693,0.006214202452524242,4.4166666666622945e-05
2018-02-20,-0.015524792265188658,-0.004722719606661818,0.00017806744410275854
2018-02-21,0.051604247793486824,0.010463485803527073,4.500000000007276e-05
2018-02-22,-0.022847683390684437,-0.0033715160649753217,4.472222222218214e-05
2018-02-23,0.010150852307600822,0.0035643614198201945,4.472222222218214e-05
2018-02-26,0.06802754750640005,0.01703475615573735,0.00013528387748351633
2018-02-27,0.03482404825202856,0.008818453380919689,4.5555555555631955e-05
2018-02-28,-0.016287628176362423,-0.007040349863051354,4.5277777777741335e-05
2018-03-01,-0.04707584078810101,-0.011521157324679732,4.4444444444513564e-05
2018-03-02,-0.10333140358684323,-0.02869086457859049,4.500000000007276e-05
2018-03-05,0.06564033324728302,0.01667686559084447,0.000136395088982999
2018-03-06,0.07333859252237906,0.020822268241952102,4.583333333330053e-05
2018-03-07,-0.026092378876971467,-0.008301661699822716,4.583333333330053e-05
2018-03-08,0.05472730476806009,0.014230599848650716,4.5555555555631955e-05
2018-03-09,0.026520628485671827,0.008488697433324033,4.5555555555631955e-05
2018-03-12,0.06513632949523962,0.015198591273547502,0.00013778410503539895
2018-03-13,0.015463444731269371,0.0046637137032301546,4.722222222230954e-05
2018-03-14,-0.044232404529191416,-0.010717315559515939,4.805555555553731e-05
2018-03-15,-0.014634513987340392,-0.004692460746474447,4.833333333342793e-05
2018-03-16,-0.0011576641788959563,0.00011640850729577323,4.8611111111096506e-05
2018-03-19,-0.044138774719416185,-0.014234146328874098,0.00014639603213773
2018-03-20,-0.04444110282847791,-0.01141337079616278,4.944444444454632e-05
2018-03-21,0.004899171456678175,0.00023923322716989937,4.7499999999978115e-05
2018-03-22,-0.052640383760571674,-0.015549401965349041,4.694444444441892e-05
2018-03-23,-0.008802178953283613,-0.012149761414448346,4.7499999999978115e-05
2018-03-26,-0.006388156865606787,-0.005473474493208563,0.00014389578969375982
2018-03-27,0.06602644440269656,0.024116111745072555,4.833333333342793e-05
2018-03-28,-0.08829340454054735,-0.04498266135839357,4.722222222230954e-05
2018-03-29,-0.002794089024320212,-0.00044245290483613253,4.722222222230954e-05
2018-04-02,0.0009088123389489056,0.005629681224453398,0.00019001353746617156
2018-04-03,-0.028067801590682007,-0.013334842780387213,4.7777777777868735e-05
2018-04-04,0.012363620570469358,-0.01689242369288202,4.6666666666750345e-05
2018-04-05,0.09503022627110136,0.04610260506592634,4.694444444441892e-05
2018-04-06,-0.04515378389035907,-0.01518623871519964,4.722222222230954e-05
2018-04-09,-0.0049466123908333826,-0.005664617537091021,0.00014250676862581635
2018-04-10,0.02705791236061894,0.014115920596015963,4.7499999999978115e-05
2018-04-11,0.0036160317313591595,-6.240708499749559e-05,4.722222222230954e-05
2018-04-12,0.025979854731381202,0.006554383391458529,4.7777777777868735e-05
2018-04-13,0.005484921047312685,0.010976617234573993,4.805555555553731e-05
2018-04-16,-0.01775005732123791,-0.00318970194231738,0.00014500700821495904
2018-04-17,0.0048844742948288555,0.010707336424484737,4.91666666666557e-05
2018-04-18,0.0042581930155700665,0.011325122010745092,4.944444444454632e-05
2018-04-19,-0.028861000276120596,-0.003010238275835797,4.9722222222214896e-05
2018-04-20,-0.007434222060575868,-0.0067029265188873755,4.944444444454632e-05
2018-04-23,-0.004560449704742786,-0.00851125015632026,0.00015000749919913403
2018-04-24,-0.0021389408013865463,-0.0026365364992412266,5.111111111100186e-05
2018-04-25,-0.008449754587926739,-0.024099202457557478,5.055555555566471e-05
2018-04-26,-0.0013341900465242418,0.012347509157356829,4.9722222222214896e-05
2018-04-27,-0.0012650219389430672,0.02283682291425304,4.944444444454632e-05
2018-04-30,-0.004707083162771131,-0.011558978447557267,0.00015000749919913403
2018-05-01,-0.007422848863222642,-0.012002217473235821,5.055555555566471e-05
2018-05-02,0.03533602592533103,0.015823447759830467,5.027777777777409e-05
2018-05-03,-0.03445639824130364,-0.01263334624029433,5.0000000000105516e-05
2018-05-04,0.007062926113897028,0.0006213459012511802,5.0000000000105516e-05
2018-05-07,0.08695177546077715,0.028181237402977066,0.00015084091679384848
2018-05-08,0.0014628413304336174,0.0015090387527794125,5.111111111100186e-05
2018-05-09,0.02177919379930615,0.002893478843262187,5.138888888889248e-05
2018-05-10,0.04247774643381197,0.012321966057072808,5.1666666666561056e-05
2018-05-11,0.02064224491434774,0.005937559100443801,5.222222222212025e-05
2018-05-14,0.019646538403416125,0.0025383086454893178,0.0001572304618719933
2018-05-15,-0.02774973515165302,-0.008477822157168968,5.250000000001087e-05
2018-05-16,-0.008292583090499739,-0.0019004747253812404,5.222222222212025e-05
2018-05-17,0.012983324307401123,0.0017849607423836567,5.222222222212025e-05
2018-05-18,-0.018397737902907108,-0.0042166388782897135,5.1944444444451676e-05
2018-05-21,0.004065512922829528,0.006441147039186745,0.00015667484805881315
2018-05-22,0.0011325268264610333,0.002429316939179582,5.2777777777679447e-05
2018-05-23,-0.03649832880503612,-0.013418612763974824,5.222222222212025e-05
2018-05-24,0.04075767052295198,0.015877891583657044,5.1944444444451676e-05
2018-05-25,0.0024655463201568306,-0.00011830067137286182,5.1666666666561056e-05
2018-05-29,-0.006993990312755827,-0.003420924737548847,0.0002077939672266993
2018-05-30,0.008300482756588679,0.003728885266240267,5.2777777777679447e-05
2018-05-31,0.005875288278231805,0.0035380569300895726,5.250000000001087e-05
2018-06-01,0.011589068400459368,0.004348409697912725,5.222222222212025e-05
2018-06-04,0.041612368060030214,0.013222773737159299,0.00015750826866312018
2018-06-05,0.021130744363348164,0.008834873032216306,5.3055555555570066e-05
2018-06-06,-0.02864776104551847,0.0017740822185747795,5.3055555555570066e-05
2018-06-07,-0.0425838098708482,0.004970791835828825,5.2777777777679447e-05
2018-06-08,0.04691977003232717,-0.012962740715687593,5.250000000001087e-05
2018-06-11,-0.0011344049087319563,0.00403224558661508,0.00015806388278516437
2018-06-12,-9.51086157896519e-06,0.004819015171266816,5.250000000001087e-05
2018-06-13,0.006516683894812303,0.005423730524717785,5.2777777777679447e-05
2018-06-14,0.0010008522570301714,0.003009703561023036,5.2777777777679447e-05
2018-06-15,-0.00019313801649933904,0.0016983469309959087,5.2777777777679447e-05
2018-06-18,0.023918240804671198,-0.006015611852040581,0.00015861949706108547
2018-06-19,0.0029514998489554856,-0.006951846371918036,5.3055555555570066e-05
2018-06-20,0.016957514036901156,0.01457509940945978,5.2777777777679447e-05
2018-06-21,0.010488473326644598,0.005033464488604755,5.2777777777679447e-05
2018-06-22,0.0034153025900847123,-0.007878483053508467,5.250000000001087e-05
2018-06-25,-0.0251216846500546,-0.014577511749785499,0.0001577860758397165
2018-06-26,-0.03187655652089394,-0.00995820239628542,5.2777777777679447e-05
2018-06-27,0.007882877870436733,0.004651203826658179,5.250000000001087e-05
2018-06-28,-0.06335242998817747,-0.01898112125210627,5.250000000001087e-05
2018-06-29,0.016289707987536595,0.014688424831731606,5.250000000001087e-05
2018-07-02,-0.006493198528716104,-0.011452710704799363,0.00015917511056584566
2018-07-03,0.008975637573524597,0.020054075538299188,5.388888888879784e-05
2018-07-05,-0.026325396531102774,-0.008878699993847938,0.00010722509629612631
2018-07-06,-0.004035830828731712,0.008202109729737561,5.361111111112926e-05
2018-07-09,0.05572410899359914,0.01846286414973619,0.00016139757106614638
2018-07-10,0.007843603079453754,0.005664983945250279,5.416666666668846e-05
2018-07-11,-0.02341651398641653,-0.008956710710509186,5.361111111112926e-05
2018-07-12,0.0036023860134060115,0.00721871356690218,5.388888888879784e-05
2018-07-13,0.03012830512765685,0.012697514653353448,5.388888888879784e-05
2018-07-16,-0.000827277039870622,0.001114594939382707,0.00016278660972735004
2018-07-17,-0.03170003445924652,-0.013192194216959496,5.499999999991623e-05
2018-07-18,0.0542002026013515,0.016978473928604965,5.444444444435703e-05
2018-07-19,-0.010995569465581112,-0.00560196064140861,5.444444444435703e-05
2018-07-20,0.00014794242853000128,0.0016175294316311817,5.416666666668846e-05
2018-07-23,-0.015332943857728099,-0.0061811390312910275,0.00016278661011326356
2018-07-24,0.0417173601413674,0.016530246233432466,5.499999999991623e-05
2018-07-25,-0.02797825741816684,-0.005677804316000623,5.472222222224765e-05
2018-07-26,0.007746083615025601,-0.00022185397886187452,5.416666666668846e-05
2018-07-27,-0.0030278616646649548,0.004713308250385628,5.444444444435703e-05
2018-07-30,-0.011623650674191355,-0.019647754721705657,0.00016473126621474599
2018-07-31,-0.004718902465431718,-0.010302199844578253,5.527777777780685e-05
2018-08-01,0.0008291399239528374,0.006029536176376027,5.527777777780685e-05
2018-08-02,-0.003203106463167238,-0.005597733114621084,5.499999999991623e-05
2018-08-03,0.05756143941137859,0.022743736456690034,5.472222222224765e-05
2018-08-06,0.0017107627434713724,0.0005007347005614449,0.00016556469129436202
2018-08-07,0.005188232997258124,0.009390741291975369,5.611111111103462e-05
2018-08-08,-0.0034601073914151126,-0.0005503066384217048,5.611111111103462e-05
2018-08-09,-0.005609328648918277,0.001982851895670157,5.611111111103462e-05
2018-08-10,0.010118413169528884,-0.0067616505926244574,5.583333333336604e-05
2018-08-13,-0.004301457741097137,0.0009410850070699084,0.00016806496985166675
2018-08-14,0.004012454368870433,0.0008845728414126341,5.666666666659381e-05
2018-08-15,-0.0050905805556467065,-0.005524670645857932,5.638888888892524e-05
2018-08-16,0.005075351982540166,0.0033333143087819206,5.638888888892524e-05
2018-08-17,0.005017249635174137,-0.006976229136834267,5.583333333336604e-05
2018-08-20,-0.0016673565566931448,0.005073495614209778,0.00016806496985166675
2018-08-21,-0.0010802474935099893,-0.00011078464336400362,5.666666666659381e-05
2018-08-22,0.004619872777841927,-0.0014424611966913359,5.694444444448443e-05
2018-08-23,0.0021147461020267766,0.0042228497813516785,5.666666666659381e-05
2018-08-24,0.01219265984478568,0.003651454720120295,5.694444444448443e-05
2018-08-27,0.03518195946343172,0.011025367279147158,0.00017167648977056693
2018-08-28,0.025242772944596314,0.007797067827252313,5.805555555560282e-05
2018-08-29,-0.00165034378916884,0.000541032351036197,5.805555555560282e-05
2018-08-30,0.011126699469179657,0.007840993416019293,5.750000000004363e-05
2018-08-31,0.03509182453746651,-0.001073420882880427,5.750000000004363e-05
2018-09-04,-0.014847588867110795,-0.0005370304264772363,0.00023057548965499386
2018-09-05,0.006777700585832713,-0.003009002419140816,5.83333333332714e-05
2018-09-06,-0.022871226218276863,-0.010726753472861339,5.805555555560282e-05
2018-09-07,-0.01102691703687464,-0.016509667444877918,5.83333333332714e-05
2018-09-10,0.002990597797837502,0.009141106765543361,0.0001752880187180228
2018-09-11,-0.013600635134374484,-0.0063682637722809465,5.861111111116202e-05
2018-09-12,0.006244461304250271,0.010276924943639187,5.888888888883059e-05
2018-09-13,0.015768186440474175,0.004758048149043015,5.861111111116202e-05
2018-09-14,-0.002865592922061899,0.005116517291579026,5.888888888883059e-05
2018-09-17,-0.009332714179301593,-0.0053072152448502274,0.00017695488106928003
2018-09-18,-0.02581485317368226,-0.01192293437202796,5.916666666672121e-05
2018-09-19,0.0019986694726983334,0.007603715364925989,5.888888888883059e-05
2018-09-20,0.015299331242919934,0.005960725091506358,5.916666666672121e-05
2018-09-21,0.009151116088421007,0.00684921591433052,5.944444444438979e-05
2018-09-24,-0.017771170963694294,-0.01534602022553655,0.00017945517768303
2018-09-25,0.002557971075541454,0.00966740595723481,6.02777777778396e-05
2018-09-26,-0.011932775709159849,0.002666033009463664,5.999999999994898e-05
2018-09-27,0.002481560759817869,0.003906616076991387,5.944444444438979e-05
2018-09-28,0.0011492004699049652,0.0015671306954310182,5.972222222228041e-05
2018-10-01,0.027301901874545953,0.008418632141924398,0.00018028861094232518
2018-10-02,-0.010584763406142006,-0.004601986821477166,6.08333333333988e-05
2018-10-03,0.012541179012227621,0.0027951591697035205,6.08333333333988e-05
2018-10-04,-0.021005673642475187,-0.007130238489075236,6.055555555550818e-05
2018-10-05,-0.04338714935276511,-0.015334572722725537,6.055555555550818e-05
2018-10-08,0.005682315396459359,-0.01557324367400259,0.0001816776678145171
2018-10-09,0.001992658729520036,-0.0018943700252698203,6.138888888895799e-05
2018-10-10,-0.010173399369114433,-0.00373948074067465,6.194444444451719e-05
2018-10-11,-0.03274688814756754,-0.041958177251514406,6.166666666662657e-05
2018-10-12,0.030278204539753606,0.018418813597785633,6.194444444451719e-05
2018-10-15,-0.012420506418556743,-0.0026408580854223596,0.0001869560936835768
2018-10-16,0.012641451269014947,0.0017846023121006471,6.277777777774496e-05
2018-10-17,0.04043050603826637,0.02333099399203542,6.305555555563558e-05
2018-10-18,-0.02183741372261161,-0.008199445452993559,6.305555555563558e-05
2018-10-19,-0.026246074859022195,-0.011549868083341241,6.277777777774496e-05
2018-10-22,-0.007050663314679073,-0.0029785401310952198,0.00018945640735057445
2018-10-23,0.006101035953340661,-0.019648510701801514,6.361111111119477e-05
2018-10-24,0.004708032867994261,0.014240670982555104,6.361111111119477e-05
2018-10-25,0.049744181908423,-0.029814485096002374,6.361111111119477e-05
2018-10-26,-0.027475294818931628,-0.01613994512935213,6.333333333330415e-05
2018-10-29,0.019856320328227817,0.02427402992895278,0.00019056765951552812
2018-10-30,-0.01718921828617881,-0.038177374832919275,6.361111111119477e-05
2018-10-31,0.11522114846514642,0.03606732992292283,6.361111111119477e-05
2018-11-01,-0.01835159908088424,0.008599220531104956,6.305555555563558e-05
2018-11-02,0.005376248124915328,0.00858489691244202,6.333333333330415e-05
2018-11-05,-0.005833714717838889,-0.011251473524054423,0.00019112328544368395
2018-11-06,0.003904085769323995,-0.0037151476422567775,6.416666666675397e-05
2018-11-07,-0.014718646998905016,0.019589546606738617,6.444444444442254e-05
2018-11-08,-0.006461511860960556,0.014395041312482704,6.388888888886335e-05
2018-11-09,-0.01915840095804422,-0.011043965651887033,6.416666666675397e-05
2018-11-12,-0.033287987421779186,-0.014522618867266024,0.00019251235234785113
2018-11-13,-0.032701140796922545,-0.018846748234839228,6.499999999998174e-05
2018-11-14,-0.011210301023320102,0.006043956107210757,6.472222222231316e-05
2018-11-15,0.03794124079851735,-0.019152991248518214,6.444444444442254e-05
2018-11-16,-0.013133440881035852,0.009399337391362783,6.416666666675397e-05
2018-11-19,0.007507616518708016,0.0015022330435698894,0.00019334579262886287
2018-11-20,-0.03364960148558249,-0.0499704414530574,6.499999999998174e-05
2018-11-21,0.012109674962006212,0.018817156512515476,6.555555555554093e-05
2018-11-23,0.012767967513361844,-0.014006951584876748,0.00013111540864185756
2018-11-26,-0.004479588131209078,0.01477160980075376,0.00019695737373970346
2018-11-27,-0.003694476356184806,0.003468831329485722,6.555555555554093e-05
2018-11-28,0.00670268934854068,0.016172484885832228,6.527777777787236e-05
2018-11-29,0.007604615272084336,0.02047187298880848,6.444444444442254e-05
2018-11-30,-0.0028414980569062553,0.002321112320735619,6.444444444442254e-05
2018-12-03,0.05990620624027465,0.028091387996409534,0.00019390142002295718
2018-12-04,-0.02248537946792939,-0.009704698198945039,6.611111111110013e-05
2018-12-06,-0.124157606210063,-0.05279132275281795,0.00013167100061717285
2018-12-07,0.012048190358271649,0.023278720774661643,6.527777777787236e-05
2018-12-10,-0.019365960395948956,-0.030572700839257894,0.00019640174526536214
2018-12-11,0.016021497652761285,0.028867224075519005,6.583333333343155e-05
2018-12-12,0.00155077064303355,0.0016295071951339946,6.638888888899075e-05
2018-12-13,0.00045019466361795324,0.0007827800426216669,6.611111111110013e-05
2018-12-14,-0.009094658871408146,-0.017576456341972135,6.583333333343155e-05
2018-12-17,-0.005963764382167502,-0.017278439231060427,0.00019723518801573192
2018-12-18,-0.003243579353663484,-0.010848509780508664,6.499999999998174e-05
2018-12-19,0.0020459555604956936,-0.002962118013662862,6.527777777787236e-05
2018-12-20,-0.018089930201154014,-0.02547752882328813,6.499999999998174e-05
2018-12-21,-0.011548124015248518,-0.007136211811778148,6.499999999998174e-05
2018-12-24,-0.045192493916225485,-0.04281009585122675,0.00019695737250513545
2018-12-26,-0.017400195031542665,-0.006845157076140973,0.0001333377777008593
2018-12-27,0.06266945068064178,0.03646269991091544,6.555555555554093e-05
2018-12-28,0.0001679089418296087,0.025137769337318705,6.527777777787236e-05
2018-12-31,0.00033486102932922535,0.00207603622597885,0.00019723518739844792
2019-01-02,0.0009328693827819201,-0.022528528095449918,0.00013250438888889882
2019-01-03,0.0006990736168153155,0.010662728919050846,6.555555555554093e-05
2019-01-04,0.0002901211096975054,-0.001703574576572775,6.583333333343155e-05
2019-01-07,-0.0009257061832670388,0.02809479178557428,0.00019862425978112164
2019-01-08,-0.00918244792514944,0.018643908967585388,6.694444444454994e-05
2019-01-09,0.004182665775135153,0.0037608012183611983,6.666666666665932e-05
2019-01-10,-0.0032329014829037828,-0.003371927297701305,6.611111111110013e-05
2019-01-11,0.011600184489401144,0.004573810590101646,6.611111111110013e-05
2019-01-14,-0.008254986368320116,-0.006237037851227423,0.00019890207467399001
2019-01-15,0.006618883798830355,0.004204994076357549,6.666666666665932e-05
2019-01-16,0.027362605189809708,0.01656277434810427,6.611111111110013e-05
2019-01-17,-0.013900935606801168,-0.00504162472649583,6.583333333343155e-05
2019-01-18,0.03814049330880276,0.018228842286594604,6.555555555554093e-05
2019-01-22,-0.007180772952539272,-0.004369322983493018,0.0002628036733562933
2019-01-23,-0.018902199484046922,-0.007863118201467567,6.555555555554093e-05
2019-01-24,0.0010596029963010345,-0.0005528186969103732,6.444444444442254e-05
2019-01-25,0.030513894256328777,0.01124911167747622,6.499999999998174e-05
2019-01-28,-0.022313126089104407,-0.009057029693854801,0.00019584611694467569
2019-01-29,0.008527691624145683,0.0011039654743576488,6.583333333343155e-05
2019-01-30,0.003013118076498511,0.0012256251737403634,6.583333333343155e-05
2019-01-31,0.03200884774670221,0.02019590313887787,6.555555555554093e-05
2019-02-01,0.008761133639993757,0.0037790323561071038,6.527777777787236e-05
2019-02-04,0.007432193042215651,0.0008965273608996238,0.00019640174526536214
2019-02-05,0.02715485383308036,0.013613371210598357,6.583333333343155e-05
2019-02-06,0.010925894362276312,0.007716856531965854,6.583333333343155e-05
2019-02-07,-0.0066546590033046416,-0.011924953642331593,6.583333333343155e-05
2019-02-08,-0.03418737819244455,-0.013429529315802768,6.611111111110013e-05
2019-02-11,0.029434199869786903,0.014451732946370033,0.00019890207467399001
2019-02-12,0.007864942974001421,0.0027193038741086806,6.611111111110013e-05
2019-02-13,0.02186629583670152,0.011908064767869986,6.638888888899075e-05
2019-02-14,-0.015896766199402168,-0.007282243390996812,6.611111111110013e-05
2019-02-15,0.02618402008288978,0.01244167189503309,6.611111111110013e-05
2019-02-19,-0.018807856903303444,-0.006434196700171868,0.00026530416829628756
2019-02-20,0.0036098018425141376,0.0057754867555264155,6.666666666665932e-05
2019-02-21,-0.02760106264308937,-0.003538148612739378,6.666666666665932e-05
2019-02-22,-0.008279095553355487,0.001164340851302681,6.694444444454994e-05
2019-02-25,0.04124688031128598,0.012907501010443356,0.00020112459327981114
2019-02-26,0.04919370440311743,-0.006371325365868374,6.666666666665932e-05
2019-02-27,0.003714136776942878,-0.0011556463579499576,6.666666666665932e-05
2019-02-28,-0.008041013235257743,0.0008676012057156068,6.666666666665932e-05
2019-03-01,0.01181401948322458,0.008032561716889708,6.638888888899075e-05
2019-03-04,-0.00014594804604783906,0.00630573699581416,0.00019973551873686546
2019-03-05,0.024035129599041527,-0.005639487881054839,6.694444444454994e-05
2019-03-06,0.000825191676499859,0.0009738248337167743,6.694444444454994e-05
2019-03-07,-0.012400047433719918,-0.009157499122475543,6.666666666665932e-05
2019-03-08,-0.06035550223505404,-0.02085280022707814,6.694444444454994e-05
2019-03-11,-0.014021544469514313,0.013981459393130447,0.00020084677830967124
2019-03-12,-0.01789820793007113,0.01925762569683398,6.694444444454994e-05
2019-03-13,0.0033876720111210012,0.00804821852998927,6.666666666665932e-05
2019-03-14,0.005091368671322538,0.0030015087636718896,6.666666666665932e-05
2019-03-15,0.008969634322321118,0.001523954178753284,6.666666666665932e-05
2019-03-18,0.01720180758298895,0.004926155211570471,0.0001997355188136929
2019-03-19,-0.014404044061576915,0.006911967221623128,6.694444444454994e-05
2019-03-20,0.02993787378409496,-0.000669634596325186,6.722222222221852e-05
2019-03-21,0.030167474833389107,0.0008935910790985879,6.750000000010914e-05
2019-03-22,-0.007958064611249371,0.014284040371866924,6.694444444454994e-05
2019-03-25,0.11424948923427136,-0.021289758040124895,0.00020084677830967124
2019-03-26,0.0255860703222881,0.009499516163224309,6.694444444454994e-05
2019-03-27,-0.0010610612811583486,-0.0015590270504752812,6.638888888899075e-05
2019-03-28,-0.002358433443598318,-0.005353593160082215,6.611111111110013e-05
2019-03-29,0.002232783165851293,0.0074568309485767426,6.527777777787236e-05
2019-04-01,0.0006329669171334373,0.010128433905296719,0.00019667955930979808
2019-04-02,0.0015245529327101437,0.004021850308790542,6.583333333343155e-05
2019-04-03,0.028710647195109518,0.008340524800843241,6.638888888899075e-05
2019-04-04,0.003985519781352531,0.0003811109623588216,6.638888888899075e-05
2019-04-05,-0.0200365849049976,0.002230632411993838,6.638888888899075e-05
2019-04-08,-0.005284446299943513,0.0006511198603469381,0.00019890207475148358
2019-04-09,0.007926782546390676,0.0007594022793462329,6.583333333343155e-05
2019-04-10,0.010442272948565146,0.001192274709836072,6.611111111110013e-05
2019-04-11,0.01943884142605734,0.00573844639892318,6.611111111110013e-05
2019-04-12,-0.037153914402950905,0.00037666218026966014,6.638888888899075e-05
2019-04-15,-0.01352094264267889,-5.35623310160549e-05,0.00019890207475148358
2019-04-16,-0.003778462195519139,0.0037665127334380877,6.611111111110013e-05
2019-04-17,-0.02328772731948947,0.006486641481583844,6.638888888899075e-05
2019-04-18,0.028171136276221365,-0.0015442544723210938,6.583333333343155e-05
2019-04-22,-0.0035596922240939133,-0.004747857461960603,0.00026391500392675127
2019-04-23,-0.03272709285734332,0.009808462082741665,6.666666666665932e-05
2019-04-24,-0.0021410639603132164,0.010986938511662547,6.638888888899075e-05
2019-04-25,0.0522754116043993,0.0034655154977998315,6.611111111110013e-05
2019-04-26,-0.0016167686839672069,-0.004970811483147153,6.583333333343155e-05
2019-04-29,-0.023284973721407698,0.0024716921816816395,0.0001980686310751878
2019-04-30,0.006764234527584012,-0.006136912162882258,6.611111111110013e-05
2019-05-01,-0.010853490077937789,0.006861003137139221,6.611111111110013e-05
2019-05-02,0.02495582998496504,-0.010011801894917127,6.694444444454994e-05
2019-05-03,0.011034802298772739,0.004235854293402452,6.611111111110013e-05
2019-05-06,-0.011395594964047295,-0.013813447822523806,0.00019862426016681312
2019-05-07,0.014231056602594494,0.004383849150724206,6.611111111110013e-05
2019-05-08,-0.007535129693936327,-0.011923421023319003,6.611111111110013e-05
2019-05-09,-0.004457762512858343,-0.010396626564987077,6.611111111110013e-05
2019-05-10,0.0005196331474968119,0.0022319380306230485,6.611111111110013e-05
2019-05-13,-0.00827609074309077,-0.020748790128932937,0.00019779081664439424
2019-05-14,-0.004208687084109153,-0.0042706910473331305,6.555555555554093e-05
2019-05-15,-0.00020047987403326584,-0.0009470066430884438,6.583333333343155e-05
2019-05-16,0.009188833155328036,0.021299072637752214,6.527777777787236e-05
2019-05-17,-0.012051867884134926,-0.00038204955720344547,6.499999999998174e-05
2019-05-20,-0.03835259247026346,-0.014254665258242372,0.0001950126752745529
2019-05-21,0.01109207352904984,0.005595916404576018,6.499999999998174e-05
2019-05-22,-0.03388134942763965,-0.0037464747319173597,6.472222222231316e-05
2019-05-23,-0.024771985023803067,-0.010397479111145635,6.444444444442254e-05
2019-05-24,0.007129965223561019,0.0015093234241785325,6.388888888886335e-05
2019-05-28,-0.020940780441136453,-0.0030691042381680855,0.00025613570938287644
2019-05-29,-0.04533254676234422,-0.012705657140147375,6.444444444442254e-05
2019-05-30,0.04021227941268002,0.0006236333886278089,6.472222222231316e-05
2019-05-31,-0.0214866749678867,-0.010255093131305348,6.388888888886335e-05
2019-06-03,0.003568923872913299,-0.0069264038638977565,0.00019167891229754375
2019-06-04,0.012631032504345496,-0.008358314637285202,6.388888888886335e-05
2019-06-05,0.07486920587495871,0.02644893508150581,6.388888888886335e-05
2019-06-06,-0.014686347615684991,-0.0003968841409834889,6.333333333330415e-05
2019-06-07,0.03150596554283891,0.011614219985333962,6.194444444451719e-05
2019-06-10,0.04751223412011929,0.020665515029192116,0.00018612265710604703
2019-06-11,0.057570500205623265,0.015418739055474973,6.166666666662657e-05
2019-06-12,-0.05168284988606986,-0.01167231689499304,6.08333333333988e-05
2019-06-13,-0.0013280341532274642,0.0010934490446927736,5.944444444438979e-05
2019-06-14,-0.040084167531738824,-0.003386364867089764,5.972222222228041e-05
2019-06-17,0.008013005517125471,0.0030693150278076065,0.0001800107999845313
2019-06-18,0.007770964126351698,0.01567945398366888,6.02777777778396e-05
2019-06-19,0.0043592847402635915,0.004034309275007031,5.916666666672121e-05
2019-06-20,0.010269616053392383,0.016393595542913753,5.805555555560282e-05
2019-06-21,-0.006823670520898495,-0.005745260871299673,5.750000000004363e-05
2019-06-24,0.0011227512904927739,0.0016792962594951444,0.00017278772866324843
2019-06-25,-0.001565985111410928,-0.002652099811306874,5.750000000004363e-05
2019-06-26,-0.01461277155273133,-0.009945298543970749,5.83333333332714e-05
2019-06-27,0.0011942314509927332,0.0016116423558931725,5.805555555560282e-05
2019-06-28,0.003637555583125618,0.0026279823185146878,5.77777777777122e-05
2019-07-01,0.06772977154739279,0.018026325166969004,0.0001755658273605576
2019-07-02,-0.030718583622586504,-0.005885075362977776,5.972222222228041e-05
2019-07-03,0.0059683488145414465,0.0068181960706674705,5.999999999994898e-05
2019-07-05,-0.02143195049625002,-0.0018897815715251953,0.00012055918888886907
2019-07-08,0.003601328441482199,-0.0016832376605789845,0.00018251110207700982
2019-07-09,0.020834769017775256,-0.005268285092875025,6.138888888895799e-05
2019-07-10,0.02771811858928186,0.01594203656737969,5.972222222228041e-05
2019-07-11,-0.00031795291914682444,0.005369575209415389,5.888888888883059e-05
2019-07-12,-0.0041604295869484,-0.0011406794449362323,5.83333333332714e-05
2019-07-15,0.020214844128049636,0.007008149822847587,0.0001752880187180228
2019-07-16,-0.0036739899867864745,-0.0003608382395893228,5.83333333332714e-05
2019-07-17,-0.004542314736704189,-0.003919451314685074,5.805555555560282e-05
2019-07-18,-0.004915433472316155,-0.009629804345389514,5.583333333336604e-05
2019-07-19,0.043791749017880965,0.012807892914038721,5.611111111103462e-05
2019-07-22,-0.023779872228574583,-0.011871389268874544,0.00016889839678313479
2019-07-23,0.04201207900340154,0.011178585919946915,5.611111111103462e-05
2019-07-24,-0.0002788362296646252,-0.0027382982958423785,5.694444444448443e-05
2019-07-25,0.00983649253442409,0.007459479748888498,5.722222222215301e-05
2019-07-26,0.0005429376158176957,0.0002058161924665125,5.77777777777122e-05
2019-07-29,-0.0028766744588647475,0.0029811594006328157,0.0001730655384635238
2019-07-30,-0.022620664609339647,-0.01014798306862319,5.666666666659381e-05
2019-07-31,0.012484396089799121,0.006058058938627653,5.666666666659381e-05
2019-08-01,-0.05951142529377429,-0.014771085839076603,5.638888888892524e-05
2019-08-02,-0.006536984406454338,-0.01415652888565222,5.611111111103462e-05
2019-08-05,-0.0072887869296988095,-0.028031040740949198,0.00016778716097709534
2019-08-06,-0.005956242115158439,-0.00561514341552638,5.583333333336604e-05
2019-08-07,-0.025848962480926496,-0.006195194567529927,5.499999999991623e-05
2019-08-08,0.011284351369739598,0.021018263452721175,5.499999999991623e-05
2019-08-09,0.007309263575057567,0.012318986135512189,5.444444444435703e-05
2019-08-12,-0.008417846877813107,-0.010781394101080699,0.00016334222608715976
2019-08-13,-0.0017961295717923154,-0.006204507325022313,5.444444444435703e-05
2019-08-14,0.0021573966272976364,0.006351914076804022,5.333333333323864e-05
2019-08-15,-0.007290085013207825,-0.012731994675236447,5.1944444444451676e-05
2019-08-16,0.002439533476164657,0.006611963348232663,5.0833333333333286e-05
2019-08-19,0.013825990258303555,0.02144308495381786,0.00015445239434930258
2019-08-20,0.0003942114140662589,-0.0010629834987785358,5.2777777777679447e-05
2019-08-21,0.0030399403234080413,0.0034581465090508523,5.361111111112926e-05
2019-08-22,0.00041649498322371414,0.001961504903571498,5.444444444435703e-05
2019-08-23,-0.011699088857138551,-0.011852865913451804,5.361111111112926e-05
2019-08-26,-0.011572710875576542,-0.013923042351127735,0.00016167537862865622
2019-08-27,0.0051858021681912,0.01069821218219058,5.388888888879784e-05
2019-08-28,-0.006945808890940208,-0.012250494098199338,5.416666666668846e-05
2019-08-29,0.012118449771725714,0.019365519830223166,5.416666666668846e-05
2019-08-30,0.007812742850340504,0.008218411210283216,5.416666666668846e-05
2019-09-03,-0.011043239826049711,-0.014344362307311731,0.00021640644854992175
2019-09-04,0.004360809477810701,0.0065515169826011466,5.361111111112926e-05
2019-09-05,0.015312901479933805,0.015845179495701522,5.361111111112926e-05
2019-09-06,0.007927103186065487,0.00887543385636791,5.333333333323864e-05
2019-09-09,-4.913103337611524e-06,0.00046848113699970995,0.00016000853348474564
2019-09-10,-0.031000805082863736,-0.010562344275323321,5.3055555555570066e-05
2019-09-11,0.0002584504969365131,0.004417168339440947,5.333333333323864e-05
2019-09-12,0.04284489653843093,0.013665273831117375,5.3055555555570066e-05
2019-09-13,-0.010138672327342113,-0.0034090195207037155,5.333333333323864e-05
2019-09-16,-0.03132185603621063,-0.008551552763603198,0.0001608419557095342
2019-09-17,0.005925058319155685,0.0020909602377077174,5.416666666668846e-05
2019-09-18,0.009164667623389189,0.002608339769851753,5.3055555555570066e-05
2019-09-19,0.01285398688302486,0.0034337965815147697,5.250000000001087e-05
2019-09-20,-0.00015029938312971503,0.0012962093108417339,5.1944444444451676e-05
2019-09-23,-0.05039879521128943,-0.012252571607389018,0.00015667484805881315
2019-09-24,0.0309510059878233,0.0053055137778572625,5.222222222212025e-05
2019-09-25,-0.06302592037441845,-0.018759433080198118,5.138888888889248e-05
2019-09-26,0.025375139506943256,0.010917347232533459,4.9722222222214896e-05
2019-09-27,-0.005746076306142434,-0.0005268405089637884,4.8888888888987125e-05
2019-09-30,-0.0329955248274153,-0.010225266583496206,0.00014889627666536676
2019-10-01,0.0024699640801639777,0.009106072082509353,4.944444444454632e-05
2019-10-02,-0.06210731929498148,-0.018469564364060664,4.8611111111096506e-05
2019-10-03,0.0028212842364634394,-0.010591515063463453,4.6388888888859725e-05
2019-10-04,0.007257804240665688,0.016573298512437162,4.6666666666750345e-05
2019-10-07,0.014748793908859525,0.006360963374974382,0.00014083994454794357
2019-10-08,-0.028722696059459207,-0.006426765562013603,4.6666666666750345e-05
2019-10-09,-0.0032471770906129516,-0.00037424260659646436,4.611111111119115e-05
2019-10-10,-0.0009613274775225333,0.001550855635673809,4.583333333330053e-05
2019-10-11,0.00675186390071314,0.01895567069625148,4.583333333330053e-05
2019-10-14,0.0033471968890399495,5.2234123984140624e-05,0.0001375063021795686
2019-10-15,0.016734667340190024,0.004401569801241401,4.5555555555631955e-05
2019-10-16,0.020135470724081284,0.006156125720753414,4.5277777777741335e-05
2019-10-17,0.013055849497424887,0.00694807710972567,4.5277777777741335e-05
2019-10-18,-0.02086805698029981,-0.0051496873620529016,4.5277777777741335e-05
2019-10-21,-0.006111695228368186,-0.0025357721914530673,0.00013611728659035371
2019-10-22,0.025386695719056274,0.007472169225551051,4.500000000007276e-05
2019-10-23,-0.055635545323764024,-0.013855454638737608,4.500000000007276e-05
2019-10-24,0.03399195731906146,0.011125248335926097,4.5555555555631955e-05
2019-10-25,0.009048184222062439,-0.0025827414143555494,4.5277777777741335e-05
2019-10-28,0.062186655387431955,0.01791899253364515,0.00013556168072503816
2019-10-29,0.018176596825763447,0.0035108279441919965,4.4444444444513564e-05
2019-10-30,-0.012966046959761557,-0.004157460156266279,4.4166666666622945e-05
2019-10-31,0.0006204247042125299,0.005804008673298,4.1944444444386164e-05
2019-11-01,0.012748462471980915,0.001872539648607674,4.138888888882697e-05
2019-11-04,0.0530736689038549,0.011418368753795205,0.00012444960662993942
2019-11-05,0.018510896657143894,0.0007991944861436284,4.249999999994536e-05
2019-11-06,0.002295485565283917,-0.0018466303477431278,4.249999999994536e-05
2019-11-07,-0.017109143597058063,0.0039002997165948905,4.249999999994536e-05
2019-11-08,-0.002074953343284336,-0.0034368906427721946,4.2222222222276784e-05
2019-11-11,-0.0039866969892276005,0.0006994737033809706,0.00012667201489025004
2019-11-12,-0.024543650146116147,0.004595514890319841,4.3333333333395174e-05
2019-11-13,-0.002384876368754507,-0.0014421963181666664,4.277777777783598e-05
2019-11-14,-0.0020097003056734897,-4.939864254416282e-05,4.277777777783598e-05
2019-11-15,-0.021442283608231638,0.009062004344102759,4.277777777783598e-05
2019-11-18,-0.023515963190001488,-0.0002959576011878351,0.0001283388232264926
2019-11-19,-0.010118865907618013,0.006170177700131507,4.277777777783598e-05
2019-11-20,0.02425418346140673,-0.0049056430159791775,4.277777777783598e-05
2019-11-21,-0.001757219623477413,-0.0044865923325323465,4.3055555555504554e-05
2019-11-22,0.0005050765285725678,0.0013372655626238128,4.3055555555504554e-05
2019-11-25,0.009082794067371891,0.0024726883264523103,0.00013000563318321667
2019-11-26,0.02526685374674753,0.008140041779379992,4.361111111106375e-05
2019-11-27,-0.018611255955657935,0.003865992822847053,4.4166666666622945e-05
2019-11-29,0.014562339839428562,0.001852536083015055,8.750191388884332e-05
2019-12-02,0.008177782786192855,-0.001995299294558217,0.00013028343526699793
2019-12-03,0.1022484132401813,-0.023889266932751174,4.277777777783598e-05
2019-12-04,0.050174843682885495,0.011138136116580988,4.2222222222276784e-05
2019-12-05,0.012845817090153977,0.0035073607235025506,4.1944444444386164e-05
2019-12-06,0.025950062423857778,0.005709866264091312,4.166666666671759e-05
2019-12-09,0.006761443098776576,0.0015664662966619058,0.00012528300933212222
2019-12-10,0.010359819639968793,-0.002248243607954059,4.249999999994536e-05
2019-12-11,0.0013526738856135534,0.0009307802752580585,4.277777777783598e-05
2019-12-12,0.01782629378984124,0.0020062634987281225,4.249999999994536e-05
2019-12-13,0.04302100314447088,0.007960162055136832,4.277777777783598e-05
2019-12-16,-0.06555436830893713,0.010416688405349817,0.0001283388232264926
2019-12-17,0.0056042435116383515,0.004746864359906899,4.249999999994536e-05
2019-12-18,-0.01114589797204546,0.0001434176258137132,4.249999999994536e-05
2019-12-19,0.023590277237675705,0.00033393331748010624,4.277777777783598e-05
2019-12-20,-0.03278041964302847,0.010589512137014534,4.3055555555504554e-05
2019-12-23,0.015133648972320168,0.002830265284435418,0.00012945002978703712
2019-12-24,0.003888185523819754,1.3096340234497461e-08,4.3055555555504554e-05
2019-12-26,-0.01768057126189082,0.0012264587937014237,8.611296489191567e-05
2019-12-27,0.0032708089962103504,0.010741429388720247,4.277777777783598e-05
2019-12-30,0.041220079645600816,-0.004847388659840468,0.0001283388232264926
2019-12-31,0.0509311447150842,-0.009227187158107886,4.2222222222276784e-05
2020-01-02,-0.10090150494276862,0.013567788454062368,8.416843765424176e-05
2020-01-03,0.07459957489972391,-0.005130638172238355,4.138888888882697e-05
2020-01-06,0.00400845933683458,-0.003750533311451476,0.0001252830089462087
2020-01-07,0.038009289734731944,0.014776511911130497,4.1944444444386164e-05
2020-01-08,-0.022840636618576937,-0.000649142289997906,4.1944444444386164e-05
2020-01-09,-0.04312624767462514,0.015962634069761394,4.1944444444386164e-05
2020-01-10,-0.015196909017097804,0.004156743905123328,4.1944444444386164e-05
2020-01-13,-0.014542754486922549,-0.0023656632573855196,0.00012667201465865752
2020-01-14,-0.015221135507604844,0.006884656981818171,4.277777777783598e-05
2020-01-15,-0.009536975197024233,-0.0028980069248044638,4.277777777783598e-05
2020-01-16,-0.017736832398821067,0.004859340982189098,4.2222222222276784e-05
2020-01-17,-0.010750448483185848,0.00908380967226452,4.249999999994536e-05
2020-01-21,0.016538618554435613,-0.002328913551756129,0.00017001083780687765
2020-01-22,-0.023405549449016183,0.007407168880197101,4.2222222222276784e-05
2020-01-23,0.04063246267777454,-0.0029856081566884685,4.2222222222276784e-05
2020-01-24,-0.03443320818828122,0.00849198067134127,4.1944444444386164e-05
2020-01-27,0.19329860899528195,-0.03532184837254049,0.00012611641249704597
2020-01-28,0.004642526484410547,0.00905044203939509,4.277777777783598e-05
2020-01-29,0.004887557983870527,0.013841012389007146,4.249999999994536e-05
2020-01-30,-0.038656654956228054,-0.010328797671892431,4.277777777783598e-05
2020-01-31,0.020158161610238645,0.014293391748507744,4.2222222222276784e-05
2020-02-03,-0.05481919955368708,-0.0151656300296229,0.00012722761736028154
2020-02-04,0.011109189560561727,0.023984827007542675,4.277777777783598e-05
2020-02-05,0.06602423367370314,0.02124892575106596,4.277777777783598e-05
2020-02-06,-0.007794586541964077,-0.006168156720089968,4.277777777783598e-05
2020-02-07,-0.01166648055400421,0.0016173480346868274,4.249999999994536e-05
2020-02-10,0.0022711120071854385,-0.0031420336440401986,0.0001280610216054523
2020-02-11,0.009087009436626214,0.02105583676566969,4.277777777783598e-05
2020-02-12,-0.002269680295901022,0.0005571805756636738,4.3055555555504554e-05
2020-02-13,0.0007185526330348857,-0.0031706908820717805,4.3333333333395174e-05
2020-02-14,-0.027919224797415376,0.007307449167926139,4.3055555555504554e-05
2020-02-18,0.015927814062091983,-0.003584504668058708,0.00017223334522653566
2020-02-19,-0.02265801151875002,0.011263324004187503,4.3055555555504554e-05
2020-02-20,0.011324463799171625,0.0013973762395453893,4.3055555555504554e-05
2020-02-21,0.07639029624818372,-0.012052610493658023,4.249999999994536e-05
2020-02-24,0.03170309444287689,-0.05106802963516921,0.00012667201465865752
2020-02-25,0.0013580737788236874,0.007082526620389773,4.166666666671759e-05
2020-02-26,-0.017132945185101,-0.029294753588532174,4.166666666671759e-05
2020-02-27,-0.08283825139984025,-0.02680999421895236,3.944444444448081e-05
2020-02-28,-0.14779073590126934,-0.05813168041402006,3.472222222211663e-05
2020-03-02,0.17215777836657864,0.05155052181284203,0.0001000033275828649
2020-03-03,0.1296028239857565,0.0394006421611095,2.583333333339155e-05
2020-03-04,-0.06547145855452852,-0.01745655934284296,1.9722222222240404e-05
2020-03-05,-0.012792142208626678,-0.002953389391866179,1.694444444444443e-05
2020-03-06,-0.10529027532984359,-0.03770776422535327,1.2499999999970868e-05
2020-03-09,-0.11779248573998757,-0.054673216540392366,3.388926736236364e-05
2020-03-10,0.04865566668304022,0.03943560252973155,1.1944444444411673e-05
2020-03-11,-0.02581637480919563,-0.008751492842824615,1.1388888888852478e-05
2020-03-12,-0.05454400569388829,-0.08658127150197481,9.166666666615697e-06
2020-03-13,-0.04034562637570016,0.027349032720068056,7.499999999938112e-06
2020-03-16,-0.241004450176866,-0.06906509927326765,2.166682291693256e-05
2020-03-17,-0.02437588259121659,0.007579970875256858,5.277777777701331e-06
2020-03-18,-0.022667127233894302,-0.021998018941612685,5.555555555591951e-07
2020-03-19,-0.011222848844614663,0.023774559401297246,1.1111111111183902e-06
2020-03-20,0.10430582654919474,0.0344359231888689,1.3888888887869655e-06
2020-03-23,0.02670813487528645,-0.057531627351077974,3.3333368052446133e-06
2020-03-24,-0.023402098015654627,0.05259756656296277,2.7777777766857525e-07
2020-03-25,0.02999125392743429,0.02506822495299721,-1.1111111111183902e-06
2020-03-26,0.0003716051155187028,-0.002982439666245562,-1.3888888888979878e-06
2020-03-27,0.0013892623952969085,0.016642086939311573,8.333333332277704e-07
2020-03-30,-0.002969153562133342,0.0006959576769705045,5.000006249700206e-06
2020-03-31,0.015166322193733484,0.024911591076224315,3.055555555464551e-06
2020-04-01,-0.030498229592371695,-0.03625099655309516,2.4999999999053557e-06
2020-04-02,0.007037759386886,-0.019104693317413823,2.4999999999053557e-06
2020-04-03,0.00010499631002813814,0.023780588399812563,2.7777777777959756e-06
2020-04-06,-0.012038124115969384,0.026569618872271272,9.722253086374977e-06
2020-04-07,-0.002675212846048547,0.062421419938488265,3.888888888914366e-06
2020-04-08,-0.01596237720608451,-0.020852940301399392,6.111111111151146e-06
2020-04-09,0.015640329687007126,0.021196096285689858,6.944444444378917e-06
2020-04-13,-0.010262940266436704,-0.011613701890994088,2.805585069554084e-05
2020-04-14,0.06646289692137053,0.03615053309936678,5.555555555591951e-06
2020-04-15,0.0028944337165861533,0.00603152528513462,3.888888888914366e-06
2020-04-16,0.025579309617580925,0.015397424852383379,3.888888888914366e-06
2020-04-17,0.018659669980495508,0.02116282256747115,3.3333333333551707e-06
2020-04-20,-0.012950227014430604,-0.012999020795021465,1.0000033333401603e-05
2020-04-21,-0.009629913351466124,-0.012935914892033717,3.055555555464551e-06
2020-04-22,-0.010767993366103457,-0.007122469322251468,3.3333333333551707e-06
2020-04-23,0.009488980949913683,0.01286469881973451,3.055555555464551e-06
2020-04-24,-0.0032057870652589804,-0.00387203733242536,3.3333333333551707e-06
2020-04-27,0.021875694932340428,0.02474298517782425,1.0000033333401603e-05
2020-04-28,0.004273524272977669,0.005227124828677487,3.055555555464551e-06
2020-04-29,-0.005736365983154634,-0.0051999224480748785,2.7777777777959756e-06
2020-04-30,0.015348740042786746,0.017392221082226156,2.4999999999053557e-06
2020-05-01,-0.026898239153083203,-0.024778387900705412,3.3333333333551707e-06
2020-05-04,-0.030718167565513044,-0.014172666803166312,1.0277812962922184e-05
2020-05-05,0.05171966100194769,0.028279688195323338,3.611111111023746e-06
2020-05-06,0.016968469047703882,0.009013930817408644,3.3333333333551707e-06
2020-05-07,0.02212155551466566,0.011030179968497311,3.055555555464551e-06
2020-05-08,0.016101793808443565,0.007799184385362423,3.3333333333551707e-06
2020-05-11,0.001023884374502071,-0.0002684365330043459,1.0000033333401603e-05
2020-05-12,0.0398890238192684,0.01789783737846995,3.611111111023746e-06
2020-05-13,-0.051273852541191656,-0.021231779117001914,3.611111111023746e-06
2020-05-14,-0.04937540458674916,-0.021063351041472722,3.3333333333551707e-06
2020-05-15,0.00652204387114419,0.0037161048038005795,3.3333333333551707e-06
2020-05-18,0.0706233816224291,0.034280818298532356,1.0277812962922184e-05
2020-05-19,0.015045170771083693,0.0062753919129556746,3.611111111023746e-06
2020-05-20,0.018717727289178532,0.007905222571087833,3.3333333333551707e-06
2020-05-21,0.020230875249227953,0.00845318894066227,3.3333333333551707e-06
2020-05-22,-0.03263435219599753,-0.012919141367757403,3.3333333333551707e-06
2020-05-26,0.04899557556611067,0.021492626033959406,1.388896111143012e-05
2020-05-27,-0.040647552688805155,-0.02001200861799568,4.166666666582941e-06
2020-05-28,0.005420889821620367,0.0018366255027961742,4.166666666582941e-06
2020-05-29,0.01378380340311125,0.0055433706405481065,3.888888888914366e-06
2020-06-01,0.026701047987061077,0.009028214280309976,1.1666712037117222e-05
2020-06-02,0.02232134228509919,0.008775930934854292,4.166666666582941e-06
2020-06-03,0.0487692565922222,0.007505194500620371,4.444444444473561e-06
2020-06-04,0.0011411545107984367,0.00029638872255666193,4.166666666582941e-06
2020-06-05,-0.003699490236832914,-0.0004654773269602286,4.166666666582941e-06
2020-06-08,0.031111138417537987,0.014054688045908037,1.3055612268164651e-05
2020-06-09,0.0704968014044196,0.004675738167586818,5.277777777701331e-06
2020-06-10,0.038585220921634855,0.018241285220087056,4.722222222142136e-06
2020-06-11,0.14089169931734724,-0.011793348276898596,4.722222222142136e-06
2020-06-12,0.1417738937831654,-0.012677704507400911,4.444444444473561e-06
2020-06-15,-0.10246221924921406,-0.027813632776366393,1.3888953086516054e-05
2020-06-16,0.17295487217065109,0.048786602383786404,4.722222222142136e-06
2020-06-17,0.0011156491458412798,0.002543300143834193,4.722222222142136e-06
2020-06-18,-0.01532511646336987,-0.004541652731640311,4.444444444473561e-06
2020-06-19,0.053178230624601364,0.014139679718981446,4.166666666582941e-06
2020-06-22,-0.04867860298097526,-0.010644551286426607,1.277783217568107e-05
2020-06-23,0.06796217855510278,0.019328819957457277,4.444444444473561e-06
2020-06-24,-0.02095514381899055,-0.0013284662986882134,4.166666666582941e-06
2020-06-25,-0.060989376179463206,-0.01717330030934716,4.444444444473561e-06
2020-06-26,0.025614974564781345,0.008121108620477546,3.888888888914366e-06
2020-06-29,-0.07048677634050937,-0.023638894004365363,1.1666712037117222e-05
2020-06-30,0.005468985756474476,0.011668305948354663,4.444444444473561e-06
2020-07-01,0.006708189187567992,0.020059900702480205,3.888888888914366e-06
2020-07-02,0.03711733716302934,0.021725328003018074,3.888888888914366e-06
2020-07-06,0.032409554263091556,0.009603791335343281,1.583342731503734e-05
2020-07-07,0.017677031136258403,0.01049158411322404,4.166666666582941e-06
2020-07-08,0.008048064685278966,-0.0005812677177219339,4.166666666582941e-06
2020-07-09,0.037215714318691084,0.015466508117403688,3.611111111023746e-06
2020-07-10,0.0026595385324659215,0.0002290075566149241,3.611111111023746e-06
2020-07-13,-0.05601915616234787,0.01862363891473695,1.1111152237397448e-05
2020-07-14,0.1258041886113399,-0.041137456282318685,4.166666666582941e-06
2020-07-15,0.08601286198173197,0.023053055963697222,4.444444444473561e-06
2020-07-16,-0.05409373458993094,-0.014551579938090198,3.055555555464551e-06
2020-07-17,0.027732138954715158,0.006084940683835693,3.055555555464551e-06
2020-07-20,0.008027741037337943,0.001887876326001292,9.722253626165411e-06
2020-07-21,0.09933628827347141,0.03198979835000482,3.611111111023746e-06
2020-07-22,-0.0494380875484407,-0.014492797441533867,3.611111111023746e-06
2020-07-23,0.0037376004289961795,-3.7269844266329955e-07,3.3333333333551707e-06
2020-07-24,-0.12973905512194173,-0.039582477797715176,3.055555555464551e-06
2020-07-27,0.006409476975062223,0.012674864746869297,9.166694675544207e-06
2020-07-28,0.0026000611375804894,0.007968744199998046,3.055555555464551e-06
2020-07-29,-0.002728280342874867,-0.003509400264822382,3.055555555464551e-06
2020-07-30,-0.0007020052642313646,-0.0025540953828031565,2.4999999999053557e-06
2020-07-31,0.007108579327747444,0.031698866766252776,2.4999999999053557e-06
2020-08-03,0.0005747258351498363,0.007859517716342745,7.77779791638622e-06
2020-08-04,0.001970383078969018,0.003208703900548615,2.4999999999053557e-06
2020-08-05,0.002876055909762254,0.007513496544821363,2.7777777777959756e-06
2020-08-06,-0.001444947045120215,-0.00011019707134352075,2.7777777777959756e-06
2020-08-07,0.006497920610056163,0.011925094891494181,2.7777777777959756e-06
2020-08-10,-0.0318857288239528,-0.00842824849477386,8.61113580241657e-06
2020-08-11,-0.02113518949769211,-0.009787904661979985,3.055555555464551e-06
2020-08-12,0.020779951854891232,-0.00627999621498776,3.055555555464551e-06
2020-08-13,0.011380643447649996,0.01959482614662278,2.7777777777959756e-06
2020-08-14,-0.0003137210446313432,0.0016871177405008986,2.7777777777959756e-06
2020-08-17,-0.0038405888131879395,0.002965623906701964,8.33335648153799e-06
2020-08-18,0.011037378156995015,0.009090274601689874,2.4999999999053557e-06
2020-08-19,-0.0008097004707035005,0.005462575359408417,3.055555555464551e-06
2020-08-20,-0.0030450735549375496,-0.00953519942265324,3.055555555464551e-06
2020-08-21,0.0189413041388955,0.017618740569282254,2.7777777777959756e-06
2020-08-24,0.02977026778991143,0.01827736116308576,8.888915123517194e-06
2020-08-25,-0.005918585198747772,-0.008484281954785344,3.055555555464551e-06
2020-08-26,-0.019974968265983106,0.015274449614867125,3.055555555464551e-06
2020-08-27,0.0222665618775284,0.020268487979531624,3.055555555464551e-06
2020-08-28,0.06811958641597005,-0.0021847948662723216,2.7777777777959756e-06
2020-08-31,0.011671445799283031,0.0025313601960410548,8.61113580241657e-06
2020-09-01,0.031118159077529794,0.01552511558669889,3.3333333333551707e-06
2020-09-02,0.019918364868807714,0.01901795087888969,3.3333333333551707e-06
2020-09-03,0.059924530766880535,-0.017080348539128987,3.055555555464551e-06
2020-09-04,0.14720838891287147,-0.042066352028069964,3.055555555464551e-06
2020-09-08,-0.14014956700668968,-0.046714990374354004,1.2777838888533566e-05
2020-09-09,0.0386546973909323,0.012563350388446137,3.3333333333551707e-06
2020-09-10,0.03293153147690453,0.019227897036099284,3.3333333333551707e-06
2020-09-11,-0.06181292806531269,-0.02416905983038975,3.055555555464551e-06
2020-09-14,0.010865827634841896,0.0007663432722619934,9.166694675544207e-06
2020-09-15,0.04400454362173134,0.017021148928431096,3.055555555464551e-06
2020-09-16,0.011816641588545673,0.0030463011131018902,3.3333333333551707e-06
2020-09-17,-0.11800237492183296,-0.04405461568646185,2.4999999999053557e-06
2020-09-18,0.05440899151113254,0.015847635160943563,2.7777777777959756e-06
2020-09-21,-0.09497262383623883,-0.034291222486504847,8.33335648153799e-06
2020-09-22,0.0523600766032819,0.028650918138525272,2.7777777777959756e-06
2020-09-23,0.014998924375892564,0.008000434333422568,3.055555555464551e-06
2020-09-24,-0.10820332102852648,-0.03953710148324974,2.7777777777959756e-06
2020-09-25,0.02877247629804036,0.017292494629949084,2.7777777777959756e-06
2020-09-28,0.10413111505343542,0.040125984354202116,8.61113580241657e-06
2020-09-29,0.012133178503362485,0.00014469505129754978,2.4999999999053557e-06
2020-09-30,-0.0013324111895232083,-0.0016989195754105735,2.7777777777959756e-06
2020-10-01,0.06166015372941969,0.02042359718322695,2.4999999999053557e-06
2020-10-02,-0.0709996470718598,-0.02047647216684967,2.4999999999053557e-06
2020-10-05,0.008234762803390305,0.0011593320397906837,7.77779791638622e-06
2020-10-06,0.04579548138085432,0.011254587738560806,2.7777777777959756e-06
2020-10-07,-0.0008277744702661627,-0.005582356329782656,2.7777777777959756e-06
2020-10-08,0.052252239265029754,0.016229247198891184,2.4999999999053557e-06
2020-10-09,0.02562255405010272,0.002514094230501973,2.7777777777959756e-06
2020-10-12,0.08420720549299099,0.026279505679910775,8.33335648153799e-06
2020-10-13,0.048620910531916195,0.020099682607159997,3.055555555464551e-06
2020-10-14,-0.008970179827914038,-0.0035086224754949935,3.3333333333551707e-06
2020-10-15,-0.10221342702322767,-0.027594735951264493,3.055555555464551e-06
2020-10-16,0.07122522182837554,0.016017171650599238,3.055555555464551e-06
2020-10-19,-0.017182288121514344,-0.004489832792409554,9.166694675544207e-06
2020-10-20,-0.06280262676516346,-0.020413669273504964,2.7777777777959756e-06
2020-10-21,-0.005342653415124521,0.00038691848575500565,2.7777777777959756e-06
2020-10-22,-0.004513195190514296,0.0013346749404519187,2.4999999999053557e-06
2020-10-23,-0.007352745033076036,-0.000982309005121973,2.7777777777959756e-06
2020-10-26,-0.03635715478414314,-0.00839286253000382,8.61113580241657e-06
2020-10-27,-0.020362928382841816,-0.0031160623208792426,2.7777777777959756e-06
2020-10-28,-0.06356940226730778,-0.012398115368861262,2.7777777777959756e-06
2020-10-29,-0.060929363739142595,-0.018020937877534893,2.4999999999053557e-06
2020-10-30,0.009004853687081038,0.004908379953856734,2.4999999999053557e-06
2020-11-02,-0.009229238452086563,-0.009076200484322117,7.500018749606596e-06
2020-11-03,0.005562363744404886,0.0004043669427502561,2.7777777777959756e-06
2020-11-04,0.11099887174353174,0.04276369079519049,2.7777777777959756e-06
2020-11-05,0.11759725552017275,0.03505060128093418,2.7777777777959756e-06
2020-11-06,0.015017333535152,0.0006132280718362804,2.7777777777959756e-06
2020-11-09,0.09392380319994631,0.013414606050906164,8.61113580241657e-06
2020-11-10,-0.1465110465055468,-0.04192803571881221,2.7777777777959756e-06
2020-11-11,-0.0045267042451329065,0.003015728151692265,2.7777777777959756e-06
2020-11-12,0.027934739972736322,0.01653645362736622,2.7777777777959756e-06
2020-11-13,-0.007609475264353072,-0.0020292236642058814,2.4999999999053557e-06
2020-11-16,0.014051337855073731,0.0015510782364369646,7.500018749606596e-06
2020-11-17,0.024884725989857248,0.009565725022290472,2.4999999999053557e-06
2020-11-18,-0.03245165229086855,-0.0057941665353749006,2.4999999999053557e-06
2020-11-19,-0.02554818202856779,-0.007404879118841801,1.9444444443461606e-06
2020-11-20,0.031250121577979906,0.009532329958169772,1.9444444443461606e-06
2020-11-23,-0.006975331832248521,-0.003044977044215802,6.111123533658613e-06
2020-11-24,0.00040007167322375636,0.0002745220014750416,2.4999999999053557e-06
2020-11-25,0.0019095010373524346,0.01399725878731517,2.4999999999053557e-06
2020-11-27,-0.010784082858024568,0.009270148334313166,5.000006249700206e-06
2020-11-30,0.016602288319836456,0.003452757492598657,7.222239583049017e-06
2020-12-01,0.015699662034424522,0.008786228367127835,2.4999999999053557e-06
2020-12-02,0.009556308583691164,0.0009272952707062299,2.4999999999053557e-06
2020-12-03,-0.003944733385249921,0.0063522508447282355,2.2222222222367805e-06
2020-12-04,0.006851317762998965,0.0005257905353970305,2.4999999999053557e-06
2020-12-07,0.01792711166929517,0.004534597923202988,7.222239583049017e-06
2020-12-08,0.005469336459360097,0.003434623881993115,2.4999999999053557e-06
2020-12-09,-0.03464982908732095,0.004270512720437214,2.2222222222367805e-06
2020-12-10,0.0658638931401696,-0.028759587618212956,2.2222222222367805e-06
2020-12-11,0.0060617037000829654,0.0053472397330192045,2.2222222222367805e-06
2020-12-14,0.021673369135342124,0.007546453027368116,6.944460493762961e-06
2020-12-15,0.039909708965801594,0.01085486041757644,2.2222222222367805e-06
2020-12-16,0.015300888820782621,0.004341134061009555,2.4999999999053557e-06
2020-12-17,0.02270594244653501,0.009522613783858436,2.2222222222367805e-06
2020-12-18,0.001235901893061886,0.0033158136050699394,2.2222222222367805e-06
2020-12-21,0.004362332259130186,-0.0149023491618695,6.944460493762961e-06
2020-12-22,-0.006890818048748026,0.011061735537982065,2.4999999999053557e-06
2020-12-23,0.001818143356930202,-0.00012927612811219902,2.4999999999053557e-06
2020-12-24,-0.012544331061423608,-0.004325248680570826,2.4999999999053557e-06
2020-12-28,0.03869741787787162,0.012254026651643546,1.0555597221850732e-05
2020-12-29,0.004715262627893235,0.005764602623249848,2.7777777777959756e-06
2020-12-30,0.0010490100843820738,0.00035045927227517204,2.2222222222367805e-06
2020-12-31,-0.0012561200384836324,-0.004106234803924691,2.4999999999053557e-06
2021-01-04,0.019744026742843923,0.007159231578093506,1.0000037499624526e-05
2021-01-05,0.028461249948131595,-0.021643163850529445,2.4999999999053557e-06
2021-01-06,-0.003536179959882424,-0.004184167332325073,2.4999999999053557e-06
2021-01-07,-0.022671643787796958,0.010684211017351508,2.4999999999053557e-06
2021-01-08,0.026953915522435423,0.022753313303804923,2.2222222222367805e-06
2021-01-11,0.027039468412675793,-0.004285623945411654,6.666681481526382e-06
2021-01-12,-0.005317805204857362,-0.004810288931077267,2.4999999999053557e-06
2021-01-13,-0.011468089593469566,-0.0008587695980186716,2.4999999999053557e-06
2021-01-14,-0.01682466859955345,0.0073525110604557575,2.4999999999053557e-06
2021-01-15,0.025387404253870427,-0.007488473764876047,2.4999999999053557e-06
2021-01-19,-0.0149291203656009,0.0003818794329879527,1.0000037499624526e-05
2021-01-20,0.009986838659041375,0.018743312595471018,2.2222222222367805e-06
2021-01-21,-0.0033158640355785973,0.0156496075421384,2.4999999999053557e-06
2021-01-22,0.011444030995529264,0.000430494657960967,2.2222222222367805e-06
2021-01-25,0.000952565200426525,0.011128429067405188,6.944460493762961e-06
2021-01-26,-0.0018042774206400436,-0.00018240445254391613,1.9444444443461606e-06
2021-01-27,-0.014409341525007613,-0.007875850713834787,2.2222222222367805e-06
2021-01-28,0.01797122465522194,-0.017133754004481028,1.9444444443461606e-06
2021-01-29,-0.0041287571398034295,-0.0033990091834309455,1.6666666666775853e-06
2021-02-01,-0.012736617600002331,-0.004600064598919373,5.277787036961357e-06
2021-02-02,0.05029793822024997,0.023168170006713895,1.9444444443461606e-06
2021-02-03,0.027995433911294887,0.013334621620265441,1.1111111111183902e-06
2021-02-04,-0.03142114686916042,-0.0060642481149211225,1.1111111111183902e-06
2021-02-05,0.03879783638816425,0.010371352047507054,8.333333332277704e-07
2021-02-08,0.001224588786721048,0.0056762394716394216,3.055558564390992e-06
2021-02-09,0.015246663576822916,-0.0014409520031450906,1.1111111111183902e-06
2021-02-10,0.01126593103781226,0.007124910471187906,1.3888888887869655e-06
2021-02-11,0.0017417045536023412,-0.0019699023247088387,1.3888888887869655e-06
2021-02-12,-0.0015011061080051347,-0.00185452037661904,1.1111111111183902e-06
2021-02-16,0.021407875997004666,0.010667846214982069,4.444451851881581e-06
2021-02-17,-0.027753410596676575,-0.014231859983775075,1.1111111111183902e-06
2021-02-18,-0.009302133133432311,-0.006737431278270534,8.333333332277704e-07
2021-02-19,0.0030761331511004464,0.010992289910926267,1.1111111111183902e-06
2021-02-22,-0.009772965472793715,-0.022045107517157603,3.0555586418845593e-06
2021-02-23,-0.04129457334234288,-0.02909630192300383,1.1111111111183902e-06
2021-02-24,-0.0042876138849642365,0.005488767987849252,8.333333332277704e-07
2021-02-25,-0.004457906471084239,0.008314033970286072,1.1111111111183902e-06
2021-02-26,0.006465682649355431,-0.01723759440200756,1.1111111111183902e-06
2021-03-01,0.005094232717297809,0.010828066623804533,3.6111154320117578e-06
2021-03-02,0.006209741834799498,0.015598128317569016,1.1111111111183902e-06
2021-03-03,-0.06800994074651956,-0.02152680532476925,1.3888888887869655e-06
2021-03-04,-0.05088526372055935,-0.02675993732669346,1.1111111111183902e-06
2021-03-05,-0.02194475488448344,-0.006412044993239108,1.1111111111183902e-06
2021-03-08,0.007175793963477117,0.0043023065556031526,3.6111154320117578e-06
2021-03-09,-0.01584394060172778,-0.0021095858634772036,1.3888888887869655e-06
2021-03-10,0.04497073577797184,0.028263023900718,1.1111111111183902e-06
2021-03-11,-0.006042103235753604,-0.0012335497117216265,1.1111111111183902e-06
2021-03-12,-0.014259748142809614,-0.006048652287413803,1.1111111111183902e-06
2021-03-15,0.012530910980337984,0.006149213756638794,3.333337037059181e-06
2021-03-16,0.0025308315926835245,0.016783352781267302,5.555555555591951e-07
2021-03-17,-0.014646829678199635,-0.011336144197731768,5.555555555591951e-07
2021-03-18,0.0008235178210538319,-0.0018273127443483306,2.7777777766857525e-07
2021-03-19,-0.008454402929180649,-0.015779409393622545,2.7777777766857525e-07
2021-03-22,0.006225291658144894,0.011986037011421757,1.3888894285774e-06
2021-03-23,0.027346053882170374,0.014339674116339518,2.7777777766857525e-07
2021-03-24,-0.02190681366652214,-0.003440285921808117,5.555555555591951e-07
2021-03-25,-0.05772614061400205,-0.02717887940662511,5.555555555591951e-07
2021-03-26,0.026799290535377773,0.0036779254319021515,5.555555555591951e-07
2021-03-29,0.06021236285027465,0.013950001131182832,1.944445678914164e-06
2021-03-30,-0.01729120244297422,-0.004945619391098721,5.555555555591951e-07
2021-03-31,-0.002714310175567114,0.0072321527050942525,8.333333332277704e-07
2021-04-01,0.0693809894717905,0.021856127987848417,5.555555555591951e-07
2021-04-05,0.06413393314262117,0.012566727478951156,2.500002314720362e-06
2021-04-06,0.01931013060590514,0.01100483061303148,5.555555555591951e-07
2021-04-07,-0.005790641909311667,-0.0012094180008865862,5.555555555591951e-07
2021-04-08,0.0019223439899822559,0.012805345059122786,2.7777777766857525e-07
2021-04-09,-0.01177787916028561,-0.0026301655097595855,5.555555555591951e-07
2021-04-12,0.0018824064841700405,0.00707253539629904,1.6666675926035879e-06
2021-04-13,-0.012601211127094225,0.006546704303682427,8.333333332277704e-07
2021-04-14,0.002275553714325529,0.007716389582832939,5.555555555591951e-07
2021-04-15,-0.00928932942034566,-0.004048473048956613,5.555555555591951e-07
2021-04-16,-0.0021654886091211356,0.00789450451782403,5.555555555591951e-07
2021-04-19,-0.010010145186449382,-0.005143795912013083,1.6666675926035879e-06
2021-04-20,0.027843854482305197,-0.006433944098756528,8.333333332277704e-07
2021-04-21,0.004178544913898685,-0.0091957787832333,8.333333332277704e-07
2021-04-22,0.005484345672637669,0.011340409157004627,8.333333332277704e-07
2021-04-23,-0.005568906006740204,-0.008970463860350497,8.333333332277704e-07
2021-04-26,0.003939493853262643,0.011374193681130018,2.5000020829057945e-06
2021-04-27,0.03250476557543425,0.006653389344597915,2.7777777766857525e-07
2021-04-28,-0.029063170095643076,-0.006200124311128041,2.7777777766857525e-07
2021-04-29,0.002177335094523558,0.0075336799810656885,2.7777777766857525e-07
2021-04-30,-0.005389770291644336,-0.013640218979094731,2.7777777766857525e-07
2021-05-03,0.0015278620542822363,0.004530746156491405,1.6666673607890203e-06
2021-05-04,-0.005102975183905456,-0.016714482136647058,5.555555555591951e-07
2021-05-05,-0.0033696954188164874,-0.003927350013050002,5.555555555591951e-07
2021-05-06,-0.0020092032978845653,-0.010504149619551262,5.555555555591951e-07
2021-05-07,0.02326142914582574,0.017064301970471707,5.555555555591951e-07
2021-05-10,-0.03644840127286331,-0.0047554388670718595,1.6666675926035879e-06
2021-05-11,-0.021474599111487302,-0.039304997062439395,2.7777777766857525e-07
2021-05-12,0.032840001666767815,0.001657662145136518,5.555555555591951e-07
2021-05-13,-0.0038585114105448293,-0.0009680050375630023,5.555555555591951e-07
2021-05-14,0.0027306046107948845,0.008377087845439002,2.7777777766857525e-07
2021-05-17,0.002273339644661032,0.0062924587418247135,1.1111114965878244e-06
2021-05-18,0.001611167515147116,0.002341406833480386,5.555555555591951e-07
2021-05-19,-0.015230911600970343,-0.026829430987756475,2.7777777766857525e-07
2021-05-20,0.015532964700935237,0.02355807091315887,2.7777777766857525e-07
2021-05-21,0.013395279345226552,0.019468385394721288,2.7777777766857525e-07
2021-05-24,-0.0026161420956032355,-0.003207917331569332,1.1111114965878244e-06
2021-05-25,0.012563489402908301,0.014269776698029979,5.555555555591951e-07
2021-05-26,5.3284857215452064e-05,-0.001227348842422482,5.555555555591951e-07
2021-05-27,-0.0018918954022137946,2.982861827471872e-05,5.555555555591951e-07
2021-05-28,0.008420962275374588,0.0013485862196149778,2.7777777766857525e-07
2021-06-01,0.011266009617105333,0.0035315234740147528,1.3888895828984005e-06
2021-06-02,-0.0016979102830443349,-0.006113750754132674,5.555555555591951e-07
2021-06-03,-0.003381722732722192,-0.008102002765685845,5.555555555591951e-07
2021-06-04,-0.0001481621148090584,0.0039327605078234296,5.555555555591951e-07
2021-06-07,0.0027499904929182417,0.009643030841482325,1.6666675926035879e-06
2021-06-08,0.005040051292890535,0.009998395940325366,5.555555555591951e-07
2021-06-09,-0.0011557896666476442,-0.0006796771853786465,8.333333332277704e-07
2021-06-10,-0.001933724572441009,-0.002897932757362054,8.333333332277704e-07
2021-06-11,0.004163869902670481,0.00940121567848351,8.333333332277704e-07
2021-06-14,0.01416224469289551,0.003878233475597126,2.5000020829057945e-06
2021-06-15,0.02058138752230554,0.007229020197843328,8.333333332277704e-07
2021-06-16,-0.010396724003049362,-0.004096952670409548,1.1111111111183902e-06
2021-06-17,-0.030654254358662425,-0.00808210791663333,1.1111111111183902e-06
2021-06-18,0.022610083724823093,0.010765811026368644,1.3888888887869655e-06
2021-06-21,-0.018674603920739496,-0.0023361948930641363,4.16667245328739e-06
2021-06-22,0.015515222378026605,0.005023028894943993,1.1111111111183902e-06
2021-06-23,0.027043888818916395,0.009763082457905359,1.3888888887869655e-06
2021-06-24,0.022652978287808212,0.006388407168766985,1.3888888887869655e-06
2021-06-25,0.013369269683561225,0.0021158147907363034,1.6666666666775853e-06
2021-06-28,0.005329813647358073,0.0008844106659411377,4.7222296295501565e-06
2021-06-29,0.026508404849526768,0.00783974047148539,1.1111111111183902e-06
2021-06-30,0.04602612596380906,0.003677295648642831,1.3888888887869655e-06
2021-07-01,-0.03877722681041118,-0.002141954420773695,1.3888888887869655e-06
2021-07-02,-0.03685919095406831,0.006919724784484327,1.3888888887869655e-06
2021-07-06,0.01574079297176345,0.007685271645696989,5.555567129222894e-06
2021-07-07,0.027108837542267006,0.008879451801206306,1.3888888887869655e-06
2021-07-08,0.13233946342413105,-0.018512880090482464,1.6666666666775853e-06
2021-07-09,-0.07404396232388821,0.006830642799176445,1.6666666666775853e-06
2021-07-12,-0.05008563786893283,0.01194967171650152,4.7222296295501565e-06
2021-07-13,-0.011041676586950433,-0.001158817529558931,1.3888888887869655e-06
2021-07-14,-0.017003930086906816,0.007734005359137264,1.6666666666775853e-06
2021-07-15,0.034035743326340295,-0.00507069254795911,1.3888888887869655e-06
2021-07-16,-0.04315027134775484,-0.0043526980352035505,1.3888888887869655e-06
2021-07-19,-0.011489634732158138,-0.020337707059285393,4.16667245328739e-06
2021-07-20,0.02092413296919471,0.004462612158033119,1.3888888887869655e-06
2021-07-21,0.030991805666196193,0.007648367153329838,1.3888888887869655e-06
2021-07-22,0.03896332833850269,0.00954388333203604,1.3888888887869655e-06
2021-07-23,0.023090296490701157,0.009785226360046195,1.3888888887869655e-06
2021-07-26,0.0007472943768507267,0.005967377919305683,4.16667245328739e-06
2021-07-27,-0.007149892295189586,0.001986646922210067,1.3888888887869655e-06
2021-07-28,-0.0014326063630347718,-0.0071153153946531544,1.3888888887869655e-06
2021-07-29,0.010940163341018883,-0.0009574691539374625,1.6666666666775853e-06
2021-07-30,-0.005811696848777692,-0.0076933530251399596,1.6666666666775853e-06
2021-08-02,0.042889598467755974,0.01059493485370866,4.7222296295501565e-06
2021-08-03,-0.007849338547979534,-0.0027300601046811313,1.3888888887869655e-06
2021-08-04,0.015107213878101655,0.004078993788611873,1.3888888887869655e-06
2021-08-05,0.02314934123253143,0.003844221916805779,1.3888888887869655e-06
2021-08-06,-0.011672779952691892,0.0005161800974775588,1.6666666666775853e-06
2021-08-09,0.007300890869211374,0.0004071473563611594,5.000008333366779e-06
2021-08-10,-0.0015924252946220019,0.0020081181479725263,1.3888888887869655e-06
2021-08-11,-0.016261174719479632,-0.0030330985451009207,1.3888888887869655e-06
2021-08-12,-0.022952202536793087,-0.006655071175572735,1.6666666666775853e-06
2021-08-13,0.005973882795579311,0.006016095882262595,1.6666666666775853e-06
2021-08-16,0.016111648157481673,-0.0005981168122971559,5.000008333366779e-06
2021-08-17,-0.01260848806834014,-0.0041340897260360165,1.9444444443461606e-06
2021-08-18,-0.017964443111314066,-0.002649179550610503,1.9444444443461606e-06
2021-08-19,-0.04586856700037645,-0.013582553809481479,1.6666666666775853e-06
2021-08-20,0.04097304449610828,0.013436279279009256,1.3888888887869655e-06
2021-08-23,0.03320645644126241,0.010244825930880275,4.16667245328739e-06
2021-08-24,0.043449985780583456,0.013665999201670997,1.3888888887869655e-06
2021-08-25,0.004456095376072389,0.002113378281497935,1.6666666666775853e-06
2021-08-26,-0.0027640656630927296,-0.0018953021425256456,1.3888888887869655e-06
2021-08-27,-0.004092789344658843,-0.0022732662271840454,1.3888888887869655e-06
2021-08-30,0.04345284971923924,0.010132124795720454,4.16667245328739e-06
2021-08-31,0.016303589317838707,0.009712199338087313,1.1111111111183902e-06
2021-09-01,-0.024106258047427942,0.0013928798687545818,1.3888888887869655e-06
2021-09-02,-0.002936315540709722,0.0024406648957779886,1.3888888887869655e-06
2021-09-03,0.032682012319806386,-0.0071994847373940685,1.3888888887869655e-06
2021-09-07,0.013338234417415995,0.006487073265943222,5.555567129222894e-06
2021-09-08,0.043883144601154056,0.0006551560344014717,1.3888888887869655e-06
2021-09-09,-0.016953555166855483,-0.0024090021056026867,1.1111111111183902e-06
2021-09-10,0.013062656427574426,0.0005773342971349127,1.3888888887869655e-06
2021-09-13,-0.005958509569907511,-0.005875891217487106,4.444451002783012e-06
2021-09-14,-0.0010568413019683698,-0.002981595127801717,1.1111111111183902e-06
2021-09-15,-0.012075939130496649,-0.005636780724887602,1.1111111111183902e-06
2021-09-16,-0.002298754941215564,0.002528148439461253,1.1111111111183902e-06
2021-09-17,0.010851713489058668,0.003026630608154335,1.1111111111183902e-06
2021-09-20,-0.08626315501553139,-0.02634233291081356,3.333337037059181e-06
2021-09-21,-0.0013311582093067376,0.0003267478201731677,8.333333332277704e-07
2021-09-22,0.0008272941874936102,-0.001333136667160284,8.333333332277704e-07
2021-09-23,0.023864827943951283,0.009997778236318311,8.333333332277704e-07
2021-09-24,0.00035093947308295625,-0.0002969756317157124,8.333333332277704e-07
2021-09-27,-0.003678123575822645,-0.0012139156507899873,2.7777803237594156e-06
2021-09-28,-0.007705805351183037,-0.012236688322194156,1.1111111111183902e-06
2021-09-29,-0.0066988073147594696,-0.012305808470448931,1.1111111111183902e-06
2021-09-30,-0.0022405371330590507,-0.0005541318015156449,1.1111111111183902e-06
2021-10-01,-0.011078138548785255,-0.006565673663280647,1.1111111111183902e-06
2021-10-04,-0.005350885956811324,-0.00022314046162952295,3.333337037059181e-06
2021-10-05,-0.02690684018442402,-0.013416161328174692,1.1111111111183902e-06
2021-10-06,0.0010923832142251122,0.0010459281404111564,1.1111111111183902e-06
2021-10-07,0.07512429323623637,0.024627541369838246,1.3888888887869655e-06
2021-10-08,0.0058143421154308594,0.0035278104133471544,1.3888888887869655e-06
2021-10-11,-0.03954938320981305,-0.01235991603243447,4.16667245328739e-06
2021-10-12,0.0005471261961831342,0.0008343851199963392,1.6666666666775853e-06
2021-10-13,0.00025750246106004404,-0.001028038072373949,1.3888888887869655e-06
2021-10-14,0.004523111552620529,0.011626958325151149,1.3888888887869655e-06
2021-10-15,0.004000393730315466,0.011520749680811848,1.3888888887869655e-06
2021-10-18,-0.0091626351163423,-0.0007339226977164381,4.444451002783012e-06
2021-10-19,0.047122846232769966,0.016702313994755302,1.3888888887869655e-06
2021-10-20,0.01980155768692371,0.005859492007145528,1.3888888887869655e-06
2021-10-21,-0.016068012190978975,-0.004734820066698786,1.6666666666775853e-06
2021-10-22,0.021587257217442923,0.004864278622348728,1.6666666666775853e-06
2021-10-25,0.0012907912178896641,-0.0011170662750469296,5.000008333366779e-06
2021-10-26,0.013377110040741824,0.012434782059487004,1.6666666666775853e-06
2021-10-27,-0.001202516334827597,-0.0017094776590114158,1.6666666666775853e-06
2021-10-28,0.02066989158150645,0.006243974224308557,1.6666666666775853e-06
2021-10-29,-0.00032788262779270827,-0.0023301875866591493,1.3888888887869655e-06
2021-11-01,0.023605999208679673,0.014433250763880467,4.16667245328739e-06
2021-11-02,0.005713621065223551,0.0006208704782784125,1.3888888887869655e-06
2021-11-03,-0.029263361994135706,0.007109708400371506,1.3888888887869655e-06
2021-11-04,-0.05745982562770324,0.012655688964934741,1.1111111111183902e-06
2021-11-05,0.01617918862922596,0.014094503020521287,1.3888888887869655e-06
2021-11-08,0.03551786207442165,-0.0036747259893714634,4.444451002783012e-06
2021-11-09,0.030303707190397322,0.0014803637453382201,1.1111111111183902e-06
2021-11-10,0.038132924634953325,-0.016760237611748385,1.3888888887869655e-06
2021-11-11,-0.03518150433266165,0.00025475376526595817,1.3888888887869655e-06
2021-11-12,0.005078797343274211,-0.002037939048818438,1.3888888887869655e-06
2021-11-15,0.013355855149726592,0.010567552336998354,4.16667245328739e-06
2021-11-16,-0.012569916029958939,-0.005178050630802455,1.3888888887869655e-06
2021-11-17,0.0210524660334932,0.009876696070507007,1.3888888887869655e-06
2021-11-18,0.011240157270993034,0.004978091549366459,1.3888888887869655e-06
2021-11-19,0.028072338508950745,0.009256052982676621,1.3888888887869655e-06
2021-11-22,-0.016408413351484907,0.005304636117367645,4.16667245328739e-06
2021-11-23,0.04804477925446937,-0.018393900644894323,1.6666666666775853e-06
2021-11-24,-0.019058994063899437,-0.007987596165762834,1.6666666666775853e-06
2021-11-26,0.00042553891665964017,0.0029877740415527043,3.3333361111331783e-06
2021-11-29,-0.00030546952848398146,-0.0005556011859507715,5.000008333366779e-06
2021-11-30,0.004610233248128592,0.0073004978796158415,1.3888888887869655e-06
2021-12-01,0.014388165841760392,-0.0012541203485069152,1.6666666666775853e-06
2021-12-02,-0.09201047012500052,-0.03133464354229454,1.3888888887869655e-06
2021-12-03,0.05353828323802112,0.014281852742859646,1.6666666666775853e-06
2021-12-06,-0.05882510372581151,-0.019626167131079342,5.000008333366779e-06
2021-12-07,0.06458692209749639,0.02450244785411071,1.6666666666775853e-06
2021-12-08,0.05946186382836216,0.013077801387615384,1.9444444443461606e-06
2021-12-09,-0.002776375708811507,0.00045231307688009537,1.6666666666775853e-06
2021-12-10,-0.004917449605915114,-0.004342951569235698,1.6666666666775853e-06
2021-12-13,0.004854063806959852,0.003479449406680102,4.7222296295501565e-06
2021-12-14,-0.0922288885654492,-0.02688452283048326,1.3888888887869655e-06
2021-12-15,0.00939445892699875,0.0016525794579325126,1.6666666666775853e-06
2021-12-16,0.08372506699278004,0.026034709040931858,1.3888888887869655e-06
2021-12-17,-0.06174126126432922,-0.0369559254467573,1.3888888887869655e-06
2021-12-20,0.02115332303158146,-0.00854391695270118,4.722229552056589e-06
2021-12-21,0.004224254475040823,0.011802696987213368,1.9444444443461606e-06
2021-12-22,0.004642031773051114,0.012654463287512963,2.2222222222367805e-06
2021-12-23,0.04576211173187228,0.01388506803166023,2.2222222222367805e-06
2021-12-27,0.002375000973946495,0.009992107054179078,8.333359259315998e-06
2021-12-28,0.05729057025232587,0.015442676239874942,1.6666666666775853e-06
2021-12-29,-0.028739107198851976,-0.00655301644233286,1.3888888887869655e-06
2021-12-30,-0.011936524167779461,-0.0010454822394028174,1.3888888887869655e-06
2021-12-31,-0.012625245417232867,-0.004160942612157159,1.6666666666775853e-06
2022-01-03,-0.0013088138583969844,-0.0015264281022954185,5.833344444372557e-06
2022-01-04,0.013589702955552507,0.007993868851412955,2.2222222222367805e-06
2022-01-05,-0.03480002924578185,-0.01864570179896663,2.4999999999053557e-06
2022-01-06,-0.00823914138648496,-0.031210090904074117,2.7777777777959756e-06
2022-01-07,0.0033711095770314614,0.004209667974502729,2.7777777777959756e-06
2022-01-10,-0.017047089374180313,-0.023982255781364925,9.166694444395773e-06
2022-01-11,-0.008490685987089241,0.012112349820459167,3.3333333333551707e-06
2022-01-12,0.013080224488957848,0.023987816177301502,3.3333333333551707e-06
2022-01-13,0.0020643954572052703,0.0007982123600502877,3.3333333333551707e-06
2022-01-14,-0.019727514404684898,-0.0352396132509043,3.611111111023746e-06
2022-01-18,0.011001190377484926,-0.0027459610261975076,1.555564583299862e-05
2022-01-19,-0.00636569427295941,-0.0050529490444291,4.722222222142136e-06
2022-01-20,-0.0016623109192861474,-0.006341453102864825,5.000000000032756e-06
2022-01-21,-0.002397395754145326,-0.02790771364244704,4.722222222142136e-06
2022-01-24,0.030106917797481536,-0.037722226769168254,1.500007476851195e-05
2022-01-25,0.010950489991693235,0.0021969510393340386,5.555555555591951e-06
2022-01-26,0.06569884137739512,0.01799987508259382,5.277777777701331e-06
2022-01-27,-0.02080922220009418,-0.009945639736623546,5.555555555591951e-06
2022-01-28,-0.07518453109304324,-0.018231456392854173,5.277777777701331e-06
2022-01-31,0.08494162343166956,0.029647655653528338,1.7222320447540795e-05
2022-02-01,-0.008285020607382232,0.03179495867149673,5.555555555591951e-06
2022-02-02,-0.026246965796302035,0.014625585438815758,5.555555555591951e-06
2022-02-03,0.029084365432910708,-0.03037106457312122,5.833333333260526e-06
2022-02-04,0.012529260762026873,-0.012411804400978554,6.3888888888197215e-06
2022-02-07,-0.02551616558781933,0.012821867092343453,2.055569575620808e-05
2022-02-08,0.02200222321529699,-0.012994315166336867,7.499999999938112e-06
2022-02-09,-0.05428171204917864,0.027686814600124343,7.499999999938112e-06
2022-02-10,0.014706466439409649,-0.011655838781018169,1.1388888888852478e-05
2022-02-11,-0.0031094800099248365,-0.0030317724123336554,1.0277777777734087e-05
2022-02-14,0.06735111415055317,-0.0333122865753418,3.305591813385078e-05
2022-02-15,-0.038418502789944076,0.018528895054455097,1.1388888888852478e-05
2022-02-16,-0.0071543227409586185,0.002578377612873606,1.0833333333293282e-05
2022-02-17,0.006782395895997162,-0.0030523254536648503,1.0277777777734087e-05
2022-02-18,0.0330452565397954,-0.017945180816615114,9.722222222174892e-06
2022-02-22,0.0458692656296078,-0.02286297910133439,4.000059954067936e-05
2022-02-23,-0.017571364272058965,0.008360447581297503,1.0000000000065512e-05
2022-02-24,0.09102115632686325,-0.06586169021458854,9.166666666615697e-06
2022-02-25,-0.10400556849271081,0.07047421436775902,9.166666666615697e-06
2022-02-28,-0.005885768418986692,0.00351561175310966,2.8611383565468884e-05
2022-03-01,-0.013617523209675242,0.009459670919315766,8.888888888947122e-06
2022-03-02,0.00964637627459175,-0.007722208238034378,9.166666666615697e-06
2022-03-03,-0.010830508892105906,0.019966136907550558,1.0277777777734087e-05
2022-03-04,0.05866987444625682,-0.028834670774399496,9.166666666615697e-06
2022-03-07,0.013135766246305858,-0.007503132156273518,2.8889166435952518e-05
2022-03-08,0.0384296280254417,-0.03925425619800105,1.0000000000065512e-05
2022-03-09,-0.03165549856030536,0.02376173076765986,1.0555555555624707e-05
2022-03-10,-0.0013981568410257328,-0.002803185389042895,1.0555555555624707e-05
2022-03-11,-0.016032083313988754,0.010579795142379611,1.0833333333293282e-05
2022-03-14,0.04947075443016358,-0.03347107011796935,3.4167054862477286e-05
2022-03-15,0.010198796528468668,-0.006962851443302442,1.2777777777861488e-05
2022-03-16,-0.057868238032078745,0.03518427630744614,1.1944444444411673e-05
2022-03-17,-0.029905639282239438,0.01866520396959581,1.1111111111183902e-05
2022-03-18,0.0017111013776331951,0.012914763788791417,1.1388888888852478e-05
2022-03-21,0.002062972049587497,0.023029054116067815,3.8056033258015987e-05
2022-03-22,-0.0027807151057012147,0.001113827228022224,1.4166666666648453e-05
2022-03-23,0.0002634397195533378,0.009754836753334883,1.3888888888979878e-05
2022-03-24,0.0016030548575718395,-0.0005932561345720622,1.3888888888979878e-05
2022-03-25,-0.013340933983196357,0.01636515916746495,1.4722222222207648e-05
2022-03-28,0.002514291158049353,-0.0006952945982935388,4.611181859925928e-05
2022-03-29,-0.005395088024222505,0.0266044570746915,1.5555555555657463e-05
2022-03-30,-0.0015785189811602374,0.0010299429363422874,1.5277777777766843e-05
2022-03-31,-0.00282847181230117,-0.005524125958329851,1.4166666666648453e-05
2022-04-01,0.0041768616138448955,-0.012063078255976856,1.4444444444539073e-05
2022-04-04,0.007884310036670339,-0.0002754742367955254,4.750074630033296e-05
2022-04-05,-0.00518605834226904,0.014060862894502035,1.805555555556282e-05
2022-04-06,0.017429921965651962,-0.03306091026151603,1.8611111111122014e-05
2022-04-07,0.004358691191843622,-0.009587702010749988,1.888888888879059e-05
2022-04-08,-0.0009192698448110548,0.00022700609440962083,1.916666666668121e-05
2022-04-11,0.006087701911063448,-0.021316041466559188,6.000119792459735e-05
2022-04-12,-0.006560437587389001,0.0027554143011092602,2.0555555555468175e-05
2022-04-13,0.03351642123529475,-0.017237582026220166,2.0833333333358794e-05
2022-04-14,-0.039384530740329216,0.019541204275263846,2.1666666666586565e-05
2022-04-18,0.05620111884308088,-0.026238349104809267,8.7780666708559e-05
2022-04-19,-0.013004665905720691,0.002015522826796179,2.2777777777704955e-05
2022-04-20,-0.04802707124158778,0.026802443017352795,2.2777777777704955e-05
2022-04-21,0.008844667348351543,-0.005474237005798299,2.2777777777704955e-05
2022-04-22,0.08764849381351314,-0.03151862680420747,2.2777777777704955e-05
2022-04-25,0.11201794467240189,-0.03164714316240125,7.139058458127678e-05
2022-04-26,-0.023356592902110118,0.011552533228890827,2.333333333326415e-05
2022-04-27,0.0610034231340828,-0.031239501943769676,2.2777777777704955e-05
2022-04-28,-0.034522504357170636,0.014531476324707082,2.250000000003638e-05
2022-04-29,-0.017616753789314044,0.005748156351587541,2.3055555555595575e-05
2022-05-02,0.06411429218870568,-0.03358043168688063,7.111279546068161e-05
2022-05-03,-0.0389941899070807,0.018124860413475163,2.4999999999941735e-05
2022-05-04,-0.006836890212414071,0.002543168638942328,2.444444444438254e-05
2022-05-05,-0.04433068837979626,0.018352141278684453,2.333333333326415e-05
2022-05-06,0.08196385981127352,-0.043730951927181794,2.333333333326415e-05
2022-05-09,0.052541111766555515,-0.024023080997131574,7.222395927297676e-05
2022-05-10,-0.00789062324246359,0.003393911697338714,2.472222222227316e-05
2022-05-11,0.012464341099186038,-0.01993389032913495,2.4999999999941735e-05
2022-05-12,0.07433987906391426,-0.03682465055534012,2.6388888888950746e-05
2022-05-13,0.02926911401458221,0.028770136009079517,2.805555555562833e-05
2022-05-16,-0.023380027009952675,0.014980163251290701,8.583578821808047e-05
2022-05-17,-0.01990456107128935,0.014326492270137603,2.9444444444415296e-05
2022-05-18,0.016035962731458353,-0.009558194848724888,2.8333333333296906e-05
2022-05-19,0.07898341409084342,-0.040624961120912295,2.88888888888561e-05
2022-05-20,-0.030193456869792024,0.013273918777975346,2.805555555562833e-05
2022-05-23,0.02533065243030186,-0.011530624408026768,8.583578821808047e-05
2022-05-24,0.00549940068584176,-0.00559105948370775,2.916666666674672e-05
2022-05-25,0.012436661917136105,-0.008399166529903246,2.916666666674672e-05
2022-05-26,-0.023493730419638204,0.016555396751644524,2.9444444444415296e-05
2022-05-27,-0.0015165372471177552,0.04166093684765637,2.9444444444415296e-05
2022-05-31,0.003731462240900152,0.02158387864556688,0.00011972759594058857
2022-06-01,0.009063303701951408,0.004529613718761816,3.111111111109288e-05
2022-06-02,-0.02034684852833002,-0.01810146639352639,3.13888888889835e-05
2022-06-03,-0.001975055382934965,0.013711563949678984,3.250000000010189e-05
2022-06-06,0.004555590337032234,0.005565981274486598,9.91699437862259e-05
2022-06-07,-0.0021815160295184377,-0.022333277807049856,3.444444444444805e-05
2022-06-08,0.0007374799065853477,0.017247669719767655,3.472222222211663e-05
2022-06-09,-0.01259572999656422,-0.01016010054737937,3.500000000000725e-05
2022-06-10,-0.0036357624305103364,-0.04007735574144922,3.722222222224403e-05
2022-06-13,0.08729788866689381,-0.04733525314307718,0.00012139376920083933
2022-06-14,0.006696762896942321,-0.007470735568232301,4.944444444454632e-05
2022-06-15,-0.01082018491418979,0.0063388381895992385,4.694444444441892e-05
2022-06-16,0.017748888160436627,-0.013707202728555412,4.277777777783598e-05
2022-06-17,0.022276096294777004,-0.012373407272984971,4.388888888895437e-05
2022-06-21,-0.03449340672693435,0.026107071867566667,0.00017778962812897703
2022-06-22,0.002670377316110306,-0.000825264260357117,4.361111111106375e-05
2022-06-23,-0.023734495625736374,0.016839191384466545,4.4166666666622945e-05
2022-06-24,-0.020077760192049654,0.015995038012031504,4.611111111119115e-05
2022-06-27,-0.009012619736131988,0.02870649604828901,0.00014083994269609157
2022-06-28,-0.001422537136233637,-0.01013489961009384,4.8611111111096506e-05
2022-06-29,0.017098124055323405,-0.032764795872817,4.805555555553731e-05
2022-06-30,0.0037293129723066087,-0.00935049388980258,4.611111111119115e-05
2022-07-01,0.0006604885853469522,-0.00641134308968816,4.611111111119115e-05
2022-07-05,-0.011459374425731639,-0.002294560405124546,0.00019001352635372726
2022-07-06,0.029487638508228553,0.03248181870285971,5.138888888889248e-05
2022-07-07,0.01397782195925834,0.00793438330151286,5.250000000001087e-05
2022-07-08,0.011221593604077373,0.008459263508110881,5.3055555555570066e-05
2022-07-11,0.003915291492682993,0.0027390428178020176,0.00016528687107708606
2022-07-12,-0.008610592650168392,-0.008740656728503882,5.999999999994898e-05
2022-07-13,-0.057178620724667395,-0.033480543012824104,6.472222222231316e-05
2022-07-14,0.01765298721940667,0.008517642692591032,6.472222222231316e-05
2022-07-15,0.011085929503424241,0.02381724331355972,6.361111111119477e-05
2022-07-18,0.031267259666048375,0.017222557253777415,0.00019501266948740437
2022-07-19,-0.01035519319663536,-0.005462558659656058,6.833333333333691e-05
2022-07-20,0.033321908730631344,0.019173591425327707,6.777777777777771e-05
2022-07-21,0.03429529442428714,0.015967551587797946,6.666666666665932e-05
2022-07-22,0.019013535926825087,0.009654024755067825,6.694444444454994e-05
2022-07-25,-0.0320870518737808,-0.014391590987177794,0.00020473618789473846
2022-07-26,-0.018987449933437484,-0.01155538234789899,6.88888888888961e-05
2022-07-27,0.004204796695183699,0.0017083676297315886,6.583333333343155e-05
2022-07-28,0.04714049322082259,0.025247414797938905,6.527777777787236e-05
2022-07-29,0.02739336437869322,0.015656383339512026,6.499999999998174e-05
2022-08-01,0.014243575196760228,0.007257496590039603,0.0001989020697352739
2022-08-02,-0.005427354246021032,-0.0023273636981363532,6.88888888888961e-05
2022-08-03,0.02058228631353831,0.01000229895866056,6.777777777777771e-05
2022-08-04,0.047096712202844726,0.021895449352181462,6.694444444454994e-05
2022-08-05,-0.026794842860652146,-0.011703904288624667,6.88888888888961e-05
2022-08-08,-0.0030250892296049825,0.010965359446520884,0.00020918124848678943
2022-08-09,-0.02602942677362119,-0.012147717059135199,7.166666666669208e-05
2022-08-10,0.027903792997374666,0.018257439581883972,7.111111111113289e-05
2022-08-11,0.023510878685429004,0.011460507576325885,7.00000000000145e-05
2022-08-12,-0.010814824961019709,-0.006487597377469068,7.027777777768307e-05
2022-08-15,0.0167162388170079,0.009933149007772535,0.0002136263188019516
2022-08-16,-0.007017622037822413,0.008013804118257362,7.249999999991985e-05
2022-08-17,0.00035733425582340494,-0.009004213728337818,7.194444444436066e-05
2022-08-18,-0.007659213631245443,-0.0019144663573911203,7.249999999991985e-05
2022-08-19,-0.0027200273023767485,-0.006911322120963681,7.333333333336967e-05
2022-08-22,0.018378913485703974,-0.023515361075253094,0.00022279431892791024
2022-08-23,-0.03239433787205148,-0.01375202357202776,7.527777777771583e-05
2022-08-24,0.0020107538674527525,-0.001623693906481427,7.583333333327502e-05
2022-08-25,-0.01831199024613983,0.010267445860029145,7.722222222228403e-05
2022-08-26,-0.018745311694146727,0.010889167107434705,7.722222222228403e-05
2022-08-29,0.05640590850332927,-0.048894601565641294,0.00023474058442940482
2022-08-30,-0.010474309999221054,0.004858630319351409,8.000000000008001e-05
2022-08-31,0.012668561337646045,-0.006893438176895472,7.972222222218939e-05
2022-09-01,0.04818820781771893,-0.023915046917704408,8.000000000008001e-05
2022-09-02,-0.03960475595763435,0.01894050067888653,7.916666666663019e-05
2022-09-06,0.04620781769861715,-0.022094463495246908,0.0003197605541254145
2022-09-07,0.015121078285295297,-0.007170408823909291,8.277777777787598e-05
2022-09-08,-0.025897862963676133,0.011276242609091991,8.249999999998536e-05
2022-09-09,-0.04151146546906759,0.020144832865776285,8.277777777787598e-05
2022-09-12,-0.03791901690213273,0.018723490084746164,0.000251409951822712
2022-09-13,0.03745021427734829,-0.021718137532279025,8.861111111113651e-05
2022-09-14,0.04047954775249751,-0.02296215758065767,8.72222222221275e-05
2022-09-15,0.0065899148575288,-0.0027132630492018306,8.66666666665683e-05
2022-09-16,0.04641795535908888,-0.02159328422850537,8.611111111100911e-05
2022-09-19,0.008224430945809269,-0.003843641445449464,0.0002636342661095359
2022-09-20,-0.020486280848422633,0.008353533932453416,9.055555555548267e-05
2022-09-21,-0.007083131766002948,0.003813208284983771,8.91666666666957e-05
2022-09-22,0.06025959407389103,-0.026209528382299396,8.861111111113651e-05
2022-09-23,0.03780021811168943,-0.01578016707635954,8.66666666665683e-05
2022-09-26,0.02154306645861981,-0.009079458952620745,0.0002650234006882357
2022-09-27,0.0007840782475345698,0.01010805577432805,9.055555555548267e-05
2022-09-28,-0.04503474272278396,-0.012058799434253142,9.138888888893248e-05
2022-09-29,0.005730683613144549,0.005101108875606553,9.055555555548267e-05
2022-09-30,0.03398542244309177,-0.017509001448062445,8.944444444436428e-05
2022-10-03,0.011379869286446631,-0.0072316353355911245,0.00027169126463100213
2022-10-04,0.13243488346447774,0.036867736860580536,9.222222222216026e-05
2022-10-05,0.0005970752613460029,-0.0025449656416894895,9.250000000005087e-05
2022-10-06,-0.01924716552276151,0.009630678895300449,9.222222222216026e-05
2022-10-07,0.042884173521383184,-0.021141842180927295,9.194444444449168e-05
2022-10-10,0.04199066545805752,-0.020798538417928447,0.00027585869545321273
2022-10-11,0.04002748700561187,-0.01708114807707961,9.805555555564283e-05
2022-10-12,0.01116463429963832,-0.0049114021045878475,9.88888888888706e-05
2022-10-13,0.07807769883871951,-0.03128324568823615,0.00010111111111110738
2022-10-14,-0.14861867597850487,0.06286241426062023,0.000101388888888998
2022-10-17,0.029320284324456436,-0.01607635236874494,0.00030892068666199535
2022-10-18,-0.05907488965812324,0.03631390426792458,0.0001080555555554863
2022-10-19,0.045898360361748214,-0.0238672949212535,0.00010861111111104549
2022-10-20,0.0017132658315406335,-0.0012965796771298166,0.00010861111111104549
2022-10-21,0.007785663435062373,-0.005935254583938732,0.00010833333333337691
2022-10-24,-0.05525023063620926,0.02877083675046266,0.00032781358926725623
2022-10-25,0.004295005721037137,0.013493449875484398,0.00011027777777772307
2022-10-26,-0.00038918877268745433,-0.0034001050709475678,0.0001094444444444953
2022-10-27,0.000665517050194353,-0.0059971269503916735,0.00010972222222216388
2022-10-28,-0.0032353910214586445,-0.0164744247207691,0.00011083333333328227
2022-10-31,0.010445898592139846,0.024574537331535584,0.00033448172893169037
2022-11-01,0.017949676235232026,0.009249990254085017,0.00011277777777785047
2022-11-02,-0.01835553600488382,-0.022806426042987438,0.00011222222222229128
2022-11-03,-0.09018308208918346,-0.04387789514361662,0.00011277777777785047
2022-11-04,-0.012755072759754404,0.00958118281478404,0.00011166666666673208
2022-11-07,-0.00031696366752476113,0.0008284919812622249,0.00033781580790859245
2022-11-08,-0.020104729819594325,0.0127564151505275,0.00011388888888896886
2022-11-09,0.00830815798275708,-0.005127388651393505,0.00011416666666663744
2022-11-10,-0.046844261601845405,0.030810992428598416,0.00011361111111107824
2022-11-11,-0.03664547797089013,0.023731002446025773,0.00011361111111107824
2022-11-14,0.022061964822441382,0.011678692673604552,0.00034281694354398873
2022-11-15,0.043293487136228714,0.02221400663364892,0.00011500000000008725
2022-11-16,-0.03639999661948179,-0.016495208851602383,0.00011500000000008725
2022-11-17,-0.04555722937954576,-0.0226518256539201,0.00011472222222219663
2022-11-18,0.049789495443941734,0.024957012176456628,0.00011527777777775583
2022-11-21,-0.029309354071605176,-0.015596228897179043,0.00034809593636087044
2022-11-22,-0.0018627442565657404,-0.002681384719532165,0.00011694444444443342
2022-11-23,0.022106571018632337,0.011781427541921685,0.00011694444444443342
2022-11-25,0.0004918508409672562,0.004266465883486337,0.0002341803751544358
2022-11-28,-0.004172270536565215,-0.007973991606936015,0.00035393063466604424
2022-11-29,-0.00205177641957921,-0.006879500788542381,0.000118611111111111
2022-11-30,-0.01179599446817281,-0.007422170178258303,0.000118611111111111
2022-12-01,0.08490774451124383,0.0457555950831916,0.00011722222222232404
2022-12-02,-0.03212028664825051,-0.017535418810562975,0.00011722222222232404
2022-12-05,0.013228899052508902,0.006376993545637255,0.00035309710595110566
2022-12-06,-0.016127342113162246,-0.009986875381677529,0.000118611111111111
2022-12-07,-0.04554474187640323,-0.0243844227588782,0.00011666666666676484
2022-12-08,0.0044743313516772965,0.00513436901093578,0.00011583333333331503
2022-12-09,0.005911019203420631,0.0031924347675860165,0.00011638888888887422
2022-12-12,-0.0029128238647186944,-0.002086379035013408,0.00035198573178396586
2022-12-13,0.035889890661774615,0.05113051306613792,0.00011833333333344243
2022-12-14,-0.01631588397156425,-0.028990551537317444,0.00011749999999999261
2022-12-15,-0.047005073427210387,-0.019857681809887007,0.00011722222222232404
2022-12-16,-0.015607033131300851,-0.02171195347574706,0.00011666666666676484
2022-12-19,-0.0011103857763263836,-0.006062237348236077,0.00035226357569229094
2022-12-20,-0.009914544374407863,-0.01938838878205651,0.0001180555555555518
2022-12-21,0.002207380932463865,0.007595706002446079,0.00011722222222232404
2022-12-22,0.000502174867066163,-0.0008128682076318228,0.00011777777777788323
2022-12-23,-0.0009422594768230264,-0.018159676812167236,0.00011749999999999261
2022-12-27,-0.005399891141738222,0.004783891136839857,0.00047341735246053673
2022-12-28,0.02562120748092611,-0.013383844249159171,0.00012083333333334778
2022-12-29,8.837246472648275e-05,-0.0007978590041344269,0.00012055555555545716
2022-12-30,-0.006654877910684198,0.0025099027987094402,0.00011944444444433877
2023-01-03,-0.03243794863031502,0.019080360203858504,0.0004806421597129962
2023-01-04,0.015722766468390992,-0.007481688644688456,0.00012250000000002537
2023-01-05,0.017404965989869625,-0.009751191310668705,0.00012527777777782134
2023-01-06,0.006019498303067916,-0.0026129549436826327,0.00012527777777782134
2023-01-09,-0.053336812987065274,0.028403040846605165,0.0003769918083882384
2023-01-10,0.001605724038940659,-0.004947784856574766,0.00012694444444449893
2023-01-11,0.009764211544852408,0.016438442811564924,0.00012694444444449893
2023-01-12,0.027298435063080495,0.0153327919276669,0.00012499999999993072
2023-01-13,-0.010178710487333098,-0.005824491166794177,0.00012527777777782134
2023-01-17,0.029006966330593187,0.015442775567377387,0.0005025946970507178
2023-01-18,0.023847197320781444,0.008334371123879691,0.0001261111111110491
2023-01-19,-0.057581308024463485,-0.024336922979174225,0.00012638888888893973
2023-01-20,0.0014003299662641577,0.0020637044016713624,0.00012694444444449893
2023-01-23,0.042132050378349106,0.024386908490223957,0.00038115952836181854
2023-01-24,0.03442008824686282,0.01329591151330245,0.00012694444444449893
2023-01-25,-0.02582233051235716,-0.012321209259320343,0.0001266666666666083
2023-01-26,0.025736970242956625,0.026253709801767,0.00012638888888893973
2023-01-27,-0.0008286594834729932,0.002678490373551945,0.00012694444444449893
2023-01-30,0.0031419919229598303,0.0031850750851685206,0.00038143737666884725
2023-01-31,-0.02403751979668034,-0.008944174096677693,0.0001272222222221675
2023-02-01,0.03314939244462023,0.01412262689259225,0.0001261111111110491
2023-02-02,0.09346837047600776,0.04469964348619415,0.00012583333333338054
2023-02-03,-0.0008751224729041107,-0.008550830359652872,0.00012694444444449893
2023-02-06,-0.007883677875811568,-0.00468926581269169,0.00038143737666884725
2023-02-07,0.006811957120976153,-0.0001649764501767681,0.00012750000000005812
2023-02-08,0.05555675078431421,0.016740270390212864,0.00012750000000005812
2023-02-09,0.0024205733591540213,0.0009722727779779561,0.0001288888888888451
2023-02-10,-0.07694777133774644,-0.030306927619630164,0.00012944444444440428
2023-02-13,0.009318219708034592,0.005509487086738041,0.0003889393024867349
2023-02-14,0.013743465611860683,0.005844722627696752,0.0001297222222222949
2023-02-15,0.023458422329843076,0.006636104547813604,0.00012944444444440428
2023-02-16,-0.008991043210930028,-0.001705313867436109,0.00013055555555552267
2023-02-17,-0.03379217415142566,-0.010874778412508834,0.00013055555555552267
2023-02-21,-0.0056908576442782355,-0.012654904823985014,0.0005228802728187709
2023-02-22,0.008170861376912475,-0.008881230534574569,0.0001308333333334133
2023-02-23,-0.01291382139377506,0.011370638315389536,0.0001308333333334133
2023-02-24,0.023690188297035064,-0.020840907662939223,0.00013111111111108187
2023-02-27,-0.01368197314806563,0.011344866316311819,0.00039394060720154833
2023-02-28,0.006722959334159784,-0.005998679242723015,0.00013111111111108187
2023-03-01,0.0020740443410820486,-0.0001362560507806032,0.0001313888888889725
2023-03-02,0.016453942725628723,-0.015685828164828997,0.00013166666666664106
2023-03-03,-0.0262274986823835,0.02331455288564821,0.00013166666666664106
2023-03-06,-0.020173909816708635,0.01878879369308062,0.0003956077124773749
2023-03-07,0.00019327791785461734,-0.002890684402209742,0.00013527777777788685
2023-03-08,0.012227648740108954,-0.010997791818620484,0.000135833333333224
2023-03-09,-0.005013662207058678,0.005256818249431916,0.00013527777777788685
2023-03-10,0.022976723589753334,-0.018435944592018694,0.00013416666666676846
2023-03-13,0.028825468832043732,-0.020831200517890003,0.00039894192434108966
2023-03-14,0.04352142377356727,0.02643577716754275,0.0001308333333334133
2023-03-15,-0.0046163835000170295,0.0013595731339961503,0.00012750000000005812
2023-03-16,0.006458680514990434,0.011163394116573189,0.00012694444444449893
2023-03-17,0.09007288235079369,0.029261597636898173,0.00012111111111101636
2023-03-20,-0.023743390040505297,-0.006484754762257627,0.0003714348457217742
2023-03-21,0.04482578718210761,0.012095017982406198,0.0001283333333332859
2023-03-22,0.007632549463227001,0.0075664434054767415,0.0001286111111111765
2023-03-23,0.004184483172847031,-0.0011280289977823044,0.00012694444444449893
2023-03-24,-0.00860525134529877,-0.0019360663772247655,0.00012694444444449893
2023-03-27,0.011314121079108785,0.007371129706051693,0.00038588294957997427
2023-03-28,-0.03527901720949611,-0.01100783761184998,0.0001288888888888451
2023-03-29,0.025581901788362282,0.00879393595235256,0.0001288888888888451
2023-03-30,0.05276654786207624,0.014024766177276993,0.00013333333333331865
2023-03-31,0.000404162244270756,0.0021252968101639347,0.00012999999999996348
2023-04-03,0.022662021483596417,0.009053161678666877,0.00039255135223936755
2023-04-04,0.0005815472725607673,0.005740873860002216,0.00013166666666664106
2023-04-05,-0.04467518718950092,-0.0077977151239885245,0.00013111111111108187
2023-04-06,-0.03602374633782157,-0.012134818895185973,0.00013250000000009088
2023-04-10,0.0013722656652948029,0.002641430378540921,0.0005381641243182855
2023-04-11,0.0412663156111881,0.00875987535798095,0.000135833333333224
2023-04-12,-0.002391764907719973,-3.139709289357029e-05,0.00013527777777788685
2023-04-13,-0.02989150224123971,-0.00940814157192904,0.0001374999999999016
2023-04-14,0.020511470742327287,0.008766876085838371,0.0001383333333333514
2023-04-17,-0.008134416274214962,0.0017633439213482482,0.00041728024806020336
2023-04-18,0.009347652932433892,0.008926312495270317,0.000140000000000029
2023-04-19,-0.029493375144442946,-0.014268024041138694,0.00013916666666657918
2023-04-20,-0.0084140101144482,-0.0022755982860058754,0.00013805555555546078
2023-04-21,0.0026112880172284303,0.000697000251740576,0.0001383333333333514
2023-04-24,-0.00040153862625025294,0.001487745651324035,0.0004167245387902696
2023-04-25,-0.002572322571478991,-0.006606213340214162,0.00013805555555546078
2023-04-26,0.011661957022936154,-0.002704414119808707,0.0001388888888889106
2023-04-27,-0.011142884881756632,0.007210219488194225,0.00013972222222213837
2023-04-28,0.003451213386533869,0.013969093962405976,0.0001374999999999016
2023-05-01,0.029065991899545063,0.006185273982127759,0.0004167245339281589
2023-05-02,0.006085939546576213,9.341640177540356e-05,0.00014111111111114738
2023-05-03,-0.008001591060903257,-0.007357731907006393,0.00014138888888881596
2023-05-04,-0.003413203354115435,-0.008412657184283967,0.00014166666666670658
2023-05-05,-0.002306901936723671,0.004447055381582521,0.00014166666666670658
2023-05-08,0.04244492974911829,0.012402813551582126,0.0004264494936119245
2023-05-09,-0.012437256294406063,-0.0013026164889368141,0.00014249999999993435
2023-05-10,0.019817118152628987,0.00658389364441736,0.00014111111111114738
2023-05-11,0.005676986336561773,0.004874966938400727,0.000140000000000029
2023-05-12,0.001862556906222279,0.003193001694220987,0.00014111111111114738
2023-05-15,-0.007959517778912906,-0.0037643671627536346,0.0004228373608237135
2023-05-16,0.023685015724496994,0.0016894648145342472,0.00014083333333325676
2023-05-17,0.02426540393062737,0.006686010974215728,0.00014166666666670658
2023-05-18,0.03888601850532569,0.009992654033423864,0.00014277777777782497
2023-05-19,0.06422467336972981,0.01800807193332621,0.00014222222222226577
2023-05-22,0.04633168905069995,-0.0036742192707653887,0.00043006163257386376
2023-05-23,0.020003519432084005,-0.0010706467753270887,0.00014388888888894336
2023-05-24,0.041039392148638276,-0.013456939146007207,0.00014472222222217113
2023-05-25,0.010762007780449112,0.023448365476132604,0.00014472222222217113
2023-05-26,0.004693467999695722,0.004776592300147264,0.00014333333333338416
2023-05-30,0.0734317719652553,0.035068634569815904,0.000576791378651409
2023-05-31,0.029634284354293827,-0.012304703585146792,0.00014611111111118014
2023-06-01,-0.04130684117684702,-0.0018370853834802636,0.00014555555555562094
2023-06-02,-0.0891081080008218,0.01745618605731747,0.00014527777777773032
2023-06-05,-0.020671610395388673,0.0017806468661887287,0.0004350630778171549
2023-06-06,-0.026601951749169794,-0.00042323129278309946,0.00014388888888894336
2023-06-07,-0.059417495562478106,0.002399264925490474,0.00014333333333338416
2023-06-08,0.00731883437733849,-0.01692350077051119,0.00014222222222226577
2023-06-09,0.007016268238318579,0.01578254182177541,0.00014194444444437515
2023-06-12,0.013818275436309868,0.004398914143288302,0.0004267273507931879
2023-06-13,0.05269045658552618,0.019933276645758946,0.00014194444444437515
2023-06-14,0.005982690830341086,-5.518901180534552e-05,0.00014166666666670658
2023-06-15,-0.033549093176788114,0.003688635177580446,0.00014083333333325676
2023-06-16,0.030345958444851995,0.022242984044450687,0.00014138888888881596
2023-06-20,-0.024205317703172025,-0.01681660577373989,0.0005670649898614766
2023-06-21,-0.018268189831402104,-0.0005741362930634653,0.00014305555555549354
2023-06-22,-0.003925535403554892,-0.01397153445101229,0.00014305555555549354
2023-06-23,-0.0017855837083382564,0.004380988613386538,0.00014305555555549354
2023-06-26,-0.0008219171984009677,-0.0005794889779821011,0.0004317287795991831
2023-06-27,-0.012362196298932315,-0.007596656287426229,0.00014416666666661193
2023-06-28,0.026606138104185995,0.007599218474781733,0.00014388888888894336
2023-06-29,0.025280349762918597,0.006243165998354172,0.00014444444444450255
2023-06-30,0.023550847747918047,0.009087469688556116,0.00014361111111105274
2023-07-03,0.02049506864537043,0.006856113896036131,0.0004320066390186561
2023-07-05,-0.005032300045254234,-0.0037018745056607294,0.0002894653889660148
2023-07-06,0.021563002612752014,-0.005939777513867206,0.00014527777777773032
2023-07-07,0.013534304043937073,0.001964559652960274,0.00014500000000006175
2023-07-10,-0.005630656762485753,-0.003458504814664809,0.0004358966530662034
2023-07-11,0.027975183020173766,0.002267956711720087,0.00014583333333328952
2023-07-12,0.036473948523861655,0.015131483971636994,0.00014555555555562094
2023-07-13,0.03252157002864631,0.009964034891908113,0.00014555555555562094
2023-07-14,0.030514994007068807,0.009413583886766386,0.00014583333333328952
2023-07-17,-0.007337364214566877,0.0005530963944813116,0.00043784166398719293
2023-07-18,-0.00651757186193247,0.005687142344132701,0.00014583333333328952
2023-07-19,-0.01686704888983037,0.01272391917980431,0.00014611111111118014
2023-07-20,0.028418119687320997,-0.010883686718687335,0.00014611111111118014
2023-07-21,-0.014885246028834787,-0.008964596082923215,0.0001463888888888487
2023-07-24,-0.008917254972063193,-0.006751453438544663,0.000439508818035117
2023-07-25,-0.004538714770435215,0.000876420304541492,0.00014666666666673933
2023-07-26,0.0092717055638325,0.002042554819292164,0.00014666666666673933
2023-07-27,-0.03798140405713191,0.014163938808293697,0.00014666666666673933
2023-07-28,0.019375939050048308,-0.006082432696926321,0.00014666666666673933
2023-07-31,0.0033247319027349675,0.008010719941648148,0.00044006453648859356
2023-08-01,-0.005125565608089411,-0.00385626127746741,0.0001463888888888487
2023-08-02,0.03663639671781049,-0.007977837006548305,0.0001463888888888487
2023-08-03,-0.011508663238092298,-0.019300632434812504,0.0001463888888888487
2023-08-04,0.004513941892011264,0.010243405617781143,0.00014666666666673933
2023-08-07,-0.0001745413696020437,-0.004976670659267324,0.00044034239575374556
2023-08-08,-0.012662274292916775,-0.00331653389715858,0.00014722222222229853
2023-08-09,-0.0016234029098370906,-0.000939087993344967,0.00014666666666673933
2023-08-10,-0.011742315080492727,-0.003545862507384867,0.00014666666666673933
2023-08-11,-0.03241575666508456,-0.0134241699430806,0.00014666666666673933
2023-08-14,-0.011119081647430917,-0.0015302405507254813,0.00044034239575374556
2023-08-15,0.026477930519624993,0.010754520725471783,0.0001469444444444079
2023-08-16,-0.019453606105602872,-0.009448908392344135,0.0001469444444444079
2023-08-17,-0.005332577691984364,-0.0052202610774986224,0.0001469444444444079
2023-08-18,-0.0063006421487312725,-0.023903679351492846,0.00014666666666673933
2023-08-21,0.021226630295015037,0.012272631280154878,0.00044062025501889757
2023-08-22,0.009066061648612012,0.019270372332216956,0.00014722222222229853
2023-08-23,-0.003240865741324206,-0.005374594456102333,0.00014722222222229853
2023-08-24,0.015353394580425617,0.02210780981919558,0.0001474999999999671
2023-08-25,-0.022937218720285757,-0.028365152482636713,0.00014833333333341692
2023-08-28,0.02711537712406198,0.013588382859252235,0.00044506601159732817
2023-08-29,-0.0050627773848322954,-0.001171565407072972,0.0001480555555555263
2023-08-30,0.009934180812019022,0.022697471173248163,0.00014777777777785772
2023-08-31,0.01602015290836345,0.005495039140005931,0.00014777777777785772
2023-09-01,0.03498182481266032,0.009179245644039824,0.00014722222222229853
2023-09-05,-0.025777119596798737,-0.009542605687175243,0.0005895747489119696
2023-09-06,0.004924119312543773,0.0013535053913298345,0.0001474999999999671
2023-09-07,-0.06799705198159423,-0.018739422594422184,0.00014722222222229853
2023-09-08,0.001769779308610886,0.004862356713688509,0.0001474999999999671
2023-09-11,0.0025565335925108457,0.009811518416792842,0.00044284313168718725
2023-09-12,0.00015110740763013553,-0.0010383408898277935,0.00014777777777785772
2023-09-13,-0.0008606852022087219,-0.005968885200977381,0.0001474999999999671
2023-09-14,0.003376661459602248,0.007934974236247339,0.0001474999999999671
2023-09-15,-0.0015786756342172081,-0.0002125414507564427,0.00014777777777785772
2023-09-18,-0.0077730687536705645,-0.016108877276754585,0.00044312099149301787
2023-09-19,-0.00018771001036710366,-1.1916610698214924e-07,0.0001474999999999671
2023-09-20,0.0005551479510583768,0.004413889525666015,0.0001480555555555263
2023-09-21,-0.008816391227410958,-0.027362492217416823,0.0001480555555555263
2023-09-22,-0.0014392793589517172,-0.0032426778560437075,0.00014777777777785772
2023-09-25,-0.019460578899510583,-0.007507689506314974,0.000444232431023428
2023-09-26,-0.0008349211477756135,0.00016801859348580805,0.00014833333333341692
2023-09-27,0.0015251148819483973,-0.004509884675696574,0.00014833333333341692
2023-09-28,-0.004920729593439033,-0.0035737221198434144,0.00014777777777785772
2023-09-29,0.06617819108235445,0.020982342102234375,0.00014777777777785772
2023-10-02,-0.005010585054637695,-0.00829775199093774,0.000444232431023428
2023-10-03,-0.004238924158549318,0.0006693007979077237,0.0001486111111110855
2023-10-04,-0.006609247608979074,-0.008389664560504495,0.00014833333333341692
2023-10-05,0.020968262085286904,0.011158928442688287,0.00014833333333341692
2023-10-06,0.009310795667087701,-0.011369358199746049,0.0001488888888889761
2023-10-09,0.036189024380664625,0.018698247108833277,0.0004467331736712765
2023-10-10,0.037265254452115704,0.012696583633701852,0.00014833333333341692
2023-10-11,0.02801573616218289,0.008285688248173217,0.00014833333333341692
2023-10-12,0.017692146354288285,0.004838622155916905,0.0001486111111110855
2023-10-13,-0.005584011279234802,-0.003120560888333457,0.0001486111111110855
2023-10-16,-0.030934382357315715,-0.010659377692809002,0.0004456217320567557
2023-10-17,-0.012949083112498538,-0.002209198803285961,0.0001486111111110855
2023-10-18,-0.004501156746962054,-0.000382746469048012,0.00014833333333341692
2023-10-19,0.0007756252125010743,-0.002351927887896843,0.0001480555555555263
2023-10-20,-0.03369003227108924,-0.014665133564056632,0.0001474999999999671
2023-10-23,-0.04936465991871708,-0.017248059237719104,0.00044284313168718725
2023-10-24,0.01646287966505322,0.012030831339675307,0.0001474999999999671
2023-10-25,-0.0021072691286619927,-0.002265588577709199,0.00014777777777785772
2023-10-26,-0.04289219162930458,-0.021250482492008338,0.00014777777777785772
2023-10-27,0.0056189406776310236,-0.007705100553427546,0.00014777777777785772
2023-10-30,-0.007703574386867085,0.004041304904519594,0.0004436767112581119
2023-10-31,0.005276909272367458,0.0040249569215777825,0.0001480555555555263
2023-11-01,-0.013866495273922252,0.007130005037352616,0.0001474999999999671
2023-11-02,0.02012742277447055,0.02791994191953684,0.00014666666666673933
2023-11-03,0.029605336275551286,0.008878584532446832,0.0001463888888888487
2023-11-06,0.03564738897479858,0.010253535465697405,0.000439786677145948
2023-11-07,0.007388675856803806,0.0048305100423085,0.00014666666666673933
2023-11-08,0.02695004497513742,0.007589030765838389,0.00014666666666673933
2023-11-09,0.011178053493640094,0.001501168609563619,0.0001463888888888487
2023-11-10,-0.00815325917669052,-0.004870956232802759,0.00014611111111118014
2023-11-13,0.0458166157939317,0.013366722940366893,0.00043895309973618346
2023-11-14,0.024086131467367045,0.01836542421147147,0.00014611111111118014
2023-11-15,0.030750405770479494,0.00922578549214137,0.00014611111111118014
2023-11-16,-0.013365405777980066,-0.00622336375645105,0.00014583333333328952
2023-11-17,-0.013027301045679285,0.0009612982270992276,0.00014583333333328952
2023-11-20,-0.008445434473375979,0.0021806892703062353,0.0004381195227891599
2023-11-21,0.007372027593893549,0.0076676446460486325,0.00014611111111118014
2023-11-22,-0.047909784643684006,0.004010092038621238,0.0001463888888888487
2023-11-24,0.011203082793033614,-0.0023555371869986574,0.0002930770259259585
2023-11-27,-0.025303796767611852,-0.0016425656476481976,0.00044006453648859356
2023-11-28,-0.006087102124918253,-0.00154231099177371,0.0001463888888888487
2023-11-29,-0.00754251642796977,0.011019202143723428,0.00014583333333328952
2023-11-30,0.0077549479573919555,-0.006646457706350417,0.00014583333333328952
2023-12-01,-0.019833723039482942,-0.0059729846250262675,0.00014527777777773032
2023-12-04,0.009536960431385078,-0.004281028689679722,0.0004367302287782149
2023-12-05,-0.01136033401101566,-0.004403291118077246,0.00014583333333328952
2023-12-06,0.01243091549750086,0.015296879044983003,0.00014583333333328952
2023-12-07,-0.005996014050759779,-0.005637031845519447,0.00014555555555562094
2023-12-08,0.01673740491571074,0.0015459983803034483,0.00014555555555562094
2023-12-11,0.0032654483693153047,0.007898802001289118,0.0004372859463055434
2023-12-12,-0.021440428787554033,0.009751268266332325,0.00014611111111118014
2023-12-13,-0.009718951204826465,0.010264054408068768,0.00014555555555562094
2023-12-14,-0.02744308399485773,0.013412743978420405,0.00014527777777773032
2023-12-15,0.017939674470005773,-0.0019754789670038964,0.00014555555555562094
2023-12-18,0.03463823533343402,0.0038567887577629634,0.0004372859463055434
2023-12-19,0.01362485289021187,0.006445575000214809,0.00014527777777773032
2023-12-20,0.004296944832420158,0.0019875379075449118,0.00014555555555562094
2023-12-21,0.056968275541186886,-0.0031590321254942877,0.00014500000000006175
2023-12-22,0.01675422355220535,0.0047659107623339025,0.00014555555555562094
2023-12-26,-0.02009743115442708,0.0006112644469349338,0.0005826272521680664
2023-12-27,-0.0224764631728116,0.00468207037890811,0.00014555555555562094
2023-12-28,-0.04691788301089095,0.004185361578644686,0.00014583333333328952
2023-12-29,8.021665916468912e-05,-0.0033683480393710274,0.00014444444444450255
2024-01-02,0.035386184838884116,-0.013226980873829564,0.0005784587713495437
2024-01-03,-0.01852413372243611,-0.014562253925980873,0.00014555555555562094
2024-01-04,-0.00860034683355837,-0.008726603126285148,0.00014555555555562094
2024-01-05,0.003685728152246215,2.518052115063618e-05,0.00014555555555562094
2024-01-08,0.01807153272899842,0.003884515349007911,0.0004370080876576754
2024-01-09,0.029389656446216383,0.00984956087456279,0.00014555555555562094
2024-01-10,-0.0036095324136059537,0.010350455736904962,0.00014527777777773032
2024-01-11,0.014507047760020653,0.009161149359979692,0.00014527777777773032
2024-01-12,0.0063212382909865195,0.0014885465041662993,0.00014500000000006175
2024-01-16,-0.013880136447516622,-0.005092762226792225,0.0005801261621951603
2024-01-17,-0.008716211807541785,-0.005241094281814851,0.00014555555555562094
2024-01-18,0.04651081174677918,0.010709759715958889,0.00014500000000006175
2024-01-19,0.04207282699138126,0.011449065770094746,0.00014500000000006175
2024-01-22,0.07173583292781971,0.01972432992355788,0.00043506307804874744
2024-01-23,-0.043882634631127515,-0.002314492807898305,0.00014472222222217113
2024-01-24,-0.035661332999202267,0.011860019575778091,0.00014472222222217113
2024-01-25,0.044084334951352666,0.0021521520012091067,0.00014472222222217113
2024-01-26,0.01249820703836746,-0.009151006224870417,0.00014472222222217113
2024-01-29,-0.00285522293345708,-0.0004005707112313406,0.00043450736144756696
2024-01-30,0.004067632947387434,0.006670339663348068,0.00014472222222217113
2024-01-31,-0.008856737594024833,-0.014633551547683643,0.00014500000000006175
2024-02-01,0.02371595087822187,-0.004894821312316888,0.00014500000000006175
2024-02-02,0.00322256532601628,0.01196280558219276,0.00014527777777773032
2024-02-05,0.04641927319472994,0.012435215308659098,0.0004356187948042489
2024-02-06,-0.013798760495007945,0.0012585930708473025,0.00014527777777773032
2024-02-07,-0.017027487536820818,0.0018620456268234609,0.00014527777777773032
2024-02-08,0.01751131108774273,0.0039497118858833336,0.00014527777777773032
2024-02-09,-0.004701529391733961,0.004235150758411521,0.00014555555555562094
2024-02-12,0.012736195832247166,0.006913423720756207,0.0004364523703619394
2024-02-13,0.03651585564556581,-0.022108368067152884,0.00014583333333328952
2024-02-14,0.0009522999563207346,0.009314773280193922,0.00014527777777773032
2024-02-15,0.005125251303094158,0.006167927298351916,0.00014527777777773032
2024-02-16,-0.0006810310813114562,0.0022354999932716613,0.00014555555555562094
2024-02-20,-0.004102910398274817,-0.01457849343717954,0.00058234935307655
2024-02-21,-0.001954108264172638,-0.009333775685442025,0.00014555555555562094
2024-02-22,0.0037662358141574703,0.023413056984584957,0.00014583333333328952
2024-02-23,0.00411792134587019,0.011875983655938338,0.00014611111111118014
2024-02-26,-0.0019424907884769693,-0.004662764705515854,0.00043839738182316346
2024-02-27,-0.0013357647728925448,0.0001599108256422621,0.00014583333333328952
2024-02-28,-0.0033980438030531968,-0.005118053086475283,0.00014555555555562094
2024-02-29,0.0036316088307164485,0.006430533713456477,0.00014583333333328952
2024-03-01,0.0032153208682774714,0.0038107933427644625,0.00014527777777773032
2024-03-04,0.008765970292639036,0.012980236922043087,0.0004361745117911209
2024-03-05,0.00196921043467424,-0.010480140962337958,0.00014527777777773032
2024-03-06,0.00019624111891380913,-0.0014059360036217106,0.00014555555555562094
2024-03-07,-0.0011514788116335772,0.004769160999767763,0.00014555555555562094
2024-03-08,0.0077124343311349985,0.007662398404056248,0.00014555555555562094
2024-03-11,0.027089467317002125,-0.01861790088181392,0.0004367302290098074
2024-03-12,-0.009777334461318121,0.005074316995789641,0.00014583333333328952
2024-03-13,-0.008398707917886994,0.006640473477708131,0.00014583333333328952
2024-03-14,-0.013435758375786588,-0.0025979798542866694,0.00014583333333328952
2024-03-15,-0.0037239701629930844,-0.012299035732661556,0.00014583333333328952
2024-03-18,0.03418705821015444,0.007430148754860921,0.0004375638051847819
2024-03-19,-0.028971815763368602,-0.007475996539761165,0.00014555555555562094
2024-03-20,0.02412539336727071,0.009943636098124875,0.00014555555555562094
2024-03-21,0.021925159707738562,0.020692195683232217,0.00014583333333328952
2024-03-22,-0.009406534482027995,-0.007863966827502566,0.00014555555555562094
2024-03-25,-0.008549883005573577,-0.004041757400833457,0.0004364523703619394
2024-03-26,0.005436198444339624,0.006199990193950011,0.00014500000000006175
2024-03-27,-0.005822738159091068,0.00031373837907588964,0.00014500000000006175
2024-03-28,-0.0013942116361975732,-0.0037183167510425053,0.00014527777777773032
2024-04-01,0.008905862724269742,0.0004270474990950568,0.0005812377571723371
2024-04-02,0.00942896672950555,-0.01098950620293615,0.00014500000000006175
2024-04-03,-0.0036732064754515514,-0.0025450758005500784,0.00014500000000006175
2024-04-04,0.010413682406287705,0.016789755964239372,0.00014472222222217113
2024-04-05,-0.01421604122014175,-0.021396654773440105,0.00014527777777773032
2024-04-08,0.003022979133192605,0.010600377358725765,0.0004358966532975739
2024-04-09,0.011818093487904191,0.0035113918101734587,0.00014527777777773032
2024-04-10,-0.006039368037501935,-0.013454945603455726,0.00014583333333328952
2024-04-11,0.0009079541372722932,0.007460032875900691,0.00014583333333328952
2024-04-12,-0.00023558412688673425,0.0019078880620562177,0.00014583333333328952
2024-04-15,-0.0009834524439225056,0.002176355743680247,0.0004375638051847819
2024-04-16,-0.010150510634839294,-0.02524547360669971,0.00014583333333328952
2024-04-17,0.011274450202013231,0.005105728519527286,0.00014583333333328952
2024-04-18,-0.043398255271753894,-0.015262132422312114,0.00014583333333328952
2024-04-19,-0.023804465695379307,-0.01001185260048243,0.00014583333333328952
2024-04-22,-0.03142450977154321,-0.011629182929501658,0.0004367302287782149
2024-04-23,0.02292084650533166,0.008291262806038091,0.00014583333333328952
2024-04-24,0.0488835488852668,0.01765821918010424,0.00014611111111118014
2024-04-25,-0.03943086835720544,-0.020924893018359647,0.00014611111111118014
2024-04-26,0.04009233536251844,0.01998838704523309,0.00014583333333328952
2024-04-29,0.03195243645415391,0.01288552688654443,0.0004375638051847819
2024-04-30,-0.004444327793413416,-0.00457154369653201,0.00014583333333328952
2024-05-01,-0.006793779037486347,-0.01855495886303493,0.00014611111111118014
2024-05-02,-0.0019714031752245953,0.005081035341869988,0.00014583333333328952
2024-05-03,0.046646095761696094,0.021490632402417775,0.00014583333333328952
2024-05-06,0.022441525302919763,0.006583058755499582,0.0004375638051847819
2024-05-07,0.029679454407672168,0.0077751386456219596,0.00014583333333328952
2024-05-08,-0.03517931243580519,-0.006875478602814122,0.00014583333333328952
2024-05-09,0.021807167673254746,0.006077568346481543,0.00014583333333328952
2024-05-10,0.01684163069297462,0.005019027832039447,0.00014611111111118014
2024-05-13,0.011461580840203434,0.003276524461499397,0.0004381195228664314
2024-05-14,-0.0028255985562214425,-0.003018015607344937,0.00014555555555562094
2024-05-15,0.05198082577602148,0.013057790041461681,0.00014583333333328952
2024-05-16,0.036567487536610654,0.009544255525416157,0.00014583333333328952
2024-05-17,-0.004577497192648994,-0.0013253748454397085,0.00014583333333328952
2024-05-20,-0.010420887252441946,-0.0002874593967940875,0.0004375638051847819
2024-05-21,0.005674735831305844,0.0023452628028692857,0.00014583333333328952
2024-05-22,0.01914234664981551,0.006665969249758152,0.00014583333333328952
2024-05-23,0.0023265263736385045,0.009845266397419339,0.00014611111111118014
2024-05-24,-0.0423387932051158,-0.011421100889883684,0.00014611111111118014
2024-05-28,0.03516929026984972,0.00854392662148129,0.000584572547662976
2024-05-29,0.020219672919957965,-0.008057708461909563,0.00014611111111118014
2024-05-30,-0.005146603548087936,4.3841719272741386e-05,0.00014611111111118014
2024-05-31,-0.02019863821010215,-0.00816684510767729,0.00014583333333328952
2024-06-03,0.0006786313153124279,0.006175559390367624,0.00043784166398719293
2024-06-04,-0.022778744887763214,-0.0037398580409032656,0.00014583333333328952
2024-06-05,0.03094457518792182,0.011283730765584643,0.00014583333333328952
2024-06-06,0.0468637577086648,0.01362491613239647,0.00014583333333328952
2024-06-07,-0.007023475831508086,-0.0026280359415418175,0.00014611111111118014
2024-06-10,-0.009722306665902902,-0.0025485680628515306,0.0004381195228664314
2024-06-11,0.01444661927903823,0.003724398934875195,0.00014583333333328952
2024-06-12,-0.01712848199299777,0.018229249877842024,0.00014583333333328952
2024-06-13,0.0017733515855218318,0.012140063224848285,0.00014583333333328952
2024-06-14,0.030362976896977978,-0.002511885540108172,0.00014583333333328952
2024-06-17,0.007502228990749371,0.0061698222717778695,0.0004375638051847819
2024-06-18,-0.01912224658944006,0.011575543375587527,0.00014555555555562094
2024-06-20,0.006263910539054951,0.0029070125410108894,0.0002911322975309716
2024-06-21,0.04962375286164056,-0.010751926129898393,0.00014527777777773032
2024-06-24,-0.022784648960470832,-0.004675885203681229,0.0004361745117911209
2024-06-25,-0.019162417612166194,-0.0044126460730694594,0.00014527777777773032
2024-06-26,0.014690704325299953,0.005209320791975669,0.00014555555555562094
2024-06-27,-0.009117869215500729,0.003280740059620424,0.00014527777777773032
2024-06-28,-0.003856526174209063,0.004769709809217204,0.00014500000000006175
2024-07-01,-0.0059227511267362365,-0.0049127824543439,0.00043561879472719944
2024-07-02,-0.004374533656226642,0.0007707469212190343,0.00014555555555562094
2024-07-03,0.04061309585139572,0.012093750679861515,0.00014555555555562094
2024-07-05,0.009062533578426901,0.011661492774382554,0.00029085447932097885
2024-07-08,-0.004039467619690651,0.009432989176726636,0.0004358966532975739
2024-07-09,-0.0075803874916864356,0.004712713284964476,0.00014527777777773032
2024-07-10,0.003231655240572895,0.001683676474046214,0.00014527777777773032
2024-07-11,-0.013950678932558414,0.006724049502067064,0.00014472222222217113
2024-07-12,-0.001910000045318716,-0.020991180245093055,0.00014472222222217113
2024-07-15,0.0007408257985832556,0.008324736190219895,0.00043395164507775696
2024-07-16,0.016888650300430408,0.0020337226610143144,0.00014444444444450255
2024-07-17,0.022349099462704025,-0.01876933601235753,0.00014444444444450255
2024-07-18,-0.019587861465486522,-0.0056321033146442545,0.00014472222222217113
2024-07-19,0.012535674649810868,-0.013140185212288213,0.00014444444444450255
2024-07-22,-0.0021538617031514606,0.004194871448545134,0.00043311807090917753
2024-07-23,0.002214893782330307,0.0005196322907441431,0.00014388888888894336
2024-07-24,-0.041447042642311804,-0.015766181635763377,0.00014388888888894336
2024-07-25,-0.08822471100359874,-0.0213161790310481,0.00014361111111105274
2024-07-26,0.0016536896160714853,-0.0023073492339719115,0.00014333333333338416
2024-07-29,0.022221587244100505,0.0066140842731494676,0.0004297837788649339
2024-07-30,-0.011026291865052107,0.0003006261374047803,0.00014277777777782497
2024-07-31,0.0037143345721739607,0.004336183508080627,0.00014305555555549354
2024-08-01,0.008722483406525372,0.008314284645868586,0.00014222222222226577
2024-08-02,-0.17804710965380433,-0.04423853823791635,0.00014027777777769757
2024-08-05,-0.09707908646156382,-0.05806307680225198,0.0004220037925195541
2024-08-06,0.056419680266620365,0.029479039116300676,0.00014138888888881596
2024-08-07,0.07353523081568358,0.021178679331915973,0.00014138888888881596
2024-08-08,-0.04945759698007224,-0.0121615027037687,0.00014138888888881596
2024-08-09,0.0395120893066041,0.0128780355876712,0.00014138888888881596
2024-08-12,0.028744239880117206,0.010408716523239825,0.00042367092928108363
2024-08-13,0.039404557393400985,0.00981424485073834,0.00014055555555558819
2024-08-14,0.07748728897087598,0.0168706332836972,0.00014083333333325676
2024-08-15,0.04026599970541156,0.01132665442085612,0.00014138888888881596
2024-08-16,0.0327222804073366,0.008234488729850664,0.00014111111111114738
2024-08-19,0.017056080534702867,0.005395565194080687,0.0004228373608237135
2024-08-20,0.046496119689001913,0.010901250275573426,0.000140000000000029
2024-08-21,-0.003085284334224614,0.001457282613797739,0.0001394444444444698
2024-08-22,0.02529953655425432,0.00787851107099069,0.000140000000000029
2024-08-23,-0.029800150653801705,-0.011550250891803171,0.00013916666666657918
2024-08-26,-0.011086503448089369,0.0004383824983233975,0.00041672453948438104
2024-08-27,-0.03024540659162378,-0.012013790993923412,0.0001383333333333514
2024-08-28,0.005443756089898555,0.005488779453608705,0.0001377777777777922
2024-08-29,-0.009571604480888563,-0.006319677305679838,0.0001383333333333514
2024-08-30,0.004743463708672957,0.003718675108070446,0.0001383333333333514
2024-09-03,-0.0056559968340191835,-0.003873391342905985,0.0005531702675174444
2024-09-04,0.046101651399485855,-0.03070577131039698,0.0001377777777777922
2024-09-05,-0.006594517664089805,0.0006541885688784443,0.00013722222222223301
2024-09-06,-0.013781611779106195,0.0029629884276984875,0.0001369444444443424
2024-09-09,-0.016384260923860583,-0.015792909350068385,0.0004097781817911095
2024-09-10,0.010486429111563833,0.007018944945042405,0.00013472222222232766
2024-09-11,0.009485011960338463,0.008043855249859622,0.000135833333333224
2024-09-12,0.046635174068628826,0.019003855883750198,0.00013472222222232766
2024-09-13,0.024764164142965672,0.008172444689988234,0.00013277777777775945
2024-09-16,-0.004503158252316508,0.0015026145214036557,0.0003975526708446253
2024-09-17,0.02758027928172302,0.00655142495234351,0.00013194444444453168
2024-09-18,-0.005566987618392916,-0.003338370026019999,0.0001291666666667357
2024-09-19,0.05079320080097238,0.01666301857650576,0.00012805555555561732
2024-09-20,-0.007971263835990006,-0.00024862965325700426,0.0001266666666666083
2024-09-23,0.0032251605340010148,0.0023600385404003443,0.00037921459090783927
2024-09-24,0.014180977982124476,0.0031265245551928,0.00012499999999993072
2024-09-25,-0.002004606574681378,0.0005780579746152981,0.00012527777777782134
2024-09-26,0.06309005646875865,0.017803430939606235,0.00012499999999993072
2024-09-27,-0.013333856217461859,-0.005817192586536457,0.00012499999999993072
2024-09-30,-0.017220511203690947,-0.00962285140561614,0.0003756025714058975
2024-10-01,-0.0025279764358334678,0.0039524537270063664,0.00012499999999993072
2024-10-02,-0.009337318245381532,-0.015050273164422978,0.00012444444444437153
2024-10-03,0.003445819426576735,-0.0012908819474054534,0.00012444444444437153
2024-10-04,0.03971255913569882,0.016071417807621557,0.00012583333333338054
2024-10-07,-0.013249796273365755,-0.004226092086872413,0.0003781031994551931
2024-10-08,0.013651982145221675,-0.001503999767621056,0.00012583333333338054
2024-10-09,0.026235459398624483,0.008954716161984289,0.0001261111111110491
2024-10-10,0.006116280442899358,0.003783248108633508,0.0001261111111110491
2024-10-11,-0.0014151496297934996,-0.00022408513263882934,0.00012583333333338054
2024-10-14,0.042564516209880665,0.010249717498257871,0.00037754750407592574
2024-10-15,0.020621391593054428,0.004155303143131395,0.00012555555555548992
2024-10-16,-0.07243979406271561,-0.013358105913544138,0.00012527777777782134
2024-10-17,0.03382581647662808,0.010708997003666676,0.0001261111111110491
2024-10-18,-0.015729128011342186,-0.0047941232586707905,0.00012583333333338054
2024-10-21,-0.011726490096592546,-0.00163948500766542,0.0003769918086968804
2024-10-22,0.000683949955432972,-0.0010542079409597838,0.00012527777777782134
2024-10-23,0.0024998631635717583,0.0017453918797185608,0.00012555555555548992
2024-10-24,-0.0074432606359775555,-0.0029984451317441874,0.00012499999999993072
2024-10-25,0.01551909536043028,0.00615719061905895,0.00012555555555548992
2024-10-28,0.012208507423127735,0.006705162112856433,0.0003758804186326792
2024-10-29,-0.008491362602053742,-0.005496979770153176,0.00012472222222226215
2024-10-30,0.006839765006729115,0.0074035085841539505,0.00012416666666670295
2024-10-31,-0.04866785002672547,-0.014037220558850594,0.00012333333333325314
2024-11-01,-0.03134056773991756,-0.01397299788553008,0.00012250000000002537
2024-11-04,0.006190736832467181,0.002718912147024577,0.00036837855810079034
2024-11-05,0.0022459643706318477,0.0016226667947871753,0.00012305555555558456
2024-11-06,0.08438213792755045,0.026558114412030154,0.00012333333333325314
2024-11-07,0.052932578288415355,0.015662593238761513,0.00012305555555558456
2024-11-08,0.0009636778072685814,0.009126563272211952,0.00012305555555558456
2024-11-11,-0.007104036594467011,0.0045415084254303295,0.00036921209653950626
2024-11-12,-0.013303616358241066,-0.003104453399778273,0.00012305555555558456
2024-11-13,-0.01790612796091684,-0.0026665755040021777,0.00012222222222213475
2024-11-14,-0.010813179666896877,-0.0009562925856237969,0.00012250000000002537
2024-11-15,-0.03761853583564456,-0.01752258321897049,0.00012250000000002537
2024-11-18,-0.035032375155967466,-0.009563817362970961,0.0003678228664256711
2024-11-19,0.002662780603060355,-0.0014252445715505768,0.00012250000000002537
2024-11-20,-0.0001292988529697503,0.011539437309504574,0.00012277777777769394
2024-11-21,0.019583787688990606,0.006121290925490852,0.00012305555555558456
2024-11-22,-0.004130851256878509,-0.0035949925954927853,0.00012305555555558456
2024-11-25,0.03585344214057096,0.010863899329221383,0.0003689342503931936
2024-11-26,-0.0029070061024243365,-0.0035693975208814788,0.00012222222222213475
2024-11-27,-0.01360916802922918,0.00017725099266518995,0.00012222222222213475
2024-11-29,-0.013937871496839116,-0.004408036395525783,0.0002441815709874895
2024-12-02,0.010561373438163768,0.01004092108855259,0.00036560010096042816
2024-12-03,0.010327119155702169,0.005753396839191405,0.00012111111111101636
2024-12-04,0.02662077741718849,0.012394187855747862,0.00012083333333334778
2024-12-05,0.010809848075090889,0.005746382839554975,0.00012055555555545716
2024-12-06,-0.02085298888051601,-0.0015860105065936825,0.00011972222222222939
2024-12-09,0.006325557590275865,0.005875630482285121,0.0003589318243200079
2024-12-10,0.006578679133911525,-0.0036721083805683064,0.0001191666666666702
2024-12-11,-0.006864309032068805,0.0026353240949910095,0.00011833333333344243
2024-12-12,0.010349207096993718,0.005104675043191342,0.00011749999999999261
2024-12-13,0.0008093426367943302,0.005268570325742905,0.00011749999999999261
2024-12-16,0.009443575983310026,0.004938873813694844,0.0003530971064908961
2024-12-17,0.017940779009218755,0.006153209187984787,0.00011833333333344243
2024-12-18,-0.00020025393779876666,-0.0022560452853668256,0.0001180555555555518
2024-12-19,0.021877634012893443,-0.026086206118517863,0.00011749999999999261
2024-12-20,-0.008148552106223672,-0.0206256792592292,0.00011749999999999261
2024-12-23,-0.010158872601127578,0.01948851251312589,0.0003528192634316696
2024-12-24,0.003972666218845289,0.01016274641694781,0.00011888888888877958
2024-12-26,0.0014830134119534488,0.006649684292067137,0.00023668066913584695
2024-12-27,-0.0011362555495039173,-0.004372387716911397,0.00011638888888887422
2024-12-30,-0.008154206222617089,-0.019961477329900834,0.00035031867713164466
2024-12-31,0.00039866794429888053,0.002696230879442485,0.00011749999999999261
2025-01-02,-0.0029274915044097405,-0.005030006183684987,0.00023473599583345717
2025-01-03,-0.002693282527439833,-0.0018474343131883453,0.00011666666666676484
2025-01-06,0.009352661435440446,0.020785440080396622,0.00035031867751778023
2025-01-07,0.0032303639952857566,0.0029960530131307728,0.00011694444444443342
2025-01-08,-0.01412053524180723,-0.019996487590731915,0.00011694444444443342
2025-01-10,-0.0041069002036911995,-0.006989309564989332,0.0002341803751544358
2025-01-13,-0.005886471065194021,-0.02009857660843284,0.0003519857343308175
2025-01-14,0.003465155796337216,0.015043835968146624,0.00011722222222232404
2025-01-15,0.020488560435385716,0.008432722320084851,0.00011694444444443342
2025-01-16,0.028621745067608062,0.011597631593424307,0.00011694444444443342
2025-01-17,0.012664658491976288,0.007456866677092222,0.00011666666666676484
2025-01-21,0.016358377002037017,0.0031174786050753855,0.00046730408970829806
2025-01-22,0.03533347568081835,0.00970495192375287,0.00011722222222232404
2025-01-23,-0.01260998705548555,-0.001000657824682727,0.00011722222222232404
2025-01-24,0.03130740444764002,0.007523089211562972,0.00011694444444443342
2025-01-27,-0.1627645099731606,-0.04131202896357322,0.0003505965201910932
2025-01-28,-0.006959489578386213,0.008258400145941147,0.00011666666666676484
2025-01-29,0.015318245350193216,0.014052391632204841,0.00011666666666676484
2025-01-30,0.001608633357119027,0.002392619572560317,0.00011638888888887422
2025-01-31,0.018638810807398043,0.006129151162633351,0.00011666666666676484
2025-02-03,-0.01539156885764248,-0.02552573096608135,0.0003505965201142658
2025-02-04,0.0023687291585654524,0.010049343665224031,0.00011722222222232404
2025-02-05,-0.008044511061657267,0.006150843654779692,0.00011722222222232404
2025-02-06,-0.013907858761465164,0.010616640135460376,0.00011722222222232404
2025-02-07,0.01719384495436893,0.005271623427654859,0.00011777777777788323
2025-02-10,-0.021143861853162194,-0.005508131054574372,0.00035309710656838966
2025-02-11,-0.005717510128122161,-0.0023896292623266646,0.00011749999999999261
2025-02-12,-0.019512854091305654,-0.006958938435964845,0.00011749999999999261
2025-02-13,0.04165218847011665,0.014704199754434821,0.00011722222222232404
2025-02-14,0.03201506601805848,0.011378007445463245,0.00011722222222232404
2025-02-18,0.022131100677455162,0.0069399655299837715,0.0004692492171032292
2025-02-19,0.007530165195908767,-0.0021491544126319706,0.00011722222222232404
2025-02-20,0.005639197999901757,0.0002971173167056751,0.00011694444444443342
2025-02-21,-0.0013623611070749941,-0.0006498595700404897,0.00011694444444443342
2025-02-24,-0.06742922445347288,-0.01950282423450611,0.00035031867744028666
2025-02-25,-0.00491125967563355,-0.01636744702991244,0.00011638888888887422
2025-02-26,-0.012169427939682453,-0.0071449673463184205,0.00011666666666676484
2025-02-27,-0.000920997864970241,0.005043408712941844,0.00011666666666676484
2025-02-28,-0.09114702365580718,-0.03474037601002433,0.00011666666666676484
2025-03-03,0.009029819303906672,0.022774002114604786,0.00035031867751778023
2025-03-04,-0.08600297582268646,-0.03389891496119146,0.00011666666666676484
2025-03-05,0.0044091634349539,0.0040876367621534015,0.00011694444444443342
2025-03-06,-0.010451851718681127,-0.005058530837728115,0.00011666666666676484
2025-03-07,-0.011243979578590024,-0.01322683979108552,0.00011666666666676484
2025-03-10,-0.0019126258606750879,-0.007615572228355072,0.00034976299232503116
2025-03-11,-0.03399350978165794,-0.022960027308203235,0.00011666666666676484
2025-03-12,0.04233384939636409,0.014417351088337638,0.00011694444444443342
2025-03-13,-0.015458902968824129,-0.006073176668920599,0.00011666666666676484
2025-03-14,0.0017018389036689285,-0.005291243661684097,0.00011666666666676484
2025-03-17,0.03455000484785442,0.01241195479447299,0.0003500408349215167
2025-03-18,-0.0005921187624426949,-0.00041696045259886905,0.00011666666666676484
2025-03-19,0.006760498646474211,-0.005423240249580963,0.00011666666666676484
2025-03-20,0.0010369059796757618,0.00014671525657461437,0.00011638888888887422
2025-03-21,0.002774353668953955,-0.005871562190789548,0.00011638888888887422
2025-03-24,-0.020153035138313458,0.03034804984877537,0.00034920730736343053
2025-03-25,-0.006508126957343374,0.0074835579672458685,0.00011638888888887422
2025-03-26,-0.0022383882039855862,0.001851880896781788,0.00011666666666676484
2025-03-27,-0.05303741081785518,-0.020089435354478824,0.00011666666666676484
2025-03-28,0.008055335451111256,-0.005389645605071158,0.00011666666666676484
2025-03-31,0.04409598842144802,-0.03728561421151555,0.00035031867751778023
2025-04-01,-0.012468123560034905,0.011647047380638043,0.00011666666666676484
2025-04-02,0.0037231507776194217,-0.0025250599145105745,0.00011694444444443342
2025-04-03,0.0029857683926279854,-0.020767299137077533,0.00011666666666676484
2025-04-04,0.016202865047948656,-0.04009273899387,0.00011583333333331503
2025-04-07,-0.148848061292309,-0.0672844853368133,0.0003475402536374794
2025-04-08,0.24300838191858576,0.07218710770716008,0.00011638888888887422
2025-04-09,-0.1750078910973023,-0.05155646031173289,0.00011777777777788323
2025-04-10,0.23872260293345593,0.09141650672659307,0.00011722222222232404
2025-04-11,-0.02337525797958484,-0.019644546591877865,0.00011749999999999261
2025-04-14,0.005340889591433751,0.04455191986747886,0.00035226357731277247
2025-04-15,0.01342844180987357,-0.012745964294059275,0.00011722222222232404
2025-04-16,-0.0032244798020454324,-0.02073977515904868,0.00011694444444443342
2025-04-17,0.005209470941806904,-0.0041421944183588355,0.00011749999999999261
2025-04-21,0.008571869130913568,-0.019992550424348332,0.00046980496828319396
2025-04-22,-0.001508238606751866,0.0013464401058227438,0.00011722222222232404
2025-04-23,-0.02010305414623781,0.044095607773234846,0.00011722222222232404
2025-04-24,0.0006510136190625015,-0.003688613011867181,0.00011694444444443342
2025-04-25,-0.025141308735637136,0.022980166213119713,0.00011694444444443342
2025-04-28,0.025060910158598793,0.01297720498389876,0.0003505965201910932
2025-04-29,-0.012800279102935685,-0.006046086129307016,0.00011666666666676484
2025-04-30,-0.005447002187212502,-0.00646580407965236,0.00011666666666676484
2025-05-01,0.031051146092843096,0.03485114486560592,0.00011666666666676484
2025-05-02,0.004128901698344789,0.006474817375464514,0.00011722222222232404
2025-05-05,-0.005374836462680999,-0.003987317211255559,0.00035170789142591197
2025-05-06,-0.02114382385009228,-0.010400364967029119,0.00011722222222232404
2025-05-07,0.010098917360673143,0.005254857081196773,0.00011722222222232404
2025-05-08,0.03008919707070623,0.01337956599340795,0.00011749999999999261
2025-05-09,0.008785377899126257,0.003438812050666984,0.00011722222222232404
2025-05-12,0.07348347241486608,0.034230205058627394,0.0003542084775711718
2025-05-13,0.013402545587526182,0.004280179252385441,0.0001191666666666702
2025-05-14,0.05721965772274995,0.014946118408039721,0.0001191666666666702
2025-05-15,0.021221810431377497,-0.00048351527771395286,0.000118611111111111
2025-05-16,-0.01814191851162872,0.008015066447778274,0.0001180555555555518
2025-05-19,0.034666104183372015,-0.012330539898716242,0.00035504200975866596
2025-05-20,-0.04046189181862381,0.010170254758579134,0.00011833333333344243
2025-05-21,0.017788689000788782,-0.00615997553357206,0.00011777777777788323
2025-05-22,0.025817220786308548,-0.005055589683347739,0.0001180555555555518
2025-05-23,-0.06412846195834987,-0.014562168866089964,0.00011777777777788323
2025-05-27,0.06811232882662122,0.019696605725608052,0.00047119434727638243
2025-05-28,0.035301503292992864,0.011682628984588606,0.00011777777777788323
2025-05-29,0.03044838054165666,0.007947588459444876,0.0001180555555555518
2025-05-30,-0.052721568727946644,-0.013090836642079662,0.0001180555555555518
2025-06-02,-0.02417466563970294,-0.004235122524290036,0.0003542084796546163
2025-06-03,0.040963899451879504,0.012218476618626406,0.00011777777777788323
2025-06-04,0.05241783538140221,0.008499565812184917,0.0001180555555555518
2025-06-05,0.02242739398836857,0.0041098135304478145,0.0001180555555555518
2025-06-06,-0.0016297205973971884,-0.000339644650318327,0.0001180555555555518
2025-06-09,0.008206216150600909,0.0002643551287053736,0.0003542084796546163
2025-06-10,0.011313025608820526,0.0019428050432022115,0.00011833333333344243
2025-06-11,0.0013495915507584222,0.008377722474265603,0.00011833333333344243
2025-06-12,0.028303635290851892,-0.00845754028003276,0.000118611111111111
2025-06-13,0.025790586322266718,-0.006420672573369868,0.00011833333333344243
2025-06-16,-0.01017424709614101,0.0053441268605760595,0.00035448632294587945
2025-06-17,0.01612459808185407,0.0022808575109316553,0.00011749999999999261
2025-06-18,-0.004772338860527414,-0.0030280207003910986,0.00011749999999999261
2025-06-20,0.01364602604741294,0.004074751935150056,0.00023445818541656394
2025-06-23,-0.03067826455653233,-0.009127816526335542,0.00035031867744028666
2025-06-24,0.06049295360243789,0.019134118622651464,0.00011638888888887422
2025-06-25,0.04480467469910243,0.009629428550136154,0.00011638888888887422
2025-06-26,0.01061322632316597,0.0023798112703696805,0.00011694444444443342
2025-06-27,-0.0008728194917120291,0.0071961453571451894,0.00011666666666676484
2025-06-30,0.004923623639934593,0.007309115727944349,0.00035115220530701485
2025-07-01,0.018183518345267435,-0.0027754204177643516,0.00011777777777788323
2025-07-02,-0.009732071145768795,-0.006494199348326735,0.00011777777777788323
2025-07-03,-0.009635209071412132,0.012853483934455845,0.00011833333333344243
2025-07-07,0.01829049772739011,0.0006146726543405645,0.00047341735662875806
2025-07-08,-0.027739374159633345,-0.00025280396823912366,0.00011833333333344243
2025-07-09,0.015852907843512787,0.0019876341110589557,0.00011833333333344243
2025-07-10,-0.003736043708794212,0.004346496128020627,0.0001180555555555518
2025-07-11,0.009851298263115149,-0.0064468011679235104,0.0001180555555555518
2025-07-14,-0.004879925663474172,0.0012471615917577505,0.0003544863230227069
2025-07-15,0.008173096490042608,0.011299866024108152,0.0001180555555555518
2025-07-16,-0.01717654647633038,-0.005301068952687782,0.00011777777777788323
2025-07-17,0.005538257583571404,0.0013277700773086654,0.00011777777777788323
2025-07-18,-0.004968427062761793,0.00913947887428912,0.00011777777777788323
2025-07-21,-0.015707096610375504,-0.0018289821099539694,0.0003533749497821592
2025-07-22,0.0017896037824758348,0.003931651573752859,0.00011777777777788323
2025-07-23,-0.020354756478247804,-0.0034733650529006344,0.0001180555555555518
2025-07-24,0.0024988086780157737,0.004961507099744855,0.0001180555555555518
2025-07-25,0.00375046768555376,-0.0003539442183749797,0.0001180555555555518
2025-07-28,-0.024693154284494145,0.004973954790521207,0.00035393063628652577
2025-07-29,-0.022656586884362784,0.005319359040500515,0.00011777777777788323
2025-07-30,0.037096870176951846,-0.004520137495418686,0.0001180555555555518
2025-07-31,-0.014341962060071545,0.011193569261461311,0.00011777777777788323
2025-08-01,0.08899918247560445,-0.02734365850685272,0.00011638888888887422
2025-08-04,0.009372268282294316,0.00039369128922062124,0.000348373780037603
2025-08-05,0.0342565490855784,0.01134063046689704,0.00011555555555564645
2025-08-06,-0.036051464474683104,-0.00756997802528403,0.00011500000000008725
2025-08-07,0.05856363472807846,0.018819810961839822,0.00011500000000008725
2025-08-08,-0.010876577396927045,-0.002134047207094647,0.00011500000000008725
2025-08-11,0.024580858248032023,0.007432656942369498,0.0003453175181913348
2025-08-12,0.00325785979067561,0.0008178268135183853,0.00011500000000008725
2025-08-13,0.05907616529088067,0.013213754866451266,0.00011416666666663744
2025-08-14,-0.025643836680156573,-0.007687452876485867,0.00011444444444452806
2025-08-15,0.005237524464665633,0.002628385771444197,0.00011444444444452806
2025-08-18,-0.019970033304922974,-0.005795083521438538,0.00034392831014851133
2025-08-19,-0.003030240892248459,-8.670669551102961e-05,0.00011444444444452806
2025-08-20,-0.046903643697858266,-0.013983522470113585,0.00011444444444452806
2025-08-21,-0.0035280476673539285,-0.007003127271424714,0.00011500000000008725
2025-08-22,0.0004171835765880427,0.0005670832152597782,0.00011388888888896886
2025-08-25,0.02741163586538331,0.01014753144338365,0.0003417055801810953
2025-08-26,-0.0012621985886673848,-0.000999222185537163,0.00011388888888896886
2025-08-27,9.486087946819488e-05,0.0030886689613380813,0.00011333333333340967
2025-08-28,0.003102377276394064,0.004408566825940374,0.00011333333333340967
2025-08-29,-0.001984642138505688,0.0009580274167935166,0.00011249999999995985
2025-09-02,-0.010171970984081957,-0.02323102088497553,0.0004500759431953494
2025-09-03,0.0050658845299333954,0.01410986979508455,0.00011194444444440066
2025-09-04,0.0017784563345359938,0.00265263879306743,0.00011138888888884146
2025-09-05,-0.002280176927610844,0.017082996782925797,0.00010888888888893611
2025-09-08,0.004091223250677345,-0.0036521130893059084,0.00032753575315291883
2025-09-09,-0.0002731877004547023,0.0022478649965225195,0.00010972222222216388
2025-09-10,-0.002949979913757783,0.007021240633585224,0.0001094444444444953
2025-09-11,-0.003557055616024707,-0.0008567104874704912,0.0001094444444444953
2025-09-12,0.0017808530188037075,0.0030862510864408943,0.0001094444444444953
2025-09-15,0.0006072135009094204,0.00581163407555807,0.00032753575315291883
2025-09-16,0.012649903353822323,0.007086581570862949,0.00010833333333337691
2025-09-17,0.0038334329677260914,-0.0025481355484042734,0.00010777777777781772
2025-09-18,-0.010267246999134727,0.006445583504257613,0.0001080555555554863
2025-09-19,0.002994303292366496,0.00406786250531721,0.0001080555555554863
2025-09-22,0.021789346020866907,0.0018464867703207322,0.00032336818250189303
2025-09-23,0.005471233257015928,0.007745901317554482,0.00010722222222225852
2025-09-24,0.010823097798148273,-0.00463169076197445,0.0001074999999999271
2025-09-25,0.013027007020397052,-0.012308648257183585,0.0001080555555554863
2025-09-26,-0.013028787913497375,0.0036305187362331015,0.0001074999999999271
2025-09-29,0.005506338913322528,0.00800872162698063,0.0003222568324889874
2025-09-30,-0.00012663240852128776,-0.00113492416811245,0.00010722222222225852
2025-10-01,-0.0020784035285741354,-0.0021056549810488656,0.0001069444444443679
2025-10-02,0.04423900541997772,0.016561460620794888,0.00010722222222225852
2025-10-03,0.009159757196751439,-0.0009058897938256649,0.0001074999999999271
2025-10-06,-0.007684430761978001,0.003198542540392424,0.0003222568324889874
2025-10-07,-0.00039437969284406016,0.00093683764766328,0.0001069444444443679
2025-10-08,0.010069802587611587,-0.005927509742133852,0.0001069444444443679
2025-10-09,-0.019205103343881147,0.010026161961487645,0.0001074999999999271
2025-10-10,0.0045107705700500045,-0.00013066687929841336,0.00010722222222225852
2025-10-13,0.044433942431348905,-0.019169277801820983,0.00032170115771434915
2025-10-14,-0.004655870664152739,-0.007287223102772411,0.0001069444444443679
2025-10-15,0.05147460929997427,0.014614217147452813,0.0001074999999999271
2025-10-16,0.0017295363628404559,0.0018211242810848294,0.00010722222222225852
2025-10-17,-0.004016999558047574,-0.011832421086583889,0.00010666666666669933
2025-10-20,0.006229548753363234,0.01536905633234631,0.0003192006234264966
2025-10-21,0.0029981883542369303,0.007411946861475283,0.00010555555555558094
2025-10-22,-0.014648445152446454,-0.0013406906853765665,0.00010555555555558094
2025-10-23,-0.006033563208211912,-0.00967562299978697,0.00010555555555558094
2025-10-24,0.08464831285315744,0.018316780783597553,0.00010472222222213112
2025-10-27,0.04622033450726848,0.013847707293134448,0.0003130882242068367
2025-10-28,0.024894152523137203,0.009351224623868726,0.00010361111111101273
2025-10-29,0.026716863244974576,0.008296906315274688,0.00010472222222213112
2025-10-30,0.013521895748090484,-0.005380952178615339,0.00010444444444446255
2025-10-31,-0.012993347706740321,0.0031637135921602777,0.00010361111111101273
2025-11-03,0.004759871479685263,0.001482205809179682,0.00031336605831477904
2025-11-04,-0.042540334775591826,-0.018626532143351082,0.00010555555555558094
2025-11-05,-0.017868293363400567,-0.007685182737598106,0.00010555555555558094
2025-11-06,0.03243199155389731,0.005335528887661312,0.00010472222222213112
2025-11-07,-0.08205422246269922,-0.021679322287919356,0.00010472222222213112
2025-11-10,0.03986044121560517,0.017441777720274887,0.0003147552399658249
2025-11-11,-0.0038272226006924592,0.00266587705272614,0.00010527777777769032
2025-11-12,0.013591376112494835,0.0068807807301958235,0.00010527777777769032
2025-11-13,-0.004667194982639344,-0.011682977686669593,0.00010555555555558094
2025-11-14,-0.0065884074524015235,-0.02913175745149832,0.00010555555555558094
2025-11-17,-0.0006781552114283329,0.011258539966270131,0.0003167000937687181
2025-11-18,-0.028594566139190314,-0.011017763341333309,0.00010500000000002174
2025-11-19,-0.009390354069402806,-0.004252543208755455,0.00010527777777769032
2025-11-20,0.051203869882564756,0.024368906909591814,0.00010500000000002174
2025-11-21,-0.1494986957724148,-0.03948540516404342,0.00010416666666657193
2025-11-24,0.024046117994906524,0.013294477548594807,0.00031253255321317397
2025-11-25,0.02268817855685512,0.013825333221295644,0.00010388888888890335
2025-11-26,0.06091106167199434,0.014912739854988422,0.00010444444444446255
2025-11-28,0.020342654466180665,0.00587750951571353,0.00020806637716042076
2025-12-01,-0.00876225486619342,-0.004025324964658017,0.00031030986954738715
2025-12-02,0.0049697956721481695,0.009500967189694842,0.00010222222222222577
2025-12-03,0.002916312251795672,0.0002582101701134043,0.00010111111111110738
2025-12-04,0.0044567940812334506,0.008569805852348011,0.0001008333333334388
2025-12-05,-0.001467151695602964,-0.0008801327593775943,0.00010055555555554818
2025-12-08,0.0006785042091863591,0.004532567883442251,0.00030225266923222804
2025-12-09,-0.01328808442907281,-0.006696349758075648,0.00010111111111110738
2025-12-10,0.006578594159446505,0.0013482034401619547,9.999999999998899e-05
2025-12-11,0.0014108571318565133,-4.804177453210379e-05,9.944444444442979e-05
2025-12-12,-0.011049859458322042,-0.002789165883535172,9.83333333333114e-05
2025-12-15,-0.004161822996517461,-0.005963963211896739,0.00029558467410417677
2025-12-16,-0.003948609288177307,-0.016349494905586792,9.88888888888706e-05
2025-12-17,0.002106755977625996,0.007891424963972105,9.861111111120202e-05
2025-12-18,-0.00413411895200666,-0.005317527032907221,9.805555555564283e-05
2025-12-19,8.63679003895168e-05,0.0035256301690660408,9.83333333333114e-05
2025-12-22,0.0021277486433519677,0.016668900519925867,0.00029558467410417677
2025-12-23,-0.0015516978437755125,-0.005069554920822061,9.88888888888706e-05
2025-12-24,0.0022120160094984964,0.006130789213378174,9.999999999998899e-05
2025-12-26,0.005552557009703918,0.004292494157738913,0.0001988987777776785
2025-12-29,-0.007363800649239471,-0.007299924776953182,0.00029697383738946925
2025-12-30,-0.0002610489964403051,-0.0004192616226956769,9.861111111120202e-05
2025-12-31,-0.00017249074032532619,-0.0003064963423791145,9.916666666676122e-05
2026-01-02,5.4822885294791845e-05,0.0006617273645141974,0.00019750975138888016
2026-01-05,0.004150754876965035,-0.0011935205216302425,0.0002950290092840202
2026-01-06,0.0017537903206317207,-0.000145307467865341,9.805555555564283e-05
2026-01-07,0.0021660547705337763,0.006152814562245146,9.77777777777522e-05
2026-01-08,0.006226443563898565,-1.5969409228322462e-05,9.77777777777522e-05
2026-01-09,-6.818158236088223e-05,-0.002600332680775974,9.77777777777522e-05
2026-01-12,0.0001475728097295459,0.001448365154951059,0.00029447334415522164
2026-01-13,0.005097347256820539,0.007970350003869697,9.916666666676122e-05
2026-01-14,-0.003306187065205135,-0.008018941834392557,9.916666666676122e-05
2026-01-15,0.007638727324826844,0.007006926176707173,9.916666666676122e-05
2026-01-16,-0.0014387471044210454,-0.001755473939740293,9.916666666676122e-05
2026-01-20,0.01978408612972693,-0.023932754285878377,0.0003972813955845922
2026-01-21,-0.02129461474811123,-0.001736366523466648,9.972222222232041e-05
2026-01-22,-0.007385444637163174,0.021133115601002617,9.999999999998899e-05
2026-01-23,0.007643330245932667,-0.004209778774007078,9.972222222232041e-05
2026-01-26,0.005879853275468694,0.005615391453721363,0.0002991965012235642
2026-01-27,0.006260520895602806,0.00914610002095495,9.944444444442979e-05
2026-01-28,0.01611345000240516,0.010414987637694217,9.972222222232041e-05
2026-01-29,0.006348216564471043,-0.004422015983391536,9.972222222232041e-05
2026-01-30,0.008386450908396625,-0.010969712518643315,9.944444444442979e-05
2026-02-02,0.010172830956205914,-0.011203307530864626,0.0002989186679640543
2026-02-03,0.00806773298876462,0.015516336813944376,9.999999999998899e-05
2026-02-04,-0.022410425021393787,-0.021136317679835148,9.999999999998899e-05
2026-02-05,-0.0067275510358678625,-0.024080467810367323,9.972222222232041e-05
2026-02-06,0.0027203850681907227,-3.3448456532525483e-05,9.999999999998899e-05
2026-02-09,-0.008523152220011654,0.012246105756045678,0.00030003000099987354
2026-02-10,0.009083629534045068,0.012789314112149563,9.999999999998899e-05
2026-02-11,0.004285398414400232,0.0017390024683388017,0.0001002777777778796
2026-02-12,0.0072594338525355795,-0.0027093681840811845,0.0001002777777778796
2026-02-13,-0.003963492868856888,-0.02323047341605,9.999999999998899e-05
2026-02-17,0.005779411060097717,-0.003414293678827396,0.00040033786511961544
2026-02-18,0.007242841803393851,0.006233494634435122,0.0001002777777778796
2026-02-19,-0.002476007954697157,0.0011626449795418825,0.0001002777777778796
2026-02-20,-0.008472058989169806,-0.004462428428868126,9.999999999998899e-05
2026-02-23,0.0041403005544025095,0.010814425507151837,0.00030003000099987354
2026-02-24,-0.000841733197034511,-0.006940111411188998,9.999999999998899e-05
2026-02-25,-0.0073896264095446584,0.014392403901085427,9.999999999998899e-05
2026-02-26,-0.00548816619322845,0.007396877969382931,9.999999999998899e-05
2026-02-27,-0.005279857862343973,-0.020484513634899004,9.972222222232041e-05
2026-03-02,-0.0018250440130125334,-0.006832735011302216,0.00029975216758715284
2026-03-03,0.00457052060832952,-0.004224565956327253,9.999999999998899e-05
2026-03-04,0.004682253250916313,0.013130231136443848,9.999999999998899e-05
2026-03-05,-0.0057582192728167225,0.005362800252333821,9.972222222232041e-05
2026-03-06,-0.007828193582764653,-0.011672701299823673,9.944444444442979e-05
2026-03-09,-0.0033524135212155137,-0.010128113547013595,0.00029919650099174966
2026-03-10,-0.019579824776642996,0.022802741210620647,9.999999999998899e-05
2026-03-11,0.009847268656817398,0.0019250015498528672,0.0001002777777778796
2026-03-12,-0.021543957098429822,-0.010164996265700998,0.0001002777777778796
2026-03-13,-0.003910577884437383,-0.0050269891064341765,0.0001002777777778796
2026-03-16,0.00027532314003275715,0.0005169001372380411,0.00030086350124025607
2026-03-17,0.002948629541825065,0.005166392098506112,0.0001002777777778796
2026-03-18,8.759444290373786e-05,-0.00273568125211332,0.00010055555555554818
2026-03-19,0.022612848610406466,-0.019917229904390155,0.00010055555555554818
2026-03-20,-0.0025235046641388648,0.0026292805712766487,0.0001008333333334388
2026-03-23,-0.004802153778993845,0.0003462374108413879,0.00030253050310902196
2026-03-24,0.007033766978287392,-0.009669511732637859,0.0001008333333334388
2026-03-25,-0.01235864320648683,0.007404150078115679,0.0001008333333334388
2026-03-26,0.020290504740123394,-0.011101027705880506,0.0001008333333334388
2026-03-27,0.03786500720348407,-0.02023679176638804,0.00010055555555554818
2026-03-30,0.011746906519279898,-0.006009028415761231,0.00030169700194271343
2026-03-31,-0.02854817460421888,-0.005446140472893379,0.0001002777777778796
2026-04-01,0.11617191709311814,0.030463090965394013,0.0001002777777778796
2026-04-02,0.027274735562947683,-0.012915331617588066,0.0001002777777778796
2026-04-06,-0.04279209840991405,0.02136005219863879,0.00040283861797285603
2026-04-07,0.0009794172262738154,-0.001006412153519154,0.00010055555555554818
2026-04-08,-0.07091610004950888,0.03939278570227733,0.0001002777777778796
2026-04-09,0.003250400794748698,-0.004567009283457435,9.999999999998899e-05
2026-04-10,0.04448170171397847,0.009753640910140637,9.999999999998899e-05
2026-04-13,-0.002914104744821233,-0.0038573263088484966,0.00030058566767210415
2026-04-14,0.07765534442473032,0.01762152556095531,0.00010055555555554818
2026-04-15,0.024486237668237765,0.014285356085316891,0.00010055555555554818
2026-04-16,0.03061043242726691,0.01610290853582108,0.00010055555555554818
2026-04-17,-0.031943057662344176,0.009981050698567806,0.0001002777777778796
2026-04-20,0.03129995576009015,0.0037948976634316622,0.00030114133473047033
2026-04-21,-0.0017874537139508373,0.0005709217211000706,9.999999999998899e-05
2026-04-22,-0.007693697543515232,0.002683649699937396,9.999999999998899e-05
2026-04-23,0.024912600919118066,0.005229471579820233,9.999999999998899e-05
2026-04-24,-0.01389347783034578,0.0075893626764074185,9.999999999998899e-05
2026-04-27,0.008009987002649988,0.00742590475513194,0.00030003000099987354
2026-04-28,-0.00906796946783417,-0.009029332941008161,9.999999999998899e-05
2026-04-29,-0.04219163162285122,0.001855750895433772,9.999999999998899e-05
2026-04-30,0.024452892627301104,0.01020295010785044,9.972222222232041e-05
2026-05-01,-0.034165352329744936,0.005726332541597046,9.972222222232041e-05
2026-05-04,0.02060315442756444,0.008219274755964845,0.00029975216758715284
2026-05-05,-0.014829375888546936,0.004891426329900472,0.0001002777777778796
2026-05-06,-0.007140797731396975,0.014484611588626795,0.0001002777777778796
2026-05-07,-0.003958040335738322,0.012794777100964883,0.0001002777777778796
2026-05-08,-0.0017157872684102626,0.004794804560712018,9.999999999998899e-05
2026-05-11,0.007362141182579496,0.014915998649335682,0.0003003078343362109
2026-05-12,0.03177716727324342,-0.0030125615979347264,0.0001002777777778796
2026-05-13,-0.03912993442061374,0.0024569663106261963,0.0001002777777778796
2026-05-14,0.008414225382519902,0.006563657575888282,9.999999999998899e-05
2026-05-15,0.01855483413141923,-0.006268981022595432,9.999999999998899e-05
2026-05-18,-0.06048619342176742,0.0019713166087116374,0.00030003000099987354
2026-05-19,-0.034983213478554376,-0.01648527762511809,9.972222222232041e-05
2026-05-20,0.0556256100391741,0.007830667753870868,9.916666666676122e-05
2026-05-21,0.02978086575304051,0.005246039985552953,9.972222222232041e-05
2026-05-22,0.027403935230741805,0.012807017813802224,9.972222222232041e-05
2026-05-26,0.009703438793581265,0.010987818040528508,0.000399226420873644
2026-05-27,0.019580407636359043,0.009642410357928455,9.972222222232041e-05
2026-05-28,-0.015010333766040995,-0.004406878007087722,9.999999999998899e-05
2026-05-29,-0.05023384068655712,0.011113741746257677,9.999999999998899e-05
2026-06-01,0.011474760177046184,-0.0010842564613599004,0.0003008635010084415
2026-06-02,0.002613169113809599,0.007272355109005035,0.0001008333333334388
2026-06-03,0.0022437596621371902,0.0066136431112449046,0.0001008333333334388
2026-06-04,-0.000660086023515638,-0.015830113163669335,0.0001008333333334388
2026-06-05,-0.03438780716847867,-0.00736934605570716,0.0001008333333334388
2026-06-08,0.03340206650773503,-0.016779440931262712,0.0003030861707071786
2026-06-09,0.03615839809047405,0.0072024217216153374,0.00010111111111110738
2026-06-10,-0.11629857734412796,-0.02948901211342181,0.00010111111111110738
2026-06-11,-0.006662729883782248,-0.0033777494475344394,0.0001008333333334388
2026-06-12,0.09280683115384458,0.026198003501903377,0.0001008333333334388
2026-06-15,0.12620686198640363,0.028553148221452274,0.00030280833690787823
2026-06-16,0.013321979966242514,0.005622551433752898,0.00010111111111110738
2026-06-17,-0.05259529550128428,-0.009511633037448397,0.00010222222222222577
2026-06-18,0.015883763265317485,0.0027340603478489545,0.00010194444444433515
2026-06-22,0.05497065327690365,0.007644367111726114,0.000408673726254527
2026-06-23,-0.14615091010435932,-0.03541687367609925,0.00010277777777778496
2026-06-24,-0.004604021064840591,-0.0005169406799057086,0.00010277777777778496
2026-06-25,0.06836852996149023,0.01471969661678374,0.00010249999999989434
2026-06-26,-0.100263418339962,-0.025857582173799964,0.00010194444444433515
2026-06-29,0.007607497044827216,0.009701165703892567,0.0003078093533173121
2026-06-30,0.052570886080095525,0.014271912184737001,0.00010388888888890335
2026-07-01,0.0073316619832191066,0.006918183070915074,0.00010305555555545354
2026-07-02,-0.031395796706115475,-0.004950678615279758,0.00010222222222222577
2026-07-06,-0.043293215516628125,-0.007786907413359634,0.00041061876728809565
2026-07-07,-0.03199477048558652,-0.008000791499485405,0.00010361111111101273
2026-07-08,-0.0013380840524471749,-0.012910050721474886,0.00010361111111101273
2026-07-09,0.03518279709479155,0.01898007610627994,0.00010249999999989434
2026-07-10,-0.023563252848169736,0.003299312378437058,0.00010305555555545354
2026-07-13,-0.020022843985643468,-0.0041349263957695115,0.00031058770427283555
2026-07-14,0.023481561588818645,0.003483252664058911,0.00010305555555545354
2026-07-15,-0.00023190248666404845,0.005040133612608244,0.00010277777777778496
2026-07-16,-0.0919673527479481,-0.01635693336969224,0.00010277777777778496
2026-07-17,-0.011110425976010196,-0.02859508303579117,0.00010305555555545354
2026-07-20,0.0041797033932686745,0.01519547221786377,0.0003097541991712305
2026-07-21,0.02575398889817948,0.006280668719889748,0.00010388888888890335
2026-07-22,-0.026472661674419973,-0.0041751166571631915,0.00010416666666657193
2026-07-23,-0.010178216336053203,-0.012719951492482284,0.00010583333333324951
2026-07-24,-0.0016394255028207017,-0.006132422402618687,0.00010583333333324951
2026-07-27,-0.003298227071115045,0.0018395150427297224,0.00031781143984566107
2026-07-28,-0.0010725144118318708,-0.022336936691290554,0.00010472222222213112
2026-07-29,-0.0010552153092732164,-0.0010646832052993993,0.00010277777777778496
2026-07-30,0.00015084868556392017,-0.0011102722227021022,0.00010249999999989434
2026-07-31,0.03598679142030736,0.025712809494984556,0.00010249999999989434
2026-08-03,-0.0716467145482711,-0.005504901878649271,0.00030919852817756777
2026-08-04,0.12423883383276779,0.028853676745285828,0.00010388888888890335
2026-08-05,0.061354346656808056,0.02554511345104893,0.00010388888888890335
2026-08-06,-0.07029461181157715,-0.02124611728162651,0.00010388888888890335
2026-08-07,0.07495234989915578,0.013125709734824742,0.00010333333333334416
2026-08-10,0.005406217504339672,0.0031104494319742493,0.0003105877048130701
2026-08-11,-0.008768661011934076,0.0012458137026496452,0.00010388888888890335
2026-08-12,0.03428717330680198,0.0052399994160525765,0.00010333333333334416
2026-08-13,-0.002327048784360075,-0.002654443294296649,0.00010305555555545354
2026-08-14,0.022670322840836477,0.0113906756565898,0.00010305555555545354
