step,panel,members,n_names,rsi_period,n_sessions,first_date,last_date,metric,key1,key2,value
8_overbought_panel,S1_eleven,QQQE|VTV|VOX|TECL|VOOG|VOOV|TQQQ|XLP|XLY|FAS|SPY,11,7,3615,2012-03-30,2026-08-17,pairwise_rsi_correlation,QQQE,VTV,0.732451249828828
8_overbought_panel,S1_eleven,QQQE|VTV|VOX|TECL|VOOG|VOOV|TQQQ|XLP|XLY|FAS|SPY,11,7,3615,2012-03-30,2026-08-17,pairwise_rsi_correlation,QQQE,VOX,0.6270768316805967
8_overbought_panel,S1_eleven,QQQE|VTV|VOX|TECL|VOOG|VOOV|TQQQ|XLP|XLY|FAS|SPY,11,7,3615,2012-03-30,2026-08-17,pairwise_rsi_correlation,QQQE,TECL,0.8644176377969801
8_overbought_panel,S1_eleven,QQQE|VTV|VOX|TECL|VOOG|VOOV|TQQQ|XLP|XLY|FAS|SPY,11,7,3615,2012-03-30,2026-08-17,pairwise_rsi_correlation,QQQE,VOOG,0.8943586475198536
8_overbought_panel,S1_eleven,QQQE|VTV|VOX|TECL|VOOG|VOOV|TQQQ|XLP|XLY|FAS|SPY,11,7,3615,2012-03-30,2026-08-17,pairwise_rsi_correlation,QQQE,VOOV,0.7526724669225872
8_overbought_panel,S1_eleven,QQQE|VTV|VOX|TECL|VOOG|VOOV|TQQQ|XLP|XLY|FAS|SPY,11,7,3615,2012-03-30,2026-08-17,pairwise_rsi_correlation,QQQE,TQQQ,0.904200453242374
8_overbought_panel,S1_eleven,QQQE|VTV|VOX|TECL|VOOG|VOOV|TQQQ|XLP|XLY|FAS|SPY,11,7,3615,2012-03-30,2026-08-17,pairwise_rsi_correlation,QQQE,XLP,0.44890287960078246
8_overbought_panel,S1_eleven,QQQE|VTV|VOX|TECL|VOOG|VOOV|TQQQ|XLP|XLY|FAS|SPY,11,7,3615,2012-03-30,2026-08-17,pairwise_rsi_correlation,QQQE,XLY,0.8108460193099297
8_overbought_panel,S1_eleven,QQQE|VTV|VOX|TECL|VOOG|VOOV|TQQQ|XLP|XLY|FAS|SPY,11,7,3615,2012-03-30,2026-08-17,pairwise_rsi_correlation,QQQE,FAS,0.6804002947193037
8_overbought_panel,S1_eleven,QQQE|VTV|VOX|TECL|VOOG|VOOV|TQQQ|XLP|XLY|FAS|SPY,11,7,3615,2012-03-30,2026-08-17,pairwise_rsi_correlation,QQQE,SPY,0.8939660150226121
8_overbought_panel,S1_eleven,QQQE|VTV|VOX|TECL|VOOG|VOOV|TQQQ|XLP|XLY|FAS|SPY,11,7,3615,2012-03-30,2026-08-17,pairwise_rsi_correlation,VTV,VOX,0.5801460286085289
8_overbought_panel,S1_eleven,QQQE|VTV|VOX|TECL|VOOG|VOOV|TQQQ|XLP|XLY|FAS|SPY,11,7,3615,2012-03-30,2026-08-17,pairwise_rsi_correlation,VTV,TECL,0.6306701650433008
8_overbought_panel,S1_eleven,QQQE|VTV|VOX|TECL|VOOG|VOOV|TQQQ|XLP|XLY|FAS|SPY,11,7,3615,2012-03-30,2026-08-17,pairwise_rsi_correlation,VTV,VOOG,0.7101052218572059
8_overbought_panel,S1_eleven,QQQE|VTV|VOX|TECL|VOOG|VOOV|TQQQ|XLP|XLY|FAS|SPY,11,7,3615,2012-03-30,2026-08-17,pairwise_rsi_correlation,VTV,VOOV,0.975289516799426
8_overbought_panel,S1_eleven,QQQE|VTV|VOX|TECL|VOOG|VOOV|TQQQ|XLP|XLY|FAS|SPY,11,7,3615,2012-03-30,2026-08-17,pairwise_rsi_correlation,VTV,TQQQ,0.6218390950684816
8_overbought_panel,S1_eleven,QQQE|VTV|VOX|TECL|VOOG|VOOV|TQQQ|XLP|XLY|FAS|SPY,11,7,3615,2012-03-30,2026-08-17,pairwise_rsi_correlation,VTV,XLP,0.6057382284058432
8_overbought_panel,S1_eleven,QQQE|VTV|VOX|TECL|VOOG|VOOV|TQQQ|XLP|XLY|FAS|SPY,11,7,3615,2012-03-30,2026-08-17,pairwise_rsi_correlation,VTV,XLY,0.6746170389674733
8_overbought_panel,S1_eleven,QQQE|VTV|VOX|TECL|VOOG|VOOV|TQQQ|XLP|XLY|FAS|SPY,11,7,3615,2012-03-30,2026-08-17,pairwise_rsi_correlation,VTV,FAS,0.8839432824325151
8_overbought_panel,S1_eleven,QQQE|VTV|VOX|TECL|VOOG|VOOV|TQQQ|XLP|XLY|FAS|SPY,11,7,3615,2012-03-30,2026-08-17,pairwise_rsi_correlation,VTV,SPY,0.8694257629938495
8_overbought_panel,S1_eleven,QQQE|VTV|VOX|TECL|VOOG|VOOV|TQQQ|XLP|XLY|FAS|SPY,11,7,3615,2012-03-30,2026-08-17,pairwise_rsi_correlation,VOX,TECL,0.57433964345553
8_overbought_panel,S1_eleven,QQQE|VTV|VOX|TECL|VOOG|VOOV|TQQQ|XLP|XLY|FAS|SPY,11,7,3615,2012-03-30,2026-08-17,pairwise_rsi_correlation,VOX,VOOG,0.6443640650222217
8_overbought_panel,S1_eleven,QQQE|VTV|VOX|TECL|VOOG|VOOV|TQQQ|XLP|XLY|FAS|SPY,11,7,3615,2012-03-30,2026-08-17,pairwise_rsi_correlation,VOX,VOOV,0.6168603801209633
8_overbought_panel,S1_eleven,QQQE|VTV|VOX|TECL|VOOG|VOOV|TQQQ|XLP|XLY|FAS|SPY,11,7,3615,2012-03-30,2026-08-17,pairwise_rsi_correlation,VOX,TQQQ,0.6017114672414845
8_overbought_panel,S1_eleven,QQQE|VTV|VOX|TECL|VOOG|VOOV|TQQQ|XLP|XLY|FAS|SPY,11,7,3615,2012-03-30,2026-08-17,pairwise_rsi_correlation,VOX,XLP,0.4071877519654683
8_overbought_panel,S1_eleven,QQQE|VTV|VOX|TECL|VOOG|VOOV|TQQQ|XLP|XLY|FAS|SPY,11,7,3615,2012-03-30,2026-08-17,pairwise_rsi_correlation,VOX,XLY,0.6349939089131533
8_overbought_panel,S1_eleven,QQQE|VTV|VOX|TECL|VOOG|VOOV|TQQQ|XLP|XLY|FAS|SPY,11,7,3615,2012-03-30,2026-08-17,pairwise_rsi_correlation,VOX,FAS,0.542764711871853
8_overbought_panel,S1_eleven,QQQE|VTV|VOX|TECL|VOOG|VOOV|TQQQ|XLP|XLY|FAS|SPY,11,7,3615,2012-03-30,2026-08-17,pairwise_rsi_correlation,VOX,SPY,0.6867763193448415
8_overbought_panel,S1_eleven,QQQE|VTV|VOX|TECL|VOOG|VOOV|TQQQ|XLP|XLY|FAS|SPY,11,7,3615,2012-03-30,2026-08-17,pairwise_rsi_correlation,TECL,VOOG,0.9390976000587798
8_overbought_panel,S1_eleven,QQQE|VTV|VOX|TECL|VOOG|VOOV|TQQQ|XLP|XLY|FAS|SPY,11,7,3615,2012-03-30,2026-08-17,pairwise_rsi_correlation,TECL,VOOV,0.6458191664610549
8_overbought_panel,S1_eleven,QQQE|VTV|VOX|TECL|VOOG|VOOV|TQQQ|XLP|XLY|FAS|SPY,11,7,3615,2012-03-30,2026-08-17,pairwise_rsi_correlation,TECL,TQQQ,0.9633411581741994
8_overbought_panel,S1_eleven,QQQE|VTV|VOX|TECL|VOOG|VOOV|TQQQ|XLP|XLY|FAS|SPY,11,7,3615,2012-03-30,2026-08-17,pairwise_rsi_correlation,TECL,XLP,0.3811869802779171
8_overbought_panel,S1_eleven,QQQE|VTV|VOX|TECL|VOOG|VOOV|TQQQ|XLP|XLY|FAS|SPY,11,7,3615,2012-03-30,2026-08-17,pairwise_rsi_correlation,TECL,XLY,0.73766584432344
8_overbought_panel,S1_eleven,QQQE|VTV|VOX|TECL|VOOG|VOOV|TQQQ|XLP|XLY|FAS|SPY,11,7,3615,2012-03-30,2026-08-17,pairwise_rsi_correlation,TECL,FAS,0.5784301384455058
8_overbought_panel,S1_eleven,QQQE|VTV|VOX|TECL|VOOG|VOOV|TQQQ|XLP|XLY|FAS|SPY,11,7,3615,2012-03-30,2026-08-17,pairwise_rsi_correlation,TECL,SPY,0.876464533073074
8_overbought_panel,S1_eleven,QQQE|VTV|VOX|TECL|VOOG|VOOV|TQQQ|XLP|XLY|FAS|SPY,11,7,3615,2012-03-30,2026-08-17,pairwise_rsi_correlation,VOOG,VOOV,0.7158527692342356
8_overbought_panel,S1_eleven,QQQE|VTV|VOX|TECL|VOOG|VOOV|TQQQ|XLP|XLY|FAS|SPY,11,7,3615,2012-03-30,2026-08-17,pairwise_rsi_correlation,VOOG,TQQQ,0.9574473881962358
8_overbought_panel,S1_eleven,QQQE|VTV|VOX|TECL|VOOG|VOOV|TQQQ|XLP|XLY|FAS|SPY,11,7,3615,2012-03-30,2026-08-17,pairwise_rsi_correlation,VOOG,XLP,0.47111747798019626
8_overbought_panel,S1_eleven,QQQE|VTV|VOX|TECL|VOOG|VOOV|TQQQ|XLP|XLY|FAS|SPY,11,7,3615,2012-03-30,2026-08-17,pairwise_rsi_correlation,VOOG,XLY,0.8351736676225375
8_overbought_panel,S1_eleven,QQQE|VTV|VOX|TECL|VOOG|VOOV|TQQQ|XLP|XLY|FAS|SPY,11,7,3615,2012-03-30,2026-08-17,pairwise_rsi_correlation,VOOG,FAS,0.6588142378868926
8_overbought_panel,S1_eleven,QQQE|VTV|VOX|TECL|VOOG|VOOV|TQQQ|XLP|XLY|FAS|SPY,11,7,3615,2012-03-30,2026-08-17,pairwise_rsi_correlation,VOOG,SPY,0.9492052311582766
8_overbought_panel,S1_eleven,QQQE|VTV|VOX|TECL|VOOG|VOOV|TQQQ|XLP|XLY|FAS|SPY,11,7,3615,2012-03-30,2026-08-17,pairwise_rsi_correlation,VOOV,TQQQ,0.6399808883073154
8_overbought_panel,S1_eleven,QQQE|VTV|VOX|TECL|VOOG|VOOV|TQQQ|XLP|XLY|FAS|SPY,11,7,3615,2012-03-30,2026-08-17,pairwise_rsi_correlation,VOOV,XLP,0.5893596367522114
8_overbought_panel,S1_eleven,QQQE|VTV|VOX|TECL|VOOG|VOOV|TQQQ|XLP|XLY|FAS|SPY,11,7,3615,2012-03-30,2026-08-17,pairwise_rsi_correlation,VOOV,XLY,0.7029302227981038
8_overbought_panel,S1_eleven,QQQE|VTV|VOX|TECL|VOOG|VOOV|TQQQ|XLP|XLY|FAS|SPY,11,7,3615,2012-03-30,2026-08-17,pairwise_rsi_correlation,VOOV,FAS,0.8872952327579985
8_overbought_panel,S1_eleven,QQQE|VTV|VOX|TECL|VOOG|VOOV|TQQQ|XLP|XLY|FAS|SPY,11,7,3615,2012-03-30,2026-08-17,pairwise_rsi_correlation,VOOV,SPY,0.8781936400790731
8_overbought_panel,S1_eleven,QQQE|VTV|VOX|TECL|VOOG|VOOV|TQQQ|XLP|XLY|FAS|SPY,11,7,3615,2012-03-30,2026-08-17,pairwise_rsi_correlation,TQQQ,XLP,0.3915559218189169
8_overbought_panel,S1_eleven,QQQE|VTV|VOX|TECL|VOOG|VOOV|TQQQ|XLP|XLY|FAS|SPY,11,7,3615,2012-03-30,2026-08-17,pairwise_rsi_correlation,TQQQ,XLY,0.8036961652519333
8_overbought_panel,S1_eleven,QQQE|VTV|VOX|TECL|VOOG|VOOV|TQQQ|XLP|XLY|FAS|SPY,11,7,3615,2012-03-30,2026-08-17,pairwise_rsi_correlation,TQQQ,FAS,0.5808384455873479
8_overbought_panel,S1_eleven,QQQE|VTV|VOX|TECL|VOOG|VOOV|TQQQ|XLP|XLY|FAS|SPY,11,7,3615,2012-03-30,2026-08-17,pairwise_rsi_correlation,TQQQ,SPY,0.8863604220058366
8_overbought_panel,S1_eleven,QQQE|VTV|VOX|TECL|VOOG|VOOV|TQQQ|XLP|XLY|FAS|SPY,11,7,3615,2012-03-30,2026-08-17,pairwise_rsi_correlation,XLP,XLY,0.4644534848133773
8_overbought_panel,S1_eleven,QQQE|VTV|VOX|TECL|VOOG|VOOV|TQQQ|XLP|XLY|FAS|SPY,11,7,3615,2012-03-30,2026-08-17,pairwise_rsi_correlation,XLP,FAS,0.46458037835234944
8_overbought_panel,S1_eleven,QQQE|VTV|VOX|TECL|VOOG|VOOV|TQQQ|XLP|XLY|FAS|SPY,11,7,3615,2012-03-30,2026-08-17,pairwise_rsi_correlation,XLP,SPY,0.5358590115140246
8_overbought_panel,S1_eleven,QQQE|VTV|VOX|TECL|VOOG|VOOV|TQQQ|XLP|XLY|FAS|SPY,11,7,3615,2012-03-30,2026-08-17,pairwise_rsi_correlation,XLY,FAS,0.6722824343327489
8_overbought_panel,S1_eleven,QQQE|VTV|VOX|TECL|VOOG|VOOV|TQQQ|XLP|XLY|FAS|SPY,11,7,3615,2012-03-30,2026-08-17,pairwise_rsi_correlation,XLY,SPY,0.8427346091255153
8_overbought_panel,S1_eleven,QQQE|VTV|VOX|TECL|VOOG|VOOV|TQQQ|XLP|XLY|FAS|SPY,11,7,3615,2012-03-30,2026-08-17,pairwise_rsi_correlation,FAS,SPY,0.7980870958614503
8_overbought_panel,S1_eleven,QQQE|VTV|VOX|TECL|VOOG|VOOV|TQQQ|XLP|XLY|FAS|SPY,11,7,3615,2012-03-30,2026-08-17,effective_independent_signals,,,1.7693611471647912
8_overbought_panel,S1_eleven,QQQE|VTV|VOX|TECL|VOOG|VOOV|TQQQ|XLP|XLY|FAS|SPY,11,7,3615,2012-03-30,2026-08-17,mean_pairwise_rsi_correlation,,,0.7039616157455734
8_overbought_panel,S1_eleven,QQQE|VTV|VOX|TECL|VOOG|VOOV|TQQQ|XLP|XLY|FAS|SPY,11,7,3615,2012-03-30,2026-08-17,disjunction_firing_rate,70,,0.5175656984785616
8_overbought_panel,S1_eleven,QQQE|VTV|VOX|TECL|VOOG|VOOV|TQQQ|XLP|XLY|FAS|SPY,11,7,3615,2012-03-30,2026-08-17,disjunction_firing_days,70,,1871.0
8_overbought_panel,S1_eleven,QQQE|VTV|VOX|TECL|VOOG|VOOV|TQQQ|XLP|XLY|FAS|SPY,11,7,3615,2012-03-30,2026-08-17,mean_names_firing_given_fire,70,,4.416354890432924
8_overbought_panel,S1_eleven,QQQE|VTV|VOX|TECL|VOOG|VOOV|TQQQ|XLP|XLY|FAS|SPY,11,7,3615,2012-03-30,2026-08-17,individual_firing_rate,70,QQQE,0.21272475795297371
8_overbought_panel,S1_eleven,QQQE|VTV|VOX|TECL|VOOG|VOOV|TQQQ|XLP|XLY|FAS|SPY,11,7,3615,2012-03-30,2026-08-17,marginal_contribution,70,QQQE,0.014430785676109033
8_overbought_panel,S1_eleven,QQQE|VTV|VOX|TECL|VOOG|VOOV|TQQQ|XLP|XLY|FAS|SPY,11,7,3615,2012-03-30,2026-08-17,marginal_contribution_days,70,QQQE,27.0
8_overbought_panel,S1_eleven,QQQE|VTV|VOX|TECL|VOOG|VOOV|TQQQ|XLP|XLY|FAS|SPY,11,7,3615,2012-03-30,2026-08-17,disjunction_rate_without_name,70,QQQE,0.5100968188105117
8_overbought_panel,S1_eleven,QQQE|VTV|VOX|TECL|VOOG|VOOV|TQQQ|XLP|XLY|FAS|SPY,11,7,3615,2012-03-30,2026-08-17,individual_firing_rate,70,VTV,0.21410788381742737
8_overbought_panel,S1_eleven,QQQE|VTV|VOX|TECL|VOOG|VOOV|TQQQ|XLP|XLY|FAS|SPY,11,7,3615,2012-03-30,2026-08-17,marginal_contribution,70,VTV,0.005879208979155532
8_overbought_panel,S1_eleven,QQQE|VTV|VOX|TECL|VOOG|VOOV|TQQQ|XLP|XLY|FAS|SPY,11,7,3615,2012-03-30,2026-08-17,marginal_contribution_days,70,VTV,11.0
8_overbought_panel,S1_eleven,QQQE|VTV|VOX|TECL|VOOG|VOOV|TQQQ|XLP|XLY|FAS|SPY,11,7,3615,2012-03-30,2026-08-17,disjunction_rate_without_name,70,VTV,0.5145228215767634
8_overbought_panel,S1_eleven,QQQE|VTV|VOX|TECL|VOOG|VOOV|TQQQ|XLP|XLY|FAS|SPY,11,7,3615,2012-03-30,2026-08-17,individual_firing_rate,70,VOX,0.17178423236514523
8_overbought_panel,S1_eleven,QQQE|VTV|VOX|TECL|VOOG|VOOV|TQQQ|XLP|XLY|FAS|SPY,11,7,3615,2012-03-30,2026-08-17,marginal_contribution,70,VOX,0.04703367183324426
8_overbought_panel,S1_eleven,QQQE|VTV|VOX|TECL|VOOG|VOOV|TQQQ|XLP|XLY|FAS|SPY,11,7,3615,2012-03-30,2026-08-17,marginal_contribution_days,70,VOX,88.0
8_overbought_panel,S1_eleven,QQQE|VTV|VOX|TECL|VOOG|VOOV|TQQQ|XLP|XLY|FAS|SPY,11,7,3615,2012-03-30,2026-08-17,disjunction_rate_without_name,70,VOX,0.49322268326417706
8_overbought_panel,S1_eleven,QQQE|VTV|VOX|TECL|VOOG|VOOV|TQQQ|XLP|XLY|FAS|SPY,11,7,3615,2012-03-30,2026-08-17,individual_firing_rate,70,TECL,0.2135546334716459
8_overbought_panel,S1_eleven,QQQE|VTV|VOX|TECL|VOOG|VOOV|TQQQ|XLP|XLY|FAS|SPY,11,7,3615,2012-03-30,2026-08-17,marginal_contribution,70,TECL,0.013361838588989846
8_overbought_panel,S1_eleven,QQQE|VTV|VOX|TECL|VOOG|VOOV|TQQQ|XLP|XLY|FAS|SPY,11,7,3615,2012-03-30,2026-08-17,marginal_contribution_days,70,TECL,25.0
8_overbought_panel,S1_eleven,QQQE|VTV|VOX|TECL|VOOG|VOOV|TQQQ|XLP|XLY|FAS|SPY,11,7,3615,2012-03-30,2026-08-17,disjunction_rate_without_name,70,TECL,0.5106500691562932
8_overbought_panel,S1_eleven,QQQE|VTV|VOX|TECL|VOOG|VOOV|TQQQ|XLP|XLY|FAS|SPY,11,7,3615,2012-03-30,2026-08-17,individual_firing_rate,70,VOOG,0.24066390041493776
8_overbought_panel,S1_eleven,QQQE|VTV|VOX|TECL|VOOG|VOOV|TQQQ|XLP|XLY|FAS|SPY,11,7,3615,2012-03-30,2026-08-17,marginal_contribution,70,VOOG,0.008017103153393906
8_overbought_panel,S1_eleven,QQQE|VTV|VOX|TECL|VOOG|VOOV|TQQQ|XLP|XLY|FAS|SPY,11,7,3615,2012-03-30,2026-08-17,marginal_contribution_days,70,VOOG,15.0
8_overbought_panel,S1_eleven,QQQE|VTV|VOX|TECL|VOOG|VOOV|TQQQ|XLP|XLY|FAS|SPY,11,7,3615,2012-03-30,2026-08-17,disjunction_rate_without_name,70,VOOG,0.5134163208852005
8_overbought_panel,S1_eleven,QQQE|VTV|VOX|TECL|VOOG|VOOV|TQQQ|XLP|XLY|FAS|SPY,11,7,3615,2012-03-30,2026-08-17,individual_firing_rate,70,VOOV,0.21023513139695713
8_overbought_panel,S1_eleven,QQQE|VTV|VOX|TECL|VOOG|VOOV|TQQQ|XLP|XLY|FAS|SPY,11,7,3615,2012-03-30,2026-08-17,marginal_contribution,70,VOOV,0.00427578834847675
8_overbought_panel,S1_eleven,QQQE|VTV|VOX|TECL|VOOG|VOOV|TQQQ|XLP|XLY|FAS|SPY,11,7,3615,2012-03-30,2026-08-17,marginal_contribution_days,70,VOOV,8.0
8_overbought_panel,S1_eleven,QQQE|VTV|VOX|TECL|VOOG|VOOV|TQQQ|XLP|XLY|FAS|SPY,11,7,3615,2012-03-30,2026-08-17,disjunction_rate_without_name,70,VOOV,0.5153526970954356
8_overbought_panel,S1_eleven,QQQE|VTV|VOX|TECL|VOOG|VOOV|TQQQ|XLP|XLY|FAS|SPY,11,7,3615,2012-03-30,2026-08-17,individual_firing_rate,70,TQQQ,0.2251728907330567
8_overbought_panel,S1_eleven,QQQE|VTV|VOX|TECL|VOOG|VOOV|TQQQ|XLP|XLY|FAS|SPY,11,7,3615,2012-03-30,2026-08-17,marginal_contribution,70,TQQQ,0.01122394441475147
8_overbought_panel,S1_eleven,QQQE|VTV|VOX|TECL|VOOG|VOOV|TQQQ|XLP|XLY|FAS|SPY,11,7,3615,2012-03-30,2026-08-17,marginal_contribution_days,70,TQQQ,21.0
8_overbought_panel,S1_eleven,QQQE|VTV|VOX|TECL|VOOG|VOOV|TQQQ|XLP|XLY|FAS|SPY,11,7,3615,2012-03-30,2026-08-17,disjunction_rate_without_name,70,TQQQ,0.5117565698478561
8_overbought_panel,S1_eleven,QQQE|VTV|VOX|TECL|VOOG|VOOV|TQQQ|XLP|XLY|FAS|SPY,11,7,3615,2012-03-30,2026-08-17,individual_firing_rate,70,XLP,0.17621023513139697
8_overbought_panel,S1_eleven,QQQE|VTV|VOX|TECL|VOOG|VOOV|TQQQ|XLP|XLY|FAS|SPY,11,7,3615,2012-03-30,2026-08-17,marginal_contribution,70,XLP,0.08925708177445217
8_overbought_panel,S1_eleven,QQQE|VTV|VOX|TECL|VOOG|VOOV|TQQQ|XLP|XLY|FAS|SPY,11,7,3615,2012-03-30,2026-08-17,marginal_contribution_days,70,XLP,167.0
8_overbought_panel,S1_eleven,QQQE|VTV|VOX|TECL|VOOG|VOOV|TQQQ|XLP|XLY|FAS|SPY,11,7,3615,2012-03-30,2026-08-17,disjunction_rate_without_name,70,XLP,0.4713692946058091
8_overbought_panel,S1_eleven,QQQE|VTV|VOX|TECL|VOOG|VOOV|TQQQ|XLP|XLY|FAS|SPY,11,7,3615,2012-03-30,2026-08-17,individual_firing_rate,70,XLY,0.19446749654218534
8_overbought_panel,S1_eleven,QQQE|VTV|VOX|TECL|VOOG|VOOV|TQQQ|XLP|XLY|FAS|SPY,11,7,3615,2012-03-30,2026-08-17,marginal_contribution,70,XLY,0.02351683591662213
8_overbought_panel,S1_eleven,QQQE|VTV|VOX|TECL|VOOG|VOOV|TQQQ|XLP|XLY|FAS|SPY,11,7,3615,2012-03-30,2026-08-17,marginal_contribution_days,70,XLY,44.0
8_overbought_panel,S1_eleven,QQQE|VTV|VOX|TECL|VOOG|VOOV|TQQQ|XLP|XLY|FAS|SPY,11,7,3615,2012-03-30,2026-08-17,disjunction_rate_without_name,70,XLY,0.5053941908713693
8_overbought_panel,S1_eleven,QQQE|VTV|VOX|TECL|VOOG|VOOV|TQQQ|XLP|XLY|FAS|SPY,11,7,3615,2012-03-30,2026-08-17,individual_firing_rate,70,FAS,0.18893499308437067
8_overbought_panel,S1_eleven,QQQE|VTV|VOX|TECL|VOOG|VOOV|TQQQ|XLP|XLY|FAS|SPY,11,7,3615,2012-03-30,2026-08-17,marginal_contribution,70,FAS,0.02351683591662213
8_overbought_panel,S1_eleven,QQQE|VTV|VOX|TECL|VOOG|VOOV|TQQQ|XLP|XLY|FAS|SPY,11,7,3615,2012-03-30,2026-08-17,marginal_contribution_days,70,FAS,44.0
8_overbought_panel,S1_eleven,QQQE|VTV|VOX|TECL|VOOG|VOOV|TQQQ|XLP|XLY|FAS|SPY,11,7,3615,2012-03-30,2026-08-17,disjunction_rate_without_name,70,FAS,0.5053941908713693
8_overbought_panel,S1_eleven,QQQE|VTV|VOX|TECL|VOOG|VOOV|TQQQ|XLP|XLY|FAS|SPY,11,7,3615,2012-03-30,2026-08-17,individual_firing_rate,70,SPY,0.23789764868603042
8_overbought_panel,S1_eleven,QQQE|VTV|VOX|TECL|VOOG|VOOV|TQQQ|XLP|XLY|FAS|SPY,11,7,3615,2012-03-30,2026-08-17,marginal_contribution,70,SPY,0.0
8_overbought_panel,S1_eleven,QQQE|VTV|VOX|TECL|VOOG|VOOV|TQQQ|XLP|XLY|FAS|SPY,11,7,3615,2012-03-30,2026-08-17,marginal_contribution_days,70,SPY,0.0
8_overbought_panel,S1_eleven,QQQE|VTV|VOX|TECL|VOOG|VOOV|TQQQ|XLP|XLY|FAS|SPY,11,7,3615,2012-03-30,2026-08-17,disjunction_rate_without_name,70,SPY,0.5175656984785616
8_overbought_panel,S1_eleven,QQQE|VTV|VOX|TECL|VOOG|VOOV|TQQQ|XLP|XLY|FAS|SPY,11,7,3615,2012-03-30,2026-08-17,disjunction_firing_rate,75,,0.3695712309820194
8_overbought_panel,S1_eleven,QQQE|VTV|VOX|TECL|VOOG|VOOV|TQQQ|XLP|XLY|FAS|SPY,11,7,3615,2012-03-30,2026-08-17,disjunction_firing_days,75,,1336.0
8_overbought_panel,S1_eleven,QQQE|VTV|VOX|TECL|VOOG|VOOV|TQQQ|XLP|XLY|FAS|SPY,11,7,3615,2012-03-30,2026-08-17,mean_names_firing_given_fire,75,,3.469311377245509
8_overbought_panel,S1_eleven,QQQE|VTV|VOX|TECL|VOOG|VOOV|TQQQ|XLP|XLY|FAS|SPY,11,7,3615,2012-03-30,2026-08-17,individual_firing_rate,75,QQQE,0.11507607192254495
8_overbought_panel,S1_eleven,QQQE|VTV|VOX|TECL|VOOG|VOOV|TQQQ|XLP|XLY|FAS|SPY,11,7,3615,2012-03-30,2026-08-17,marginal_contribution,75,QQQE,0.023203592814371257
8_overbought_panel,S1_eleven,QQQE|VTV|VOX|TECL|VOOG|VOOV|TQQQ|XLP|XLY|FAS|SPY,11,7,3615,2012-03-30,2026-08-17,marginal_contribution_days,75,QQQE,31.0
8_overbought_panel,S1_eleven,QQQE|VTV|VOX|TECL|VOOG|VOOV|TQQQ|XLP|XLY|FAS|SPY,11,7,3615,2012-03-30,2026-08-17,disjunction_rate_without_name,75,QQQE,0.36099585062240663
8_overbought_panel,S1_eleven,QQQE|VTV|VOX|TECL|VOOG|VOOV|TQQQ|XLP|XLY|FAS|SPY,11,7,3615,2012-03-30,2026-08-17,individual_firing_rate,75,VTV,0.11258644536652836
8_overbought_panel,S1_eleven,QQQE|VTV|VOX|TECL|VOOG|VOOV|TQQQ|XLP|XLY|FAS|SPY,11,7,3615,2012-03-30,2026-08-17,marginal_contribution,75,VTV,0.008982035928143712
8_overbought_panel,S1_eleven,QQQE|VTV|VOX|TECL|VOOG|VOOV|TQQQ|XLP|XLY|FAS|SPY,11,7,3615,2012-03-30,2026-08-17,marginal_contribution_days,75,VTV,12.0
8_overbought_panel,S1_eleven,QQQE|VTV|VOX|TECL|VOOG|VOOV|TQQQ|XLP|XLY|FAS|SPY,11,7,3615,2012-03-30,2026-08-17,disjunction_rate_without_name,75,VTV,0.36625172890733054
8_overbought_panel,S1_eleven,QQQE|VTV|VOX|TECL|VOOG|VOOV|TQQQ|XLP|XLY|FAS|SPY,11,7,3615,2012-03-30,2026-08-17,individual_firing_rate,75,VOX,0.0946058091286307
8_overbought_panel,S1_eleven,QQQE|VTV|VOX|TECL|VOOG|VOOV|TQQQ|XLP|XLY|FAS|SPY,11,7,3615,2012-03-30,2026-08-17,marginal_contribution,75,VOX,0.061377245508982034
8_overbought_panel,S1_eleven,QQQE|VTV|VOX|TECL|VOOG|VOOV|TQQQ|XLP|XLY|FAS|SPY,11,7,3615,2012-03-30,2026-08-17,marginal_contribution_days,75,VOX,82.0
8_overbought_panel,S1_eleven,QQQE|VTV|VOX|TECL|VOOG|VOOV|TQQQ|XLP|XLY|FAS|SPY,11,7,3615,2012-03-30,2026-08-17,disjunction_rate_without_name,75,VOX,0.34688796680497924
8_overbought_panel,S1_eleven,QQQE|VTV|VOX|TECL|VOOG|VOOV|TQQQ|XLP|XLY|FAS|SPY,11,7,3615,2012-03-30,2026-08-17,individual_firing_rate,75,TECL,0.12973720608575381
8_overbought_panel,S1_eleven,QQQE|VTV|VOX|TECL|VOOG|VOOV|TQQQ|XLP|XLY|FAS|SPY,11,7,3615,2012-03-30,2026-08-17,marginal_contribution,75,TECL,0.020958083832335328
8_overbought_panel,S1_eleven,QQQE|VTV|VOX|TECL|VOOG|VOOV|TQQQ|XLP|XLY|FAS|SPY,11,7,3615,2012-03-30,2026-08-17,marginal_contribution_days,75,TECL,28.0
8_overbought_panel,S1_eleven,QQQE|VTV|VOX|TECL|VOOG|VOOV|TQQQ|XLP|XLY|FAS|SPY,11,7,3615,2012-03-30,2026-08-17,disjunction_rate_without_name,75,TECL,0.36182572614107883
8_overbought_panel,S1_eleven,QQQE|VTV|VOX|TECL|VOOG|VOOV|TQQQ|XLP|XLY|FAS|SPY,11,7,3615,2012-03-30,2026-08-17,individual_firing_rate,75,VOOG,0.138865836791148
8_overbought_panel,S1_eleven,QQQE|VTV|VOX|TECL|VOOG|VOOV|TQQQ|XLP|XLY|FAS|SPY,11,7,3615,2012-03-30,2026-08-17,marginal_contribution,75,VOOG,0.008233532934131737
8_overbought_panel,S1_eleven,QQQE|VTV|VOX|TECL|VOOG|VOOV|TQQQ|XLP|XLY|FAS|SPY,11,7,3615,2012-03-30,2026-08-17,marginal_contribution_days,75,VOOG,11.0
8_overbought_panel,S1_eleven,QQQE|VTV|VOX|TECL|VOOG|VOOV|TQQQ|XLP|XLY|FAS|SPY,11,7,3615,2012-03-30,2026-08-17,disjunction_rate_without_name,75,VOOG,0.3665283540802213
8_overbought_panel,S1_eleven,QQQE|VTV|VOX|TECL|VOOG|VOOV|TQQQ|XLP|XLY|FAS|SPY,11,7,3615,2012-03-30,2026-08-17,individual_firing_rate,75,VOOV,0.11258644536652836
8_overbought_panel,S1_eleven,QQQE|VTV|VOX|TECL|VOOG|VOOV|TQQQ|XLP|XLY|FAS|SPY,11,7,3615,2012-03-30,2026-08-17,marginal_contribution,75,VOOV,0.0074850299401197605
8_overbought_panel,S1_eleven,QQQE|VTV|VOX|TECL|VOOG|VOOV|TQQQ|XLP|XLY|FAS|SPY,11,7,3615,2012-03-30,2026-08-17,marginal_contribution_days,75,VOOV,10.0
8_overbought_panel,S1_eleven,QQQE|VTV|VOX|TECL|VOOG|VOOV|TQQQ|XLP|XLY|FAS|SPY,11,7,3615,2012-03-30,2026-08-17,disjunction_rate_without_name,75,VOOV,0.366804979253112
8_overbought_panel,S1_eleven,QQQE|VTV|VOX|TECL|VOOG|VOOV|TQQQ|XLP|XLY|FAS|SPY,11,7,3615,2012-03-30,2026-08-17,individual_firing_rate,75,TQQQ,0.138865836791148
8_overbought_panel,S1_eleven,QQQE|VTV|VOX|TECL|VOOG|VOOV|TQQQ|XLP|XLY|FAS|SPY,11,7,3615,2012-03-30,2026-08-17,marginal_contribution,75,TQQQ,0.015718562874251496
8_overbought_panel,S1_eleven,QQQE|VTV|VOX|TECL|VOOG|VOOV|TQQQ|XLP|XLY|FAS|SPY,11,7,3615,2012-03-30,2026-08-17,marginal_contribution_days,75,TQQQ,21.0
8_overbought_panel,S1_eleven,QQQE|VTV|VOX|TECL|VOOG|VOOV|TQQQ|XLP|XLY|FAS|SPY,11,7,3615,2012-03-30,2026-08-17,disjunction_rate_without_name,75,TQQQ,0.36376210235131395
8_overbought_panel,S1_eleven,QQQE|VTV|VOX|TECL|VOOG|VOOV|TQQQ|XLP|XLY|FAS|SPY,11,7,3615,2012-03-30,2026-08-17,individual_firing_rate,75,XLP,0.08796680497925312
8_overbought_panel,S1_eleven,QQQE|VTV|VOX|TECL|VOOG|VOOV|TQQQ|XLP|XLY|FAS|SPY,11,7,3615,2012-03-30,2026-08-17,marginal_contribution,75,XLP,0.08682634730538923
8_overbought_panel,S1_eleven,QQQE|VTV|VOX|TECL|VOOG|VOOV|TQQQ|XLP|XLY|FAS|SPY,11,7,3615,2012-03-30,2026-08-17,marginal_contribution_days,75,XLP,116.0
8_overbought_panel,S1_eleven,QQQE|VTV|VOX|TECL|VOOG|VOOV|TQQQ|XLP|XLY|FAS|SPY,11,7,3615,2012-03-30,2026-08-17,disjunction_rate_without_name,75,XLP,0.33748271092669435
8_overbought_panel,S1_eleven,QQQE|VTV|VOX|TECL|VOOG|VOOV|TQQQ|XLP|XLY|FAS|SPY,11,7,3615,2012-03-30,2026-08-17,individual_firing_rate,75,XLY,0.11839557399723374
8_overbought_panel,S1_eleven,QQQE|VTV|VOX|TECL|VOOG|VOOV|TQQQ|XLP|XLY|FAS|SPY,11,7,3615,2012-03-30,2026-08-17,marginal_contribution,75,XLY,0.03967065868263473
8_overbought_panel,S1_eleven,QQQE|VTV|VOX|TECL|VOOG|VOOV|TQQQ|XLP|XLY|FAS|SPY,11,7,3615,2012-03-30,2026-08-17,marginal_contribution_days,75,XLY,53.0
8_overbought_panel,S1_eleven,QQQE|VTV|VOX|TECL|VOOG|VOOV|TQQQ|XLP|XLY|FAS|SPY,11,7,3615,2012-03-30,2026-08-17,disjunction_rate_without_name,75,XLY,0.3549100968188105
8_overbought_panel,S1_eleven,QQQE|VTV|VOX|TECL|VOOG|VOOV|TQQQ|XLP|XLY|FAS|SPY,11,7,3615,2012-03-30,2026-08-17,individual_firing_rate,75,FAS,0.1037344398340249
8_overbought_panel,S1_eleven,QQQE|VTV|VOX|TECL|VOOG|VOOV|TQQQ|XLP|XLY|FAS|SPY,11,7,3615,2012-03-30,2026-08-17,marginal_contribution,75,FAS,0.0374251497005988
8_overbought_panel,S1_eleven,QQQE|VTV|VOX|TECL|VOOG|VOOV|TQQQ|XLP|XLY|FAS|SPY,11,7,3615,2012-03-30,2026-08-17,marginal_contribution_days,75,FAS,50.0
8_overbought_panel,S1_eleven,QQQE|VTV|VOX|TECL|VOOG|VOOV|TQQQ|XLP|XLY|FAS|SPY,11,7,3615,2012-03-30,2026-08-17,disjunction_rate_without_name,75,FAS,0.3557399723374827
8_overbought_panel,S1_eleven,QQQE|VTV|VOX|TECL|VOOG|VOOV|TQQQ|XLP|XLY|FAS|SPY,11,7,3615,2012-03-30,2026-08-17,individual_firing_rate,75,SPY,0.12973720608575381
8_overbought_panel,S1_eleven,QQQE|VTV|VOX|TECL|VOOG|VOOV|TQQQ|XLP|XLY|FAS|SPY,11,7,3615,2012-03-30,2026-08-17,marginal_contribution,75,SPY,0.0037425149700598802
8_overbought_panel,S1_eleven,QQQE|VTV|VOX|TECL|VOOG|VOOV|TQQQ|XLP|XLY|FAS|SPY,11,7,3615,2012-03-30,2026-08-17,marginal_contribution_days,75,SPY,5.0
8_overbought_panel,S1_eleven,QQQE|VTV|VOX|TECL|VOOG|VOOV|TQQQ|XLP|XLY|FAS|SPY,11,7,3615,2012-03-30,2026-08-17,disjunction_rate_without_name,75,SPY,0.3681881051175657
8_overbought_panel,S1_eleven,QQQE|VTV|VOX|TECL|VOOG|VOOV|TQQQ|XLP|XLY|FAS|SPY,11,7,3615,2012-03-30,2026-08-17,disjunction_firing_rate,80,,0.2260027662517289
8_overbought_panel,S1_eleven,QQQE|VTV|VOX|TECL|VOOG|VOOV|TQQQ|XLP|XLY|FAS|SPY,11,7,3615,2012-03-30,2026-08-17,disjunction_firing_days,80,,817.0
8_overbought_panel,S1_eleven,QQQE|VTV|VOX|TECL|VOOG|VOOV|TQQQ|XLP|XLY|FAS|SPY,11,7,3615,2012-03-30,2026-08-17,mean_names_firing_given_fire,80,,2.6805385556915544
8_overbought_panel,S1_eleven,QQQE|VTV|VOX|TECL|VOOG|VOOV|TQQQ|XLP|XLY|FAS|SPY,11,7,3615,2012-03-30,2026-08-17,individual_firing_rate,80,QQQE,0.049515905947441215
8_overbought_panel,S1_eleven,QQQE|VTV|VOX|TECL|VOOG|VOOV|TQQQ|XLP|XLY|FAS|SPY,11,7,3615,2012-03-30,2026-08-17,marginal_contribution,80,QQQE,0.042839657282741736
8_overbought_panel,S1_eleven,QQQE|VTV|VOX|TECL|VOOG|VOOV|TQQQ|XLP|XLY|FAS|SPY,11,7,3615,2012-03-30,2026-08-17,marginal_contribution_days,80,QQQE,35.0
8_overbought_panel,S1_eleven,QQQE|VTV|VOX|TECL|VOOG|VOOV|TQQQ|XLP|XLY|FAS|SPY,11,7,3615,2012-03-30,2026-08-17,disjunction_rate_without_name,80,QQQE,0.21632088520055326
8_overbought_panel,S1_eleven,QQQE|VTV|VOX|TECL|VOOG|VOOV|TQQQ|XLP|XLY|FAS|SPY,11,7,3615,2012-03-30,2026-08-17,individual_firing_rate,80,VTV,0.04785615491009682
8_overbought_panel,S1_eleven,QQQE|VTV|VOX|TECL|VOOG|VOOV|TQQQ|XLP|XLY|FAS|SPY,11,7,3615,2012-03-30,2026-08-17,marginal_contribution,80,VTV,0.01346389228886169
8_overbought_panel,S1_eleven,QQQE|VTV|VOX|TECL|VOOG|VOOV|TQQQ|XLP|XLY|FAS|SPY,11,7,3615,2012-03-30,2026-08-17,marginal_contribution_days,80,VTV,11.0
8_overbought_panel,S1_eleven,QQQE|VTV|VOX|TECL|VOOG|VOOV|TQQQ|XLP|XLY|FAS|SPY,11,7,3615,2012-03-30,2026-08-17,disjunction_rate_without_name,80,VTV,0.22295988934993086
8_overbought_panel,S1_eleven,QQQE|VTV|VOX|TECL|VOOG|VOOV|TQQQ|XLP|XLY|FAS|SPY,11,7,3615,2012-03-30,2026-08-17,individual_firing_rate,80,VOX,0.04232365145228216
8_overbought_panel,S1_eleven,QQQE|VTV|VOX|TECL|VOOG|VOOV|TQQQ|XLP|XLY|FAS|SPY,11,7,3615,2012-03-30,2026-08-17,marginal_contribution,80,VOX,0.08445532435740515
8_overbought_panel,S1_eleven,QQQE|VTV|VOX|TECL|VOOG|VOOV|TQQQ|XLP|XLY|FAS|SPY,11,7,3615,2012-03-30,2026-08-17,marginal_contribution_days,80,VOX,69.0
8_overbought_panel,S1_eleven,QQQE|VTV|VOX|TECL|VOOG|VOOV|TQQQ|XLP|XLY|FAS|SPY,11,7,3615,2012-03-30,2026-08-17,disjunction_rate_without_name,80,VOX,0.2069156293222683
8_overbought_panel,S1_eleven,QQQE|VTV|VOX|TECL|VOOG|VOOV|TQQQ|XLP|XLY|FAS|SPY,11,7,3615,2012-03-30,2026-08-17,individual_firing_rate,80,TECL,0.0661134163208852
8_overbought_panel,S1_eleven,QQQE|VTV|VOX|TECL|VOOG|VOOV|TQQQ|XLP|XLY|FAS|SPY,11,7,3615,2012-03-30,2026-08-17,marginal_contribution,80,TECL,0.03427172582619339
8_overbought_panel,S1_eleven,QQQE|VTV|VOX|TECL|VOOG|VOOV|TQQQ|XLP|XLY|FAS|SPY,11,7,3615,2012-03-30,2026-08-17,marginal_contribution_days,80,TECL,28.0
8_overbought_panel,S1_eleven,QQQE|VTV|VOX|TECL|VOOG|VOOV|TQQQ|XLP|XLY|FAS|SPY,11,7,3615,2012-03-30,2026-08-17,disjunction_rate_without_name,80,TECL,0.21825726141078838
8_overbought_panel,S1_eleven,QQQE|VTV|VOX|TECL|VOOG|VOOV|TQQQ|XLP|XLY|FAS|SPY,11,7,3615,2012-03-30,2026-08-17,individual_firing_rate,80,VOOG,0.07081604426002766
8_overbought_panel,S1_eleven,QQQE|VTV|VOX|TECL|VOOG|VOOV|TQQQ|XLP|XLY|FAS|SPY,11,7,3615,2012-03-30,2026-08-17,marginal_contribution,80,VOOG,0.01346389228886169
8_overbought_panel,S1_eleven,QQQE|VTV|VOX|TECL|VOOG|VOOV|TQQQ|XLP|XLY|FAS|SPY,11,7,3615,2012-03-30,2026-08-17,marginal_contribution_days,80,VOOG,11.0
8_overbought_panel,S1_eleven,QQQE|VTV|VOX|TECL|VOOG|VOOV|TQQQ|XLP|XLY|FAS|SPY,11,7,3615,2012-03-30,2026-08-17,disjunction_rate_without_name,80,VOOG,0.22295988934993086
8_overbought_panel,S1_eleven,QQQE|VTV|VOX|TECL|VOOG|VOOV|TQQQ|XLP|XLY|FAS|SPY,11,7,3615,2012-03-30,2026-08-17,individual_firing_rate,80,VOOV,0.053112033195020746
8_overbought_panel,S1_eleven,QQQE|VTV|VOX|TECL|VOOG|VOOV|TQQQ|XLP|XLY|FAS|SPY,11,7,3615,2012-03-30,2026-08-17,marginal_contribution,80,VOOV,0.014687882496940025
8_overbought_panel,S1_eleven,QQQE|VTV|VOX|TECL|VOOG|VOOV|TQQQ|XLP|XLY|FAS|SPY,11,7,3615,2012-03-30,2026-08-17,marginal_contribution_days,80,VOOV,12.0
8_overbought_panel,S1_eleven,QQQE|VTV|VOX|TECL|VOOG|VOOV|TQQQ|XLP|XLY|FAS|SPY,11,7,3615,2012-03-30,2026-08-17,disjunction_rate_without_name,80,VOOV,0.22268326417704012
8_overbought_panel,S1_eleven,QQQE|VTV|VOX|TECL|VOOG|VOOV|TQQQ|XLP|XLY|FAS|SPY,11,7,3615,2012-03-30,2026-08-17,individual_firing_rate,80,TQQQ,0.07164591977869986
8_overbought_panel,S1_eleven,QQQE|VTV|VOX|TECL|VOOG|VOOV|TQQQ|XLP|XLY|FAS|SPY,11,7,3615,2012-03-30,2026-08-17,marginal_contribution,80,TQQQ,0.033047735618115054
8_overbought_panel,S1_eleven,QQQE|VTV|VOX|TECL|VOOG|VOOV|TQQQ|XLP|XLY|FAS|SPY,11,7,3615,2012-03-30,2026-08-17,marginal_contribution_days,80,TQQQ,27.0
8_overbought_panel,S1_eleven,QQQE|VTV|VOX|TECL|VOOG|VOOV|TQQQ|XLP|XLY|FAS|SPY,11,7,3615,2012-03-30,2026-08-17,disjunction_rate_without_name,80,TQQQ,0.21853388658367912
8_overbought_panel,S1_eleven,QQQE|VTV|VOX|TECL|VOOG|VOOV|TQQQ|XLP|XLY|FAS|SPY,11,7,3615,2012-03-30,2026-08-17,individual_firing_rate,80,XLP,0.0367911479944675
8_overbought_panel,S1_eleven,QQQE|VTV|VOX|TECL|VOOG|VOOV|TQQQ|XLP|XLY|FAS|SPY,11,7,3615,2012-03-30,2026-08-17,marginal_contribution,80,XLP,0.07833537331701346
8_overbought_panel,S1_eleven,QQQE|VTV|VOX|TECL|VOOG|VOOV|TQQQ|XLP|XLY|FAS|SPY,11,7,3615,2012-03-30,2026-08-17,marginal_contribution_days,80,XLP,64.0
8_overbought_panel,S1_eleven,QQQE|VTV|VOX|TECL|VOOG|VOOV|TQQQ|XLP|XLY|FAS|SPY,11,7,3615,2012-03-30,2026-08-17,disjunction_rate_without_name,80,XLP,0.208298755186722
8_overbought_panel,S1_eleven,QQQE|VTV|VOX|TECL|VOOG|VOOV|TQQQ|XLP|XLY|FAS|SPY,11,7,3615,2012-03-30,2026-08-17,individual_firing_rate,80,XLY,0.06224066390041494
8_overbought_panel,S1_eleven,QQQE|VTV|VOX|TECL|VOOG|VOOV|TQQQ|XLP|XLY|FAS|SPY,11,7,3615,2012-03-30,2026-08-17,marginal_contribution,80,XLY,0.07343941248470012
8_overbought_panel,S1_eleven,QQQE|VTV|VOX|TECL|VOOG|VOOV|TQQQ|XLP|XLY|FAS|SPY,11,7,3615,2012-03-30,2026-08-17,marginal_contribution_days,80,XLY,60.0
8_overbought_panel,S1_eleven,QQQE|VTV|VOX|TECL|VOOG|VOOV|TQQQ|XLP|XLY|FAS|SPY,11,7,3615,2012-03-30,2026-08-17,disjunction_rate_without_name,80,XLY,0.20940525587828493
8_overbought_panel,S1_eleven,QQQE|VTV|VOX|TECL|VOOG|VOOV|TQQQ|XLP|XLY|FAS|SPY,11,7,3615,2012-03-30,2026-08-17,individual_firing_rate,80,FAS,0.04730290456431535
8_overbought_panel,S1_eleven,QQQE|VTV|VOX|TECL|VOOG|VOOV|TQQQ|XLP|XLY|FAS|SPY,11,7,3615,2012-03-30,2026-08-17,marginal_contribution,80,FAS,0.04039167686658507
8_overbought_panel,S1_eleven,QQQE|VTV|VOX|TECL|VOOG|VOOV|TQQQ|XLP|XLY|FAS|SPY,11,7,3615,2012-03-30,2026-08-17,marginal_contribution_days,80,FAS,33.0
8_overbought_panel,S1_eleven,QQQE|VTV|VOX|TECL|VOOG|VOOV|TQQQ|XLP|XLY|FAS|SPY,11,7,3615,2012-03-30,2026-08-17,disjunction_rate_without_name,80,FAS,0.21687413554633472
8_overbought_panel,S1_eleven,QQQE|VTV|VOX|TECL|VOOG|VOOV|TQQQ|XLP|XLY|FAS|SPY,11,7,3615,2012-03-30,2026-08-17,individual_firing_rate,80,SPY,0.058091286307053944
8_overbought_panel,S1_eleven,QQQE|VTV|VOX|TECL|VOOG|VOOV|TQQQ|XLP|XLY|FAS|SPY,11,7,3615,2012-03-30,2026-08-17,marginal_contribution,80,SPY,0.0073439412484700125
8_overbought_panel,S1_eleven,QQQE|VTV|VOX|TECL|VOOG|VOOV|TQQQ|XLP|XLY|FAS|SPY,11,7,3615,2012-03-30,2026-08-17,marginal_contribution_days,80,SPY,6.0
8_overbought_panel,S1_eleven,QQQE|VTV|VOX|TECL|VOOG|VOOV|TQQQ|XLP|XLY|FAS|SPY,11,7,3615,2012-03-30,2026-08-17,disjunction_rate_without_name,80,SPY,0.22434301521438452
8_overbought_panel,S1_eleven,QQQE|VTV|VOX|TECL|VOOG|VOOV|TQQQ|XLP|XLY|FAS|SPY,11,14,3608,2012-04-11,2026-08-17,pairwise_rsi_correlation,QQQE,VTV,0.735941103321488
8_overbought_panel,S1_eleven,QQQE|VTV|VOX|TECL|VOOG|VOOV|TQQQ|XLP|XLY|FAS|SPY,11,14,3608,2012-04-11,2026-08-17,pairwise_rsi_correlation,QQQE,VOX,0.6163812574624612
8_overbought_panel,S1_eleven,QQQE|VTV|VOX|TECL|VOOG|VOOV|TQQQ|XLP|XLY|FAS|SPY,11,14,3608,2012-04-11,2026-08-17,pairwise_rsi_correlation,QQQE,TECL,0.8706631477254066
8_overbought_panel,S1_eleven,QQQE|VTV|VOX|TECL|VOOG|VOOV|TQQQ|XLP|XLY|FAS|SPY,11,14,3608,2012-04-11,2026-08-17,pairwise_rsi_correlation,QQQE,VOOG,0.8991771073904555
8_overbought_panel,S1_eleven,QQQE|VTV|VOX|TECL|VOOG|VOOV|TQQQ|XLP|XLY|FAS|SPY,11,14,3608,2012-04-11,2026-08-17,pairwise_rsi_correlation,QQQE,VOOV,0.7622897327978779
8_overbought_panel,S1_eleven,QQQE|VTV|VOX|TECL|VOOG|VOOV|TQQQ|XLP|XLY|FAS|SPY,11,14,3608,2012-04-11,2026-08-17,pairwise_rsi_correlation,QQQE,TQQQ,0.9096643967436642
8_overbought_panel,S1_eleven,QQQE|VTV|VOX|TECL|VOOG|VOOV|TQQQ|XLP|XLY|FAS|SPY,11,14,3608,2012-04-11,2026-08-17,pairwise_rsi_correlation,QQQE,XLP,0.44242513619959195
8_overbought_panel,S1_eleven,QQQE|VTV|VOX|TECL|VOOG|VOOV|TQQQ|XLP|XLY|FAS|SPY,11,14,3608,2012-04-11,2026-08-17,pairwise_rsi_correlation,QQQE,XLY,0.8148528960133253
8_overbought_panel,S1_eleven,QQQE|VTV|VOX|TECL|VOOG|VOOV|TQQQ|XLP|XLY|FAS|SPY,11,14,3608,2012-04-11,2026-08-17,pairwise_rsi_correlation,QQQE,FAS,0.6979136731152213
8_overbought_panel,S1_eleven,QQQE|VTV|VOX|TECL|VOOG|VOOV|TQQQ|XLP|XLY|FAS|SPY,11,14,3608,2012-04-11,2026-08-17,pairwise_rsi_correlation,QQQE,SPY,0.8950997793212457
8_overbought_panel,S1_eleven,QQQE|VTV|VOX|TECL|VOOG|VOOV|TQQQ|XLP|XLY|FAS|SPY,11,14,3608,2012-04-11,2026-08-17,pairwise_rsi_correlation,VTV,VOX,0.576386799593544
8_overbought_panel,S1_eleven,QQQE|VTV|VOX|TECL|VOOG|VOOV|TQQQ|XLP|XLY|FAS|SPY,11,14,3608,2012-04-11,2026-08-17,pairwise_rsi_correlation,VTV,TECL,0.6288388781790493
8_overbought_panel,S1_eleven,QQQE|VTV|VOX|TECL|VOOG|VOOV|TQQQ|XLP|XLY|FAS|SPY,11,14,3608,2012-04-11,2026-08-17,pairwise_rsi_correlation,VTV,VOOG,0.7141307576164032
8_overbought_panel,S1_eleven,QQQE|VTV|VOX|TECL|VOOG|VOOV|TQQQ|XLP|XLY|FAS|SPY,11,14,3608,2012-04-11,2026-08-17,pairwise_rsi_correlation,VTV,VOOV,0.9768528220785391
8_overbought_panel,S1_eleven,QQQE|VTV|VOX|TECL|VOOG|VOOV|TQQQ|XLP|XLY|FAS|SPY,11,14,3608,2012-04-11,2026-08-17,pairwise_rsi_correlation,VTV,TQQQ,0.6185184619872263
8_overbought_panel,S1_eleven,QQQE|VTV|VOX|TECL|VOOG|VOOV|TQQQ|XLP|XLY|FAS|SPY,11,14,3608,2012-04-11,2026-08-17,pairwise_rsi_correlation,VTV,XLP,0.598315005856962
8_overbought_panel,S1_eleven,QQQE|VTV|VOX|TECL|VOOG|VOOV|TQQQ|XLP|XLY|FAS|SPY,11,14,3608,2012-04-11,2026-08-17,pairwise_rsi_correlation,VTV,XLY,0.6732812069082991
8_overbought_panel,S1_eleven,QQQE|VTV|VOX|TECL|VOOG|VOOV|TQQQ|XLP|XLY|FAS|SPY,11,14,3608,2012-04-11,2026-08-17,pairwise_rsi_correlation,VTV,FAS,0.8820461787515141
8_overbought_panel,S1_eleven,QQQE|VTV|VOX|TECL|VOOG|VOOV|TQQQ|XLP|XLY|FAS|SPY,11,14,3608,2012-04-11,2026-08-17,pairwise_rsi_correlation,VTV,SPY,0.8730152980550135
8_overbought_panel,S1_eleven,QQQE|VTV|VOX|TECL|VOOG|VOOV|TQQQ|XLP|XLY|FAS|SPY,11,14,3608,2012-04-11,2026-08-17,pairwise_rsi_correlation,VOX,TECL,0.5613009177567423
8_overbought_panel,S1_eleven,QQQE|VTV|VOX|TECL|VOOG|VOOV|TQQQ|XLP|XLY|FAS|SPY,11,14,3608,2012-04-11,2026-08-17,pairwise_rsi_correlation,VOX,VOOG,0.6382090591450195
8_overbought_panel,S1_eleven,QQQE|VTV|VOX|TECL|VOOG|VOOV|TQQQ|XLP|XLY|FAS|SPY,11,14,3608,2012-04-11,2026-08-17,pairwise_rsi_correlation,VOX,VOOV,0.6222533802394659
8_overbought_panel,S1_eleven,QQQE|VTV|VOX|TECL|VOOG|VOOV|TQQQ|XLP|XLY|FAS|SPY,11,14,3608,2012-04-11,2026-08-17,pairwise_rsi_correlation,VOX,TQQQ,0.5877124960239744
8_overbought_panel,S1_eleven,QQQE|VTV|VOX|TECL|VOOG|VOOV|TQQQ|XLP|XLY|FAS|SPY,11,14,3608,2012-04-11,2026-08-17,pairwise_rsi_correlation,VOX,XLP,0.40233653167634104
8_overbought_panel,S1_eleven,QQQE|VTV|VOX|TECL|VOOG|VOOV|TQQQ|XLP|XLY|FAS|SPY,11,14,3608,2012-04-11,2026-08-17,pairwise_rsi_correlation,VOX,XLY,0.6260350670350832
8_overbought_panel,S1_eleven,QQQE|VTV|VOX|TECL|VOOG|VOOV|TQQQ|XLP|XLY|FAS|SPY,11,14,3608,2012-04-11,2026-08-17,pairwise_rsi_correlation,VOX,FAS,0.5357401996205093
8_overbought_panel,S1_eleven,QQQE|VTV|VOX|TECL|VOOG|VOOV|TQQQ|XLP|XLY|FAS|SPY,11,14,3608,2012-04-11,2026-08-17,pairwise_rsi_correlation,VOX,SPY,0.6838391537278009
8_overbought_panel,S1_eleven,QQQE|VTV|VOX|TECL|VOOG|VOOV|TQQQ|XLP|XLY|FAS|SPY,11,14,3608,2012-04-11,2026-08-17,pairwise_rsi_correlation,TECL,VOOG,0.9393067663938282
8_overbought_panel,S1_eleven,QQQE|VTV|VOX|TECL|VOOG|VOOV|TQQQ|XLP|XLY|FAS|SPY,11,14,3608,2012-04-11,2026-08-17,pairwise_rsi_correlation,TECL,VOOV,0.6569904579914593
8_overbought_panel,S1_eleven,QQQE|VTV|VOX|TECL|VOOG|VOOV|TQQQ|XLP|XLY|FAS|SPY,11,14,3608,2012-04-11,2026-08-17,pairwise_rsi_correlation,TECL,TQQQ,0.9669275096003539
8_overbought_panel,S1_eleven,QQQE|VTV|VOX|TECL|VOOG|VOOV|TQQQ|XLP|XLY|FAS|SPY,11,14,3608,2012-04-11,2026-08-17,pairwise_rsi_correlation,TECL,XLP,0.3726458548905935
8_overbought_panel,S1_eleven,QQQE|VTV|VOX|TECL|VOOG|VOOV|TQQQ|XLP|XLY|FAS|SPY,11,14,3608,2012-04-11,2026-08-17,pairwise_rsi_correlation,TECL,XLY,0.7448731505215304
8_overbought_panel,S1_eleven,QQQE|VTV|VOX|TECL|VOOG|VOOV|TQQQ|XLP|XLY|FAS|SPY,11,14,3608,2012-04-11,2026-08-17,pairwise_rsi_correlation,TECL,FAS,0.578637592848037
8_overbought_panel,S1_eleven,QQQE|VTV|VOX|TECL|VOOG|VOOV|TQQQ|XLP|XLY|FAS|SPY,11,14,3608,2012-04-11,2026-08-17,pairwise_rsi_correlation,TECL,SPY,0.8766779126948101
8_overbought_panel,S1_eleven,QQQE|VTV|VOX|TECL|VOOG|VOOV|TQQQ|XLP|XLY|FAS|SPY,11,14,3608,2012-04-11,2026-08-17,pairwise_rsi_correlation,VOOG,VOOV,0.7287592579585087
8_overbought_panel,S1_eleven,QQQE|VTV|VOX|TECL|VOOG|VOOV|TQQQ|XLP|XLY|FAS|SPY,11,14,3608,2012-04-11,2026-08-17,pairwise_rsi_correlation,VOOG,TQQQ,0.9569433863098374
8_overbought_panel,S1_eleven,QQQE|VTV|VOX|TECL|VOOG|VOOV|TQQQ|XLP|XLY|FAS|SPY,11,14,3608,2012-04-11,2026-08-17,pairwise_rsi_correlation,VOOG,XLP,0.4653645303084883
8_overbought_panel,S1_eleven,QQQE|VTV|VOX|TECL|VOOG|VOOV|TQQQ|XLP|XLY|FAS|SPY,11,14,3608,2012-04-11,2026-08-17,pairwise_rsi_correlation,VOOG,XLY,0.8462993560635533
8_overbought_panel,S1_eleven,QQQE|VTV|VOX|TECL|VOOG|VOOV|TQQQ|XLP|XLY|FAS|SPY,11,14,3608,2012-04-11,2026-08-17,pairwise_rsi_correlation,VOOG,FAS,0.6680424583681038
8_overbought_panel,S1_eleven,QQQE|VTV|VOX|TECL|VOOG|VOOV|TQQQ|XLP|XLY|FAS|SPY,11,14,3608,2012-04-11,2026-08-17,pairwise_rsi_correlation,VOOG,SPY,0.9515964120634566
8_overbought_panel,S1_eleven,QQQE|VTV|VOX|TECL|VOOG|VOOV|TQQQ|XLP|XLY|FAS|SPY,11,14,3608,2012-04-11,2026-08-17,pairwise_rsi_correlation,VOOV,TQQQ,0.6473126281202665
8_overbought_panel,S1_eleven,QQQE|VTV|VOX|TECL|VOOG|VOOV|TQQQ|XLP|XLY|FAS|SPY,11,14,3608,2012-04-11,2026-08-17,pairwise_rsi_correlation,VOOV,XLP,0.581579778226496
8_overbought_panel,S1_eleven,QQQE|VTV|VOX|TECL|VOOG|VOOV|TQQQ|XLP|XLY|FAS|SPY,11,14,3608,2012-04-11,2026-08-17,pairwise_rsi_correlation,VOOV,XLY,0.7079239173524727
8_overbought_panel,S1_eleven,QQQE|VTV|VOX|TECL|VOOG|VOOV|TQQQ|XLP|XLY|FAS|SPY,11,14,3608,2012-04-11,2026-08-17,pairwise_rsi_correlation,VOOV,FAS,0.8844751132380473
8_overbought_panel,S1_eleven,QQQE|VTV|VOX|TECL|VOOG|VOOV|TQQQ|XLP|XLY|FAS|SPY,11,14,3608,2012-04-11,2026-08-17,pairwise_rsi_correlation,VOOV,SPY,0.8881312832254615
8_overbought_panel,S1_eleven,QQQE|VTV|VOX|TECL|VOOG|VOOV|TQQQ|XLP|XLY|FAS|SPY,11,14,3608,2012-04-11,2026-08-17,pairwise_rsi_correlation,TQQQ,XLP,0.3809341864426858
8_overbought_panel,S1_eleven,QQQE|VTV|VOX|TECL|VOOG|VOOV|TQQQ|XLP|XLY|FAS|SPY,11,14,3608,2012-04-11,2026-08-17,pairwise_rsi_correlation,TQQQ,XLY,0.8064096629801714
8_overbought_panel,S1_eleven,QQQE|VTV|VOX|TECL|VOOG|VOOV|TQQQ|XLP|XLY|FAS|SPY,11,14,3608,2012-04-11,2026-08-17,pairwise_rsi_correlation,TQQQ,FAS,0.5840008674752825
8_overbought_panel,S1_eleven,QQQE|VTV|VOX|TECL|VOOG|VOOV|TQQQ|XLP|XLY|FAS|SPY,11,14,3608,2012-04-11,2026-08-17,pairwise_rsi_correlation,TQQQ,SPY,0.8838260625188262
8_overbought_panel,S1_eleven,QQQE|VTV|VOX|TECL|VOOG|VOOV|TQQQ|XLP|XLY|FAS|SPY,11,14,3608,2012-04-11,2026-08-17,pairwise_rsi_correlation,XLP,XLY,0.4529089975756356
8_overbought_panel,S1_eleven,QQQE|VTV|VOX|TECL|VOOG|VOOV|TQQQ|XLP|XLY|FAS|SPY,11,14,3608,2012-04-11,2026-08-17,pairwise_rsi_correlation,XLP,FAS,0.44638150408720856
8_overbought_panel,S1_eleven,QQQE|VTV|VOX|TECL|VOOG|VOOV|TQQQ|XLP|XLY|FAS|SPY,11,14,3608,2012-04-11,2026-08-17,pairwise_rsi_correlation,XLP,SPY,0.524868025164693
8_overbought_panel,S1_eleven,QQQE|VTV|VOX|TECL|VOOG|VOOV|TQQQ|XLP|XLY|FAS|SPY,11,14,3608,2012-04-11,2026-08-17,pairwise_rsi_correlation,XLY,FAS,0.6834150453660044
8_overbought_panel,S1_eleven,QQQE|VTV|VOX|TECL|VOOG|VOOV|TQQQ|XLP|XLY|FAS|SPY,11,14,3608,2012-04-11,2026-08-17,pairwise_rsi_correlation,XLY,SPY,0.8466407474423601
8_overbought_panel,S1_eleven,QQQE|VTV|VOX|TECL|VOOG|VOOV|TQQQ|XLP|XLY|FAS|SPY,11,14,3608,2012-04-11,2026-08-17,pairwise_rsi_correlation,FAS,SPY,0.8051049920654874
8_overbought_panel,S1_eleven,QQQE|VTV|VOX|TECL|VOOG|VOOV|TQQQ|XLP|XLY|FAS|SPY,11,14,3608,2012-04-11,2026-08-17,effective_independent_signals,,,1.7653701916856575
8_overbought_panel,S1_eleven,QQQE|VTV|VOX|TECL|VOOG|VOOV|TQQQ|XLP|XLY|FAS|SPY,11,14,3608,2012-04-11,2026-08-17,mean_pairwise_rsi_correlation,,,0.7040035982115616
8_overbought_panel,S1_eleven,QQQE|VTV|VOX|TECL|VOOG|VOOV|TQQQ|XLP|XLY|FAS|SPY,11,14,3608,2012-04-11,2026-08-17,disjunction_firing_rate,70,,0.29850332594235035
8_overbought_panel,S1_eleven,QQQE|VTV|VOX|TECL|VOOG|VOOV|TQQQ|XLP|XLY|FAS|SPY,11,14,3608,2012-04-11,2026-08-17,disjunction_firing_days,70,,1077.0
8_overbought_panel,S1_eleven,QQQE|VTV|VOX|TECL|VOOG|VOOV|TQQQ|XLP|XLY|FAS|SPY,11,14,3608,2012-04-11,2026-08-17,mean_names_firing_given_fire,70,,3.030640668523677
8_overbought_panel,S1_eleven,QQQE|VTV|VOX|TECL|VOOG|VOOV|TQQQ|XLP|XLY|FAS|SPY,11,14,3608,2012-04-11,2026-08-17,individual_firing_rate,70,QQQE,0.07427937915742794
8_overbought_panel,S1_eleven,QQQE|VTV|VOX|TECL|VOOG|VOOV|TQQQ|XLP|XLY|FAS|SPY,11,14,3608,2012-04-11,2026-08-17,marginal_contribution,70,QQQE,0.02692664809656453
8_overbought_panel,S1_eleven,QQQE|VTV|VOX|TECL|VOOG|VOOV|TQQQ|XLP|XLY|FAS|SPY,11,14,3608,2012-04-11,2026-08-17,marginal_contribution_days,70,QQQE,29.0
8_overbought_panel,S1_eleven,QQQE|VTV|VOX|TECL|VOOG|VOOV|TQQQ|XLP|XLY|FAS|SPY,11,14,3608,2012-04-11,2026-08-17,disjunction_rate_without_name,70,QQQE,0.29046563192904656
8_overbought_panel,S1_eleven,QQQE|VTV|VOX|TECL|VOOG|VOOV|TQQQ|XLP|XLY|FAS|SPY,11,14,3608,2012-04-11,2026-08-17,individual_firing_rate,70,VTV,0.07760532150776053
8_overbought_panel,S1_eleven,QQQE|VTV|VOX|TECL|VOOG|VOOV|TQQQ|XLP|XLY|FAS|SPY,11,14,3608,2012-04-11,2026-08-17,marginal_contribution,70,VTV,0.013927576601671309
8_overbought_panel,S1_eleven,QQQE|VTV|VOX|TECL|VOOG|VOOV|TQQQ|XLP|XLY|FAS|SPY,11,14,3608,2012-04-11,2026-08-17,marginal_contribution_days,70,VTV,15.0
8_overbought_panel,S1_eleven,QQQE|VTV|VOX|TECL|VOOG|VOOV|TQQQ|XLP|XLY|FAS|SPY,11,14,3608,2012-04-11,2026-08-17,disjunction_rate_without_name,70,VTV,0.2943458980044346
8_overbought_panel,S1_eleven,QQQE|VTV|VOX|TECL|VOOG|VOOV|TQQQ|XLP|XLY|FAS|SPY,11,14,3608,2012-04-11,2026-08-17,individual_firing_rate,70,VOX,0.0598669623059867
8_overbought_panel,S1_eleven,QQQE|VTV|VOX|TECL|VOOG|VOOV|TQQQ|XLP|XLY|FAS|SPY,11,14,3608,2012-04-11,2026-08-17,marginal_contribution,70,VOX,0.07242339832869081
8_overbought_panel,S1_eleven,QQQE|VTV|VOX|TECL|VOOG|VOOV|TQQQ|XLP|XLY|FAS|SPY,11,14,3608,2012-04-11,2026-08-17,marginal_contribution_days,70,VOX,78.0
8_overbought_panel,S1_eleven,QQQE|VTV|VOX|TECL|VOOG|VOOV|TQQQ|XLP|XLY|FAS|SPY,11,14,3608,2012-04-11,2026-08-17,disjunction_rate_without_name,70,VOX,0.27688470066518844
8_overbought_panel,S1_eleven,QQQE|VTV|VOX|TECL|VOOG|VOOV|TQQQ|XLP|XLY|FAS|SPY,11,14,3608,2012-04-11,2026-08-17,individual_firing_rate,70,TECL,0.09894678492239468
8_overbought_panel,S1_eleven,QQQE|VTV|VOX|TECL|VOOG|VOOV|TQQQ|XLP|XLY|FAS|SPY,11,14,3608,2012-04-11,2026-08-17,marginal_contribution,70,TECL,0.02042711234911792
8_overbought_panel,S1_eleven,QQQE|VTV|VOX|TECL|VOOG|VOOV|TQQQ|XLP|XLY|FAS|SPY,11,14,3608,2012-04-11,2026-08-17,marginal_contribution_days,70,TECL,22.0
8_overbought_panel,S1_eleven,QQQE|VTV|VOX|TECL|VOOG|VOOV|TQQQ|XLP|XLY|FAS|SPY,11,14,3608,2012-04-11,2026-08-17,disjunction_rate_without_name,70,TECL,0.2924057649667406
8_overbought_panel,S1_eleven,QQQE|VTV|VOX|TECL|VOOG|VOOV|TQQQ|XLP|XLY|FAS|SPY,11,14,3608,2012-04-11,2026-08-17,individual_firing_rate,70,VOOG,0.10421286031042129
8_overbought_panel,S1_eleven,QQQE|VTV|VOX|TECL|VOOG|VOOV|TQQQ|XLP|XLY|FAS|SPY,11,14,3608,2012-04-11,2026-08-17,marginal_contribution,70,VOOG,0.012999071494893221
8_overbought_panel,S1_eleven,QQQE|VTV|VOX|TECL|VOOG|VOOV|TQQQ|XLP|XLY|FAS|SPY,11,14,3608,2012-04-11,2026-08-17,marginal_contribution_days,70,VOOG,14.0
8_overbought_panel,S1_eleven,QQQE|VTV|VOX|TECL|VOOG|VOOV|TQQQ|XLP|XLY|FAS|SPY,11,14,3608,2012-04-11,2026-08-17,disjunction_rate_without_name,70,VOOG,0.2946230598669623
8_overbought_panel,S1_eleven,QQQE|VTV|VOX|TECL|VOOG|VOOV|TQQQ|XLP|XLY|FAS|SPY,11,14,3608,2012-04-11,2026-08-17,individual_firing_rate,70,VOOV,0.07594235033259424
8_overbought_panel,S1_eleven,QQQE|VTV|VOX|TECL|VOOG|VOOV|TQQQ|XLP|XLY|FAS|SPY,11,14,3608,2012-04-11,2026-08-17,marginal_contribution,70,VOOV,0.004642525533890436
8_overbought_panel,S1_eleven,QQQE|VTV|VOX|TECL|VOOG|VOOV|TQQQ|XLP|XLY|FAS|SPY,11,14,3608,2012-04-11,2026-08-17,marginal_contribution_days,70,VOOV,5.0
8_overbought_panel,S1_eleven,QQQE|VTV|VOX|TECL|VOOG|VOOV|TQQQ|XLP|XLY|FAS|SPY,11,14,3608,2012-04-11,2026-08-17,disjunction_rate_without_name,70,VOOV,0.29711751662971175
8_overbought_panel,S1_eleven,QQQE|VTV|VOX|TECL|VOOG|VOOV|TQQQ|XLP|XLY|FAS|SPY,11,14,3608,2012-04-11,2026-08-17,individual_firing_rate,70,TQQQ,0.10837028824833703
8_overbought_panel,S1_eleven,QQQE|VTV|VOX|TECL|VOOG|VOOV|TQQQ|XLP|XLY|FAS|SPY,11,14,3608,2012-04-11,2026-08-17,marginal_contribution,70,TQQQ,0.02135561745589601
8_overbought_panel,S1_eleven,QQQE|VTV|VOX|TECL|VOOG|VOOV|TQQQ|XLP|XLY|FAS|SPY,11,14,3608,2012-04-11,2026-08-17,marginal_contribution_days,70,TQQQ,23.0
8_overbought_panel,S1_eleven,QQQE|VTV|VOX|TECL|VOOG|VOOV|TQQQ|XLP|XLY|FAS|SPY,11,14,3608,2012-04-11,2026-08-17,disjunction_rate_without_name,70,TQQQ,0.29212860310421285
8_overbought_panel,S1_eleven,QQQE|VTV|VOX|TECL|VOOG|VOOV|TQQQ|XLP|XLY|FAS|SPY,11,14,3608,2012-04-11,2026-08-17,individual_firing_rate,70,XLP,0.06291574279379157
8_overbought_panel,S1_eleven,QQQE|VTV|VOX|TECL|VOOG|VOOV|TQQQ|XLP|XLY|FAS|SPY,11,14,3608,2012-04-11,2026-08-17,marginal_contribution,70,XLP,0.09192200557103064
8_overbought_panel,S1_eleven,QQQE|VTV|VOX|TECL|VOOG|VOOV|TQQQ|XLP|XLY|FAS|SPY,11,14,3608,2012-04-11,2026-08-17,marginal_contribution_days,70,XLP,99.0
8_overbought_panel,S1_eleven,QQQE|VTV|VOX|TECL|VOOG|VOOV|TQQQ|XLP|XLY|FAS|SPY,11,14,3608,2012-04-11,2026-08-17,disjunction_rate_without_name,70,XLP,0.2710643015521064
8_overbought_panel,S1_eleven,QQQE|VTV|VOX|TECL|VOOG|VOOV|TQQQ|XLP|XLY|FAS|SPY,11,14,3608,2012-04-11,2026-08-17,individual_firing_rate,70,XLY,0.08287139689578714
8_overbought_panel,S1_eleven,QQQE|VTV|VOX|TECL|VOOG|VOOV|TQQQ|XLP|XLY|FAS|SPY,11,14,3608,2012-04-11,2026-08-17,marginal_contribution,70,XLY,0.04642525533890436
8_overbought_panel,S1_eleven,QQQE|VTV|VOX|TECL|VOOG|VOOV|TQQQ|XLP|XLY|FAS|SPY,11,14,3608,2012-04-11,2026-08-17,marginal_contribution_days,70,XLY,50.0
8_overbought_panel,S1_eleven,QQQE|VTV|VOX|TECL|VOOG|VOOV|TQQQ|XLP|XLY|FAS|SPY,11,14,3608,2012-04-11,2026-08-17,disjunction_rate_without_name,70,XLY,0.28464523281596454
8_overbought_panel,S1_eleven,QQQE|VTV|VOX|TECL|VOOG|VOOV|TQQQ|XLP|XLY|FAS|SPY,11,14,3608,2012-04-11,2026-08-17,individual_firing_rate,70,FAS,0.0684589800443459
8_overbought_panel,S1_eleven,QQQE|VTV|VOX|TECL|VOOG|VOOV|TQQQ|XLP|XLY|FAS|SPY,11,14,3608,2012-04-11,2026-08-17,marginal_contribution,70,FAS,0.03806870937790158
8_overbought_panel,S1_eleven,QQQE|VTV|VOX|TECL|VOOG|VOOV|TQQQ|XLP|XLY|FAS|SPY,11,14,3608,2012-04-11,2026-08-17,marginal_contribution_days,70,FAS,41.0
8_overbought_panel,S1_eleven,QQQE|VTV|VOX|TECL|VOOG|VOOV|TQQQ|XLP|XLY|FAS|SPY,11,14,3608,2012-04-11,2026-08-17,disjunction_rate_without_name,70,FAS,0.28713968957871394
8_overbought_panel,S1_eleven,QQQE|VTV|VOX|TECL|VOOG|VOOV|TQQQ|XLP|XLY|FAS|SPY,11,14,3608,2012-04-11,2026-08-17,individual_firing_rate,70,SPY,0.09118625277161863
8_overbought_panel,S1_eleven,QQQE|VTV|VOX|TECL|VOOG|VOOV|TQQQ|XLP|XLY|FAS|SPY,11,14,3608,2012-04-11,2026-08-17,marginal_contribution,70,SPY,0.005571030640668524
8_overbought_panel,S1_eleven,QQQE|VTV|VOX|TECL|VOOG|VOOV|TQQQ|XLP|XLY|FAS|SPY,11,14,3608,2012-04-11,2026-08-17,marginal_contribution_days,70,SPY,6.0
8_overbought_panel,S1_eleven,QQQE|VTV|VOX|TECL|VOOG|VOOV|TQQQ|XLP|XLY|FAS|SPY,11,14,3608,2012-04-11,2026-08-17,disjunction_rate_without_name,70,SPY,0.296840354767184
8_overbought_panel,S1_eleven,QQQE|VTV|VOX|TECL|VOOG|VOOV|TQQQ|XLP|XLY|FAS|SPY,11,14,3608,2012-04-11,2026-08-17,disjunction_firing_rate,75,,0.1094789356984479
8_overbought_panel,S1_eleven,QQQE|VTV|VOX|TECL|VOOG|VOOV|TQQQ|XLP|XLY|FAS|SPY,11,14,3608,2012-04-11,2026-08-17,disjunction_firing_days,75,,395.0
8_overbought_panel,S1_eleven,QQQE|VTV|VOX|TECL|VOOG|VOOV|TQQQ|XLP|XLY|FAS|SPY,11,14,3608,2012-04-11,2026-08-17,mean_names_firing_given_fire,75,,2.448101265822785
8_overbought_panel,S1_eleven,QQQE|VTV|VOX|TECL|VOOG|VOOV|TQQQ|XLP|XLY|FAS|SPY,11,14,3608,2012-04-11,2026-08-17,individual_firing_rate,75,QQQE,0.023558758314855877
8_overbought_panel,S1_eleven,QQQE|VTV|VOX|TECL|VOOG|VOOV|TQQQ|XLP|XLY|FAS|SPY,11,14,3608,2012-04-11,2026-08-17,marginal_contribution,75,QQQE,0.0379746835443038
8_overbought_panel,S1_eleven,QQQE|VTV|VOX|TECL|VOOG|VOOV|TQQQ|XLP|XLY|FAS|SPY,11,14,3608,2012-04-11,2026-08-17,marginal_contribution_days,75,QQQE,15.0
8_overbought_panel,S1_eleven,QQQE|VTV|VOX|TECL|VOOG|VOOV|TQQQ|XLP|XLY|FAS|SPY,11,14,3608,2012-04-11,2026-08-17,disjunction_rate_without_name,75,QQQE,0.10532150776053215
8_overbought_panel,S1_eleven,QQQE|VTV|VOX|TECL|VOOG|VOOV|TQQQ|XLP|XLY|FAS|SPY,11,14,3608,2012-04-11,2026-08-17,individual_firing_rate,75,VTV,0.021341463414634148
8_overbought_panel,S1_eleven,QQQE|VTV|VOX|TECL|VOOG|VOOV|TQQQ|XLP|XLY|FAS|SPY,11,14,3608,2012-04-11,2026-08-17,marginal_contribution,75,VTV,0.015189873417721518
8_overbought_panel,S1_eleven,QQQE|VTV|VOX|TECL|VOOG|VOOV|TQQQ|XLP|XLY|FAS|SPY,11,14,3608,2012-04-11,2026-08-17,marginal_contribution_days,75,VTV,6.0
8_overbought_panel,S1_eleven,QQQE|VTV|VOX|TECL|VOOG|VOOV|TQQQ|XLP|XLY|FAS|SPY,11,14,3608,2012-04-11,2026-08-17,disjunction_rate_without_name,75,VTV,0.1078159645232816
8_overbought_panel,S1_eleven,QQQE|VTV|VOX|TECL|VOOG|VOOV|TQQQ|XLP|XLY|FAS|SPY,11,14,3608,2012-04-11,2026-08-17,individual_firing_rate,75,VOX,0.013580931263858093
8_overbought_panel,S1_eleven,QQQE|VTV|VOX|TECL|VOOG|VOOV|TQQQ|XLP|XLY|FAS|SPY,11,14,3608,2012-04-11,2026-08-17,marginal_contribution,75,VOX,0.060759493670886074
8_overbought_panel,S1_eleven,QQQE|VTV|VOX|TECL|VOOG|VOOV|TQQQ|XLP|XLY|FAS|SPY,11,14,3608,2012-04-11,2026-08-17,marginal_contribution_days,75,VOX,24.0
8_overbought_panel,S1_eleven,QQQE|VTV|VOX|TECL|VOOG|VOOV|TQQQ|XLP|XLY|FAS|SPY,11,14,3608,2012-04-11,2026-08-17,disjunction_rate_without_name,75,VOX,0.1028270509977827
8_overbought_panel,S1_eleven,QQQE|VTV|VOX|TECL|VOOG|VOOV|TQQQ|XLP|XLY|FAS|SPY,11,14,3608,2012-04-11,2026-08-17,individual_firing_rate,75,TECL,0.030210643015521066
8_overbought_panel,S1_eleven,QQQE|VTV|VOX|TECL|VOOG|VOOV|TQQQ|XLP|XLY|FAS|SPY,11,14,3608,2012-04-11,2026-08-17,marginal_contribution,75,TECL,0.04810126582278481
8_overbought_panel,S1_eleven,QQQE|VTV|VOX|TECL|VOOG|VOOV|TQQQ|XLP|XLY|FAS|SPY,11,14,3608,2012-04-11,2026-08-17,marginal_contribution_days,75,TECL,19.0
8_overbought_panel,S1_eleven,QQQE|VTV|VOX|TECL|VOOG|VOOV|TQQQ|XLP|XLY|FAS|SPY,11,14,3608,2012-04-11,2026-08-17,disjunction_rate_without_name,75,TECL,0.10421286031042129
8_overbought_panel,S1_eleven,QQQE|VTV|VOX|TECL|VOOG|VOOV|TQQQ|XLP|XLY|FAS|SPY,11,14,3608,2012-04-11,2026-08-17,individual_firing_rate,75,VOOG,0.03325942350332594
8_overbought_panel,S1_eleven,QQQE|VTV|VOX|TECL|VOOG|VOOV|TQQQ|XLP|XLY|FAS|SPY,11,14,3608,2012-04-11,2026-08-17,marginal_contribution,75,VOOG,0.017721518987341773
8_overbought_panel,S1_eleven,QQQE|VTV|VOX|TECL|VOOG|VOOV|TQQQ|XLP|XLY|FAS|SPY,11,14,3608,2012-04-11,2026-08-17,marginal_contribution_days,75,VOOG,7.0
8_overbought_panel,S1_eleven,QQQE|VTV|VOX|TECL|VOOG|VOOV|TQQQ|XLP|XLY|FAS|SPY,11,14,3608,2012-04-11,2026-08-17,disjunction_rate_without_name,75,VOOG,0.10753880266075388
8_overbought_panel,S1_eleven,QQQE|VTV|VOX|TECL|VOOG|VOOV|TQQQ|XLP|XLY|FAS|SPY,11,14,3608,2012-04-11,2026-08-17,individual_firing_rate,75,VOOV,0.017738359201773836
8_overbought_panel,S1_eleven,QQQE|VTV|VOX|TECL|VOOG|VOOV|TQQQ|XLP|XLY|FAS|SPY,11,14,3608,2012-04-11,2026-08-17,marginal_contribution,75,VOOV,0.002531645569620253
8_overbought_panel,S1_eleven,QQQE|VTV|VOX|TECL|VOOG|VOOV|TQQQ|XLP|XLY|FAS|SPY,11,14,3608,2012-04-11,2026-08-17,marginal_contribution_days,75,VOOV,1.0
8_overbought_panel,S1_eleven,QQQE|VTV|VOX|TECL|VOOG|VOOV|TQQQ|XLP|XLY|FAS|SPY,11,14,3608,2012-04-11,2026-08-17,disjunction_rate_without_name,75,VOOV,0.10920177383592018
8_overbought_panel,S1_eleven,QQQE|VTV|VOX|TECL|VOOG|VOOV|TQQQ|XLP|XLY|FAS|SPY,11,14,3608,2012-04-11,2026-08-17,individual_firing_rate,75,TQQQ,0.03547671840354767
8_overbought_panel,S1_eleven,QQQE|VTV|VOX|TECL|VOOG|VOOV|TQQQ|XLP|XLY|FAS|SPY,11,14,3608,2012-04-11,2026-08-17,marginal_contribution,75,TQQQ,0.03291139240506329
8_overbought_panel,S1_eleven,QQQE|VTV|VOX|TECL|VOOG|VOOV|TQQQ|XLP|XLY|FAS|SPY,11,14,3608,2012-04-11,2026-08-17,marginal_contribution_days,75,TQQQ,13.0
8_overbought_panel,S1_eleven,QQQE|VTV|VOX|TECL|VOOG|VOOV|TQQQ|XLP|XLY|FAS|SPY,11,14,3608,2012-04-11,2026-08-17,disjunction_rate_without_name,75,TQQQ,0.10587583148558759
8_overbought_panel,S1_eleven,QQQE|VTV|VOX|TECL|VOOG|VOOV|TQQQ|XLP|XLY|FAS|SPY,11,14,3608,2012-04-11,2026-08-17,individual_firing_rate,75,XLP,0.013303769401330377
8_overbought_panel,S1_eleven,QQQE|VTV|VOX|TECL|VOOG|VOOV|TQQQ|XLP|XLY|FAS|SPY,11,14,3608,2012-04-11,2026-08-17,marginal_contribution,75,XLP,0.0759493670886076
8_overbought_panel,S1_eleven,QQQE|VTV|VOX|TECL|VOOG|VOOV|TQQQ|XLP|XLY|FAS|SPY,11,14,3608,2012-04-11,2026-08-17,marginal_contribution_days,75,XLP,30.0
8_overbought_panel,S1_eleven,QQQE|VTV|VOX|TECL|VOOG|VOOV|TQQQ|XLP|XLY|FAS|SPY,11,14,3608,2012-04-11,2026-08-17,disjunction_rate_without_name,75,XLP,0.10116407982261641
8_overbought_panel,S1_eleven,QQQE|VTV|VOX|TECL|VOOG|VOOV|TQQQ|XLP|XLY|FAS|SPY,11,14,3608,2012-04-11,2026-08-17,individual_firing_rate,75,XLY,0.032982261640798226
8_overbought_panel,S1_eleven,QQQE|VTV|VOX|TECL|VOOG|VOOV|TQQQ|XLP|XLY|FAS|SPY,11,14,3608,2012-04-11,2026-08-17,marginal_contribution,75,XLY,0.1341772151898734
8_overbought_panel,S1_eleven,QQQE|VTV|VOX|TECL|VOOG|VOOV|TQQQ|XLP|XLY|FAS|SPY,11,14,3608,2012-04-11,2026-08-17,marginal_contribution_days,75,XLY,53.0
8_overbought_panel,S1_eleven,QQQE|VTV|VOX|TECL|VOOG|VOOV|TQQQ|XLP|XLY|FAS|SPY,11,14,3608,2012-04-11,2026-08-17,disjunction_rate_without_name,75,XLY,0.09478935698447893
8_overbought_panel,S1_eleven,QQQE|VTV|VOX|TECL|VOOG|VOOV|TQQQ|XLP|XLY|FAS|SPY,11,14,3608,2012-04-11,2026-08-17,individual_firing_rate,75,FAS,0.019124168514412416
8_overbought_panel,S1_eleven,QQQE|VTV|VOX|TECL|VOOG|VOOV|TQQQ|XLP|XLY|FAS|SPY,11,14,3608,2012-04-11,2026-08-17,marginal_contribution,75,FAS,0.053164556962025315
8_overbought_panel,S1_eleven,QQQE|VTV|VOX|TECL|VOOG|VOOV|TQQQ|XLP|XLY|FAS|SPY,11,14,3608,2012-04-11,2026-08-17,marginal_contribution_days,75,FAS,21.0
8_overbought_panel,S1_eleven,QQQE|VTV|VOX|TECL|VOOG|VOOV|TQQQ|XLP|XLY|FAS|SPY,11,14,3608,2012-04-11,2026-08-17,disjunction_rate_without_name,75,FAS,0.10365853658536585
8_overbought_panel,S1_eleven,QQQE|VTV|VOX|TECL|VOOG|VOOV|TQQQ|XLP|XLY|FAS|SPY,11,14,3608,2012-04-11,2026-08-17,individual_firing_rate,75,SPY,0.027439024390243903
8_overbought_panel,S1_eleven,QQQE|VTV|VOX|TECL|VOOG|VOOV|TQQQ|XLP|XLY|FAS|SPY,11,14,3608,2012-04-11,2026-08-17,marginal_contribution,75,SPY,0.007594936708860759
8_overbought_panel,S1_eleven,QQQE|VTV|VOX|TECL|VOOG|VOOV|TQQQ|XLP|XLY|FAS|SPY,11,14,3608,2012-04-11,2026-08-17,marginal_contribution_days,75,SPY,3.0
8_overbought_panel,S1_eleven,QQQE|VTV|VOX|TECL|VOOG|VOOV|TQQQ|XLP|XLY|FAS|SPY,11,14,3608,2012-04-11,2026-08-17,disjunction_rate_without_name,75,SPY,0.10864745011086474
8_overbought_panel,S1_eleven,QQQE|VTV|VOX|TECL|VOOG|VOOV|TQQQ|XLP|XLY|FAS|SPY,11,14,3608,2012-04-11,2026-08-17,disjunction_firing_rate,80,,0.029379157427937917
8_overbought_panel,S1_eleven,QQQE|VTV|VOX|TECL|VOOG|VOOV|TQQQ|XLP|XLY|FAS|SPY,11,14,3608,2012-04-11,2026-08-17,disjunction_firing_days,80,,106.0
8_overbought_panel,S1_eleven,QQQE|VTV|VOX|TECL|VOOG|VOOV|TQQQ|XLP|XLY|FAS|SPY,11,14,3608,2012-04-11,2026-08-17,mean_names_firing_given_fire,80,,2.1037735849056602
8_overbought_panel,S1_eleven,QQQE|VTV|VOX|TECL|VOOG|VOOV|TQQQ|XLP|XLY|FAS|SPY,11,14,3608,2012-04-11,2026-08-17,individual_firing_rate,80,QQQE,0.0033259423503325942
8_overbought_panel,S1_eleven,QQQE|VTV|VOX|TECL|VOOG|VOOV|TQQQ|XLP|XLY|FAS|SPY,11,14,3608,2012-04-11,2026-08-17,marginal_contribution,80,QQQE,0.018867924528301886
8_overbought_panel,S1_eleven,QQQE|VTV|VOX|TECL|VOOG|VOOV|TQQQ|XLP|XLY|FAS|SPY,11,14,3608,2012-04-11,2026-08-17,marginal_contribution_days,80,QQQE,2.0
8_overbought_panel,S1_eleven,QQQE|VTV|VOX|TECL|VOOG|VOOV|TQQQ|XLP|XLY|FAS|SPY,11,14,3608,2012-04-11,2026-08-17,disjunction_rate_without_name,80,QQQE,0.028824833702882482
8_overbought_panel,S1_eleven,QQQE|VTV|VOX|TECL|VOOG|VOOV|TQQQ|XLP|XLY|FAS|SPY,11,14,3608,2012-04-11,2026-08-17,individual_firing_rate,80,VTV,0.00582039911308204
8_overbought_panel,S1_eleven,QQQE|VTV|VOX|TECL|VOOG|VOOV|TQQQ|XLP|XLY|FAS|SPY,11,14,3608,2012-04-11,2026-08-17,marginal_contribution,80,VTV,0.0
8_overbought_panel,S1_eleven,QQQE|VTV|VOX|TECL|VOOG|VOOV|TQQQ|XLP|XLY|FAS|SPY,11,14,3608,2012-04-11,2026-08-17,marginal_contribution_days,80,VTV,0.0
8_overbought_panel,S1_eleven,QQQE|VTV|VOX|TECL|VOOG|VOOV|TQQQ|XLP|XLY|FAS|SPY,11,14,3608,2012-04-11,2026-08-17,disjunction_rate_without_name,80,VTV,0.029379157427937917
8_overbought_panel,S1_eleven,QQQE|VTV|VOX|TECL|VOOG|VOOV|TQQQ|XLP|XLY|FAS|SPY,11,14,3608,2012-04-11,2026-08-17,individual_firing_rate,80,VOX,0.0024944567627494456
8_overbought_panel,S1_eleven,QQQE|VTV|VOX|TECL|VOOG|VOOV|TQQQ|XLP|XLY|FAS|SPY,11,14,3608,2012-04-11,2026-08-17,marginal_contribution,80,VOX,0.07547169811320754
8_overbought_panel,S1_eleven,QQQE|VTV|VOX|TECL|VOOG|VOOV|TQQQ|XLP|XLY|FAS|SPY,11,14,3608,2012-04-11,2026-08-17,marginal_contribution_days,80,VOX,8.0
8_overbought_panel,S1_eleven,QQQE|VTV|VOX|TECL|VOOG|VOOV|TQQQ|XLP|XLY|FAS|SPY,11,14,3608,2012-04-11,2026-08-17,disjunction_rate_without_name,80,VOX,0.027161862527716185
8_overbought_panel,S1_eleven,QQQE|VTV|VOX|TECL|VOOG|VOOV|TQQQ|XLP|XLY|FAS|SPY,11,14,3608,2012-04-11,2026-08-17,individual_firing_rate,80,TECL,0.008869179600886918
8_overbought_panel,S1_eleven,QQQE|VTV|VOX|TECL|VOOG|VOOV|TQQQ|XLP|XLY|FAS|SPY,11,14,3608,2012-04-11,2026-08-17,marginal_contribution,80,TECL,0.10377358490566038
8_overbought_panel,S1_eleven,QQQE|VTV|VOX|TECL|VOOG|VOOV|TQQQ|XLP|XLY|FAS|SPY,11,14,3608,2012-04-11,2026-08-17,marginal_contribution_days,80,TECL,11.0
8_overbought_panel,S1_eleven,QQQE|VTV|VOX|TECL|VOOG|VOOV|TQQQ|XLP|XLY|FAS|SPY,11,14,3608,2012-04-11,2026-08-17,disjunction_rate_without_name,80,TECL,0.026330376940133036
8_overbought_panel,S1_eleven,QQQE|VTV|VOX|TECL|VOOG|VOOV|TQQQ|XLP|XLY|FAS|SPY,11,14,3608,2012-04-11,2026-08-17,individual_firing_rate,80,VOOG,0.006929046563192905
8_overbought_panel,S1_eleven,QQQE|VTV|VOX|TECL|VOOG|VOOV|TQQQ|XLP|XLY|FAS|SPY,11,14,3608,2012-04-11,2026-08-17,marginal_contribution,80,VOOG,0.02830188679245283
8_overbought_panel,S1_eleven,QQQE|VTV|VOX|TECL|VOOG|VOOV|TQQQ|XLP|XLY|FAS|SPY,11,14,3608,2012-04-11,2026-08-17,marginal_contribution_days,80,VOOG,3.0
8_overbought_panel,S1_eleven,QQQE|VTV|VOX|TECL|VOOG|VOOV|TQQQ|XLP|XLY|FAS|SPY,11,14,3608,2012-04-11,2026-08-17,disjunction_rate_without_name,80,VOOG,0.02854767184035477
8_overbought_panel,S1_eleven,QQQE|VTV|VOX|TECL|VOOG|VOOV|TQQQ|XLP|XLY|FAS|SPY,11,14,3608,2012-04-11,2026-08-17,individual_firing_rate,80,VOOV,0.005266075388026608
8_overbought_panel,S1_eleven,QQQE|VTV|VOX|TECL|VOOG|VOOV|TQQQ|XLP|XLY|FAS|SPY,11,14,3608,2012-04-11,2026-08-17,marginal_contribution,80,VOOV,0.0
8_overbought_panel,S1_eleven,QQQE|VTV|VOX|TECL|VOOG|VOOV|TQQQ|XLP|XLY|FAS|SPY,11,14,3608,2012-04-11,2026-08-17,marginal_contribution_days,80,VOOV,0.0
8_overbought_panel,S1_eleven,QQQE|VTV|VOX|TECL|VOOG|VOOV|TQQQ|XLP|XLY|FAS|SPY,11,14,3608,2012-04-11,2026-08-17,disjunction_rate_without_name,80,VOOV,0.029379157427937917
8_overbought_panel,S1_eleven,QQQE|VTV|VOX|TECL|VOOG|VOOV|TQQQ|XLP|XLY|FAS|SPY,11,14,3608,2012-04-11,2026-08-17,individual_firing_rate,80,TQQQ,0.008314855875831485
8_overbought_panel,S1_eleven,QQQE|VTV|VOX|TECL|VOOG|VOOV|TQQQ|XLP|XLY|FAS|SPY,11,14,3608,2012-04-11,2026-08-17,marginal_contribution,80,TQQQ,0.05660377358490566
8_overbought_panel,S1_eleven,QQQE|VTV|VOX|TECL|VOOG|VOOV|TQQQ|XLP|XLY|FAS|SPY,11,14,3608,2012-04-11,2026-08-17,marginal_contribution_days,80,TQQQ,6.0
8_overbought_panel,S1_eleven,QQQE|VTV|VOX|TECL|VOOG|VOOV|TQQQ|XLP|XLY|FAS|SPY,11,14,3608,2012-04-11,2026-08-17,disjunction_rate_without_name,80,TQQQ,0.02771618625277162
8_overbought_panel,S1_eleven,QQQE|VTV|VOX|TECL|VOOG|VOOV|TQQQ|XLP|XLY|FAS|SPY,11,14,3608,2012-04-11,2026-08-17,individual_firing_rate,80,XLP,0.0022172949002217295
8_overbought_panel,S1_eleven,QQQE|VTV|VOX|TECL|VOOG|VOOV|TQQQ|XLP|XLY|FAS|SPY,11,14,3608,2012-04-11,2026-08-17,marginal_contribution,80,XLP,0.0660377358490566
8_overbought_panel,S1_eleven,QQQE|VTV|VOX|TECL|VOOG|VOOV|TQQQ|XLP|XLY|FAS|SPY,11,14,3608,2012-04-11,2026-08-17,marginal_contribution_days,80,XLP,7.0
8_overbought_panel,S1_eleven,QQQE|VTV|VOX|TECL|VOOG|VOOV|TQQQ|XLP|XLY|FAS|SPY,11,14,3608,2012-04-11,2026-08-17,disjunction_rate_without_name,80,XLP,0.027439024390243903
8_overbought_panel,S1_eleven,QQQE|VTV|VOX|TECL|VOOG|VOOV|TQQQ|XLP|XLY|FAS|SPY,11,14,3608,2012-04-11,2026-08-17,individual_firing_rate,80,XLY,0.009423503325942351
8_overbought_panel,S1_eleven,QQQE|VTV|VOX|TECL|VOOG|VOOV|TQQQ|XLP|XLY|FAS|SPY,11,14,3608,2012-04-11,2026-08-17,marginal_contribution,80,XLY,0.1509433962264151
8_overbought_panel,S1_eleven,QQQE|VTV|VOX|TECL|VOOG|VOOV|TQQQ|XLP|XLY|FAS|SPY,11,14,3608,2012-04-11,2026-08-17,marginal_contribution_days,80,XLY,16.0
8_overbought_panel,S1_eleven,QQQE|VTV|VOX|TECL|VOOG|VOOV|TQQQ|XLP|XLY|FAS|SPY,11,14,3608,2012-04-11,2026-08-17,disjunction_rate_without_name,80,XLY,0.024944567627494457
8_overbought_panel,S1_eleven,QQQE|VTV|VOX|TECL|VOOG|VOOV|TQQQ|XLP|XLY|FAS|SPY,11,14,3608,2012-04-11,2026-08-17,individual_firing_rate,80,FAS,0.0036031042128603103
8_overbought_panel,S1_eleven,QQQE|VTV|VOX|TECL|VOOG|VOOV|TQQQ|XLP|XLY|FAS|SPY,11,14,3608,2012-04-11,2026-08-17,marginal_contribution,80,FAS,0.018867924528301886
8_overbought_panel,S1_eleven,QQQE|VTV|VOX|TECL|VOOG|VOOV|TQQQ|XLP|XLY|FAS|SPY,11,14,3608,2012-04-11,2026-08-17,marginal_contribution_days,80,FAS,2.0
8_overbought_panel,S1_eleven,QQQE|VTV|VOX|TECL|VOOG|VOOV|TQQQ|XLP|XLY|FAS|SPY,11,14,3608,2012-04-11,2026-08-17,disjunction_rate_without_name,80,FAS,0.028824833702882482
8_overbought_panel,S1_eleven,QQQE|VTV|VOX|TECL|VOOG|VOOV|TQQQ|XLP|XLY|FAS|SPY,11,14,3608,2012-04-11,2026-08-17,individual_firing_rate,80,SPY,0.005543237250554324
8_overbought_panel,S1_eleven,QQQE|VTV|VOX|TECL|VOOG|VOOV|TQQQ|XLP|XLY|FAS|SPY,11,14,3608,2012-04-11,2026-08-17,marginal_contribution,80,SPY,0.009433962264150943
8_overbought_panel,S1_eleven,QQQE|VTV|VOX|TECL|VOOG|VOOV|TQQQ|XLP|XLY|FAS|SPY,11,14,3608,2012-04-11,2026-08-17,marginal_contribution_days,80,SPY,1.0
8_overbought_panel,S1_eleven,QQQE|VTV|VOX|TECL|VOOG|VOOV|TQQQ|XLP|XLY|FAS|SPY,11,14,3608,2012-04-11,2026-08-17,disjunction_rate_without_name,80,SPY,0.0291019955654102
8_overbought_panel,S1_eleven,QQQE|VTV|VOX|TECL|VOOG|VOOV|TQQQ|XLP|XLY|FAS|SPY,11,28,3594,2012-05-01,2026-08-17,pairwise_rsi_correlation,QQQE,VTV,0.7306521670075653
8_overbought_panel,S1_eleven,QQQE|VTV|VOX|TECL|VOOG|VOOV|TQQQ|XLP|XLY|FAS|SPY,11,28,3594,2012-05-01,2026-08-17,pairwise_rsi_correlation,QQQE,VOX,0.5910450924286883
8_overbought_panel,S1_eleven,QQQE|VTV|VOX|TECL|VOOG|VOOV|TQQQ|XLP|XLY|FAS|SPY,11,28,3594,2012-05-01,2026-08-17,pairwise_rsi_correlation,QQQE,TECL,0.863583440311041
8_overbought_panel,S1_eleven,QQQE|VTV|VOX|TECL|VOOG|VOOV|TQQQ|XLP|XLY|FAS|SPY,11,28,3594,2012-05-01,2026-08-17,pairwise_rsi_correlation,QQQE,VOOG,0.8903755794523112
8_overbought_panel,S1_eleven,QQQE|VTV|VOX|TECL|VOOG|VOOV|TQQQ|XLP|XLY|FAS|SPY,11,28,3594,2012-05-01,2026-08-17,pairwise_rsi_correlation,QQQE,VOOV,0.76337793130706
8_overbought_panel,S1_eleven,QQQE|VTV|VOX|TECL|VOOG|VOOV|TQQQ|XLP|XLY|FAS|SPY,11,28,3594,2012-05-01,2026-08-17,pairwise_rsi_correlation,QQQE,TQQQ,0.9026712764011106
8_overbought_panel,S1_eleven,QQQE|VTV|VOX|TECL|VOOG|VOOV|TQQQ|XLP|XLY|FAS|SPY,11,28,3594,2012-05-01,2026-08-17,pairwise_rsi_correlation,QQQE,XLP,0.4182038797950834
8_overbought_panel,S1_eleven,QQQE|VTV|VOX|TECL|VOOG|VOOV|TQQQ|XLP|XLY|FAS|SPY,11,28,3594,2012-05-01,2026-08-17,pairwise_rsi_correlation,QQQE,XLY,0.8096978959069208
8_overbought_panel,S1_eleven,QQQE|VTV|VOX|TECL|VOOG|VOOV|TQQQ|XLP|XLY|FAS|SPY,11,28,3594,2012-05-01,2026-08-17,pairwise_rsi_correlation,QQQE,FAS,0.7023160238022008
8_overbought_panel,S1_eleven,QQQE|VTV|VOX|TECL|VOOG|VOOV|TQQQ|XLP|XLY|FAS|SPY,11,28,3594,2012-05-01,2026-08-17,pairwise_rsi_correlation,QQQE,SPY,0.8857979004169263
8_overbought_panel,S1_eleven,QQQE|VTV|VOX|TECL|VOOG|VOOV|TQQQ|XLP|XLY|FAS|SPY,11,28,3594,2012-05-01,2026-08-17,pairwise_rsi_correlation,VTV,VOX,0.5641901088823955
8_overbought_panel,S1_eleven,QQQE|VTV|VOX|TECL|VOOG|VOOV|TQQQ|XLP|XLY|FAS|SPY,11,28,3594,2012-05-01,2026-08-17,pairwise_rsi_correlation,VTV,TECL,0.6250450120999141
8_overbought_panel,S1_eleven,QQQE|VTV|VOX|TECL|VOOG|VOOV|TQQQ|XLP|XLY|FAS|SPY,11,28,3594,2012-05-01,2026-08-17,pairwise_rsi_correlation,VTV,VOOG,0.7123439116780457
8_overbought_panel,S1_eleven,QQQE|VTV|VOX|TECL|VOOG|VOOV|TQQQ|XLP|XLY|FAS|SPY,11,28,3594,2012-05-01,2026-08-17,pairwise_rsi_correlation,VTV,VOOV,0.9763469572536893
8_overbought_panel,S1_eleven,QQQE|VTV|VOX|TECL|VOOG|VOOV|TQQQ|XLP|XLY|FAS|SPY,11,28,3594,2012-05-01,2026-08-17,pairwise_rsi_correlation,VTV,TQQQ,0.6133884668141169
8_overbought_panel,S1_eleven,QQQE|VTV|VOX|TECL|VOOG|VOOV|TQQQ|XLP|XLY|FAS|SPY,11,28,3594,2012-05-01,2026-08-17,pairwise_rsi_correlation,VTV,XLP,0.5763207143845946
8_overbought_panel,S1_eleven,QQQE|VTV|VOX|TECL|VOOG|VOOV|TQQQ|XLP|XLY|FAS|SPY,11,28,3594,2012-05-01,2026-08-17,pairwise_rsi_correlation,VTV,XLY,0.6566372404232458
8_overbought_panel,S1_eleven,QQQE|VTV|VOX|TECL|VOOG|VOOV|TQQQ|XLP|XLY|FAS|SPY,11,28,3594,2012-05-01,2026-08-17,pairwise_rsi_correlation,VTV,FAS,0.8740638695375914
8_overbought_panel,S1_eleven,QQQE|VTV|VOX|TECL|VOOG|VOOV|TQQQ|XLP|XLY|FAS|SPY,11,28,3594,2012-05-01,2026-08-17,pairwise_rsi_correlation,VTV,SPY,0.8754525942518786
8_overbought_panel,S1_eleven,QQQE|VTV|VOX|TECL|VOOG|VOOV|TQQQ|XLP|XLY|FAS|SPY,11,28,3594,2012-05-01,2026-08-17,pairwise_rsi_correlation,VOX,TECL,0.5365244900942311
8_overbought_panel,S1_eleven,QQQE|VTV|VOX|TECL|VOOG|VOOV|TQQQ|XLP|XLY|FAS|SPY,11,28,3594,2012-05-01,2026-08-17,pairwise_rsi_correlation,VOX,VOOG,0.6206180744151748
8_overbought_panel,S1_eleven,QQQE|VTV|VOX|TECL|VOOG|VOOV|TQQQ|XLP|XLY|FAS|SPY,11,28,3594,2012-05-01,2026-08-17,pairwise_rsi_correlation,VOX,VOOV,0.6229322273084527
8_overbought_panel,S1_eleven,QQQE|VTV|VOX|TECL|VOOG|VOOV|TQQQ|XLP|XLY|FAS|SPY,11,28,3594,2012-05-01,2026-08-17,pairwise_rsi_correlation,VOX,TQQQ,0.5700686737871632
8_overbought_panel,S1_eleven,QQQE|VTV|VOX|TECL|VOOG|VOOV|TQQQ|XLP|XLY|FAS|SPY,11,28,3594,2012-05-01,2026-08-17,pairwise_rsi_correlation,VOX,XLP,0.3817282999680851
8_overbought_panel,S1_eleven,QQQE|VTV|VOX|TECL|VOOG|VOOV|TQQQ|XLP|XLY|FAS|SPY,11,28,3594,2012-05-01,2026-08-17,pairwise_rsi_correlation,VOX,XLY,0.6024094902522666
8_overbought_panel,S1_eleven,QQQE|VTV|VOX|TECL|VOOG|VOOV|TQQQ|XLP|XLY|FAS|SPY,11,28,3594,2012-05-01,2026-08-17,pairwise_rsi_correlation,VOX,FAS,0.5247725617572904
8_overbought_panel,S1_eleven,QQQE|VTV|VOX|TECL|VOOG|VOOV|TQQQ|XLP|XLY|FAS|SPY,11,28,3594,2012-05-01,2026-08-17,pairwise_rsi_correlation,VOX,SPY,0.6728707676327768
8_overbought_panel,S1_eleven,QQQE|VTV|VOX|TECL|VOOG|VOOV|TQQQ|XLP|XLY|FAS|SPY,11,28,3594,2012-05-01,2026-08-17,pairwise_rsi_correlation,TECL,VOOG,0.9325785990778468
8_overbought_panel,S1_eleven,QQQE|VTV|VOX|TECL|VOOG|VOOV|TQQQ|XLP|XLY|FAS|SPY,11,28,3594,2012-05-01,2026-08-17,pairwise_rsi_correlation,TECL,VOOV,0.6633126920402203
8_overbought_panel,S1_eleven,QQQE|VTV|VOX|TECL|VOOG|VOOV|TQQQ|XLP|XLY|FAS|SPY,11,28,3594,2012-05-01,2026-08-17,pairwise_rsi_correlation,TECL,TQQQ,0.9667322006711561
8_overbought_panel,S1_eleven,QQQE|VTV|VOX|TECL|VOOG|VOOV|TQQQ|XLP|XLY|FAS|SPY,11,28,3594,2012-05-01,2026-08-17,pairwise_rsi_correlation,TECL,XLP,0.3453256712981818
8_overbought_panel,S1_eleven,QQQE|VTV|VOX|TECL|VOOG|VOOV|TQQQ|XLP|XLY|FAS|SPY,11,28,3594,2012-05-01,2026-08-17,pairwise_rsi_correlation,TECL,XLY,0.7329672864684257
8_overbought_panel,S1_eleven,QQQE|VTV|VOX|TECL|VOOG|VOOV|TQQQ|XLP|XLY|FAS|SPY,11,28,3594,2012-05-01,2026-08-17,pairwise_rsi_correlation,TECL,FAS,0.567132463746326
8_overbought_panel,S1_eleven,QQQE|VTV|VOX|TECL|VOOG|VOOV|TQQQ|XLP|XLY|FAS|SPY,11,28,3594,2012-05-01,2026-08-17,pairwise_rsi_correlation,TECL,SPY,0.8724483635930758
8_overbought_panel,S1_eleven,QQQE|VTV|VOX|TECL|VOOG|VOOV|TQQQ|XLP|XLY|FAS|SPY,11,28,3594,2012-05-01,2026-08-17,pairwise_rsi_correlation,VOOG,VOOV,0.7326933527925988
8_overbought_panel,S1_eleven,QQQE|VTV|VOX|TECL|VOOG|VOOV|TQQQ|XLP|XLY|FAS|SPY,11,28,3594,2012-05-01,2026-08-17,pairwise_rsi_correlation,VOOG,TQQQ,0.9523706628503218
8_overbought_panel,S1_eleven,QQQE|VTV|VOX|TECL|VOOG|VOOV|TQQQ|XLP|XLY|FAS|SPY,11,28,3594,2012-05-01,2026-08-17,pairwise_rsi_correlation,VOOG,XLP,0.44086774336073414
8_overbought_panel,S1_eleven,QQQE|VTV|VOX|TECL|VOOG|VOOV|TQQQ|XLP|XLY|FAS|SPY,11,28,3594,2012-05-01,2026-08-17,pairwise_rsi_correlation,VOOG,XLY,0.8444121309250283
8_overbought_panel,S1_eleven,QQQE|VTV|VOX|TECL|VOOG|VOOV|TQQQ|XLP|XLY|FAS|SPY,11,28,3594,2012-05-01,2026-08-17,pairwise_rsi_correlation,VOOG,FAS,0.6681104240308295
8_overbought_panel,S1_eleven,QQQE|VTV|VOX|TECL|VOOG|VOOV|TQQQ|XLP|XLY|FAS|SPY,11,28,3594,2012-05-01,2026-08-17,pairwise_rsi_correlation,VOOG,SPY,0.9512059466516439
8_overbought_panel,S1_eleven,QQQE|VTV|VOX|TECL|VOOG|VOOV|TQQQ|XLP|XLY|FAS|SPY,11,28,3594,2012-05-01,2026-08-17,pairwise_rsi_correlation,VOOV,TQQQ,0.6498846999011083
8_overbought_panel,S1_eleven,QQQE|VTV|VOX|TECL|VOOG|VOOV|TQQQ|XLP|XLY|FAS|SPY,11,28,3594,2012-05-01,2026-08-17,pairwise_rsi_correlation,VOOV,XLP,0.5612101558320565
8_overbought_panel,S1_eleven,QQQE|VTV|VOX|TECL|VOOG|VOOV|TQQQ|XLP|XLY|FAS|SPY,11,28,3594,2012-05-01,2026-08-17,pairwise_rsi_correlation,VOOV,XLY,0.6955278217884022
8_overbought_panel,S1_eleven,QQQE|VTV|VOX|TECL|VOOG|VOOV|TQQQ|XLP|XLY|FAS|SPY,11,28,3594,2012-05-01,2026-08-17,pairwise_rsi_correlation,VOOV,FAS,0.8750025941840629
8_overbought_panel,S1_eleven,QQQE|VTV|VOX|TECL|VOOG|VOOV|TQQQ|XLP|XLY|FAS|SPY,11,28,3594,2012-05-01,2026-08-17,pairwise_rsi_correlation,VOOV,SPY,0.8946704404166494
8_overbought_panel,S1_eleven,QQQE|VTV|VOX|TECL|VOOG|VOOV|TQQQ|XLP|XLY|FAS|SPY,11,28,3594,2012-05-01,2026-08-17,pairwise_rsi_correlation,TQQQ,XLP,0.3552992842389367
8_overbought_panel,S1_eleven,QQQE|VTV|VOX|TECL|VOOG|VOOV|TQQQ|XLP|XLY|FAS|SPY,11,28,3594,2012-05-01,2026-08-17,pairwise_rsi_correlation,TQQQ,XLY,0.7986474601405981
8_overbought_panel,S1_eleven,QQQE|VTV|VOX|TECL|VOOG|VOOV|TQQQ|XLP|XLY|FAS|SPY,11,28,3594,2012-05-01,2026-08-17,pairwise_rsi_correlation,TQQQ,FAS,0.5765097893012985
8_overbought_panel,S1_eleven,QQQE|VTV|VOX|TECL|VOOG|VOOV|TQQQ|XLP|XLY|FAS|SPY,11,28,3594,2012-05-01,2026-08-17,pairwise_rsi_correlation,TQQQ,SPY,0.8777436651502609
8_overbought_panel,S1_eleven,QQQE|VTV|VOX|TECL|VOOG|VOOV|TQQQ|XLP|XLY|FAS|SPY,11,28,3594,2012-05-01,2026-08-17,pairwise_rsi_correlation,XLP,XLY,0.42886164506557223
8_overbought_panel,S1_eleven,QQQE|VTV|VOX|TECL|VOOG|VOOV|TQQQ|XLP|XLY|FAS|SPY,11,28,3594,2012-05-01,2026-08-17,pairwise_rsi_correlation,XLP,FAS,0.4277502937009027
8_overbought_panel,S1_eleven,QQQE|VTV|VOX|TECL|VOOG|VOOV|TQQQ|XLP|XLY|FAS|SPY,11,28,3594,2012-05-01,2026-08-17,pairwise_rsi_correlation,XLP,SPY,0.49950892422821735
8_overbought_panel,S1_eleven,QQQE|VTV|VOX|TECL|VOOG|VOOV|TQQQ|XLP|XLY|FAS|SPY,11,28,3594,2012-05-01,2026-08-17,pairwise_rsi_correlation,XLY,FAS,0.6787984077076185
8_overbought_panel,S1_eleven,QQQE|VTV|VOX|TECL|VOOG|VOOV|TQQQ|XLP|XLY|FAS|SPY,11,28,3594,2012-05-01,2026-08-17,pairwise_rsi_correlation,XLY,SPY,0.8350422650437238
8_overbought_panel,S1_eleven,QQQE|VTV|VOX|TECL|VOOG|VOOV|TQQQ|XLP|XLY|FAS|SPY,11,28,3594,2012-05-01,2026-08-17,pairwise_rsi_correlation,FAS,SPY,0.8063004155345816
8_overbought_panel,S1_eleven,QQQE|VTV|VOX|TECL|VOOG|VOOV|TQQQ|XLP|XLY|FAS|SPY,11,28,3594,2012-05-01,2026-08-17,effective_independent_signals,,,1.7976693720321222
8_overbought_panel,S1_eleven,QQQE|VTV|VOX|TECL|VOOG|VOOV|TQQQ|XLP|XLY|FAS|SPY,11,28,3594,2012-05-01,2026-08-17,mean_pairwise_rsi_correlation,,,0.6944427281292763
8_overbought_panel,S1_eleven,QQQE|VTV|VOX|TECL|VOOG|VOOV|TQQQ|XLP|XLY|FAS|SPY,11,28,3594,2012-05-01,2026-08-17,disjunction_firing_rate,70,,0.06816917084028937
8_overbought_panel,S1_eleven,QQQE|VTV|VOX|TECL|VOOG|VOOV|TQQQ|XLP|XLY|FAS|SPY,11,28,3594,2012-05-01,2026-08-17,disjunction_firing_days,70,,245.0
8_overbought_panel,S1_eleven,QQQE|VTV|VOX|TECL|VOOG|VOOV|TQQQ|XLP|XLY|FAS|SPY,11,28,3594,2012-05-01,2026-08-17,mean_names_firing_given_fire,70,,2.3755102040816327
8_overbought_panel,S1_eleven,QQQE|VTV|VOX|TECL|VOOG|VOOV|TQQQ|XLP|XLY|FAS|SPY,11,28,3594,2012-05-01,2026-08-17,individual_firing_rate,70,QQQE,0.010573177518085699
8_overbought_panel,S1_eleven,QQQE|VTV|VOX|TECL|VOOG|VOOV|TQQQ|XLP|XLY|FAS|SPY,11,28,3594,2012-05-01,2026-08-17,marginal_contribution,70,QQQE,0.0163265306122449
8_overbought_panel,S1_eleven,QQQE|VTV|VOX|TECL|VOOG|VOOV|TQQQ|XLP|XLY|FAS|SPY,11,28,3594,2012-05-01,2026-08-17,marginal_contribution_days,70,QQQE,4.0
8_overbought_panel,S1_eleven,QQQE|VTV|VOX|TECL|VOOG|VOOV|TQQQ|XLP|XLY|FAS|SPY,11,28,3594,2012-05-01,2026-08-17,disjunction_rate_without_name,70,QQQE,0.06705620478575404
8_overbought_panel,S1_eleven,QQQE|VTV|VOX|TECL|VOOG|VOOV|TQQQ|XLP|XLY|FAS|SPY,11,28,3594,2012-05-01,2026-08-17,individual_firing_rate,70,VTV,0.013633834168057874
8_overbought_panel,S1_eleven,QQQE|VTV|VOX|TECL|VOOG|VOOV|TQQQ|XLP|XLY|FAS|SPY,11,28,3594,2012-05-01,2026-08-17,marginal_contribution,70,VTV,0.024489795918367346
8_overbought_panel,S1_eleven,QQQE|VTV|VOX|TECL|VOOG|VOOV|TQQQ|XLP|XLY|FAS|SPY,11,28,3594,2012-05-01,2026-08-17,marginal_contribution_days,70,VTV,6.0
8_overbought_panel,S1_eleven,QQQE|VTV|VOX|TECL|VOOG|VOOV|TQQQ|XLP|XLY|FAS|SPY,11,28,3594,2012-05-01,2026-08-17,disjunction_rate_without_name,70,VTV,0.06649972175848637
8_overbought_panel,S1_eleven,QQQE|VTV|VOX|TECL|VOOG|VOOV|TQQQ|XLP|XLY|FAS|SPY,11,28,3594,2012-05-01,2026-08-17,individual_firing_rate,70,VOX,0.005843071786310518
8_overbought_panel,S1_eleven,QQQE|VTV|VOX|TECL|VOOG|VOOV|TQQQ|XLP|XLY|FAS|SPY,11,28,3594,2012-05-01,2026-08-17,marginal_contribution,70,VOX,0.036734693877551024
8_overbought_panel,S1_eleven,QQQE|VTV|VOX|TECL|VOOG|VOOV|TQQQ|XLP|XLY|FAS|SPY,11,28,3594,2012-05-01,2026-08-17,marginal_contribution_days,70,VOX,9.0
8_overbought_panel,S1_eleven,QQQE|VTV|VOX|TECL|VOOG|VOOV|TQQQ|XLP|XLY|FAS|SPY,11,28,3594,2012-05-01,2026-08-17,disjunction_rate_without_name,70,VOX,0.06566499721758487
8_overbought_panel,S1_eleven,QQQE|VTV|VOX|TECL|VOOG|VOOV|TQQQ|XLP|XLY|FAS|SPY,11,28,3594,2012-05-01,2026-08-17,individual_firing_rate,70,TECL,0.022537562604340568
8_overbought_panel,S1_eleven,QQQE|VTV|VOX|TECL|VOOG|VOOV|TQQQ|XLP|XLY|FAS|SPY,11,28,3594,2012-05-01,2026-08-17,marginal_contribution,70,TECL,0.04897959183673469
8_overbought_panel,S1_eleven,QQQE|VTV|VOX|TECL|VOOG|VOOV|TQQQ|XLP|XLY|FAS|SPY,11,28,3594,2012-05-01,2026-08-17,marginal_contribution_days,70,TECL,12.0
8_overbought_panel,S1_eleven,QQQE|VTV|VOX|TECL|VOOG|VOOV|TQQQ|XLP|XLY|FAS|SPY,11,28,3594,2012-05-01,2026-08-17,disjunction_rate_without_name,70,TECL,0.06483027267668336
8_overbought_panel,S1_eleven,QQQE|VTV|VOX|TECL|VOOG|VOOV|TQQQ|XLP|XLY|FAS|SPY,11,28,3594,2012-05-01,2026-08-17,individual_firing_rate,70,VOOG,0.0219810795770729
8_overbought_panel,S1_eleven,QQQE|VTV|VOX|TECL|VOOG|VOOV|TQQQ|XLP|XLY|FAS|SPY,11,28,3594,2012-05-01,2026-08-17,marginal_contribution,70,VOOG,0.024489795918367346
8_overbought_panel,S1_eleven,QQQE|VTV|VOX|TECL|VOOG|VOOV|TQQQ|XLP|XLY|FAS|SPY,11,28,3594,2012-05-01,2026-08-17,marginal_contribution_days,70,VOOG,6.0
8_overbought_panel,S1_eleven,QQQE|VTV|VOX|TECL|VOOG|VOOV|TQQQ|XLP|XLY|FAS|SPY,11,28,3594,2012-05-01,2026-08-17,disjunction_rate_without_name,70,VOOG,0.06649972175848637
8_overbought_panel,S1_eleven,QQQE|VTV|VOX|TECL|VOOG|VOOV|TQQQ|XLP|XLY|FAS|SPY,11,28,3594,2012-05-01,2026-08-17,individual_firing_rate,70,VOOV,0.010851419031719533
8_overbought_panel,S1_eleven,QQQE|VTV|VOX|TECL|VOOG|VOOV|TQQQ|XLP|XLY|FAS|SPY,11,28,3594,2012-05-01,2026-08-17,marginal_contribution,70,VOOV,0.00816326530612245
8_overbought_panel,S1_eleven,QQQE|VTV|VOX|TECL|VOOG|VOOV|TQQQ|XLP|XLY|FAS|SPY,11,28,3594,2012-05-01,2026-08-17,marginal_contribution_days,70,VOOV,2.0
8_overbought_panel,S1_eleven,QQQE|VTV|VOX|TECL|VOOG|VOOV|TQQQ|XLP|XLY|FAS|SPY,11,28,3594,2012-05-01,2026-08-17,disjunction_rate_without_name,70,VOOV,0.0676126878130217
8_overbought_panel,S1_eleven,QQQE|VTV|VOX|TECL|VOOG|VOOV|TQQQ|XLP|XLY|FAS|SPY,11,28,3594,2012-05-01,2026-08-17,individual_firing_rate,70,TQQQ,0.026432943795214246
8_overbought_panel,S1_eleven,QQQE|VTV|VOX|TECL|VOOG|VOOV|TQQQ|XLP|XLY|FAS|SPY,11,28,3594,2012-05-01,2026-08-17,marginal_contribution,70,TQQQ,0.044897959183673466
8_overbought_panel,S1_eleven,QQQE|VTV|VOX|TECL|VOOG|VOOV|TQQQ|XLP|XLY|FAS|SPY,11,28,3594,2012-05-01,2026-08-17,marginal_contribution_days,70,TQQQ,11.0
8_overbought_panel,S1_eleven,QQQE|VTV|VOX|TECL|VOOG|VOOV|TQQQ|XLP|XLY|FAS|SPY,11,28,3594,2012-05-01,2026-08-17,disjunction_rate_without_name,70,TQQQ,0.0651085141903172
8_overbought_panel,S1_eleven,QQQE|VTV|VOX|TECL|VOOG|VOOV|TQQQ|XLP|XLY|FAS|SPY,11,28,3594,2012-05-01,2026-08-17,individual_firing_rate,70,XLP,0.007234279354479688
8_overbought_panel,S1_eleven,QQQE|VTV|VOX|TECL|VOOG|VOOV|TQQQ|XLP|XLY|FAS|SPY,11,28,3594,2012-05-01,2026-08-17,marginal_contribution,70,XLP,0.08571428571428572
8_overbought_panel,S1_eleven,QQQE|VTV|VOX|TECL|VOOG|VOOV|TQQQ|XLP|XLY|FAS|SPY,11,28,3594,2012-05-01,2026-08-17,marginal_contribution_days,70,XLP,21.0
8_overbought_panel,S1_eleven,QQQE|VTV|VOX|TECL|VOOG|VOOV|TQQQ|XLP|XLY|FAS|SPY,11,28,3594,2012-05-01,2026-08-17,disjunction_rate_without_name,70,XLP,0.06232609905397885
8_overbought_panel,S1_eleven,QQQE|VTV|VOX|TECL|VOOG|VOOV|TQQQ|XLP|XLY|FAS|SPY,11,28,3594,2012-05-01,2026-08-17,individual_firing_rate,70,XLY,0.017807456872565387
8_overbought_panel,S1_eleven,QQQE|VTV|VOX|TECL|VOOG|VOOV|TQQQ|XLP|XLY|FAS|SPY,11,28,3594,2012-05-01,2026-08-17,marginal_contribution,70,XLY,0.11020408163265306
8_overbought_panel,S1_eleven,QQQE|VTV|VOX|TECL|VOOG|VOOV|TQQQ|XLP|XLY|FAS|SPY,11,28,3594,2012-05-01,2026-08-17,marginal_contribution_days,70,XLY,27.0
8_overbought_panel,S1_eleven,QQQE|VTV|VOX|TECL|VOOG|VOOV|TQQQ|XLP|XLY|FAS|SPY,11,28,3594,2012-05-01,2026-08-17,disjunction_rate_without_name,70,XLY,0.06065664997217585
8_overbought_panel,S1_eleven,QQQE|VTV|VOX|TECL|VOOG|VOOV|TQQQ|XLP|XLY|FAS|SPY,11,28,3594,2012-05-01,2026-08-17,individual_firing_rate,70,FAS,0.010573177518085699
8_overbought_panel,S1_eleven,QQQE|VTV|VOX|TECL|VOOG|VOOV|TQQQ|XLP|XLY|FAS|SPY,11,28,3594,2012-05-01,2026-08-17,marginal_contribution,70,FAS,0.04081632653061224
8_overbought_panel,S1_eleven,QQQE|VTV|VOX|TECL|VOOG|VOOV|TQQQ|XLP|XLY|FAS|SPY,11,28,3594,2012-05-01,2026-08-17,marginal_contribution_days,70,FAS,10.0
8_overbought_panel,S1_eleven,QQQE|VTV|VOX|TECL|VOOG|VOOV|TQQQ|XLP|XLY|FAS|SPY,11,28,3594,2012-05-01,2026-08-17,disjunction_rate_without_name,70,FAS,0.06538675570395103
8_overbought_panel,S1_eleven,QQQE|VTV|VOX|TECL|VOOG|VOOV|TQQQ|XLP|XLY|FAS|SPY,11,28,3594,2012-05-01,2026-08-17,individual_firing_rate,70,SPY,0.014468558708959377
8_overbought_panel,S1_eleven,QQQE|VTV|VOX|TECL|VOOG|VOOV|TQQQ|XLP|XLY|FAS|SPY,11,28,3594,2012-05-01,2026-08-17,marginal_contribution,70,SPY,0.00816326530612245
8_overbought_panel,S1_eleven,QQQE|VTV|VOX|TECL|VOOG|VOOV|TQQQ|XLP|XLY|FAS|SPY,11,28,3594,2012-05-01,2026-08-17,marginal_contribution_days,70,SPY,2.0
8_overbought_panel,S1_eleven,QQQE|VTV|VOX|TECL|VOOG|VOOV|TQQQ|XLP|XLY|FAS|SPY,11,28,3594,2012-05-01,2026-08-17,disjunction_rate_without_name,70,SPY,0.0676126878130217
8_overbought_panel,S1_eleven,QQQE|VTV|VOX|TECL|VOOG|VOOV|TQQQ|XLP|XLY|FAS|SPY,11,28,3594,2012-05-01,2026-08-17,disjunction_firing_rate,75,,0.009460211463550361
8_overbought_panel,S1_eleven,QQQE|VTV|VOX|TECL|VOOG|VOOV|TQQQ|XLP|XLY|FAS|SPY,11,28,3594,2012-05-01,2026-08-17,disjunction_firing_days,75,,34.0
8_overbought_panel,S1_eleven,QQQE|VTV|VOX|TECL|VOOG|VOOV|TQQQ|XLP|XLY|FAS|SPY,11,28,3594,2012-05-01,2026-08-17,mean_names_firing_given_fire,75,,2.764705882352941
8_overbought_panel,S1_eleven,QQQE|VTV|VOX|TECL|VOOG|VOOV|TQQQ|XLP|XLY|FAS|SPY,11,28,3594,2012-05-01,2026-08-17,individual_firing_rate,75,QQQE,0.0008347245409015025
8_overbought_panel,S1_eleven,QQQE|VTV|VOX|TECL|VOOG|VOOV|TQQQ|XLP|XLY|FAS|SPY,11,28,3594,2012-05-01,2026-08-17,marginal_contribution,75,QQQE,0.0
8_overbought_panel,S1_eleven,QQQE|VTV|VOX|TECL|VOOG|VOOV|TQQQ|XLP|XLY|FAS|SPY,11,28,3594,2012-05-01,2026-08-17,marginal_contribution_days,75,QQQE,0.0
8_overbought_panel,S1_eleven,QQQE|VTV|VOX|TECL|VOOG|VOOV|TQQQ|XLP|XLY|FAS|SPY,11,28,3594,2012-05-01,2026-08-17,disjunction_rate_without_name,75,QQQE,0.009460211463550361
8_overbought_panel,S1_eleven,QQQE|VTV|VOX|TECL|VOOG|VOOV|TQQQ|XLP|XLY|FAS|SPY,11,28,3594,2012-05-01,2026-08-17,individual_firing_rate,75,VTV,0.003617139677239844
8_overbought_panel,S1_eleven,QQQE|VTV|VOX|TECL|VOOG|VOOV|TQQQ|XLP|XLY|FAS|SPY,11,28,3594,2012-05-01,2026-08-17,marginal_contribution,75,VTV,0.0
8_overbought_panel,S1_eleven,QQQE|VTV|VOX|TECL|VOOG|VOOV|TQQQ|XLP|XLY|FAS|SPY,11,28,3594,2012-05-01,2026-08-17,marginal_contribution_days,75,VTV,0.0
8_overbought_panel,S1_eleven,QQQE|VTV|VOX|TECL|VOOG|VOOV|TQQQ|XLP|XLY|FAS|SPY,11,28,3594,2012-05-01,2026-08-17,disjunction_rate_without_name,75,VTV,0.009460211463550361
8_overbought_panel,S1_eleven,QQQE|VTV|VOX|TECL|VOOG|VOOV|TQQQ|XLP|XLY|FAS|SPY,11,28,3594,2012-05-01,2026-08-17,individual_firing_rate,75,VOX,0.0
8_overbought_panel,S1_eleven,QQQE|VTV|VOX|TECL|VOOG|VOOV|TQQQ|XLP|XLY|FAS|SPY,11,28,3594,2012-05-01,2026-08-17,marginal_contribution,75,VOX,0.0
8_overbought_panel,S1_eleven,QQQE|VTV|VOX|TECL|VOOG|VOOV|TQQQ|XLP|XLY|FAS|SPY,11,28,3594,2012-05-01,2026-08-17,marginal_contribution_days,75,VOX,0.0
8_overbought_panel,S1_eleven,QQQE|VTV|VOX|TECL|VOOG|VOOV|TQQQ|XLP|XLY|FAS|SPY,11,28,3594,2012-05-01,2026-08-17,disjunction_rate_without_name,75,VOX,0.009460211463550361
8_overbought_panel,S1_eleven,QQQE|VTV|VOX|TECL|VOOG|VOOV|TQQQ|XLP|XLY|FAS|SPY,11,28,3594,2012-05-01,2026-08-17,individual_firing_rate,75,TECL,0.0022259321090706734
8_overbought_panel,S1_eleven,QQQE|VTV|VOX|TECL|VOOG|VOOV|TQQQ|XLP|XLY|FAS|SPY,11,28,3594,2012-05-01,2026-08-17,marginal_contribution,75,TECL,0.20588235294117646
8_overbought_panel,S1_eleven,QQQE|VTV|VOX|TECL|VOOG|VOOV|TQQQ|XLP|XLY|FAS|SPY,11,28,3594,2012-05-01,2026-08-17,marginal_contribution_days,75,TECL,7.0
8_overbought_panel,S1_eleven,QQQE|VTV|VOX|TECL|VOOG|VOOV|TQQQ|XLP|XLY|FAS|SPY,11,28,3594,2012-05-01,2026-08-17,disjunction_rate_without_name,75,TECL,0.007512520868113523
8_overbought_panel,S1_eleven,QQQE|VTV|VOX|TECL|VOOG|VOOV|TQQQ|XLP|XLY|FAS|SPY,11,28,3594,2012-05-01,2026-08-17,individual_firing_rate,75,VOOG,0.003060656649972176
8_overbought_panel,S1_eleven,QQQE|VTV|VOX|TECL|VOOG|VOOV|TQQQ|XLP|XLY|FAS|SPY,11,28,3594,2012-05-01,2026-08-17,marginal_contribution,75,VOOG,0.029411764705882353
8_overbought_panel,S1_eleven,QQQE|VTV|VOX|TECL|VOOG|VOOV|TQQQ|XLP|XLY|FAS|SPY,11,28,3594,2012-05-01,2026-08-17,marginal_contribution_days,75,VOOG,1.0
8_overbought_panel,S1_eleven,QQQE|VTV|VOX|TECL|VOOG|VOOV|TQQQ|XLP|XLY|FAS|SPY,11,28,3594,2012-05-01,2026-08-17,disjunction_rate_without_name,75,VOOG,0.009181969949916527
8_overbought_panel,S1_eleven,QQQE|VTV|VOX|TECL|VOOG|VOOV|TQQQ|XLP|XLY|FAS|SPY,11,28,3594,2012-05-01,2026-08-17,individual_firing_rate,75,VOOV,0.003060656649972176
8_overbought_panel,S1_eleven,QQQE|VTV|VOX|TECL|VOOG|VOOV|TQQQ|XLP|XLY|FAS|SPY,11,28,3594,2012-05-01,2026-08-17,marginal_contribution,75,VOOV,0.0
8_overbought_panel,S1_eleven,QQQE|VTV|VOX|TECL|VOOG|VOOV|TQQQ|XLP|XLY|FAS|SPY,11,28,3594,2012-05-01,2026-08-17,marginal_contribution_days,75,VOOV,0.0
8_overbought_panel,S1_eleven,QQQE|VTV|VOX|TECL|VOOG|VOOV|TQQQ|XLP|XLY|FAS|SPY,11,28,3594,2012-05-01,2026-08-17,disjunction_rate_without_name,75,VOOV,0.009460211463550361
8_overbought_panel,S1_eleven,QQQE|VTV|VOX|TECL|VOOG|VOOV|TQQQ|XLP|XLY|FAS|SPY,11,28,3594,2012-05-01,2026-08-17,individual_firing_rate,75,TQQQ,0.0019476905954368391
8_overbought_panel,S1_eleven,QQQE|VTV|VOX|TECL|VOOG|VOOV|TQQQ|XLP|XLY|FAS|SPY,11,28,3594,2012-05-01,2026-08-17,marginal_contribution,75,TQQQ,0.08823529411764706
8_overbought_panel,S1_eleven,QQQE|VTV|VOX|TECL|VOOG|VOOV|TQQQ|XLP|XLY|FAS|SPY,11,28,3594,2012-05-01,2026-08-17,marginal_contribution_days,75,TQQQ,3.0
8_overbought_panel,S1_eleven,QQQE|VTV|VOX|TECL|VOOG|VOOV|TQQQ|XLP|XLY|FAS|SPY,11,28,3594,2012-05-01,2026-08-17,disjunction_rate_without_name,75,TQQQ,0.00862548692264886
8_overbought_panel,S1_eleven,QQQE|VTV|VOX|TECL|VOOG|VOOV|TQQQ|XLP|XLY|FAS|SPY,11,28,3594,2012-05-01,2026-08-17,individual_firing_rate,75,XLP,0.0002782415136338342
8_overbought_panel,S1_eleven,QQQE|VTV|VOX|TECL|VOOG|VOOV|TQQQ|XLP|XLY|FAS|SPY,11,28,3594,2012-05-01,2026-08-17,marginal_contribution,75,XLP,0.029411764705882353
8_overbought_panel,S1_eleven,QQQE|VTV|VOX|TECL|VOOG|VOOV|TQQQ|XLP|XLY|FAS|SPY,11,28,3594,2012-05-01,2026-08-17,marginal_contribution_days,75,XLP,1.0
8_overbought_panel,S1_eleven,QQQE|VTV|VOX|TECL|VOOG|VOOV|TQQQ|XLP|XLY|FAS|SPY,11,28,3594,2012-05-01,2026-08-17,disjunction_rate_without_name,75,XLP,0.009181969949916527
8_overbought_panel,S1_eleven,QQQE|VTV|VOX|TECL|VOOG|VOOV|TQQQ|XLP|XLY|FAS|SPY,11,28,3594,2012-05-01,2026-08-17,individual_firing_rate,75,XLY,0.0052865887590428495
8_overbought_panel,S1_eleven,QQQE|VTV|VOX|TECL|VOOG|VOOV|TQQQ|XLP|XLY|FAS|SPY,11,28,3594,2012-05-01,2026-08-17,marginal_contribution,75,XLY,0.11764705882352941
8_overbought_panel,S1_eleven,QQQE|VTV|VOX|TECL|VOOG|VOOV|TQQQ|XLP|XLY|FAS|SPY,11,28,3594,2012-05-01,2026-08-17,marginal_contribution_days,75,XLY,4.0
8_overbought_panel,S1_eleven,QQQE|VTV|VOX|TECL|VOOG|VOOV|TQQQ|XLP|XLY|FAS|SPY,11,28,3594,2012-05-01,2026-08-17,disjunction_rate_without_name,75,XLY,0.008347245409015025
8_overbought_panel,S1_eleven,QQQE|VTV|VOX|TECL|VOOG|VOOV|TQQQ|XLP|XLY|FAS|SPY,11,28,3594,2012-05-01,2026-08-17,individual_firing_rate,75,FAS,0.001669449081803005
8_overbought_panel,S1_eleven,QQQE|VTV|VOX|TECL|VOOG|VOOV|TQQQ|XLP|XLY|FAS|SPY,11,28,3594,2012-05-01,2026-08-17,marginal_contribution,75,FAS,0.058823529411764705
8_overbought_panel,S1_eleven,QQQE|VTV|VOX|TECL|VOOG|VOOV|TQQQ|XLP|XLY|FAS|SPY,11,28,3594,2012-05-01,2026-08-17,marginal_contribution_days,75,FAS,2.0
8_overbought_panel,S1_eleven,QQQE|VTV|VOX|TECL|VOOG|VOOV|TQQQ|XLP|XLY|FAS|SPY,11,28,3594,2012-05-01,2026-08-17,disjunction_rate_without_name,75,FAS,0.008903728436282694
8_overbought_panel,S1_eleven,QQQE|VTV|VOX|TECL|VOOG|VOOV|TQQQ|XLP|XLY|FAS|SPY,11,28,3594,2012-05-01,2026-08-17,individual_firing_rate,75,SPY,0.004173622704507512
8_overbought_panel,S1_eleven,QQQE|VTV|VOX|TECL|VOOG|VOOV|TQQQ|XLP|XLY|FAS|SPY,11,28,3594,2012-05-01,2026-08-17,marginal_contribution,75,SPY,0.0
8_overbought_panel,S1_eleven,QQQE|VTV|VOX|TECL|VOOG|VOOV|TQQQ|XLP|XLY|FAS|SPY,11,28,3594,2012-05-01,2026-08-17,marginal_contribution_days,75,SPY,0.0
8_overbought_panel,S1_eleven,QQQE|VTV|VOX|TECL|VOOG|VOOV|TQQQ|XLP|XLY|FAS|SPY,11,28,3594,2012-05-01,2026-08-17,disjunction_rate_without_name,75,SPY,0.009460211463550361
8_overbought_panel,S1_eleven,QQQE|VTV|VOX|TECL|VOOG|VOOV|TQQQ|XLP|XLY|FAS|SPY,11,28,3594,2012-05-01,2026-08-17,disjunction_firing_rate,80,,0.0019476905954368391
8_overbought_panel,S1_eleven,QQQE|VTV|VOX|TECL|VOOG|VOOV|TQQQ|XLP|XLY|FAS|SPY,11,28,3594,2012-05-01,2026-08-17,disjunction_firing_days,80,,7.0
8_overbought_panel,S1_eleven,QQQE|VTV|VOX|TECL|VOOG|VOOV|TQQQ|XLP|XLY|FAS|SPY,11,28,3594,2012-05-01,2026-08-17,mean_names_firing_given_fire,80,,1.4285714285714286
8_overbought_panel,S1_eleven,QQQE|VTV|VOX|TECL|VOOG|VOOV|TQQQ|XLP|XLY|FAS|SPY,11,28,3594,2012-05-01,2026-08-17,individual_firing_rate,80,QQQE,0.0
8_overbought_panel,S1_eleven,QQQE|VTV|VOX|TECL|VOOG|VOOV|TQQQ|XLP|XLY|FAS|SPY,11,28,3594,2012-05-01,2026-08-17,marginal_contribution,80,QQQE,0.0
8_overbought_panel,S1_eleven,QQQE|VTV|VOX|TECL|VOOG|VOOV|TQQQ|XLP|XLY|FAS|SPY,11,28,3594,2012-05-01,2026-08-17,marginal_contribution_days,80,QQQE,0.0
8_overbought_panel,S1_eleven,QQQE|VTV|VOX|TECL|VOOG|VOOV|TQQQ|XLP|XLY|FAS|SPY,11,28,3594,2012-05-01,2026-08-17,disjunction_rate_without_name,80,QQQE,0.0019476905954368391
8_overbought_panel,S1_eleven,QQQE|VTV|VOX|TECL|VOOG|VOOV|TQQQ|XLP|XLY|FAS|SPY,11,28,3594,2012-05-01,2026-08-17,individual_firing_rate,80,VTV,0.0002782415136338342
8_overbought_panel,S1_eleven,QQQE|VTV|VOX|TECL|VOOG|VOOV|TQQQ|XLP|XLY|FAS|SPY,11,28,3594,2012-05-01,2026-08-17,marginal_contribution,80,VTV,0.0
8_overbought_panel,S1_eleven,QQQE|VTV|VOX|TECL|VOOG|VOOV|TQQQ|XLP|XLY|FAS|SPY,11,28,3594,2012-05-01,2026-08-17,marginal_contribution_days,80,VTV,0.0
8_overbought_panel,S1_eleven,QQQE|VTV|VOX|TECL|VOOG|VOOV|TQQQ|XLP|XLY|FAS|SPY,11,28,3594,2012-05-01,2026-08-17,disjunction_rate_without_name,80,VTV,0.0019476905954368391
8_overbought_panel,S1_eleven,QQQE|VTV|VOX|TECL|VOOG|VOOV|TQQQ|XLP|XLY|FAS|SPY,11,28,3594,2012-05-01,2026-08-17,individual_firing_rate,80,VOX,0.0
8_overbought_panel,S1_eleven,QQQE|VTV|VOX|TECL|VOOG|VOOV|TQQQ|XLP|XLY|FAS|SPY,11,28,3594,2012-05-01,2026-08-17,marginal_contribution,80,VOX,0.0
8_overbought_panel,S1_eleven,QQQE|VTV|VOX|TECL|VOOG|VOOV|TQQQ|XLP|XLY|FAS|SPY,11,28,3594,2012-05-01,2026-08-17,marginal_contribution_days,80,VOX,0.0
8_overbought_panel,S1_eleven,QQQE|VTV|VOX|TECL|VOOG|VOOV|TQQQ|XLP|XLY|FAS|SPY,11,28,3594,2012-05-01,2026-08-17,disjunction_rate_without_name,80,VOX,0.0019476905954368391
8_overbought_panel,S1_eleven,QQQE|VTV|VOX|TECL|VOOG|VOOV|TQQQ|XLP|XLY|FAS|SPY,11,28,3594,2012-05-01,2026-08-17,individual_firing_rate,80,TECL,0.0
8_overbought_panel,S1_eleven,QQQE|VTV|VOX|TECL|VOOG|VOOV|TQQQ|XLP|XLY|FAS|SPY,11,28,3594,2012-05-01,2026-08-17,marginal_contribution,80,TECL,0.0
8_overbought_panel,S1_eleven,QQQE|VTV|VOX|TECL|VOOG|VOOV|TQQQ|XLP|XLY|FAS|SPY,11,28,3594,2012-05-01,2026-08-17,marginal_contribution_days,80,TECL,0.0
8_overbought_panel,S1_eleven,QQQE|VTV|VOX|TECL|VOOG|VOOV|TQQQ|XLP|XLY|FAS|SPY,11,28,3594,2012-05-01,2026-08-17,disjunction_rate_without_name,80,TECL,0.0019476905954368391
8_overbought_panel,S1_eleven,QQQE|VTV|VOX|TECL|VOOG|VOOV|TQQQ|XLP|XLY|FAS|SPY,11,28,3594,2012-05-01,2026-08-17,individual_firing_rate,80,VOOG,0.0002782415136338342
8_overbought_panel,S1_eleven,QQQE|VTV|VOX|TECL|VOOG|VOOV|TQQQ|XLP|XLY|FAS|SPY,11,28,3594,2012-05-01,2026-08-17,marginal_contribution,80,VOOG,0.0
8_overbought_panel,S1_eleven,QQQE|VTV|VOX|TECL|VOOG|VOOV|TQQQ|XLP|XLY|FAS|SPY,11,28,3594,2012-05-01,2026-08-17,marginal_contribution_days,80,VOOG,0.0
8_overbought_panel,S1_eleven,QQQE|VTV|VOX|TECL|VOOG|VOOV|TQQQ|XLP|XLY|FAS|SPY,11,28,3594,2012-05-01,2026-08-17,disjunction_rate_without_name,80,VOOG,0.0019476905954368391
8_overbought_panel,S1_eleven,QQQE|VTV|VOX|TECL|VOOG|VOOV|TQQQ|XLP|XLY|FAS|SPY,11,28,3594,2012-05-01,2026-08-17,individual_firing_rate,80,VOOV,0.0
8_overbought_panel,S1_eleven,QQQE|VTV|VOX|TECL|VOOG|VOOV|TQQQ|XLP|XLY|FAS|SPY,11,28,3594,2012-05-01,2026-08-17,marginal_contribution,80,VOOV,0.0
8_overbought_panel,S1_eleven,QQQE|VTV|VOX|TECL|VOOG|VOOV|TQQQ|XLP|XLY|FAS|SPY,11,28,3594,2012-05-01,2026-08-17,marginal_contribution_days,80,VOOV,0.0
8_overbought_panel,S1_eleven,QQQE|VTV|VOX|TECL|VOOG|VOOV|TQQQ|XLP|XLY|FAS|SPY,11,28,3594,2012-05-01,2026-08-17,disjunction_rate_without_name,80,VOOV,0.0019476905954368391
8_overbought_panel,S1_eleven,QQQE|VTV|VOX|TECL|VOOG|VOOV|TQQQ|XLP|XLY|FAS|SPY,11,28,3594,2012-05-01,2026-08-17,individual_firing_rate,80,TQQQ,0.0
8_overbought_panel,S1_eleven,QQQE|VTV|VOX|TECL|VOOG|VOOV|TQQQ|XLP|XLY|FAS|SPY,11,28,3594,2012-05-01,2026-08-17,marginal_contribution,80,TQQQ,0.0
8_overbought_panel,S1_eleven,QQQE|VTV|VOX|TECL|VOOG|VOOV|TQQQ|XLP|XLY|FAS|SPY,11,28,3594,2012-05-01,2026-08-17,marginal_contribution_days,80,TQQQ,0.0
8_overbought_panel,S1_eleven,QQQE|VTV|VOX|TECL|VOOG|VOOV|TQQQ|XLP|XLY|FAS|SPY,11,28,3594,2012-05-01,2026-08-17,disjunction_rate_without_name,80,TQQQ,0.0019476905954368391
8_overbought_panel,S1_eleven,QQQE|VTV|VOX|TECL|VOOG|VOOV|TQQQ|XLP|XLY|FAS|SPY,11,28,3594,2012-05-01,2026-08-17,individual_firing_rate,80,XLP,0.0
8_overbought_panel,S1_eleven,QQQE|VTV|VOX|TECL|VOOG|VOOV|TQQQ|XLP|XLY|FAS|SPY,11,28,3594,2012-05-01,2026-08-17,marginal_contribution,80,XLP,0.0
8_overbought_panel,S1_eleven,QQQE|VTV|VOX|TECL|VOOG|VOOV|TQQQ|XLP|XLY|FAS|SPY,11,28,3594,2012-05-01,2026-08-17,marginal_contribution_days,80,XLP,0.0
8_overbought_panel,S1_eleven,QQQE|VTV|VOX|TECL|VOOG|VOOV|TQQQ|XLP|XLY|FAS|SPY,11,28,3594,2012-05-01,2026-08-17,disjunction_rate_without_name,80,XLP,0.0019476905954368391
8_overbought_panel,S1_eleven,QQQE|VTV|VOX|TECL|VOOG|VOOV|TQQQ|XLP|XLY|FAS|SPY,11,28,3594,2012-05-01,2026-08-17,individual_firing_rate,80,XLY,0.0019476905954368391
8_overbought_panel,S1_eleven,QQQE|VTV|VOX|TECL|VOOG|VOOV|TQQQ|XLP|XLY|FAS|SPY,11,28,3594,2012-05-01,2026-08-17,marginal_contribution,80,XLY,0.8571428571428571
8_overbought_panel,S1_eleven,QQQE|VTV|VOX|TECL|VOOG|VOOV|TQQQ|XLP|XLY|FAS|SPY,11,28,3594,2012-05-01,2026-08-17,marginal_contribution_days,80,XLY,6.0
8_overbought_panel,S1_eleven,QQQE|VTV|VOX|TECL|VOOG|VOOV|TQQQ|XLP|XLY|FAS|SPY,11,28,3594,2012-05-01,2026-08-17,disjunction_rate_without_name,80,XLY,0.0002782415136338342
8_overbought_panel,S1_eleven,QQQE|VTV|VOX|TECL|VOOG|VOOV|TQQQ|XLP|XLY|FAS|SPY,11,28,3594,2012-05-01,2026-08-17,individual_firing_rate,80,FAS,0.0
8_overbought_panel,S1_eleven,QQQE|VTV|VOX|TECL|VOOG|VOOV|TQQQ|XLP|XLY|FAS|SPY,11,28,3594,2012-05-01,2026-08-17,marginal_contribution,80,FAS,0.0
8_overbought_panel,S1_eleven,QQQE|VTV|VOX|TECL|VOOG|VOOV|TQQQ|XLP|XLY|FAS|SPY,11,28,3594,2012-05-01,2026-08-17,marginal_contribution_days,80,FAS,0.0
8_overbought_panel,S1_eleven,QQQE|VTV|VOX|TECL|VOOG|VOOV|TQQQ|XLP|XLY|FAS|SPY,11,28,3594,2012-05-01,2026-08-17,disjunction_rate_without_name,80,FAS,0.0019476905954368391
8_overbought_panel,S1_eleven,QQQE|VTV|VOX|TECL|VOOG|VOOV|TQQQ|XLP|XLY|FAS|SPY,11,28,3594,2012-05-01,2026-08-17,individual_firing_rate,80,SPY,0.0002782415136338342
8_overbought_panel,S1_eleven,QQQE|VTV|VOX|TECL|VOOG|VOOV|TQQQ|XLP|XLY|FAS|SPY,11,28,3594,2012-05-01,2026-08-17,marginal_contribution,80,SPY,0.0
8_overbought_panel,S1_eleven,QQQE|VTV|VOX|TECL|VOOG|VOOV|TQQQ|XLP|XLY|FAS|SPY,11,28,3594,2012-05-01,2026-08-17,marginal_contribution_days,80,SPY,0.0
8_overbought_panel,S1_eleven,QQQE|VTV|VOX|TECL|VOOG|VOOV|TQQQ|XLP|XLY|FAS|SPY,11,28,3594,2012-05-01,2026-08-17,disjunction_rate_without_name,80,SPY,0.0019476905954368391
8_overbought_panel,T11_five,SPY|IOO|TQQQ|VTV|XLF,5,7,4146,2010-02-23,2026-08-17,pairwise_rsi_correlation,SPY,IOO,0.9293223457712488
8_overbought_panel,T11_five,SPY|IOO|TQQQ|VTV|XLF,5,7,4146,2010-02-23,2026-08-17,pairwise_rsi_correlation,SPY,TQQQ,0.8921302826084517
8_overbought_panel,T11_five,SPY|IOO|TQQQ|VTV|XLF,5,7,4146,2010-02-23,2026-08-17,pairwise_rsi_correlation,SPY,VTV,0.8851781973708006
8_overbought_panel,T11_five,SPY|IOO|TQQQ|VTV|XLF,5,7,4146,2010-02-23,2026-08-17,pairwise_rsi_correlation,SPY,XLF,0.7838393189436069
8_overbought_panel,T11_five,SPY|IOO|TQQQ|VTV|XLF,5,7,4146,2010-02-23,2026-08-17,pairwise_rsi_correlation,IOO,TQQQ,0.8464471166517712
8_overbought_panel,T11_five,SPY|IOO|TQQQ|VTV|XLF,5,7,4146,2010-02-23,2026-08-17,pairwise_rsi_correlation,IOO,VTV,0.7988308206520405
8_overbought_panel,T11_five,SPY|IOO|TQQQ|VTV|XLF,5,7,4146,2010-02-23,2026-08-17,pairwise_rsi_correlation,IOO,XLF,0.6962469844245359
8_overbought_panel,T11_five,SPY|IOO|TQQQ|VTV|XLF,5,7,4146,2010-02-23,2026-08-17,pairwise_rsi_correlation,TQQQ,VTV,0.6569950856745183
8_overbought_panel,T11_five,SPY|IOO|TQQQ|VTV|XLF,5,7,4146,2010-02-23,2026-08-17,pairwise_rsi_correlation,TQQQ,XLF,0.5768908541072674
8_overbought_panel,T11_five,SPY|IOO|TQQQ|VTV|XLF,5,7,4146,2010-02-23,2026-08-17,pairwise_rsi_correlation,VTV,XLF,0.8814968348386084
8_overbought_panel,T11_five,SPY|IOO|TQQQ|VTV|XLF,5,7,4146,2010-02-23,2026-08-17,effective_independent_signals,,,1.3984720714819787
8_overbought_panel,T11_five,SPY|IOO|TQQQ|VTV|XLF,5,7,4146,2010-02-23,2026-08-17,mean_pairwise_rsi_correlation,,,0.794737784104285
8_overbought_panel,T11_five,SPY|IOO|TQQQ|VTV|XLF,5,7,4146,2010-02-23,2026-08-17,disjunction_firing_rate,70,,0.4037626628075253
8_overbought_panel,T11_five,SPY|IOO|TQQQ|VTV|XLF,5,7,4146,2010-02-23,2026-08-17,disjunction_firing_days,70,,1674.0
8_overbought_panel,T11_five,SPY|IOO|TQQQ|VTV|XLF,5,7,4146,2010-02-23,2026-08-17,mean_names_firing_given_fire,70,,2.692353643966547
8_overbought_panel,T11_five,SPY|IOO|TQQQ|VTV|XLF,5,7,4146,2010-02-23,2026-08-17,individual_firing_rate,70,SPY,0.24143753014954172
8_overbought_panel,T11_five,SPY|IOO|TQQQ|VTV|XLF,5,7,4146,2010-02-23,2026-08-17,marginal_contribution,70,SPY,0.013142174432497013
8_overbought_panel,T11_five,SPY|IOO|TQQQ|VTV|XLF,5,7,4146,2010-02-23,2026-08-17,marginal_contribution_days,70,SPY,22.0
8_overbought_panel,T11_five,SPY|IOO|TQQQ|VTV|XLF,5,7,4146,2010-02-23,2026-08-17,disjunction_rate_without_name,70,SPY,0.39845634346357933
8_overbought_panel,T11_five,SPY|IOO|TQQQ|VTV|XLF,5,7,4146,2010-02-23,2026-08-17,individual_firing_rate,70,IOO,0.2098408104196816
8_overbought_panel,T11_five,SPY|IOO|TQQQ|VTV|XLF,5,7,4146,2010-02-23,2026-08-17,marginal_contribution,70,IOO,0.04778972520908005
8_overbought_panel,T11_five,SPY|IOO|TQQQ|VTV|XLF,5,7,4146,2010-02-23,2026-08-17,marginal_contribution_days,70,IOO,80.0
8_overbought_panel,T11_five,SPY|IOO|TQQQ|VTV|XLF,5,7,4146,2010-02-23,2026-08-17,disjunction_rate_without_name,70,IOO,0.3844669561022672
8_overbought_panel,T11_five,SPY|IOO|TQQQ|VTV|XLF,5,7,4146,2010-02-23,2026-08-17,individual_firing_rate,70,TQQQ,0.23396044380125422
8_overbought_panel,T11_five,SPY|IOO|TQQQ|VTV|XLF,5,7,4146,2010-02-23,2026-08-17,marginal_contribution,70,TQQQ,0.11469534050179211
8_overbought_panel,T11_five,SPY|IOO|TQQQ|VTV|XLF,5,7,4146,2010-02-23,2026-08-17,marginal_contribution_days,70,TQQQ,192.0
8_overbought_panel,T11_five,SPY|IOO|TQQQ|VTV|XLF,5,7,4146,2010-02-23,2026-08-17,disjunction_rate_without_name,70,TQQQ,0.35745296671490595
8_overbought_panel,T11_five,SPY|IOO|TQQQ|VTV|XLF,5,7,4146,2010-02-23,2026-08-17,individual_firing_rate,70,VTV,0.21587071876507477
8_overbought_panel,T11_five,SPY|IOO|TQQQ|VTV|XLF,5,7,4146,2010-02-23,2026-08-17,marginal_contribution,70,VTV,0.038231780167264036
8_overbought_panel,T11_five,SPY|IOO|TQQQ|VTV|XLF,5,7,4146,2010-02-23,2026-08-17,marginal_contribution_days,70,VTV,64.0
8_overbought_panel,T11_five,SPY|IOO|TQQQ|VTV|XLF,5,7,4146,2010-02-23,2026-08-17,disjunction_rate_without_name,70,VTV,0.38832609744331886
8_overbought_panel,T11_five,SPY|IOO|TQQQ|VTV|XLF,5,7,4146,2010-02-23,2026-08-17,individual_firing_rate,70,XLF,0.18596237337192476
8_overbought_panel,T11_five,SPY|IOO|TQQQ|VTV|XLF,5,7,4146,2010-02-23,2026-08-17,marginal_contribution,70,XLF,0.05973715651135006
8_overbought_panel,T11_five,SPY|IOO|TQQQ|VTV|XLF,5,7,4146,2010-02-23,2026-08-17,marginal_contribution_days,70,XLF,100.0
8_overbought_panel,T11_five,SPY|IOO|TQQQ|VTV|XLF,5,7,4146,2010-02-23,2026-08-17,disjunction_rate_without_name,70,XLF,0.37964302942595274
8_overbought_panel,T11_five,SPY|IOO|TQQQ|VTV|XLF,5,7,4146,2010-02-23,2026-08-17,disjunction_firing_rate,75,,0.2691751085383502
8_overbought_panel,T11_five,SPY|IOO|TQQQ|VTV|XLF,5,7,4146,2010-02-23,2026-08-17,disjunction_firing_days,75,,1116.0
8_overbought_panel,T11_five,SPY|IOO|TQQQ|VTV|XLF,5,7,4146,2010-02-23,2026-08-17,mean_names_firing_given_fire,75,,2.260752688172043
8_overbought_panel,T11_five,SPY|IOO|TQQQ|VTV|XLF,5,7,4146,2010-02-23,2026-08-17,individual_firing_rate,75,SPY,0.13241678726483358
8_overbought_panel,T11_five,SPY|IOO|TQQQ|VTV|XLF,5,7,4146,2010-02-23,2026-08-17,marginal_contribution,75,SPY,0.01881720430107527
8_overbought_panel,T11_five,SPY|IOO|TQQQ|VTV|XLF,5,7,4146,2010-02-23,2026-08-17,marginal_contribution_days,75,SPY,21.0
8_overbought_panel,T11_five,SPY|IOO|TQQQ|VTV|XLF,5,7,4146,2010-02-23,2026-08-17,disjunction_rate_without_name,75,SPY,0.26410998552821996
8_overbought_panel,T11_five,SPY|IOO|TQQQ|VTV|XLF,5,7,4146,2010-02-23,2026-08-17,individual_firing_rate,75,IOO,0.10829715388326097
8_overbought_panel,T11_five,SPY|IOO|TQQQ|VTV|XLF,5,7,4146,2010-02-23,2026-08-17,marginal_contribution,75,IOO,0.06093189964157706
8_overbought_panel,T11_five,SPY|IOO|TQQQ|VTV|XLF,5,7,4146,2010-02-23,2026-08-17,marginal_contribution_days,75,IOO,68.0
8_overbought_panel,T11_five,SPY|IOO|TQQQ|VTV|XLF,5,7,4146,2010-02-23,2026-08-17,disjunction_rate_without_name,75,IOO,0.25277375783888084
8_overbought_panel,T11_five,SPY|IOO|TQQQ|VTV|XLF,5,7,4146,2010-02-23,2026-08-17,individual_firing_rate,75,TQQQ,0.14881813796430293
8_overbought_panel,T11_five,SPY|IOO|TQQQ|VTV|XLF,5,7,4146,2010-02-23,2026-08-17,marginal_contribution,75,TQQQ,0.18369175627240145
8_overbought_panel,T11_five,SPY|IOO|TQQQ|VTV|XLF,5,7,4146,2010-02-23,2026-08-17,marginal_contribution_days,75,TQQQ,205.0
8_overbought_panel,T11_five,SPY|IOO|TQQQ|VTV|XLF,5,7,4146,2010-02-23,2026-08-17,disjunction_rate_without_name,75,TQQQ,0.21972986010612638
8_overbought_panel,T11_five,SPY|IOO|TQQQ|VTV|XLF,5,7,4146,2010-02-23,2026-08-17,individual_firing_rate,75,VTV,0.11601543656536421
8_overbought_panel,T11_five,SPY|IOO|TQQQ|VTV|XLF,5,7,4146,2010-02-23,2026-08-17,marginal_contribution,75,VTV,0.044802867383512544
8_overbought_panel,T11_five,SPY|IOO|TQQQ|VTV|XLF,5,7,4146,2010-02-23,2026-08-17,marginal_contribution_days,75,VTV,50.0
8_overbought_panel,T11_five,SPY|IOO|TQQQ|VTV|XLF,5,7,4146,2010-02-23,2026-08-17,disjunction_rate_without_name,75,VTV,0.25711529184756393
8_overbought_panel,T11_five,SPY|IOO|TQQQ|VTV|XLF,5,7,4146,2010-02-23,2026-08-17,individual_firing_rate,75,XLF,0.102990834539315
8_overbought_panel,T11_five,SPY|IOO|TQQQ|VTV|XLF,5,7,4146,2010-02-23,2026-08-17,marginal_contribution,75,XLF,0.07706093189964158
8_overbought_panel,T11_five,SPY|IOO|TQQQ|VTV|XLF,5,7,4146,2010-02-23,2026-08-17,marginal_contribution_days,75,XLF,86.0
8_overbought_panel,T11_five,SPY|IOO|TQQQ|VTV|XLF,5,7,4146,2010-02-23,2026-08-17,disjunction_rate_without_name,75,XLF,0.24843222383019778
8_overbought_panel,T11_five,SPY|IOO|TQQQ|VTV|XLF,5,7,4146,2010-02-23,2026-08-17,disjunction_firing_rate,80,,0.14399421128798842
8_overbought_panel,T11_five,SPY|IOO|TQQQ|VTV|XLF,5,7,4146,2010-02-23,2026-08-17,disjunction_firing_days,80,,597.0
8_overbought_panel,T11_five,SPY|IOO|TQQQ|VTV|XLF,5,7,4146,2010-02-23,2026-08-17,mean_names_firing_given_fire,80,,1.9262981574539364
8_overbought_panel,T11_five,SPY|IOO|TQQQ|VTV|XLF,5,7,4146,2010-02-23,2026-08-17,individual_firing_rate,80,SPY,0.060540279787747224
8_overbought_panel,T11_five,SPY|IOO|TQQQ|VTV|XLF,5,7,4146,2010-02-23,2026-08-17,marginal_contribution,80,SPY,0.02847571189279732
8_overbought_panel,T11_five,SPY|IOO|TQQQ|VTV|XLF,5,7,4146,2010-02-23,2026-08-17,marginal_contribution_days,80,SPY,17.0
8_overbought_panel,T11_five,SPY|IOO|TQQQ|VTV|XLF,5,7,4146,2010-02-23,2026-08-17,disjunction_rate_without_name,80,SPY,0.13989387361312108
8_overbought_panel,T11_five,SPY|IOO|TQQQ|VTV|XLF,5,7,4146,2010-02-23,2026-08-17,individual_firing_rate,80,IOO,0.041726965750120595
8_overbought_panel,T11_five,SPY|IOO|TQQQ|VTV|XLF,5,7,4146,2010-02-23,2026-08-17,marginal_contribution,80,IOO,0.05025125628140704
8_overbought_panel,T11_five,SPY|IOO|TQQQ|VTV|XLF,5,7,4146,2010-02-23,2026-08-17,marginal_contribution_days,80,IOO,30.0
8_overbought_panel,T11_five,SPY|IOO|TQQQ|VTV|XLF,5,7,4146,2010-02-23,2026-08-17,disjunction_rate_without_name,80,IOO,0.13675832127351664
8_overbought_panel,T11_five,SPY|IOO|TQQQ|VTV|XLF,5,7,4146,2010-02-23,2026-08-17,individual_firing_rate,80,TQQQ,0.07935359382537385
8_overbought_panel,T11_five,SPY|IOO|TQQQ|VTV|XLF,5,7,4146,2010-02-23,2026-08-17,marginal_contribution,80,TQQQ,0.25795644891122277
8_overbought_panel,T11_five,SPY|IOO|TQQQ|VTV|XLF,5,7,4146,2010-02-23,2026-08-17,marginal_contribution_days,80,TQQQ,154.0
8_overbought_panel,T11_five,SPY|IOO|TQQQ|VTV|XLF,5,7,4146,2010-02-23,2026-08-17,disjunction_rate_without_name,80,TQQQ,0.10684997588036661
8_overbought_panel,T11_five,SPY|IOO|TQQQ|VTV|XLF,5,7,4146,2010-02-23,2026-08-17,individual_firing_rate,80,VTV,0.048962855764592375
8_overbought_panel,T11_five,SPY|IOO|TQQQ|VTV|XLF,5,7,4146,2010-02-23,2026-08-17,marginal_contribution,80,VTV,0.05862646566164154
8_overbought_panel,T11_five,SPY|IOO|TQQQ|VTV|XLF,5,7,4146,2010-02-23,2026-08-17,marginal_contribution_days,80,VTV,35.0
8_overbought_panel,T11_five,SPY|IOO|TQQQ|VTV|XLF,5,7,4146,2010-02-23,2026-08-17,disjunction_rate_without_name,80,VTV,0.13555233960443802
8_overbought_panel,T11_five,SPY|IOO|TQQQ|VTV|XLF,5,7,4146,2010-02-23,2026-08-17,individual_firing_rate,80,XLF,0.046792088760250844
8_overbought_panel,T11_five,SPY|IOO|TQQQ|VTV|XLF,5,7,4146,2010-02-23,2026-08-17,marginal_contribution,80,XLF,0.09882747068676717
8_overbought_panel,T11_five,SPY|IOO|TQQQ|VTV|XLF,5,7,4146,2010-02-23,2026-08-17,marginal_contribution_days,80,XLF,59.0
8_overbought_panel,T11_five,SPY|IOO|TQQQ|VTV|XLF,5,7,4146,2010-02-23,2026-08-17,disjunction_rate_without_name,80,XLF,0.1297636275928606
8_overbought_panel,T11_five,SPY|IOO|TQQQ|VTV|XLF,5,14,4139,2010-03-04,2026-08-17,pairwise_rsi_correlation,SPY,IOO,0.9302203969719565
8_overbought_panel,T11_five,SPY|IOO|TQQQ|VTV|XLF,5,14,4139,2010-03-04,2026-08-17,pairwise_rsi_correlation,SPY,TQQQ,0.8901272553821251
8_overbought_panel,T11_five,SPY|IOO|TQQQ|VTV|XLF,5,14,4139,2010-03-04,2026-08-17,pairwise_rsi_correlation,SPY,VTV,0.889102784356995
8_overbought_panel,T11_five,SPY|IOO|TQQQ|VTV|XLF,5,14,4139,2010-03-04,2026-08-17,pairwise_rsi_correlation,SPY,XLF,0.7948670512542358
8_overbought_panel,T11_five,SPY|IOO|TQQQ|VTV|XLF,5,14,4139,2010-03-04,2026-08-17,pairwise_rsi_correlation,IOO,TQQQ,0.8413692802867558
8_overbought_panel,T11_five,SPY|IOO|TQQQ|VTV|XLF,5,14,4139,2010-03-04,2026-08-17,pairwise_rsi_correlation,IOO,VTV,0.8005737697991973
8_overbought_panel,T11_five,SPY|IOO|TQQQ|VTV|XLF,5,14,4139,2010-03-04,2026-08-17,pairwise_rsi_correlation,IOO,XLF,0.6977409486294843
8_overbought_panel,T11_five,SPY|IOO|TQQQ|VTV|XLF,5,14,4139,2010-03-04,2026-08-17,pairwise_rsi_correlation,TQQQ,VTV,0.6577673969510028
8_overbought_panel,T11_five,SPY|IOO|TQQQ|VTV|XLF,5,14,4139,2010-03-04,2026-08-17,pairwise_rsi_correlation,TQQQ,XLF,0.5861682739442511
8_overbought_panel,T11_five,SPY|IOO|TQQQ|VTV|XLF,5,14,4139,2010-03-04,2026-08-17,pairwise_rsi_correlation,VTV,XLF,0.8821630724028056
8_overbought_panel,T11_five,SPY|IOO|TQQQ|VTV|XLF,5,14,4139,2010-03-04,2026-08-17,effective_independent_signals,,,1.3935215978189777
8_overbought_panel,T11_five,SPY|IOO|TQQQ|VTV|XLF,5,14,4139,2010-03-04,2026-08-17,mean_pairwise_rsi_correlation,,,0.7970100229978809
8_overbought_panel,T11_five,SPY|IOO|TQQQ|VTV|XLF,5,14,4139,2010-03-04,2026-08-17,disjunction_firing_rate,70,,0.21357815897559798
8_overbought_panel,T11_five,SPY|IOO|TQQQ|VTV|XLF,5,14,4139,2010-03-04,2026-08-17,disjunction_firing_days,70,,884.0
8_overbought_panel,T11_five,SPY|IOO|TQQQ|VTV|XLF,5,14,4139,2010-03-04,2026-08-17,mean_names_firing_given_fire,70,,2.07579185520362
8_overbought_panel,T11_five,SPY|IOO|TQQQ|VTV|XLF,5,14,4139,2010-03-04,2026-08-17,individual_firing_rate,70,SPY,0.09833293065957961
8_overbought_panel,T11_five,SPY|IOO|TQQQ|VTV|XLF,5,14,4139,2010-03-04,2026-08-17,marginal_contribution,70,SPY,0.019230769230769232
8_overbought_panel,T11_five,SPY|IOO|TQQQ|VTV|XLF,5,14,4139,2010-03-04,2026-08-17,marginal_contribution_days,70,SPY,17.0
8_overbought_panel,T11_five,SPY|IOO|TQQQ|VTV|XLF,5,14,4139,2010-03-04,2026-08-17,disjunction_rate_without_name,70,SPY,0.2094708866876057
8_overbought_panel,T11_five,SPY|IOO|TQQQ|VTV|XLF,5,14,4139,2010-03-04,2026-08-17,individual_firing_rate,70,IOO,0.07223967141821697
8_overbought_panel,T11_five,SPY|IOO|TQQQ|VTV|XLF,5,14,4139,2010-03-04,2026-08-17,marginal_contribution,70,IOO,0.048642533936651584
8_overbought_panel,T11_five,SPY|IOO|TQQQ|VTV|XLF,5,14,4139,2010-03-04,2026-08-17,marginal_contribution_days,70,IOO,43.0
8_overbought_panel,T11_five,SPY|IOO|TQQQ|VTV|XLF,5,14,4139,2010-03-04,2026-08-17,disjunction_rate_without_name,70,IOO,0.20318917612949988
8_overbought_panel,T11_five,SPY|IOO|TQQQ|VTV|XLF,5,14,4139,2010-03-04,2026-08-17,individual_firing_rate,70,TQQQ,0.12273496013529839
8_overbought_panel,T11_five,SPY|IOO|TQQQ|VTV|XLF,5,14,4139,2010-03-04,2026-08-17,marginal_contribution,70,TQQQ,0.2420814479638009
8_overbought_panel,T11_five,SPY|IOO|TQQQ|VTV|XLF,5,14,4139,2010-03-04,2026-08-17,marginal_contribution_days,70,TQQQ,214.0
8_overbought_panel,T11_five,SPY|IOO|TQQQ|VTV|XLF,5,14,4139,2010-03-04,2026-08-17,disjunction_rate_without_name,70,TQQQ,0.16187484899734236
8_overbought_panel,T11_five,SPY|IOO|TQQQ|VTV|XLF,5,14,4139,2010-03-04,2026-08-17,individual_firing_rate,70,VTV,0.08117902875090602
8_overbought_panel,T11_five,SPY|IOO|TQQQ|VTV|XLF,5,14,4139,2010-03-04,2026-08-17,marginal_contribution,70,VTV,0.05203619909502263
8_overbought_panel,T11_five,SPY|IOO|TQQQ|VTV|XLF,5,14,4139,2010-03-04,2026-08-17,marginal_contribution_days,70,VTV,46.0
8_overbought_panel,T11_five,SPY|IOO|TQQQ|VTV|XLF,5,14,4139,2010-03-04,2026-08-17,disjunction_rate_without_name,70,VTV,0.20246436337279536
8_overbought_panel,T11_five,SPY|IOO|TQQQ|VTV|XLF,5,14,4139,2010-03-04,2026-08-17,individual_firing_rate,70,XLF,0.06885721188692921
8_overbought_panel,T11_five,SPY|IOO|TQQQ|VTV|XLF,5,14,4139,2010-03-04,2026-08-17,marginal_contribution,70,XLF,0.07013574660633484
8_overbought_panel,T11_five,SPY|IOO|TQQQ|VTV|XLF,5,14,4139,2010-03-04,2026-08-17,marginal_contribution_days,70,XLF,62.0
8_overbought_panel,T11_five,SPY|IOO|TQQQ|VTV|XLF,5,14,4139,2010-03-04,2026-08-17,disjunction_rate_without_name,70,XLF,0.19859869533703794
8_overbought_panel,T11_five,SPY|IOO|TQQQ|VTV|XLF,5,14,4139,2010-03-04,2026-08-17,disjunction_firing_rate,75,,0.0748973181928002
8_overbought_panel,T11_five,SPY|IOO|TQQQ|VTV|XLF,5,14,4139,2010-03-04,2026-08-17,disjunction_firing_days,75,,310.0
8_overbought_panel,T11_five,SPY|IOO|TQQQ|VTV|XLF,5,14,4139,2010-03-04,2026-08-17,mean_names_firing_given_fire,75,,1.770967741935484
8_overbought_panel,T11_five,SPY|IOO|TQQQ|VTV|XLF,5,14,4139,2010-03-04,2026-08-17,individual_firing_rate,75,SPY,0.028026093259241363
8_overbought_panel,T11_five,SPY|IOO|TQQQ|VTV|XLF,5,14,4139,2010-03-04,2026-08-17,marginal_contribution,75,SPY,0.02258064516129032
8_overbought_panel,T11_five,SPY|IOO|TQQQ|VTV|XLF,5,14,4139,2010-03-04,2026-08-17,marginal_contribution_days,75,SPY,7.0
8_overbought_panel,T11_five,SPY|IOO|TQQQ|VTV|XLF,5,14,4139,2010-03-04,2026-08-17,disjunction_rate_without_name,75,SPY,0.07320608842715631
8_overbought_panel,T11_five,SPY|IOO|TQQQ|VTV|XLF,5,14,4139,2010-03-04,2026-08-17,individual_firing_rate,75,IOO,0.01449625513409036
8_overbought_panel,T11_five,SPY|IOO|TQQQ|VTV|XLF,5,14,4139,2010-03-04,2026-08-17,marginal_contribution,75,IOO,0.025806451612903226
8_overbought_panel,T11_five,SPY|IOO|TQQQ|VTV|XLF,5,14,4139,2010-03-04,2026-08-17,marginal_contribution_days,75,IOO,8.0
8_overbought_panel,T11_five,SPY|IOO|TQQQ|VTV|XLF,5,14,4139,2010-03-04,2026-08-17,disjunction_rate_without_name,75,IOO,0.07296448417492148
8_overbought_panel,T11_five,SPY|IOO|TQQQ|VTV|XLF,5,14,4139,2010-03-04,2026-08-17,individual_firing_rate,75,TQQQ,0.04711282918579367
8_overbought_panel,T11_five,SPY|IOO|TQQQ|VTV|XLF,5,14,4139,2010-03-04,2026-08-17,marginal_contribution,75,TQQQ,0.3548387096774194
8_overbought_panel,T11_five,SPY|IOO|TQQQ|VTV|XLF,5,14,4139,2010-03-04,2026-08-17,marginal_contribution_days,75,TQQQ,110.0
8_overbought_panel,T11_five,SPY|IOO|TQQQ|VTV|XLF,5,14,4139,2010-03-04,2026-08-17,disjunction_rate_without_name,75,TQQQ,0.048320850446967864
8_overbought_panel,T11_five,SPY|IOO|TQQQ|VTV|XLF,5,14,4139,2010-03-04,2026-08-17,individual_firing_rate,75,VTV,0.021985986953370378
8_overbought_panel,T11_five,SPY|IOO|TQQQ|VTV|XLF,5,14,4139,2010-03-04,2026-08-17,marginal_contribution,75,VTV,0.041935483870967745
8_overbought_panel,T11_five,SPY|IOO|TQQQ|VTV|XLF,5,14,4139,2010-03-04,2026-08-17,marginal_contribution_days,75,VTV,13.0
8_overbought_panel,T11_five,SPY|IOO|TQQQ|VTV|XLF,5,14,4139,2010-03-04,2026-08-17,disjunction_rate_without_name,75,VTV,0.07175646291374728
8_overbought_panel,T11_five,SPY|IOO|TQQQ|VTV|XLF,5,14,4139,2010-03-04,2026-08-17,individual_firing_rate,75,XLF,0.02101956994443102
8_overbought_panel,T11_five,SPY|IOO|TQQQ|VTV|XLF,5,14,4139,2010-03-04,2026-08-17,marginal_contribution,75,XLF,0.1032258064516129
8_overbought_panel,T11_five,SPY|IOO|TQQQ|VTV|XLF,5,14,4139,2010-03-04,2026-08-17,marginal_contribution_days,75,XLF,32.0
8_overbought_panel,T11_five,SPY|IOO|TQQQ|VTV|XLF,5,14,4139,2010-03-04,2026-08-17,disjunction_rate_without_name,75,XLF,0.06716598212128533
8_overbought_panel,T11_five,SPY|IOO|TQQQ|VTV|XLF,5,14,4139,2010-03-04,2026-08-17,disjunction_firing_rate,80,,0.020536361439961345
8_overbought_panel,T11_five,SPY|IOO|TQQQ|VTV|XLF,5,14,4139,2010-03-04,2026-08-17,disjunction_firing_days,80,,85.0
8_overbought_panel,T11_five,SPY|IOO|TQQQ|VTV|XLF,5,14,4139,2010-03-04,2026-08-17,mean_names_firing_given_fire,80,,1.5294117647058822
8_overbought_panel,T11_five,SPY|IOO|TQQQ|VTV|XLF,5,14,4139,2010-03-04,2026-08-17,individual_firing_rate,80,SPY,0.005073689296931626
8_overbought_panel,T11_five,SPY|IOO|TQQQ|VTV|XLF,5,14,4139,2010-03-04,2026-08-17,marginal_contribution,80,SPY,0.023529411764705882
8_overbought_panel,T11_five,SPY|IOO|TQQQ|VTV|XLF,5,14,4139,2010-03-04,2026-08-17,marginal_contribution_days,80,SPY,2.0
8_overbought_panel,T11_five,SPY|IOO|TQQQ|VTV|XLF,5,14,4139,2010-03-04,2026-08-17,disjunction_rate_without_name,80,SPY,0.020053152935491664
8_overbought_panel,T11_five,SPY|IOO|TQQQ|VTV|XLF,5,14,4139,2010-03-04,2026-08-17,individual_firing_rate,80,IOO,0.0033824595312877508
8_overbought_panel,T11_five,SPY|IOO|TQQQ|VTV|XLF,5,14,4139,2010-03-04,2026-08-17,marginal_contribution,80,IOO,0.023529411764705882
8_overbought_panel,T11_five,SPY|IOO|TQQQ|VTV|XLF,5,14,4139,2010-03-04,2026-08-17,marginal_contribution_days,80,IOO,2.0
8_overbought_panel,T11_five,SPY|IOO|TQQQ|VTV|XLF,5,14,4139,2010-03-04,2026-08-17,disjunction_rate_without_name,80,IOO,0.020053152935491664
8_overbought_panel,T11_five,SPY|IOO|TQQQ|VTV|XLF,5,14,4139,2010-03-04,2026-08-17,individual_firing_rate,80,TQQQ,0.013046629620681325
8_overbought_panel,T11_five,SPY|IOO|TQQQ|VTV|XLF,5,14,4139,2010-03-04,2026-08-17,marginal_contribution,80,TQQQ,0.4823529411764706
8_overbought_panel,T11_five,SPY|IOO|TQQQ|VTV|XLF,5,14,4139,2010-03-04,2026-08-17,marginal_contribution_days,80,TQQQ,41.0
8_overbought_panel,T11_five,SPY|IOO|TQQQ|VTV|XLF,5,14,4139,2010-03-04,2026-08-17,disjunction_rate_without_name,80,TQQQ,0.01063058709833293
8_overbought_panel,T11_five,SPY|IOO|TQQQ|VTV|XLF,5,14,4139,2010-03-04,2026-08-17,individual_firing_rate,80,VTV,0.005073689296931626
8_overbought_panel,T11_five,SPY|IOO|TQQQ|VTV|XLF,5,14,4139,2010-03-04,2026-08-17,marginal_contribution,80,VTV,0.047058823529411764
8_overbought_panel,T11_five,SPY|IOO|TQQQ|VTV|XLF,5,14,4139,2010-03-04,2026-08-17,marginal_contribution_days,80,VTV,4.0
8_overbought_panel,T11_five,SPY|IOO|TQQQ|VTV|XLF,5,14,4139,2010-03-04,2026-08-17,disjunction_rate_without_name,80,VTV,0.019569944431021984
8_overbought_panel,T11_five,SPY|IOO|TQQQ|VTV|XLF,5,14,4139,2010-03-04,2026-08-17,individual_firing_rate,80,XLF,0.004832085044696787
8_overbought_panel,T11_five,SPY|IOO|TQQQ|VTV|XLF,5,14,4139,2010-03-04,2026-08-17,marginal_contribution,80,XLF,0.09411764705882353
8_overbought_panel,T11_five,SPY|IOO|TQQQ|VTV|XLF,5,14,4139,2010-03-04,2026-08-17,marginal_contribution_days,80,XLF,8.0
8_overbought_panel,T11_five,SPY|IOO|TQQQ|VTV|XLF,5,14,4139,2010-03-04,2026-08-17,disjunction_rate_without_name,80,XLF,0.018603527422082627
8_overbought_panel,T11_five,SPY|IOO|TQQQ|VTV|XLF,5,28,4125,2010-03-24,2026-08-17,pairwise_rsi_correlation,SPY,IOO,0.9298179037303683
8_overbought_panel,T11_five,SPY|IOO|TQQQ|VTV|XLF,5,28,4125,2010-03-24,2026-08-17,pairwise_rsi_correlation,SPY,TQQQ,0.8791811691216626
8_overbought_panel,T11_five,SPY|IOO|TQQQ|VTV|XLF,5,28,4125,2010-03-24,2026-08-17,pairwise_rsi_correlation,SPY,VTV,0.8921073918718496
8_overbought_panel,T11_five,SPY|IOO|TQQQ|VTV|XLF,5,28,4125,2010-03-24,2026-08-17,pairwise_rsi_correlation,SPY,XLF,0.8017562248174016
8_overbought_panel,T11_five,SPY|IOO|TQQQ|VTV|XLF,5,28,4125,2010-03-24,2026-08-17,pairwise_rsi_correlation,IOO,TQQQ,0.8186432862538177
8_overbought_panel,T11_five,SPY|IOO|TQQQ|VTV|XLF,5,28,4125,2010-03-24,2026-08-17,pairwise_rsi_correlation,IOO,VTV,0.8029855053111098
8_overbought_panel,T11_five,SPY|IOO|TQQQ|VTV|XLF,5,28,4125,2010-03-24,2026-08-17,pairwise_rsi_correlation,IOO,XLF,0.6985404560831256
8_overbought_panel,T11_five,SPY|IOO|TQQQ|VTV|XLF,5,28,4125,2010-03-24,2026-08-17,pairwise_rsi_correlation,TQQQ,VTV,0.6509069364450383
8_overbought_panel,T11_five,SPY|IOO|TQQQ|VTV|XLF,5,28,4125,2010-03-24,2026-08-17,pairwise_rsi_correlation,TQQQ,XLF,0.5825839004334752
8_overbought_panel,T11_five,SPY|IOO|TQQQ|VTV|XLF,5,28,4125,2010-03-24,2026-08-17,pairwise_rsi_correlation,VTV,XLF,0.8762210062529009
8_overbought_panel,T11_five,SPY|IOO|TQQQ|VTV|XLF,5,28,4125,2010-03-24,2026-08-17,effective_independent_signals,,,1.4029246955602974
8_overbought_panel,T11_five,SPY|IOO|TQQQ|VTV|XLF,5,28,4125,2010-03-24,2026-08-17,mean_pairwise_rsi_correlation,,,0.7932743780320749
8_overbought_panel,T11_five,SPY|IOO|TQQQ|VTV|XLF,5,28,4125,2010-03-24,2026-08-17,disjunction_firing_rate,70,,0.056
8_overbought_panel,T11_five,SPY|IOO|TQQQ|VTV|XLF,5,28,4125,2010-03-24,2026-08-17,disjunction_firing_days,70,,231.0
8_overbought_panel,T11_five,SPY|IOO|TQQQ|VTV|XLF,5,28,4125,2010-03-24,2026-08-17,mean_names_firing_given_fire,70,,1.5238095238095237
8_overbought_panel,T11_five,SPY|IOO|TQQQ|VTV|XLF,5,28,4125,2010-03-24,2026-08-17,individual_firing_rate,70,SPY,0.014303030303030304
8_overbought_panel,T11_five,SPY|IOO|TQQQ|VTV|XLF,5,28,4125,2010-03-24,2026-08-17,marginal_contribution,70,SPY,0.017316017316017316
8_overbought_panel,T11_five,SPY|IOO|TQQQ|VTV|XLF,5,28,4125,2010-03-24,2026-08-17,marginal_contribution_days,70,SPY,4.0
8_overbought_panel,T11_five,SPY|IOO|TQQQ|VTV|XLF,5,28,4125,2010-03-24,2026-08-17,disjunction_rate_without_name,70,SPY,0.055030303030303034
8_overbought_panel,T11_five,SPY|IOO|TQQQ|VTV|XLF,5,28,4125,2010-03-24,2026-08-17,individual_firing_rate,70,IOO,0.00896969696969697
8_overbought_panel,T11_five,SPY|IOO|TQQQ|VTV|XLF,5,28,4125,2010-03-24,2026-08-17,marginal_contribution,70,IOO,0.04329004329004329
8_overbought_panel,T11_five,SPY|IOO|TQQQ|VTV|XLF,5,28,4125,2010-03-24,2026-08-17,marginal_contribution_days,70,IOO,10.0
8_overbought_panel,T11_five,SPY|IOO|TQQQ|VTV|XLF,5,28,4125,2010-03-24,2026-08-17,disjunction_rate_without_name,70,IOO,0.053575757575757575
8_overbought_panel,T11_five,SPY|IOO|TQQQ|VTV|XLF,5,28,4125,2010-03-24,2026-08-17,individual_firing_rate,70,TQQQ,0.034666666666666665
8_overbought_panel,T11_five,SPY|IOO|TQQQ|VTV|XLF,5,28,4125,2010-03-24,2026-08-17,marginal_contribution,70,TQQQ,0.4458874458874459
8_overbought_panel,T11_five,SPY|IOO|TQQQ|VTV|XLF,5,28,4125,2010-03-24,2026-08-17,marginal_contribution_days,70,TQQQ,103.0
8_overbought_panel,T11_five,SPY|IOO|TQQQ|VTV|XLF,5,28,4125,2010-03-24,2026-08-17,disjunction_rate_without_name,70,TQQQ,0.03103030303030303
8_overbought_panel,T11_five,SPY|IOO|TQQQ|VTV|XLF,5,28,4125,2010-03-24,2026-08-17,individual_firing_rate,70,VTV,0.013333333333333334
8_overbought_panel,T11_five,SPY|IOO|TQQQ|VTV|XLF,5,28,4125,2010-03-24,2026-08-17,marginal_contribution,70,VTV,0.047619047619047616
8_overbought_panel,T11_five,SPY|IOO|TQQQ|VTV|XLF,5,28,4125,2010-03-24,2026-08-17,marginal_contribution_days,70,VTV,11.0
8_overbought_panel,T11_five,SPY|IOO|TQQQ|VTV|XLF,5,28,4125,2010-03-24,2026-08-17,disjunction_rate_without_name,70,VTV,0.05333333333333334
8_overbought_panel,T11_five,SPY|IOO|TQQQ|VTV|XLF,5,28,4125,2010-03-24,2026-08-17,individual_firing_rate,70,XLF,0.01406060606060606
8_overbought_panel,T11_five,SPY|IOO|TQQQ|VTV|XLF,5,28,4125,2010-03-24,2026-08-17,marginal_contribution,70,XLF,0.13852813852813853
8_overbought_panel,T11_five,SPY|IOO|TQQQ|VTV|XLF,5,28,4125,2010-03-24,2026-08-17,marginal_contribution_days,70,XLF,32.0
8_overbought_panel,T11_five,SPY|IOO|TQQQ|VTV|XLF,5,28,4125,2010-03-24,2026-08-17,disjunction_rate_without_name,70,XLF,0.04824242424242424
8_overbought_panel,T11_five,SPY|IOO|TQQQ|VTV|XLF,5,28,4125,2010-03-24,2026-08-17,disjunction_firing_rate,75,,0.011393939393939394
8_overbought_panel,T11_five,SPY|IOO|TQQQ|VTV|XLF,5,28,4125,2010-03-24,2026-08-17,disjunction_firing_days,75,,47.0
8_overbought_panel,T11_five,SPY|IOO|TQQQ|VTV|XLF,5,28,4125,2010-03-24,2026-08-17,mean_names_firing_given_fire,75,,1.5106382978723405
8_overbought_panel,T11_five,SPY|IOO|TQQQ|VTV|XLF,5,28,4125,2010-03-24,2026-08-17,individual_firing_rate,75,SPY,0.0036363636363636364
8_overbought_panel,T11_five,SPY|IOO|TQQQ|VTV|XLF,5,28,4125,2010-03-24,2026-08-17,marginal_contribution,75,SPY,0.0425531914893617
8_overbought_panel,T11_five,SPY|IOO|TQQQ|VTV|XLF,5,28,4125,2010-03-24,2026-08-17,marginal_contribution_days,75,SPY,2.0
8_overbought_panel,T11_five,SPY|IOO|TQQQ|VTV|XLF,5,28,4125,2010-03-24,2026-08-17,disjunction_rate_without_name,75,SPY,0.01090909090909091
8_overbought_panel,T11_five,SPY|IOO|TQQQ|VTV|XLF,5,28,4125,2010-03-24,2026-08-17,individual_firing_rate,75,IOO,0.0014545454545454545
8_overbought_panel,T11_five,SPY|IOO|TQQQ|VTV|XLF,5,28,4125,2010-03-24,2026-08-17,marginal_contribution,75,IOO,0.0
8_overbought_panel,T11_five,SPY|IOO|TQQQ|VTV|XLF,5,28,4125,2010-03-24,2026-08-17,marginal_contribution_days,75,IOO,0.0
8_overbought_panel,T11_five,SPY|IOO|TQQQ|VTV|XLF,5,28,4125,2010-03-24,2026-08-17,disjunction_rate_without_name,75,IOO,0.011393939393939394
8_overbought_panel,T11_five,SPY|IOO|TQQQ|VTV|XLF,5,28,4125,2010-03-24,2026-08-17,individual_firing_rate,75,TQQQ,0.007272727272727273
8_overbought_panel,T11_five,SPY|IOO|TQQQ|VTV|XLF,5,28,4125,2010-03-24,2026-08-17,marginal_contribution,75,TQQQ,0.574468085106383
8_overbought_panel,T11_five,SPY|IOO|TQQQ|VTV|XLF,5,28,4125,2010-03-24,2026-08-17,marginal_contribution_days,75,TQQQ,27.0
8_overbought_panel,T11_five,SPY|IOO|TQQQ|VTV|XLF,5,28,4125,2010-03-24,2026-08-17,disjunction_rate_without_name,75,TQQQ,0.0048484848484848485
8_overbought_panel,T11_five,SPY|IOO|TQQQ|VTV|XLF,5,28,4125,2010-03-24,2026-08-17,individual_firing_rate,75,VTV,0.0031515151515151517
8_overbought_panel,T11_five,SPY|IOO|TQQQ|VTV|XLF,5,28,4125,2010-03-24,2026-08-17,marginal_contribution,75,VTV,0.0
8_overbought_panel,T11_five,SPY|IOO|TQQQ|VTV|XLF,5,28,4125,2010-03-24,2026-08-17,marginal_contribution_days,75,VTV,0.0
8_overbought_panel,T11_five,SPY|IOO|TQQQ|VTV|XLF,5,28,4125,2010-03-24,2026-08-17,disjunction_rate_without_name,75,VTV,0.011393939393939394
8_overbought_panel,T11_five,SPY|IOO|TQQQ|VTV|XLF,5,28,4125,2010-03-24,2026-08-17,individual_firing_rate,75,XLF,0.001696969696969697
8_overbought_panel,T11_five,SPY|IOO|TQQQ|VTV|XLF,5,28,4125,2010-03-24,2026-08-17,marginal_contribution,75,XLF,0.10638297872340426
8_overbought_panel,T11_five,SPY|IOO|TQQQ|VTV|XLF,5,28,4125,2010-03-24,2026-08-17,marginal_contribution_days,75,XLF,5.0
8_overbought_panel,T11_five,SPY|IOO|TQQQ|VTV|XLF,5,28,4125,2010-03-24,2026-08-17,disjunction_rate_without_name,75,XLF,0.010181818181818183
8_overbought_panel,T11_five,SPY|IOO|TQQQ|VTV|XLF,5,28,4125,2010-03-24,2026-08-17,disjunction_firing_rate,80,,0.0019393939393939393
8_overbought_panel,T11_five,SPY|IOO|TQQQ|VTV|XLF,5,28,4125,2010-03-24,2026-08-17,disjunction_firing_days,80,,8.0
8_overbought_panel,T11_five,SPY|IOO|TQQQ|VTV|XLF,5,28,4125,2010-03-24,2026-08-17,mean_names_firing_given_fire,80,,1.125
8_overbought_panel,T11_five,SPY|IOO|TQQQ|VTV|XLF,5,28,4125,2010-03-24,2026-08-17,individual_firing_rate,80,SPY,0.00024242424242424242
8_overbought_panel,T11_five,SPY|IOO|TQQQ|VTV|XLF,5,28,4125,2010-03-24,2026-08-17,marginal_contribution,80,SPY,0.0
8_overbought_panel,T11_five,SPY|IOO|TQQQ|VTV|XLF,5,28,4125,2010-03-24,2026-08-17,marginal_contribution_days,80,SPY,0.0
8_overbought_panel,T11_five,SPY|IOO|TQQQ|VTV|XLF,5,28,4125,2010-03-24,2026-08-17,disjunction_rate_without_name,80,SPY,0.0019393939393939393
8_overbought_panel,T11_five,SPY|IOO|TQQQ|VTV|XLF,5,28,4125,2010-03-24,2026-08-17,individual_firing_rate,80,IOO,0.0
8_overbought_panel,T11_five,SPY|IOO|TQQQ|VTV|XLF,5,28,4125,2010-03-24,2026-08-17,marginal_contribution,80,IOO,0.0
8_overbought_panel,T11_five,SPY|IOO|TQQQ|VTV|XLF,5,28,4125,2010-03-24,2026-08-17,marginal_contribution_days,80,IOO,0.0
8_overbought_panel,T11_five,SPY|IOO|TQQQ|VTV|XLF,5,28,4125,2010-03-24,2026-08-17,disjunction_rate_without_name,80,IOO,0.0019393939393939393
8_overbought_panel,T11_five,SPY|IOO|TQQQ|VTV|XLF,5,28,4125,2010-03-24,2026-08-17,individual_firing_rate,80,TQQQ,0.001696969696969697
8_overbought_panel,T11_five,SPY|IOO|TQQQ|VTV|XLF,5,28,4125,2010-03-24,2026-08-17,marginal_contribution,80,TQQQ,0.875
8_overbought_panel,T11_five,SPY|IOO|TQQQ|VTV|XLF,5,28,4125,2010-03-24,2026-08-17,marginal_contribution_days,80,TQQQ,7.0
8_overbought_panel,T11_five,SPY|IOO|TQQQ|VTV|XLF,5,28,4125,2010-03-24,2026-08-17,disjunction_rate_without_name,80,TQQQ,0.00024242424242424242
8_overbought_panel,T11_five,SPY|IOO|TQQQ|VTV|XLF,5,28,4125,2010-03-24,2026-08-17,individual_firing_rate,80,VTV,0.00024242424242424242
8_overbought_panel,T11_five,SPY|IOO|TQQQ|VTV|XLF,5,28,4125,2010-03-24,2026-08-17,marginal_contribution,80,VTV,0.0
8_overbought_panel,T11_five,SPY|IOO|TQQQ|VTV|XLF,5,28,4125,2010-03-24,2026-08-17,marginal_contribution_days,80,VTV,0.0
8_overbought_panel,T11_five,SPY|IOO|TQQQ|VTV|XLF,5,28,4125,2010-03-24,2026-08-17,disjunction_rate_without_name,80,VTV,0.0019393939393939393
8_overbought_panel,T11_five,SPY|IOO|TQQQ|VTV|XLF,5,28,4125,2010-03-24,2026-08-17,individual_firing_rate,80,XLF,0.0
8_overbought_panel,T11_five,SPY|IOO|TQQQ|VTV|XLF,5,28,4125,2010-03-24,2026-08-17,marginal_contribution,80,XLF,0.0
8_overbought_panel,T11_five,SPY|IOO|TQQQ|VTV|XLF,5,28,4125,2010-03-24,2026-08-17,marginal_contribution_days,80,XLF,0.0
8_overbought_panel,T11_five,SPY|IOO|TQQQ|VTV|XLF,5,28,4125,2010-03-24,2026-08-17,disjunction_rate_without_name,80,XLF,0.0019393939393939393
