pair,pair_type,inverse,underlying,comparison,rsi_period,window,n_sessions,first_date,last_date,mean_abs_diff,median_abs_diff,p95_abs_diff,p99_abs_diff,max_abs_diff,mean_signed_diff,sd_signed_diff,frac_fund_above_comparison,correlation,agree_70,n_disagree_70,n_fire_fund_70,n_fire_comparison_70,agree_80,n_disagree_80,n_fire_fund_80,n_fire_comparison_80,agree_30,n_disagree_30,n_fire_fund_30,n_fire_comparison_30,agree_20,n_disagree_20,n_fire_fund_20,n_fire_comparison_20,fund_ann_ret_sd,underlying_ann_ret_sd
PSQ/QQQ,fund_vs_underlying,PSQ,QQQ,100 - RSI(underlying),7,2006,127,2006-06-30,2006-12-29,2.800884299280693,2.365606737557428,7.059794859564372,10.753482373983433,12.212255658799272,2.7895389961510113,1.9975839296794962,0.9763779527559056,0.9924957070652742,0.968503937007874,4,10,6,0.9921259842519685,1,1,0,0.937007874015748,8,28,34,0.9212598425196851,10,1,11,0.14914036235369177,0.14788926300798913
PSQ/QQQ,fund_vs_underlying,PSQ,QQQ,100 - RSI(underlying),7,2007,251,2007-01-03,2007-12-31,2.0385692490294542,1.7890411509417703,4.9226458961714314,7.346402728542479,9.289829368363904,1.6288018104459658,2.018001553478779,0.7768924302788844,0.9916127514942498,0.9960159362549801,1,12,11,1.0,0,2,2,0.9482071713147411,13,40,49,0.9601593625498008,10,7,17,0.18917426359516676,0.1815918936008199
PSQ/QQQ,fund_vs_underlying,PSQ,QQQ,100 - RSI(underlying),7,2008,253,2008-01-02,2008-12-31,2.3035816378364933,1.9846210015262145,5.740441331526501,8.46836313626511,10.587458314396251,-1.1658456210220913,2.7448535023135894,0.3438735177865613,0.9843805293016022,0.9604743083003953,10,38,44,0.9920948616600791,2,13,13,0.9762845849802372,6,19,15,1.0,0,0,0,0.39693757267616303,0.3992775061228325
PSQ/QQQ,fund_vs_underlying,PSQ,QQQ,100 - RSI(underlying),7,2009,252,2009-01-02,2009-12-31,1.2927281534045147,1.0881113441057408,2.818377015296104,6.896733158228866,14.980015857821911,-1.132863808418045,1.5356921342277345,0.15079365079365079,0.9951408668528102,0.9920634920634921,2,8,10,1.0,0,0,0,0.9642857142857143,9,75,66,0.9801587301587301,5,18,15,0.25669061125282083,0.25562554670577575
PSQ/QQQ,fund_vs_underlying,PSQ,QQQ,100 - RSI(underlying),7,2010,252,2010-01-04,2010-12-31,0.9171922895984599,0.8431666654338805,2.0972341654356206,2.4683075063759556,6.189702371580651,-0.751971600342572,0.8930779912763079,0.19444444444444445,0.9989022394471611,0.9841269841269841,4,16,20,0.996031746031746,1,4,5,0.9841269841269841,4,79,75,0.9801587301587301,5,33,30,0.19269060660118062,0.19303017738889594
PSQ/QQQ,fund_vs_underlying,PSQ,QQQ,100 - RSI(underlying),7,2011,252,2011-01-03,2011-12-30,1.0300454923129454,1.0135787079982386,2.0253633472134682,2.8758051590858953,3.38190523419793,-0.972927448950171,0.7000377629863509,0.07936507936507936,0.9990646212657488,0.996031746031746,1,24,25,0.996031746031746,1,3,2,0.9920634920634921,2,41,39,1.0,0,9,9,0.236165974077256,0.23698740550786018
PSQ/QQQ,fund_vs_underlying,PSQ,QQQ,100 - RSI(underlying),7,2012,250,2012-01-03,2012-12-31,0.9258632319681412,0.8804389868864178,1.9131854203214214,2.415402045059346,3.138111068397947,-0.885806821313709,0.6200544807012237,0.076,0.9994790343556474,0.98,5,25,30,0.996,1,5,6,0.972,7,82,75,0.992,2,28,26,0.15260727973569627,0.15329411936433399
PSQ/QQQ,fund_vs_underlying,PSQ,QQQ,100 - RSI(underlying),7,2013,252,2013-01-02,2013-12-31,0.874036782829756,0.8015128067577209,1.969813783478258,2.5554118572500193,5.112300473136287,-0.6819930488751159,0.8273805889759355,0.1746031746031746,0.9983388668864271,0.9920634920634921,2,1,3,1.0,0,0,0,0.9563492063492064,11,83,72,0.9880952380952381,3,20,21,0.12190626746335868,0.12233511191172147
PSQ/QQQ,fund_vs_underlying,PSQ,QQQ,100 - RSI(underlying),7,2014,252,2014-01-02,2014-12-31,0.9121930529827555,0.8384517925257917,2.15489091178859,3.010474606542789,3.2505670599983887,-0.5698494558648961,0.9556701733457147,0.21428571428571427,0.9985824143932719,0.9920634920634921,2,10,12,1.0,0,1,1,0.9841269841269841,4,74,72,0.9920634920634921,2,30,30,0.13921570056251079,0.13827347859451597
PSQ/QQQ,fund_vs_underlying,PSQ,QQQ,100 - RSI(underlying),7,2015,252,2015-01-02,2015-12-31,0.8654011861081513,0.8766483201429587,1.8102729528360622,2.5483183009376003,3.0268494718671093,-0.8364591827390558,0.5636922370081661,0.07142857142857142,0.9993495512023355,0.9880952380952381,3,13,16,1.0,0,3,3,0.996031746031746,1,35,34,1.0,0,16,16,0.1780129562898053,0.1787236423818498
PSQ/QQQ,fund_vs_underlying,PSQ,QQQ,100 - RSI(underlying),7,2016,252,2016-01-04,2016-12-30,0.7456379330117107,0.690487068472251,1.5990586013046417,2.0664671592226096,5.00088130668005,-0.6400639725797571,0.66986762567698,0.1746031746031746,0.9992196478959777,0.996031746031746,1,28,29,1.0,0,7,7,0.9920634920634921,2,53,51,1.0,0,7,7,0.1612072471943587,0.16174498586559136
PSQ/QQQ,fund_vs_underlying,PSQ,QQQ,100 - RSI(underlying),7,2017,251,2017-01-03,2017-12-29,0.5781386228757122,0.5152564041744512,1.3306708405576124,1.9491294267849817,2.6264866808829623,-0.14762189073810825,0.7053750015012045,0.42231075697211157,0.9989854973515641,1.0,0,3,3,1.0,0,0,0,0.9880478087649402,3,102,103,0.9880478087649402,3,40,39,0.10166682991694957,0.1031570152561944
PSQ/QQQ,fund_vs_underlying,PSQ,QQQ,100 - RSI(underlying),7,2018,251,2018-01-02,2018-12-31,0.7558199005563832,0.7027357963278433,1.7608509839230493,2.0966543774190853,2.620951360554912,-0.08581522637887104,0.9254537136629382,0.450199203187251,0.9986456064277014,0.9920318725099602,2,19,21,0.9960159362549801,1,6,5,0.9960159362549801,1,45,46,0.9920318725099602,2,16,18,0.22672777502560135,0.228908569015905
PSQ/QQQ,fund_vs_underlying,PSQ,QQQ,100 - RSI(underlying),7,2019,252,2019-01-02,2019-12-31,0.6927432898569139,0.5586636439571357,1.728116759804225,2.540835899042376,3.6234412059601198,0.3506247704709579,0.8300057393905507,0.6507936507936508,0.9987455854459553,0.996031746031746,1,10,9,1.0,0,3,3,0.9841269841269841,4,81,83,0.9801587301587301,5,18,23,0.1630865318664044,0.16190944332984417
PSQ/QQQ,fund_vs_underlying,PSQ,QQQ,100 - RSI(underlying),7,2020,253,2020-01-02,2020-12-31,1.2385566843859268,1.0585505605796541,3.286453104052034,4.440564501125584,5.640303805674854,-1.0686338473663453,1.14904976551424,0.15019762845849802,0.9980446736695824,0.9920948616600791,2,9,11,1.0,0,3,3,0.9881422924901185,3,81,78,0.9960474308300395,1,22,21,0.3531554985269871,0.356323921927571
PSQ/QQQ,fund_vs_underlying,PSQ,QQQ,100 - RSI(underlying),7,2021,252,2021-01-04,2021-12-31,0.9775135266165084,0.9239012831264866,1.998763825471445,2.6812950245079974,3.0457549358522584,-0.7189039693700684,0.8924086800901103,0.21428571428571427,0.998697971377709,0.996031746031746,1,14,15,1.0,0,0,0,0.9761904761904762,6,69,65,0.996031746031746,1,16,17,0.18423670118187477,0.18217497130907107
PSQ/QQQ,fund_vs_underlying,PSQ,QQQ,100 - RSI(underlying),7,2022,251,2022-01-03,2022-12-30,0.9594401569005575,0.8897616302455447,2.081893913112051,2.3451464418552845,2.8847259417415856,-0.7780542444400048,0.8472116406594518,0.16733067729083664,0.9984737732384161,1.0,0,43,43,0.9800796812749004,5,9,6,1.0,0,14,14,1.0,0,0,0,0.32268372688020824,0.32149639899566984
PSQ/QQQ,fund_vs_underlying,PSQ,QQQ,100 - RSI(underlying),7,2023,250,2023-01-03,2023-12-29,1.3466657052251645,1.1508011014956736,3.1752172200854294,4.618710361653161,4.795924370409537,1.2966667853480753,1.0054427326950586,0.936,0.998183402261968,1.0,0,14,14,1.0,0,0,0,0.956,11,59,70,0.948,13,10,23,0.18033289165126737,0.17865829253263218
PSQ/QQQ,fund_vs_underlying,PSQ,QQQ,100 - RSI(underlying),7,2024,252,2024-01-02,2024-12-31,1.5671412369047328,1.5221827877287026,3.1156062918708773,4.140352877495348,4.988099920765563,1.541280412089809,0.9091813095041285,0.9603174603174603,0.9984028965533659,0.9841269841269841,4,16,12,1.0,0,1,1,0.9603174603174603,10,49,59,0.9761904761904762,6,12,18,0.18024623263240855,0.18006864652803786
PSQ/QQQ,fund_vs_underlying,PSQ,QQQ,100 - RSI(underlying),7,2025,250,2025-01-02,2025-12-31,1.4447227960387594,1.3251975766091348,3.379811019513103,4.250096801264155,5.153804289109615,1.1240706047668418,1.3372630628499202,0.872,0.9968884437721763,1.0,0,18,18,1.0,0,4,4,0.932,17,41,58,0.988,3,9,12,0.23413588221870515,0.23596751241675698
PSQ/QQQ,fund_vs_underlying,PSQ,QQQ,100 - RSI(underlying),7,2026,156,2026-01-02,2026-08-17,0.7365062685843815,0.6662472044423531,1.8752470675181598,2.5185485771143297,3.4353789526132985,0.5703379682446802,0.7457772213878158,0.7756410256410257,0.9991118598814452,1.0,0,11,11,0.9935897435897436,1,2,1,0.9935897435897436,1,35,36,0.9935897435897436,1,18,19,0.21521526141485237,0.21589130666943204
PSQ/QQQ,fund_vs_underlying,PSQ,QQQ,100 - RSI(underlying),7,pooled,5063,2006-06-30,2026-08-17,1.1597496869053632,0.9310702785330633,3.03532648004428,5.128071923206156,14.980015857821911,-0.13737105388650525,1.5723485239673052,0.39976298637171637,0.9956376143959821,0.991111988939364,45,342,363,0.9974323523602607,13,67,62,0.9757061031009283,123,1185,1194,0.9857791823029824,72,330,372,0.22062144129184327,0.22078388530342383
PSQ/QQQ,fund_vs_underlying,PSQ,QQQ,100 - RSI(underlying),14,2006,120,2006-07-12,2006-12-29,2.5269646628902107,2.353228235982723,4.614139871933929,5.395713698082938,6.725154740520416,2.5269646628902107,0.9455857428423772,1.0,0.9972509703378439,0.9666666666666667,4,4,0,1.0,0,0,0,0.9833333333333333,2,9,11,1.0,0,0,0,0.14735716722023734,0.1460208730925222
PSQ/QQQ,fund_vs_underlying,PSQ,QQQ,100 - RSI(underlying),14,2007,251,2007-01-03,2007-12-31,1.787195904874832,1.7558292420847792,3.5677916508471306,5.051681687448323,5.86522211187318,1.649214329991656,1.3199850448310082,0.8764940239043825,0.9925385477452224,0.9920318725099602,2,2,0,1.0,0,0,0,0.9601593625498008,10,9,19,1.0,0,0,0,0.18917426359516676,0.1815918936008199
PSQ/QQQ,fund_vs_underlying,PSQ,QQQ,100 - RSI(underlying),14,2008,253,2008-01-02,2008-12-31,1.748521458400476,1.152151166187295,4.640526327750992,5.573244994515534,5.751299891138693,-1.16272301350409,1.9655299175893644,0.26877470355731226,0.9846822557037678,0.9525691699604744,12,17,17,0.9960474308300395,1,0,1,0.9960474308300395,1,1,0,1.0,0,0,0,0.39693757267616303,0.3992775061228325
PSQ/QQQ,fund_vs_underlying,PSQ,QQQ,100 - RSI(underlying),14,2009,252,2009-01-02,2009-12-31,1.2733937643034496,1.242990173878077,2.374927767613455,3.0456316967018964,6.451520995491336,-1.223735522268629,0.843848199204296,0.06349206349206349,0.9963733053299298,1.0,0,0,0,1.0,0,0,0,0.9801587301587301,5,24,25,1.0,0,0,0,0.25669061125282083,0.25562554670577575
PSQ/QQQ,fund_vs_underlying,PSQ,QQQ,100 - RSI(underlying),14,2010,252,2010-01-04,2010-12-31,0.8691407500408096,0.8306312343900437,1.6742873744769535,2.0760358400945322,3.1333403597399823,-0.7924978370703814,0.6527251866235276,0.1349206349206349,0.9990827169745234,1.0,0,1,1,1.0,0,0,0,0.9920634920634921,2,57,55,1.0,0,5,5,0.19269060660118062,0.19303017738889594
PSQ/QQQ,fund_vs_underlying,PSQ,QQQ,100 - RSI(underlying),14,2011,252,2011-01-03,2011-12-30,1.0797450531356676,1.0865684651844667,2.035503603301879,2.4526581233625824,2.6348198153631657,-1.0687150106951797,0.5375115287914939,0.027777777777777776,0.99880185726124,1.0,0,1,1,1.0,0,0,0,0.996031746031746,1,13,12,0.996031746031746,1,1,2,0.236165974077256,0.23698740550786018
PSQ/QQQ,fund_vs_underlying,PSQ,QQQ,100 - RSI(underlying),14,2012,250,2012-01-03,2012-12-31,0.8851413788913955,0.9082973035030406,1.6269188330933724,1.7679228702476624,2.052238958191147,-0.8623610928578521,0.4765765167170124,0.04,0.9994801259438859,0.992,2,5,7,1.0,0,0,0,0.972,7,56,49,1.0,0,4,4,0.15260727973569627,0.15329411936433399
PSQ/QQQ,fund_vs_underlying,PSQ,QQQ,100 - RSI(underlying),14,2013,252,2013-01-02,2013-12-31,0.7632289515094133,0.7872041721674421,1.3953053497824144,1.7210712705571647,3.356634069940945,-0.7083384599874465,0.5221941774040916,0.09523809523809523,0.9985285012294542,1.0,0,0,0,1.0,0,0,0,0.9841269841269841,4,39,35,1.0,0,0,0,0.12190626746335868,0.12233511191172147
PSQ/QQQ,fund_vs_underlying,PSQ,QQQ,100 - RSI(underlying),14,2014,252,2014-01-02,2014-12-31,0.7517146444302677,0.7493358126152927,1.4495122564802707,1.5803939005993044,1.8005573220721374,-0.6365909879864651,0.5731254611998479,0.14682539682539683,0.99905338033286,0.996031746031746,1,1,2,1.0,0,0,0,0.9841269841269841,4,31,33,1.0,0,3,3,0.13921570056251079,0.13827347859451597
PSQ/QQQ,fund_vs_underlying,PSQ,QQQ,100 - RSI(underlying),14,2015,252,2015-01-02,2015-12-31,0.9047858530151571,0.8967103350966639,1.5649979106778846,2.1758958684298597,2.249783495869579,-0.8897179923607899,0.45545182041736343,0.031746031746031744,0.9990037266614975,1.0,0,3,3,1.0,0,2,2,0.9920634920634921,2,17,15,1.0,0,0,0,0.1780129562898053,0.1787236423818498
PSQ/QQQ,fund_vs_underlying,PSQ,QQQ,100 - RSI(underlying),14,2016,252,2016-01-04,2016-12-30,0.717124379478136,0.6948047071235486,1.3869859835305862,1.6320740831996117,3.0931675932454326,-0.6927063662979082,0.4523622935854971,0.06349206349206349,0.9992408997646061,0.996031746031746,1,5,6,1.0,0,0,0,1.0,0,13,13,1.0,0,0,0,0.1612072471943587,0.16174498586559136
PSQ/QQQ,fund_vs_underlying,PSQ,QQQ,100 - RSI(underlying),14,2017,251,2017-01-03,2017-12-29,0.3428413194396175,0.30432686110647467,0.7820287063745219,1.002458672967098,1.1961812121197255,-0.16263907607476952,0.3892770230566297,0.3147410358565737,0.9993962795926552,1.0,0,0,0,1.0,0,0,0,0.9840637450199203,4,74,72,0.9960159362549801,1,11,12,0.10166682991694957,0.1031570152561944
PSQ/QQQ,fund_vs_underlying,PSQ,QQQ,100 - RSI(underlying),14,2018,251,2018-01-02,2018-12-31,0.6304646952693924,0.6154853533878963,1.253618143795677,1.5785223724157902,1.680296339901055,-0.13233298117421813,0.7211049446540533,0.44621513944223107,0.9985869695460807,1.0,0,5,5,1.0,0,0,0,0.9681274900398407,8,21,27,1.0,0,3,3,0.22672777502560135,0.228908569015905
PSQ/QQQ,fund_vs_underlying,PSQ,QQQ,100 - RSI(underlying),14,2019,252,2019-01-02,2019-12-31,0.5845103786866385,0.4856391627893899,1.4879656524913305,1.738550847540397,1.914357958753513,0.31145955954510657,0.6705547219775085,0.6785714285714286,0.9987414861512104,1.0,0,2,2,1.0,0,0,0,0.9841269841269841,4,34,38,0.9920634920634921,2,0,2,0.1630865318664044,0.16190944332984417
PSQ/QQQ,fund_vs_underlying,PSQ,QQQ,100 - RSI(underlying),14,2020,253,2020-01-02,2020-12-31,1.2429482662103248,1.0657270646575512,3.407441950251582,4.1303560233445555,4.507728156850561,-1.1237519563191218,1.081048513395669,0.1422924901185771,0.9973217826205553,1.0,0,3,3,1.0,0,0,0,0.9920948616600791,2,39,39,0.9960474308300395,1,1,2,0.3531554985269871,0.356323921927571
PSQ/QQQ,fund_vs_underlying,PSQ,QQQ,100 - RSI(underlying),14,2021,252,2021-01-04,2021-12-31,0.8606608028184681,0.8800379356711012,1.573608559591695,1.7709692155350998,2.107862538293489,-0.7790317243278254,0.5913319579669969,0.10714285714285714,0.9990171813209913,0.996031746031746,1,0,1,1.0,0,0,0,0.996031746031746,1,28,27,1.0,0,0,0,0.18423670118187477,0.18217497130907107
PSQ/QQQ,fund_vs_underlying,PSQ,QQQ,100 - RSI(underlying),14,2022,251,2022-01-03,2022-12-30,1.0357371321387543,1.0303692310185681,1.931485432019187,2.159231961911967,2.1928543129865474,-0.962921234440789,0.6769457039814001,0.0796812749003984,0.9975718692842671,0.9960159362549801,1,9,8,1.0,0,0,0,1.0,0,0,0,1.0,0,0,0,0.32268372688020824,0.32149639899566984
PSQ/QQQ,fund_vs_underlying,PSQ,QQQ,100 - RSI(underlying),14,2023,250,2023-01-03,2023-12-29,1.2508202826283545,1.1706628865144921,2.6871479482802445,3.5875890811342206,3.959998174654558,1.2218437072766015,0.8256202947798296,0.932,0.9976406516601601,1.0,0,0,0,1.0,0,0,0,0.972,7,27,34,1.0,0,0,0,0.18033289165126737,0.17865829253263218
PSQ/QQQ,fund_vs_underlying,PSQ,QQQ,100 - RSI(underlying),14,2024,252,2024-01-02,2024-12-31,1.5154788447866956,1.4944086081547354,2.6422398274058674,2.8515189023146097,3.1244270753939034,1.5100920823145656,0.6871914162748897,0.9761904761904762,0.998326498543089,0.996031746031746,1,2,1,1.0,0,0,0,0.9603174603174603,10,15,25,0.9880952380952381,3,0,3,0.18024623263240855,0.18006864652803786
PSQ/QQQ,fund_vs_underlying,PSQ,QQQ,100 - RSI(underlying),14,2025,250,2025-01-02,2025-12-31,1.3549945480364545,1.196410579169509,2.8934172989193963,3.3043426104340456,3.4275897294953097,1.020095770158637,1.1935154804643089,0.872,0.9953780824074175,1.0,0,6,6,1.0,0,0,0,0.924,19,7,26,1.0,0,0,0,0.23413588221870515,0.23596751241675698
PSQ/QQQ,fund_vs_underlying,PSQ,QQQ,100 - RSI(underlying),14,2026,156,2026-01-02,2026-08-17,0.8544163991206296,0.822850892494035,1.719993449644928,1.9915285253562736,2.3672332930317097,0.6297736130687619,0.7910181530766496,0.75,0.9982224205324104,0.9935897435897436,1,2,1,1.0,0,0,0,0.9743589743589743,4,28,32,0.9871794871794872,2,2,4,0.21521526141485237,0.21589130666943204
PSQ/QQQ,fund_vs_underlying,PSQ,QQQ,100 - RSI(underlying),14,pooled,5056,2006-07-12,2026-08-17,1.061619271143826,0.9175011831803879,2.639353151520517,3.911586847361145,6.725154740520416,-0.19506856738995454,1.3246228029498173,0.35977056962025317,0.9938370915151103,0.9948575949367089,26,68,64,0.9998022151898734,1,2,3,0.9808148734177216,97,542,587,0.9980221518987342,10,30,40,0.22067679459690565,0.22084175959396213
PSQ/QQQ,fund_vs_underlying,PSQ,QQQ,100 - RSI(underlying),28,2006,106,2006-08-01,2006-12-29,3.067972709818522,3.0699692132333674,4.4737696797997675,4.821084676599521,4.859633912931258,3.067972709818522,0.7086335938957071,1.0,0.9951904839256419,1.0,0,0,0,1.0,0,0,0,1.0,0,0,0,1.0,0,0,0,0.13997278704976102,0.1371899173519225
PSQ/QQQ,fund_vs_underlying,PSQ,QQQ,100 - RSI(underlying),28,2007,251,2007-01-03,2007-12-31,1.7822458116040716,1.9188041255972195,3.085691041916512,3.5875511771892263,4.208013309975129,1.7362940247669323,1.0102391937042445,0.9243027888446215,0.9895050442077651,1.0,0,0,0,1.0,0,0,0,1.0,0,0,0,1.0,0,0,0,0.18917426359516676,0.1815918936008199
PSQ/QQQ,fund_vs_underlying,PSQ,QQQ,100 - RSI(underlying),28,2008,253,2008-01-02,2008-12-31,1.4467434438460076,0.8255030534378207,4.167055180401706,4.755317724824695,5.119799719928466,-1.0622091691775597,1.6914641257701473,0.233201581027668,0.9757531624278495,1.0,0,4,4,1.0,0,0,0,1.0,0,0,0,1.0,0,0,0,0.39693757267616303,0.3992775061228325
PSQ/QQQ,fund_vs_underlying,PSQ,QQQ,100 - RSI(underlying),28,2009,252,2009-01-02,2009-12-31,1.3834007132552464,1.2785547774702763,2.893172803085771,3.303968133260721,3.378453562087884,-1.368191196942301,0.8213993561370206,0.04365079365079365,0.996823941100282,1.0,0,0,0,1.0,0,0,0,1.0,0,0,0,1.0,0,0,0,0.25669061125282083,0.25562554670577575
PSQ/QQQ,fund_vs_underlying,PSQ,QQQ,100 - RSI(underlying),28,2010,252,2010-01-04,2010-12-31,0.8927702988918549,0.9456729034166074,1.6127011005359926,1.7382844187849977,2.1201689723735484,-0.8162363284544655,0.5948837340312748,0.09523809523809523,0.9989639079684748,1.0,0,0,0,1.0,0,0,0,0.9920634920634921,2,7,9,1.0,0,0,0,0.19269060660118062,0.19303017738889594
PSQ/QQQ,fund_vs_underlying,PSQ,QQQ,100 - RSI(underlying),28,2011,252,2011-01-03,2011-12-30,1.1392686454301595,1.1657594929795394,1.8964013802747803,1.988065072583739,2.0499879118851467,-1.129901295103763,0.44626419181187116,0.015873015873015872,0.9986138237975234,1.0,0,0,0,1.0,0,0,0,1.0,0,2,2,1.0,0,0,0,0.236165974077256,0.23698740550786018
PSQ/QQQ,fund_vs_underlying,PSQ,QQQ,100 - RSI(underlying),28,2012,250,2012-01-03,2012-12-31,0.9031252321682331,1.0210780828556771,1.5091184325621438,1.7581075913151432,1.8704531003080689,-0.8466754444057382,0.5521458234936841,0.112,0.9990320799556862,1.0,0,0,0,1.0,0,0,0,0.992,2,11,11,1.0,0,0,0,0.15260727973569627,0.15329411936433399
PSQ/QQQ,fund_vs_underlying,PSQ,QQQ,100 - RSI(underlying),28,2013,252,2013-01-02,2013-12-31,0.7047867627038343,0.771978963563889,1.1658247441660723,1.350361570791496,1.9119551090130855,-0.6883854311750429,0.3777307407222178,0.04365079365079365,0.9988593468258589,1.0,0,0,0,1.0,0,0,0,1.0,0,0,0,1.0,0,0,0,0.12190626746335868,0.12233511191172147
PSQ/QQQ,fund_vs_underlying,PSQ,QQQ,100 - RSI(underlying),28,2014,252,2014-01-02,2014-12-31,0.7143834536776705,0.7669461560334021,1.241028716460097,1.3942632948516553,1.4354142601924096,-0.6799012048228482,0.4259624725746342,0.07142857142857142,0.9990217897045137,1.0,0,0,0,1.0,0,0,0,0.996031746031746,1,0,1,1.0,0,0,0,0.13921570056251079,0.13827347859451597
PSQ/QQQ,fund_vs_underlying,PSQ,QQQ,100 - RSI(underlying),28,2015,252,2015-01-02,2015-12-31,0.9147193865893505,0.9149164528322551,1.4533659620357606,1.647762020904062,1.68911449653735,-0.9087001580158098,0.33136758935513705,0.007936507936507936,0.9986638729987406,0.996031746031746,1,1,0,1.0,0,0,0,1.0,0,0,0,1.0,0,0,0,0.1780129562898053,0.1787236423818498
PSQ/QQQ,fund_vs_underlying,PSQ,QQQ,100 - RSI(underlying),28,2016,252,2016-01-04,2016-12-30,0.7750545045146523,0.794852535417732,1.329971540980076,1.419623913547603,2.129960754603033,-0.7676514361660413,0.3567341744585181,0.03968253968253968,0.9990375944740744,1.0,0,0,0,1.0,0,0,0,1.0,0,0,0,1.0,0,0,0,0.1612072471943587,0.16174498586559136
PSQ/QQQ,fund_vs_underlying,PSQ,QQQ,100 - RSI(underlying),28,2017,251,2017-01-03,2017-12-29,0.3307184639051202,0.3043048922856997,0.710569961696649,0.8382347575648126,1.151687491348106,-0.1360004132463218,0.3700805435091693,0.3426294820717131,0.9994485733431446,1.0,0,0,0,1.0,0,0,0,0.9800796812749004,5,37,42,1.0,0,0,0,0.10166682991694957,0.1031570152561944
PSQ/QQQ,fund_vs_underlying,PSQ,QQQ,100 - RSI(underlying),28,2018,251,2018-01-02,2018-12-31,0.5225777194996423,0.5307376379163671,0.9460041376827526,1.084277771876888,1.1815949465650917,-0.18448602692914043,0.5644120777178797,0.4262948207171315,0.9985046207154678,1.0,0,0,0,1.0,0,0,0,1.0,0,10,10,1.0,0,0,0,0.22672777502560135,0.228908569015905
PSQ/QQQ,fund_vs_underlying,PSQ,QQQ,100 - RSI(underlying),28,2019,252,2019-01-02,2019-12-31,0.5253684429486528,0.3547257918735802,1.4319288265386325,1.8157849591885538,1.9683275145442138,0.21880183776701725,0.6575198852947323,0.5992063492063492,0.9982975908521741,1.0,0,0,0,1.0,0,0,0,0.9841269841269841,4,0,4,1.0,0,0,0,0.1630865318664044,0.16190944332984417
PSQ/QQQ,fund_vs_underlying,PSQ,QQQ,100 - RSI(underlying),28,2020,253,2020-01-02,2020-12-31,1.2883367391714273,1.1840683558681775,3.07547825273206,3.5090042009585787,3.636971144664038,-1.0653326724042051,1.1394051845465598,0.16600790513833993,0.9962357024738102,1.0,0,0,0,1.0,0,0,0,0.9841897233201581,4,14,18,1.0,0,0,0,0.3531554985269871,0.356323921927571
PSQ/QQQ,fund_vs_underlying,PSQ,QQQ,100 - RSI(underlying),28,2021,252,2021-01-04,2021-12-31,0.8305075614872603,0.8588113171320302,1.5490890414576155,1.676219593980051,1.9933224954270514,-0.7946462872035546,0.5066267648134212,0.07142857142857142,0.9990549138754748,1.0,0,0,0,1.0,0,0,0,1.0,0,0,0,1.0,0,0,0,0.18423670118187477,0.18217497130907107
PSQ/QQQ,fund_vs_underlying,PSQ,QQQ,100 - RSI(underlying),28,2022,251,2022-01-03,2022-12-30,1.1062724994125481,1.1376093081639809,1.7808075966368833,1.9955989750595542,2.0812645428022165,-1.0997672231097433,0.46951344831825725,0.027888446215139442,0.9966180508036544,1.0,0,0,0,1.0,0,0,0,1.0,0,0,0,1.0,0,0,0,0.32268372688020824,0.32149639899566984
PSQ/QQQ,fund_vs_underlying,PSQ,QQQ,100 - RSI(underlying),28,2023,250,2023-01-03,2023-12-29,1.1410167954519308,1.096926266767209,2.5243706016288407,3.0866198751546,3.1580178045402505,1.0975566146219613,0.7946280526203641,0.892,0.9958107661213602,1.0,0,0,0,1.0,0,0,0,0.972,7,0,7,1.0,0,0,0,0.18033289165126737,0.17865829253263218
PSQ/QQQ,fund_vs_underlying,PSQ,QQQ,100 - RSI(underlying),28,2024,252,2024-01-02,2024-12-31,1.520935550164826,1.4689680396662332,2.7216768307971284,3.005469311661773,3.0945737262543815,1.520935550164826,0.6179073108457019,1.0,0.9979543446637376,1.0,0,0,0,1.0,0,0,0,0.9761904761904762,6,0,6,1.0,0,0,0,0.18024623263240855,0.18006864652803786
PSQ/QQQ,fund_vs_underlying,PSQ,QQQ,100 - RSI(underlying),28,2025,250,2025-01-02,2025-12-31,1.203995907161985,1.0805729527592582,2.388019046880691,2.55747111352185,2.72435545960694,0.9053804348081532,1.017579899421308,0.876,0.9934585562279814,0.996,1,1,0,1.0,0,0,0,1.0,0,0,0,1.0,0,0,0,0.23413588221870515,0.23596751241675698
PSQ/QQQ,fund_vs_underlying,PSQ,QQQ,100 - RSI(underlying),28,2026,156,2026-01-02,2026-08-17,0.9427259856143356,0.910948546089621,2.061661511613277,2.3845322280903365,2.5241444286616286,0.6984663839776767,0.846164319406862,0.7115384615384616,0.9956651512583853,1.0,0,0,0,1.0,0,0,0,0.9487179487179487,8,6,14,1.0,0,0,0,0.21521526141485237,0.21589130666943204
PSQ/QQQ,fund_vs_underlying,PSQ,QQQ,100 - RSI(underlying),28,pooled,5042,2006-08-01,2026-08-17,1.0481112236514316,0.9308891684993625,2.620487103738525,3.6520757719109525,5.119799719928466,-0.21816886754835338,1.2845436901921947,0.3413328044426815,0.9881975876342323,0.9996033320111067,2,6,4,1.0,0,0,0,0.9922649742165808,39,87,124,1.0,0,0,0,0.22074865378678576,0.22090028541154405
SH/SPY,fund_vs_underlying,SH,SPY,100 - RSI(underlying),7,2006,127,2006-06-30,2006-12-29,5.124361773860917,5.226554477138521,9.07372875131405,10.11570958468625,10.713730518879402,5.123284607621636,2.237564342870443,0.9921259842519685,0.9856085416094849,1.0,0,2,2,1.0,0,0,0,0.8346456692913385,21,27,48,0.9212598425196851,10,2,12,0.08762080030583998,0.08259750596807458
SH/SPY,fund_vs_underlying,SH,SPY,100 - RSI(underlying),7,2007,251,2007-01-03,2007-12-31,3.0176417961389297,2.3928831393962753,7.5293712380705955,10.866625672768905,16.292358165904176,2.7706275229185295,2.806809746319506,0.8565737051792829,0.984470737753557,0.9880478087649402,3,18,15,0.9960159362549801,1,4,3,0.9123505976095617,22,23,45,0.9800796812749004,5,3,8,0.16083821505104454,0.15904773381534015
SH/SPY,fund_vs_underlying,SH,SPY,100 - RSI(underlying),7,2008,253,2008-01-02,2008-12-31,1.5834247359278013,1.3384569845381549,3.782405004496856,4.706836652450059,5.387717751955051,-0.6365809788014405,1.894173112546806,0.3241106719367589,0.9909274381339913,0.9802371541501976,5,36,39,0.9841897233201581,4,16,14,0.9841897233201581,4,6,10,1.0,0,0,0,0.4015521709298519,0.41290276660821745
SH/SPY,fund_vs_underlying,SH,SPY,100 - RSI(underlying),7,2009,252,2009-01-02,2009-12-31,1.1396936562805344,1.0794144268991985,2.3928914701285047,3.344519590683731,5.263771041521423,-0.9944760648422839,0.9708016489949549,0.11507936507936507,0.9983026136619706,0.9880952380952381,3,19,22,1.0,0,3,3,0.9722222222222222,7,60,55,0.996031746031746,1,12,11,0.2680443385849369,0.2663214387772645
SH/SPY,fund_vs_underlying,SH,SPY,100 - RSI(underlying),7,2010,252,2010-01-04,2010-12-31,0.7700141221640621,0.6912234011491236,1.7214346431792562,2.1717361374818007,3.1202128771062547,-0.6464921907785736,0.681807807728646,0.19047619047619047,0.9993771759836669,0.9841269841269841,4,20,24,0.996031746031746,1,4,3,0.9642857142857143,9,78,71,0.9920634920634921,2,24,24,0.18111579056565166,0.17929443976182713
SH/SPY,fund_vs_underlying,SH,SPY,100 - RSI(underlying),7,2011,252,2011-01-03,2011-12-30,0.9913751929304357,0.8915497819267664,2.216690268866653,3.2937504898938252,3.9489672259905717,-0.9201016028537367,0.7645029186735293,0.07936507936507936,0.9988764125307776,0.996031746031746,1,18,19,1.0,0,4,4,0.9920634920634921,2,42,42,0.9920634920634921,2,9,9,0.23132250214954486,0.23016893139880804
SH/SPY,fund_vs_underlying,SH,SPY,100 - RSI(underlying),7,2012,250,2012-01-03,2012-12-31,1.0232171484312917,0.8293536458508441,2.1496425963498016,4.6142409805516,6.2041978389866586,-0.8564180976635767,1.0411912950157916,0.14,0.9981763572371926,1.0,0,19,19,1.0,0,6,6,0.972,7,67,60,0.988,3,16,13,0.12674559343036323,0.12736055004026758
SH/SPY,fund_vs_underlying,SH,SPY,100 - RSI(underlying),7,2013,252,2013-01-02,2013-12-31,0.7679102834010562,0.7062572734631374,1.7296145566550798,1.9281344960926514,2.416598698539886,-0.4967847384297467,0.7921381287437851,0.20634920634920634,0.9986484571747625,1.0,0,7,7,1.0,0,1,1,0.9841269841269841,4,88,84,0.9880952380952381,3,18,21,0.11134731099503936,0.11073533604954133
SH/SPY,fund_vs_underlying,SH,SPY,100 - RSI(underlying),7,2014,252,2014-01-02,2014-12-31,0.9149523142532564,0.7997956815159242,2.1696413067430935,3.7396044132029846,4.066171451526955,-0.8322594981058967,0.7984247742096869,0.08333333333333333,0.9988563511794915,1.0,0,19,19,0.996031746031746,1,1,2,0.9761904761904762,6,70,66,0.9761904761904762,6,20,14,0.11271198612805011,0.11244817837703529
SH/SPY,fund_vs_underlying,SH,SPY,100 - RSI(underlying),7,2015,252,2015-01-02,2015-12-31,0.8141992011334589,0.726062129116027,1.920063762357263,2.219746671627574,2.5580859969461116,-0.6130485121009566,0.7659704740745937,0.20238095238095238,0.9985721422770694,0.9920634920634921,2,15,17,1.0,0,3,3,0.9801587301587301,5,29,28,1.0,0,0,0,0.15468268680753647,0.15429479300023904
SH/SPY,fund_vs_underlying,SH,SPY,100 - RSI(underlying),7,2016,252,2016-01-04,2016-12-30,0.9087845175137442,0.8001689364342077,2.0400154142550253,2.911678602459066,3.57402884980214,-0.6061800731819029,0.9459479206310295,0.2222222222222222,0.9982572962320169,0.996031746031746,1,15,16,0.996031746031746,1,5,6,0.9722222222222222,7,58,55,0.996031746031746,1,7,8,0.13150743365898912,0.13061094771799214
SH/SPY,fund_vs_underlying,SH,SPY,100 - RSI(underlying),7,2017,251,2017-01-03,2017-12-29,0.7294078685261649,0.5942606262564851,1.926273090419997,2.623521805451823,3.823121867399962,0.27060241116786143,0.9161473116384599,0.601593625498008,0.997973175511821,0.9960159362549801,1,6,5,1.0,0,0,0,0.9721115537848606,7,83,86,0.9800796812749004,5,23,28,0.06621915296507597,0.0674331618056917
SH/SPY,fund_vs_underlying,SH,SPY,100 - RSI(underlying),7,2018,251,2018-01-02,2018-12-31,0.8809890815554892,0.6421298388267189,2.5000762493734463,3.408104352604994,4.055771854476866,0.44337804342137166,1.0959397626619567,0.6135458167330677,0.9982249672480907,0.9960159362549801,1,26,25,1.0,0,9,9,0.9760956175298805,6,41,47,1.0,0,16,16,0.1698632159597115,0.1703536927770844
SH/SPY,fund_vs_underlying,SH,SPY,100 - RSI(underlying),7,2019,252,2019-01-02,2019-12-31,1.0070045268571486,0.8199082543810476,2.7329815574967538,3.468669998890248,3.9750414937633565,0.9237629470405073,0.9126122808938288,0.8531746031746031,0.9984519608086645,0.9920634920634921,2,10,8,0.996031746031746,1,2,1,0.9761904761904762,6,84,90,0.9722222222222222,7,14,21,0.12488018872955153,0.12510659939307905
SH/SPY,fund_vs_underlying,SH,SPY,100 - RSI(underlying),7,2020,253,2020-01-02,2020-12-31,1.1555306778338585,0.8887526290620542,3.3828968465919553,5.25490917844771,7.021656776179711,-0.9677728312547312,1.2188653816344426,0.1976284584980237,0.9973776331857341,0.9841897233201581,4,11,15,1.0,0,4,4,0.9762845849802372,6,65,63,0.9960474308300395,1,13,14,0.3434688937940834,0.3339442594213801
SH/SPY,fund_vs_underlying,SH,SPY,100 - RSI(underlying),7,2021,252,2021-01-04,2021-12-31,0.7452649557131877,0.6532574271520843,1.6758943518964626,2.642310001222884,3.132519592517994,-0.5510413324128196,0.7451492611659309,0.1865079365079365,0.9987431721768375,0.996031746031746,1,6,7,1.0,0,0,0,0.9761904761904762,6,63,57,0.996031746031746,1,14,15,0.12966819765131563,0.12987637128674556
SH/SPY,fund_vs_underlying,SH,SPY,100 - RSI(underlying),7,2022,251,2022-01-03,2022-12-30,0.727252163365304,0.6552045242365949,1.7284538076307534,2.145273908703757,2.546617273154979,-0.3628367527309589,0.822378584241501,0.29880478087649404,0.9987144564507902,0.9880478087649402,3,35,38,1.0,0,9,9,1.0,0,19,19,1.0,0,3,3,0.2430370674184301,0.24242446810236126
SH/SPY,fund_vs_underlying,SH,SPY,100 - RSI(underlying),7,2023,250,2023-01-03,2023-12-29,2.065842343601499,1.9905577075410754,3.7513333141854037,4.680989413621588,5.2089023623610515,2.064073132004687,1.0114517427237912,0.992,0.9982572986987865,0.972,7,26,19,0.972,7,7,0,0.944,14,52,66,0.964,9,12,21,0.129993365422832,0.13074637048575077
SH/SPY,fund_vs_underlying,SH,SPY,100 - RSI(underlying),7,2024,252,2024-01-02,2024-12-31,2.8959114886112967,2.669520715414542,5.143430929140015,6.58008112846456,8.819804013513831,2.893717250956679,1.3472663096468531,0.9920634920634921,0.9962519182985371,0.9841269841269841,4,17,13,0.9920634920634921,2,3,1,0.8928571428571429,27,54,81,0.9563492063492064,11,6,17,0.12513142930084648,0.12568468528737922
SH/SPY,fund_vs_underlying,SH,SPY,100 - RSI(underlying),7,2025,250,2025-01-02,2025-12-31,2.035263373952693,1.9692351525432414,3.694074380172083,4.261107143487506,5.4468180787509155,1.8133636511570108,1.3727876066390112,0.912,0.9962964576023172,0.988,3,20,17,1.0,0,4,4,0.952,12,38,50,0.976,6,9,15,0.18582592137341947,0.1948658948552117
SH/SPY,fund_vs_underlying,SH,SPY,100 - RSI(underlying),7,2026,156,2026-01-02,2026-08-17,1.5749927829381118,1.4407274172513205,3.0979483295264973,3.774390551872373,4.993418745253173,1.5742910519131124,0.7652478848531903,0.9935897435897436,0.9989408437209468,0.9935897435897436,1,12,11,0.9935897435897436,1,1,0,0.9743589743589743,4,36,40,0.9807692307692307,3,9,12,0.13643839805029764,0.1373359399918883
SH/SPY,fund_vs_underlying,SH,SPY,100 - RSI(underlying),7,pooled,5063,2006-06-30,2026-08-17,1.377719743064403,1.00561728597782,4.021727880975328,6.712705805207717,16.292358165904176,0.30905639399745005,1.9222252648921154,0.4558562117321746,0.9931460949996098,0.990914477582461,46,357,357,0.9962472842188426,19,86,73,0.96405293304365,182,1083,1163,0.9849891368753704,76,230,282,0.19350002045638878,0.19391246332534878
SH/SPY,fund_vs_underlying,SH,SPY,100 - RSI(underlying),14,2006,120,2006-07-12,2006-12-29,4.509213290584305,4.917785378200723,7.038010161027179,7.734977694696291,7.782351985300004,4.443265180851426,2.112173340042606,0.9416666666666667,0.9822919707402022,1.0,0,0,0,1.0,0,0,0,0.8083333333333333,23,7,30,0.9833333333333333,2,0,2,0.08808063351264492,0.08338894616393541
SH/SPY,fund_vs_underlying,SH,SPY,100 - RSI(underlying),14,2007,251,2007-01-03,2007-12-31,2.752937936220759,2.3748966034545447,6.113483875907832,7.770238101988092,10.549683183237754,2.6963461737172096,2.102143557157061,0.9362549800796812,0.9843062745771236,0.9960159362549801,1,4,3,1.0,0,0,0,0.9482071713147411,13,3,16,1.0,0,0,0,0.16083821505104454,0.15904773381534015
SH/SPY,fund_vs_underlying,SH,SPY,100 - RSI(underlying),14,2008,253,2008-01-02,2008-12-31,1.1855225377932783,0.7357101380719726,3.293577267689647,3.9362850121951958,4.143905912910384,-0.7012050518540126,1.450966170668534,0.3241106719367589,0.9880077555194163,0.9881422924901185,3,19,16,1.0,0,0,0,1.0,0,0,0,1.0,0,0,0,0.4015521709298519,0.41290276660821745
SH/SPY,fund_vs_underlying,SH,SPY,100 - RSI(underlying),14,2009,252,2009-01-02,2009-12-31,1.1807028229181094,1.107734210885507,2.2939446456296535,2.983343119246097,4.106621148273639,-1.1343967922470855,0.7572267489923501,0.0873015873015873,0.9978270612791631,1.0,0,6,6,1.0,0,0,0,0.996031746031746,1,18,17,1.0,0,0,0,0.2680443385849369,0.2663214387772645
SH/SPY,fund_vs_underlying,SH,SPY,100 - RSI(underlying),14,2010,252,2010-01-04,2010-12-31,0.7630085192997489,0.7695805185465723,1.5692163044328964,1.772479878996707,1.8134625986684867,-0.7190102965767732,0.5429812400955293,0.10714285714285714,0.9994126554748273,1.0,0,0,0,1.0,0,0,0,0.996031746031746,1,40,39,0.996031746031746,1,0,1,0.18111579056565166,0.17929443976182713
SH/SPY,fund_vs_underlying,SH,SPY,100 - RSI(underlying),14,2011,252,2011-01-03,2011-12-30,1.0297760031396326,0.9081481241385632,2.172008949537563,2.9513933939286487,3.18109942326204,-1.0006898161196913,0.6392833051366469,0.04365079365079365,0.9985265887224488,1.0,0,4,4,1.0,0,1,1,0.996031746031746,1,20,19,1.0,0,0,0,0.23132250214954486,0.23016893139880804
SH/SPY,fund_vs_underlying,SH,SPY,100 - RSI(underlying),14,2012,250,2012-01-03,2012-12-31,0.8577953612111631,0.862069846829776,1.5088911821207336,1.9861800508732261,2.282586677683831,-0.8258502722429623,0.47634162144407566,0.048,0.9991725777290228,1.0,0,6,6,1.0,0,0,0,0.972,7,33,28,1.0,0,0,0,0.12674559343036323,0.12736055004026758
SH/SPY,fund_vs_underlying,SH,SPY,100 - RSI(underlying),14,2013,252,2013-01-02,2013-12-31,0.6285153790286393,0.6584935296989656,1.2253996658637625,1.379558614345093,1.565020595781128,-0.5504156953625522,0.46671737582731243,0.11507936507936507,0.9988703113036744,1.0,0,0,0,1.0,0,0,0,0.9841269841269841,4,26,22,1.0,0,0,0,0.11134731099503936,0.11073533604954133
SH/SPY,fund_vs_underlying,SH,SPY,100 - RSI(underlying),14,2014,252,2014-01-02,2014-12-31,0.7436688936323284,0.7225574715565983,1.282142728769057,1.8601599462849474,2.4519186387458802,-0.7368392706344066,0.3789694890181132,0.007936507936507936,0.99936303834919,0.996031746031746,1,1,2,1.0,0,0,0,0.9920634920634921,2,21,19,1.0,0,0,0,0.11271198612805011,0.11244817837703529
SH/SPY,fund_vs_underlying,SH,SPY,100 - RSI(underlying),14,2015,252,2015-01-02,2015-12-31,0.7780267998506529,0.7732996816504496,1.5489378858820015,1.9181501815551176,2.1005594174809232,-0.7266917471910813,0.5103263903271658,0.07936507936507936,0.9984440093631275,1.0,0,3,3,1.0,0,2,2,0.996031746031746,1,0,1,1.0,0,0,0,0.15468268680753647,0.15429479300023904
SH/SPY,fund_vs_underlying,SH,SPY,100 - RSI(underlying),14,2016,252,2016-01-04,2016-12-30,0.6765182257784569,0.6695149750547778,1.306532357698179,1.6264411900826785,1.9357192855982746,-0.6129322486590579,0.4864446838018444,0.10317460317460317,0.9990288382056706,0.9920634920634921,2,5,5,1.0,0,0,0,0.996031746031746,1,9,10,1.0,0,0,0,0.13150743365898912,0.13061094771799214
SH/SPY,fund_vs_underlying,SH,SPY,100 - RSI(underlying),14,2017,251,2017-01-03,2017-12-29,0.4411946031220583,0.38145595025854107,1.1001879079103603,1.4063773155669992,1.6892098503480852,0.11719667189665886,0.5448462246661594,0.5577689243027888,0.9982971915081473,1.0,0,0,0,1.0,0,0,0,0.9920318725099602,2,53,55,0.9960159362549801,1,5,6,0.06621915296507597,0.0674331618056917
SH/SPY,fund_vs_underlying,SH,SPY,100 - RSI(underlying),14,2018,251,2018-01-02,2018-12-31,0.7671227197875938,0.5777529353746473,2.007968241276039,2.598470407641578,2.8305261004680062,0.4177969447451526,0.8950625208659282,0.5856573705179283,0.9980536479356861,1.0,0,12,12,1.0,0,2,2,0.9960159362549801,1,19,20,0.9960159362549801,1,10,11,0.1698632159597115,0.1703536927770844
SH/SPY,fund_vs_underlying,SH,SPY,100 - RSI(underlying),14,2019,252,2019-01-02,2019-12-31,0.9216104322108469,0.8755779287720458,1.9580357906700598,2.232671291219892,2.3532051034603683,0.8377119612900505,0.6860550224572377,0.9007936507936508,0.9983781687025861,0.996031746031746,1,2,1,1.0,0,0,0,0.9285714285714286,18,23,41,1.0,0,0,0,0.12488018872955153,0.12510659939307905
SH/SPY,fund_vs_underlying,SH,SPY,100 - RSI(underlying),14,2020,253,2020-01-02,2020-12-31,1.2277674594047039,0.938161193972995,3.8458531255124084,4.77451616588011,5.908739875002176,-1.0288907147421618,1.271883230745291,0.2015810276679842,0.9952938928849009,0.9960474308300395,1,6,7,0.9960474308300395,1,2,1,0.9920948616600791,2,22,22,1.0,0,1,1,0.3434688937940834,0.3339442594213801
SH/SPY,fund_vs_underlying,SH,SPY,100 - RSI(underlying),14,2021,252,2021-01-04,2021-12-31,0.6322764313469034,0.6038461035319536,1.2650201095901579,1.5013204398139,1.6734744179740417,-0.5701402594551078,0.45904510185573427,0.0992063492063492,0.9990724397865894,1.0,0,0,0,1.0,0,0,0,0.996031746031746,1,19,18,1.0,0,0,0,0.12966819765131563,0.12987637128674556
SH/SPY,fund_vs_underlying,SH,SPY,100 - RSI(underlying),14,2022,251,2022-01-03,2022-12-30,0.7005779167746273,0.6635350922781527,1.4542354016554029,1.9203495181314238,2.099032906514111,-0.4654979310185335,0.7041386415639262,0.23107569721115537,0.997652671040117,1.0,0,9,9,1.0,0,0,0,1.0,0,3,3,1.0,0,0,0,0.2430370674184301,0.24242446810236126
SH/SPY,fund_vs_underlying,SH,SPY,100 - RSI(underlying),14,2023,250,2023-01-03,2023-12-29,2.0937484578071817,2.114981136247483,3.371048698802895,3.64838918464944,3.776149897879151,2.0937484578071817,0.8006885278609615,1.0,0.9977787146716838,0.988,3,5,2,1.0,0,0,0,0.916,21,16,37,0.996,1,0,1,0.129993365422832,0.13074637048575077
SH/SPY,fund_vs_underlying,SH,SPY,100 - RSI(underlying),14,2024,252,2024-01-02,2024-12-31,2.8093940226969476,2.730808470680646,4.265199136732947,5.213217915997559,6.031300754545995,2.8093940226969476,0.8965171301910977,1.0,0.9966244969551606,0.9920634920634921,2,2,0,1.0,0,0,0,0.9126984126984127,22,11,33,0.996031746031746,1,0,1,0.12513142930084648,0.12568468528737922
SH/SPY,fund_vs_underlying,SH,SPY,100 - RSI(underlying),14,2025,250,2025-01-02,2025-12-31,1.94366903550417,1.8902146900876815,3.3401223839448533,3.7472021439575967,4.05272670428873,1.7276531169757186,1.232019399073147,0.904,0.9943967674340451,0.992,2,7,5,0.996,1,1,0,0.956,11,7,18,1.0,0,0,0,0.18582592137341947,0.1948658948552117
SH/SPY,fund_vs_underlying,SH,SPY,100 - RSI(underlying),14,2026,156,2026-01-02,2026-08-17,1.5922366531025824,1.5577598042015097,2.657503556214513,2.856768244857281,3.5758711009707724,1.5922366531025824,0.5584221482510423,1.0,0.9988633427013641,0.9935897435897436,1,3,2,1.0,0,0,0,0.9423076923076923,9,13,22,1.0,0,0,0,0.13643839805029764,0.1373359399918883
SH/SPY,fund_vs_underlying,SH,SPY,100 - RSI(underlying),14,pooled,5056,2006-07-12,2026-08-17,1.2569583861478193,0.9209138746731362,3.5442356863384727,5.900424544645395,10.549683183237754,0.23361750140774956,1.7075522535384213,0.41752373417721517,0.989087729696573,0.9966376582278481,17,94,83,0.9996044303797469,2,8,6,0.9721123417721519,141,363,470,0.9986155063291139,7,16,23,0.19361169452070215,0.19403076104668668
SH/SPY,fund_vs_underlying,SH,SPY,100 - RSI(underlying),28,2006,106,2006-08-01,2006-12-29,4.099154889700446,4.496395795958275,5.981903369491237,6.171823857899156,6.23174122457614,4.099154889700446,1.5368710508138352,1.0,0.9847638089428314,1.0,0,0,0,1.0,0,0,0,0.9528301886792453,5,0,5,1.0,0,0,0,0.07572708530831614,0.07128488089431843
SH/SPY,fund_vs_underlying,SH,SPY,100 - RSI(underlying),28,2007,251,2007-01-03,2007-12-31,2.7085285300978095,2.5636706080849834,5.4307421721477205,6.443168191160705,7.523464305295242,2.705245979400259,1.6995020921057404,0.9840637450199203,0.9810700105343316,1.0,0,0,0,1.0,0,0,0,1.0,0,0,0,1.0,0,0,0,0.16083821505104454,0.15904773381534015
SH/SPY,fund_vs_underlying,SH,SPY,100 - RSI(underlying),28,2008,253,2008-01-02,2008-12-31,0.9997058380693272,0.47911639992108945,3.3821244274133986,3.6274566241435475,3.7953706694661022,-0.6557260000844909,1.337265192384833,0.36363636363636365,0.9738985182277786,1.0,0,2,2,1.0,0,0,0,1.0,0,0,0,1.0,0,0,0,0.4015521709298519,0.41290276660821745
SH/SPY,fund_vs_underlying,SH,SPY,100 - RSI(underlying),28,2009,252,2009-01-02,2009-12-31,1.3105476477668236,1.1970192480925625,2.672149468982274,2.77867989149513,2.8756146076256925,-1.2882950182854094,0.7996363480431671,0.04365079365079365,0.9963030600401939,1.0,0,0,0,1.0,0,0,0,1.0,0,0,0,1.0,0,0,0,0.2680443385849369,0.2663214387772645
SH/SPY,fund_vs_underlying,SH,SPY,100 - RSI(underlying),28,2010,252,2010-01-04,2010-12-31,0.8038410454999289,0.8545431949118907,1.4583522966031406,1.5371899226998136,1.5477709208376993,-0.780344198842107,0.48554538893715654,0.05952380952380952,0.9993513040852303,1.0,0,0,0,1.0,0,0,0,1.0,0,0,0,1.0,0,0,0,0.18111579056565166,0.17929443976182713
SH/SPY,fund_vs_underlying,SH,SPY,100 - RSI(underlying),28,2011,252,2011-01-03,2011-12-30,1.0385191584354743,0.962898435143213,2.059765186359179,2.267076315349107,2.3563267410183784,-1.0173216542793364,0.5683049986809714,0.05952380952380952,0.9984498361316828,1.0,0,1,1,1.0,0,0,0,0.996031746031746,1,6,7,1.0,0,0,0,0.23132250214954486,0.23016893139880804
SH/SPY,fund_vs_underlying,SH,SPY,100 - RSI(underlying),28,2012,250,2012-01-03,2012-12-31,0.8007399690746395,0.8433094694928123,1.1940651595050507,1.3127525926314862,1.425816204455728,-0.7938470102535466,0.32197103466267274,0.032,0.9993061485303557,1.0,0,0,0,1.0,0,0,0,1.0,0,0,0,1.0,0,0,0,0.12674559343036323,0.12736055004026758
SH/SPY,fund_vs_underlying,SH,SPY,100 - RSI(underlying),28,2013,252,2013-01-02,2013-12-31,0.5616823497601886,0.5785848119610364,0.9994584169617249,1.1541279202658044,1.4129039580206353,-0.555804727378809,0.3146720545632358,0.03968253968253968,0.9988817005054288,1.0,0,0,0,1.0,0,0,0,1.0,0,0,0,1.0,0,0,0,0.11134731099503936,0.11073533604954133
SH/SPY,fund_vs_underlying,SH,SPY,100 - RSI(underlying),28,2014,252,2014-01-02,2014-12-31,0.6960072933519906,0.70387483854606,1.0660136457763985,1.1747362627969349,1.2781213653201462,-0.6960072933519906,0.2278323260647976,0.0,0.9994926643439204,1.0,0,0,0,1.0,0,0,0,1.0,0,0,0,1.0,0,0,0,0.11271198612805011,0.11244817837703529
SH/SPY,fund_vs_underlying,SH,SPY,100 - RSI(underlying),28,2015,252,2015-01-02,2015-12-31,0.7876935105704732,0.7622973234960853,1.3607508041221859,1.564950704277662,1.5984375474343793,-0.7818758260913339,0.3286627280861976,0.015873015873015872,0.9982724138221807,1.0,0,2,2,1.0,0,0,0,1.0,0,0,0,1.0,0,0,0,0.15468268680753647,0.15429479300023904
SH/SPY,fund_vs_underlying,SH,SPY,100 - RSI(underlying),28,2016,252,2016-01-04,2016-12-30,0.6291905655233614,0.629575961452737,1.075393583594501,1.1924334598047228,1.248172656833539,-0.6227534307065147,0.2799458053092422,0.01984126984126984,0.9993454774031156,1.0,0,0,0,1.0,0,0,0,1.0,0,0,0,1.0,0,0,0,0.13150743365898912,0.13061094771799214
SH/SPY,fund_vs_underlying,SH,SPY,100 - RSI(underlying),28,2017,251,2017-01-03,2017-12-29,0.3550995756966535,0.3373135216056582,0.7709320091318972,1.0219120791723846,1.1233616393571282,0.04450419432710979,0.4287961206984588,0.5139442231075697,0.9974987685249832,1.0,0,0,0,1.0,0,0,0,0.9880478087649402,3,18,19,1.0,0,0,0,0.06621915296507597,0.0674331618056917
SH/SPY,fund_vs_underlying,SH,SPY,100 - RSI(underlying),28,2018,251,2018-01-02,2018-12-31,0.6388144269643301,0.48330110991837216,1.6877327761342364,2.032798427968558,2.077731383147409,0.35944191824005783,0.7260670043236012,0.6135458167330677,0.9978905425348711,1.0,0,1,1,1.0,0,0,0,1.0,0,18,18,1.0,0,1,1,0.1698632159597115,0.1703536927770844
SH/SPY,fund_vs_underlying,SH,SPY,100 - RSI(underlying),28,2019,252,2019-01-02,2019-12-31,0.805844221089076,0.7710735982565353,1.6270004090243289,1.9013935667309185,2.035797853163146,0.7157995626519695,0.5889344475910149,0.9166666666666666,0.9980407855792873,1.0,0,0,0,1.0,0,0,0,0.9920634920634921,2,0,2,1.0,0,0,0,0.12488018872955153,0.12510659939307905
SH/SPY,fund_vs_underlying,SH,SPY,100 - RSI(underlying),28,2020,253,2020-01-02,2020-12-31,1.31882831874514,1.1225846804723005,3.6215656170749773,4.262689659807694,4.6886398532885565,-1.046641726121224,1.2959391813686034,0.19367588932806323,0.992607587128522,1.0,0,1,1,1.0,0,0,0,0.9762845849802372,6,1,7,1.0,0,0,0,0.3434688937940834,0.3339442594213801
SH/SPY,fund_vs_underlying,SH,SPY,100 - RSI(underlying),28,2021,252,2021-01-04,2021-12-31,0.6084004741860137,0.5895496799242892,1.1912596089023897,1.3862281940832997,1.47730667301024,-0.5930119218133738,0.3708785869278361,0.06349206349206349,0.99895178355668,1.0,0,0,0,1.0,0,0,0,1.0,0,0,0,1.0,0,0,0,0.12966819765131563,0.12987637128674556
SH/SPY,fund_vs_underlying,SH,SPY,100 - RSI(underlying),28,2022,251,2022-01-03,2022-12-30,0.686697297005348,0.7159275124895359,1.2824627043704027,1.457378521544129,1.4836663263056806,-0.578110230647388,0.5440154096952086,0.14741035856573706,0.9958367429642675,1.0,0,0,0,1.0,0,0,0,1.0,0,0,0,1.0,0,0,0,0.2430370674184301,0.24242446810236126
SH/SPY,fund_vs_underlying,SH,SPY,100 - RSI(underlying),28,2023,250,2023-01-03,2023-12-29,2.019228795726249,2.238490273734854,3.2009584414863763,3.3976110898346175,3.461430936919527,2.019228795726249,0.8381731403724882,1.0,0.9939618066302439,1.0,0,0,0,1.0,0,0,0,0.996,1,0,1,1.0,0,0,0,0.129993365422832,0.13074637048575077
SH/SPY,fund_vs_underlying,SH,SPY,100 - RSI(underlying),28,2024,252,2024-01-02,2024-12-31,2.7695927804873657,2.7234590889457593,4.111044142871019,4.593696496905326,4.6888691529536715,2.7695927804873657,0.6601289944757645,1.0,0.9964269868120786,1.0,0,0,0,1.0,0,0,0,0.9801587301587301,5,0,5,1.0,0,0,0,0.12513142930084648,0.12568468528737922
SH/SPY,fund_vs_underlying,SH,SPY,100 - RSI(underlying),28,2025,250,2025-01-02,2025-12-31,1.7614441607535103,1.9018248736193506,2.9544608190737356,3.306625144951085,3.4376937640377605,1.6083605325169918,1.0464390615852235,0.884,0.9921618484389723,0.992,2,3,1,1.0,0,0,0,1.0,0,0,0,1.0,0,0,0,0.18582592137341947,0.1948658948552117
SH/SPY,fund_vs_underlying,SH,SPY,100 - RSI(underlying),28,2026,156,2026-01-02,2026-08-17,1.6157803942244824,1.6665246536177634,2.3519763777085814,2.4587453883215504,2.703902425446948,1.6157803942244824,0.4629562323476999,1.0,0.9980765467548401,1.0,0,0,0,1.0,0,0,0,1.0,0,0,0,1.0,0,0,0,0.13643839805029764,0.1373359399918883
SH/SPY,fund_vs_underlying,SH,SPY,100 - RSI(underlying),28,pooled,5042,2006-08-01,2026-08-17,1.198540466065399,0.8783023711300721,3.289511587458945,5.227291582365945,7.523464305295242,0.17481253002942682,1.5966635017636444,0.3982546608488695,0.9806288562806991,0.9996033320111067,2,10,8,1.0,0,0,0,0.9954383181277271,23,43,64,1.0,0,1,1,0.19371652934620268,0.1941507910659252
SOXS/SMH,fund_vs_underlying,SOXS,SMH,100 - RSI(underlying),7,2010,199,2010-03-22,2010-12-31,2.9733694302262026,2.5102851564324453,7.195260136321046,9.594909955032573,10.878051075613484,-1.7696384546600479,3.3099576715399195,0.27638190954773867,0.9784649956281543,0.9849246231155779,3,13,16,0.9949748743718593,1,2,1,0.8894472361809045,22,47,37,0.9748743718592965,5,9,10,0.8657035486775632,0.26141378960659767
SOXS/SMH,fund_vs_underlying,SOXS,SMH,100 - RSI(underlying),7,2011,252,2011-01-03,2011-12-30,4.232515050322769,3.391339473729637,10.403108558470654,19.215017395231516,22.840703713135213,-1.3635431035048096,5.512840739563889,0.40476190476190477,0.9412102775137616,0.9484126984126984,13,21,30,0.9880952380952381,3,4,5,0.9285714285714286,18,27,33,0.9801587301587301,5,8,5,0.9413135671775784,0.275924218408036
SOXS/SMH,fund_vs_underlying,SOXS,SMH,100 - RSI(underlying),7,2012,250,2012-01-03,2012-12-31,2.8619419471378635,2.2560435577939515,7.612415657002799,10.119982676124302,11.751708720490335,-0.9499239459155021,3.6319804126071418,0.404,0.9762932658496095,0.952,12,29,27,0.988,3,5,2,0.976,6,42,42,0.992,2,11,11,0.6708553631967147,0.20353516705850427
SOXS/SMH,fund_vs_underlying,SOXS,SMH,100 - RSI(underlying),7,2013,252,2013-01-02,2013-12-31,4.264778800336691,3.794516880220936,9.71503471294096,12.91724029019904,18.618415251292944,-2.6091262142787515,4.647836473585261,0.2619047619047619,0.942819024221039,0.9880952380952381,3,4,7,1.0,0,0,0,0.8809523809523809,30,58,50,0.9761904761904762,6,3,9,0.5192845632782354,0.16518367037759116
SOXS/SMH,fund_vs_underlying,SOXS,SMH,100 - RSI(underlying),7,2014,252,2014-01-02,2014-12-31,3.21322330066138,2.805041348465835,7.976897482559379,9.526280104040666,10.135338419833843,-0.8787494821897182,3.8807296652184755,0.43253968253968256,0.9743301874924767,0.9523809523809523,12,11,11,1.0,0,2,2,0.9563492063492064,11,83,78,0.9523809523809523,12,28,32,0.5629561952887747,0.17643113424962054
SOXS/SMH,fund_vs_underlying,SOXS,SMH,100 - RSI(underlying),7,2015,252,2015-01-02,2015-12-31,3.0483816644152157,2.3745365613193883,7.822959008751245,10.39410811712615,13.415726058298091,-1.4320886226598548,3.6714171299792855,0.3134920634920635,0.970523861445723,0.9801587301587301,5,18,23,0.9920634920634921,2,6,8,0.9761904761904762,6,33,29,0.9880952380952381,3,7,4,0.683679850932909,0.2180385193279435
SOXS/SMH,fund_vs_underlying,SOXS,SMH,100 - RSI(underlying),7,2016,252,2016-01-04,2016-12-30,2.687715798235878,2.0895527745443445,7.48804745159983,9.825845396371315,12.106674287036945,-2.017941539626751,2.9484210818508774,0.21428571428571427,0.9844040650072459,0.9682539682539683,8,15,23,0.9880952380952381,3,4,3,0.9365079365079365,16,78,66,0.9642857142857143,9,21,16,0.6778191576910719,0.21997422128943955
SOXS/SMH,fund_vs_underlying,SOXS,SMH,100 - RSI(underlying),7,2017,251,2017-01-03,2017-12-29,2.232576014756002,1.4536875758232242,6.774166416197211,8.523904288102571,11.806294615706662,-0.6844244668930254,2.961585964224325,0.4262948207171315,0.9815259264777781,0.9960159362549801,1,7,8,0.9960159362549801,1,2,1,0.9601593625498008,10,70,62,0.9760956175298805,6,25,27,0.5204085153128876,0.16230796524469338
SOXS/SMH,fund_vs_underlying,SOXS,SMH,100 - RSI(underlying),7,2018,251,2018-01-02,2018-12-31,2.3392133683887835,2.192055514199083,4.82616987728796,5.980856706573004,8.379348099857594,-1.8742120483251665,2.0810702949691833,0.18725099601593626,0.9916213958538412,0.9840637450199203,4,29,31,0.9920318725099602,2,8,6,0.9960159362549801,1,31,30,0.9960159362549801,1,4,5,0.8366212397289539,0.28023141573982446
SOXS/SMH,fund_vs_underlying,SOXS,SMH,100 - RSI(underlying),7,2019,252,2019-01-02,2019-12-31,1.9399507338696356,1.4448337839729177,4.956745992720003,9.200457091980063,12.672515946344419,-0.932292689049846,2.5067948521693872,0.3611111111111111,0.987647784915305,0.996031746031746,1,13,14,1.0,0,2,2,0.9642857142857143,9,76,71,0.996031746031746,1,11,12,0.7857993658243452,0.2571186189032484
SOXS/SMH,fund_vs_underlying,SOXS,SMH,100 - RSI(underlying),7,2020,253,2020-01-02,2020-12-31,3.011160957853909,2.5049841800698047,8.311048640863055,11.32041036706456,13.09971136675182,-2.378499231162637,3.0005659371479103,0.17786561264822134,0.9767876341470527,0.9881422924901185,3,7,10,0.9960474308300395,1,2,1,0.9841897233201581,4,38,38,0.9881422924901185,3,6,9,1.3774372257344163,0.4422030791678883
SOXS/SMH,fund_vs_underlying,SOXS,SMH,100 - RSI(underlying),7,2021,252,2021-01-04,2021-12-31,2.7830926126354316,2.6179624256672014,6.0049840039892715,7.328802079215459,7.9423821252009645,-2.07335800235407,2.6544130953526475,0.21031746031746032,0.9857618893576348,0.9801587301587301,5,8,13,1.0,0,1,1,0.9642857142857143,9,52,49,0.9880952380952381,3,14,13,0.904533739494633,0.3027913997795654
SOXS/SMH,fund_vs_underlying,SOXS,SMH,100 - RSI(underlying),7,2022,251,2022-01-03,2022-12-30,3.0340241697364556,3.099128893078756,5.665872011896461,6.280580874429624,6.4403399006359265,-2.881479360620394,1.8891965245872089,0.08764940239043825,0.9920458210014637,0.9760956175298805,6,31,37,0.9920318725099602,2,2,2,0.9920318725099602,2,17,15,1.0,0,2,2,1.3113641588857397,0.42588958553502604
SOXS/SMH,fund_vs_underlying,SOXS,SMH,100 - RSI(underlying),7,2023,250,2023-01-03,2023-12-29,2.3086075893635454,1.9936828508674118,5.6832566653890835,8.105013329734433,10.060064979573575,-0.25542438477842117,2.923451497897985,0.484,0.9835159734452237,0.976,6,15,13,1.0,0,2,2,0.936,16,56,58,0.992,2,14,16,0.8495503608341314,0.27501572512332195
SOXS/SMH,fund_vs_underlying,SOXS,SMH,100 - RSI(underlying),7,2024,252,2024-01-02,2024-12-31,3.346431678025385,3.064644554606513,7.801306288144439,9.157386686847989,9.990973070492856,0.6466921709439983,4.045125962747187,0.5198412698412699,0.9664695732384568,0.9761904761904762,6,11,13,1.0,0,1,1,0.9365079365079365,16,32,48,0.9603174603174603,10,6,16,1.0354179689164096,0.3493722003010777
SOXS/SMH,fund_vs_underlying,SOXS,SMH,100 - RSI(underlying),7,2025,250,2025-01-02,2025-12-31,3.2006392186382198,2.474775112440984,9.11585574566572,13.788208089204623,14.49174422907636,-0.7888644488037025,4.214489980159823,0.4,0.9681218129082072,0.976,6,12,16,1.0,0,3,3,0.948,13,69,64,0.948,13,18,23,1.1866298712065524,0.3798896002995087
SOXS/SMH,fund_vs_underlying,SOXS,SMH,100 - RSI(underlying),7,2026,156,2026-01-02,2026-08-17,8.060200305757396,3.9885092668063677,29.51769861989737,41.06657336252067,48.66577994947932,-7.271818574057758,10.041290686972317,0.1858974358974359,0.8131370796283796,0.9871794871794872,2,4,4,1.0,0,0,0,0.8397435897435898,25,70,47,0.8589743589743589,22,37,19,1.9265528147839723,0.4389177363353758
SOXS/SMH,fund_vs_underlying,SOXS,SMH,100 - RSI(underlying),7,pooled,4127,2010-03-22,2026-08-17,3.160365026922924,2.459712123989661,8.225913009790926,13.958143175812877,48.66577994947932,-1.608618129602566,4.187579805866847,0.31790646959050156,0.9658891868427008,0.976738551005573,96,248,296,0.9956384783135449,18,46,40,0.9481463532832566,214,879,817,0.9750424036830627,103,224,229,0.9552982444705629,0.29481601313844824
SOXS/SMH,fund_vs_underlying,SOXS,SMH,100 - RSI(underlying),14,2010,192,2010-03-31,2010-12-31,2.283212762528605,2.1894213735426398,4.693106195262455,6.199766814872675,6.525889222699632,-1.7546697398584286,2.1198587437488334,0.1875,0.9843003587641611,0.9947916666666666,1,0,1,1.0,0,0,0,0.9791666666666666,4,20,20,0.9895833333333334,2,0,2,0.8733674998916398,0.26276019395770495
SOXS/SMH,fund_vs_underlying,SOXS,SMH,100 - RSI(underlying),14,2011,252,2011-01-03,2011-12-30,3.2181755056018306,2.563167391469719,8.238279146573577,11.103853943286575,13.321562710661212,-1.6646941648642462,3.8326993742125928,0.27380952380952384,0.9428608678672112,0.9841269841269841,4,6,6,1.0,0,0,0,0.9761904761904762,6,14,12,0.9920634920634921,2,4,2,0.9413135671775784,0.275924218408036
SOXS/SMH,fund_vs_underlying,SOXS,SMH,100 - RSI(underlying),14,2012,250,2012-01-03,2012-12-31,2.1669504721858246,1.6574978481919302,6.360150723194352,7.198581403545893,7.692227908204849,-1.152412058699505,2.58013046014818,0.384,0.9732617204924097,0.996,1,5,4,1.0,0,0,0,0.992,2,11,13,1.0,0,0,0,0.6708553631967147,0.20353516705850427
SOXS/SMH,fund_vs_underlying,SOXS,SMH,100 - RSI(underlying),14,2013,252,2013-01-02,2013-12-31,3.4071317636263143,3.2478255917433536,7.098194677843947,8.452753233096699,9.79064953138736,-2.3581859939356273,3.268721357764273,0.19047619047619047,0.9291992178367978,1.0,0,0,0,1.0,0,0,0,0.9484126984126984,13,9,12,1.0,0,0,0,0.5192845632782354,0.16518367037759116
SOXS/SMH,fund_vs_underlying,SOXS,SMH,100 - RSI(underlying),14,2014,252,2014-01-02,2014-12-31,2.5776696133387316,2.3829936533399305,5.738716000470285,7.347655997206468,7.634622311606478,-0.9481748238603033,2.9620152462839453,0.40476190476190477,0.9659900827749115,0.996031746031746,1,3,2,1.0,0,0,0,0.9365079365079365,16,39,41,0.9722222222222222,7,0,7,0.5629561952887747,0.17643113424962054
SOXS/SMH,fund_vs_underlying,SOXS,SMH,100 - RSI(underlying),14,2015,252,2015-01-02,2015-12-31,2.3604458687495287,2.2055807096698707,5.537429299111794,7.607547593715725,8.753119520159771,-1.6809549585588701,2.3797361834908815,0.2222222222222222,0.9721425306365661,0.9880952380952381,3,7,8,0.996031746031746,1,1,0,0.9920634920634921,2,5,3,1.0,0,0,0,0.683679850932909,0.2180385193279435
SOXS/SMH,fund_vs_underlying,SOXS,SMH,100 - RSI(underlying),14,2016,252,2016-01-04,2016-12-30,2.2206890965439934,1.6248225999076027,6.245465114974936,7.544135439522012,8.51081650457649,-1.852026089656837,2.2744811427253375,0.20634920634920634,0.9803810081224065,0.996031746031746,1,6,5,1.0,0,0,0,0.9246031746031746,19,35,32,1.0,0,0,0,0.6778191576910719,0.21997422128943955
SOXS/SMH,fund_vs_underlying,SOXS,SMH,100 - RSI(underlying),14,2017,251,2017-01-03,2017-12-29,1.9747518904687629,1.5762947251008725,5.184712523351944,6.79792011069102,7.138116773302123,-1.0416113644556404,2.334690884354865,0.3745019920318725,0.9750844285322041,1.0,0,0,0,1.0,0,0,0,0.952191235059761,12,44,36,0.9880478087649402,3,3,6,0.5204085153128876,0.16230796524469338
SOXS/SMH,fund_vs_underlying,SOXS,SMH,100 - RSI(underlying),14,2018,251,2018-01-02,2018-12-31,2.1378748321916325,2.083441312127178,4.174473713609885,4.602169727661842,4.679561234670118,-2.0276178189745657,1.4485243102650074,0.0796812749003984,0.9901443052352007,0.9960159362549801,1,5,6,0.9960159362549801,1,1,0,0.9960159362549801,1,5,4,1.0,0,0,0,0.8366212397289539,0.28023141573982446
SOXS/SMH,fund_vs_underlying,SOXS,SMH,100 - RSI(underlying),14,2019,252,2019-01-02,2019-12-31,1.8032321440696664,1.4193636688696891,4.4805583350409215,6.592577478113632,8.046272767546746,-1.06315198668273,2.100148147618591,0.31746031746031744,0.9835617597853304,0.9920634920634921,2,2,2,1.0,0,0,0,0.9682539682539683,8,16,22,1.0,0,0,0,0.7857993658243452,0.2571186189032484
SOXS/SMH,fund_vs_underlying,SOXS,SMH,100 - RSI(underlying),14,2020,253,2020-01-02,2020-12-31,2.7057918444211597,2.1290315414266487,8.199031998838956,9.611684857507184,10.88212041463072,-2.3302818698662677,2.624844381712564,0.14624505928853754,0.9691662769597594,0.9920948616600791,2,1,1,1.0,0,0,0,0.9920948616600791,2,9,9,1.0,0,0,0,1.3774372257344163,0.4422030791678883
SOXS/SMH,fund_vs_underlying,SOXS,SMH,100 - RSI(underlying),14,2021,252,2021-01-04,2021-12-31,2.620133468789622,2.3367376735927863,5.332529954013125,6.443807506531448,6.94019823040945,-2.206322259415347,2.097961531733926,0.15079365079365079,0.9818018869880745,0.996031746031746,1,0,1,1.0,0,0,0,0.9761904761904762,6,25,21,0.9920634920634921,2,1,3,0.904533739494633,0.3027913997795654
SOXS/SMH,fund_vs_underlying,SOXS,SMH,100 - RSI(underlying),14,2022,251,2022-01-03,2022-12-30,3.195940619325691,3.433398934266833,5.024586183645919,5.413099556346676,5.491722580203366,-3.145973563951575,1.488783428364706,0.043824701195219126,0.988167636034423,0.9960159362549801,1,3,4,1.0,0,0,0,0.9960159362549801,1,0,1,1.0,0,0,0,1.3113641588857397,0.42588958553502604
SOXS/SMH,fund_vs_underlying,SOXS,SMH,100 - RSI(underlying),14,2023,250,2023-01-03,2023-12-29,1.691200487793181,1.3345511461846549,4.263348697103152,5.086906718732825,5.212458132243057,-0.307492225236004,2.135926354398004,0.472,0.9800349281472188,1.0,0,0,0,1.0,0,0,0,0.96,10,24,26,1.0,0,0,0,0.8495503608341314,0.27501572512332195
SOXS/SMH,fund_vs_underlying,SOXS,SMH,100 - RSI(underlying),14,2024,252,2024-01-02,2024-12-31,2.4873670330803423,2.3102483854610973,5.651995397895729,7.224655387752841,8.052443255443848,0.39187968071477525,3.0436006227968617,0.5158730158730159,0.9670151626169776,0.996031746031746,1,1,0,1.0,0,0,0,0.9523809523809523,12,13,25,0.996031746031746,1,0,1,1.0354179689164096,0.3493722003010777
SOXS/SMH,fund_vs_underlying,SOXS,SMH,100 - RSI(underlying),14,2025,250,2025-01-02,2025-12-31,2.5938547128706633,2.2123985208476853,6.17001112717451,10.849114633532194,11.513311275837516,-1.0031985464794009,3.2270075877527327,0.38,0.9672058006187872,1.0,0,4,4,0.996,1,1,0,0.936,16,29,45,0.988,3,0,3,1.1866298712065524,0.3798896002995087
SOXS/SMH,fund_vs_underlying,SOXS,SMH,100 - RSI(underlying),14,2026,156,2026-01-02,2026-08-17,10.23643539879208,4.472992355295684,30.49796316545157,31.90429748446434,32.35168155954026,-9.397808412112374,11.313544990417048,0.1794871794871795,0.5079214730015379,1.0,0,0,0,1.0,0,0,0,0.7307692307692307,42,75,33,0.8141025641025641,29,24,5,1.9265528147839723,0.4389177363353758
SOXS/SMH,fund_vs_underlying,SOXS,SMH,100 - RSI(underlying),14,pooled,4120,2010-03-31,2026-08-17,2.762713287073821,2.192445805259574,6.508886300110352,17.465619648122832,32.35168155954026,-1.8049705152602875,3.7608335005982707,0.26941747572815533,0.9427974356745588,0.9953883495145631,19,43,44,0.9992718446601941,3,3,0,0.958252427184466,172,373,355,0.9881067961165049,49,32,29,0.9557696502460569,0.29492553694193935
SOXS/SMH,fund_vs_underlying,SOXS,SMH,100 - RSI(underlying),28,2010,178,2010-04-21,2010-12-31,2.2912200204493836,2.1162778735036447,4.340860659951606,5.428045471082521,5.639696220234477,-1.8236061427711454,1.9667218377914004,0.20786516853932585,0.9760918512282338,1.0,0,0,0,1.0,0,0,0,1.0,0,0,0,1.0,0,0,0,0.878833084089438,0.26436444979952284
SOXS/SMH,fund_vs_underlying,SOXS,SMH,100 - RSI(underlying),28,2011,252,2011-01-03,2011-12-30,2.5906898986744533,2.40216477223775,6.4099202623563505,7.051827407575635,8.328518335799252,-1.8508677691519368,2.5650315688444376,0.2261904761904762,0.9570423987095795,0.996031746031746,1,1,0,1.0,0,0,0,0.9841269841269841,4,4,4,1.0,0,0,0,0.9413135671775784,0.275924218408036
SOXS/SMH,fund_vs_underlying,SOXS,SMH,100 - RSI(underlying),28,2012,250,2012-01-03,2012-12-31,1.686763535205953,1.3703851598992287,4.235418627598093,5.354613885304229,5.621935667361726,-1.4855679547425453,1.5807617056549979,0.18,0.9734423711226118,1.0,0,0,0,1.0,0,0,0,1.0,0,0,0,1.0,0,0,0,0.6708553631967147,0.20353516705850427
SOXS/SMH,fund_vs_underlying,SOXS,SMH,100 - RSI(underlying),28,2013,252,2013-01-02,2013-12-31,2.5181243807649887,2.4983556430808385,5.300284461253637,6.248793682171578,6.516739715590283,-2.0447270366271253,2.1423709896327914,0.19047619047619047,0.9094370588550558,1.0,0,0,0,1.0,0,0,0,1.0,0,0,0,1.0,0,0,0,0.5192845632782354,0.16518367037759116
SOXS/SMH,fund_vs_underlying,SOXS,SMH,100 - RSI(underlying),28,2014,252,2014-01-02,2014-12-31,2.056327168708966,1.8345835696903237,4.724451710439685,6.03279252598845,6.450409046986458,-1.06096289731565,2.2274023653885267,0.3492063492063492,0.9476300978160944,1.0,0,0,0,1.0,0,0,0,0.9761904761904762,6,0,6,1.0,0,0,0,0.5629561952887747,0.17643113424962054
SOXS/SMH,fund_vs_underlying,SOXS,SMH,100 - RSI(underlying),28,2015,252,2015-01-02,2015-12-31,1.8951945533236207,1.818016458098473,4.056936118641353,4.867305188506646,5.318960997197095,-1.7662078642296193,1.3406887822643057,0.07936507936507936,0.9801196350885385,0.996031746031746,1,2,1,1.0,0,0,0,1.0,0,0,0,1.0,0,0,0,0.683679850932909,0.2180385193279435
SOXS/SMH,fund_vs_underlying,SOXS,SMH,100 - RSI(underlying),28,2016,252,2016-01-04,2016-12-30,1.9742121926876983,1.6045737341642976,5.181160492128346,5.523592008258641,6.78167272182904,-1.6219591637275441,1.8433246644957695,0.19047619047619047,0.9720045142557655,1.0,0,0,0,1.0,0,0,0,1.0,0,0,0,1.0,0,0,0,0.6778191576910719,0.21997422128943955
SOXS/SMH,fund_vs_underlying,SOXS,SMH,100 - RSI(underlying),28,2017,251,2017-01-03,2017-12-29,2.080610914254043,1.7970285106575474,4.390908468669814,5.321232197247905,5.9948573462677714,-1.3628412540186738,2.1060167890709516,0.24701195219123506,0.9530811226168827,1.0,0,0,0,1.0,0,0,0,0.9482071713147411,13,6,17,1.0,0,0,0,0.5204085153128876,0.16230796524469338
SOXS/SMH,fund_vs_underlying,SOXS,SMH,100 - RSI(underlying),28,2018,251,2018-01-02,2018-12-31,2.200360306070715,2.2558351234963467,3.707456195217091,3.859878779833373,3.9191785857399495,-2.180407588535568,1.0118083085423348,0.0199203187250996,0.9887502979262962,1.0,0,0,0,1.0,0,0,0,1.0,0,0,0,1.0,0,0,0,0.8366212397289539,0.28023141573982446
SOXS/SMH,fund_vs_underlying,SOXS,SMH,100 - RSI(underlying),28,2019,252,2019-01-02,2019-12-31,1.823088577211104,1.665217506326016,4.0565608892638245,5.3452000793623515,5.930778138374542,-1.181774559704225,1.8851638385819836,0.2896825396825397,0.9811625155646492,1.0,0,0,0,1.0,0,0,0,1.0,0,0,0,1.0,0,0,0,0.7857993658243452,0.2571186189032484
SOXS/SMH,fund_vs_underlying,SOXS,SMH,100 - RSI(underlying),28,2020,253,2020-01-02,2020-12-31,2.4177058358669368,1.7673041288272415,7.42195302778831,8.301250398758105,8.615137987749058,-1.9251892185956316,2.589568050899791,0.25296442687747034,0.9607344051603488,1.0,0,0,0,1.0,0,0,0,0.9920948616600791,2,0,2,1.0,0,0,0,1.3774372257344163,0.4422030791678883
SOXS/SMH,fund_vs_underlying,SOXS,SMH,100 - RSI(underlying),28,2021,252,2021-01-04,2021-12-31,2.667642235747553,2.553040458290038,5.388567197691171,5.68426637961068,5.9228084253661635,-2.269710387614936,2.060311089950471,0.15873015873015872,0.9645295258304132,1.0,0,0,0,1.0,0,0,0,0.9563492063492064,11,0,11,1.0,0,0,0,0.904533739494633,0.3027913997795654
SOXS/SMH,fund_vs_underlying,SOXS,SMH,100 - RSI(underlying),28,2022,251,2022-01-03,2022-12-30,3.3082321572806683,3.5306033229158373,4.500467586571354,4.853804384249692,5.010158309071791,-3.3082321572806683,0.9560016189392895,0.0,0.9857201748549135,1.0,0,0,0,1.0,0,0,0,1.0,0,0,0,1.0,0,0,0,1.3113641588857397,0.42588958553502604
SOXS/SMH,fund_vs_underlying,SOXS,SMH,100 - RSI(underlying),28,2023,250,2023-01-03,2023-12-29,1.4214711649910177,1.2185717427077591,3.153023033265649,3.717854387964712,4.138506943609983,-0.47804778727627445,1.646976192583505,0.352,0.9706892189577836,1.0,0,0,0,1.0,0,0,0,0.996,1,0,1,1.0,0,0,0,0.8495503608341314,0.27501572512332195
SOXS/SMH,fund_vs_underlying,SOXS,SMH,100 - RSI(underlying),28,2024,252,2024-01-02,2024-12-31,1.9516007042851935,1.6672794383822946,4.509071686303622,6.009714580538263,7.002123135063201,0.2223287234104211,2.4706336388761536,0.49603174603174605,0.9717363600859281,1.0,0,0,0,1.0,0,0,0,0.9563492063492064,11,0,11,1.0,0,0,0,1.0354179689164096,0.3493722003010777
SOXS/SMH,fund_vs_underlying,SOXS,SMH,100 - RSI(underlying),28,2025,250,2025-01-02,2025-12-31,2.408821881347207,2.1420324909739286,6.527493471643511,8.398219025405728,8.751985768314178,-0.822241533436515,2.970586369247828,0.348,0.9474797502618119,0.992,2,2,0,1.0,0,0,0,0.976,6,0,6,1.0,0,0,0,1.1866298712065524,0.3798896002995087
SOXS/SMH,fund_vs_underlying,SOXS,SMH,100 - RSI(underlying),28,2026,156,2026-01-02,2026-08-17,7.666959045660706,3.919078315960885,23.29717843743925,25.22048827960514,28.183032196049915,-6.806711378926332,8.61061374641508,0.16666666666666666,0.3235849686076055,1.0,0,0,0,1.0,0,0,0,0.5897435897435898,64,58,16,1.0,0,0,0,1.9265528147839723,0.4389177363353758
SOXS/SMH,fund_vs_underlying,SOXS,SMH,100 - RSI(underlying),28,pooled,4106,2010-04-21,2026-08-17,2.412053149458379,2.053633632176993,5.213551832563761,12.442035921846463,28.183032196049915,-1.755072038797598,2.8949722647235587,0.22235752557233318,0.9298105009241245,0.9990258158792011,4,5,1,1.0,0,0,0,0.9712615684364345,118,68,74,1.0,0,0,0,0.9562700986607985,0.29509614774305515
SQQQ/QQQ,fund_vs_underlying,SQQQ,QQQ,100 - RSI(underlying),7,2010,218,2010-02-23,2010-12-31,2.1741311936253576,1.6996943837539078,5.397828741506228,13.320175963841411,15.11335233523603,-1.948086617009962,2.464639240133619,0.12844036697247707,0.9914482288717856,0.9908256880733946,2,17,15,0.9954128440366973,1,4,5,0.963302752293578,8,81,73,0.9495412844036697,11,41,30,0.5655166780990942,0.19289110615055877
SQQQ/QQQ,fund_vs_underlying,SQQQ,QQQ,100 - RSI(underlying),7,2011,252,2011-01-03,2011-12-30,1.754326004922867,1.633303638518374,3.775984917547834,5.121997112398792,5.746340539635568,-1.6670556675390076,1.2189238228421813,0.0873015873015873,0.9971463069964717,0.9880952380952381,3,22,25,0.996031746031746,1,3,2,0.9880952380952381,3,42,39,0.996031746031746,1,10,9,0.7020158868232641,0.23698740550786018
SQQQ/QQQ,fund_vs_underlying,SQQQ,QQQ,100 - RSI(underlying),7,2012,250,2012-01-03,2012-12-31,1.2899020294029506,1.2658100106492967,2.546798357744701,2.8682740557944677,3.0496188874679646,-1.172169352693035,0.9021175984504586,0.116,0.9989589040512672,0.98,5,25,30,0.996,1,5,6,0.98,5,80,75,0.992,2,28,26,0.4583496464340774,0.15329411936433399
SQQQ/QQQ,fund_vs_underlying,SQQQ,QQQ,100 - RSI(underlying),7,2013,252,2013-01-02,2013-12-31,1.1361999474648339,1.1034792598967478,2.235670142890876,2.789880840804989,3.242154344070002,-1.010541437398913,0.8307887137843626,0.12301587301587301,0.9984651218497775,0.996031746031746,1,2,3,1.0,0,0,0,0.9523809523809523,12,84,72,0.9880952380952381,3,22,21,0.3657826915096253,0.12233511191172147
SQQQ/QQQ,fund_vs_underlying,SQQQ,QQQ,100 - RSI(underlying),7,2014,252,2014-01-02,2014-12-31,1.0092083343313234,1.009418245312375,1.8764779368973028,2.3038890141758994,2.446362412377667,-0.7664068647170347,0.8534898246759591,0.21428571428571427,0.9991439394406296,0.996031746031746,1,11,12,0.996031746031746,1,2,1,0.9841269841269841,4,76,72,0.996031746031746,1,29,30,0.4151609598088963,0.13827347859451597
SQQQ/QQQ,fund_vs_underlying,SQQQ,QQQ,100 - RSI(underlying),7,2015,252,2015-01-02,2015-12-31,1.3792082683923879,1.309470753827462,2.968244262988627,4.609916075142294,5.774959321832355,-1.2845624706433487,1.0061434396931495,0.0873015873015873,0.9979787156671741,0.9880952380952381,3,13,16,1.0,0,3,3,0.996031746031746,1,35,34,1.0,0,16,16,0.5344749031610009,0.1787236423818498
SQQQ/QQQ,fund_vs_underlying,SQQQ,QQQ,100 - RSI(underlying),7,2016,252,2016-01-04,2016-12-30,1.0951458567518155,1.0544917496321418,2.4789655338388576,3.117532008214478,3.7134854433132602,-0.9643581442589083,0.9001689579808905,0.1388888888888889,0.9985877354660635,0.9920634920634921,2,27,29,1.0,0,7,7,0.9841269841269841,4,55,51,1.0,0,7,7,0.48248508619158964,0.16174498586559136
SQQQ/QQQ,fund_vs_underlying,SQQQ,QQQ,100 - RSI(underlying),7,2017,251,2017-01-03,2017-12-29,0.5789364001934123,0.48057409315140376,1.3876444123267966,1.9195094217225623,2.0182758793242357,-0.39666957763253313,0.6137835441493661,0.26693227091633465,0.999388056813187,1.0,0,3,3,1.0,0,0,0,0.9840637450199203,4,107,103,0.9840637450199203,4,37,39,0.30493646150330517,0.1031570152561944
SQQQ/QQQ,fund_vs_underlying,SQQQ,QQQ,100 - RSI(underlying),7,2018,251,2018-01-02,2018-12-31,1.2246901859376051,0.8896762484304332,2.8955272179001064,4.321270259588413,5.002679836736114,-0.9119548407766507,1.3019564954438176,0.27091633466135456,0.997275783620983,0.9920318725099602,2,19,21,0.9960159362549801,1,6,5,0.9880478087649402,3,47,46,0.9960159362549801,1,17,18,0.676940728040626,0.228908569015905
SQQQ/QQQ,fund_vs_underlying,SQQQ,QQQ,100 - RSI(underlying),7,2019,252,2019-01-02,2019-12-31,0.8643482734394776,0.6420082130796807,2.067682990643912,3.15031090848212,4.043508544274417,-0.3826542707545149,1.0460209780354903,0.3412698412698413,0.9981850802436553,0.9880952380952381,3,8,9,1.0,0,3,3,0.996031746031746,1,82,83,0.9801587301587301,5,18,23,0.48194108287320525,0.16190944332984417
SQQQ/QQQ,fund_vs_underlying,SQQQ,QQQ,100 - RSI(underlying),7,2020,253,2020-01-02,2020-12-31,2.2205092224669873,1.9206174285370707,6.621201003792336,8.635440560777834,9.767107598504687,-2.0029236900278935,2.141639268056361,0.17391304347826086,0.9933447531525952,0.9920948616600791,2,9,11,1.0,0,3,3,0.9802371541501976,5,83,78,1.0,0,21,21,1.04644949018834,0.356323921927571
SQQQ/QQQ,fund_vs_underlying,SQQQ,QQQ,100 - RSI(underlying),7,2021,252,2021-01-04,2021-12-31,1.3354977406687472,1.352615337878298,2.5042024469210986,3.218742285871098,3.6650987185281494,-1.2576489130041195,0.9039139583616813,0.10317460317460317,0.9988267239404295,0.996031746031746,1,14,15,1.0,0,0,0,0.9682539682539683,8,73,65,0.9920634920634921,2,19,17,0.5452307993967886,0.18217497130907107
SQQQ/QQQ,fund_vs_underlying,SQQQ,QQQ,100 - RSI(underlying),7,2022,251,2022-01-03,2022-12-30,2.046612051673306,2.1650430787815296,3.648205280500836,4.025551127981615,4.212779282904954,-1.923940117836127,1.2511720181849066,0.08366533864541832,0.9969222492988694,0.9920318725099602,2,41,43,0.9880478087649402,3,9,6,0.9880478087649402,3,17,14,1.0,0,0,0,0.9558195649368635,0.32149639899566984
SQQQ/QQQ,fund_vs_underlying,SQQQ,QQQ,100 - RSI(underlying),7,2023,250,2023-01-03,2023-12-29,0.7694867393982572,0.6403029020650841,1.9982606406782943,2.8888104902657807,3.0234206277877718,0.06165875722808249,0.9980317951563328,0.552,0.9982349534665245,1.0,0,14,14,1.0,0,0,0,0.988,3,69,70,0.968,8,15,23,0.5336786955227272,0.17865829253263218
SQQQ/QQQ,fund_vs_underlying,SQQQ,QQQ,100 - RSI(underlying),7,2024,252,2024-01-02,2024-12-31,0.8906315128591199,0.7676329031956826,2.1489535515608797,2.976794062702472,3.6642703538918227,0.3849918846754911,1.0570777090440613,0.6468253968253969,0.9981495244029381,0.996031746031746,1,13,12,1.0,0,1,1,0.9801587301587301,5,54,59,0.9801587301587301,5,13,18,0.5399058047804401,0.18006864652803786
SQQQ/QQQ,fund_vs_underlying,SQQQ,QQQ,100 - RSI(underlying),7,2025,250,2025-01-02,2025-12-31,1.1980038616001962,0.889181553135618,2.789025786875737,7.666065565712249,9.25600727806765,-0.15319223302535903,1.8481445089124835,0.528,0.9939080131311928,0.996,1,17,18,1.0,0,4,4,0.972,7,51,58,0.988,3,9,12,0.6997464912965845,0.23596751241675698
SQQQ/QQQ,fund_vs_underlying,SQQQ,QQQ,100 - RSI(underlying),7,2026,156,2026-01-02,2026-08-17,0.9028862005389374,0.7290536671729981,2.3635764066344844,2.597193649985863,2.616233434268004,-0.3460045888675666,1.1000246083716483,0.40384615384615385,0.9981241087288435,0.9935897435897436,1,10,11,0.9935897435897436,1,2,1,0.9871794871794872,2,36,36,0.9935897435897436,1,20,19,0.644168070513547,0.21589130666943204
SQQQ/QQQ,fund_vs_underlying,SQQQ,QQQ,100 - RSI(underlying),7,pooled,4146,2010-02-23,2026-08-17,1.2885741324295925,1.0754445061739233,3.093416720775892,5.307932003666054,15.11335233523603,-0.9318992137834273,1.4599975707525135,0.24819102749638206,0.9963947740774709,0.9927641099855282,30,265,287,0.9978292329956585,9,52,47,0.9811866859623734,78,1072,1028,0.9886637723106608,47,322,329,0.6140091550988657,0.20687836212911997
SQQQ/QQQ,fund_vs_underlying,SQQQ,QQQ,100 - RSI(underlying),14,2010,211,2010-03-04,2010-12-31,2.8087621283009345,2.0462278760015735,10.161908762029867,14.50553698008294,16.868317769514704,-2.6917609842543815,3.0876959498257324,0.08056872037914692,0.9771111285606687,1.0,0,1,1,1.0,0,0,0,0.95260663507109,10,65,55,0.919431279620853,17,22,5,0.5702577373412789,0.1946204013847908
SQQQ/QQQ,fund_vs_underlying,SQQQ,QQQ,100 - RSI(underlying),14,2011,252,2011-01-03,2011-12-30,1.8240487674286123,1.7818686557822154,3.6393832797244077,4.423150230833229,4.768955535766047,-1.8087080869506158,1.0116276382789144,0.023809523809523808,0.9957057143622875,1.0,0,1,1,1.0,0,0,0,0.9920634920634921,2,14,12,1.0,0,2,2,0.7020158868232641,0.23698740550786018
SQQQ/QQQ,fund_vs_underlying,SQQQ,QQQ,100 - RSI(underlying),14,2012,250,2012-01-03,2012-12-31,1.334575432890002,1.383152742647841,2.4601330434509396,2.6057708467045697,2.9374418826689705,-1.1870404215821446,0.9553551753330821,0.136,0.9982259068840559,0.992,2,5,7,1.0,0,0,0,0.972,7,56,49,0.996,1,3,4,0.4583496464340774,0.15329411936433399
SQQQ/QQQ,fund_vs_underlying,SQQQ,QQQ,100 - RSI(underlying),14,2013,252,2013-01-02,2013-12-31,1.080123038912386,1.125706470083422,1.8423348650041371,2.2309805324259813,2.3589950751167734,-0.9959967472899094,0.665145606627947,0.10714285714285714,0.9983035159558304,1.0,0,0,0,1.0,0,0,0,0.9722222222222222,7,38,35,1.0,0,0,0,0.3657826915096253,0.12233511191172147
SQQQ/QQQ,fund_vs_underlying,SQQQ,QQQ,100 - RSI(underlying),14,2014,252,2014-01-02,2014-12-31,1.0372682348351796,1.0940195680628158,1.8436232760567193,2.0792430691275308,2.172937371914351,-0.8643361269280455,0.7992358256281712,0.15873015873015872,0.998636922088548,1.0,0,2,2,1.0,0,0,0,0.9920634920634921,2,31,33,0.9920634920634921,2,1,3,0.4151609598088963,0.13827347859451597
SQQQ/QQQ,fund_vs_underlying,SQQQ,QQQ,100 - RSI(underlying),14,2015,252,2015-01-02,2015-12-31,1.456975696182516,1.3904027975385773,3.06718499927912,3.9992945055736264,4.317377845810611,-1.3705867131105782,0.9295931471692568,0.09523809523809523,0.9959779997335462,1.0,0,3,3,1.0,0,2,2,0.996031746031746,1,16,15,1.0,0,0,0,0.5344749031610009,0.1787236423818498
SQQQ/QQQ,fund_vs_underlying,SQQQ,QQQ,100 - RSI(underlying),14,2016,252,2016-01-04,2016-12-30,1.1736470921990199,1.1256958730712228,2.5609752188560133,2.9011385078093226,3.0357790707930405,-1.1161631584198193,0.763581853905837,0.07936507936507936,0.9978969616537924,0.996031746031746,1,5,6,1.0,0,0,0,0.996031746031746,1,12,13,1.0,0,0,0,0.48248508619158964,0.16174498586559136
SQQQ/QQQ,fund_vs_underlying,SQQQ,QQQ,100 - RSI(underlying),14,2017,251,2017-01-03,2017-12-29,0.6368806504010072,0.5827246711738923,1.3351847252137823,1.8943524980366355,2.397079836573461,-0.43023912472870524,0.6391336587840886,0.26294820717131473,0.9992410563281404,1.0,0,0,0,1.0,0,0,0,0.9880478087649402,3,71,72,0.9800796812749004,5,7,12,0.30493646150330517,0.1031570152561944
SQQQ/QQQ,fund_vs_underlying,SQQQ,QQQ,100 - RSI(underlying),14,2018,251,2018-01-02,2018-12-31,1.2344559090864555,1.1163330217296306,2.557096976253522,3.587645025629307,3.922566604124107,-0.9861462866541593,1.1459837690298154,0.23107569721115537,0.9965628977443521,0.9960159362549801,1,4,5,1.0,0,0,0,0.9681274900398407,8,23,27,1.0,0,3,3,0.676940728040626,0.228908569015905
SQQQ/QQQ,fund_vs_underlying,SQQQ,QQQ,100 - RSI(underlying),14,2019,252,2019-01-02,2019-12-31,0.9248954030800447,0.8583643898658693,2.1004418862020118,3.2428663781637694,3.8260106940407965,-0.44608559421335214,1.0589301552779167,0.35714285714285715,0.9972129661101764,1.0,0,2,2,1.0,0,0,0,0.996031746031746,1,37,38,0.9920634920634921,2,0,2,0.48194108287320525,0.16190944332984417
SQQQ/QQQ,fund_vs_underlying,SQQQ,QQQ,100 - RSI(underlying),14,2020,253,2020-01-02,2020-12-31,2.2843882205581876,1.9920700802865525,6.891603695967846,7.8716155313375955,8.198055623602684,-2.045209397040966,2.0939743555373385,0.1422924901185771,0.9905849984028555,0.9960474308300395,1,2,3,1.0,0,0,0,0.9841897233201581,4,39,39,0.9920948616600791,2,0,2,1.04644949018834,0.356323921927571
SQQQ/QQQ,fund_vs_underlying,SQQQ,QQQ,100 - RSI(underlying),14,2021,252,2021-01-04,2021-12-31,1.4098648643109952,1.433998888011807,2.6075657057856634,3.004391809954807,3.188680055990254,-1.3202044267802688,0.9073560914386216,0.08333333333333333,0.9981951908344613,0.996031746031746,1,0,1,1.0,0,0,0,0.996031746031746,1,28,27,1.0,0,0,0,0.5452307993967886,0.18217497130907107
SQQQ/QQQ,fund_vs_underlying,SQQQ,QQQ,100 - RSI(underlying),14,2022,251,2022-01-03,2022-12-30,2.2310656638603286,2.3751337086490736,3.5120727274013817,3.8601141836416417,4.010714858054669,-2.166149852527884,1.0565090791800258,0.04780876494023904,0.9943326554011207,0.9960159362549801,1,9,8,1.0,0,0,0,1.0,0,0,0,1.0,0,0,0,0.9558195649368635,0.32149639899566984
SQQQ/QQQ,fund_vs_underlying,SQQQ,QQQ,100 - RSI(underlying),14,2023,250,2023-01-03,2023-12-29,0.8262570434918268,0.6298585189804591,2.013503885654434,2.7923271330675963,3.1770084625033235,-0.02410990585873634,1.0705901203284236,0.46,0.996119414086676,1.0,0,0,0,1.0,0,0,0,0.988,3,31,34,1.0,0,0,0,0.5336786955227272,0.17865829253263218
SQQQ/QQQ,fund_vs_underlying,SQQQ,QQQ,100 - RSI(underlying),14,2024,252,2024-01-02,2024-12-31,0.7936461867203708,0.6563927663695281,2.103233203865058,2.711607221831743,2.9201808648926715,0.25673563301309277,0.9831525644086163,0.5912698412698413,0.9970631662013901,0.996031746031746,1,2,1,1.0,0,0,0,0.9722222222222222,7,18,25,0.9880952380952381,3,0,3,0.5399058047804401,0.18006864652803786
SQQQ/QQQ,fund_vs_underlying,SQQQ,QQQ,100 - RSI(underlying),14,2025,250,2025-01-02,2025-12-31,1.1428787293558553,0.8077174968025673,3.7169389330122415,6.795151142955136,7.703029707930192,-0.2647034395636592,1.7467520430145864,0.456,0.9896228573124266,1.0,0,6,6,1.0,0,0,0,0.94,15,11,26,1.0,0,0,0,0.6997464912965845,0.23596751241675698
SQQQ/QQQ,fund_vs_underlying,SQQQ,QQQ,100 - RSI(underlying),14,2026,156,2026-01-02,2026-08-17,1.0819525065822704,0.874951657354174,2.8986396429508083,3.6410108111459127,4.308246893570939,-0.33839572515963506,1.378918652011751,0.41025641025641024,0.9949485273139874,0.9935897435897436,1,2,1,1.0,0,0,0,0.9743589743589743,4,32,32,0.9807692307692307,3,1,4,0.644168070513547,0.21589130666943204
SQQQ/QQQ,fund_vs_underlying,SQQQ,QQQ,100 - RSI(underlying),14,pooled,4139,2010-03-04,2026-08-17,1.3625350661703042,1.1702328099166905,3.1719603969076617,6.664857529281805,16.868317769514704,-1.0480879601009683,1.511865043022072,0.21575259724571152,0.9922746126736584,0.9978255617298865,9,44,47,1.0,0,2,2,0.9816380768301523,76,522,532,0.9915438511717807,35,39,40,0.6143073128417849,0.20698263094143038
SQQQ/QQQ,fund_vs_underlying,SQQQ,QQQ,100 - RSI(underlying),28,2010,197,2010-03-24,2010-12-31,3.763717704718482,2.275980698017001,14.85751114854078,17.365879656258542,18.111258213148915,-3.605547887290388,4.392017277186451,0.08629441624365482,0.9129679097697826,1.0,0,0,0,1.0,0,0,0,0.868020304568528,26,29,9,0.9137055837563451,17,17,0,0.5854646819635787,0.1998588638820469
SQQQ/QQQ,fund_vs_underlying,SQQQ,QQQ,100 - RSI(underlying),28,2011,252,2011-01-03,2011-12-30,1.9412400856754364,1.9709767011704926,3.35409398866984,3.653151384094027,3.710269237476375,-1.9188657198596104,0.8721200454378163,0.023809523809523808,0.9945132528019939,1.0,0,0,0,1.0,0,0,0,1.0,0,2,2,1.0,0,0,0,0.7020158868232641,0.23698740550786018
SQQQ/QQQ,fund_vs_underlying,SQQQ,QQQ,100 - RSI(underlying),28,2012,250,2012-01-03,2012-12-31,1.5333763740655568,1.6984327230503915,2.651817005403377,3.0795838318204427,3.2909914666255276,-1.1833464206525195,1.2362033648692128,0.176,0.9957683753700988,1.0,0,0,0,1.0,0,0,0,0.968,8,3,11,1.0,0,0,0,0.4583496464340774,0.15329411936433399
SQQQ/QQQ,fund_vs_underlying,SQQQ,QQQ,100 - RSI(underlying),28,2013,252,2013-01-02,2013-12-31,0.9713814936893206,1.0357321707125848,1.7257472402043295,1.846961409217193,2.0866704066470874,-0.9230502119999391,0.614579049053174,0.09126984126984126,0.9980446294792988,1.0,0,0,0,1.0,0,0,0,1.0,0,0,0,1.0,0,0,0,0.3657826915096253,0.12233511191172147
SQQQ/QQQ,fund_vs_underlying,SQQQ,QQQ,100 - RSI(underlying),28,2014,252,2014-01-02,2014-12-31,1.0603232455144753,1.0843999659618255,1.9514922515250266,2.1780885056430592,2.278889827947438,-0.9704557345495984,0.7674148510777116,0.12698412698412698,0.9974125899577235,1.0,0,0,0,1.0,0,0,0,0.996031746031746,1,0,1,1.0,0,0,0,0.4151609598088963,0.13827347859451597
SQQQ/QQQ,fund_vs_underlying,SQQQ,QQQ,100 - RSI(underlying),28,2015,252,2015-01-02,2015-12-31,1.4206205155518568,1.3553246016412857,2.7200801611527154,2.979116752400455,3.0880794621335284,-1.402791628248159,0.7219411887247619,0.03571428571428571,0.9938777292798368,0.9920634920634921,2,2,0,1.0,0,0,0,1.0,0,0,0,1.0,0,0,0,0.5344749031610009,0.1787236423818498
SQQQ/QQQ,fund_vs_underlying,SQQQ,QQQ,100 - RSI(underlying),28,2016,252,2016-01-04,2016-12-30,1.2983117673223914,1.3014072998676127,2.341007821002398,2.597012235289324,2.665746288902085,-1.262297447892712,0.6815731699021393,0.06349206349206349,0.996873466214293,1.0,0,0,0,1.0,0,0,0,1.0,0,0,0,1.0,0,0,0,0.48248508619158964,0.16174498586559136
SQQQ/QQQ,fund_vs_underlying,SQQQ,QQQ,100 - RSI(underlying),28,2017,251,2017-01-03,2017-12-29,0.7589205533450494,0.725917825522167,1.6457777856519193,2.031437958485604,2.214431703783603,-0.37384613904870306,0.8298440548706764,0.3147410358565737,0.9977064201691247,1.0,0,0,0,1.0,0,0,0,0.9681274900398407,8,34,42,1.0,0,0,0,0.30493646150330517,0.1031570152561944
SQQQ/QQQ,fund_vs_underlying,SQQQ,QQQ,100 - RSI(underlying),28,2018,251,2018-01-02,2018-12-31,1.2360370132227285,1.2200982656314636,2.3105123985732554,2.7273644698937893,2.8957260234515374,-1.0478749734392272,1.014501756779254,0.18326693227091634,0.9958062809955361,1.0,0,0,0,1.0,0,0,0,1.0,0,10,10,1.0,0,0,0,0.676940728040626,0.228908569015905
SQQQ/QQQ,fund_vs_underlying,SQQQ,QQQ,100 - RSI(underlying),28,2019,252,2019-01-02,2019-12-31,1.0825338121763934,1.0367998951218276,2.570583403751969,3.0198807465958835,3.3686406929043926,-0.5378385730267894,1.18405996440671,0.3055555555555556,0.9958781644093432,1.0,0,0,0,1.0,0,0,0,0.9841269841269841,4,0,4,1.0,0,0,0,0.48194108287320525,0.16190944332984417
SQQQ/QQQ,fund_vs_underlying,SQQQ,QQQ,100 - RSI(underlying),28,2020,253,2020-01-02,2020-12-31,2.375045802119245,2.016781622991317,6.119899336308591,6.825475606402979,7.007127688660667,-1.8822944289338273,2.2780557606554632,0.21739130434782608,0.9858283367525285,1.0,0,0,0,1.0,0,0,0,0.9723320158102767,7,11,18,1.0,0,0,0,1.04644949018834,0.356323921927571
SQQQ/QQQ,fund_vs_underlying,SQQQ,QQQ,100 - RSI(underlying),28,2021,252,2021-01-04,2021-12-31,1.4273598971212924,1.3440407126677165,2.9456109402977004,3.2439426274953496,3.450255035344881,-1.3296746247712883,1.0219614154931376,0.11507936507936507,0.9968652013323512,1.0,0,0,0,1.0,0,0,0,1.0,0,0,0,1.0,0,0,0,0.5452307993967886,0.18217497130907107
SQQQ/QQQ,fund_vs_underlying,SQQQ,QQQ,100 - RSI(underlying),28,2022,251,2022-01-03,2022-12-30,2.329420033304422,2.487505217566202,3.318860785289303,3.5996507342778585,3.716963262930335,-2.3183885331735232,0.7336690588719255,0.01195219123505976,0.9921771760990173,1.0,0,0,0,1.0,0,0,0,1.0,0,0,0,1.0,0,0,0,0.9558195649368635,0.32149639899566984
SQQQ/QQQ,fund_vs_underlying,SQQQ,QQQ,100 - RSI(underlying),28,2023,250,2023-01-03,2023-12-29,0.956050715649542,0.7315783983223803,2.241331012932657,2.6876475916498697,3.1534603327364437,-0.10383623105744351,1.1948025895546124,0.352,0.9921810989030981,1.0,0,0,0,1.0,0,0,0,0.972,7,0,7,1.0,0,0,0,0.5336786955227272,0.17865829253263218
SQQQ/QQQ,fund_vs_underlying,SQQQ,QQQ,100 - RSI(underlying),28,2024,252,2024-01-02,2024-12-31,0.7733148269648342,0.6391245097791689,2.215691863641106,3.000384842457107,3.337013935801977,0.25329048467047305,0.990848820188985,0.5119047619047619,0.995618881017881,1.0,0,0,0,1.0,0,0,0,0.9761904761904762,6,0,6,1.0,0,0,0,0.5399058047804401,0.18006864652803786
SQQQ/QQQ,fund_vs_underlying,SQQQ,QQQ,100 - RSI(underlying),28,2025,250,2025-01-02,2025-12-31,1.1479389116328016,0.7575404865608881,4.0759987173169,5.4807338743237946,5.801550587525298,-0.34175872659043716,1.6082176758378863,0.344,0.9831038033630453,0.996,1,1,0,1.0,0,0,0,1.0,0,0,0,1.0,0,0,0,0.6997464912965845,0.23596751241675698
SQQQ/QQQ,fund_vs_underlying,SQQQ,QQQ,100 - RSI(underlying),28,2026,156,2026-01-02,2026-08-17,1.2305612803413568,1.0429265134914907,2.9250021054535402,3.3631093300941854,3.630992589005416,-0.32547522320648614,1.5617703738692494,0.3333333333333333,0.9863173147745622,1.0,0,0,0,1.0,0,0,0,0.9166666666666666,13,1,14,1.0,0,0,0,0.644168070513547,0.21589130666943204
SQQQ/QQQ,fund_vs_underlying,SQQQ,QQQ,100 - RSI(underlying),28,pooled,4125,2010-03-24,2026-08-17,1.4649183989565795,1.2407096996434177,3.1849024950084677,6.437545754296169,18.111258213148915,-1.1205805225705607,1.712901025563038,0.19175757575757577,0.9786615682095262,0.9992727272727273,3,3,0,1.0,0,0,0,0.9806060606060606,80,90,124,0.9958787878787879,17,17,0,0.615124268116457,0.2072595135229523
TECS/XLK,fund_vs_underlying,TECS,XLK,100 - RSI(underlying),7,2009,247,2009-01-09,2009-12-31,3.7252931593405076,3.1530203495771048,8.159993697001239,12.576805839463624,15.809434511486685,-3.2693722831457435,3.2575756567606655,0.13360323886639677,0.9742216097370491,0.9919028340080972,2,6,8,1.0,0,0,0,0.902834008097166,24,79,55,0.9635627530364372,9,13,12,0.8003926286748222,0.2542209714491537
TECS/XLK,fund_vs_underlying,TECS,XLK,100 - RSI(underlying),7,2010,252,2010-01-04,2010-12-31,2.4106759310080923,2.0877972039176242,5.483278523744812,7.327992826212966,8.017205118075502,-1.2313002557687727,2.7060142342533737,0.3333333333333333,0.9894972518481135,0.9801587301587301,5,24,23,0.996031746031746,1,5,4,0.9603174603174603,10,75,77,0.9642857142857143,9,28,29,0.5873811303968155,0.18699039624642877
TECS/XLK,fund_vs_underlying,TECS,XLK,100 - RSI(underlying),7,2011,252,2011-01-03,2011-12-30,2.2481211757276034,1.698494205858001,6.019649802239197,9.016020814442042,14.530898516684175,-1.225768111191096,2.715318153112835,0.30952380952380953,0.9861583595241197,0.9761904761904762,6,25,25,0.996031746031746,1,4,3,0.9642857142857143,9,41,36,0.9761904761904762,6,10,6,0.7165638761498582,0.22594529607505348
TECS/XLK,fund_vs_underlying,TECS,XLK,100 - RSI(underlying),7,2012,250,2012-01-03,2012-12-31,1.5868954559722372,1.3709564224549986,3.673333383527446,7.984856052083594,8.601712103404537,-0.7066876991786182,2.0105388077389166,0.304,0.9946284760544442,0.98,5,27,28,0.992,2,5,5,0.972,7,71,70,0.964,9,30,31,0.4723918603708749,0.1475338288239188
TECS/XLK,fund_vs_underlying,TECS,XLK,100 - RSI(underlying),7,2013,252,2013-01-02,2013-12-31,1.241461626244322,1.1473201600388698,2.6440038599288673,2.983580151155246,3.4354060606027943,-1.0010197641337888,1.044022896583818,0.15476190476190477,0.9973471742010356,1.0,0,3,3,1.0,0,0,0,0.9642857142857143,9,61,54,0.9801587301587301,5,11,14,0.3444803916606485,0.11536638266100993
TECS/XLK,fund_vs_underlying,TECS,XLK,100 - RSI(underlying),7,2014,252,2014-01-02,2014-12-31,1.309188270799159,1.20188125085226,2.9454570329546494,3.866162537798439,5.613710054173694,-0.9370645562656383,1.2995115464409714,0.21825396825396826,0.9969445965876579,0.9920634920634921,2,14,16,1.0,0,1,1,0.9722222222222222,7,65,62,0.9761904761904762,6,23,25,0.3794968881673473,0.12642445905398922
TECS/XLK,fund_vs_underlying,TECS,XLK,100 - RSI(underlying),7,2015,252,2015-01-02,2015-12-31,1.5718302299170526,1.5078260849425824,3.4585540497525233,4.456644203230552,5.4518808095247735,-1.4854241066814433,1.092281315323278,0.0873015873015873,0.9973728852724804,0.9920634920634921,2,15,17,1.0,0,3,3,0.9880952380952381,3,42,39,0.9920634920634921,2,9,9,0.5228459153031015,0.17744231254594442
TECS/XLK,fund_vs_underlying,TECS,XLK,100 - RSI(underlying),7,2016,252,2016-01-04,2016-12-30,1.2604733718934484,1.1578804718311808,2.70584555675345,3.2196461418973987,6.580924889648813,-1.0860441213294747,1.0977026590633885,0.1388888888888889,0.9978602803577318,0.9841269841269841,4,19,23,1.0,0,6,6,0.9801587301587301,5,62,57,0.9841269841269841,4,16,14,0.45786302077798563,0.15317223548201117
TECS/XLK,fund_vs_underlying,TECS,XLK,100 - RSI(underlying),7,2017,251,2017-01-03,2017-12-29,1.076143768326874,0.9368672731526573,2.553565759580561,3.165818511166737,3.7640695615643267,-0.7720005760973787,1.0590221056525813,0.20318725099601595,0.9977235118958794,1.0,0,2,2,1.0,0,1,1,0.9840637450199203,4,98,94,0.9760956175298805,6,41,45,0.3047843760952709,0.1038170736997291
TECS/XLK,fund_vs_underlying,TECS,XLK,100 - RSI(underlying),7,2018,251,2018-01-02,2018-12-31,1.3412534244299719,1.2075059774418833,2.919694498274108,4.35083725908866,4.793426360550676,-1.0194302776995172,1.3173161004505038,0.23107569721115537,0.9970215996216089,0.9880478087649402,3,17,18,1.0,0,5,5,0.9920318725099602,2,41,41,0.9880478087649402,3,13,16,0.6873782555970953,0.23314082810495637
TECS/XLK,fund_vs_underlying,TECS,XLK,100 - RSI(underlying),7,2019,252,2019-01-02,2019-12-31,1.0824753766530748,0.9166180637354202,2.468686103948553,3.7766693907050435,4.94151142046023,-0.4363504122018266,1.287660097038382,0.376984126984127,0.9978267379743205,0.9880952380952381,3,9,10,0.996031746031746,1,3,2,0.9801587301587301,5,94,99,0.9801587301587301,5,25,30,0.539592633360629,0.18043328147290816
TECS/XLK,fund_vs_underlying,TECS,XLK,100 - RSI(underlying),7,2020,253,2020-01-02,2020-12-31,2.4610605141363844,1.9749066865407698,7.604688235215717,9.613405621797048,10.251180946216891,-2.120468687776176,2.44189788407403,0.16600790513833993,0.9901964102856371,0.9920948616600791,2,10,12,0.9920948616600791,2,2,4,0.9762845849802372,6,66,62,0.9841897233201581,4,17,21,1.1467967177201701,0.40165230978945937
TECS/XLK,fund_vs_underlying,TECS,XLK,100 - RSI(underlying),7,2021,252,2021-01-04,2021-12-31,1.398805850648194,1.3607435156236818,2.5987701270932697,3.112288291473924,3.762870178822233,-1.238606832042784,1.0289688995631712,0.12698412698412698,0.9983933989662331,0.9880952380952381,3,8,11,1.0,0,0,0,0.9801587301587301,5,61,58,0.9920634920634921,2,12,14,0.5825315018260704,0.19295963810875882
TECS/XLK,fund_vs_underlying,TECS,XLK,100 - RSI(underlying),7,2022,251,2022-01-03,2022-12-30,2.0921046056456354,2.2265933931855244,3.607908686280915,3.8803417647162135,4.414990981987792,-1.9946820546174375,1.2278104710383386,0.08764940239043825,0.9969600352459139,0.9840637450199203,4,36,40,0.9920318725099602,2,8,6,0.9960159362549801,1,16,15,1.0,0,0,0,0.9813918885873437,0.32828277329578115
TECS/XLK,fund_vs_underlying,TECS,XLK,100 - RSI(underlying),7,2023,250,2023-01-03,2023-12-29,0.7389254123573175,0.6082237166427262,1.799177532765483,2.457897781373519,2.6104677818396667,0.016192893208863836,0.9287754245987546,0.508,0.9984735570601376,0.988,3,17,14,1.0,0,1,1,0.992,2,74,74,0.972,7,12,19,0.5561350699286713,0.18546037324805875
TECS/XLK,fund_vs_underlying,TECS,XLK,100 - RSI(underlying),7,2024,252,2024-01-02,2024-12-31,0.8879618331852841,0.7372754563960697,2.1671212796603796,3.241658471067884,3.774518287865554,-0.2318042899264105,1.0937066780147497,0.3968253968253968,0.9976475774926082,0.9920634920634921,2,16,16,1.0,0,1,1,0.996031746031746,1,43,44,0.9880952380952381,3,13,16,0.659855030024604,0.22198868457290827
TECS/XLK,fund_vs_underlying,TECS,XLK,100 - RSI(underlying),7,2025,250,2025-01-02,2025-12-31,1.3569766414974211,0.8749950138965836,3.413053739938358,8.75660517701144,10.913786423017406,-0.5637495462893749,2.0635984854619713,0.428,0.9929378475116325,1.0,0,17,17,1.0,0,3,3,0.996,1,65,66,0.984,4,12,16,0.8170543672478175,0.2762406495868203
TECS/XLK,fund_vs_underlying,TECS,XLK,100 - RSI(underlying),7,2026,156,2026-01-02,2026-08-17,1.5793069324791316,1.2710235027567407,3.861750489529568,4.648168606478075,5.394746073805237,-1.0517472431519828,1.6771346390049606,0.25,0.9956070182484942,1.0,0,7,7,1.0,0,1,1,0.9743589743589743,4,40,36,0.9935897435897436,1,21,20,0.8784308936539228,0.2923022281890734
TECS/XLK,fund_vs_underlying,TECS,XLK,100 - RSI(underlying),7,pooled,4427,2009-01-09,2026-08-17,1.6311999852286723,1.2970887909940103,4.35165501724409,7.701200055723534,15.809434511486685,-1.1312522943838383,1.920602484712568,0.24734583239213914,0.9933231935843302,0.989609216173481,46,272,290,0.9979670205556811,9,49,46,0.9762819064829455,105,1094,1039,0.9807996385814322,85,306,337,0.6664031255373832,0.2225639628223143
TECS/XLK,fund_vs_underlying,TECS,XLK,100 - RSI(underlying),14,2009,240,2009-01-21,2009-12-31,3.2598001978365025,3.2545672466654914,5.874588406093433,6.7008615523207995,6.816719408221694,-3.183426634157991,1.8772892742361358,0.075,0.9780259615960005,1.0,0,0,0,1.0,0,0,0,0.925,18,31,15,1.0,0,0,0,0.7773553666660941,0.24977349237155644
TECS/XLK,fund_vs_underlying,TECS,XLK,100 - RSI(underlying),14,2010,252,2010-01-04,2010-12-31,1.9825595104683016,1.6620498774292471,4.640790722901162,5.23247211453559,6.517036227057858,-1.4025100301009812,2.0079325996087634,0.27380952380952384,0.9886889576846651,0.9920634920634921,2,2,2,1.0,0,0,0,0.9642857142857143,9,38,39,0.9920634920634921,2,4,4,0.5873811303968155,0.18699039624642877
TECS/XLK,fund_vs_underlying,TECS,XLK,100 - RSI(underlying),14,2011,252,2011-01-03,2011-12-30,1.8468038395927753,1.6879509131858157,3.9807187877883163,5.0911812464922095,6.206605559597335,-1.404072266709356,1.7483828457093498,0.19444444444444445,0.9871598229944394,0.996031746031746,1,5,4,1.0,0,0,0,0.9841269841269841,4,15,11,0.9920634920634921,2,2,0,0.7165638761498582,0.22594529607505348
TECS/XLK,fund_vs_underlying,TECS,XLK,100 - RSI(underlying),14,2012,250,2012-01-03,2012-12-31,1.2189854693948523,1.129469800501763,2.7849982754204627,3.8222352528710712,4.643902983562867,-0.5543708767786761,1.381618716859837,0.34,0.9953269240687778,0.988,3,6,9,1.0,0,0,0,0.98,5,51,46,0.992,2,1,3,0.4723918603708749,0.1475338288239188
TECS/XLK,fund_vs_underlying,TECS,XLK,100 - RSI(underlying),14,2013,252,2013-01-02,2013-12-31,1.1680726712005074,1.1680720218439404,1.9613537037959365,2.1976903676928465,2.2622551400632958,-1.092722071601167,0.6675128370425695,0.07539682539682539,0.997846576327937,1.0,0,0,0,1.0,0,0,0,0.9880952380952381,3,14,13,1.0,0,0,0,0.3444803916606485,0.11536638266100993
TECS/XLK,fund_vs_underlying,TECS,XLK,100 - RSI(underlying),14,2014,252,2014-01-02,2014-12-31,1.147098808733875,1.172713416010847,2.1061418502317686,2.9354461135048195,3.9399478477413936,-1.054415030908091,0.8109623248494771,0.09126984126984126,0.997487903727892,1.0,0,1,1,1.0,0,0,0,0.9841269841269841,4,25,21,1.0,0,0,0,0.3794968881673473,0.12642445905398922
TECS/XLK,fund_vs_underlying,TECS,XLK,100 - RSI(underlying),14,2015,252,2015-01-02,2015-12-31,1.6415679744115987,1.59362505366947,3.051763403879689,3.8218981734492306,4.115789335169005,-1.6037584308218729,0.865018501753068,0.03571428571428571,0.9958204516142206,1.0,0,3,3,0.996031746031746,1,1,0,0.9841269841269841,4,11,9,1.0,0,0,0,0.5228459153031015,0.17744231254594442
TECS/XLK,fund_vs_underlying,TECS,XLK,100 - RSI(underlying),14,2016,252,2016-01-04,2016-12-30,1.2204167304706013,1.1198807473524326,2.4550686924154315,2.752757798492872,2.886344320385099,-1.1564492890664273,0.7926148118577491,0.0873015873015873,0.9978043648483458,1.0,0,2,2,1.0,0,0,0,1.0,0,23,23,1.0,0,0,0,0.45786302077798563,0.15317223548201117
TECS/XLK,fund_vs_underlying,TECS,XLK,100 - RSI(underlying),14,2017,251,2017-01-03,2017-12-29,0.9449576341626761,0.9444246024611829,1.9540756393567698,2.278613257488505,2.419807281152025,-0.8349786152566923,0.7184290138613693,0.11952191235059761,0.9980220438238722,1.0,0,0,0,1.0,0,0,0,0.9601593625498008,10,79,73,0.9840637450199203,4,15,11,0.3047843760952709,0.1038170736997291
TECS/XLK,fund_vs_underlying,TECS,XLK,100 - RSI(underlying),14,2018,251,2018-01-02,2018-12-31,1.266840906970625,1.1049534077444818,2.631339466788603,3.720860533045002,3.9175071435444053,-1.0744541216816639,1.1127456583782638,0.1752988047808765,0.9962042394700686,1.0,0,4,4,1.0,0,0,0,0.9840637450199203,4,15,17,1.0,0,0,0,0.6873782555970953,0.23314082810495637
TECS/XLK,fund_vs_underlying,TECS,XLK,100 - RSI(underlying),14,2019,252,2019-01-02,2019-12-31,1.1641203906976512,1.0524258065423062,2.4560537098005204,3.6872421420780666,3.987460170525523,-0.4756541338308821,1.3207117496054508,0.36904761904761907,0.9969304807219557,0.9920634920634921,2,1,3,1.0,0,0,0,0.9642857142857143,9,46,55,0.9880952380952381,3,0,3,0.539592633360629,0.18043328147290816
TECS/XLK,fund_vs_underlying,TECS,XLK,100 - RSI(underlying),14,2020,253,2020-01-02,2020-12-31,2.563524983310646,2.1115513038739238,7.338337027200382,8.59392175239867,9.35402965208025,-2.2381260631808413,2.3785693360819025,0.1422924901185771,0.9853874435141617,0.9960474308300395,1,1,2,1.0,0,0,0,0.9841897233201581,4,25,27,0.9881422924901185,3,1,4,1.1467967177201701,0.40165230978945937
TECS/XLK,fund_vs_underlying,TECS,XLK,100 - RSI(underlying),14,2021,252,2021-01-04,2021-12-31,1.4285883861712787,1.4852630315534157,2.551068628204211,2.7879562352567033,2.9414899698929915,-1.2788814429168653,0.9852445653897285,0.10317460317460317,0.9977114777630519,1.0,0,0,0,1.0,0,0,0,0.9880952380952381,3,20,19,1.0,0,0,0,0.5825315018260704,0.19295963810875882
TECS/XLK,fund_vs_underlying,TECS,XLK,100 - RSI(underlying),14,2022,251,2022-01-03,2022-12-30,2.279735769362268,2.5509885049416567,3.377180513885996,3.579254671673194,3.596997579216371,-2.229949007934694,1.0267976204872797,0.055776892430278883,0.9945135697262238,1.0,0,9,9,1.0,0,0,0,1.0,0,0,0,1.0,0,0,0,0.9813918885873437,0.32828277329578115
TECS/XLK,fund_vs_underlying,TECS,XLK,100 - RSI(underlying),14,2023,250,2023-01-03,2023-12-29,0.7860724356476738,0.655153713155034,1.9608257279803991,2.260535552153879,2.4048452646593432,-0.05442676589781101,0.9938977249058154,0.424,0.996699280649257,1.0,0,0,0,1.0,0,0,0,0.96,10,33,43,1.0,0,0,0,0.5561350699286713,0.18546037324805875
TECS/XLK,fund_vs_underlying,TECS,XLK,100 - RSI(underlying),14,2024,252,2024-01-02,2024-12-31,0.8584652934005615,0.6989985738464384,2.1359892239640246,2.7766469515216627,3.1232000263005517,-0.3950128565522001,1.0141234688970642,0.28174603174603174,0.9959524289628946,1.0,0,1,1,1.0,0,0,0,0.9880952380952381,3,16,19,0.996031746031746,1,0,1,0.659855030024604,0.22198868457290827
TECS/XLK,fund_vs_underlying,TECS,XLK,100 - RSI(underlying),14,2025,250,2025-01-02,2025-12-31,1.3912098048771462,1.0551102864584614,4.187810844394359,7.948565291623214,9.089698582304656,-0.6511165215230951,1.9602373906889254,0.332,0.9883722510709892,1.0,0,4,4,1.0,0,0,0,0.948,13,29,42,1.0,0,0,0,0.8170543672478175,0.2762406495868203
TECS/XLK,fund_vs_underlying,TECS,XLK,100 - RSI(underlying),14,2026,156,2026-01-02,2026-08-17,1.854984255911823,1.4584963344322155,4.786282351979509,6.2122088067666645,6.873476942073445,-1.123521332686694,2.0589783242956843,0.22435897435897437,0.9887182029233107,1.0,0,1,1,1.0,0,0,0,0.9807692307692307,3,33,32,0.9807692307692307,3,3,6,0.8784308936539228,0.2923022281890734
TECS/XLK,fund_vs_underlying,TECS,XLK,100 - RSI(underlying),14,pooled,4420,2009-01-21,2026-08-17,1.5466249411972819,1.2797681231182558,3.934932052681059,6.023444614534623,9.35402965208025,-1.2092979213409056,1.5808118115729375,0.18823529411764706,0.9910843190699934,0.9979638009049774,9,40,45,0.9997737556561086,1,1,0,0.9760180995475113,106,504,504,0.995475113122172,20,26,32,0.6648271109141531,0.22226734040108334
TECS/XLK,fund_vs_underlying,TECS,XLK,100 - RSI(underlying),28,2009,226,2009-02-10,2009-12-31,3.181232194520245,3.1199711044638896,5.673877768371522,7.013861813773055,7.335015425378963,-3.1718162918973674,1.549287100084694,0.017699115044247787,0.9786745124065107,1.0,0,0,0,1.0,0,0,0,1.0,0,0,0,1.0,0,0,0,0.7470620192278634,0.2406427033990486
TECS/XLK,fund_vs_underlying,TECS,XLK,100 - RSI(underlying),28,2010,252,2010-01-04,2010-12-31,1.8742968110642755,1.7152222991414199,3.9780954474533794,4.3955917436711704,4.553044728005055,-1.5370806634590142,1.6304085193434885,0.1865079365079365,0.9840878567879069,1.0,0,0,0,1.0,0,0,0,0.9841269841269841,4,1,5,1.0,0,0,0,0.5873811303968155,0.18699039624642877
TECS/XLK,fund_vs_underlying,TECS,XLK,100 - RSI(underlying),28,2011,252,2011-01-03,2011-12-30,1.6153959562496218,1.5399732230930745,3.2782915561189823,3.7202998800432048,3.9401089761613264,-1.5230949117178345,1.160151281695805,0.10714285714285714,0.9875967107977923,1.0,0,0,0,1.0,0,0,0,0.9920634920634921,2,2,0,1.0,0,0,0,0.7165638761498582,0.22594529607505348
TECS/XLK,fund_vs_underlying,TECS,XLK,100 - RSI(underlying),28,2012,250,2012-01-03,2012-12-31,1.1071852763698826,0.9966827494741821,2.329650245175504,2.8537182611140195,3.4137503868590073,-0.4239906115726639,1.2710743681971408,0.38,0.9928879967218757,1.0,0,0,0,1.0,0,0,0,0.956,11,5,16,1.0,0,0,0,0.4723918603708749,0.1475338288239188
TECS/XLK,fund_vs_underlying,TECS,XLK,100 - RSI(underlying),28,2013,252,2013-01-02,2013-12-31,1.1508972591246285,1.2497668626349494,1.7656654384211559,1.8427046903716156,1.9102761953873966,-1.1130455107545454,0.5561094467524639,0.051587301587301584,0.9984451555597006,1.0,0,0,0,1.0,0,0,0,1.0,0,0,0,1.0,0,0,0,0.3444803916606485,0.11536638266100993
TECS/XLK,fund_vs_underlying,TECS,XLK,100 - RSI(underlying),28,2014,252,2014-01-02,2014-12-31,1.1200518244013549,1.0378496724888358,2.1019073642929205,2.5577673656205135,3.218210344426012,-1.0953631865490985,0.6576788975944131,0.031746031746031744,0.9969871339842297,1.0,0,0,0,1.0,0,0,0,1.0,0,0,0,1.0,0,0,0,0.3794968881673473,0.12642445905398922
TECS/XLK,fund_vs_underlying,TECS,XLK,100 - RSI(underlying),28,2015,252,2015-01-02,2015-12-31,1.6580935512819122,1.6505350597294104,2.6626943255886837,2.92646571986549,3.1499424158505462,-1.6422318100654645,0.6301833256452024,0.007936507936507936,0.9940252210722523,0.996031746031746,1,1,0,1.0,0,0,0,1.0,0,0,0,1.0,0,0,0,0.5228459153031015,0.17744231254594442
TECS/XLK,fund_vs_underlying,TECS,XLK,100 - RSI(underlying),28,2016,252,2016-01-04,2016-12-30,1.2916208366996702,1.307752072732189,2.2953437101546967,2.4467028155293904,2.5620897762669514,-1.256668202800429,0.69956643386069,0.05555555555555555,0.9973621917830364,1.0,0,0,0,1.0,0,0,0,1.0,0,0,0,1.0,0,0,0,0.45786302077798563,0.15317223548201117
TECS/XLK,fund_vs_underlying,TECS,XLK,100 - RSI(underlying),28,2017,251,2017-01-03,2017-12-29,0.8731118756634798,0.7915047892427651,1.9018326424869443,2.181688312401029,2.3379124072627775,-0.685287795860659,0.783757485669216,0.199203187250996,0.996604497284631,1.0,0,0,0,1.0,0,0,0,0.9960159362549801,1,40,41,1.0,0,0,0,0.3047843760952709,0.1038170736997291
TECS/XLK,fund_vs_underlying,TECS,XLK,100 - RSI(underlying),28,2018,251,2018-01-02,2018-12-31,1.2507032013564496,1.0784275372354344,2.4291661542185743,2.9192776323647216,3.2526304686398575,-1.1648755057801092,0.9342253171320618,0.11155378486055777,0.9951908866702902,1.0,0,0,0,1.0,0,0,0,1.0,0,3,3,1.0,0,0,0,0.6873782555970953,0.23314082810495637
TECS/XLK,fund_vs_underlying,TECS,XLK,100 - RSI(underlying),28,2019,252,2019-01-02,2019-12-31,1.2943806233001778,1.1998168830306888,2.9140988331308586,3.340543565638363,3.4614443898094436,-0.550809781742104,1.4345766281253032,0.35714285714285715,0.9968155166468109,1.0,0,0,0,1.0,0,0,0,0.9841269841269841,4,0,4,1.0,0,0,0,0.539592633360629,0.18043328147290816
TECS/XLK,fund_vs_underlying,TECS,XLK,100 - RSI(underlying),28,2020,253,2020-01-02,2020-12-31,2.6638506108900253,2.374808329153204,6.699844329600408,7.6377405587946585,8.074875515080592,-2.1794570679495955,2.489193041218487,0.16996047430830039,0.9795002989440316,1.0,0,0,0,1.0,0,0,0,0.9644268774703557,9,7,16,1.0,0,0,0,1.1467967177201701,0.40165230978945937
TECS/XLK,fund_vs_underlying,TECS,XLK,100 - RSI(underlying),28,2021,252,2021-01-04,2021-12-31,1.391957277777157,1.3736745589142636,2.724273279029496,2.9896834626007776,3.095829816519867,-1.272265290930388,1.0146857601478192,0.10714285714285714,0.9962928657748175,1.0,0,0,0,1.0,0,0,0,1.0,0,0,0,1.0,0,0,0,0.5825315018260704,0.19295963810875882
TECS/XLK,fund_vs_underlying,TECS,XLK,100 - RSI(underlying),28,2022,251,2022-01-03,2022-12-30,2.3791651907395788,2.608357600311436,3.103189761725215,3.273642303361431,3.295244518388351,-2.376496940973454,0.6735232718220868,0.00398406374501992,0.9926339352269494,1.0,0,0,0,1.0,0,0,0,1.0,0,0,0,1.0,0,0,0,0.9813918885873437,0.32828277329578115
TECS/XLK,fund_vs_underlying,TECS,XLK,100 - RSI(underlying),28,2023,250,2023-01-03,2023-12-29,0.9573475226341815,0.7726759796706233,2.1315923022460557,2.5051329634280686,3.041190893913779,-0.14065519717147626,1.1893680302980616,0.384,0.9925869192870908,1.0,0,0,0,1.0,0,0,0,0.996,1,0,1,1.0,0,0,0,0.5561350699286713,0.18546037324805875
TECS/XLK,fund_vs_underlying,TECS,XLK,100 - RSI(underlying),28,2024,252,2024-01-02,2024-12-31,0.8896701221882914,0.6892698200423837,2.0194994741638777,2.4557544405560225,2.675238128852712,-0.43449086956559074,1.001292325137345,0.25793650793650796,0.9940481921486175,1.0,0,0,0,1.0,0,0,0,0.9920634920634921,2,0,2,1.0,0,0,0,0.659855030024604,0.22198868457290827
TECS/XLK,fund_vs_underlying,TECS,XLK,100 - RSI(underlying),28,2025,250,2025-01-02,2025-12-31,1.5085630752242687,1.2020151457378958,4.688926380624087,6.404156657684066,6.833733954039737,-0.6605485058620281,1.8989918482479609,0.308,0.9795418899484618,0.988,3,3,0,1.0,0,0,0,1.0,0,0,0,1.0,0,0,0,0.8170543672478175,0.2762406495868203
TECS/XLK,fund_vs_underlying,TECS,XLK,100 - RSI(underlying),28,2026,156,2026-01-02,2026-08-17,2.154376028678813,1.4693806032858987,4.5428447982750235,4.871076498262229,5.171980230362749,-1.080647799432061,2.3525410671926603,0.24358974358974358,0.9698589510075815,1.0,0,0,0,1.0,0,0,0,0.9294871794871795,11,4,15,1.0,0,0,0,0.8784308936539228,0.2923022281890734
TECS/XLK,fund_vs_underlying,TECS,XLK,100 - RSI(underlying),28,pooled,4406,2009-02-10,2026-08-17,1.5543988086249008,1.3663077239096317,3.7521405672149335,5.577204334284563,8.074875515080592,-1.2326638978144466,1.502117474072712,0.16454834316840672,0.9843354496872492,0.9990921470721743,4,4,0,1.0,0,0,0,0.9897866545619609,45,62,103,1.0,0,0,0,0.6625231837928127,0.22163255742558316
PSQ/SH,inverse_vs_inverse,PSQ,SH,RSI(underlying),7,2006,127,2006-06-30,2006-12-29,8.263940157345358,6.369672336866955,21.402920487609393,22.623178661391126,25.280457108297128,4.149724794748218,9.508928482554754,0.6062992125984252,0.8051415093441825,0.937007874015748,8,10,2,0.9921259842519685,1,1,0,0.8503937007874016,19,99,100,0.9763779527559056,3,126,125,0.14914036235369177,0.08762080030583998
PSQ/SH,inverse_vs_inverse,PSQ,SH,RSI(underlying),7,2007,251,2007-01-03,2007-12-31,6.7352898256359905,5.174091150426435,18.1642356981078,24.02333701438385,27.462709943732357,-2.647427665149702,8.437329425954424,0.4302788844621514,0.8324838779904948,0.9601593625498008,10,12,18,0.9840637450199203,4,2,4,0.8605577689243028,35,211,228,0.9760956175298805,6,244,248,0.18917426359516676,0.16083821505104454
PSQ/SH,inverse_vs_inverse,PSQ,SH,RSI(underlying),7,2008,253,2008-01-02,2008-12-31,6.395083932293282,5.214288999600292,16.909871178501618,23.548257291866566,36.264895656311644,-0.6516492512607871,8.369315889168544,0.4426877470355731,0.8451787417645981,0.8893280632411067,28,38,36,0.932806324110672,17,13,16,0.9407114624505929,15,234,247,1.0,0,253,253,0.39693757267616303,0.4015521709298519
PSQ/SH,inverse_vs_inverse,PSQ,SH,RSI(underlying),7,2009,252,2009-01-02,2009-12-31,5.132877553766849,4.297687351981807,12.95226340739345,14.616698586882134,19.370952053344922,-2.4621314713336457,5.884032193782501,0.30952380952380953,0.9301675000658096,0.9563492063492064,11,8,19,0.9880952380952381,3,0,3,0.8452380952380952,39,177,192,0.9603174603174603,10,234,240,0.25669061125282083,0.2680443385849369
PSQ/SH,inverse_vs_inverse,PSQ,SH,RSI(underlying),7,2010,252,2010-01-04,2010-12-31,4.301246860328264,3.163686017536662,12.07747972916257,16.395077944055537,27.171888593149717,-0.8177668180064448,5.8158204093518115,0.4365079365079365,0.9493243627316306,0.9682539682539683,8,16,20,1.0,0,4,4,0.8293650793650794,43,173,174,0.9166666666666666,21,219,228,0.19269060660118062,0.18111579056565166
PSQ/SH,inverse_vs_inverse,PSQ,SH,RSI(underlying),7,2011,252,2011-01-03,2011-12-30,5.047153717902062,4.636745464871549,12.261163295651906,14.194079193111117,18.575928209334045,0.3210589736419774,6.167093245255474,0.5515873015873016,0.9256658942946132,0.9365079365079365,16,24,18,0.9880952380952381,3,3,4,0.9007936507936508,25,211,210,0.9682539682539683,8,243,243,0.236165974077256,0.23132250214954486
PSQ/SH,inverse_vs_inverse,PSQ,SH,RSI(underlying),7,2012,250,2012-01-03,2012-12-31,5.915493721441437,4.741407058435257,15.443544040844221,20.571204783794013,23.39544750820218,-0.21588511107997466,7.713561220383036,0.476,0.9164056554127332,0.96,10,25,19,0.996,1,5,6,0.884,29,168,183,0.928,18,222,234,0.15260727973569627,0.12674559343036323
PSQ/SH,inverse_vs_inverse,PSQ,SH,RSI(underlying),7,2013,252,2013-01-02,2013-12-31,7.127904846689258,5.184237617531686,19.029456117403093,30.932066453650034,36.81256289651872,-0.2114047898515103,9.584216764637478,0.5198412698412699,0.7693467556112403,0.9761904761904762,6,1,7,0.996031746031746,1,0,1,0.7817460317460317,55,169,164,0.9206349206349206,20,232,234,0.12190626746335868,0.11134731099503936
PSQ/SH,inverse_vs_inverse,PSQ,SH,RSI(underlying),7,2014,252,2014-01-02,2014-12-31,5.994914435114132,5.15692927107607,14.821432094345907,19.10207784968901,20.895012309882674,-0.6485378483759257,7.303107968986534,0.4722222222222222,0.9045415793069682,0.9404761904761905,15,10,19,1.0,0,1,1,0.8968253968253969,26,178,182,0.9047619047619048,24,222,232,0.13921570056251079,0.11271198612805011
PSQ/SH,inverse_vs_inverse,PSQ,SH,RSI(underlying),7,2015,252,2015-01-02,2015-12-31,4.028942188406822,3.4481534881528404,10.36412815671922,13.45706934585723,17.043011213658026,-1.9663760076186052,4.685356103087139,0.3611111111111111,0.9524761303380285,0.9682539682539683,8,13,15,1.0,0,3,3,0.9365079365079365,16,217,223,0.9365079365079365,16,236,252,0.1780129562898053,0.15468268680753647
PSQ/SH,inverse_vs_inverse,PSQ,SH,RSI(underlying),7,2016,252,2016-01-04,2016-12-30,6.946087506919884,4.74640470018505,20.97223825546794,28.565476345550294,38.90856008515567,1.4773820012223577,9.652251291412089,0.5238095238095238,0.8281140017718667,0.9484126984126984,13,28,15,0.9841269841269841,4,7,5,0.7896825396825397,53,199,194,0.9444444444444444,14,245,245,0.1612072471943587,0.13150743365898912
PSQ/SH,inverse_vs_inverse,PSQ,SH,RSI(underlying),7,2017,251,2017-01-03,2017-12-29,10.659302924043986,8.86717032236335,25.88833684667161,30.540775652346472,37.705922092793344,-1.021061208535173,13.163312880523819,0.38645418326693226,0.6162395763238757,0.9800796812749004,5,3,6,1.0,0,0,0,0.6852589641434262,79,149,168,0.8366533864541833,41,211,228,0.10166682991694957,0.06621915296507597
PSQ/SH,inverse_vs_inverse,PSQ,SH,RSI(underlying),7,2018,251,2018-01-02,2018-12-31,5.627071134246987,4.792869416752154,14.382281483497884,18.066839706884974,20.346298663768664,-1.4128619728389047,7.057995600664603,0.4103585657370518,0.9165626903511991,0.9641434262948207,9,19,26,0.9880478087649402,3,6,9,0.9043824701195219,24,206,210,0.9681274900398407,8,235,235,0.22672777502560135,0.1698632159597115
PSQ/SH,inverse_vs_inverse,PSQ,SH,RSI(underlying),7,2019,252,2019-01-02,2019-12-31,3.8459423000161648,2.9551621070123275,9.485626295723536,15.529556055035155,17.797471400533915,0.26839145625488325,4.991439782736717,0.5317460317460317,0.9488753756409988,0.9841269841269841,4,10,10,0.996031746031746,1,3,2,0.8928571428571429,27,171,168,0.9523809523809523,12,234,238,0.1630865318664044,0.12488018872955153
PSQ/SH,inverse_vs_inverse,PSQ,SH,RSI(underlying),7,2020,253,2020-01-02,2020-12-31,5.90299327258661,5.348833437158667,14.10577247245203,18.828428851573875,21.765459213656584,-2.286212771410067,6.907970643201098,0.3359683794466403,0.8981900797395531,0.9841897233201581,4,9,11,0.9960474308300395,1,3,4,0.7865612648221344,54,172,188,0.932806324110672,17,231,240,0.3531554985269871,0.3434688937940834
PSQ/SH,inverse_vs_inverse,PSQ,SH,RSI(underlying),7,2021,252,2021-01-04,2021-12-31,6.777060161860636,5.669146385063236,15.578984567081651,22.061067438391945,30.35383446793776,1.7886267177002069,8.231064050789636,0.6031746031746031,0.8518869243729535,0.9523809523809523,12,14,6,1.0,0,0,0,0.8492063492063492,38,183,189,0.9444444444444444,14,236,238,0.18423670118187477,0.12966819765131563
PSQ/SH,inverse_vs_inverse,PSQ,SH,RSI(underlying),7,2022,251,2022-01-03,2022-12-30,3.33053601836672,2.633819353444437,9.539867645680975,11.760159037453537,15.665032860300322,1.548577870733985,4.108825076371199,0.6175298804780877,0.9670605612570273,0.952191235059761,12,43,35,0.9840637450199203,4,9,9,0.9721115537848606,7,237,232,0.9880478087649402,3,251,248,0.32268372688020824,0.2430370674184301
PSQ/SH,inverse_vs_inverse,PSQ,SH,RSI(underlying),7,2023,250,2023-01-03,2023-12-29,6.07436876785127,4.401035091936947,16.423751176395115,20.407750253370597,22.332709875040536,-2.388747729499857,7.671061253648835,0.372,0.8931647652924518,0.936,16,14,26,0.972,7,0,7,0.892,27,191,198,0.968,8,240,238,0.18033289165126737,0.129993365422832
PSQ/SH,inverse_vs_inverse,PSQ,SH,RSI(underlying),7,2024,252,2024-01-02,2024-12-31,5.119359591709392,4.137704421138654,12.918834688184454,17.519961304552282,21.23928015849645,0.8136565121299763,6.5750303435359605,0.6111111111111112,0.9057540089448104,0.9484126984126984,13,16,17,0.9920634920634921,2,1,3,0.8849206349206349,29,203,198,0.9682539682539683,8,240,246,0.18024623263240855,0.12513142930084648
PSQ/SH,inverse_vs_inverse,PSQ,SH,RSI(underlying),7,2025,250,2025-01-02,2025-12-31,3.402651016307987,2.911989500339029,8.273204325388171,10.522759123828704,12.011197202820973,-0.2280351440180988,4.2761319977183705,0.4,0.9627681519028441,0.992,2,18,20,1.0,0,4,4,0.916,21,209,212,0.976,6,241,241,0.23413588221870515,0.18582592137341947
PSQ/SH,inverse_vs_inverse,PSQ,SH,RSI(underlying),7,2026,156,2026-01-02,2026-08-17,4.889906030083092,4.473982428449844,10.908268656620923,14.054568633890804,17.68082969101556,-0.15714258294513853,5.986536105236433,0.44871794871794873,0.9392317238032137,0.9551282051282052,7,11,12,0.9935897435897436,1,2,1,0.9294871794871795,11,121,120,0.9423076923076923,9,138,147,0.21521526141485237,0.13643839805029764
PSQ/SH,inverse_vs_inverse,PSQ,SH,RSI(underlying),7,pooled,5063,2006-06-30,2026-08-17,5.742702961562338,4.400714296830479,15.943574480287046,22.476238623833414,38.90856008515567,-0.43409457237260923,7.649549691068668,0.46592929093422875,0.891169933002001,0.9571400355520442,217,342,357,0.9895318980841399,53,67,86,0.8672723681611693,672,3878,3980,0.9474619790637961,266,4733,4833,0.22062144129184327,0.19350002045638878
PSQ/SH,inverse_vs_inverse,PSQ,SH,RSI(underlying),14,2006,120,2006-07-12,2006-12-29,5.590960833267857,3.961355963703472,15.140755497157674,16.9010026975436,19.009689968846935,3.605647348228438,6.594859289099912,0.6333333333333333,0.8433156360219368,0.9666666666666667,4,4,0,1.0,0,0,0,0.9166666666666666,10,111,113,1.0,0,120,120,0.14735716722023734,0.08808063351264492
PSQ/SH,inverse_vs_inverse,PSQ,SH,RSI(underlying),14,2007,251,2007-01-03,2007-12-31,4.76187544138733,3.9778600009359835,12.701454061107345,15.773598297286146,16.7770461288964,-2.2860970212818703,5.744626694600195,0.350597609561753,0.819949172411769,0.9840637450199203,4,2,4,1.0,0,0,0,0.9681274900398407,8,242,248,1.0,0,251,251,0.18917426359516676,0.16083821505104454
PSQ/SH,inverse_vs_inverse,PSQ,SH,RSI(underlying),14,2008,253,2008-01-02,2008-12-31,4.707400230924683,3.587060627925027,11.172233678633418,14.449945709217523,20.26684611973024,-0.5667696277742833,5.9554313113332,0.44664031620553357,0.848878880603362,0.9130434782608695,22,17,19,1.0,0,0,0,0.9960474308300395,1,252,253,1.0,0,253,253,0.39693757267616303,0.4015521709298519
PSQ/SH,inverse_vs_inverse,PSQ,SH,RSI(underlying),14,2009,252,2009-01-02,2009-12-31,3.5066146584591253,3.234157777610484,7.478163514074532,9.303489220776195,10.72484305036346,-2.36710225458252,3.474541521886234,0.24206349206349206,0.9398148166648959,0.9761904761904762,6,0,6,1.0,0,0,0,0.9523809523809523,12,228,234,1.0,0,252,252,0.25669061125282083,0.2680443385849369
PSQ/SH,inverse_vs_inverse,PSQ,SH,RSI(underlying),14,2010,252,2010-01-04,2010-12-31,2.5472700282241836,1.7473751859273108,7.541634076488011,9.266440576260559,11.725799388995341,-1.1609672033243137,3.247153389910298,0.36904761904761907,0.9677619032487852,0.996031746031746,1,1,0,1.0,0,0,0,0.8611111111111112,35,195,212,0.9801587301587301,5,247,252,0.19269060660118062,0.18111579056565166
PSQ/SH,inverse_vs_inverse,PSQ,SH,RSI(underlying),14,2011,252,2011-01-03,2011-12-30,3.4185428718085005,3.0018492244790878,7.765283007188546,10.15279675248038,11.479363631287654,0.33801430250071685,4.126436235988588,0.5793650793650794,0.9276574329768105,0.9880952380952381,3,1,4,0.996031746031746,1,0,1,0.9642857142857143,9,239,232,0.996031746031746,1,251,252,0.236165974077256,0.23132250214954486
PSQ/SH,inverse_vs_inverse,PSQ,SH,RSI(underlying),14,2012,250,2012-01-03,2012-12-31,4.089724911283805,3.234884853533945,11.172299025349258,13.78994428599902,15.228774589523574,0.19491528131394148,5.245084752072742,0.56,0.929914491983596,0.988,3,5,6,1.0,0,0,0,0.876,31,194,217,0.984,4,246,250,0.15260727973569627,0.12674559343036323
PSQ/SH,inverse_vs_inverse,PSQ,SH,RSI(underlying),14,2013,252,2013-01-02,2013-12-31,5.106699552301801,4.087390357302986,12.689030708030378,17.193302783983544,19.036180490641584,-0.1830423096835035,6.512477885346607,0.49206349206349204,0.706051809548748,1.0,0,0,0,1.0,0,0,0,0.8452380952380952,39,213,226,1.0,0,252,252,0.12190626746335868,0.11134731099503936
PSQ/SH,inverse_vs_inverse,PSQ,SH,RSI(underlying),14,2014,252,2014-01-02,2014-12-31,4.398074048169393,3.99905327803663,10.19436280809284,13.56731866168619,14.403508546533502,-1.0217430766533313,5.271197658377635,0.4166666666666667,0.8795931699083691,1.0,0,1,1,1.0,0,0,0,0.9126984126984127,22,221,231,0.9880952380952381,3,249,252,0.13921570056251079,0.11271198612805011
PSQ/SH,inverse_vs_inverse,PSQ,SH,RSI(underlying),14,2015,252,2015-01-02,2015-12-31,2.7111709169300853,2.2536122258654956,6.924429980844709,8.963973026308365,11.358985602340361,-1.9221303690903269,2.8688628700420415,0.30158730158730157,0.952436524987718,1.0,0,3,3,1.0,0,2,2,0.9325396825396826,17,235,252,1.0,0,252,252,0.1780129562898053,0.15468268680753647
PSQ/SH,inverse_vs_inverse,PSQ,SH,RSI(underlying),14,2016,252,2016-01-04,2016-12-30,5.509465205609921,4.2435780061710915,16.063312609708724,17.733814514010124,21.11621742719818,1.4270101043187955,6.998145848644966,0.6071428571428571,0.7966610244076104,0.9920634920634921,2,5,5,1.0,0,0,0,0.9206349206349206,20,239,243,1.0,0,252,252,0.1612072471943587,0.13150743365898912
PSQ/SH,inverse_vs_inverse,PSQ,SH,RSI(underlying),14,2017,251,2017-01-03,2017-12-29,7.993751865672811,7.433886109287123,16.60832720714977,18.743943294770318,23.503787547920453,-0.7552084177671734,9.260342731041325,0.42231075697211157,0.5497022302772823,1.0,0,0,0,1.0,0,0,0,0.6772908366533864,81,177,198,0.9601593625498008,10,240,246,0.10166682991694957,0.06621915296507597
PSQ/SH,inverse_vs_inverse,PSQ,SH,RSI(underlying),14,2018,251,2018-01-02,2018-12-31,4.024490076764203,3.5294593406400736,9.060645040489337,10.986961360539077,12.087133365629015,-0.870258607632169,4.828300530133003,0.42231075697211157,0.9305518307006618,0.9721115537848606,7,5,12,0.9920318725099602,2,0,2,0.9760956175298805,6,230,232,0.9721115537848606,7,248,241,0.22672777502560135,0.1698632159597115
PSQ/SH,inverse_vs_inverse,PSQ,SH,RSI(underlying),14,2019,252,2019-01-02,2019-12-31,2.3791894534454006,2.108646272875049,5.755681613202024,8.350311501164176,8.64893369439256,-0.0014583054767205415,2.9417364020052643,0.5317460317460317,0.9604580170944038,1.0,0,2,2,1.0,0,0,0,0.9087301587301587,23,218,229,1.0,0,252,252,0.1630865318664044,0.12488018872955153
PSQ/SH,inverse_vs_inverse,PSQ,SH,RSI(underlying),14,2020,253,2020-01-02,2020-12-31,3.9496227109412567,3.389133034450218,9.487176752433228,11.324408063839792,13.361365634905802,-2.2302536988646673,4.320761794818065,0.2885375494071146,0.9200871032359746,0.9881422924901185,3,3,6,0.9920948616600791,2,0,2,0.9090909090909091,23,214,231,1.0,0,252,252,0.3531554985269871,0.3434688937940834
PSQ/SH,inverse_vs_inverse,PSQ,SH,RSI(underlying),14,2021,252,2021-01-04,2021-12-31,4.862856529015621,4.378689078786511,10.3200776955075,14.435369003913697,16.482728974649305,1.400376798024296,5.653850302838547,0.5912698412698413,0.8295594945444985,1.0,0,0,0,1.0,0,0,0,0.8849206349206349,29,224,233,1.0,0,252,252,0.18423670118187477,0.12966819765131563
PSQ/SH,inverse_vs_inverse,PSQ,SH,RSI(underlying),14,2022,251,2022-01-03,2022-12-30,2.2627425268727723,1.748153071416482,6.688150396873212,7.802552216517743,8.403532211979133,1.261258802453072,2.636548995129263,0.7131474103585658,0.9667681291512229,1.0,0,9,9,1.0,0,0,0,0.9880478087649402,3,251,248,1.0,0,251,251,0.32268372688020824,0.2430370674184301
PSQ/SH,inverse_vs_inverse,PSQ,SH,RSI(underlying),14,2023,250,2023-01-03,2023-12-29,4.451138959439466,3.3578876840091745,12.064902282556162,15.310462604475477,16.216144141326694,-2.8519094921379184,4.948661400574072,0.28,0.9044259370243438,0.98,5,0,5,1.0,0,0,0,0.932,17,223,234,1.0,0,250,250,0.18033289165126737,0.129993365422832
PSQ/SH,inverse_vs_inverse,PSQ,SH,RSI(underlying),14,2024,252,2024-01-02,2024-12-31,3.469098927827482,2.978522078632963,7.764762625358535,11.026762915291599,13.868907123705625,1.0811511626117638,4.148987665832742,0.6666666666666666,0.9095294190531318,1.0,0,2,2,1.0,0,0,0,0.9523809523809523,12,237,241,1.0,0,252,252,0.18024623263240855,0.12513142930084648
PSQ/SH,inverse_vs_inverse,PSQ,SH,RSI(underlying),14,2025,250,2025-01-02,2025-12-31,2.1417083434825654,1.899364385544228,4.632883767335879,5.7704782368742205,6.216798970599363,-0.4307010822144429,2.512986494695076,0.376,0.9735498552892674,0.996,1,6,7,0.996,1,0,1,0.96,10,243,243,1.0,0,250,250,0.23413588221870515,0.18582592137341947
PSQ/SH,inverse_vs_inverse,PSQ,SH,RSI(underlying),14,2026,156,2026-01-02,2026-08-17,3.8641727485248962,3.92589987569848,7.330659711880237,8.847903544508805,9.751019081815684,-0.11851676549544912,4.428616747229495,0.44871794871794873,0.9360670511610345,0.9935897435897436,1,2,3,1.0,0,0,0,0.9038461538461539,15,128,143,0.9871794871794872,2,154,156,0.21521526141485237,0.13643839805029764
PSQ/SH,inverse_vs_inverse,PSQ,SH,RSI(underlying),14,pooled,5056,2006-07-12,2026-08-17,4.0481442754197,3.1287293509466068,10.851194285511381,15.52189517258135,23.503787547920453,-0.4624012747175429,5.268597236184621,0.4596518987341772,0.8917715587534404,0.9877373417721519,62,68,94,0.9988132911392406,6,2,8,0.9163370253164557,423,4514,4693,0.9936708860759493,32,5026,5040,0.22067679459690565,0.19361169452070215
PSQ/SH,inverse_vs_inverse,PSQ,SH,RSI(underlying),28,2006,106,2006-08-01,2006-12-29,3.6797966549100574,2.8783263072362644,11.62642033327455,12.771132225013002,13.51976468362271,3.3897734736662977,3.6839257848962594,0.8773584905660378,0.8793502998207464,1.0,0,0,0,1.0,0,0,0,1.0,0,106,106,1.0,0,106,106,0.13997278704976102,0.07572708530831614
PSQ/SH,inverse_vs_inverse,PSQ,SH,RSI(underlying),28,2007,251,2007-01-03,2007-12-31,3.625454648757943,3.182575216218595,9.307742867432527,11.238637055944295,12.281767511701787,-1.9412468857374852,4.074172211609949,0.3187250996015936,0.7667505654133637,1.0,0,0,0,1.0,0,0,0,1.0,0,251,251,1.0,0,251,251,0.18917426359516676,0.16083821505104454
PSQ/SH,inverse_vs_inverse,PSQ,SH,RSI(underlying),28,2008,253,2008-01-02,2008-12-31,3.3803688122544706,2.7745069777836875,7.78206833202255,9.092951927563366,9.491709367467827,-0.582694546926329,4.14264529738605,0.5098814229249012,0.8474751338413669,0.9920948616600791,2,4,2,1.0,0,0,0,1.0,0,253,253,1.0,0,253,253,0.39693757267616303,0.4015521709298519
PSQ/SH,inverse_vs_inverse,PSQ,SH,RSI(underlying),28,2009,252,2009-01-02,2009-12-31,2.316866154233751,2.2754893849070257,5.1378033043830476,6.109307245971918,6.489908165802817,-2.1527711239463887,1.8394821683541853,0.1388888888888889,0.9643681394849719,1.0,0,0,0,1.0,0,0,0,1.0,0,252,252,1.0,0,252,252,0.25669061125282083,0.2680443385849369
PSQ/SH,inverse_vs_inverse,PSQ,SH,RSI(underlying),28,2010,252,2010-01-04,2010-12-31,1.6512623694120012,1.2247699863347243,4.361811477583979,5.730155152822956,6.015229572157793,-1.3002830209098144,1.728680500576218,0.23809523809523808,0.9788467081065687,1.0,0,0,0,1.0,0,0,0,0.9722222222222222,7,245,252,1.0,0,252,252,0.19269060660118062,0.18111579056565166
PSQ/SH,inverse_vs_inverse,PSQ,SH,RSI(underlying),28,2011,252,2011-01-03,2011-12-30,2.353606039212339,2.1425132456252385,5.1819345139839035,6.718104162747245,7.234375769752823,0.10248262433188629,2.819451827222143,0.5396825396825397,0.9392673624947369,0.996031746031746,1,0,1,1.0,0,0,0,0.9841269841269841,4,250,246,1.0,0,252,252,0.236165974077256,0.23132250214954486
PSQ/SH,inverse_vs_inverse,PSQ,SH,RSI(underlying),28,2012,250,2012-01-03,2012-12-31,2.646736064355757,2.2321663842823227,7.182083015474254,8.345610938416938,9.520296194132072,0.3657975705814,3.3753070586995606,0.568,0.9288781981656642,1.0,0,0,0,1.0,0,0,0,0.956,11,239,250,1.0,0,250,250,0.15260727973569627,0.12674559343036323
PSQ/SH,inverse_vs_inverse,PSQ,SH,RSI(underlying),28,2013,252,2013-01-02,2013-12-31,4.008942478048723,3.53321478234135,8.691602580925283,10.139178217828995,11.292766123820684,0.1638250459404215,4.858656896764574,0.4801587301587302,0.5190877810490664,1.0,0,0,0,1.0,0,0,0,1.0,0,252,252,1.0,0,252,252,0.12190626746335868,0.11134731099503936
PSQ/SH,inverse_vs_inverse,PSQ,SH,RSI(underlying),28,2014,252,2014-01-02,2014-12-31,3.1682145112082383,2.838130106590345,7.106613901673627,8.36754066412331,9.109876128734832,-1.0475354088006514,3.7219592459789737,0.3492063492063492,0.8280484816824227,1.0,0,0,0,1.0,0,0,0,1.0,0,252,252,1.0,0,252,252,0.13921570056251079,0.11271198612805011
PSQ/SH,inverse_vs_inverse,PSQ,SH,RSI(underlying),28,2015,252,2015-01-02,2015-12-31,1.9904274409477904,1.8680882864662038,4.165567623632724,6.107218629387923,7.2045452914235995,-1.812801795340435,1.6131136167546554,0.14682539682539683,0.9539721983360112,0.996031746031746,1,1,2,1.0,0,0,0,1.0,0,252,252,1.0,0,252,252,0.1780129562898053,0.15468268680753647
PSQ/SH,inverse_vs_inverse,PSQ,SH,RSI(underlying),28,2016,252,2016-01-04,2016-12-30,3.8775257510802614,3.45398282034855,9.152706536973756,10.749419666476545,11.328947887805832,1.0141033894184543,4.580860037737603,0.6468253968253969,0.7757536695708712,1.0,0,0,0,1.0,0,0,0,1.0,0,252,252,1.0,0,252,252,0.1612072471943587,0.13150743365898912
PSQ/SH,inverse_vs_inverse,PSQ,SH,RSI(underlying),28,2017,251,2017-01-03,2017-12-29,5.023637483311205,4.2862831923474545,10.618567952784534,13.05900780108989,14.125437026039826,-0.2749638971707449,6.09021208850154,0.4701195219123506,0.46797183716281215,1.0,0,0,0,1.0,0,0,0,0.8605577689243028,35,214,233,1.0,0,251,251,0.10166682991694957,0.06621915296507597
PSQ/SH,inverse_vs_inverse,PSQ,SH,RSI(underlying),28,2018,251,2018-01-02,2018-12-31,2.9375939673659177,2.7826534565897774,6.31560066374151,7.045075862381665,7.183131660740202,-0.7302401451438619,3.410982198454585,0.36254980079681276,0.9452895575883458,0.9960159362549801,1,0,1,1.0,0,0,0,0.9681274900398407,8,241,233,0.9960159362549801,1,251,250,0.22672777502560135,0.1698632159597115
PSQ/SH,inverse_vs_inverse,PSQ,SH,RSI(underlying),28,2019,252,2019-01-02,2019-12-31,1.2262660542281496,1.0437389021627652,2.8878098082612897,3.7759924417313058,4.440141905963287,-0.057303605527160156,1.5188110688117926,0.5158730158730159,0.9701484043134746,1.0,0,0,0,1.0,0,0,0,1.0,0,252,252,1.0,0,252,252,0.1630865318664044,0.12488018872955153
PSQ/SH,inverse_vs_inverse,PSQ,SH,RSI(underlying),28,2020,253,2020-01-02,2020-12-31,2.857195032230903,2.4072381982171294,6.411209038577374,8.099946553083381,9.382846816437471,-2.2675764473343887,2.6845173378398783,0.20553359683794467,0.9359818472826259,0.9960474308300395,1,0,1,1.0,0,0,0,0.9486166007905138,13,239,252,1.0,0,253,253,0.3531554985269871,0.3434688937940834
PSQ/SH,inverse_vs_inverse,PSQ,SH,RSI(underlying),28,2021,252,2021-01-04,2021-12-31,3.1564168708821136,2.5180270526762527,7.43214566030303,9.80137520291638,11.422521876726378,1.497903428632694,3.6624613483377653,0.5992063492063492,0.7799636736614425,1.0,0,0,0,1.0,0,0,0,1.0,0,252,252,1.0,0,252,252,0.18423670118187477,0.12966819765131563
PSQ/SH,inverse_vs_inverse,PSQ,SH,RSI(underlying),28,2022,251,2022-01-03,2022-12-30,1.6621708063779599,1.4906141646795703,4.392005257871801,5.065137978418008,5.789651837381726,1.0341109051621622,1.7878647597749942,0.7290836653386454,0.9539405807126836,1.0,0,0,0,1.0,0,0,0,1.0,0,251,251,1.0,0,251,251,0.32268372688020824,0.2430370674184301
PSQ/SH,inverse_vs_inverse,PSQ,SH,RSI(underlying),28,2023,250,2023-01-03,2023-12-29,3.398483070664165,2.8702757730742476,8.26019990490261,10.348766183739087,11.202264923256429,-2.93108846354127,2.9984928632352696,0.176,0.9060227126448819,1.0,0,0,0,1.0,0,0,0,1.0,0,250,250,1.0,0,250,250,0.18033289165126737,0.129993365422832
PSQ/SH,inverse_vs_inverse,PSQ,SH,RSI(underlying),28,2024,252,2024-01-02,2024-12-31,2.3110522787416654,2.044975831483569,5.2457187568766654,6.31485779596109,7.196298857875917,1.2702708969761252,2.4227484077045998,0.7380952380952381,0.9182945769940887,1.0,0,0,0,1.0,0,0,0,1.0,0,252,252,1.0,0,252,252,0.18024623263240855,0.12513142930084648
PSQ/SH,inverse_vs_inverse,PSQ,SH,RSI(underlying),28,2025,250,2025-01-02,2025-12-31,1.2766323447968853,1.1989415871170053,2.5632365482340873,3.3964894490204443,3.961616456862899,-0.6136030099057077,1.3796344099432494,0.288,0.9830734866048473,0.992,2,1,3,1.0,0,0,0,1.0,0,250,250,1.0,0,250,250,0.23413588221870515,0.18582592137341947
PSQ/SH,inverse_vs_inverse,PSQ,SH,RSI(underlying),28,2026,156,2026-01-02,2026-08-17,2.790265104096543,2.828377954955851,5.110446323158499,5.5969207659834215,6.20875963120745,-0.19168346750781057,3.0977057692454424,0.46153846153846156,0.9290626701691737,1.0,0,0,0,1.0,0,0,0,0.9615384615384616,6,150,156,1.0,0,156,156,0.21521526141485237,0.13643839805029764
PSQ/SH,inverse_vs_inverse,PSQ,SH,RSI(underlying),28,pooled,5042,2006-08-01,2026-08-17,2.801792057620457,2.2219649334396223,7.410637701720285,10.043894263340198,14.125437026039826,-0.4465683512846065,3.5979421468941593,0.4329631098770329,0.8904113975059403,0.9984133280444268,8,6,10,1.0,0,0,0,0.9833399444664815,84,4955,4999,0.9998016660055533,1,5042,5041,0.22074865378678576,0.19371652934620268
PSQ/SQQQ,inverse_vs_inverse,PSQ,SQQQ,RSI(underlying),7,2010,218,2010-02-23,2010-12-31,1.5696754851098085,1.0075807695623453,5.649007371513433,12.357242594566328,13.620240791272721,1.2244174489592823,2.372308185568921,0.8119266055045872,0.9922548067824817,0.981651376146789,4,13,17,1.0,0,4,4,0.9724770642201835,6,143,137,0.963302752293578,8,185,177,0.19280918693509477,0.5655166780990942
PSQ/SQQQ,inverse_vs_inverse,PSQ,SQQQ,RSI(underlying),7,2011,252,2011-01-03,2011-12-30,0.7869085399293906,0.6895219942175004,1.9387440782395604,2.428528130979571,2.739963868335778,0.6941282185888367,0.6871423673146431,0.8531746031746031,0.9990841264773866,0.9920634920634921,2,24,22,1.0,0,3,3,0.996031746031746,1,211,210,0.996031746031746,1,243,242,0.236165974077256,0.7020158868232641
PSQ/SQQQ,inverse_vs_inverse,PSQ,SQQQ,RSI(underlying),7,2012,250,2012-01-03,2012-12-31,0.6353104826797997,0.5655383313949898,1.4186057244902006,1.671200427490354,1.8151956049306293,0.2863625313793261,0.7008319801835329,0.676,0.9993990148461791,1.0,0,25,25,1.0,0,5,5,0.992,2,168,170,0.992,2,222,222,0.15260727973569627,0.4583496464340774
PSQ/SQQQ,inverse_vs_inverse,PSQ,SQQQ,RSI(underlying),7,2013,252,2013-01-02,2013-12-31,0.6055974382587018,0.4606809492306603,1.615285500954985,2.464490164489188,3.5310922758042054,0.328548388523797,0.7452607718629336,0.6865079365079365,0.998479756407634,0.996031746031746,1,1,2,1.0,0,0,0,0.9722222222222222,7,169,168,0.9920634920634921,2,232,230,0.12190626746335868,0.3657826915096253
PSQ/SQQQ,inverse_vs_inverse,PSQ,SQQQ,RSI(underlying),7,2014,252,2014-01-02,2014-12-31,0.6106129561354428,0.48034793434407064,1.4277863624686975,2.723839053991207,3.0252798895960495,0.19655740885213868,0.7852205678125234,0.6309523809523809,0.9989451651071148,0.996031746031746,1,10,11,0.996031746031746,1,1,2,0.9920634920634921,2,178,176,0.9880952380952381,3,222,223,0.13921570056251079,0.4151609598088963
PSQ/SQQQ,inverse_vs_inverse,PSQ,SQQQ,RSI(underlying),7,2015,252,2015-01-02,2015-12-31,0.5871366644799512,0.4740802198826515,1.569360489168034,2.3741029672961615,3.08509164474858,0.4481032879042928,0.6248562196331816,0.8134920634920635,0.9992004857893715,1.0,0,13,13,1.0,0,3,3,0.9920634920634921,2,217,217,1.0,0,236,236,0.1780129562898053,0.5344749031610009
PSQ/SQQQ,inverse_vs_inverse,PSQ,SQQQ,RSI(underlying),7,2016,252,2016-01-04,2016-12-30,0.6253614214308703,0.5265100269075091,1.5214915124949184,2.0818526305347986,4.036191791907086,0.3242941716791513,0.7468682754784741,0.7103174603174603,0.9990137732718672,0.996031746031746,1,28,27,1.0,0,7,7,0.9841269841269841,4,199,197,1.0,0,245,245,0.1612072471943587,0.48248508619158964
PSQ/SQQQ,inverse_vs_inverse,PSQ,SQQQ,RSI(underlying),7,2017,251,2017-01-03,2017-12-29,0.6119251770250682,0.5489588336367603,1.4319212335275715,1.7068742665588346,1.8206199427674932,0.24904768689442489,0.7037277044962118,0.7051792828685259,0.9991127157303936,1.0,0,3,3,1.0,0,0,0,0.9800796812749004,5,149,144,0.9880478087649402,3,211,214,0.10166682991694957,0.30493646150330517
PSQ/SQQQ,inverse_vs_inverse,PSQ,SQQQ,RSI(underlying),7,2018,251,2018-01-02,2018-12-31,0.9197877380926798,0.9107691621637102,1.7562597319464572,2.517276580978713,2.78480792008898,0.8261396143977797,0.6727541803506331,0.8844621513944223,0.9992100174895395,1.0,0,19,19,1.0,0,6,6,0.9920318725099602,2,206,204,0.9960159362549801,1,235,234,0.22672777502560135,0.676940728040626
PSQ/SQQQ,inverse_vs_inverse,PSQ,SQQQ,RSI(underlying),7,2019,252,2019-01-02,2019-12-31,0.865433658091217,0.8287335213206646,1.709547779790008,2.413936979584462,3.3154082447463367,0.7332790412254728,0.7005787186646991,0.8531746031746031,0.9990528150970545,0.9920634920634921,2,10,8,1.0,0,3,3,0.9801587301587301,5,171,170,0.9920634920634921,2,234,234,0.1630865318664044,0.48194108287320525
PSQ/SQQQ,inverse_vs_inverse,PSQ,SQQQ,RSI(underlying),7,2020,253,2020-01-02,2020-12-31,1.136269402546467,0.9613465689015115,3.3618966981430365,4.311535763574171,4.883828698502114,0.9342898426615486,1.1587715051137342,0.7865612648221344,0.9977983496373054,1.0,0,9,9,1.0,0,3,3,0.9920948616600791,2,172,170,0.9960474308300395,1,231,232,0.3531554985269871,1.04644949018834
PSQ/SQQQ,inverse_vs_inverse,PSQ,SQQQ,RSI(underlying),7,2021,252,2021-01-04,2021-12-31,0.8062885088674843,0.6524438395824887,1.9627162324220482,2.4778346178593913,3.014229909838889,0.5387449436340509,0.8599302351679978,0.7420634920634921,0.998508256108611,1.0,0,14,14,1.0,0,0,0,0.9841269841269841,4,183,179,0.9880952380952381,3,236,233,0.18423670118187477,0.5452307993967886
PSQ/SQQQ,inverse_vs_inverse,PSQ,SQQQ,RSI(underlying),7,2022,251,2022-01-03,2022-12-30,1.2050771698198819,1.2853157389338037,2.110364227458483,2.4181465160936497,2.7549441386672626,1.1458858733961224,0.6903481140497808,0.9442231075697212,0.9991221368433183,0.9920318725099602,2,43,41,0.9840637450199203,4,9,9,0.9880478087649402,3,237,234,1.0,0,251,251,0.32268372688020824,0.9558195649368635
PSQ/SQQQ,inverse_vs_inverse,PSQ,SQQQ,RSI(underlying),7,2023,250,2023-01-03,2023-12-29,1.257840762757554,1.2375882557327316,2.519502309310142,2.9577285215612275,3.5943289455543095,1.2350080281199929,0.7412305157659744,0.964,0.9988667301937837,1.0,0,14,14,1.0,0,0,0,0.96,10,191,181,0.98,5,240,235,0.18033289165126737,0.5336786955227272
PSQ/SQQQ,inverse_vs_inverse,PSQ,SQQQ,RSI(underlying),7,2024,252,2024-01-02,2024-12-31,1.1736430581141184,1.220612925280939,2.192708432922817,2.743459896983632,3.268723870949259,1.1562885274143178,0.6686714946057555,0.9603174603174603,0.9991551651991375,0.9880952380952381,3,16,13,1.0,0,1,1,0.9801587301587301,5,203,198,0.996031746031746,1,240,239,0.18024623263240855,0.5399058047804401
PSQ/SQQQ,inverse_vs_inverse,PSQ,SQQQ,RSI(underlying),7,2025,250,2025-01-02,2025-12-31,1.3163578318906883,1.254605403628311,2.4331382199679124,4.532993438812248,5.101962170982162,1.2772628377922006,0.8305364916186394,0.964,0.9986396622706945,0.996,1,18,17,1.0,0,4,4,0.96,10,209,199,1.0,0,241,241,0.23413588221870515,0.6997464912965845
PSQ/SQQQ,inverse_vs_inverse,PSQ,SQQQ,RSI(underlying),7,2026,156,2026-01-02,2026-08-17,0.9609279260849592,0.9745721502279885,1.7894177634941926,2.0396571319768984,2.282821995661628,0.9163425571122468,0.5736339068886721,0.9230769230769231,0.9994939002987568,0.9935897435897436,1,11,10,1.0,0,2,2,0.9935897435897436,1,121,120,0.9871794871794872,2,138,136,0.21521526141485237,0.644168070513547
PSQ/SQQQ,inverse_vs_inverse,PSQ,SQQQ,RSI(underlying),7,pooled,4146,2010-02-23,2026-08-17,0.915641407992333,0.7773433410466026,2.0643213877876416,3.5738594174252167,13.620240791272721,0.7277427337377748,0.9896143626915499,0.8157260009647853,0.998238039651761,0.9956584659913169,18,271,265,0.9987940183309214,5,51,52,0.9828750602990834,71,3127,3074,0.9917993246502653,34,3842,3824,0.20643977415637896,0.6140091550988657
PSQ/SQQQ,inverse_vs_inverse,PSQ,SQQQ,RSI(underlying),14,2010,211,2010-03-04,2010-12-31,2.053936078106035,0.9842138500984419,9.958592943569705,14.26492100419344,16.164519494575188,1.9341758900678168,3.161511758005622,0.8862559241706162,0.9774991369983433,1.0,0,1,1,1.0,0,0,0,0.9620853080568721,8,154,146,0.919431279620853,17,206,189,0.19441457222167524,0.5702577373412789
PSQ/SQQQ,inverse_vs_inverse,PSQ,SQQQ,RSI(underlying),14,2011,252,2011-01-03,2011-12-30,0.7664649847925744,0.7204261850455431,1.7027724348875375,2.0549770409663464,2.277456806870525,0.7399930762554364,0.5258327026268178,0.9285714285714286,0.9988071473170564,1.0,0,1,1,1.0,0,0,0,0.996031746031746,1,239,238,0.996031746031746,1,251,250,0.236165974077256,0.7020158868232641
PSQ/SQQQ,inverse_vs_inverse,PSQ,SQQQ,RSI(underlying),14,2012,250,2012-01-03,2012-12-31,0.5810512879114581,0.5850632973975145,1.1130342377114062,1.2909465386993324,1.348501556638979,0.3246793287242923,0.5794201301457236,0.712,0.9993986154412958,1.0,0,5,5,1.0,0,0,0,0.984,4,194,194,0.996,1,246,247,0.15260727973569627,0.4583496464340774
PSQ/SQQQ,inverse_vs_inverse,PSQ,SQQQ,RSI(underlying),14,2013,252,2013-01-02,2013-12-31,0.40458142312482676,0.3408035521946928,0.9022988037893281,1.2305422558753634,1.4456428356054047,0.2876582873024629,0.4015052085859106,0.753968253968254,0.9990235864473808,1.0,0,0,0,1.0,0,0,0,0.9801587301587301,5,213,214,1.0,0,252,252,0.12190626746335868,0.3657826915096253
PSQ/SQQQ,inverse_vs_inverse,PSQ,SQQQ,RSI(underlying),14,2014,252,2014-01-02,2014-12-31,0.44052887003919244,0.40493927731758106,1.0047899973509526,1.2011140799101294,1.6936057436612089,0.22774513894158044,0.4830635313980603,0.7063492063492064,0.999265659411845,0.996031746031746,1,1,2,1.0,0,0,0,0.9841269841269841,4,221,221,0.9920634920634921,2,249,251,0.13921570056251079,0.4151609598088963
PSQ/SQQQ,inverse_vs_inverse,PSQ,SQQQ,RSI(underlying),14,2015,252,2015-01-02,2015-12-31,0.5849695709341856,0.5122996909475219,1.4658774468341464,2.0032925987040757,2.266662088344404,0.48086872074978837,0.5261296314396704,0.8650793650793651,0.998690082562794,1.0,0,3,3,1.0,0,2,2,0.996031746031746,1,235,236,1.0,0,252,252,0.1780129562898053,0.5344749031610009
PSQ/SQQQ,inverse_vs_inverse,PSQ,SQQQ,RSI(underlying),14,2016,252,2016-01-04,2016-12-30,0.5164785862385288,0.45833970865168894,1.2212057808155672,1.3981128765050397,1.9372290642211212,0.423456792121911,0.46805175334992044,0.8253968253968254,0.9991689915071038,1.0,0,5,5,1.0,0,0,0,0.996031746031746,1,239,240,1.0,0,252,252,0.1612072471943587,0.48248508619158964
PSQ/SQQQ,inverse_vs_inverse,PSQ,SQQQ,RSI(underlying),14,2017,251,2017-01-03,2017-12-29,0.48512766795999146,0.45284762129733735,1.119848229391863,1.2764234778474588,1.434306672939627,0.2676000486539357,0.5203600254008212,0.7211155378486056,0.9992462121579353,1.0,0,0,0,1.0,0,0,0,0.9800796812749004,5,177,180,0.9840637450199203,4,240,244,0.10166682991694957,0.30493646150330517
PSQ/SQQQ,inverse_vs_inverse,PSQ,SQQQ,RSI(underlying),14,2018,251,2018-01-02,2018-12-31,0.9045556549989422,0.893849747382653,1.538587843693147,2.0116028052998196,2.291353940540901,0.853813305479941,0.5240016334604054,0.9362549800796812,0.9992206808560172,0.9960159362549801,1,5,4,1.0,0,0,0,0.9920318725099602,2,230,228,1.0,0,248,248,0.22672777502560135,0.676940728040626
PSQ/SQQQ,inverse_vs_inverse,PSQ,SQQQ,RSI(underlying),14,2019,252,2019-01-02,2019-12-31,0.7903232866660366,0.7734227347364282,1.529495889563366,1.92759624299346,2.2962567113669294,0.7575451537584588,0.5113160950110601,0.9206349206349206,0.9992220776272176,1.0,0,2,2,1.0,0,0,0,0.9880952380952381,3,218,215,1.0,0,252,252,0.1630865318664044,0.48194108287320525
PSQ/SQQQ,inverse_vs_inverse,PSQ,SQQQ,RSI(underlying),14,2020,253,2020-01-02,2020-12-31,1.0891802557878265,0.9433955229179176,3.23166067266259,3.9083733608343167,4.317701078263816,0.9214574407218441,1.0759798490253805,0.8142292490118577,0.9974229059083678,0.9960474308300395,1,3,2,1.0,0,0,0,0.9920948616600791,2,214,214,0.9960474308300395,1,252,253,0.3531554985269871,1.04644949018834
PSQ/SQQQ,inverse_vs_inverse,PSQ,SQQQ,RSI(underlying),14,2021,252,2021-01-04,2021-12-31,0.6559610494296659,0.6230535895424616,1.4481951234777954,1.6272672094706462,1.7429672529618898,0.5411727024524431,0.5651076017864928,0.8333333333333334,0.998835917777451,1.0,0,0,0,1.0,0,0,0,0.9920634920634921,2,224,224,1.0,0,252,252,0.18423670118187477,0.5452307993967886
PSQ/SQQQ,inverse_vs_inverse,PSQ,SQQQ,RSI(underlying),14,2022,251,2022-01-03,2022-12-30,1.2329648391041197,1.303138858378368,1.8714344020949127,2.1219952701530325,2.3312073321656683,1.2032286180870957,0.5476671150609037,0.9721115537848606,0.9985347593705645,1.0,0,9,9,1.0,0,0,0,1.0,0,251,251,1.0,0,251,251,0.32268372688020824,0.9558195649368635
PSQ/SQQQ,inverse_vs_inverse,PSQ,SQQQ,RSI(underlying),14,2023,250,2023-01-03,2023-12-29,1.2495198085981245,1.2445399878026713,2.158428159457853,2.3986056178783963,2.6269656016123832,1.245953613135338,0.5357014346900508,0.992,0.9987677762962808,1.0,0,0,0,1.0,0,0,0,0.984,4,223,219,1.0,0,250,250,0.18033289165126737,0.5336786955227272
PSQ/SQQQ,inverse_vs_inverse,PSQ,SQQQ,RSI(underlying),14,2024,252,2024-01-02,2024-12-31,1.263446964051182,1.298133477945246,1.9533982852897622,2.130746264054031,2.4713340417521508,1.2533564493014728,0.4903242661297464,0.9801587301587301,0.999085230051379,1.0,0,2,2,1.0,0,0,0,0.9880952380952381,3,237,234,1.0,0,252,252,0.18024623263240855,0.5399058047804401
PSQ/SQQQ,inverse_vs_inverse,PSQ,SQQQ,RSI(underlying),14,2025,250,2025-01-02,2025-12-31,1.310810270061644,1.2741480304242856,2.218218941814358,4.0689715533985655,4.457736287429064,1.2847992097222964,0.7305431075731057,0.968,0.9978925595575531,1.0,0,6,6,1.0,0,0,0,0.976,6,243,239,1.0,0,250,250,0.23413588221870515,0.6997464912965845
PSQ/SQQQ,inverse_vs_inverse,PSQ,SQQQ,RSI(underlying),14,2026,156,2026-01-02,2026-08-17,1.0493731153250967,1.0563959803781486,2.0524284715359844,2.572147719960141,3.0181073364738396,0.9681693382283968,0.6935236630959448,0.8910256410256411,0.9987964044012408,1.0,0,2,2,1.0,0,0,0,0.9743589743589743,4,128,124,0.9935897435897436,1,154,155,0.21521526141485237,0.644168070513547
PSQ/SQQQ,inverse_vs_inverse,PSQ,SQQQ,RSI(underlying),14,pooled,4139,2010-03-04,2026-08-17,0.8897824466768887,0.7455185348445141,1.8686956005204762,3.7295484514470254,16.164519494575188,0.7917347445895547,1.0194582470790503,0.8642184102440202,0.996064336489371,0.9992751872432954,3,45,44,1.0,0,2,2,0.9867117661270839,55,3640,3617,0.9934766851896594,27,4109,4100,0.20653725254771235,0.6143073128417849
PSQ/SQQQ,inverse_vs_inverse,PSQ,SQQQ,RSI(underlying),28,2010,197,2010-03-24,2010-12-31,2.9149814897718285,1.1671457011532809,14.83326235073036,17.00306632309906,17.86011097297667,2.8247665567557227,4.451836018345898,0.8883248730964467,0.9144056456509996,1.0,0,0,0,1.0,0,0,0,0.8781725888324873,24,190,168,0.9137055837563451,17,197,180,0.19962167199597483,0.5854646819635787
PSQ/SQQQ,inverse_vs_inverse,PSQ,SQQQ,RSI(underlying),28,2011,252,2011-01-03,2011-12-30,0.8060959717736745,0.8080932885296193,1.4781158274648223,1.6641761566993738,1.7399583260499583,0.7889644247558475,0.44736188714718045,0.9563492063492064,0.9984488743069327,1.0,0,0,0,1.0,0,0,0,1.0,0,250,250,1.0,0,252,252,0.236165974077256,0.7020158868232641
PSQ/SQQQ,inverse_vs_inverse,PSQ,SQQQ,RSI(underlying),28,2012,250,2012-01-03,2012-12-31,0.6946348090914654,0.7223326901051657,1.2843405430186678,1.4243398788021864,1.5284489198848235,0.33667097624678116,0.706342272992433,0.704,0.9986922501027367,1.0,0,0,0,1.0,0,0,0,0.968,8,239,247,1.0,0,250,250,0.15260727973569627,0.4583496464340774
PSQ/SQQQ,inverse_vs_inverse,PSQ,SQQQ,RSI(underlying),28,2013,252,2013-01-02,2013-12-31,0.3204646634233202,0.30168406988824614,0.6605739323906693,0.8421314492689134,0.8950491259211475,0.23466478082489636,0.30453498344889657,0.7579365079365079,0.9992721206005483,1.0,0,0,0,1.0,0,0,0,1.0,0,252,252,1.0,0,252,252,0.12190626746335868,0.3657826915096253
PSQ/SQQQ,inverse_vs_inverse,PSQ,SQQQ,RSI(underlying),28,2014,252,2014-01-02,2014-12-31,0.4118341235510579,0.38136771946319925,0.9244763321759573,0.9907981712107252,1.093942396933393,0.2905545297267503,0.4098253834188771,0.7142857142857143,0.9990465265453644,1.0,0,0,0,1.0,0,0,0,1.0,0,252,252,1.0,0,252,252,0.13921570056251079,0.4151609598088963
PSQ/SQQQ,inverse_vs_inverse,PSQ,SQQQ,RSI(underlying),28,2015,252,2015-01-02,2015-12-31,0.5398808647928695,0.4617030846813428,1.275456888309424,1.4249041425464277,1.6713949954182397,0.4940914702323494,0.41103296567801834,0.8968253968253969,0.9979974607775758,0.996031746031746,1,1,2,1.0,0,0,0,1.0,0,252,252,1.0,0,252,252,0.1780129562898053,0.5344749031610009
PSQ/SQQQ,inverse_vs_inverse,PSQ,SQQQ,RSI(underlying),28,2016,252,2016-01-04,2016-12-30,0.5361281362756731,0.49985393710325,1.0551350985898882,1.1916188311840414,1.2581223665596326,0.4946460117266708,0.3669471365090031,0.9047619047619048,0.9991038148842291,1.0,0,0,0,1.0,0,0,0,1.0,0,252,252,1.0,0,252,252,0.1612072471943587,0.48248508619158964
PSQ/SQQQ,inverse_vs_inverse,PSQ,SQQQ,RSI(underlying),28,2017,251,2017-01-03,2017-12-29,0.4700426943635715,0.41984210665047783,1.020106138009968,1.2718005865584132,1.369594415934344,0.23784572580238122,0.5084666813455007,0.6892430278884463,0.9987966502029233,1.0,0,0,0,1.0,0,0,0,0.9800796812749004,5,214,217,1.0,0,251,251,0.10166682991694957,0.30493646150330517
PSQ/SQQQ,inverse_vs_inverse,PSQ,SQQQ,RSI(underlying),28,2018,251,2018-01-02,2018-12-31,0.916128449862985,0.9290151365940389,1.4371269044612127,1.691338550682886,1.812219661510703,0.8633889465100868,0.4968768631079249,0.9322709163346613,0.9990594727741269,1.0,0,0,0,1.0,0,0,0,1.0,0,241,241,1.0,0,251,251,0.22672777502560135,0.676940728040626
PSQ/SQQQ,inverse_vs_inverse,PSQ,SQQQ,RSI(underlying),28,2019,252,2019-01-02,2019-12-31,0.8180837047314155,0.8082125081982632,1.5708935330291423,1.8627030945677536,1.8997853535035958,0.7566404107938066,0.5611157523967898,0.8809523809523809,0.999137605870086,1.0,0,0,0,1.0,0,0,0,1.0,0,252,252,1.0,0,252,252,0.1630865318664044,0.48194108287320525
PSQ/SQQQ,inverse_vs_inverse,PSQ,SQQQ,RSI(underlying),28,2020,253,2020-01-02,2020-12-31,1.141164961007776,0.9365780195419404,3.119061276368096,3.5447417017411023,3.7818727205317515,0.8169617565296219,1.2020220373339547,0.7154150197628458,0.9953599908308329,1.0,0,0,0,1.0,0,0,0,0.9881422924901185,3,239,242,1.0,0,253,253,0.3531554985269871,1.04644949018834
PSQ/SQQQ,inverse_vs_inverse,PSQ,SQQQ,RSI(underlying),28,2021,252,2021-01-04,2021-12-31,0.6410889294581538,0.5814249092209209,1.461593189529947,1.586791862691999,1.8746076017080853,0.5350283375677337,0.568317058671033,0.7976190476190477,0.9985243817134868,1.0,0,0,0,1.0,0,0,0,1.0,0,252,252,1.0,0,252,252,0.18423670118187477,0.5452307993967886
PSQ/SQQQ,inverse_vs_inverse,PSQ,SQQQ,RSI(underlying),28,2022,251,2022-01-03,2022-12-30,1.2285336204175945,1.2617182390260382,1.7316723794061097,1.8063547632772377,1.9319816461334014,1.2186213100637806,0.4101351455626694,0.9840637450199203,0.9975405909269397,1.0,0,0,0,1.0,0,0,0,1.0,0,251,251,1.0,0,251,251,0.32268372688020824,0.9558195649368635
PSQ/SQQQ,inverse_vs_inverse,PSQ,SQQQ,RSI(underlying),28,2023,250,2023-01-03,2023-12-29,1.2111150524761303,1.251064589389376,2.068739250754908,2.433819212733607,2.496478453640549,1.2013928456794047,0.5601332387085386,0.972,0.9978561548215256,1.0,0,0,0,1.0,0,0,0,1.0,0,250,250,1.0,0,250,250,0.18033289165126737,0.5336786955227272
PSQ/SQQQ,inverse_vs_inverse,PSQ,SQQQ,RSI(underlying),28,2024,252,2024-01-02,2024-12-31,1.2730722339218679,1.3133599161606107,1.8624027327205994,2.090246496231281,2.262998022775058,1.267645065494353,0.45032405571177314,0.9880952380952381,0.9987544768000298,1.0,0,0,0,1.0,0,0,0,1.0,0,252,252,1.0,0,252,252,0.18024623263240855,0.5399058047804401
PSQ/SQQQ,inverse_vs_inverse,PSQ,SQQQ,RSI(underlying),28,2025,250,2025-01-02,2025-12-31,1.2502377537264762,1.3003715952514412,2.4693959815899036,3.5011932928873883,3.7093229628634745,1.2471391613985907,0.6921352391143168,0.988,0.9963992019605087,1.0,0,1,1,1.0,0,0,0,1.0,0,250,250,1.0,0,250,250,0.23413588221870515,0.6997464912965845
PSQ/SQQQ,inverse_vs_inverse,PSQ,SQQQ,RSI(underlying),28,2026,156,2026-01-02,2026-08-17,1.1650317397930565,1.2183167699156492,1.9902417426377532,2.2106958701853583,2.238019877681353,1.0239416071841627,0.7834242214950263,0.8653846153846154,0.9968995324933333,1.0,0,0,0,1.0,0,0,0,0.967948717948718,5,150,155,1.0,0,156,156,0.21521526141485237,0.644168070513547
PSQ/SQQQ,inverse_vs_inverse,PSQ,SQQQ,RSI(underlying),28,pooled,4125,2010-03-24,2026-08-17,0.9302677076399511,0.7630372526916886,1.8286665137840796,3.5341188401018826,17.86011097297667,0.8307328611040193,1.2634204875192705,0.8603636363636363,0.9861860867256856,0.9997575757575757,1,2,3,1.0,0,0,0,0.9890909090909091,45,4038,4035,0.9958787878787879,17,4125,4108,0.20681056643549944,0.615124268116457
SH/SQQQ,inverse_vs_inverse,SH,SQQQ,RSI(underlying),7,2010,218,2010-02-23,2010-12-31,5.031159789769817,3.969129277415057,14.15540126733038,16.66673564428596,26.90235805523124,2.374994186965593,6.270010143849921,0.6376146788990825,0.9432281855723762,0.9724770642201835,6,15,17,1.0,0,4,4,0.8073394495412844,42,143,137,0.8669724770642202,29,194,177,0.18237575339074616,0.5655166780990942
SH/SQQQ,inverse_vs_inverse,SH,SQQQ,RSI(underlying),7,2011,252,2011-01-03,2011-12-30,5.058895234383283,4.571124140380096,12.321376085994205,15.197652604173859,18.21182025998148,0.3730692449468593,6.261368389905676,0.4880952380952381,0.9232477578999798,0.9365079365079365,16,18,22,0.9880952380952381,3,4,3,0.9047619047619048,24,210,210,0.9642857142857143,9,243,242,0.23132250214954486,0.7020158868232641
SH/SQQQ,inverse_vs_inverse,SH,SQQQ,RSI(underlying),7,2012,250,2012-01-03,2012-12-31,5.756657416436975,4.6293383060071776,15.368316133855544,20.67176690714528,22.874067865435677,0.5022476424593005,7.555243321169922,0.512,0.9176263039691,0.96,10,19,25,0.996,1,6,5,0.892,27,183,170,0.928,18,234,222,0.12674559343036323,0.4583496464340774
SH/SQQQ,inverse_vs_inverse,SH,SQQQ,RSI(underlying),7,2013,252,2013-01-02,2013-12-31,7.122083029790183,5.012378149075779,19.3964037234664,30.521747786551572,35.789138906830814,0.5399531783753077,9.63937233364782,0.5119047619047619,0.7656142343637831,0.9722222222222222,7,7,2,0.996031746031746,1,1,0,0.7698412698412699,58,164,168,0.9126984126984127,22,234,230,0.11134731099503936,0.3657826915096253
SH/SQQQ,inverse_vs_inverse,SH,SQQQ,RSI(underlying),7,2014,252,2014-01-02,2014-12-31,5.947959072127469,5.121643337222977,14.67890847003287,18.34947251212785,20.361463039346695,0.8450952572280643,7.1915348833125,0.5317460317460317,0.906463654750436,0.9365079365079365,16,19,11,0.996031746031746,1,1,2,0.8968253968253969,26,182,176,0.9007936507936508,25,232,223,0.11271198612805011,0.4151609598088963
SH/SQQQ,inverse_vs_inverse,SH,SQQQ,RSI(underlying),7,2015,252,2015-01-02,2015-12-31,4.162540984254529,3.497794901545454,10.022777372149118,13.899215269910384,16.511180911505086,2.414479295522898,4.612980445242139,0.6587301587301587,0.9524243561635808,0.9682539682539683,8,15,13,1.0,0,3,3,0.9444444444444444,14,223,217,0.9365079365079365,16,252,236,0.15468268680753647,0.5344749031610009
SH/SQQQ,inverse_vs_inverse,SH,SQQQ,RSI(underlying),7,2016,252,2016-01-04,2016-12-30,6.887239919342245,4.6973458976356035,20.565739180899268,27.546749918725414,39.07531304498444,-1.1530878295432068,9.62028572993555,0.5079365079365079,0.8289832748554281,0.9444444444444444,14,15,27,0.9841269841269841,4,5,7,0.7976190476190477,51,194,197,0.9444444444444444,14,245,245,0.13150743365898912,0.48248508619158964
SH/SQQQ,inverse_vs_inverse,SH,SQQQ,RSI(underlying),7,2017,251,2017-01-03,2017-12-29,10.540608812781931,8.394509403432622,25.23983483408703,30.177917941368225,37.01151238229259,1.2701088954295976,13.022718343371926,0.6175298804780877,0.6166287764837627,0.9800796812749004,5,6,3,1.0,0,0,0,0.6812749003984063,80,168,144,0.8406374501992032,40,228,214,0.06621915296507597,0.30493646150330517
SH/SQQQ,inverse_vs_inverse,SH,SQQQ,RSI(underlying),7,2018,251,2018-01-02,2018-12-31,5.883307532083952,4.990147994338031,14.460908114621539,18.859425953296928,22.01256805497013,2.239001587236684,7.155091503481463,0.6374501992031872,0.9140010594355131,0.9641434262948207,9,26,19,0.9880478087649402,3,9,6,0.9043824701195219,24,210,204,0.9641434262948207,9,235,234,0.1698632159597115,0.676940728040626
SH/SQQQ,inverse_vs_inverse,SH,SQQQ,RSI(underlying),7,2019,252,2019-01-02,2019-12-31,3.8667257884208572,3.167453140202781,9.207708206868512,14.715914519031134,18.729554778749694,0.4648875849705895,4.972484785132153,0.5119047619047619,0.9487664491820229,0.9841269841269841,4,10,8,0.996031746031746,1,2,3,0.8888888888888888,28,168,170,0.9523809523809523,12,238,234,0.12488018872955153,0.48194108287320525
SH/SQQQ,inverse_vs_inverse,SH,SQQQ,RSI(underlying),7,2020,253,2020-01-02,2020-12-31,6.325887032060016,5.695526695444322,14.009195386533378,17.804394237905246,20.101824555117283,3.220502614071615,6.83889952883774,0.6996047430830039,0.8983422265724272,0.9841897233201581,4,11,9,0.9960474308300395,1,4,3,0.7786561264822134,56,188,170,0.9288537549407114,18,240,232,0.3434688937940834,1.04644949018834
SH/SQQQ,inverse_vs_inverse,SH,SQQQ,RSI(underlying),7,2021,252,2021-01-04,2021-12-31,6.571644342353332,5.408546369490175,15.235629183691316,21.49212020746748,32.09555832365819,-1.2498817740661559,8.18753150865831,0.4126984126984127,0.8517194222517516,0.9523809523809523,12,6,14,1.0,0,0,0,0.8571428571428571,36,189,179,0.9325396825396826,17,238,233,0.12966819765131563,0.5452307993967886
SH/SQQQ,inverse_vs_inverse,SH,SQQQ,RSI(underlying),7,2022,251,2022-01-03,2022-12-30,3.0999754770710286,2.4688253853667703,8.332543969561495,11.06900263069694,15.634202940288247,-0.4026919973378628,4.052038247828815,0.5099601593625498,0.9678315332079798,0.9601593625498008,10,35,41,0.9840637450199203,4,9,9,0.9681274900398407,8,232,234,0.9880478087649402,3,248,251,0.2430370674184301,0.9558195649368635
SH/SQQQ,inverse_vs_inverse,SH,SQQQ,RSI(underlying),7,2023,250,2023-01-03,2023-12-29,6.433759576249258,5.07294849828493,17.338747846291156,21.81935205936601,23.007903864556802,3.62375575761985,7.512589448077689,0.716,0.8976812531884883,0.936,16,26,14,0.972,7,7,0,0.868,33,198,181,0.956,11,238,235,0.129993365422832,0.5336786955227272
SH/SQQQ,inverse_vs_inverse,SH,SQQQ,RSI(underlying),7,2024,252,2024-01-02,2024-12-31,4.827388672403435,3.5217560601508815,12.836989142241809,18.49228639003234,22.11665390234203,0.3426320152843414,6.409029167424339,0.4722222222222222,0.9088126449731532,0.9523809523809523,12,17,13,0.9920634920634921,2,3,1,0.8888888888888888,28,198,198,0.9642857142857143,9,246,239,0.12513142930084648,0.5399058047804401
SH/SQQQ,inverse_vs_inverse,SH,SQQQ,RSI(underlying),7,2025,250,2025-01-02,2025-12-31,3.8018869492564664,3.4013518405981777,8.740669470048575,10.233145158442122,11.216893883745627,1.5052979818102994,4.312813318920102,0.704,0.9616091095484272,0.988,3,20,17,1.0,0,4,4,0.908,23,212,199,0.976,6,241,241,0.18582592137341947,0.6997464912965845
SH/SQQQ,inverse_vs_inverse,SH,SQQQ,RSI(underlying),7,2026,156,2026-01-02,2026-08-17,4.978342292995582,4.518516128623062,10.762458504708796,13.899222949008552,18.501086135909787,1.0734851400573853,5.95342523783105,0.6153846153846154,0.9389566003006176,0.9487179487179487,8,12,10,0.9935897435897436,1,1,2,0.9230769230769231,12,120,120,0.9294871794871795,11,147,136,0.13643839805029764,0.644168070513547
SH/SQQQ,inverse_vs_inverse,SH,SQQQ,RSI(underlying),7,pooled,4146,2010-02-23,2026-08-17,5.685587240384741,4.389973479880197,15.63635966262676,22.708673167100766,39.07531304498444,1.0460629518529856,7.509559447523218,0.5716353111432706,0.8947209996113518,0.9614085865894838,160,277,265,0.9930053063193439,29,63,52,0.8625180897250362,570,3182,3074,0.9351181862035697,269,3933,3824,0.17162964592209157,0.6140091550988657
SH/SQQQ,inverse_vs_inverse,SH,SQQQ,RSI(underlying),14,2010,211,2010-03-04,2010-12-31,4.15981484040615,2.88223746206274,11.012045363687388,15.729743776545256,17.73464792385665,3.2981121833388776,4.550886560165571,0.7819905213270142,0.9516298860369634,0.995260663507109,1,0,1,1.0,0,0,0,0.8056872037914692,41,171,146,0.8957345971563981,22,211,189,0.18426447031417603,0.5702577373412789
SH/SQQQ,inverse_vs_inverse,SH,SQQQ,RSI(underlying),14,2011,252,2011-01-03,2011-12-30,3.41460556717183,2.8525666009237156,8.195909149123118,10.786188517574335,11.34808638608201,0.40197877375471935,4.206634614795564,0.4880952380952381,0.9244973606168133,0.9880952380952381,3,4,1,0.996031746031746,1,1,0,0.9682539682539683,8,232,238,0.9920634920634921,2,252,250,0.23132250214954486,0.7020158868232641
SH/SQQQ,inverse_vs_inverse,SH,SQQQ,RSI(underlying),14,2012,250,2012-01-03,2012-12-31,3.840905719214758,3.0520387056201805,10.787916181622366,13.265205639508377,14.60418738541226,0.12976404741035094,5.020473396218704,0.48,0.9312653063328713,0.988,3,6,5,1.0,0,0,0,0.892,27,217,194,0.988,3,250,247,0.12674559343036323,0.4583496464340774
SH/SQQQ,inverse_vs_inverse,SH,SQQQ,RSI(underlying),14,2013,252,2013-01-02,2013-12-31,5.058039765442541,3.885223211165542,12.970239502787395,16.646564631977277,18.23261572726682,0.47070059698596683,6.493415821613214,0.5396825396825397,0.7030451338287677,1.0,0,0,0,1.0,0,0,0,0.8571428571428571,36,226,214,1.0,0,252,252,0.11134731099503936,0.3657826915096253
SH/SQQQ,inverse_vs_inverse,SH,SQQQ,RSI(underlying),14,2014,252,2014-01-02,2014-12-31,4.398277913603865,3.8108044677154247,10.483467207417647,13.221433044388709,13.974746746241827,1.2494882155949116,5.211653264475418,0.5833333333333334,0.8788300661594732,0.996031746031746,1,1,2,1.0,0,0,0,0.8968253968253969,26,231,221,0.996031746031746,1,252,251,0.11271198612805011,0.4151609598088963
SH/SQQQ,inverse_vs_inverse,SH,SQQQ,RSI(underlying),14,2015,252,2015-01-02,2015-12-31,2.915505274144072,2.5308283918725287,6.9843362650827725,9.437829185666684,10.86543148500639,2.402999089840115,2.7791509581360385,0.7817460317460317,0.9518310422410727,1.0,0,3,3,1.0,0,2,2,0.9365079365079365,16,252,236,1.0,0,252,252,0.15468268680753647,0.5344749031610009
SH/SQQQ,inverse_vs_inverse,SH,SQQQ,RSI(underlying),14,2016,252,2016-01-04,2016-12-30,5.353262118937047,3.9591499949236812,15.433528217131514,17.31116776106356,20.33866541754476,-1.0035533121968845,6.938018084735366,0.4246031746031746,0.7975592255983895,0.9920634920634921,2,5,5,1.0,0,0,0,0.9246031746031746,19,243,240,1.0,0,252,252,0.13150743365898912,0.48248508619158964
SH/SQQQ,inverse_vs_inverse,SH,SQQQ,RSI(underlying),14,2017,251,2017-01-03,2017-12-29,7.8771821526648775,7.510420768980602,16.179921979379294,18.33196089633669,22.579529332486175,1.0228084664211092,9.079272912869495,0.5816733067729084,0.5493205095617341,1.0,0,0,0,1.0,0,0,0,0.6812749003984063,80,198,180,0.9601593625498008,10,246,244,0.06621915296507597,0.30493646150330517
SH/SQQQ,inverse_vs_inverse,SH,SQQQ,RSI(underlying),14,2018,251,2018-01-02,2018-12-31,4.346762347807461,4.354375404060775,9.293995137945945,11.382765969071333,12.099146862621204,1.72407191311211,4.942518326071558,0.6693227091633466,0.9278765885814052,0.9681274900398407,8,12,4,0.9920318725099602,2,2,0,0.9681274900398407,8,232,228,0.9721115537848606,7,241,248,0.1698632159597115,0.676940728040626
SH/SQQQ,inverse_vs_inverse,SH,SQQQ,RSI(underlying),14,2019,252,2019-01-02,2019-12-31,2.443868536247369,2.13906535167812,5.908859610429042,8.357270679753203,8.97388082812116,0.7590034592351793,2.936240953501059,0.5595238095238095,0.9592366509437079,1.0,0,2,2,1.0,0,0,0,0.9047619047619048,24,229,215,1.0,0,252,252,0.12488018872955153,0.48194108287320525
SH/SQQQ,inverse_vs_inverse,SH,SQQQ,RSI(underlying),14,2020,253,2020-01-02,2020-12-31,4.500242602332389,4.451698733592394,9.849657678493621,11.481907349904573,13.245110650535146,3.1517111395865114,4.351058280272921,0.758893280632411,0.9182774456199168,0.9841897233201581,4,6,2,0.9920948616600791,2,2,0,0.9011857707509882,25,231,214,0.9960474308300395,1,252,253,0.3434688937940834,1.04644949018834
SH/SQQQ,inverse_vs_inverse,SH,SQQQ,RSI(underlying),14,2021,252,2021-01-04,2021-12-31,4.574812303686505,4.255997875528678,9.573712488253758,13.629074975924311,15.712299709052033,-0.8592040955718527,5.462262826877771,0.4246031746031746,0.8320115625239821,1.0,0,0,0,1.0,0,0,0,0.8849206349206349,29,233,224,1.0,0,252,252,0.12966819765131563,0.5452307993967886
SH/SQQQ,inverse_vs_inverse,SH,SQQQ,RSI(underlying),14,2022,251,2022-01-03,2022-12-30,1.9871689879403254,1.4660079666185695,5.4058167900376475,6.929122012965713,7.882680940034604,-0.05803018436597656,2.632369447121377,0.5139442231075697,0.9666621387620077,1.0,0,9,9,1.0,0,0,0,0.9880478087649402,3,248,251,1.0,0,251,251,0.2430370674184301,0.9558195649368635
SH/SQQQ,inverse_vs_inverse,SH,SQQQ,RSI(underlying),14,2023,250,2023-01-03,2023-12-29,4.997433511606159,4.188715990945266,13.469058601580914,16.160717090017986,16.836078836889193,4.097863105273256,4.8089502878527695,0.796,0.9102411466320722,0.98,5,5,0,1.0,0,0,0,0.924,19,234,219,1.0,0,250,250,0.129993365422832,0.5336786955227272
SH/SQQQ,inverse_vs_inverse,SH,SQQQ,RSI(underlying),14,2024,252,2024-01-02,2024-12-31,3.0189323902763237,2.4182361598419213,7.353787376738672,11.632853860050659,15.626099144949542,0.1722052866897089,3.9635435168805184,0.46825396825396826,0.9147220082361794,1.0,0,2,2,1.0,0,0,0,0.9404761904761905,15,241,234,1.0,0,252,252,0.12513142930084648,0.5399058047804401
SH/SQQQ,inverse_vs_inverse,SH,SQQQ,RSI(underlying),14,2025,250,2025-01-02,2025-12-31,2.637759976271141,2.4642138625734056,5.354250974700754,6.212555961237149,6.931890124361388,1.7155002919367393,2.550186998600003,0.772,0.9719575600317475,0.996,1,7,6,0.996,1,1,0,0.952,12,243,239,1.0,0,250,250,0.18582592137341947,0.6997464912965845
SH/SQQQ,inverse_vs_inverse,SH,SQQQ,RSI(underlying),14,2026,156,2026-01-02,2026-08-17,3.8649520092700014,3.6827962669248073,7.313777378611984,8.307632018731743,10.038746703140788,1.086686103723846,4.281349852404997,0.6153846153846154,0.9367507353367062,0.9935897435897436,1,3,2,1.0,0,0,0,0.8782051282051282,19,143,124,0.9935897435897436,1,156,155,0.13643839805029764,0.644168070513547
SH/SQQQ,inverse_vs_inverse,SH,SQQQ,RSI(underlying),14,pooled,4139,2010-03-04,2026-08-17,4.085989293462893,3.2534421260661404,10.925290581126145,15.714782269241233,22.579529332486175,1.1425664703876552,5.193137261747917,0.6001449625513409,0.892156417692598,0.9929934766851897,29,65,44,0.998550374486591,6,8,2,0.9016670693404204,407,3804,3617,0.9886446001449626,47,4123,4100,0.1717127679843495,0.6143073128417849
SH/SQQQ,inverse_vs_inverse,SH,SQQQ,RSI(underlying),28,2010,197,2010-03-24,2010-12-31,4.436020057356484,2.930839927777093,15.232246941467075,18.33862867003599,18.950948227817975,4.279640457925857,4.766963217958547,0.9441624365482234,0.905222840128076,1.0,0,0,0,1.0,0,0,0,0.8527918781725888,29,197,168,0.9137055837563451,17,197,180,0.18924273764581215,0.5854646819635787
SH/SQQQ,inverse_vs_inverse,SH,SQQQ,RSI(underlying),28,2011,252,2011-01-03,2011-12-30,2.3590278747023934,1.9882034940197606,6.086482536555378,7.599316061088917,7.9655979279969245,0.6864818004239613,2.9005517517361836,0.5119047619047619,0.9376134117228866,0.996031746031746,1,1,0,1.0,0,0,0,0.9841269841269841,4,246,250,1.0,0,252,252,0.23132250214954486,0.7020158868232641
SH/SQQQ,inverse_vs_inverse,SH,SQQQ,RSI(underlying),28,2012,250,2012-01-03,2012-12-31,2.3628089571777693,2.005653413997333,6.299552573221781,8.313476547808271,9.294365594053993,-0.029126594334618745,3.0452585902596607,0.524,0.9292089385182041,1.0,0,0,0,1.0,0,0,0,0.988,3,250,247,1.0,0,250,250,0.12674559343036323,0.4583496464340774
SH/SQQQ,inverse_vs_inverse,SH,SQQQ,RSI(underlying),28,2013,252,2013-01-02,2013-12-31,3.937567886696,3.511949918171922,8.449240798520515,9.751341003930834,10.470995792965901,0.07083973488447429,4.781246431574978,0.5476190476190477,0.5111685919971225,1.0,0,0,0,1.0,0,0,0,1.0,0,252,252,1.0,0,252,252,0.11134731099503936,0.3657826915096253
SH/SQQQ,inverse_vs_inverse,SH,SQQQ,RSI(underlying),28,2014,252,2014-01-02,2014-12-31,3.1757235612064747,3.0341225699629604,7.120492793893425,8.982958331472208,9.403118396924889,1.3380899385274019,3.6631453943765404,0.6626984126984127,0.8228083480502199,1.0,0,0,0,1.0,0,0,0,1.0,0,252,252,1.0,0,252,252,0.11271198612805011,0.4151609598088963
SH/SQQQ,inverse_vs_inverse,SH,SQQQ,RSI(underlying),28,2015,252,2015-01-02,2015-12-31,2.343662853353643,2.2692030756106973,4.84564073356768,6.255994639691328,6.926565075219145,2.3068932655727847,1.5486164012800916,0.9365079365079365,0.9539643659929469,1.0,0,2,2,1.0,0,0,0,1.0,0,252,252,1.0,0,252,252,0.15468268680753647,0.5344749031610009
SH/SQQQ,inverse_vs_inverse,SH,SQQQ,RSI(underlying),28,2016,252,2016-01-04,2016-12-30,3.6487597564130407,3.162157243939138,8.526850918423035,10.332657558947185,10.85357300014008,-0.5194573776917839,4.504746158829054,0.38095238095238093,0.7759096130707185,1.0,0,0,0,1.0,0,0,0,1.0,0,252,252,1.0,0,252,252,0.13150743365898912,0.48248508619158964
SH/SQQQ,inverse_vs_inverse,SH,SQQQ,RSI(underlying),28,2017,251,2017-01-03,2017-12-29,4.836814578161955,4.092533136531962,10.39777580908481,12.441491952537998,13.757498418825072,0.5128096229731259,5.904995324059495,0.5338645418326693,0.4580329786357054,1.0,0,0,0,1.0,0,0,0,0.8645418326693227,34,233,217,1.0,0,251,251,0.06621915296507597,0.30493646150330517
SH/SQQQ,inverse_vs_inverse,SH,SQQQ,RSI(underlying),28,2018,251,2018-01-02,2018-12-31,3.40798278625722,3.3372179096155605,6.673726236618208,7.221687467727051,7.452519357836437,1.5936290916539486,3.6231516708744254,0.7131474103585658,0.9414345092199354,0.9960159362549801,1,1,0,1.0,0,0,0,0.9681274900398407,8,233,241,0.9960159362549801,1,250,251,0.1698632159597115,0.676940728040626
SH/SQQQ,inverse_vs_inverse,SH,SQQQ,RSI(underlying),28,2019,252,2019-01-02,2019-12-31,1.3535886692706955,1.070077554391112,3.289333533977889,3.991164475864901,4.2490586707028655,0.8139440163209669,1.4994817016464546,0.6547619047619048,0.9706223316907282,1.0,0,0,0,1.0,0,0,0,1.0,0,252,252,1.0,0,252,252,0.12488018872955153,0.48194108287320525
SH/SQQQ,inverse_vs_inverse,SH,SQQQ,RSI(underlying),28,2020,253,2020-01-02,2020-12-31,3.3942409129001025,3.1431340248938824,7.4533559214149046,9.091543593003117,11.296732858967744,3.084538203864011,2.7549896783698924,0.8537549407114624,0.9394216225596865,0.9960474308300395,1,1,0,1.0,0,0,0,0.9604743083003953,10,252,242,1.0,0,253,253,0.3434688937940834,1.04644949018834
SH/SQQQ,inverse_vs_inverse,SH,SQQQ,RSI(underlying),28,2021,252,2021-01-04,2021-12-31,2.7709233511170948,2.294778020312936,6.446576854189851,8.56836412383976,9.963980523372769,-0.9628750910649604,3.3401169827846244,0.4166666666666667,0.78820986066433,1.0,0,0,0,1.0,0,0,0,1.0,0,252,252,1.0,0,252,252,0.12966819765131563,0.5452307993967886
SH/SQQQ,inverse_vs_inverse,SH,SQQQ,RSI(underlying),28,2022,251,2022-01-03,2022-12-30,1.4449243572165034,1.0479253312003252,3.580218763252205,4.296703081343761,4.841267362135277,0.18451040490161816,1.839206020721042,0.545816733067729,0.9510733249726148,1.0,0,0,0,1.0,0,0,0,1.0,0,251,251,1.0,0,251,251,0.2430370674184301,0.9558195649368635
SH/SQQQ,inverse_vs_inverse,SH,SQQQ,RSI(underlying),28,2023,250,2023-01-03,2023-12-29,4.296517958077511,4.056267521696832,9.388228203096189,10.862187175773293,11.484787746597469,4.132481309220675,2.8819286624356173,0.912,0.9134663394366779,1.0,0,0,0,1.0,0,0,0,1.0,0,250,250,1.0,0,250,250,0.129993365422832,0.5336786955227272
SH/SQQQ,inverse_vs_inverse,SH,SQQQ,RSI(underlying),28,2024,252,2024-01-02,2024-12-31,1.6896514291585794,1.3462642341690234,4.483517499756301,5.888250214518281,8.846047159492343,-0.002625831481771887,2.219321088100822,0.4166666666666667,0.9263917769918809,1.0,0,0,0,1.0,0,0,0,1.0,0,252,252,1.0,0,252,252,0.12513142930084648,0.5399058047804401
SH/SQQQ,inverse_vs_inverse,SH,SQQQ,RSI(underlying),28,2025,250,2025-01-02,2025-12-31,1.9868369544498503,1.8799642904078304,4.454658011211447,5.340426522284558,5.624355202997016,1.8607421713042982,1.4812862595182719,0.876,0.980275737040491,0.992,2,3,1,1.0,0,0,0,1.0,0,250,250,1.0,0,250,250,0.18582592137341947,0.6997464912965845
SH/SQQQ,inverse_vs_inverse,SH,SQQQ,RSI(underlying),28,2026,156,2026-01-02,2026-08-17,2.5681584410588316,2.532889807907548,5.28829187008458,5.755736586074056,6.249136234083487,1.2156250746919735,2.733982191092802,0.6346153846153846,0.9372287765587507,1.0,0,0,0,1.0,0,0,0,0.9935897435897436,1,156,155,1.0,0,156,156,0.13643839805029764,0.644168070513547
SH/SQQQ,inverse_vs_inverse,SH,SQQQ,RSI(underlying),28,pooled,4125,2010-03-24,2026-08-17,2.930719247240796,2.356114716029495,7.703768941097554,10.70266818573134,18.950948227817975,1.168352119460358,3.6734581713107297,0.6472727272727272,0.8776000279326154,0.9987878787878788,5,8,3,1.0,0,0,0,0.9784242424242424,89,4082,4035,0.9956363636363637,18,4124,4108,0.17192391438603274,0.615124268116457
