pair,pair_type,leveraged,underlying,comparison,rsi_period,window,n_sessions,first_date,last_date,mean_abs_diff,median_abs_diff,p95_abs_diff,p99_abs_diff,max_abs_diff,mean_signed_diff,sd_signed_diff,frac_fund_above_comparison,correlation,agree_70,n_disagree_70,n_fire_fund_70,n_fire_comparison_70,agree_80,n_disagree_80,n_fire_fund_80,n_fire_comparison_80,agree_30,n_disagree_30,n_fire_fund_30,n_fire_comparison_30,agree_20,n_disagree_20,n_fire_fund_20,n_fire_comparison_20,fund_ann_ret_sd,underlying_ann_ret_sd
FAS/XLF,fund_vs_underlying,FAS,XLF,RSI(underlying),7,2008,22,2008-12-01,2008-12-31,1.4374746245947854,1.0896667018552364,2.5557789893268654,6.227971292835179,7.198880376963437,0.41974994616834366,2.0255859518521566,0.5,0.9607187165401482,1.0,0,0,0,1.0,0,0,0,1.0,0,22,22,1.0,0,22,22,2.4606312022724133,0.9555345066160178
FAS/XLF,fund_vs_underlying,FAS,XLF,RSI(underlying),7,2009,252,2009-01-02,2009-12-31,2.3363401099309478,1.7555151190771028,6.656684659458709,8.30149714012027,9.034965572350401,-1.7418991959349452,2.5054178895223607,0.21031746031746032,0.9858793752453529,0.9880952380952381,3,25,26,1.0,0,7,7,0.9722222222222222,7,227,234,0.9880952380952381,3,249,248,1.6685665039190207,0.647595680446788
FAS/XLF,fund_vs_underlying,FAS,XLF,RSI(underlying),7,2010,252,2010-01-04,2010-12-31,1.4837640591651886,1.3254742494277565,3.3238978142507634,4.318729134485661,5.9380779085924615,-0.7569922025931147,1.674649596409683,0.32936507936507936,0.9956848731410014,0.9880952380952381,3,48,49,0.9841269841269841,4,25,25,0.9761904761904762,6,225,231,0.996031746031746,1,251,250,0.7113819493927155,0.25448380071056914
FAS/XLF,fund_vs_underlying,FAS,XLF,RSI(underlying),7,2011,252,2011-01-03,2011-12-30,1.7078302222545911,1.3888433334728099,4.247127896241157,5.165872978094942,5.759498461924309,-0.3502342278735465,2.087900782947116,0.4087301587301587,0.989908108237286,0.9880952380952381,3,21,20,1.0,0,2,2,0.9761904761904762,6,222,224,1.0,0,248,248,0.9226069508383786,0.3330501316602409
FAS/XLF,fund_vs_underlying,FAS,XLF,RSI(underlying),7,2012,250,2012-01-03,2012-12-31,1.2263139750164482,1.0792736420429279,2.9454596159780646,3.654168101828883,5.832496859288277,-0.18804117039934173,1.5223584503062457,0.432,0.9954307609589329,0.984,4,51,53,1.0,0,12,12,0.992,2,237,235,0.996,1,247,246,0.4783252912221562,0.17517424287637348
FAS/XLF,fund_vs_underlying,FAS,XLF,RSI(underlying),7,2013,252,2013-01-02,2013-12-31,1.5855311979574394,1.1328469730924837,4.354905225235045,6.784240322798183,8.072301837157447,-0.15986996941447187,2.1568799920051935,0.4523809523809524,0.989891306474956,0.9682539682539683,8,72,74,0.9761904761904762,6,12,8,0.9920634920634921,2,242,242,1.0,0,251,251,0.39847781193199505,0.14328236969471778
FAS/XLF,fund_vs_underlying,FAS,XLF,RSI(underlying),7,2014,252,2014-01-02,2014-12-31,1.7061974273750768,1.2738554420393768,5.211419851223833,8.150540598156107,9.5645871459038,-0.29422407007645196,2.370006976592697,0.4444444444444444,0.9889910873251105,0.9682539682539683,8,55,59,0.9761904761904762,6,17,13,0.9841269841269841,4,235,239,0.996031746031746,1,252,251,0.36022701076791463,0.12845919957409485
FAS/XLF,fund_vs_underlying,FAS,XLF,RSI(underlying),7,2015,252,2015-01-02,2015-12-31,1.4348515926710745,1.2702217601451196,3.3837187447293684,4.561072778968792,8.157102272796976,-0.2155001334160638,1.7858579421787342,0.42063492063492064,0.9894725402602325,0.9841269841269841,4,13,11,1.0,0,0,0,0.9920634920634921,2,239,241,1.0,0,249,249,0.48721782314985224,0.17589223071588758
FAS/XLF,fund_vs_underlying,FAS,XLF,RSI(underlying),7,2016,252,2016-01-04,2016-12-30,2.5319245665038546,1.5750569267941898,9.387086908818358,13.809374015043467,23.259001704148268,-0.8177460851860838,3.922988635665633,0.4801587301587302,0.974035834493993,0.9642857142857143,9,57,56,0.9801587301587301,5,16,19,0.9880952380952381,3,227,230,0.996031746031746,1,247,246,0.4972981395183558,0.18706164213471801
FAS/XLF,fund_vs_underlying,FAS,XLF,RSI(underlying),7,2017,251,2017-01-03,2017-12-29,3.9884103201369725,3.2224988958528726,10.665715657058694,13.098962455990403,13.827489771527297,1.930035379436433,4.668371954920277,0.6972111553784861,0.958942851858375,0.9322709163346613,17,64,57,0.9402390438247012,15,25,18,0.9681274900398407,8,239,235,0.9880478087649402,3,248,245,0.28446081046192273,0.1307370130388345
FAS/XLF,fund_vs_underlying,FAS,XLF,RSI(underlying),7,2018,251,2018-01-02,2018-12-31,3.6517916607542658,2.9121014723887413,9.907297054687543,16.837678606912455,20.09675444434631,0.26703453854143333,4.934222217914112,0.4860557768924303,0.9602915059265992,0.9561752988047809,11,32,31,0.9880478087649402,3,9,12,0.9561752988047809,11,220,215,0.9760956175298805,6,237,235,0.4997720338591237,0.19528386272391976
FAS/XLF,fund_vs_underlying,FAS,XLF,RSI(underlying),7,2019,252,2019-01-02,2019-12-31,4.179936778388469,3.3427497773775947,10.788907922444155,14.03940348810435,15.309777224092826,0.9329924433169898,5.248247137457624,0.5992063492063492,0.9407464830844178,0.8611111111111112,35,85,74,0.9484126984126984,13,10,13,0.9841269841269841,4,243,243,0.996031746031746,1,250,251,0.37159164492990876,0.1548894433763537
FAS/XLF,fund_vs_underlying,FAS,XLF,RSI(underlying),7,2020,253,2020-01-02,2020-12-31,3.6040826113360946,2.123993657373518,10.517041448505731,17.119235640339863,22.775506928101663,0.8549998157078532,5.238127505734101,0.5177865612648221,0.9451144378215262,0.9407114624505929,15,39,26,0.9881422924901185,3,6,3,0.9723320158102767,7,231,236,0.9960474308300395,1,246,247,1.2273343156366765,0.45282145991853723
FAS/XLF,fund_vs_underlying,FAS,XLF,RSI(underlying),7,2021,252,2021-01-04,2021-12-31,1.4614915795615027,1.3118882254710655,3.107767995032119,6.125983853728446,7.5217751751512765,-0.38788718005457995,1.818262293807278,0.373015873015873,0.993107784290078,0.9761904761904762,6,48,46,0.9722222222222222,7,20,15,0.996031746031746,1,240,241,1.0,0,249,249,0.5487733818520594,0.18876864525070233
FAS/XLF,fund_vs_underlying,FAS,XLF,RSI(underlying),7,2022,251,2022-01-03,2022-12-30,1.2439951052035934,1.1972916430287768,2.785047074621172,4.142544653437934,4.601552590667694,-1.092548826022256,1.0374691538444463,0.1394422310756972,0.9981507798882536,0.9840637450199203,4,25,29,1.0,0,4,4,0.9840637450199203,4,205,209,0.9960159362549801,1,248,247,0.7357466789134659,0.2449062218318409
FAS/XLF,fund_vs_underlying,FAS,XLF,RSI(underlying),7,2023,250,2023-01-03,2023-12-29,1.6324688120220157,1.6471502546651884,3.0377933832309645,3.37218162342603,3.9717172751067267,-1.580861171681644,0.8975643912364933,0.044,0.9989378616629417,0.98,5,54,59,0.988,3,18,21,0.984,4,213,217,0.996,1,243,244,0.4852608534352303,0.16197433073770875
FAS/XLF,fund_vs_underlying,FAS,XLF,RSI(underlying),7,2024,252,2024-01-02,2024-12-31,1.5953767934612906,1.5429862655196445,2.9734546275955,3.7896850496873857,4.862159506424405,-1.558625275771935,0.9227406314502912,0.051587301587301584,0.9986601358520393,0.9523809523809523,12,57,69,0.996031746031746,1,17,18,0.9880952380952381,3,240,243,1.0,0,249,249,0.4181767379939145,0.14154798197707416
FAS/XLF,fund_vs_underlying,FAS,XLF,RSI(underlying),7,2025,250,2025-01-02,2025-12-31,1.6944941339495445,1.6693517284249033,2.84545301230528,3.9229142487555975,4.529127867570772,-1.6679601941608178,0.7995906048340985,0.028,0.9985529101736386,0.972,7,31,38,0.992,2,6,8,1.0,0,232,232,0.996,1,244,245,0.5709763865685138,0.19065000783260658
FAS/XLF,fund_vs_underlying,FAS,XLF,RSI(underlying),7,2026,156,2026-01-02,2026-08-17,1.4368312551667397,1.504494645695722,2.3328467185652215,2.5362623829418203,2.703615425791675,-1.4327523017988786,0.6079388693408345,0.02564102564102564,0.99934519424773,0.9871794871794872,2,24,26,1.0,0,4,4,0.9615384615384616,6,141,147,0.9935897435897436,1,154,155,0.4566328292213494,0.15426138507056852
FAS/XLF,fund_vs_underlying,FAS,XLF,RSI(underlying),7,pooled,4454,2008-12-01,2026-08-17,2.1512602800951575,1.557801523608962,6.806368910655137,11.276409604981534,23.259001704148268,-0.432900133119777,3.0946004880882194,0.3488998652896273,0.981817479981118,0.9649753030983386,156,801,803,0.9847328244274809,68,210,202,0.9820386169735069,80,4080,4116,0.9950606196677144,22,4384,4378,0.7255877727958067,0.26897548897565393
FAS/XLF,fund_vs_underlying,FAS,XLF,RSI(underlying),14,2008,15,2008-12-10,2008-12-31,3.4573204072999113,3.0996341079130474,5.133896787139769,5.784814119035347,5.947543452009242,3.4573204072999113,0.9986125990627446,1.0,,1.0,0,0,0,1.0,0,0,0,1.0,0,15,15,1.0,0,15,15,1.806615290424905,0.6911186156338734
FAS/XLF,fund_vs_underlying,FAS,XLF,RSI(underlying),14,2009,252,2009-01-02,2009-12-31,2.2612056753002174,1.8402727776494565,5.628485746773825,7.715619126502564,8.201959369806183,-1.7775682750982293,2.216440898925559,0.16666666666666666,0.975078805893302,0.996031746031746,1,6,7,0.9920634920634921,2,2,0,0.996031746031746,1,248,249,1.0,0,252,252,1.6685665039190207,0.647595680446788
FAS/XLF,fund_vs_underlying,FAS,XLF,RSI(underlying),14,2010,252,2010-01-04,2010-12-31,1.2283165028199265,1.0850702226384712,2.7661049406738667,3.4116411219583003,3.7492900791670607,-0.7416864496817556,1.2982676445324437,0.2976190476190476,0.9953281425348799,0.9880952380952381,3,25,26,0.9920634920634921,2,4,2,1.0,0,252,252,1.0,0,252,252,0.7113819493927155,0.25448380071056914
FAS/XLF,fund_vs_underlying,FAS,XLF,RSI(underlying),14,2011,252,2011-01-03,2011-12-30,1.4435216526735863,1.2655012212046088,3.465840326645725,3.958983146684315,4.102029572802266,-0.5991274448466685,1.6351181862106678,0.3412698412698413,0.9875927023209723,0.9920634920634921,2,3,5,1.0,0,0,0,0.9880952380952381,3,242,245,1.0,0,251,251,0.9226069508383786,0.3330501316602409
FAS/XLF,fund_vs_underlying,FAS,XLF,RSI(underlying),14,2012,250,2012-01-03,2012-12-31,0.8897024941016989,0.7851186015089233,1.8505935621830187,2.4403420547738803,3.644585967133885,-0.3356189578422979,1.0060930417035467,0.356,0.9959146703612619,0.996,1,20,21,0.996,1,2,1,1.0,0,244,244,1.0,0,250,250,0.4783252912221562,0.17517424287637348
FAS/XLF,fund_vs_underlying,FAS,XLF,RSI(underlying),14,2013,252,2013-01-02,2013-12-31,1.0656387384625947,0.90600485498749,2.755491571896339,3.9684927488500517,4.334362298840219,-0.1854024724789297,1.3812035357699262,0.45634920634920634,0.9905787662901608,0.9682539682539683,8,25,23,1.0,0,0,0,1.0,0,252,252,1.0,0,252,252,0.39847781193199505,0.14328236969471778
FAS/XLF,fund_vs_underlying,FAS,XLF,RSI(underlying),14,2014,252,2014-01-02,2014-12-31,1.203640597512639,0.8577873758446586,3.3266821121863215,5.019261444176483,5.9707340500809565,-0.34961806486607805,1.5823153092042568,0.4007936507936508,0.989107739330456,0.9682539682539683,8,19,13,1.0,0,0,0,1.0,0,252,252,1.0,0,252,252,0.36022701076791463,0.12845919957409485
FAS/XLF,fund_vs_underlying,FAS,XLF,RSI(underlying),14,2015,252,2015-01-02,2015-12-31,0.9123567197437744,0.8615231170099591,1.868187463844141,2.2887394660534737,4.362864378556992,-0.25964977408107176,1.0696870050117344,0.376984126984127,0.9911188969520504,1.0,0,0,0,1.0,0,0,0,1.0,0,249,249,0.996031746031746,1,251,250,0.48721782314985224,0.17589223071588758
FAS/XLF,fund_vs_underlying,FAS,XLF,RSI(underlying),14,2016,252,2016-01-04,2016-12-30,1.753955236128762,0.9810343535528396,7.3372464817211105,9.193752122671167,11.892867018256986,-1.0606723760546557,2.5767941955306752,0.3253968253968254,0.980417697230334,0.9801587301587301,5,29,32,0.9722222222222222,7,3,8,1.0,0,243,243,1.0,0,252,252,0.4972981395183558,0.18706164213471801
FAS/XLF,fund_vs_underlying,FAS,XLF,RSI(underlying),14,2017,251,2017-01-03,2017-12-29,2.4829215439757406,2.0280443165824664,6.1331706540055,7.508045804331555,8.42832400246111,1.5729428024845515,2.6473218371111655,0.7410358565737052,0.9708796083912986,0.9402390438247012,15,40,27,0.9960159362549801,1,0,1,0.9960159362549801,1,251,250,1.0,0,251,251,0.28446081046192273,0.1307370130388345
FAS/XLF,fund_vs_underlying,FAS,XLF,RSI(underlying),14,2018,251,2018-01-02,2018-12-31,2.5536197511738967,2.1559307965466132,6.177890371734783,9.606853076806228,10.925201303559689,0.1637102672238799,3.2500577615845776,0.5179282868525896,0.9652152427740099,0.9920318725099602,2,13,15,1.0,0,5,5,0.9760956175298805,6,237,237,0.9960159362549801,1,249,250,0.4997720338591237,0.19528386272391976
FAS/XLF,fund_vs_underlying,FAS,XLF,RSI(underlying),14,2019,252,2019-01-02,2019-12-31,2.8828759501573997,2.4071930144698186,6.337328228422028,8.242564454225766,8.915605260545682,0.6679351766624508,3.4523999267792242,0.5515873015873016,0.9391494248235309,0.9246031746031746,19,15,18,1.0,0,0,0,1.0,0,252,252,1.0,0,252,252,0.37159164492990876,0.1548894433763537
FAS/XLF,fund_vs_underlying,FAS,XLF,RSI(underlying),14,2020,253,2020-01-02,2020-12-31,2.891704830432925,1.7216845205715003,8.617125680179704,12.227938898472006,15.05636531153852,-0.06816154745436587,4.14012059280239,0.39920948616600793,0.9420268428050342,0.9881422924901185,3,8,5,1.0,0,0,0,0.9762845849802372,6,238,242,0.9960474308300395,1,252,251,1.2273343156366765,0.45282145991853723
FAS/XLF,fund_vs_underlying,FAS,XLF,RSI(underlying),14,2021,252,2021-01-04,2021-12-31,1.0917494848119271,1.0032234469622985,2.230631665432117,3.541518995693827,4.080002502125254,-0.5202204004692927,1.2250389891196531,0.3373015873015873,0.9931068152025352,0.9761904761904762,6,22,16,1.0,0,0,0,1.0,0,251,251,1.0,0,252,252,0.5487733818520594,0.18876864525070233
FAS/XLF,fund_vs_underlying,FAS,XLF,RSI(underlying),14,2022,251,2022-01-03,2022-12-30,1.2480557693266574,1.311618641449364,2.1977744957219016,2.742238452544992,2.9300702897765376,-1.1915155893294922,0.7071180142766281,0.07171314741035857,0.9980091293509954,1.0,0,5,5,1.0,0,0,0,0.9880478087649402,3,247,244,1.0,0,251,251,0.7357466789134659,0.2449062218318409
FAS/XLF,fund_vs_underlying,FAS,XLF,RSI(underlying),14,2023,250,2023-01-03,2023-12-29,1.7207335422554861,1.7820973991848277,2.787860210708493,3.083475530930029,3.2684182490377864,-1.7049238383618721,0.6814992002329013,0.024,0.9988689308793997,0.972,7,26,33,1.0,0,3,3,0.996,1,239,240,1.0,0,249,249,0.4852608534352303,0.16197433073770875
FAS/XLF,fund_vs_underlying,FAS,XLF,RSI(underlying),14,2024,252,2024-01-02,2024-12-31,1.612886208922505,1.6764469725495665,2.585418734038562,2.8463295097720263,3.7099938521410394,-1.6091261586012704,0.6207430033790553,0.011904761904761904,0.9987969508120857,0.9761904761904762,6,27,33,1.0,0,0,0,0.996031746031746,1,251,252,1.0,0,252,252,0.4181767379939145,0.14154798197707416
FAS/XLF,fund_vs_underlying,FAS,XLF,RSI(underlying),14,2025,250,2025-01-02,2025-12-31,1.7909683077765386,1.7592130764285052,2.8934829650098175,3.370624601043708,3.4892080647880874,-1.780641222199748,0.5840283297007737,0.012,0.9981165271460566,0.988,3,2,5,1.0,0,0,0,1.0,0,244,244,1.0,0,250,250,0.5709763865685138,0.19065000783260658
FAS/XLF,fund_vs_underlying,FAS,XLF,RSI(underlying),14,2026,156,2026-01-02,2026-08-17,1.4583706007942685,1.4910420410150174,2.0297034671566934,2.2052149713897813,2.5584228011535686,-1.4583706007942685,0.3944474486365016,0.0,0.9994917867804404,0.9935897435897436,1,7,8,1.0,0,0,0,1.0,0,153,153,1.0,0,156,156,0.4566328292213494,0.15426138507056852
FAS/XLF,fund_vs_underlying,FAS,XLF,RSI(underlying),14,pooled,4447,2008-12-10,2026-08-17,1.705352119702342,1.38598712244859,4.776036519319459,7.976130242598274,15.05636531153852,-0.5920871842824676,2.217615137689155,0.3082977288059366,0.9810168571123485,0.9797616370586912,90,292,292,0.9970766809084777,13,19,20,0.9950528446143467,22,4360,4366,0.9993253879019564,3,4441,4440,0.7134252935037124,0.2639200923334808
FAS/XLF,fund_vs_underlying,FAS,XLF,RSI(underlying),28,2008,1,2008-12-31,2008-12-31,5.287365015365566,5.287365015365566,5.287365015365566,5.287365015365566,5.287365015365566,5.287365015365566,,1.0,,1.0,0,0,0,1.0,0,0,0,1.0,0,1,1,1.0,0,1,1,,
FAS/XLF,fund_vs_underlying,FAS,XLF,RSI(underlying),28,2009,252,2009-01-02,2009-12-31,2.266786231955242,1.800911844271237,4.840750232432579,5.12458062843547,5.560701734130745,-1.3694778162496517,2.350215335923857,0.21031746031746032,0.9426960550549969,1.0,0,0,0,1.0,0,0,0,1.0,0,252,252,1.0,0,252,252,1.6685665039190207,0.647595680446788
FAS/XLF,fund_vs_underlying,FAS,XLF,RSI(underlying),28,2010,252,2010-01-04,2010-12-31,1.0770333567219341,0.9649377138757558,2.2870599925929995,2.685796622621679,2.7198673803638727,-0.7940360087596545,0.9950892936309594,0.1746031746031746,0.9950497507170968,0.9920634920634921,2,4,2,1.0,0,0,0,1.0,0,252,252,1.0,0,252,252,0.7113819493927155,0.25448380071056914
FAS/XLF,fund_vs_underlying,FAS,XLF,RSI(underlying),28,2011,252,2011-01-03,2011-12-30,1.2708015874118184,1.064928811117614,2.9299915806516874,3.3542106360934265,3.486426391798986,-0.7957325194118158,1.3537308703104738,0.32936507936507936,0.9855620162892288,1.0,0,0,0,1.0,0,0,0,1.0,0,251,251,1.0,0,252,252,0.9226069508383786,0.3330501316602409
FAS/XLF,fund_vs_underlying,FAS,XLF,RSI(underlying),28,2012,250,2012-01-03,2012-12-31,0.685159314827368,0.6373159380054041,1.5343101481073544,1.736827051827073,2.120718477649419,-0.5517943072976265,0.6128285838682375,0.22,0.9960857600310551,1.0,0,1,1,1.0,0,0,0,1.0,0,250,250,1.0,0,250,250,0.4783252912221562,0.17517424287637348
FAS/XLF,fund_vs_underlying,FAS,XLF,RSI(underlying),28,2013,252,2013-01-02,2013-12-31,0.7642092427801809,0.6136772897402167,2.0017965357704304,2.3485309684016573,2.608170452456683,-0.24228321871214006,0.927989181262141,0.4444444444444444,0.9906127388712073,0.996031746031746,1,1,0,1.0,0,0,0,1.0,0,252,252,1.0,0,252,252,0.39847781193199505,0.14328236969471778
FAS/XLF,fund_vs_underlying,FAS,XLF,RSI(underlying),28,2014,252,2014-01-02,2014-12-31,0.834683846154975,0.6418673095712215,2.287398561658966,3.1398108888588787,3.680324942265891,-0.4093669891865723,1.0133090743408442,0.3055555555555556,0.9887320404277014,1.0,0,0,0,1.0,0,0,0,1.0,0,252,252,1.0,0,252,252,0.36022701076791463,0.12845919957409485
FAS/XLF,fund_vs_underlying,FAS,XLF,RSI(underlying),28,2015,252,2015-01-02,2015-12-31,0.5990200101437797,0.5510405788785953,1.2414894901160176,1.3921972157468665,2.0803469707239373,-0.23341118723229515,0.6697153405444095,0.36904761904761907,0.9913202362840187,1.0,0,0,0,1.0,0,0,0,1.0,0,251,251,1.0,0,252,252,0.48721782314985224,0.17589223071588758
FAS/XLF,fund_vs_underlying,FAS,XLF,RSI(underlying),28,2016,252,2016-01-04,2016-12-30,1.365128044875837,0.7500958868431766,5.318713076111284,7.235336717311058,8.072055136615177,-1.1886436180403341,1.8005888656435156,0.1984126984126984,0.9841952385235452,0.9246031746031746,19,9,28,1.0,0,0,0,1.0,0,252,252,1.0,0,252,252,0.4972981395183558,0.18706164213471801
FAS/XLF,fund_vs_underlying,FAS,XLF,RSI(underlying),28,2017,251,2017-01-03,2017-12-29,1.4939175193275274,1.3645209474513251,3.8466212235986106,4.742377122515247,5.214966331274752,1.1639053702616227,1.456486158711615,0.7768924302788844,0.9781779754039278,0.9840637450199203,4,6,2,1.0,0,0,0,1.0,0,251,251,1.0,0,251,251,0.28446081046192273,0.1307370130388345
FAS/XLF,fund_vs_underlying,FAS,XLF,RSI(underlying),28,2018,251,2018-01-02,2018-12-31,1.7380778160152766,1.478598020055962,3.8996051410324917,4.7759683543342994,6.108991024025016,0.04773906486257482,2.1493413472710223,0.5219123505976095,0.9710757764431921,0.9920318725099602,2,10,12,1.0,0,0,0,1.0,0,250,250,1.0,0,251,251,0.4997720338591237,0.19528386272391976
FAS/XLF,fund_vs_underlying,FAS,XLF,RSI(underlying),28,2019,252,2019-01-02,2019-12-31,2.0098599259346206,1.874193171391756,4.229897742641304,4.99113801376108,5.070790499464536,0.5778131619731957,2.2590410808471337,0.5912698412698413,0.9327510956991334,1.0,0,0,0,1.0,0,0,0,1.0,0,252,252,1.0,0,252,252,0.37159164492990876,0.1548894433763537
FAS/XLF,fund_vs_underlying,FAS,XLF,RSI(underlying),28,2020,253,2020-01-02,2020-12-31,2.5129207909711,2.0173372298823438,6.705441085143048,7.251512999850024,8.147813686883566,-1.1083000066843862,3.1225182221232557,0.26877470355731226,0.952529340369887,1.0,0,0,0,1.0,0,0,0,0.9802371541501976,5,245,250,1.0,0,253,253,1.2273343156366765,0.45282145991853723
FAS/XLF,fund_vs_underlying,FAS,XLF,RSI(underlying),28,2021,252,2021-01-04,2021-12-31,0.8756768823567341,0.7968977756919884,1.847291067571753,1.995390512597656,2.2262339196628247,-0.5837979988107095,0.873771270124203,0.25793650793650796,0.9926578577126726,1.0,0,4,4,1.0,0,0,0,1.0,0,252,252,1.0,0,252,252,0.5487733818520594,0.18876864525070233
FAS/XLF,fund_vs_underlying,FAS,XLF,RSI(underlying),28,2022,251,2022-01-03,2022-12-30,1.2323128364548321,1.353259402177379,1.8242198899329054,2.0482966501221576,2.1500838866271224,-1.2107060506273593,0.5287880581651926,0.043824701195219126,0.9978132123978412,1.0,0,0,0,1.0,0,0,0,1.0,0,251,251,1.0,0,251,251,0.7357466789134659,0.2449062218318409
FAS/XLF,fund_vs_underlying,FAS,XLF,RSI(underlying),28,2023,250,2023-01-03,2023-12-29,1.7553569787797765,1.8382485735922032,2.3604473847140404,2.612023784657686,2.657857341448988,-1.7553569787797765,0.4817432760685315,0.0,0.9986078653395146,0.996,1,3,4,1.0,0,0,0,1.0,0,250,250,1.0,0,250,250,0.4852608534352303,0.16197433073770875
FAS/XLF,fund_vs_underlying,FAS,XLF,RSI(underlying),28,2024,252,2024-01-02,2024-12-31,1.598279896776045,1.5865124076951034,2.29847338973413,2.4491525128194396,2.8809010650256752,-1.598279896776045,0.4718521543008651,0.0,0.9988965801602234,0.996031746031746,1,4,5,1.0,0,0,0,1.0,0,252,252,1.0,0,252,252,0.4181767379939145,0.14154798197707416
FAS/XLF,fund_vs_underlying,FAS,XLF,RSI(underlying),28,2025,250,2025-01-02,2025-12-31,1.8680204803891336,1.8190481388890838,2.6651338951121897,2.7894723856904804,2.907485900827993,-1.8680204803891336,0.42500598593710404,0.0,0.9972793163062449,1.0,0,0,0,1.0,0,0,0,1.0,0,250,250,1.0,0,250,250,0.5709763865685138,0.19065000783260658
FAS/XLF,fund_vs_underlying,FAS,XLF,RSI(underlying),28,2026,156,2026-01-02,2026-08-17,1.4702666912281448,1.4856646317633988,1.9511010211257798,2.0563263312791906,2.1220918762020347,-1.4702666912281448,0.3467446150657043,0.0,0.9992091613593851,1.0,0,0,0,1.0,0,0,0,1.0,0,156,156,1.0,0,156,156,0.4566328292213494,0.15426138507056852
FAS/XLF,fund_vs_underlying,FAS,XLF,RSI(underlying),28,pooled,4433,2008-12-31,2026-08-17,1.4118624380579596,1.2338235198743277,3.642432260237083,5.762038706007915,8.147813686883566,-0.7265080087072456,1.6622387321601617,0.2677644935709452,0.9785631435636871,0.9932325738777351,30,42,58,1.0,0,0,0,0.9988720956462892,5,4422,4427,1.0,0,4433,4433,0.7077495871252575,0.26156965583392316
LABU/XBI,fund_vs_underlying,LABU,XBI,RSI(underlying),7,2015,145,2015-06-08,2015-12-31,1.9013702907220704,1.6807581543712615,4.035416456169506,4.774431210086032,5.75886485899386,-1.533447394424071,1.6170040992518726,0.13793103448275862,0.9948690016234247,0.9724137931034482,4,12,16,0.993103448275862,1,4,3,0.993103448275862,1,127,128,0.993103448275862,1,141,142,1.1760517482912116,0.3973506327374659
LABU/XBI,fund_vs_underlying,LABU,XBI,RSI(underlying),7,2016,252,2016-01-04,2016-12-30,1.538546960493952,1.443678343011321,3.367365660914409,4.142289892663781,4.880048280394682,-1.4748787315405072,1.0600357367917497,0.07936507936507936,0.9981042374251294,0.9841269841269841,4,28,32,0.996031746031746,1,6,7,0.9841269841269841,4,209,213,0.996031746031746,1,245,246,1.1713244253760555,0.3909793567939383
LABU/XBI,fund_vs_underlying,LABU,XBI,RSI(underlying),7,2017,251,2017-01-03,2017-12-29,1.046119204751836,0.9781864929540589,2.1718876651808685,2.6485550389594685,2.999472087783033,-0.9387531674734093,0.7510238099356652,0.10756972111553785,0.9988911471500279,0.9920318725099602,2,44,46,1.0,0,8,8,1.0,0,240,240,1.0,0,248,248,0.6702466423192955,0.2233977972486877
LABU/XBI,fund_vs_underlying,LABU,XBI,RSI(underlying),7,2018,251,2018-01-02,2018-12-31,1.510962335624623,1.4435739824179024,2.999338127968606,4.024153790957538,6.1874037275162195,-1.3976371902316267,1.0655614086946457,0.05179282868525897,0.9978446074644453,0.9760956175298805,6,26,32,0.9960159362549801,1,4,5,0.9880478087649402,3,218,221,1.0,0,243,243,0.9299425804305002,0.3090308272151505
LABU/XBI,fund_vs_underlying,LABU,XBI,RSI(underlying),7,2019,252,2019-01-02,2019-12-31,1.3362051117632947,1.32393989172688,2.3188356136559998,3.1168157758071855,3.6613357194193767,-1.3246962236288136,0.6489083732976229,0.023809523809523808,0.9991233802402193,0.9682539682539683,8,32,40,1.0,0,11,11,0.996031746031746,1,237,238,0.996031746031746,1,248,249,0.797266283982135,0.2637318680690342
LABU/XBI,fund_vs_underlying,LABU,XBI,RSI(underlying),7,2020,253,2020-01-02,2020-12-31,1.7205731949649143,1.3693322413109215,5.149977543948601,8.606814933502596,9.9447903460306,-1.6532488344272311,1.6311002400705608,0.07114624505928854,0.9950778887277806,0.9723320158102767,7,44,51,1.0,0,15,15,0.9841897233201581,4,235,239,1.0,0,251,251,1.2120854813425976,0.40942415803236276
LABU/XBI,fund_vs_underlying,LABU,XBI,RSI(underlying),7,2021,252,2021-01-04,2021-12-31,1.2848110768903152,1.298236574445255,2.6522919948289387,3.159353734413542,3.336643804693807,-1.179376120347824,0.9110803740909187,0.1111111111111111,0.9981001610918281,0.9801587301587301,5,22,25,0.996031746031746,1,2,1,0.9801587301587301,5,217,222,0.996031746031746,1,249,248,0.9547106987515824,0.31905660966668586
LABU/XBI,fund_vs_underlying,LABU,XBI,RSI(underlying),7,2022,251,2022-01-03,2022-12-30,1.9130075687517822,1.9243877980311694,3.718911362489788,5.1183773754573885,5.605419724754817,-1.84264065044319,1.112835274013543,0.06374501992031872,0.9968883907900893,0.9960159362549801,1,11,12,1.0,0,3,3,0.9800796812749004,5,214,219,0.9960159362549801,1,246,245,1.3739559879816492,0.46300256982572313
LABU/XBI,fund_vs_underlying,LABU,XBI,RSI(underlying),7,2023,250,2023-01-03,2023-12-29,1.6636189933415189,1.6469325708683407,3.102577861473582,3.69875544693948,4.380981285645483,-1.612342822951537,0.9676239017599229,0.056,0.998449617893131,0.972,7,21,28,0.996,1,7,6,0.98,5,210,215,0.992,2,240,242,0.8310448648065286,0.2839078128209345
LABU/XBI,fund_vs_underlying,LABU,XBI,RSI(underlying),7,2024,252,2024-01-02,2024-12-31,1.6627395674369383,1.720270324649512,2.559433293390688,2.8392257315829053,3.0560364973369687,-1.650629274733824,0.6583379716826677,0.023809523809523808,0.9990095190104317,0.9841269841269841,4,21,25,1.0,0,5,5,0.9880952380952381,3,230,233,0.996031746031746,1,248,249,0.764678948668749,0.25476033254145325
LABU/XBI,fund_vs_underlying,LABU,XBI,RSI(underlying),7,2025,250,2025-01-02,2025-12-31,1.6178441963334476,1.607937030639615,2.953582876668043,4.1604339571814135,4.3448877253856395,-1.5764576300588835,0.8357901859117696,0.044,0.9985842429594403,0.968,8,41,49,1.0,0,12,12,0.988,3,237,240,1.0,0,246,246,0.8171077101931954,0.2736578233878763
LABU/XBI,fund_vs_underlying,LABU,XBI,RSI(underlying),7,2026,156,2026-01-02,2026-08-17,1.474751250230659,1.5236808605197218,2.295129600633416,2.649481780322946,2.723310074958299,-1.3835042873240389,0.7358655530563245,0.05128205128205128,0.9991451397337042,0.9871794871794872,2,21,23,1.0,0,11,11,0.9871794871794872,2,152,154,1.0,0,156,156,0.8776584470823969,0.29504627525283067
LABU/XBI,fund_vs_underlying,LABU,XBI,RSI(underlying),7,pooled,2815,2015-06-08,2026-08-17,1.5455216177286077,1.4946858122050273,3.0093218246590805,4.43076019270448,9.9447903460306,-1.4640282915400298,1.0558639133283192,0.06642984014209591,0.9978117284212916,0.9793960923623446,58,323,379,0.9982238010657194,5,88,87,0.9872113676731794,36,2526,2562,0.997158081705151,8,2761,2765,0.9819160168208908,0.32949876738431083
LABU/XBI,fund_vs_underlying,LABU,XBI,RSI(underlying),14,2015,138,2015-06-17,2015-12-31,1.9244964077361133,1.932362236351807,3.4986075046129983,4.018315827765187,4.061027754251832,-1.748437781704924,1.2820407698907084,0.06521739130434782,0.9931669173544195,1.0,0,4,4,1.0,0,0,0,0.9855072463768116,2,131,133,1.0,0,138,138,1.2015599472368137,0.40602430792503313
LABU/XBI,fund_vs_underlying,LABU,XBI,RSI(underlying),14,2016,252,2016-01-04,2016-12-30,1.6726990589727317,1.5851365595317013,3.77791538102215,4.508971924033725,4.97340050211136,-1.6342093594813487,1.0379785369616652,0.04365079365079365,0.9959637094112848,1.0,0,3,3,1.0,0,0,0,0.9761904761904762,6,232,238,1.0,0,252,252,1.1713244253760555,0.3909793567939383
LABU/XBI,fund_vs_underlying,LABU,XBI,RSI(underlying),14,2017,251,2017-01-03,2017-12-29,1.083604419094519,1.1025840663634483,1.7718988234962225,2.0195851102592535,2.133876615256753,-1.0485638311456114,0.5177139329516636,0.043824701195219126,0.9988387611591404,0.9960159362549801,1,13,12,1.0,0,1,1,1.0,0,250,250,1.0,0,251,251,0.6702466423192955,0.2233977972486877
LABU/XBI,fund_vs_underlying,LABU,XBI,RSI(underlying),14,2018,251,2018-01-02,2018-12-31,1.5238935387492776,1.4654935090731698,2.74073778807303,3.7220630186036807,3.8657089264125517,-1.4566943126295395,0.8277742408080652,0.0398406374501992,0.9972541463337999,1.0,0,6,6,1.0,0,0,0,0.9960159362549801,1,239,240,1.0,0,251,251,0.9299425804305002,0.3090308272151505
LABU/XBI,fund_vs_underlying,LABU,XBI,RSI(underlying),14,2019,252,2019-01-02,2019-12-31,1.4552741776080749,1.4785596308656217,2.4657990164492642,2.985537818880157,3.261850602262534,-1.444404277050178,0.5916279359043743,0.01984126984126984,0.9985824908328711,0.9841269841269841,4,19,23,0.996031746031746,1,5,4,1.0,0,251,251,1.0,0,252,252,0.797266283982135,0.2637318680690342
LABU/XBI,fund_vs_underlying,LABU,XBI,RSI(underlying),14,2020,253,2020-01-02,2020-12-31,1.9134194434988183,1.655263041799607,5.806529258919682,7.212394456270079,7.910858374270276,-1.8728723315055362,1.4860241942852874,0.043478260869565216,0.992090659228903,0.9960474308300395,1,20,21,1.0,0,3,3,0.9881422924901185,3,247,250,1.0,0,253,253,1.2120854813425976,0.40942415803236276
LABU/XBI,fund_vs_underlying,LABU,XBI,RSI(underlying),14,2021,252,2021-01-04,2021-12-31,1.354093800667196,1.316022445984082,2.5064192230626907,2.7214911683883516,2.829905406960819,-1.3255737233449394,0.695730596078968,0.027777777777777776,0.9974759739807129,1.0,0,3,3,1.0,0,0,0,1.0,0,248,248,1.0,0,252,252,0.9547106987515824,0.31905660966668586
LABU/XBI,fund_vs_underlying,LABU,XBI,RSI(underlying),14,2022,251,2022-01-03,2022-12-30,2.1086158049407455,2.0872180489981815,3.7426406827473606,4.281555453780005,4.587235212503444,-2.0489327011072276,1.0627454926203126,0.043824701195219126,0.9941828074499405,1.0,0,1,1,1.0,0,0,0,0.9960159362549801,1,239,240,1.0,0,251,251,1.3739559879816492,0.46300256982572313
LABU/XBI,fund_vs_underlying,LABU,XBI,RSI(underlying),14,2023,250,2023-01-03,2023-12-29,1.6863235650721995,1.6771465034189106,2.8631687543045063,3.335567668431527,3.6769806339294107,-1.664355929869866,0.7468503999770545,0.024,0.9982747842655717,1.0,0,11,11,1.0,0,0,0,0.992,2,233,235,1.0,0,250,250,0.8310448648065286,0.2839078128209345
LABU/XBI,fund_vs_underlying,LABU,XBI,RSI(underlying),14,2024,252,2024-01-02,2024-12-31,1.7563037863754898,1.8226619761559064,2.5093427294114714,2.779246222193241,2.8444151895336205,-1.7524149932326964,0.5246262408408358,0.011904761904761904,0.9985240373966352,0.9841269841269841,4,3,7,1.0,0,0,0,1.0,0,250,250,1.0,0,252,252,0.764678948668749,0.25476033254145325
LABU/XBI,fund_vs_underlying,LABU,XBI,RSI(underlying),14,2025,250,2025-01-02,2025-12-31,1.7264371914197922,1.7037670918475634,3.0936500268992377,3.5780411435746133,3.7063239388800397,-1.6970611683287107,0.7876734974699819,0.036,0.9980236862050508,0.996,1,23,24,0.996,1,1,0,1.0,0,246,246,1.0,0,250,250,0.8171077101931954,0.2736578233878763
LABU/XBI,fund_vs_underlying,LABU,XBI,RSI(underlying),14,2026,156,2026-01-02,2026-08-17,1.59068935488105,1.6298951228055536,2.339543025453729,2.659041621295306,2.6926967276159033,-1.4858599184141608,0.7344288041878954,0.07051282051282051,0.998174358622955,1.0,0,11,11,0.9935897435897436,1,1,0,1.0,0,156,156,1.0,0,156,156,0.8776584470823969,0.29504627525283067
LABU/XBI,fund_vs_underlying,LABU,XBI,RSI(underlying),14,pooled,2808,2015-06-17,2026-08-17,1.6406080320403373,1.5766658125032649,3.037856762821734,4.289267430296803,7.910858374270276,-1.5960951675987958,0.9282644115887817,0.037037037037037035,0.9965679475065684,0.9960826210826211,11,117,126,0.9989316239316239,3,11,8,0.9946581196581197,15,2722,2737,1.0,0,2808,2808,0.9828827715416372,0.3298254659700307
LABU/XBI,fund_vs_underlying,LABU,XBI,RSI(underlying),28,2015,124,2015-07-08,2015-12-31,1.6523682871714904,1.7608875021495152,3.1888494554507907,3.4067313807750974,3.4135006890020136,-1.528897834558886,1.1917865378383163,0.14516129032258066,0.983259833550678,1.0,0,0,0,1.0,0,0,0,1.0,0,124,124,1.0,0,124,124,1.223147592088914,0.4140492167164227
LABU/XBI,fund_vs_underlying,LABU,XBI,RSI(underlying),28,2016,252,2016-01-04,2016-12-30,1.841153014142195,1.756388136926489,3.74330453138647,4.03693844826966,4.392559944085789,-1.788076060807541,1.0786862421755572,0.051587301587301584,0.9899756509537249,1.0,0,0,0,1.0,0,0,0,1.0,0,252,252,1.0,0,252,252,1.1713244253760555,0.3909793567939383
LABU/XBI,fund_vs_underlying,LABU,XBI,RSI(underlying),28,2017,251,2017-01-03,2017-12-29,1.1538444580043776,1.1843499301489189,1.6423110342402225,1.811096345439637,1.9371637363241803,-1.1372107380127394,0.3894185876475688,0.01593625498007968,0.9986617729038609,0.9960159362549801,1,2,1,1.0,0,0,0,1.0,0,251,251,1.0,0,251,251,0.6702466423192955,0.2233977972486877
LABU/XBI,fund_vs_underlying,LABU,XBI,RSI(underlying),28,2018,251,2018-01-02,2018-12-31,1.4456450062238881,1.4600026323171136,2.6211056302037825,2.929557095186599,3.1097326996157832,-1.4219677539458921,0.6062833679156927,0.027888446215139442,0.996973184844787,1.0,0,0,0,1.0,0,0,0,1.0,0,251,251,1.0,0,251,251,0.9299425804305002,0.3090308272151505
LABU/XBI,fund_vs_underlying,LABU,XBI,RSI(underlying),28,2019,252,2019-01-02,2019-12-31,1.611518703756051,1.586562750298814,3.043793069463273,3.554252315728171,3.6254315234368946,-1.6088666378338552,0.6986901594884035,0.011904761904761904,0.9953847680457519,1.0,0,4,4,1.0,0,0,0,1.0,0,252,252,1.0,0,252,252,0.797266283982135,0.2637318680690342
LABU/XBI,fund_vs_underlying,LABU,XBI,RSI(underlying),28,2020,253,2020-01-02,2020-12-31,2.06285509966027,1.7686766558407712,4.8621799550129134,5.631806345411304,5.742194287255167,-2.0026117424208594,1.2963623306615144,0.05138339920948617,0.987694538371851,1.0,0,9,9,1.0,0,0,0,1.0,0,253,253,1.0,0,253,253,1.2120854813425976,0.40942415803236276
LABU/XBI,fund_vs_underlying,LABU,XBI,RSI(underlying),28,2021,252,2021-01-04,2021-12-31,1.4010626019397219,1.4141574290298422,2.2226170173223,2.377141821720089,2.528418223564991,-1.3871215140179485,0.5537148966098653,0.027777777777777776,0.9968626706298674,1.0,0,1,1,1.0,0,0,0,1.0,0,252,252,1.0,0,252,252,0.9547106987515824,0.31905660966668586
LABU/XBI,fund_vs_underlying,LABU,XBI,RSI(underlying),28,2022,251,2022-01-03,2022-12-30,2.3291982201383257,2.2357120409041755,4.10228375833881,4.605168167386857,4.79414081133266,-2.2669677451364803,1.1091656946839559,0.04780876494023904,0.989684871623641,1.0,0,0,0,1.0,0,0,0,1.0,0,251,251,1.0,0,251,251,1.3739559879816492,0.46300256982572313
LABU/XBI,fund_vs_underlying,LABU,XBI,RSI(underlying),28,2023,250,2023-01-03,2023-12-29,1.684841163404305,1.6879981977111207,2.7210689370143655,2.9624247976464413,3.1560373003395696,-1.6846280255961754,0.57681494923709,0.004,0.9974204076188955,1.0,0,0,0,1.0,0,0,0,1.0,0,250,250,1.0,0,250,250,0.8310448648065286,0.2839078128209345
LABU/XBI,fund_vs_underlying,LABU,XBI,RSI(underlying),28,2024,252,2024-01-02,2024-12-31,1.7908335714475483,1.8353670137633848,2.3448662406900906,2.485119499032359,2.614572796970954,-1.7908335714475483,0.38116842121840283,0.0,0.9980420383233669,1.0,0,0,0,1.0,0,0,0,1.0,0,252,252,1.0,0,252,252,0.764678948668749,0.25476033254145325
LABU/XBI,fund_vs_underlying,LABU,XBI,RSI(underlying),28,2025,250,2025-01-02,2025-12-31,1.7592271579731047,1.7817450176461271,2.8477466683320296,3.257006059491357,3.300128958086063,-1.735377481416749,0.785272690239085,0.04,0.9973716237551586,0.992,2,10,12,1.0,0,0,0,0.996,1,250,249,1.0,0,250,250,0.8171077101931954,0.2736578233878763
LABU/XBI,fund_vs_underlying,LABU,XBI,RSI(underlying),28,2026,156,2026-01-02,2026-08-17,1.6413411045202027,1.7188677312594045,2.0942950480226905,2.175306574619308,2.245035330313442,-1.5734766455336082,0.6202220092020101,0.057692307692307696,0.9964303941700592,0.9935897435897436,1,2,1,1.0,0,0,0,1.0,0,156,156,1.0,0,156,156,0.8776584470823969,0.29504627525283067
LABU/XBI,fund_vs_underlying,LABU,XBI,RSI(underlying),28,pooled,2794,2015-07-08,2026-08-17,1.7020021538485262,1.6479839507679195,3.1939007521558977,4.3954507301671315,5.742194287255167,-1.6696294856406815,0.8665053384573774,0.03471725125268432,0.9939140228300128,0.9985683607730852,4,28,28,1.0,0,0,0,0.9996420901932713,1,2794,2793,1.0,0,2794,2794,0.9828867295784591,0.3298553329090822
QLD/QQQ,fund_vs_underlying,QLD,QQQ,RSI(underlying),7,2006,127,2006-06-30,2006-12-29,1.7166995192604078,1.3304874908763296,4.5992215435425,7.291748963136504,8.512461346304086,-1.615063494308585,1.6062306499532069,0.10236220472440945,0.9952032374063925,0.9606299212598425,5,31,34,0.9606299212598425,5,8,11,0.984251968503937,2,119,121,1.0,0,127,127,0.29044442867515763,0.14788926300798913
QLD/QQQ,fund_vs_underlying,QLD,QQQ,RSI(underlying),7,2007,251,2007-01-03,2007-12-31,1.3606384050186313,1.1462733913513574,3.019403818951396,5.0453439591840095,5.495721725686174,-0.7315282876521204,1.5478378493106864,0.27091633466135456,0.9950902154194436,0.9681274900398407,8,45,49,0.9920318725099602,2,17,17,0.9880478087649402,3,241,240,0.9920318725099602,2,249,249,0.35822833043904173,0.1815918936008199
QLD/QQQ,fund_vs_underlying,QLD,QQQ,RSI(underlying),7,2008,253,2008-01-02,2008-12-31,1.8262210417661018,1.6851029570816038,4.253168104878746,5.9607936337316385,9.404145109079714,-1.1547646068085922,1.9782489313593805,0.2648221343873518,0.9925455159195855,0.9881422924901185,3,18,15,0.9960474308300395,1,1,0,0.9762845849802372,6,203,209,0.9841897233201581,4,238,240,0.793363171089212,0.3992775061228325
QLD/QQQ,fund_vs_underlying,QLD,QQQ,RSI(underlying),7,2009,252,2009-01-02,2009-12-31,0.8453342213232795,0.6140377235442642,1.8318530672975335,6.237867001988819,15.867500019580376,-0.3184098748897572,1.5532771627416893,0.21031746031746032,0.9959449749683338,0.9841269841269841,4,66,66,0.9880952380952381,3,18,15,0.996031746031746,1,241,242,1.0,0,252,252,0.5060707174700332,0.25562554670577575
QLD/QQQ,fund_vs_underlying,QLD,QQQ,RSI(underlying),7,2010,252,2010-01-04,2010-12-31,0.6839084154181215,0.5632710405587105,1.460436253560467,2.981497812155764,10.119790822012561,-0.34941533353297527,1.01318387848509,0.3055555555555556,0.9987034112653974,0.9761904761904762,6,73,75,0.9841269841269841,4,32,30,0.9880952380952381,3,229,232,0.996031746031746,1,246,247,0.38144226510302115,0.19303017738889594
QLD/QQQ,fund_vs_underlying,QLD,QQQ,RSI(underlying),7,2011,252,2011-01-03,2011-12-30,0.5761445234062856,0.5327932203923034,1.2886030524401026,1.819155286793415,2.04192379341022,-0.49177383761181576,0.4858252572241343,0.12301587301587301,0.9996390235265337,0.9920634920634921,2,37,39,1.0,0,9,9,0.996031746031746,1,226,227,0.9920634920634921,2,248,250,0.46942966023553595,0.23698740550786018
QLD/QQQ,fund_vs_underlying,QLD,QQQ,RSI(underlying),7,2012,250,2012-01-03,2012-12-31,0.46595494339416377,0.4170543525231025,1.0136988303905767,1.4626256543035447,2.382116324348168,-0.26820974443532125,0.5135708701456076,0.276,0.9996708011941158,0.996,1,76,75,0.992,2,28,26,0.996,1,221,220,0.996,1,245,244,0.3045059408008169,0.15329411936433399
QLD/QQQ,fund_vs_underlying,QLD,QQQ,RSI(underlying),7,2013,252,2013-01-02,2013-12-31,0.48786773161599983,0.40879783906760636,1.1566943619343588,1.7445064685467535,3.8245615737420664,-0.2328385669797041,0.5993811041920984,0.2857142857142857,0.9992541992273312,0.9841269841269841,4,72,72,0.996031746031746,1,20,21,1.0,0,249,249,1.0,0,252,252,0.24372969773410175,0.12233511191172147
QLD/QQQ,fund_vs_underlying,QLD,QQQ,RSI(underlying),7,2014,252,2014-01-02,2014-12-31,0.46589594718497224,0.4233495789144719,0.9885481743704366,1.206333723933455,1.846090723296534,-0.4309601421447682,0.3515279381604677,0.0992063492063492,0.9997880957804391,0.9920634920634921,2,70,72,0.9920634920634921,2,28,30,0.996031746031746,1,239,240,1.0,0,251,251,0.2765193745382658,0.13827347859451597
QLD/QQQ,fund_vs_underlying,QLD,QQQ,RSI(underlying),7,2015,252,2015-01-02,2015-12-31,0.5052939410367773,0.4710548992179753,1.125720005109723,1.4899451778544324,1.7894580107246227,-0.47681274311457716,0.3807064773161449,0.09523809523809523,0.9997153968830408,0.9920634920634921,2,32,34,1.0,0,16,16,1.0,0,236,236,1.0,0,249,249,0.3539000018230405,0.1787236423818498
QLD/QQQ,fund_vs_underlying,QLD,QQQ,RSI(underlying),7,2016,252,2016-01-04,2016-12-30,0.4910556080541538,0.4509631869037314,1.1291094455584632,1.3803672012808708,1.441851320180234,-0.447883259950031,0.39486580982356984,0.14285714285714285,0.9997438411823834,1.0,0,51,51,0.996031746031746,1,8,7,1.0,0,223,223,1.0,0,245,245,0.3214953562376655,0.16174498586559136
QLD/QQQ,fund_vs_underlying,QLD,QQQ,RSI(underlying),7,2017,251,2017-01-03,2017-12-29,0.5517893460715829,0.5130156985532182,1.2351247784681085,1.5125976974114401,2.204429688398534,-0.47867822268797416,0.46363530260291513,0.15139442231075698,0.9996665179165802,0.9800796812749004,5,98,103,0.9960159362549801,1,38,39,1.0,0,248,248,1.0,0,251,251,0.20410992319278898,0.1031570152561944
QLD/QQQ,fund_vs_underlying,QLD,QQQ,RSI(underlying),7,2018,251,2018-01-02,2018-12-31,0.7249289292456131,0.696955695599101,1.50928177840105,2.111386381877111,2.399012087587437,-0.7091885237741259,0.45468616262223416,0.043824701195219126,0.9996723002251334,0.9920318725099602,2,46,46,0.9960159362549801,1,17,18,0.9960159362549801,1,229,230,0.9960159362549801,1,245,246,0.4528603789822502,0.228908569015905
QLD/QQQ,fund_vs_underlying,QLD,QQQ,RSI(underlying),7,2019,252,2019-01-02,2019-12-31,0.6799215411644709,0.6275181682567705,1.4375919984002385,1.8281351237530856,2.438502673570653,-0.6406740501572171,0.46725838086413607,0.07142857142857142,0.9996198676920189,0.9920634920634921,2,81,83,0.9920634920634921,2,21,23,0.996031746031746,1,242,243,1.0,0,249,249,0.3255461619615165,0.16190944332984417
QLD/QQQ,fund_vs_underlying,QLD,QQQ,RSI(underlying),7,2020,253,2020-01-02,2020-12-31,0.7280715140706616,0.6079108109111573,1.8900714068804025,2.963079344017447,3.1814023290218785,-0.6547876973403689,0.6886374332803543,0.12648221343873517,0.9991564627972396,0.9881422924901185,3,75,78,0.9960474308300395,1,22,21,1.0,0,242,242,1.0,0,250,250,0.7150094569602591,0.356323921927571
QLD/QQQ,fund_vs_underlying,QLD,QQQ,RSI(underlying),7,2021,252,2021-01-04,2021-12-31,0.4640267036834478,0.4679440892323896,0.8935470418805507,1.1766278753777693,1.3044148640613002,-0.39817996830540836,0.3584509176790275,0.12698412698412698,0.9997926896948339,0.996031746031746,1,64,65,0.9920634920634921,2,19,17,1.0,0,237,237,1.0,0,252,252,0.3644358621942048,0.18217497130907107
QLD/QQQ,fund_vs_underlying,QLD,QQQ,RSI(underlying),7,2022,251,2022-01-03,2022-12-30,0.7674630726211951,0.8200889124947537,1.356389000273495,1.4828017938294416,1.7935584738324906,-0.7024421065188863,0.49502319062336425,0.06374501992031872,0.9995678154646787,1.0,0,14,14,1.0,0,0,0,0.9960159362549801,1,207,208,0.9960159362549801,1,246,245,0.6452278240596551,0.32149639899566984
QLD/QQQ,fund_vs_underlying,QLD,QQQ,RSI(underlying),7,2023,250,2023-01-03,2023-12-29,1.012388478358933,0.9984207630335646,1.7679453820461304,2.1300610063119154,2.547861257284481,-1.0101979100437255,0.42179157301223685,0.012,0.9996484302304762,0.972,7,63,70,0.984,4,19,23,1.0,0,236,236,1.0,0,250,250,0.35842302299793855,0.17865829253263218
QLD/QQQ,fund_vs_underlying,QLD,QQQ,RSI(underlying),7,2024,252,2024-01-02,2024-12-31,1.0609797667737326,1.1215436401381176,1.5384071910267987,1.845679671038309,1.9414546363126988,-1.0470365166465643,0.3887336080774147,0.031746031746031744,0.9997038768049658,0.9722222222222222,7,52,59,0.9920634920634921,2,16,18,0.9880952380952381,3,237,240,1.0,0,251,251,0.3606698951724739,0.18006864652803786
QLD/QQQ,fund_vs_underlying,QLD,QQQ,RSI(underlying),7,2025,250,2025-01-02,2025-12-31,1.0627610707205162,1.0499986286221663,1.6800561181342655,2.2930228069014835,2.8617177331214947,-1.056742750742898,0.40543809168090406,0.024,0.9996900623848546,0.964,9,49,58,0.996,1,11,12,1.0,0,232,232,1.0,0,246,246,0.46740993786129126,0.23596751241675698
QLD/QQQ,fund_vs_underlying,QLD,QQQ,RSI(underlying),7,2026,156,2026-01-02,2026-08-17,0.8109560841052624,0.8628338712247441,1.3972499167584065,1.6047156236662585,2.095426385894342,-0.7996772835407601,0.400125322688905,0.038461538461538464,0.9997940141796035,0.9807692307692307,3,33,36,1.0,0,19,19,0.9935897435897436,1,144,145,1.0,0,155,155,0.4289813175437889,0.21589130666943204
QLD/QQQ,fund_vs_underlying,QLD,QQQ,RSI(underlying),7,pooled,5063,2006-06-30,2026-08-17,0.8015563583879997,0.6625258771088909,1.9655833636549729,3.551239074496432,15.867500019580376,-0.6414600471032001,0.9009990326353038,0.13924550661663046,0.9986487455799784,0.9849891368753704,76,1146,1194,0.9930871025083943,35,367,372,0.9950622160774244,25,4681,4700,0.9976298637171638,12,4997,5001,0.4396406723073233,0.22078388530342383
QLD/QQQ,fund_vs_underlying,QLD,QQQ,RSI(underlying),14,2006,120,2006-07-12,2006-12-29,1.427174646918634,1.2804939730946217,2.86352956740155,3.427612943644328,3.5146494742291736,-1.423945142125845,0.7702561418743514,0.008333333333333333,0.9985241476303937,1.0,0,11,11,1.0,0,0,0,0.9833333333333333,2,118,120,1.0,0,120,120,0.2876911764623545,0.1460208730925222
QLD/QQQ,fund_vs_underlying,QLD,QQQ,RSI(underlying),14,2007,251,2007-01-03,2007-12-31,1.104095252040231,1.0664845456619787,2.244080175380809,3.1976822453201166,3.6285341588910853,-0.9240996319703373,0.9099915106527259,0.13545816733067728,0.9963610936392627,0.9760956175298805,6,15,19,1.0,0,0,0,0.9960159362549801,1,250,251,1.0,0,251,251,0.35822833043904173,0.1815918936008199
QLD/QQQ,fund_vs_underlying,QLD,QQQ,RSI(underlying),14,2008,253,2008-01-02,2008-12-31,1.4995410597837877,1.4512661407001488,2.9698374447428098,4.424407473122361,4.625053576843854,-1.2955234723509887,1.201705770662993,0.14624505928853754,0.9953483012832494,0.9920948616600791,2,2,0,1.0,0,0,0,0.9723320158102767,7,229,236,0.9960474308300395,1,253,252,0.793363171089212,0.3992775061228325
QLD/QQQ,fund_vs_underlying,QLD,QQQ,RSI(underlying),14,2009,252,2009-01-02,2009-12-31,0.7602631851553644,0.6378447254711936,1.6109149407239824,2.953211208942569,7.325176441895408,-0.44742399644794045,0.9318230047850959,0.16666666666666666,0.9969511199655714,0.996031746031746,1,26,25,1.0,0,0,0,1.0,0,252,252,1.0,0,252,252,0.5060707174700332,0.25562554670577575
QLD/QQQ,fund_vs_underlying,QLD,QQQ,RSI(underlying),14,2010,252,2010-01-04,2010-12-31,0.5317827477093472,0.47547809888150994,1.111116660021933,1.64924689829712,4.403172237521687,-0.3499081855486788,0.5907742557211589,0.24206349206349206,0.9993329080169951,1.0,0,55,55,1.0,0,5,5,0.996031746031746,1,250,251,1.0,0,252,252,0.38144226510302115,0.19303017738889594
QLD/QQQ,fund_vs_underlying,QLD,QQQ,RSI(underlying),14,2011,252,2011-01-03,2011-12-30,0.5758954741213281,0.54901298422919,1.1423518458086424,1.499749998154027,1.551742997421421,-0.5168854206129326,0.3913297099446325,0.07142857142857142,0.9995161244845879,1.0,0,12,12,1.0,0,2,2,1.0,0,251,251,1.0,0,252,252,0.46942966023553595,0.23698740550786018
QLD/QQQ,fund_vs_underlying,QLD,QQQ,RSI(underlying),14,2012,250,2012-01-03,2012-12-31,0.41524266538962173,0.4016185046970868,0.7945869944556767,0.9520853409362554,1.227302422801479,-0.28941118600177446,0.382659628201005,0.22,0.9997188187884478,0.996,1,48,49,1.0,0,4,4,0.988,3,244,243,1.0,0,250,250,0.3045059408008169,0.15329411936433399
QLD/QQQ,fund_vs_underlying,QLD,QQQ,RSI(underlying),14,2013,252,2013-01-02,2013-12-31,0.36495823047472054,0.3392900164247017,0.7043872845603601,1.0487522949228507,1.8517224860778612,-0.26832308156583784,0.3439395910152261,0.20238095238095238,0.9995208142244821,0.996031746031746,1,34,35,1.0,0,0,0,1.0,0,252,252,1.0,0,252,252,0.24372969773410175,0.12233511191172147
QLD/QQQ,fund_vs_underlying,QLD,QQQ,RSI(underlying),14,2014,252,2014-01-02,2014-12-31,0.4228796876310652,0.4410715494231461,0.754843938828359,0.8760173247822298,1.0296669132598453,-0.4161724700100941,0.21673007243162418,0.03968253968253968,0.9998343301733166,0.9880952380952381,3,30,33,1.0,0,3,3,0.996031746031746,1,251,250,1.0,0,252,252,0.2765193745382658,0.13827347859451597
QLD/QQQ,fund_vs_underlying,QLD,QQQ,RSI(underlying),14,2015,252,2015-01-02,2015-12-31,0.509356395256998,0.499575291994784,1.0460514894754525,1.2194365124845228,1.3490481945317896,-0.4951946836621031,0.28206756704496116,0.051587301587301584,0.9996323896292183,0.996031746031746,1,16,15,1.0,0,0,0,1.0,0,249,249,1.0,0,250,250,0.3539000018230405,0.1787236423818498
QLD/QQQ,fund_vs_underlying,QLD,QQQ,RSI(underlying),14,2016,252,2016-01-04,2016-12-30,0.5040505978811941,0.5011799406847999,0.9158579932867954,1.08100856333804,1.2745829064763967,-0.4877680836657671,0.2753250424126213,0.05555555555555555,0.9997416945389752,1.0,0,13,13,1.0,0,0,0,1.0,0,246,246,1.0,0,252,252,0.3214953562376655,0.16174498586559136
QLD/QQQ,fund_vs_underlying,QLD,QQQ,RSI(underlying),14,2017,251,2017-01-03,2017-12-29,0.5062590843743683,0.5118559873418604,0.9546005076517865,1.1458433160502288,1.2955715022398238,-0.4885481453217397,0.3047004358533983,0.055776892430278883,0.9997674063237965,0.9800796812749004,5,67,72,0.9960159362549801,1,11,12,1.0,0,251,251,1.0,0,251,251,0.20410992319278898,0.1031570152561944
QLD/QQQ,fund_vs_underlying,QLD,QQQ,RSI(underlying),14,2018,251,2018-01-02,2018-12-31,0.7308960023439176,0.7261110771155472,1.1896090885251773,1.5541137754837422,1.7743616715458757,-0.7291743433271377,0.2995555813954638,0.00398406374501992,0.9997710950949218,0.9800796812749004,5,22,27,1.0,0,3,3,1.0,0,246,246,1.0,0,251,251,0.4528603789822502,0.228908569015905
QLD/QQQ,fund_vs_underlying,QLD,QQQ,RSI(underlying),14,2019,252,2019-01-02,2019-12-31,0.6954351337495217,0.6870643244710877,1.2334337907182273,1.4091184674476782,1.5407569049021532,-0.6906132619381823,0.32067275606763995,0.01984126984126984,0.9997105441471148,0.996031746031746,1,37,38,1.0,0,2,2,1.0,0,250,250,1.0,0,252,252,0.3255461619615165,0.16190944332984417
QLD/QQQ,fund_vs_underlying,QLD,QQQ,RSI(underlying),14,2020,253,2020-01-02,2020-12-31,0.7817270331669776,0.6409030378443745,2.172602598657955,2.6193648749273395,2.7949609660740933,-0.746734160411413,0.6355554145413973,0.07509881422924901,0.9987968002844514,0.9920948616600791,2,37,39,0.9960474308300395,1,3,2,1.0,0,250,250,1.0,0,253,253,0.7150094569602591,0.356323921927571
QLD/QQQ,fund_vs_underlying,QLD,QQQ,RSI(underlying),14,2021,252,2021-01-04,2021-12-31,0.4672403079600064,0.48949482374680997,0.8012904022584535,0.9130210210480676,1.037738082912199,-0.4382736168389376,0.2730734846962986,0.0873015873015873,0.9997972833046094,1.0,0,27,27,1.0,0,0,0,1.0,0,251,251,1.0,0,252,252,0.3644358621942048,0.18217497130907107
QLD/QQQ,fund_vs_underlying,QLD,QQQ,RSI(underlying),14,2022,251,2022-01-03,2022-12-30,0.8068129018691574,0.8488412422191018,1.2712744437353578,1.3206110591229319,1.3858243784811535,-0.7774456359507672,0.39276456824967954,0.027888446215139442,0.9993711021912395,1.0,0,0,0,1.0,0,0,0,1.0,0,243,243,1.0,0,251,251,0.6452278240596551,0.32149639899566984
QLD/QQQ,fund_vs_underlying,QLD,QQQ,RSI(underlying),14,2023,250,2023-01-03,2023-12-29,1.0298580116480376,1.0572720954987425,1.4653337301778888,1.5929513578748675,1.6522131922594525,-1.0298580116480376,0.2712327975966634,0.0,0.9996908600782104,0.992,2,32,34,1.0,0,0,0,1.0,0,250,250,1.0,0,250,250,0.35842302299793855,0.17865829253263218
QLD/QQQ,fund_vs_underlying,QLD,QQQ,RSI(underlying),14,2024,252,2024-01-02,2024-12-31,1.1004158553964893,1.1612904375174402,1.3985797974826975,1.5159136333163357,1.6249220212424333,-1.0992146749537381,0.26919314035099884,0.007936507936507936,0.9996904984296463,0.9841269841269841,4,21,25,0.996031746031746,1,2,3,0.996031746031746,1,250,251,1.0,0,252,252,0.3606698951724739,0.18006864652803786
QLD/QQQ,fund_vs_underlying,QLD,QQQ,RSI(underlying),14,2025,250,2025-01-02,2025-12-31,1.0988467405037308,1.0823643735621964,1.6690247459670349,2.176684406839287,2.6217849133348636,-1.098372136184929,0.3333288473683219,0.004,0.9995810769179201,0.968,8,18,26,1.0,0,0,0,1.0,0,244,244,1.0,0,250,250,0.46740993786129126,0.23596751241675698
QLD/QQQ,fund_vs_underlying,QLD,QQQ,RSI(underlying),14,2026,156,2026-01-02,2026-08-17,0.8494011156488023,0.9404571900994831,1.2967287302748414,1.5057025712978491,1.5753009330098209,-0.8392790009004435,0.37223036268022014,0.03205128205128205,0.9997312876242693,0.9935897435897436,1,31,32,1.0,0,4,4,0.9935897435897436,1,154,155,1.0,0,156,156,0.4289813175437889,0.21589130666943204
QLD/QQQ,fund_vs_underlying,QLD,QQQ,RSI(underlying),14,pooled,5056,2006-07-12,2026-08-17,0.7519804284089334,0.6503331656864546,1.6688781532020673,2.6193007834953117,7.325176441895408,-0.6860171254754254,0.6147624147434004,0.0814873417721519,0.9988302786751804,0.991495253164557,43,554,587,0.9994066455696202,3,39,40,0.9966376582278481,17,4981,4992,0.9998022151898734,1,5054,5053,0.4397739895528458,0.22084175959396213
QLD/QQQ,fund_vs_underlying,QLD,QQQ,RSI(underlying),28,2006,106,2006-08-01,2006-12-29,1.9448074992020652,1.653635278673267,3.7639482348935562,3.944946501694904,4.297637014958951,-1.9448074992020652,0.863466992391872,0.0,0.9970693652039294,1.0,0,0,0,1.0,0,0,0,1.0,0,106,106,1.0,0,106,106,0.2723225212845051,0.1371899173519225
QLD/QQQ,fund_vs_underlying,QLD,QQQ,RSI(underlying),28,2007,251,2007-01-03,2007-12-31,1.108930251773599,1.1187338377871612,1.7837393360572378,2.140636327637111,2.6727426707579056,-1.0677302115424703,0.5376554426474633,0.043824701195219126,0.9968055608958496,1.0,0,0,0,1.0,0,0,0,1.0,0,251,251,1.0,0,251,251,0.35822833043904173,0.1815918936008199
QLD/QQQ,fund_vs_underlying,QLD,QQQ,RSI(underlying),28,2008,253,2008-01-02,2008-12-31,1.349125070013661,1.2634471749796603,2.762333891340579,2.934647449742831,3.2256334373474544,-1.3307709294949037,0.7688118691219953,0.03557312252964427,0.9959268503223041,1.0,0,0,0,1.0,0,0,0,1.0,0,249,249,1.0,0,253,253,0.793363171089212,0.3992775061228325
QLD/QQQ,fund_vs_underlying,QLD,QQQ,RSI(underlying),28,2009,252,2009-01-02,2009-12-31,0.8747247633449262,0.759571420903896,2.158078443286375,2.7704192028328967,3.1315016347079876,-0.7165454231952973,0.8248722493006914,0.14682539682539683,0.9976258051133362,1.0,0,0,0,1.0,0,0,0,1.0,0,252,252,1.0,0,252,252,0.5060707174700332,0.25562554670577575
QLD/QQQ,fund_vs_underlying,QLD,QQQ,RSI(underlying),28,2010,252,2010-01-04,2010-12-31,0.4616776031959327,0.4654345670106217,0.9634679341714054,1.0910331663409483,1.7854957442039705,-0.36813639561288697,0.4246368807240413,0.23809523809523808,0.9995934481813906,0.9920634920634921,2,7,9,1.0,0,0,0,1.0,0,252,252,1.0,0,252,252,0.38144226510302115,0.19303017738889594
QLD/QQQ,fund_vs_underlying,QLD,QQQ,RSI(underlying),28,2011,252,2011-01-03,2011-12-30,0.5689974435172773,0.5654407199720914,1.0289857452347693,1.130954304719296,1.1784463919460322,-0.5280695565320662,0.3197116057434403,0.05555555555555555,0.9994417338204798,0.9920634920634921,2,4,2,1.0,0,0,0,1.0,0,252,252,1.0,0,252,252,0.46942966023553595,0.23698740550786018
QLD/QQQ,fund_vs_underlying,QLD,QQQ,RSI(underlying),28,2012,250,2012-01-03,2012-12-31,0.4266411986695535,0.45357307495388,0.7001115484640629,0.7913109515960931,0.82465119876899,-0.32990854523434004,0.3346912503039607,0.176,0.999663800692174,0.988,3,14,11,1.0,0,0,0,1.0,0,250,250,1.0,0,250,250,0.3045059408008169,0.15329411936433399
QLD/QQQ,fund_vs_underlying,QLD,QQQ,RSI(underlying),28,2013,252,2013-01-02,2013-12-31,0.321033697916383,0.3334626586011318,0.5813720305374882,0.7639526470917795,1.0959357491508115,-0.29297487576864545,0.22884162345056103,0.11904761904761904,0.9997179299969257,1.0,0,0,0,1.0,0,0,0,1.0,0,252,252,1.0,0,252,252,0.24372969773410175,0.12233511191172147
QLD/QQQ,fund_vs_underlying,QLD,QQQ,RSI(underlying),28,2014,252,2014-01-02,2014-12-31,0.4219142214070941,0.4536943939804665,0.6457670052700735,0.7604797214816607,0.8426796052003738,-0.4200621029218569,0.17315252264323924,0.01984126984126984,0.9997983492745369,1.0,0,1,1,1.0,0,0,0,1.0,0,252,252,1.0,0,252,252,0.2765193745382658,0.13827347859451597
QLD/QQQ,fund_vs_underlying,QLD,QQQ,RSI(underlying),28,2015,252,2015-01-02,2015-12-31,0.5096771124656481,0.49689397160594595,0.8715569173120605,0.9595911200909198,0.9867332091118612,-0.506793229007838,0.1897876266583983,0.007936507936507936,0.9995515397517581,1.0,0,0,0,1.0,0,0,0,1.0,0,252,252,1.0,0,252,252,0.3539000018230405,0.1787236423818498
QLD/QQQ,fund_vs_underlying,QLD,QQQ,RSI(underlying),28,2016,252,2016-01-04,2016-12-30,0.5286970992626727,0.5427159489205593,0.8363520401271056,0.9075592951130855,0.9438237775897633,-0.5255876289724317,0.20954380961246918,0.027777777777777776,0.9996539835136627,1.0,0,0,0,1.0,0,0,0,1.0,0,252,252,1.0,0,252,252,0.3214953562376655,0.16174498586559136
QLD/QQQ,fund_vs_underlying,QLD,QQQ,RSI(underlying),28,2017,251,2017-01-03,2017-12-29,0.47611638322176925,0.4863696866629965,0.840293453335196,0.928949024136049,1.0532840667769534,-0.46408892348148606,0.2515467743825044,0.04780876494023904,0.9997389467596278,0.9760956175298805,6,36,42,1.0,0,0,0,1.0,0,251,251,1.0,0,251,251,0.20410992319278898,0.1031570152561944
QLD/QQQ,fund_vs_underlying,QLD,QQQ,RSI(underlying),28,2018,251,2018-01-02,2018-12-31,0.7158947854828038,0.7156991063948368,1.063730160227685,1.1630463615953452,1.2839463639275195,-0.7158947854828038,0.2275159855998286,0.0,0.9998215745696154,1.0,0,10,10,1.0,0,0,0,1.0,0,251,251,1.0,0,251,251,0.4528603789822502,0.228908569015905
QLD/QQQ,fund_vs_underlying,QLD,QQQ,RSI(underlying),28,2019,252,2019-01-02,2019-12-31,0.7478601099474286,0.768037219380453,1.225594461974332,1.3286164642763914,1.3800396129212302,-0.7471930499717886,0.28113150658795744,0.003968253968253968,0.9996420848552136,0.996031746031746,1,3,4,1.0,0,0,0,1.0,0,252,252,1.0,0,252,252,0.3255461619615165,0.16190944332984417
QLD/QQQ,fund_vs_underlying,QLD,QQQ,RSI(underlying),28,2020,253,2020-01-02,2020-12-31,0.8338194820931049,0.7180992323321789,2.0244388502273365,2.272032956779884,2.300783547380661,-0.8176263666079281,0.5749217160339315,0.043478260869565216,0.9985403671069952,0.9960474308300395,1,19,18,1.0,0,0,0,1.0,0,253,253,1.0,0,253,253,0.7150094569602591,0.356323921927571
QLD/QQQ,fund_vs_underlying,QLD,QQQ,RSI(underlying),28,2021,252,2021-01-04,2021-12-31,0.4659856270623632,0.5163498353825844,0.7760794269284496,0.8191335483061873,0.9179003804858823,-0.46167709677003943,0.2300859186795446,0.04365079365079365,0.9998109480295542,1.0,0,0,0,1.0,0,0,0,1.0,0,252,252,1.0,0,252,252,0.3644358621942048,0.18217497130907107
QLD/QQQ,fund_vs_underlying,QLD,QQQ,RSI(underlying),28,2022,251,2022-01-03,2022-12-30,0.8207974484765255,0.8536162308875959,1.2737348393099843,1.316972527719873,1.348399463602199,-0.8106729181800977,0.34129473332816457,0.01593625498007968,0.9990257403915593,1.0,0,0,0,1.0,0,0,0,1.0,0,251,251,1.0,0,251,251,0.6452278240596551,0.32149639899566984
QLD/QQQ,fund_vs_underlying,QLD,QQQ,RSI(underlying),28,2023,250,2023-01-03,2023-12-29,1.0380822087426236,1.0490305513446003,1.3825803736777378,1.5451435143873598,1.5922727954819678,-1.0380822087426236,0.22792941960175206,0.0,0.9995760163176202,0.988,3,4,7,1.0,0,0,0,1.0,0,250,250,1.0,0,250,250,0.35842302299793855,0.17865829253263218
QLD/QQQ,fund_vs_underlying,QLD,QQQ,RSI(underlying),28,2024,252,2024-01-02,2024-12-31,1.1272512276919733,1.1677327114961678,1.3798175991526498,1.449453090029599,1.466751826007787,-1.1272512276919733,0.1911212673856117,0.0,0.9996743225489712,0.996031746031746,1,5,6,1.0,0,0,0,1.0,0,252,252,1.0,0,252,252,0.3606698951724739,0.18006864652803786
QLD/QQQ,fund_vs_underlying,QLD,QQQ,RSI(underlying),28,2025,250,2025-01-02,2025-12-31,1.1188436924539096,1.1066649630849419,1.679239094773576,1.827350858788375,2.0786332127738163,-1.1188436924539096,0.2723344758736457,0.0,0.9994239258976587,1.0,0,0,0,1.0,0,0,0,1.0,0,250,250,1.0,0,250,250,0.46740993786129126,0.23596751241675698
QLD/QQQ,fund_vs_underlying,QLD,QQQ,RSI(underlying),28,2026,156,2026-01-02,2026-08-17,0.8741313768464962,0.9919146178959863,1.2172179594844739,1.3514634558699503,1.37992691547025,-0.8650129589472366,0.35698740045158395,0.03205128205128205,0.9995529367502474,1.0,0,14,14,1.0,0,0,0,1.0,0,156,156,1.0,0,156,156,0.4289813175437889,0.21589130666943204
QLD/QQQ,fund_vs_underlying,QLD,QQQ,RSI(underlying),28,pooled,5042,2006-08-01,2026-08-17,0.7622486427459705,0.6684109039406927,1.612429362588511,2.645870571587686,4.297637014958951,-0.7356130639284847,0.5350555082119314,0.052161840539468464,0.9982753297421069,0.9962316541055137,19,117,124,1.0,0,0,0,1.0,0,5038,5038,1.0,0,5042,5042,0.4399269190881687,0.22090028541154405
SOXL/SMH,fund_vs_underlying,SOXL,SMH,RSI(underlying),7,2010,199,2010-03-22,2010-12-31,2.9028096883562866,2.462458075169451,7.498984513580747,9.66300252963598,11.020997850627147,-1.6506024688212408,3.31361347515542,0.2663316582914573,0.9787483027612214,0.9296482412060302,14,31,37,0.9748743718592965,5,7,10,0.9849246231155779,3,184,183,1.0,0,198,198,0.8634928877749048,0.26141378960659767
SOXL/SMH,fund_vs_underlying,SOXL,SMH,RSI(underlying),7,2011,252,2011-01-03,2011-12-30,4.269114145469276,3.045501367488672,11.063858141208506,17.38333667352035,23.132653168127803,-2.0521918698285115,5.487580899539629,0.30952380952380953,0.941980242216785,0.9166666666666666,21,22,33,0.9801587301587301,5,8,5,0.9444444444444444,14,216,222,0.9880952380952381,3,250,247,0.9340747093830519,0.275924218408036
SOXL/SMH,fund_vs_underlying,SOXL,SMH,RSI(underlying),7,2012,250,2012-01-03,2012-12-31,3.0662171580428197,2.5519500685792913,7.645612415786809,10.115764609821214,13.297804978591927,-1.6719135900913413,3.4749473259270665,0.296,0.9785560340514624,0.976,6,36,42,0.988,3,12,11,0.944,14,215,223,0.988,3,245,248,0.6694131121069965,0.20353516705850427
SOXL/SMH,fund_vs_underlying,SOXL,SMH,RSI(underlying),7,2013,252,2013-01-02,2013-12-31,3.5331320075190353,2.614827635010265,8.902074289507121,11.473900869001799,15.343254120315557,0.5224037274229243,4.506725636389412,0.5555555555555556,0.9460809592266037,0.8928571428571429,27,49,50,0.9761904761904762,6,3,9,0.9880952380952381,3,248,245,1.0,0,252,252,0.5229462705683954,0.16518367037759116
SOXL/SMH,fund_vs_underlying,SOXL,SMH,RSI(underlying),7,2014,252,2014-01-02,2014-12-31,3.07427241043932,2.5585099543011367,7.392921452382603,10.646044105591455,12.489031251935657,-1.1382396383626185,3.7663301857583162,0.4166666666666667,0.9759924463315515,0.9404761904761905,15,71,78,0.9563492063492064,11,29,32,0.9523809523809523,12,239,241,1.0,0,250,250,0.5606959182893211,0.17643113424962054
SOXL/SMH,fund_vs_underlying,SOXL,SMH,RSI(underlying),7,2015,252,2015-01-02,2015-12-31,2.9112600169041816,2.5037587408195563,8.031631073806622,11.13693967811272,12.414988653864818,-1.2518830024395518,3.5723024751732964,0.36507936507936506,0.9725794122274446,0.9801587301587301,5,28,29,0.9880952380952381,3,7,4,0.9642857142857143,9,226,229,0.9920634920634921,2,246,244,0.6822122508618292,0.2180385193279435
SOXL/SMH,fund_vs_underlying,SOXL,SMH,RSI(underlying),7,2016,252,2016-01-04,2016-12-30,2.534295979354005,2.045944652655102,7.614387047943816,8.795629381458431,10.511919643094075,-0.36808716613955916,3.340993484714098,0.44047619047619047,0.9820919222301017,0.9166666666666666,21,67,66,0.9563492063492064,11,23,16,0.9841269841269841,4,231,229,0.9920634920634921,2,247,249,0.6797115170320822,0.21997422128943955
SOXL/SMH,fund_vs_underlying,SOXL,SMH,RSI(underlying),7,2017,251,2017-01-03,2017-12-29,2.4292265073910073,1.8438595821335397,6.544493776326846,7.645315766081314,11.524710109085007,-1.339864686060018,2.855683232276149,0.199203187250996,0.9836794204061096,0.9561752988047809,11,63,62,0.9760956175298805,6,25,27,0.9880478087649402,3,240,243,0.9960159362549801,1,249,250,0.5238482474459234,0.16230796524469338
SOXL/SMH,fund_vs_underlying,SOXL,SMH,RSI(underlying),7,2018,251,2018-01-02,2018-12-31,1.6049241935623388,1.388823950167918,4.187236036397042,5.567049194975041,7.382218036786384,-0.95206204515938,1.8046637717316991,0.30677290836653387,0.9938673357636919,0.9840637450199203,4,28,30,0.9960159362549801,1,6,5,0.9840637450199203,4,216,220,0.9880478087649402,3,244,245,0.8355238684472297,0.28023141573982446
SOXL/SMH,fund_vs_underlying,SOXL,SMH,RSI(underlying),7,2019,252,2019-01-02,2019-12-31,2.1455699354791244,1.9811861612459296,4.481088489238606,7.95307725504364,9.981208283169622,-1.565248809708149,2.104101021979206,0.14682539682539683,0.9914014756451622,0.9523809523809523,12,61,71,0.9920634920634921,2,12,12,0.9880952380952381,3,235,238,0.996031746031746,1,249,250,0.7859037724769095,0.2571186189032484
SOXL/SMH,fund_vs_underlying,SOXL,SMH,RSI(underlying),7,2020,253,2020-01-02,2020-12-31,2.329239992142445,1.9646838826378428,6.436130968234673,9.194585325624944,10.420969547368372,-2.0180519458215644,2.269595640121814,0.15810276679841898,0.9881443196717387,0.9723320158102767,7,33,38,0.9960474308300395,1,10,9,0.9802371541501976,5,238,243,0.9960474308300395,1,251,252,1.3130010821150226,0.4422030791678883
SOXL/SMH,fund_vs_underlying,SOXL,SMH,RSI(underlying),7,2021,252,2021-01-04,2021-12-31,1.8417227963549263,1.4472921615919425,4.913147337945716,7.197555219506505,10.030611002405244,-1.1197641595134515,2.1153871981707306,0.25,0.9904050705378112,0.9682539682539683,8,43,49,0.996031746031746,1,12,13,0.9801587301587301,5,240,239,1.0,0,251,251,0.8963445524996441,0.3027913997795654
SOXL/SMH,fund_vs_underlying,SOXL,SMH,RSI(underlying),7,2022,251,2022-01-03,2022-12-30,1.9968165275453469,1.8485707697470133,4.206838570125122,5.764451193990514,6.4697310780089055,-1.843760865317125,1.540036853129264,0.13545816733067728,0.9951988559751392,0.9960159362549801,1,14,15,1.0,0,2,2,0.9641434262948207,9,205,214,0.9960159362549801,1,250,249,1.297280510070426,0.42588958553502604
SOXL/SMH,fund_vs_underlying,SOXL,SMH,RSI(underlying),7,2023,250,2023-01-03,2023-12-29,2.845930972220896,2.342518032367657,6.811564644538094,8.535013403333549,10.807764573648534,-2.4127027344742187,2.5467599446931932,0.156,0.9879599395671367,0.94,15,43,58,0.988,3,15,16,0.964,9,230,237,1.0,0,248,248,0.8398423241748042,0.27501572512332195
SOXL/SMH,fund_vs_underlying,SOXL,SMH,RSI(underlying),7,2024,252,2024-01-02,2024-12-31,4.450960238265238,4.044323028549492,10.793002963218157,12.42711945628171,13.662841328767705,-4.078915808231267,3.6837891191375367,0.15079365079365079,0.9705134798878796,0.9246031746031746,19,29,48,0.9801587301587301,5,11,16,0.9801587301587301,5,236,239,1.0,0,251,251,1.018169511705575,0.3493722003010777
SOXL/SMH,fund_vs_underlying,SOXL,SMH,RSI(underlying),7,2025,250,2025-01-02,2025-12-31,3.597379855020663,2.8309163486020132,9.723222528845888,12.729035248607328,17.12715962451901,-3.0105761201081043,3.6004238479537527,0.164,0.9779656741155257,0.94,15,59,64,0.96,10,17,23,0.984,4,232,234,0.996,1,246,247,1.1816333442428195,0.3798896002995087
SOXL/SMH,fund_vs_underlying,SOXL,SMH,RSI(underlying),7,2026,156,2026-01-02,2026-08-17,2.8947911767526944,2.4707169311690436,7.038972845193612,8.871551399398829,9.888411559757273,-1.6491593023234021,3.0848214413257593,0.27564102564102566,0.9852364684963767,0.9487179487179487,8,43,47,0.9871794871794872,2,17,19,0.9935897435897436,1,151,152,1.0,0,156,156,1.5054768149325792,0.4389177363353758
SOXL/SMH,fund_vs_underlying,SOXL,SMH,RSI(underlying),7,pooled,4127,2010-03-22,2026-08-17,2.846935201780585,2.204849242477465,7.722846156467042,11.167910551131232,23.132653168127803,-1.6218190253945877,3.4182330438437085,0.2701720377998546,0.9780004052448622,0.9493578870850496,209,720,817,0.9818269929731039,75,216,229,0.9740731766416283,107,3782,3831,0.9956384783135449,18,4083,4087,0.9158176698146893,0.29481601313844824
SOXL/SMH,fund_vs_underlying,SOXL,SMH,RSI(underlying),14,2010,192,2010-03-31,2010-12-31,2.179606923136405,1.922180406966934,4.522016183066662,6.291945725510704,6.7915573388070385,-1.7975578496324314,1.8756807138739955,0.17708333333333334,0.9875606962989364,0.984375,3,17,20,1.0,0,2,2,0.9947916666666666,1,192,191,1.0,0,192,192,0.8691193991186681,0.26276019395770495
SOXL/SMH,fund_vs_underlying,SOXL,SMH,RSI(underlying),14,2011,252,2011-01-03,2011-12-30,3.2148360110128134,2.4372368332830945,9.765893649967994,11.842399305998619,14.120941627770051,-2.07043169958344,3.740343260289475,0.25,0.9459814478095068,0.9563492063492064,11,9,12,0.9920634920634921,2,4,2,0.9880952380952381,3,245,246,1.0,0,252,252,0.9340747093830519,0.275924218408036
SOXL/SMH,fund_vs_underlying,SOXL,SMH,RSI(underlying),14,2012,250,2012-01-03,2012-12-31,2.4343511360652426,2.193359226768223,5.260885392701279,6.028406214119426,8.386878520395697,-1.7304687997092294,2.3662207022245014,0.196,0.9782488825411082,0.984,4,11,13,1.0,0,0,0,0.992,2,244,246,1.0,0,250,250,0.6694131121069965,0.20353516705850427
SOXL/SMH,fund_vs_underlying,SOXL,SMH,RSI(underlying),14,2013,252,2013-01-02,2013-12-31,2.40160406804127,1.9541179660678694,6.180822614951904,7.418804560487553,7.828145426372991,0.18482140111108525,3.0241602207112583,0.5357142857142857,0.938609040994664,0.9484126984126984,13,5,12,1.0,0,0,0,1.0,0,252,252,1.0,0,252,252,0.5229462705683954,0.16518367037759116
SOXL/SMH,fund_vs_underlying,SOXL,SMH,RSI(underlying),14,2014,252,2014-01-02,2014-12-31,2.4180975714824426,2.218789239182666,5.463834649559272,7.463953364176114,8.705787765473055,-1.1074843802289907,2.8270204008464717,0.3333333333333333,0.9702286203729779,0.9325396825396826,17,30,41,0.9801587301587301,5,2,7,0.9920634920634921,2,248,250,1.0,0,252,252,0.5606959182893211,0.17643113424962054
SOXL/SMH,fund_vs_underlying,SOXL,SMH,RSI(underlying),14,2015,252,2015-01-02,2015-12-31,2.1228889925455827,1.73083236496063,5.1062887434951385,6.935958173649572,7.508713360410198,-1.3018277609861089,2.354540784494894,0.2698412698412698,0.9736647270146361,0.9920634920634921,2,5,3,1.0,0,0,0,0.9880952380952381,3,243,244,1.0,0,252,252,0.6822122508618292,0.2180385193279435
SOXL/SMH,fund_vs_underlying,SOXL,SMH,RSI(underlying),14,2016,252,2016-01-04,2016-12-30,1.9699180552804776,1.5075581330275654,5.441508831715032,6.9589717442151695,7.25965546636391,-0.6542160661575539,2.5033634772494735,0.31746031746031744,0.9787193536550264,0.9206349206349206,20,28,32,1.0,0,0,0,0.9920634920634921,2,245,247,1.0,0,252,252,0.6797115170320822,0.21997422128943955
SOXL/SMH,fund_vs_underlying,SOXL,SMH,RSI(underlying),14,2017,251,2017-01-03,2017-12-29,1.8847315492836163,1.672613968528438,4.460797357604715,5.320650353371924,5.980291129510746,-1.1484943100481015,1.949017410325705,0.19123505976095617,0.9834425886542594,0.9681274900398407,8,36,36,0.9920318725099602,2,4,6,1.0,0,251,251,1.0,0,251,251,0.5238482474459234,0.16230796524469338
SOXL/SMH,fund_vs_underlying,SOXL,SMH,RSI(underlying),14,2018,251,2018-01-02,2018-12-31,1.2473812377634204,1.0660978900666933,2.8654886888060886,3.461866454010451,3.9283925854085737,-1.0428931201662304,1.1072470946999375,0.1752988047808765,0.9944333070744417,1.0,0,4,4,1.0,0,0,0,0.9920318725099602,2,243,245,1.0,0,251,251,0.8355238684472297,0.28023141573982446
SOXL/SMH,fund_vs_underlying,SOXL,SMH,RSI(underlying),14,2019,252,2019-01-02,2019-12-31,1.8861778045630782,1.8700356348825693,3.587513567552219,4.7043580369466875,5.524949651387416,-1.5682074066883527,1.4564540914679722,0.0992063492063492,0.9910011631897442,0.9722222222222222,7,15,22,1.0,0,0,0,0.9841269841269841,4,246,250,1.0,0,252,252,0.7859037724769095,0.2571186189032484
SOXL/SMH,fund_vs_underlying,SOXL,SMH,RSI(underlying),14,2020,253,2020-01-02,2020-12-31,2.351620640299398,2.0033932607379015,6.449460984728956,8.001189760978729,8.660456549924646,-2.2784281902283046,1.906323426489936,0.07905138339920949,0.9852424961033813,0.9920948616600791,2,9,9,1.0,0,0,0,0.9960474308300395,1,251,252,1.0,0,253,253,1.3130010821150226,0.4422030791678883
SOXL/SMH,fund_vs_underlying,SOXL,SMH,RSI(underlying),14,2021,252,2021-01-04,2021-12-31,1.4904981485589615,1.3866170683661494,3.19547495512646,4.270155082767076,5.449660828815496,-1.1883025559580747,1.3002775537122409,0.14682539682539683,0.9917744644528401,0.9880952380952381,3,22,21,0.996031746031746,1,4,3,0.996031746031746,1,252,251,1.0,0,252,252,0.8963445524996441,0.3027913997795654
SOXL/SMH,fund_vs_underlying,SOXL,SMH,RSI(underlying),14,2022,251,2022-01-03,2022-12-30,2.034348253986691,2.0844977855329887,3.595707002774102,4.637297358922218,5.100603132362515,-1.9638312956703268,1.2029577232245967,0.055776892430278883,0.9952236772258175,0.9960159362549801,1,0,1,1.0,0,0,0,0.9960159362549801,1,248,247,1.0,0,251,251,1.297280510070426,0.42588958553502604
SOXL/SMH,fund_vs_underlying,SOXL,SMH,RSI(underlying),14,2023,250,2023-01-03,2023-12-29,2.739099627618801,2.457446789515952,5.37324344256543,6.866941186954769,8.026041972061876,-2.5787770869918023,1.7640050595717516,0.068,0.9883485451330619,0.964,9,19,26,0.996,1,1,0,1.0,0,250,250,1.0,0,250,250,0.8398423241748042,0.27501572512332195
SOXL/SMH,fund_vs_underlying,SOXL,SMH,RSI(underlying),14,2024,252,2024-01-02,2024-12-31,4.2827711726825815,4.203446737382713,8.093085232210443,10.064655443321692,10.33783125009382,-4.272080033320812,2.256708184046846,0.007936507936507936,0.9784429387376535,0.9603174603174603,10,15,25,0.996031746031746,1,0,1,1.0,0,252,252,1.0,0,252,252,1.018169511705575,0.3493722003010777
SOXL/SMH,fund_vs_underlying,SOXL,SMH,RSI(underlying),14,2025,250,2025-01-02,2025-12-31,3.2192423481952224,2.708697241521765,7.978718006333981,9.3933873940855,10.409545740058569,-3.1352516609307224,2.3573213401575517,0.044,0.9813896076016504,0.928,18,27,45,0.996,1,2,3,1.0,0,246,246,1.0,0,250,250,1.1816333442428195,0.3798896002995087
SOXL/SMH,fund_vs_underlying,SOXL,SMH,RSI(underlying),14,2026,156,2026-01-02,2026-08-17,2.402825319301479,2.3385899438377074,4.952644033429822,5.413450637416841,5.782496437225909,-1.5516311928632942,2.340271348365575,0.21153846153846154,0.9859239583633395,0.9615384615384616,6,35,33,0.967948717948718,5,6,5,1.0,0,156,156,1.0,0,156,156,1.5054768149325792,0.4389177363353758
SOXL/SMH,fund_vs_underlying,SOXL,SMH,RSI(underlying),14,pooled,4120,2010-03-31,2026-08-17,2.371240737866113,2.006171497268756,5.980998666269407,8.2907090445444,14.120941627770051,-1.7199271298314405,2.4482995070050637,0.18543689320388348,0.9770640249097969,0.9674757281553398,134,287,355,0.9956310679611651,18,25,29,0.9946601941747573,22,4064,4076,1.0,0,4120,4120,0.9161539209571986,0.29492553694193935
SOXL/SMH,fund_vs_underlying,SOXL,SMH,RSI(underlying),28,2010,178,2010-04-21,2010-12-31,1.7508668544189143,1.5701747145521026,3.374768989108999,4.632178570500347,4.8092879293164685,-1.56453466028697,1.2774351864161535,0.06741573033707865,0.9879146064274592,1.0,0,0,0,1.0,0,0,0,1.0,0,178,178,1.0,0,178,178,0.8776683595014202,0.26436444979952284
SOXL/SMH,fund_vs_underlying,SOXL,SMH,RSI(underlying),28,2011,252,2011-01-03,2011-12-30,2.50173965825744,2.176942756788467,6.778491229789468,7.605831782086155,8.11342484421045,-2.038708665524958,2.376024087702719,0.11507936507936507,0.9625253059063973,0.9761904761904762,6,6,4,1.0,0,0,0,1.0,0,252,252,1.0,0,252,252,0.9340747093830519,0.275924218408036
SOXL/SMH,fund_vs_underlying,SOXL,SMH,RSI(underlying),28,2012,250,2012-01-03,2012-12-31,1.9166173133948432,1.7243322976265532,3.8660767462876895,4.299304103296166,4.461869808936221,-1.656883739209932,1.4817558274877944,0.112,0.9775945514836164,1.0,0,0,0,1.0,0,0,0,1.0,0,250,250,1.0,0,250,250,0.6694131121069965,0.20353516705850427
SOXL/SMH,fund_vs_underlying,SOXL,SMH,RSI(underlying),28,2013,252,2013-01-02,2013-12-31,1.4328437999632238,1.2121210720091717,3.926339454022526,4.562727243152179,4.873766953965671,-0.16840401226155088,1.8388877382159172,0.5079365079365079,0.9296488167248985,1.0,0,0,0,1.0,0,0,0,1.0,0,252,252,1.0,0,252,252,0.5229462705683954,0.16518367037759116
SOXL/SMH,fund_vs_underlying,SOXL,SMH,RSI(underlying),28,2014,252,2014-01-02,2014-12-31,2.070318409975005,1.9297999964513686,4.677088914267331,6.142118114133284,6.635362203488036,-1.0241653845617018,2.307510649367764,0.32936507936507936,0.9510853497490599,0.9841269841269841,4,2,6,1.0,0,0,0,1.0,0,252,252,1.0,0,252,252,0.5606959182893211,0.17643113424962054
SOXL/SMH,fund_vs_underlying,SOXL,SMH,RSI(underlying),28,2015,252,2015-01-02,2015-12-31,1.665270364630405,1.4418519359846442,3.8529613751581824,4.323570244621521,4.7121459142091595,-1.3784282276249975,1.4682579249175542,0.15079365079365079,0.9764663908989216,1.0,0,0,0,1.0,0,0,0,0.996031746031746,1,252,251,1.0,0,252,252,0.6822122508618292,0.2180385193279435
SOXL/SMH,fund_vs_underlying,SOXL,SMH,RSI(underlying),28,2016,252,2016-01-04,2016-12-30,1.7258810866517484,1.5397556921848583,3.807758350417499,4.614437269231505,4.807890978215546,-0.9201527082946668,1.8128758400203582,0.1626984126984127,0.9748708119083015,1.0,0,0,0,1.0,0,0,0,1.0,0,252,252,1.0,0,252,252,0.6797115170320822,0.21997422128943955
SOXL/SMH,fund_vs_underlying,SOXL,SMH,RSI(underlying),28,2017,251,2017-01-03,2017-12-29,1.583856076128072,1.5436550107312854,2.930658475412393,3.7567383188031798,3.961769548900051,-0.9073785643010092,1.522833710634261,0.23107569721115537,0.9758083991452937,0.9721115537848606,7,12,17,1.0,0,0,0,1.0,0,251,251,1.0,0,251,251,0.5238482474459234,0.16230796524469338
SOXL/SMH,fund_vs_underlying,SOXL,SMH,RSI(underlying),28,2018,251,2018-01-02,2018-12-31,1.0562630004953328,1.0471532700160395,2.1194592984005673,2.5108084975301423,2.9643955596509315,-1.0471096876232657,0.6702386727559276,0.06374501992031872,0.9951349272522003,1.0,0,0,0,1.0,0,0,0,1.0,0,251,251,1.0,0,251,251,0.8355238684472297,0.28023141573982446
SOXL/SMH,fund_vs_underlying,SOXL,SMH,RSI(underlying),28,2019,252,2019-01-02,2019-12-31,1.708425047139852,1.7552913704961348,2.831351601274447,3.163167743839657,3.554795764439227,-1.5340745254575499,1.006754462716785,0.05952380952380952,0.9897793334694153,0.9920634920634921,2,2,0,1.0,0,0,0,1.0,0,252,252,1.0,0,252,252,0.7859037724769095,0.2571186189032484
SOXL/SMH,fund_vs_underlying,SOXL,SMH,RSI(underlying),28,2020,253,2020-01-02,2020-12-31,2.4993939977129016,2.1251699104835566,5.913567450150024,6.396541513558854,6.5653729869397495,-2.4926251513339195,1.557471084246301,0.011857707509881422,0.9850485177321893,1.0,0,2,2,1.0,0,0,0,1.0,0,253,253,1.0,0,253,253,1.3130010821150226,0.4422030791678883
SOXL/SMH,fund_vs_underlying,SOXL,SMH,RSI(underlying),28,2021,252,2021-01-04,2021-12-31,1.3431360809917756,1.4133003504940085,2.5134110446893834,2.9800313976056714,3.1244362608725993,-1.2434405188964073,0.8391711986349981,0.0992063492063492,0.9926846152054227,0.9920634920634921,2,9,11,1.0,0,0,0,1.0,0,252,252,1.0,0,252,252,0.8963445524996441,0.3027913997795654
SOXL/SMH,fund_vs_underlying,SOXL,SMH,RSI(underlying),28,2022,251,2022-01-03,2022-12-30,2.0019135655243403,1.876450351404415,3.812730326900038,4.27838904565246,4.54183306497513,-1.9679821880555994,1.1244005307710143,0.0398406374501992,0.9912770824196406,1.0,0,0,0,1.0,0,0,0,1.0,0,251,251,1.0,0,251,251,1.297280510070426,0.42588958553502604
SOXL/SMH,fund_vs_underlying,SOXL,SMH,RSI(underlying),28,2023,250,2023-01-03,2023-12-29,2.7252043304603957,2.6992769750379466,4.387528678570691,5.751193027264268,6.2521760374945075,-2.6777502447691406,1.1648742806888026,0.036,0.988385788245934,0.996,1,0,1,1.0,0,0,0,1.0,0,250,250,1.0,0,250,250,0.8398423241748042,0.27501572512332195
SOXL/SMH,fund_vs_underlying,SOXL,SMH,RSI(underlying),28,2024,252,2024-01-02,2024-12-31,4.271978676404987,4.1759395466240505,6.428268211351395,7.588532625816417,7.745048303072679,-4.271978676404987,1.3249927326052249,0.0,0.9867040399424228,0.9603174603174603,10,1,11,1.0,0,0,0,1.0,0,252,252,1.0,0,252,252,1.018169511705575,0.3493722003010777
SOXL/SMH,fund_vs_underlying,SOXL,SMH,RSI(underlying),28,2025,250,2025-01-02,2025-12-31,3.362887544444897,3.0071053665903733,6.473401635892828,7.093763877173295,7.351168684336663,-3.362887544444897,1.6213219580636011,0.0,0.9826285382629657,0.988,3,3,6,1.0,0,0,0,1.0,0,250,250,1.0,0,250,250,1.1816333442428195,0.3798896002995087
SOXL/SMH,fund_vs_underlying,SOXL,SMH,RSI(underlying),28,2026,156,2026-01-02,2026-08-17,2.0082686525088165,1.8260328347020263,3.9078104811928434,4.425335625827427,4.697372652538817,-1.436621362760456,1.8395407079911315,0.1987179487179487,0.9862802332888081,0.9615384615384616,6,20,16,1.0,0,0,0,1.0,0,156,156,1.0,0,156,156,1.5054768149325792,0.4389177363353758
SOXL/SMH,fund_vs_underlying,SOXL,SMH,RSI(underlying),28,pooled,4106,2010-04-21,2026-08-17,2.10349630998662,1.8440925315970276,4.952194969279089,6.500119516236995,8.11342484421045,-1.7564908945798572,1.8352546756301327,0.12810521188504628,0.9738989529865544,0.990014612761812,41,57,74,1.0,0,0,0,0.9997564539698003,1,4106,4105,1.0,0,4106,4106,0.9166769149844387,0.29509614774305515
SPXL/SPY,fund_vs_underlying,SPXL,SPY,RSI(underlying),7,2008,32,2008-11-14,2008-12-31,5.43609610466266,4.218102302176323,11.747731081754525,14.655823688086068,15.837083537824611,-5.43609610466266,3.9429014687004753,0.0,0.9586697012304168,1.0,0,0,0,1.0,0,0,0,0.84375,5,26,31,0.96875,1,31,32,1.5488634295061872,0.5679344492890509
SPXL/SPY,fund_vs_underlying,SPXL,SPY,RSI(underlying),7,2009,252,2009-01-02,2009-12-31,1.2414079985555893,1.149378671569437,2.6898886742061032,4.172039159809231,5.217948961754246,-0.858472898209715,1.2485225770786168,0.17857142857142858,0.9973456403127667,0.9722222222222222,7,52,55,0.9801587301587301,5,14,11,0.9920634920634921,2,228,230,1.0,0,249,249,0.7971339194527273,0.2663214387772645
SPXL/SPY,fund_vs_underlying,SPXL,SPY,RSI(underlying),7,2010,252,2010-01-04,2010-12-31,0.9474738214785577,0.7121669008915177,2.5204913006804324,3.3950778548017015,5.16557978987629,-0.3753746656802485,1.1880524714919185,0.3531746031746032,0.9980225320277031,0.9761904761904762,6,71,71,1.0,0,24,24,0.996031746031746,1,227,228,1.0,0,249,249,0.53885559508264,0.17929443976182713
SPXL/SPY,fund_vs_underlying,SPXL,SPY,RSI(underlying),7,2011,252,2011-01-03,2011-12-30,1.23623964018928,1.1337423818501975,2.8126731349368908,3.9432450736726907,4.0844094508596385,-0.9940782713631263,1.1529092053729453,0.20634920634920634,0.9976569782720897,0.9920634920634921,2,42,42,0.9920634920634921,2,9,9,0.9880952380952381,3,230,233,1.0,0,248,248,0.7006593016080834,0.23016893139880804
SPXL/SPY,fund_vs_underlying,SPXL,SPY,RSI(underlying),7,2012,250,2012-01-03,2012-12-31,1.126289682506166,0.8748439795826712,2.800458857321991,6.161799152727932,8.414916472053918,-0.4761537096196646,1.5079834585758072,0.236,0.996176619601589,0.972,7,59,60,0.984,4,15,13,0.996,1,230,231,0.996,1,245,244,0.38576077164585787,0.12736055004026758
SPXL/SPY,fund_vs_underlying,SPXL,SPY,RSI(underlying),7,2013,252,2013-01-02,2013-12-31,0.6899696067172418,0.5823115134634378,1.5664586759154706,1.9128392400972274,3.0423965799436488,-0.5512518105384475,0.6362498424836471,0.20238095238095238,0.9992244056133068,0.9801587301587301,5,79,84,0.9801587301587301,5,18,21,0.9920634920634921,2,243,245,1.0,0,251,251,0.3300521472003775,0.11073533604954133
SPXL/SPY,fund_vs_underlying,SPXL,SPY,RSI(underlying),7,2014,252,2014-01-02,2014-12-31,0.6412358904522982,0.61299744630929,1.21207317181473,1.4663214615183064,2.6902639687584013,-0.4983674671051877,0.5391361398544209,0.17063492063492064,0.9995512565632014,0.9880952380952381,3,63,66,0.9880952380952381,3,17,14,1.0,0,233,233,1.0,0,250,250,0.33767829445717695,0.11244817837703529
SPXL/SPY,fund_vs_underlying,SPXL,SPY,RSI(underlying),7,2015,252,2015-01-02,2015-12-31,0.8243601233592891,0.8087472306569907,1.741900891713045,2.5231812422165873,3.228309861083922,-0.7950338548053419,0.5229341896211424,0.04365079365079365,0.9992884957050243,0.9920634920634921,2,26,28,1.0,0,0,0,1.0,0,235,235,1.0,0,249,249,0.4624243582575605,0.15429479300023904
SPXL/SPY,fund_vs_underlying,SPXL,SPY,RSI(underlying),7,2016,252,2016-01-04,2016-12-30,0.7564604683494076,0.7302174410741316,1.534625032875539,2.0508581659899168,2.237182251107079,-0.6493699896505631,0.6095591834638325,0.1388888888888889,0.999413957947215,0.9920634920634921,2,53,55,1.0,0,8,8,1.0,0,236,236,1.0,0,246,246,0.389373826290641,0.13061094771799214
SPXL/SPY,fund_vs_underlying,SPXL,SPY,RSI(underlying),7,2017,251,2017-01-03,2017-12-29,0.9015641558682335,0.7935646641010408,1.961458884638649,2.374370828466464,2.9388487078980887,-0.6647145227315032,0.8661763655473627,0.20717131474103587,0.9989043724845841,0.9760956175298805,6,82,86,0.9840637450199203,4,26,28,0.9920318725099602,2,244,246,1.0,0,251,251,0.19634226520209294,0.0674331618056917
SPXL/SPY,fund_vs_underlying,SPXL,SPY,RSI(underlying),7,2018,251,2018-01-02,2018-12-31,1.153786580987602,1.142500889127703,2.3061225624836403,2.785832572368701,3.7201833625661536,-1.1097036588999596,0.7150212686386651,0.07569721115537849,0.9992251540451713,0.9760956175298805,6,41,47,1.0,0,16,16,0.9880478087649402,3,223,226,0.9960159362549801,1,241,242,0.5079516609862992,0.1703536927770844
SPXL/SPY,fund_vs_underlying,SPXL,SPY,RSI(underlying),7,2019,252,2019-01-02,2019-12-31,1.0883410209233912,1.0624063874011647,2.102046396392363,2.9474015988643996,3.164830836993062,-1.0768091495044434,0.6217540277833542,0.023809523809523808,0.9993501449144508,0.9761904761904762,6,84,90,0.9841269841269841,4,17,21,0.9920634920634921,2,242,244,0.996031746031746,1,250,251,0.3730916821654623,0.12510659939307905
SPXL/SPY,fund_vs_underlying,SPXL,SPY,RSI(underlying),7,2020,253,2020-01-02,2020-12-31,1.2891094460706758,0.9176383728753521,4.122580180127906,6.6082838974057205,7.486164467087853,-1.224659932641728,1.3780583519747382,0.09486166007905138,0.99684835143217,0.9802371541501976,5,58,63,0.9920948616600791,2,12,14,0.9802371541501976,5,233,238,1.0,0,249,249,1.0084422560149124,0.3339442594213801
SPXL/SPY,fund_vs_underlying,SPXL,SPY,RSI(underlying),7,2021,252,2021-01-04,2021-12-31,0.5978592186955067,0.6043440115624819,1.1420595402007412,1.3405804025549164,1.512132291562466,-0.5569728073910214,0.39308294257417126,0.0873015873015873,0.9997378542425829,1.0,0,57,57,0.9920634920634921,2,15,15,1.0,0,245,245,1.0,0,252,252,0.38761422897826264,0.12987637128674556
SPXL/SPY,fund_vs_underlying,SPXL,SPY,RSI(underlying),7,2022,251,2022-01-03,2022-12-30,1.14350605520442,1.1842473799299285,2.0341115546408055,2.3855716072874706,2.587931848406086,-1.118928777846548,0.6135705580596839,0.05976095617529881,0.9992722397956081,0.9960159362549801,1,18,19,1.0,0,3,3,0.9920318725099602,2,211,213,0.9960159362549801,1,243,242,0.7226089727704191,0.24242446810236126
SPXL/SPY,fund_vs_underlying,SPXL,SPY,RSI(underlying),7,2023,250,2023-01-03,2023-12-29,1.4702512213961227,1.5084814711705796,2.3853738508254296,2.715663989748208,2.9531893684132484,-1.4700632629165933,0.5778082194642886,0.008,0.9994811475190193,0.984,4,62,66,0.98,5,16,21,0.98,5,226,231,0.992,2,248,250,0.3886974013191159,0.13074637048575077
SPXL/SPY,fund_vs_underlying,SPXL,SPY,RSI(underlying),7,2024,252,2024-01-02,2024-12-31,1.8426212613161719,1.8400555321862093,2.7783605232145816,3.1586713526786268,4.87870245069324,-1.8426212613161719,0.57649421522726,0.0,0.9993128171702806,0.9444444444444444,14,67,81,0.9761904761904762,6,11,17,0.9920634920634921,2,237,239,1.0,0,251,251,0.37438653420699297,0.12568468528737922
SPXL/SPY,fund_vs_underlying,SPXL,SPY,RSI(underlying),7,2025,250,2025-01-02,2025-12-31,1.7103547682857267,1.6611974889189902,2.6445966247380137,3.911228438353047,7.181314263260546,-1.7042204922855893,0.7312082007716535,0.016,0.9989792434229772,0.972,7,43,50,0.988,3,12,15,0.992,2,231,233,0.996,1,245,246,0.5539667697344767,0.1948658948552117
SPXL/SPY,fund_vs_underlying,SPXL,SPY,RSI(underlying),7,2026,156,2026-01-02,2026-08-17,1.3890152958775956,1.4049771628032985,2.2318093272121846,2.636917976618351,2.8908883969522776,-1.3890152958775956,0.5305194219395406,0.0,0.9995578836385891,0.9743589743589743,4,36,40,1.0,0,12,12,0.9935897435897436,1,144,145,1.0,0,156,156,0.41223312817624364,0.1373359399918883
SPXL/SPY,fund_vs_underlying,SPXL,SPY,RSI(underlying),7,pooled,4464,2008-11-14,2026-08-17,1.1385858702565808,1.0058455731516247,2.469857714130158,4.0231929453613775,15.837083537824611,-0.9868513946552657,1.0864388885801273,0.11850358422939068,0.9979632218094887,0.980510752688172,87,993,1060,0.9899193548387096,45,245,262,0.9914874551971327,38,4124,4162,0.9982078853046595,8,4404,4408,0.5451129144895812,0.1832797090455806
SPXL/SPY,fund_vs_underlying,SPXL,SPY,RSI(underlying),14,2008,25,2008-11-25,2008-12-31,7.369467305759965,7.111917615104197,11.215828785471293,11.761114663958752,11.924968663656045,-7.369467305759965,2.302083632298794,0.0,0.8822841470046094,1.0,0,0,0,1.0,0,0,0,1.0,0,25,25,1.0,0,25,25,1.3521052265332236,0.44782316156538127
SPXL/SPY,fund_vs_underlying,SPXL,SPY,RSI(underlying),14,2009,252,2009-01-02,2009-12-31,1.3307822674086345,1.2005887069130132,3.029385591842837,3.5472551477356182,3.674093638958851,-1.167597922514854,1.0643349901396826,0.11904761904761904,0.9960134455707564,0.996031746031746,1,18,17,1.0,0,0,0,1.0,0,246,246,1.0,0,252,252,0.7971339194527273,0.2663214387772645
SPXL/SPY,fund_vs_underlying,SPXL,SPY,RSI(underlying),14,2010,252,2010-01-04,2010-12-31,0.7672200121124398,0.5821564904491368,1.8355702480514005,2.2278583182960285,2.3748869715864416,-0.42404539748481435,0.86798247807026,0.3055555555555556,0.9982665843620112,0.9801587301587301,5,36,39,0.9920634920634921,2,3,1,0.996031746031746,1,251,252,1.0,0,252,252,0.53885559508264,0.17929443976182713
SPXL/SPY,fund_vs_underlying,SPXL,SPY,RSI(underlying),14,2011,252,2011-01-03,2011-12-30,1.1732997384091113,1.0246528558663144,2.7903530612582355,3.430679903294673,3.6448230145195524,-1.0748938130313765,0.9424466810985033,0.1349206349206349,0.9971454015384914,0.9841269841269841,4,23,19,1.0,0,0,0,0.996031746031746,1,247,248,1.0,0,251,251,0.7006593016080834,0.23016893139880804
SPXL/SPY,fund_vs_underlying,SPXL,SPY,RSI(underlying),14,2012,250,2012-01-03,2012-12-31,1.012097467189651,0.8919589729153792,2.160379077442547,2.5306624693351485,3.095864451028916,-0.6240157069612443,1.0000856130442126,0.188,0.9966887526367574,0.96,10,26,28,1.0,0,0,0,1.0,0,244,244,1.0,0,250,250,0.38576077164585787,0.12736055004026758
SPXL/SPY,fund_vs_underlying,SPXL,SPY,RSI(underlying),14,2013,252,2013-01-02,2013-12-31,0.5981286793028346,0.5745425114518845,1.1231991035338964,1.2575940366514504,2.013120717333493,-0.5460789905258998,0.4154614695668574,0.10714285714285714,0.9993544905906192,0.9920634920634921,2,22,22,1.0,0,0,0,1.0,0,252,252,1.0,0,252,252,0.3300521472003775,0.11073533604954133
SPXL/SPY,fund_vs_underlying,SPXL,SPY,RSI(underlying),14,2014,252,2014-01-02,2014-12-31,0.6118184624434531,0.6330104264969805,1.0724794814187535,1.220548250330205,1.2634621849091943,-0.5841595645620794,0.3357690946066026,0.07539682539682539,0.9996185862465821,0.9920634920634921,2,17,19,1.0,0,0,0,1.0,0,250,250,1.0,0,252,252,0.33767829445717695,0.11244817837703529
SPXL/SPY,fund_vs_underlying,SPXL,SPY,RSI(underlying),14,2015,252,2015-01-02,2015-12-31,0.8631870774396362,0.808991071721362,1.6535549535875518,2.0412212189229657,2.0776713688057242,-0.8507300650201568,0.39444347515947453,0.015873015873015872,0.9989557463937127,0.996031746031746,1,0,1,1.0,0,0,0,1.0,0,249,249,1.0,0,250,250,0.4624243582575605,0.15429479300023904
SPXL/SPY,fund_vs_underlying,SPXL,SPY,RSI(underlying),14,2016,252,2016-01-04,2016-12-30,0.7283148616804571,0.7571226738984151,1.3269183304892394,1.5263045687616952,1.5640248021481113,-0.705246932247805,0.42166152867501266,0.07142857142857142,0.9994398025142223,0.996031746031746,1,11,10,1.0,0,0,0,0.996031746031746,1,248,247,1.0,0,252,252,0.389373826290641,0.13061094771799214
SPXL/SPY,fund_vs_underlying,SPXL,SPY,RSI(underlying),14,2017,251,2017-01-03,2017-12-29,0.751574827384379,0.7176928867967476,1.4805510280675946,1.705261586381102,2.14059072544395,-0.6526829955493778,0.579691345418774,0.10756972111553785,0.9992843168755082,0.9800796812749004,5,50,55,0.9880478087649402,3,7,6,1.0,0,251,251,1.0,0,251,251,0.19634226520209294,0.0674331618056917
SPXL/SPY,fund_vs_underlying,SPXL,SPY,RSI(underlying),14,2018,251,2018-01-02,2018-12-31,1.1696430984919581,1.2768796524657233,1.8682715450877332,2.216729558256496,2.560851376238979,-1.144337127637489,0.5328024828246272,0.0398406374501992,0.9993077524784123,1.0,0,20,20,1.0,0,11,11,0.9920318725099602,2,237,239,0.9960159362549801,1,250,249,0.5079516609862992,0.1703536927770844
SPXL/SPY,fund_vs_underlying,SPXL,SPY,RSI(underlying),14,2019,252,2019-01-02,2019-12-31,1.1464021456278297,1.123273120251465,1.9873858854975324,2.457201537991161,2.5574392680727343,-1.145133349810909,0.46106188694257894,0.003968253968253968,0.999401302701841,0.9563492063492064,11,30,41,1.0,0,0,0,1.0,0,251,251,1.0,0,252,252,0.3730916821654623,0.12510659939307905
SPXL/SPY,fund_vs_underlying,SPXL,SPY,RSI(underlying),14,2020,253,2020-01-02,2020-12-31,1.5689805428233774,1.057477291952388,5.281194643557827,6.202160119306127,6.815021529791153,-1.5188623225683149,1.550939612391447,0.06719367588932806,0.99320539430699,0.9960474308300395,1,21,22,0.9960474308300395,1,2,1,0.9841897233201581,4,242,246,0.9960474308300395,1,253,252,1.0084422560149124,0.3339442594213801
SPXL/SPY,fund_vs_underlying,SPXL,SPY,RSI(underlying),14,2021,252,2021-01-04,2021-12-31,0.599860710591026,0.5829442698040417,1.0258006070563337,1.1564117931531521,1.3123270170628984,-0.5714731599140183,0.3238031119702468,0.051587301587301584,0.9997149497262451,1.0,0,18,18,1.0,0,0,0,1.0,0,252,252,1.0,0,252,252,0.38761422897826264,0.12987637128674556
SPXL/SPY,fund_vs_underlying,SPXL,SPY,RSI(underlying),14,2022,251,2022-01-03,2022-12-30,1.218927036616214,1.2496450566033133,1.9541648049373102,2.1389566973332066,2.292792445269285,-1.2085883228458711,0.5243158897427579,0.027888446215139442,0.9987373235389722,1.0,0,3,3,1.0,0,0,0,1.0,0,242,242,1.0,0,251,251,0.7226089727704191,0.24242446810236126
SPXL/SPY,fund_vs_underlying,SPXL,SPY,RSI(underlying),14,2023,250,2023-01-03,2023-12-29,1.5346614463348902,1.5561104837802127,2.1438630135514574,2.2811600534649834,2.4336397033616564,-1.5346614463348902,0.40816819836572005,0.0,0.9994793170623492,0.952,12,25,37,1.0,0,1,1,0.988,3,245,248,1.0,0,250,250,0.3886974013191159,0.13074637048575077
SPXL/SPY,fund_vs_underlying,SPXL,SPY,RSI(underlying),14,2024,252,2024-01-02,2024-12-31,1.871124249339774,1.8646633188590371,2.4592521413492494,2.6557784655300174,2.9828279330327945,-1.871124249339774,0.34927383080451563,0.0,0.9994189759697696,0.9484126984126984,13,20,33,1.0,0,1,1,0.996031746031746,1,251,252,1.0,0,252,252,0.37438653420699297,0.12568468528737922
SPXL/SPY,fund_vs_underlying,SPXL,SPY,RSI(underlying),14,2025,250,2025-01-02,2025-12-31,1.7859894594457217,1.7351044951644745,2.7439732973662303,3.945126639887359,6.061669595603,-1.7858343828057024,0.6057665967417893,0.004,0.9986501392869589,0.98,5,13,18,1.0,0,0,0,0.992,2,243,245,1.0,0,250,250,0.5539667697344767,0.1948658948552117
SPXL/SPY,fund_vs_underlying,SPXL,SPY,RSI(underlying),14,2026,156,2026-01-02,2026-08-17,1.4401375405153414,1.5142637539386676,2.061742258341752,2.243544059292512,2.2808003055240533,-1.4401375405153414,0.4362012970326696,0.0,0.9994424391164036,0.9807692307692307,3,19,22,1.0,0,0,0,0.9935897435897436,1,153,154,1.0,0,156,156,0.41223312817624364,0.1373359399918883
SPXL/SPY,fund_vs_underlying,SPXL,SPY,RSI(underlying),14,pooled,4457,2008-11-25,2026-08-17,1.1485592377438665,1.0035738776320002,2.242870028789272,4.551652330475491,11.924968663656045,-1.073975261062526,0.969016001267752,0.07448956697330042,0.9967697680890415,0.9829481714157505,76,372,424,0.9986538030065066,6,25,21,0.9964101413506843,16,4379,4393,0.9995512676688355,2,4453,4451,0.5393200709739945,0.1802471428603744
SPXL/SPY,fund_vs_underlying,SPXL,SPY,RSI(underlying),28,2008,11,2008-12-16,2008-12-31,4.979041853422286,4.917399277825055,5.200586692736739,5.24302751517985,5.253637720790628,-4.979041853422286,0.13556075135417714,0.0,,1.0,0,0,0,1.0,0,0,0,1.0,0,11,11,1.0,0,11,11,0.9367444907140101,0.3035763594842752
SPXL/SPY,fund_vs_underlying,SPXL,SPY,RSI(underlying),28,2009,252,2009-01-02,2009-12-31,1.60192693170625,1.3861480526444616,3.6393218542951855,4.049207975315355,4.370153358187487,-1.5636248891320763,1.156972293141053,0.06746031746031746,0.9945827341524685,1.0,0,0,0,1.0,0,0,0,1.0,0,252,252,1.0,0,252,252,0.7971339194527273,0.2663214387772645
SPXL/SPY,fund_vs_underlying,SPXL,SPY,RSI(underlying),28,2010,252,2010-01-04,2010-12-31,0.6816972143922285,0.5701704604400746,1.5966415107344443,1.81276194782102,1.8723789074359019,-0.5013118887869189,0.673984019622531,0.24206349206349206,0.9984851461946948,0.9841269841269841,4,4,0,1.0,0,0,0,1.0,0,252,252,1.0,0,252,252,0.53885559508264,0.17929443976182713
SPXL/SPY,fund_vs_underlying,SPXL,SPY,RSI(underlying),28,2011,252,2011-01-03,2011-12-30,1.1594328884428458,0.9592677927788706,2.5201376107284696,2.7548042079066066,2.888700600061334,-1.0737072413021798,0.8677744989734906,0.09126984126984126,0.9967742263552093,0.9920634920634921,2,9,7,1.0,0,0,0,1.0,0,251,251,1.0,0,252,252,0.7006593016080834,0.23016893139880804
SPXL/SPY,fund_vs_underlying,SPXL,SPY,RSI(underlying),28,2012,250,2012-01-03,2012-12-31,0.9093778685814982,0.9114809556382113,1.5660281837515415,1.752967967247881,2.1643852620509207,-0.8147368184269188,0.5641690567390727,0.104,0.9976211487493437,1.0,0,0,0,1.0,0,0,0,1.0,0,250,250,1.0,0,250,250,0.38576077164585787,0.12736055004026758
SPXL/SPY,fund_vs_underlying,SPXL,SPY,RSI(underlying),28,2013,252,2013-01-02,2013-12-31,0.5779380519302488,0.576276505909977,0.9972361632628703,1.1387013804126014,1.5936515887570621,-0.5591920632011593,0.3213644479351941,0.051587301587301584,0.9993302393639896,1.0,0,0,0,1.0,0,0,0,1.0,0,252,252,1.0,0,252,252,0.3300521472003775,0.11073533604954133
SPXL/SPY,fund_vs_underlying,SPXL,SPY,RSI(underlying),28,2014,252,2014-01-02,2014-12-31,0.6318210490791488,0.6581653776925478,0.9901744332809183,1.0627414963408233,1.1237499570015856,-0.6314837009109486,0.24090978650743475,0.011904761904761904,0.9995700347175916,1.0,0,0,0,1.0,0,0,0,1.0,0,252,252,1.0,0,252,252,0.33767829445717695,0.11244817837703529
SPXL/SPY,fund_vs_underlying,SPXL,SPY,RSI(underlying),28,2015,252,2015-01-02,2015-12-31,0.8923383314427691,0.829157295394932,1.476635305251753,1.531699210610328,1.537134385250802,-0.8840048561814412,0.29325242386595946,0.007936507936507936,0.9984624965360777,1.0,0,0,0,1.0,0,0,0,1.0,0,250,250,1.0,0,252,252,0.4624243582575605,0.15429479300023904
SPXL/SPY,fund_vs_underlying,SPXL,SPY,RSI(underlying),28,2016,252,2016-01-04,2016-12-30,0.7748256487955463,0.8036109599011816,1.2018223690598822,1.3569255958703554,1.4114113197067795,-0.7740282184988367,0.2950468498511066,0.007936507936507936,0.9993043481466067,1.0,0,0,0,1.0,0,0,0,1.0,0,252,252,1.0,0,252,252,0.389373826290641,0.13061094771799214
SPXL/SPY,fund_vs_underlying,SPXL,SPY,RSI(underlying),28,2017,251,2017-01-03,2017-12-29,0.6886188777173216,0.6634398774818635,1.272681422102199,1.47943562152156,1.521451895370049,-0.6373018010264192,0.431389494484569,0.07171314741035857,0.9993168952505733,0.9800796812749004,5,20,19,1.0,0,0,0,1.0,0,251,251,1.0,0,251,251,0.19634226520209294,0.0674331618056917
SPXL/SPY,fund_vs_underlying,SPXL,SPY,RSI(underlying),28,2018,251,2018-01-02,2018-12-31,1.166610024530296,1.2297176021152438,1.7058275900569093,1.8204283495032492,1.8855121124993488,-1.140414660813813,0.4586592288486762,0.05179282868525897,0.9993021222626705,1.0,0,18,18,0.9960159362549801,1,2,1,1.0,0,250,250,1.0,0,251,251,0.5079516609862992,0.1703536927770844
SPXL/SPY,fund_vs_underlying,SPXL,SPY,RSI(underlying),28,2019,252,2019-01-02,2019-12-31,1.2076583202427567,1.1980630568686124,2.007901802886671,2.199327753536771,2.2374874282941235,-1.2076583202427567,0.4086890734045111,0.0,0.9991157142571007,1.0,0,2,2,1.0,0,0,0,1.0,0,252,252,1.0,0,252,252,0.3730916821654623,0.12510659939307905
SPXL/SPY,fund_vs_underlying,SPXL,SPY,RSI(underlying),28,2020,253,2020-01-02,2020-12-31,1.8592352269475774,1.3270428192360342,5.010293968974297,5.62316670710203,5.734467146351825,-1.8450093152458857,1.504947892436918,0.02766798418972332,0.9893732978828368,0.9920948616600791,2,5,7,1.0,0,0,0,1.0,0,252,252,1.0,0,253,253,1.0084422560149124,0.3339442594213801
SPXL/SPY,fund_vs_underlying,SPXL,SPY,RSI(underlying),28,2021,252,2021-01-04,2021-12-31,0.5908161886190076,0.5947602009409643,1.0743549770671565,1.1459884410378363,1.168068642680801,-0.581337795215916,0.2986610682953231,0.031746031746031744,0.9995414253752106,1.0,0,0,0,1.0,0,0,0,1.0,0,252,252,1.0,0,252,252,0.38761422897826264,0.12987637128674556
SPXL/SPY,fund_vs_underlying,SPXL,SPY,RSI(underlying),28,2022,251,2022-01-03,2022-12-30,1.2487247806755457,1.259677729271246,1.8432008178537913,1.912348140001761,1.9589472797562877,-1.2487247806755457,0.44669911280656216,0.0,0.9978157882439076,1.0,0,0,0,1.0,0,0,0,1.0,0,251,251,1.0,0,251,251,0.7226089727704191,0.24242446810236126
SPXL/SPY,fund_vs_underlying,SPXL,SPY,RSI(underlying),28,2023,250,2023-01-03,2023-12-29,1.5860161650155522,1.6063654818852982,2.1016996171304854,2.2428109089356605,2.2909500828683136,-1.5860161650155522,0.31477966844021493,0.0,0.9992772814305823,1.0,0,1,1,1.0,0,0,0,1.0,0,250,250,1.0,0,250,250,0.3886974013191159,0.13074637048575077
SPXL/SPY,fund_vs_underlying,SPXL,SPY,RSI(underlying),28,2024,252,2024-01-02,2024-12-31,1.8578822262329875,1.86759472331552,2.2467722303755626,2.3633105424004257,2.4288413461136074,-1.8578822262329875,0.2518091968155333,0.0,0.9994461662763329,0.9880952380952381,3,2,5,1.0,0,0,0,1.0,0,252,252,1.0,0,252,252,0.37438653420699297,0.12568468528737922
SPXL/SPY,fund_vs_underlying,SPXL,SPY,RSI(underlying),28,2025,250,2025-01-02,2025-12-31,1.8177248487990756,1.7660592366552201,3.0241235477013486,3.301633854484246,4.640674500623426,-1.8177248487990756,0.5093095374681649,0.0,0.9982098394096708,1.0,0,0,0,1.0,0,0,0,1.0,0,249,249,1.0,0,250,250,0.5539667697344767,0.1948658948552117
SPXL/SPY,fund_vs_underlying,SPXL,SPY,RSI(underlying),28,2026,156,2026-01-02,2026-08-17,1.4855190666287983,1.5987303663057908,1.9325495908369312,2.031860552950775,2.1084145094304247,-1.4855190666287983,0.3742983199318791,0.0,0.9990093811546487,1.0,0,0,0,1.0,0,0,0,1.0,0,156,156,1.0,0,156,156,0.41223312817624364,0.1373359399918883
SPXL/SPY,fund_vs_underlying,SPXL,SPY,RSI(underlying),28,pooled,4443,2008-12-16,2026-08-17,1.1542439632309103,1.008967394453535,2.2548662527451957,4.281458994994468,5.734467146351825,-1.1243259652929347,0.798943859196483,0.04343911771325681,0.9957627223588803,0.9963988296196263,16,61,59,0.9997749268512266,1,2,1,1.0,0,4437,4437,1.0,0,4443,4443,0.5327633817777736,0.17807777435746727
TECL/XLK,fund_vs_underlying,TECL,XLK,RSI(underlying),7,2009,247,2009-01-09,2009-12-31,2.268597655242363,1.7716201103924192,6.637473878661887,9.110105603626966,10.740535377473662,0.2245182808307772,3.014701596109755,0.5060728744939271,0.9799698808809892,0.951417004048583,12,63,55,0.9635627530364372,9,11,12,0.9757085020242915,6,235,239,1.0,0,247,247,0.7974629568483478,0.2542209714491537
TECL/XLK,fund_vs_underlying,TECL,XLK,RSI(underlying),7,2010,252,2010-01-04,2010-12-31,2.043893395482619,1.6420543991383987,5.1249773882804,7.259402644090763,8.231836821492294,-1.1332977005534228,2.3981139133140195,0.29365079365079366,0.9919845815289228,0.9523809523809523,12,65,77,0.9722222222222222,7,28,29,0.9682539682539683,8,221,229,0.996031746031746,1,247,248,0.5919361769394589,0.18699039624642877
TECL/XLK,fund_vs_underlying,TECL,XLK,RSI(underlying),7,2011,252,2011-01-03,2011-12-30,2.2814195402596327,1.6418566415809295,6.793712254904792,9.80602873666638,14.14121974253608,-1.4052286822223348,2.8324328779422348,0.2222222222222222,0.9864340938220288,0.9761904761904762,6,36,36,0.9801587301587301,5,11,6,0.9603174603174603,10,217,227,0.996031746031746,1,248,249,0.7150913041465259,0.22594529607505348
TECL/XLK,fund_vs_underlying,TECL,XLK,RSI(underlying),7,2012,250,2012-01-03,2012-12-31,1.9203904227967599,1.2871603918585635,5.297790439200567,6.737878584867464,7.608264626283884,-1.158782887594357,2.3121660338064087,0.244,0.9932703290704229,0.976,6,68,70,0.976,6,27,31,0.972,7,217,222,0.992,2,245,245,0.4709006826514819,0.1475338288239188
TECL/XLK,fund_vs_underlying,TECL,XLK,RSI(underlying),7,2013,252,2013-01-02,2013-12-31,0.8967232610778327,0.7752912702088999,2.07773661987563,3.02177145343622,4.781957706837382,-0.7237397972969234,0.8557841517528993,0.1746031746031746,0.99801715664566,0.9801587301587301,5,51,54,0.9801587301587301,5,11,14,1.0,0,249,249,1.0,0,252,252,0.3439046083207394,0.11536638266100993
TECL/XLK,fund_vs_underlying,TECL,XLK,RSI(underlying),7,2014,252,2014-01-02,2014-12-31,0.9422248275131937,0.8413993619227895,2.1458028631999433,3.141174772947781,7.1089394931563135,-0.7344358259144778,0.9520909002955577,0.16666666666666666,0.9983097636665831,0.9722222222222222,7,59,62,0.9801587301587301,5,20,25,0.996031746031746,1,235,236,1.0,0,251,251,0.37968834243150945,0.12642445905398922
TECL/XLK,fund_vs_underlying,TECL,XLK,RSI(underlying),7,2015,252,2015-01-02,2015-12-31,0.9369031796286599,0.8324161243913153,2.1393591176169986,2.748203270693982,3.344075170114003,-0.7771979735169063,0.826749232866091,0.1746031746031746,0.9988322804675456,0.996031746031746,1,38,39,0.996031746031746,1,10,9,0.9920634920634921,2,233,235,0.996031746031746,1,248,249,0.5187114372354933,0.17744231254594442
TECL/XLK,fund_vs_underlying,TECL,XLK,RSI(underlying),7,2016,252,2016-01-04,2016-12-30,0.9379265794296633,0.8941636660858521,2.062916597585257,2.634085989760902,3.272945577734646,-0.6660449980511952,0.9134478785569653,0.23412698412698413,0.9987787209614929,0.9920634920634921,2,57,57,0.9841269841269841,4,16,14,0.996031746031746,1,228,229,0.9920634920634921,2,244,246,0.45440402305671895,0.15317223548201117
TECL/XLK,fund_vs_underlying,TECL,XLK,RSI(underlying),7,2017,251,2017-01-03,2017-12-29,1.0362654715164576,1.0260225933722893,2.126869406273915,2.6088586918735075,2.888727849347589,-0.6747669860750343,1.0068093956705706,0.24701195219123506,0.9984058573673259,0.9880478087649402,3,91,94,0.9721115537848606,7,40,45,0.9960159362549801,1,248,249,1.0,0,250,250,0.30681414488014774,0.1038170736997291
TECL/XLK,fund_vs_underlying,TECL,XLK,RSI(underlying),7,2018,251,2018-01-02,2018-12-31,1.2958136147323434,1.2713145548682974,2.524214303869986,2.98402135224131,3.4029092449579466,-1.278867268232218,0.7062044588272035,0.03187250996015936,0.9991185077963741,0.9880478087649402,3,38,41,0.9960159362549801,1,15,16,0.9840637450199203,4,229,233,1.0,0,246,246,0.690626767949134,0.23314082810495637
TECL/XLK,fund_vs_underlying,TECL,XLK,RSI(underlying),7,2019,252,2019-01-02,2019-12-31,1.080410856484575,1.0202549076546212,2.1616272059653006,3.2474789549099787,6.997095754645144,-1.0119065651250938,0.8545361340705506,0.09523809523809523,0.998745113820382,0.9642857142857143,9,90,99,0.996031746031746,1,29,30,0.9920634920634921,2,240,242,1.0,0,250,250,0.5368046538736165,0.18043328147290816
TECL/XLK,fund_vs_underlying,TECL,XLK,RSI(underlying),7,2020,253,2020-01-02,2020-12-31,1.5973938281664404,1.251351253474148,4.929561582545558,7.728663712641816,8.356533441282906,-1.561157100900287,1.5216906375146468,0.06719367588932806,0.9960801217698082,0.9841897233201581,4,58,62,0.9920948616600791,2,19,21,0.9881422924901185,3,238,241,1.0,0,249,249,1.1646834613897101,0.40165230978945937
TECL/XLK,fund_vs_underlying,TECL,XLK,RSI(underlying),7,2021,252,2021-01-04,2021-12-31,0.8676557006540713,0.8605843064256113,1.5983062025354322,1.9456212042435015,2.600753205743473,-0.7148247833259339,0.6664543787881039,0.0992063492063492,0.9993142216937155,0.9801587301587301,5,53,58,0.9920634920634921,2,14,14,0.996031746031746,1,240,241,1.0,0,252,252,0.5759102892929508,0.19295963810875882
TECL/XLK,fund_vs_underlying,TECL,XLK,RSI(underlying),7,2022,251,2022-01-03,2022-12-30,1.327444616345546,1.4598558093942842,2.3259042652772983,2.624925966491343,2.720555820030114,-1.293411624744667,0.7405297871800092,0.055776892430278883,0.9989277544448846,0.9960159362549801,1,14,15,1.0,0,0,0,0.9681274900398407,8,203,211,0.9960159362549801,1,244,245,0.9805895757262273,0.32828277329578115
TECL/XLK,fund_vs_underlying,TECL,XLK,RSI(underlying),7,2023,250,2023-01-03,2023-12-29,1.4348197651669916,1.5158555712594861,2.3030441131926107,2.5772572903068434,3.005300101555285,-1.434344194912937,0.5630392314816465,0.004,0.9994307951843575,0.976,6,68,74,0.988,3,16,19,0.98,5,231,236,1.0,0,249,249,0.5556543408317167,0.18546037324805875
TECL/XLK,fund_vs_underlying,TECL,XLK,RSI(underlying),7,2024,252,2024-01-02,2024-12-31,1.6021592430053953,1.6804467175043172,2.402318257999326,3.013057590231041,3.920864046289367,-1.5983211372875032,0.6018692850141082,0.011904761904761904,0.9993493691360137,0.9801587301587301,5,39,44,0.9880952380952381,3,13,16,0.9841269841269841,4,232,236,1.0,0,251,251,0.6582666232130566,0.22198868457290827
TECL/XLK,fund_vs_underlying,TECL,XLK,RSI(underlying),7,2025,250,2025-01-02,2025-12-31,1.6390434311028819,1.6387441301944108,2.9628991951941672,5.203063489258172,6.108444062038473,-1.5687716082984757,1.0089964024607412,0.052,0.9984057991899742,0.972,7,59,66,0.992,2,14,16,0.996,1,232,233,1.0,0,247,247,0.813733157630922,0.2762406495868203
TECL/XLK,fund_vs_underlying,TECL,XLK,RSI(underlying),7,2026,156,2026-01-02,2026-08-17,1.4385733471154352,1.5407975780102987,2.4387126696117143,2.607918982720033,2.7164851831590084,-1.3637004219498863,0.7836584898955591,0.08974358974358974,0.9991928291995081,0.9807692307692307,3,33,36,0.9871794871794872,2,18,20,0.9935897435897436,1,148,149,1.0,0,155,155,0.87289910197033,0.2923022281890734
TECL/XLK,fund_vs_underlying,TECL,XLK,RSI(underlying),7,pooled,4427,2009-01-09,2026-08-17,1.4177802879353516,1.2071995699256135,3.680093747545185,6.58317345470821,14.14121974253608,-1.0428092491710554,1.5495494628407884,0.154958210978089,0.9959142383138812,0.9780889993223402,97,980,1039,0.9853173706799186,65,312,337,0.9853173706799186,65,4076,4137,0.9981929071606054,8,4375,4381,0.6668312304271146,0.2225639628223143
TECL/XLK,fund_vs_underlying,TECL,XLK,RSI(underlying),14,2009,240,2009-01-21,2009-12-31,1.3202512781186624,1.0871482370226495,3.325063402772444,4.295115679209524,4.543936305547547,0.03117190878825505,1.6546500169045564,0.5,0.9863317118790194,0.95,12,25,15,1.0,0,0,0,1.0,0,240,240,1.0,0,240,240,0.7787304910803435,0.24977349237155644
TECL/XLK,fund_vs_underlying,TECL,XLK,RSI(underlying),14,2010,252,2010-01-04,2010-12-31,1.5058615959689838,1.3133867098209535,3.5534112704773,4.5080599990036125,4.713682589520225,-1.1089230760791922,1.535675479274389,0.2619047619047619,0.9934215358052146,0.9761904761904762,6,33,39,0.9920634920634921,2,4,4,0.9920634920634921,2,248,250,1.0,0,252,252,0.5919361769394589,0.18699039624642877
TECL/XLK,fund_vs_underlying,TECL,XLK,RSI(underlying),14,2011,252,2011-01-03,2011-12-30,1.9099874726520365,1.645318735706276,4.862919679824861,6.133677411517041,6.930740799795359,-1.4563518130421902,1.8798087501161544,0.12301587301587301,0.988426318552588,0.9920634920634921,2,13,11,0.9920634920634921,2,2,0,0.996031746031746,1,247,248,1.0,0,252,252,0.7150913041465259,0.22594529607505348
TECL/XLK,fund_vs_underlying,TECL,XLK,RSI(underlying),14,2012,250,2012-01-03,2012-12-31,1.8259368264387446,1.401306591272256,4.309303898389354,4.73976856180455,5.665662269258867,-1.4397330999271554,1.7330197524496045,0.128,0.9934814992634035,0.98,5,51,46,0.984,4,3,3,0.992,2,239,241,1.0,0,250,250,0.4709006826514819,0.1475338288239188
TECL/XLK,fund_vs_underlying,TECL,XLK,RSI(underlying),14,2013,252,2013-01-02,2013-12-31,0.7601904136974537,0.7259020349296534,1.466825819385528,1.8745437932672426,2.7447908917472077,-0.7373517222264213,0.46357770186458197,0.06349206349206349,0.9985030657948155,0.996031746031746,1,12,13,1.0,0,0,0,1.0,0,252,252,1.0,0,252,252,0.3439046083207394,0.11536638266100993
TECL/XLK,fund_vs_underlying,TECL,XLK,RSI(underlying),14,2014,252,2014-01-02,2014-12-31,0.7587829128707501,0.7713923589228848,1.4384361386933835,1.8367800277453739,3.4509185000932945,-0.6950061401719069,0.5295374502779328,0.07936507936507936,0.99882496181854,0.9920634920634921,2,19,21,1.0,0,0,0,0.996031746031746,1,250,251,1.0,0,252,252,0.37968834243150945,0.12642445905398922
TECL/XLK,fund_vs_underlying,TECL,XLK,RSI(underlying),14,2015,252,2015-01-02,2015-12-31,0.9113694663136105,0.8732345849536003,1.8788204314894594,2.3374871470064127,2.5096275337849434,-0.8588274051395163,0.5895108837377336,0.0873015873015873,0.9986357375835179,0.996031746031746,1,10,9,1.0,0,0,0,0.996031746031746,1,248,249,1.0,0,252,252,0.5187114372354933,0.17744231254594442
TECL/XLK,fund_vs_underlying,TECL,XLK,RSI(underlying),14,2016,252,2016-01-04,2016-12-30,0.8066644310289831,0.7748664453443261,1.6514785660254347,1.7552220028409498,1.8684104585544787,-0.731312940595759,0.5744057571492085,0.0992063492063492,0.9991386570261123,0.996031746031746,1,22,23,1.0,0,0,0,1.0,0,250,250,1.0,0,252,252,0.45440402305671895,0.15317223548201117
TECL/XLK,fund_vs_underlying,TECL,XLK,RSI(underlying),14,2017,251,2017-01-03,2017-12-29,0.857763671307526,0.8826294014891403,1.5082675472697709,1.6913440384806684,1.8913648443753104,-0.6400943760368156,0.7203810673233119,0.2151394422310757,0.9988727903373569,0.9760956175298805,6,67,73,0.9840637450199203,4,15,11,1.0,0,251,251,1.0,0,251,251,0.30681414488014774,0.1038170736997291
TECL/XLK,fund_vs_underlying,TECL,XLK,RSI(underlying),14,2018,251,2018-01-02,2018-12-31,1.2942716731628043,1.2675785422085326,2.095033810255689,2.3211814304693235,2.4980440068308596,-1.2879030094416937,0.5069755563299968,0.01195219123505976,0.9991647042093244,0.9880478087649402,3,14,17,1.0,0,0,0,1.0,0,247,247,1.0,0,251,251,0.690626767949134,0.23314082810495637
TECL/XLK,fund_vs_underlying,TECL,XLK,RSI(underlying),14,2019,252,2019-01-02,2019-12-31,1.1276254953425573,1.0792002899831736,2.294731194175516,2.778307919708932,3.820880921146312,-1.1047715550316315,0.6726002108363169,0.04365079365079365,0.9988031229968012,0.9801587301587301,5,50,55,1.0,0,3,3,1.0,0,249,249,1.0,0,252,252,0.5368046538736165,0.18043328147290816
TECL/XLK,fund_vs_underlying,TECL,XLK,RSI(underlying),14,2020,253,2020-01-02,2020-12-31,1.8185080339397728,1.368664546988903,5.577772725401453,6.739925266317649,7.333645503140794,-1.7752648450471067,1.5637944155084889,0.043478260869565216,0.993191651431587,0.9920948616600791,2,25,27,0.9920948616600791,2,4,4,0.9960474308300395,1,250,251,1.0,0,253,253,1.1646834613897101,0.40165230978945937
TECL/XLK,fund_vs_underlying,TECL,XLK,RSI(underlying),14,2021,252,2021-01-04,2021-12-31,0.8675796483984448,0.9244862268964837,1.3712247552950712,1.5598105266836952,1.701001237698577,-0.8047344800963748,0.48491173674355714,0.06349206349206349,0.9993594769976105,1.0,0,19,19,0.996031746031746,1,1,0,1.0,0,252,252,1.0,0,252,252,0.5759102892929508,0.19295963810875882
TECL/XLK,fund_vs_underlying,TECL,XLK,RSI(underlying),14,2022,251,2022-01-03,2022-12-30,1.4492498167125634,1.55792394933448,2.344675534379096,2.615157009421008,2.6712424523576743,-1.4315493712291252,0.6559080136269029,0.0398406374501992,0.9980064233642196,1.0,0,0,0,1.0,0,0,0,1.0,0,242,242,1.0,0,251,251,0.9805895757262273,0.32828277329578115
TECL/XLK,fund_vs_underlying,TECL,XLK,RSI(underlying),14,2023,250,2023-01-03,2023-12-29,1.481498768556121,1.5683526645138848,2.0695537442396876,2.266586105769917,2.3347141939531895,-1.481498768556121,0.4510182306597049,0.0,0.9993093219959271,0.964,9,34,43,1.0,0,0,0,1.0,0,250,250,1.0,0,250,250,0.5556543408317167,0.18546037324805875
TECL/XLK,fund_vs_underlying,TECL,XLK,RSI(underlying),14,2024,252,2024-01-02,2024-12-31,1.6901774010336514,1.7521287961170096,2.325422335635022,2.5327258940602704,2.7507503328001093,-1.6874039515395785,0.4697400799446139,0.007936507936507936,0.9991329418097635,0.9880952380952381,3,16,19,0.996031746031746,1,2,1,0.996031746031746,1,250,251,1.0,0,252,252,0.6582666232130566,0.22198868457290827
TECL/XLK,fund_vs_underlying,TECL,XLK,RSI(underlying),14,2025,250,2025-01-02,2025-12-31,1.689093033147117,1.6910434899692959,3.613382941400272,4.713204119036184,5.3451226488389665,-1.6789612751190879,0.868769020509265,0.012,0.9977434511674447,0.956,11,31,42,1.0,0,0,0,0.996,1,245,246,1.0,0,250,250,0.813733157630922,0.2762406495868203
TECL/XLK,fund_vs_underlying,TECL,XLK,RSI(underlying),14,2026,156,2026-01-02,2026-08-17,1.5089837488872513,1.6233770676763335,2.5560512300290643,3.084625280964983,3.1538007777204555,-1.4325186021702843,0.8234692183359215,0.08974358974358974,0.9985857144709587,0.9871794871794872,2,30,32,0.9935897435897436,1,7,6,1.0,0,155,155,1.0,0,156,156,0.87289910197033,0.2923022281890734
TECL/XLK,fund_vs_underlying,TECL,XLK,RSI(underlying),14,pooled,4420,2009-01-21,2026-08-17,1.305573580012508,1.1575390474609684,2.921946489480672,4.7134228333919985,7.333645503140794,-1.125105952173981,1.126198792175651,0.10316742081447963,0.9958705574940893,0.9839366515837104,71,471,504,0.9961538461538462,17,41,32,0.997737556561086,10,4365,4375,1.0,0,4420,4420,0.665528676022793,0.22226734040108334
TECL/XLK,fund_vs_underlying,TECL,XLK,RSI(underlying),28,2009,226,2009-02-10,2009-12-31,0.8712320224907005,0.6803223154742462,2.2780500638277914,2.5476946456731007,2.82978295564358,0.35123093374079306,1.0499142928462775,0.6150442477876106,0.9866157948853834,1.0,0,0,0,1.0,0,0,0,1.0,0,226,226,1.0,0,226,226,0.752992775439909,0.2406427033990486
TECL/XLK,fund_vs_underlying,TECL,XLK,RSI(underlying),28,2010,252,2010-01-04,2010-12-31,1.23634357014188,1.0184314155828993,2.9646400026347277,3.309121760438205,3.3696908051751393,-1.0750267860665201,1.1195244585307464,0.16666666666666666,0.992248992732835,0.996031746031746,1,6,5,1.0,0,0,0,1.0,0,252,252,1.0,0,252,252,0.5919361769394589,0.18699039624642877
TECL/XLK,fund_vs_underlying,TECL,XLK,RSI(underlying),28,2011,252,2011-01-03,2011-12-30,1.7070422708248134,1.6995826785256583,3.4866041500656806,3.8137860039794176,4.12192630889146,-1.4582843379592951,1.2285729531246565,0.0992063492063492,0.9910680449610512,0.9841269841269841,4,4,0,1.0,0,0,0,1.0,0,252,252,1.0,0,252,252,0.7150913041465259,0.22594529607505348
TECL/XLK,fund_vs_underlying,TECL,XLK,RSI(underlying),28,2012,250,2012-01-03,2012-12-31,1.800692252885088,1.4246736688463137,3.798959790312244,4.472148952774827,4.623401721993666,-1.6324822529494032,1.353098958166178,0.112,0.9919622492470515,0.98,5,11,16,1.0,0,0,0,1.0,0,250,250,1.0,0,250,250,0.4709006826514819,0.1475338288239188
TECL/XLK,fund_vs_underlying,TECL,XLK,RSI(underlying),28,2013,252,2013-01-02,2013-12-31,0.7392893653047999,0.7780180447284728,1.1363815321529422,1.2774210382820645,1.5186870461952395,-0.73604113797682,0.2847516641334598,0.015873015873015872,0.9988386108440104,1.0,0,0,0,1.0,0,0,0,1.0,0,252,252,1.0,0,252,252,0.3439046083207394,0.11536638266100993
TECL/XLK,fund_vs_underlying,TECL,XLK,RSI(underlying),28,2014,252,2014-01-02,2014-12-31,0.7194577895297197,0.7809997628833756,1.1693428266857702,1.2475335578744147,2.0773749172795064,-0.6965622304584189,0.37510887288277406,0.047619047619047616,0.9987029453287184,1.0,0,0,0,1.0,0,0,0,1.0,0,252,252,1.0,0,252,252,0.37968834243150945,0.12642445905398922
TECL/XLK,fund_vs_underlying,TECL,XLK,RSI(underlying),28,2015,252,2015-01-02,2015-12-31,0.9043976243885685,0.8916884363466799,1.6622374957233712,1.8304120567768265,1.932798274663277,-0.9009678211430663,0.38432915501509846,0.011904761904761904,0.9982783679943844,1.0,0,0,0,1.0,0,0,0,1.0,0,252,252,1.0,0,252,252,0.5187114372354933,0.17744231254594442
TECL/XLK,fund_vs_underlying,TECL,XLK,RSI(underlying),28,2016,252,2016-01-04,2016-12-30,0.8149035445854315,0.8236354062231186,1.4091064429205746,1.5186214705767875,1.5630160843845644,-0.8078197879592014,0.3857820643733043,0.031746031746031744,0.9991904838654191,1.0,0,0,0,1.0,0,0,0,1.0,0,252,252,1.0,0,252,252,0.45440402305671895,0.15317223548201117
TECL/XLK,fund_vs_underlying,TECL,XLK,RSI(underlying),28,2017,251,2017-01-03,2017-12-29,0.7668497385612367,0.7960937191081499,1.3774213368677266,1.6017618366154664,1.7070323431812184,-0.6247458879441954,0.6012022071267608,0.18326693227091634,0.9987190976603649,0.9920318725099602,2,41,41,1.0,0,0,0,1.0,0,251,251,1.0,0,251,251,0.30681414488014774,0.1038170736997291
TECL/XLK,fund_vs_underlying,TECL,XLK,RSI(underlying),28,2018,251,2018-01-02,2018-12-31,1.2580546653766311,1.2692549858222293,1.8212922703751317,1.9925049679860543,2.0901976174578465,-1.2564260189869358,0.3738691137860528,0.00796812749003984,0.9992664887169603,1.0,0,3,3,1.0,0,0,0,1.0,0,251,251,1.0,0,251,251,0.690626767949134,0.23314082810495637
TECL/XLK,fund_vs_underlying,TECL,XLK,RSI(underlying),28,2019,252,2019-01-02,2019-12-31,1.257999694543806,1.319362200373103,2.3474033957806437,2.548839104759495,2.565873435880661,-1.2459635923565064,0.6235561159827774,0.023809523809523808,0.9985076234011565,0.9880952380952381,3,5,4,1.0,0,0,0,1.0,0,252,252,1.0,0,252,252,0.5368046538736165,0.18043328147290816
TECL/XLK,fund_vs_underlying,TECL,XLK,RSI(underlying),28,2020,253,2020-01-02,2020-12-31,2.003740369190796,1.60036979633864,5.006813622240054,5.498779525440611,5.607578851547025,-1.957379709483316,1.4569976489866714,0.04743083003952569,0.991003199925582,0.9960474308300395,1,15,16,1.0,0,0,0,1.0,0,253,253,1.0,0,253,253,1.1646834613897101,0.40165230978945937
TECL/XLK,fund_vs_underlying,TECL,XLK,RSI(underlying),28,2021,252,2021-01-04,2021-12-31,0.846807145631907,0.9054331654432595,1.3163071832307427,1.4136605342959105,1.4616404880351368,-0.824596115514268,0.4021593594359884,0.047619047619047616,0.9992356247532209,1.0,0,0,0,1.0,0,0,0,1.0,0,252,252,1.0,0,252,252,0.5759102892929508,0.19295963810875882
TECL/XLK,fund_vs_underlying,TECL,XLK,RSI(underlying),28,2022,251,2022-01-03,2022-12-30,1.4973866482672396,1.5156282930032177,2.31187349019352,2.431907654747242,2.4817864242010756,-1.4950916641987442,0.5742788699726324,0.00796812749003984,0.9967284264725577,1.0,0,0,0,1.0,0,0,0,1.0,0,251,251,1.0,0,251,251,0.9805895757262273,0.32828277329578115
TECL/XLK,fund_vs_underlying,TECL,XLK,RSI(underlying),28,2023,250,2023-01-03,2023-12-29,1.5191110522479638,1.5708850999900221,2.049105844481961,2.2056635184998177,2.2378568164970645,-1.5186401296305885,0.4178278969623185,0.004,0.9990628453690714,1.0,0,1,1,1.0,0,0,0,1.0,0,250,250,1.0,0,250,250,0.5556543408317167,0.18546037324805875
TECL/XLK,fund_vs_underlying,TECL,XLK,RSI(underlying),28,2024,252,2024-01-02,2024-12-31,1.7267105273385714,1.7877223419609294,2.2341040639492387,2.3546297123606026,2.4272189409353615,-1.7267105273385714,0.38482906568539665,0.0,0.9987648222848635,0.996031746031746,1,1,2,1.0,0,0,0,1.0,0,252,252,1.0,0,252,252,0.6582666232130566,0.22198868457290827
TECL/XLK,fund_vs_underlying,TECL,XLK,RSI(underlying),28,2025,250,2025-01-02,2025-12-31,1.7692346689222096,1.74555693097534,3.519082814906062,3.7816950564644474,3.8825631448434876,-1.7601476650929957,0.7648586811768582,0.012,0.9965123607143921,1.0,0,0,0,1.0,0,0,0,1.0,0,250,250,1.0,0,250,250,0.813733157630922,0.2762406495868203
TECL/XLK,fund_vs_underlying,TECL,XLK,RSI(underlying),28,2026,156,2026-01-02,2026-08-17,1.5735492995338534,1.6595728095379059,2.6947075547305808,3.043375121267842,3.053612298380756,-1.4652444361259112,0.8930216748555804,0.08974358974358974,0.9969609798851933,1.0,0,15,15,1.0,0,0,0,1.0,0,156,156,1.0,0,156,156,0.87289910197033,0.2923022281890734
TECL/XLK,fund_vs_underlying,TECL,XLK,RSI(underlying),28,pooled,4406,2009-02-10,2026-08-17,1.2741299988583075,1.1442606760560423,2.6369917492724397,3.9994912674089114,5.607578851547025,-1.1590135507598864,0.9544940714202694,0.08147980027235588,0.9941470420385039,0.9961416250567408,17,102,103,1.0,0,0,0,1.0,0,4406,4406,1.0,0,4406,4406,0.663497822352223,0.22163255742558316
TQQQ/QQQ,fund_vs_underlying,TQQQ,QQQ,RSI(underlying),7,2010,218,2010-02-23,2010-12-31,1.5567985248535345,0.9456772752665223,5.648923908287606,11.818946807705458,12.557794922131428,-0.030302982095159837,2.6135238285835234,0.3211009174311927,0.9922395974257562,0.9770642201834863,5,72,73,0.9541284403669725,10,38,30,0.981651376146789,4,199,203,0.9954128440366973,1,212,213,0.5618044059063515,0.19289110615055877
TQQQ/QQQ,fund_vs_underlying,TQQQ,QQQ,RSI(underlying),7,2011,252,2011-01-03,2011-12-30,1.026713058734263,0.9776315494595416,2.1435031171624104,3.571844899652886,3.747976414041915,-0.8463587012254883,0.8890404220633754,0.12301587301587301,0.9987882749070744,0.9880952380952381,3,36,39,0.996031746031746,1,10,9,0.9880952380952381,3,224,227,0.9920634920634921,2,248,250,0.7012566216976689,0.23698740550786018
TQQQ/QQQ,fund_vs_underlying,TQQQ,QQQ,RSI(underlying),7,2012,250,2012-01-03,2012-12-31,0.668580720548996,0.5736185320226035,1.4635524532652626,1.7097320652357684,2.6908820555194595,-0.49972894599326445,0.6286909024776506,0.232,0.9995322577428831,0.988,3,78,75,0.996,1,27,26,0.996,1,221,220,0.996,1,245,244,0.4598149144281984,0.15329411936433399
TQQQ/QQQ,fund_vs_underlying,TQQQ,QQQ,RSI(underlying),7,2013,252,2013-01-02,2013-12-31,0.6052583757124831,0.5644499719504878,1.2676401078028785,1.5804200837724385,2.321192211281115,-0.4360904131174889,0.5751490429454271,0.21031746031746032,0.999399853262539,0.9880952380952381,3,71,72,1.0,0,21,21,0.996031746031746,1,248,249,1.0,0,252,252,0.3641371242442509,0.12233511191172147
TQQQ/QQQ,fund_vs_underlying,TQQQ,QQQ,RSI(underlying),7,2014,252,2014-01-02,2014-12-31,0.7109505670661028,0.6770577417941475,1.4996240910155547,2.041278637253651,2.4273329894602824,-0.6490893616441967,0.5237593863730149,0.09523809523809523,0.9995323871196876,0.9841269841269841,4,68,72,1.0,0,30,30,0.996031746031746,1,239,240,1.0,0,251,251,0.41461142209677854,0.13827347859451597
TQQQ/QQQ,fund_vs_underlying,TQQQ,QQQ,RSI(underlying),7,2015,252,2015-01-02,2015-12-31,0.8178111558328112,0.7648077779128215,1.8729893918100737,3.0275161873195295,3.839607476266309,-0.7598576793112093,0.6305320262886408,0.09523809523809523,0.9992375431203969,0.996031746031746,1,33,34,1.0,0,16,16,1.0,0,236,236,1.0,0,249,249,0.529199339270712,0.1787236423818498
TQQQ/QQQ,fund_vs_underlying,TQQQ,QQQ,RSI(underlying),7,2016,252,2016-01-04,2016-12-30,0.7735162941447326,0.7148101437914072,1.7784008727236211,2.1760266655322145,3.9622213626464884,-0.7250461854539196,0.6133805128234755,0.0992063492063492,0.9994128692800208,0.9880952380952381,3,48,51,1.0,0,7,7,0.996031746031746,1,222,223,1.0,0,245,245,0.48202398098867427,0.16174498586559136
TQQQ/QQQ,fund_vs_underlying,TQQQ,QQQ,RSI(underlying),7,2017,251,2017-01-03,2017-12-29,0.7012637509925949,0.6776677038907337,1.4388682095688452,1.8000082560438102,2.030625475781342,-0.5938821969697562,0.5777787139399763,0.16334661354581673,0.999657352660893,0.9840637450199203,4,99,103,1.0,0,39,39,1.0,0,248,248,1.0,0,251,251,0.30398376254665255,0.1031570152561944
TQQQ/QQQ,fund_vs_underlying,TQQQ,QQQ,RSI(underlying),7,2018,251,2018-01-02,2018-12-31,1.1590366283196916,1.138783800471046,2.247118026388357,3.325134136426751,3.6596640065210266,-1.1357482871630669,0.7153987924075333,0.04780876494023904,0.9992919437965199,0.9960159362549801,1,45,46,0.9960159362549801,1,17,18,0.9960159362549801,1,229,230,1.0,0,246,246,0.6766145451362189,0.228908569015905
TQQQ/QQQ,fund_vs_underlying,TQQQ,QQQ,RSI(underlying),7,2019,252,2019-01-02,2019-12-31,0.9729753103983735,0.9421505668234147,1.9004009064516398,2.4093389064271244,3.128345291260203,-0.9348260309612936,0.6112242130483365,0.06349206349206349,0.9994645014319212,0.9841269841269841,4,79,83,0.9880952380952381,3,20,23,0.996031746031746,1,242,243,1.0,0,249,249,0.47890955123537315,0.16190944332984417
TQQQ/QQQ,fund_vs_underlying,TQQQ,QQQ,RSI(underlying),7,2020,253,2020-01-02,2020-12-31,1.3111529237979938,1.0419384453971645,4.15874324230303,6.527758905204883,7.0949213761933265,-1.2001065436398004,1.393752278442994,0.13043478260869565,0.9970326924538235,0.9802371541501976,5,73,78,0.9881422924901185,3,22,21,0.9920948616600791,2,240,242,1.0,0,250,250,1.0443255715510034,0.356323921927571
TQQQ/QQQ,fund_vs_underlying,TQQQ,QQQ,RSI(underlying),7,2021,252,2021-01-04,2021-12-31,0.7435901553811497,0.7120527284656255,1.5121019573280052,1.864504556558211,2.140001740974405,-0.6541173953199579,0.575040980224092,0.1388888888888889,0.9996330994419502,0.9880952380952381,3,64,65,0.996031746031746,1,18,17,0.9880952380952381,3,234,237,1.0,0,252,252,0.5405522006388364,0.18217497130907107
TQQQ/QQQ,fund_vs_underlying,TQQQ,QQQ,RSI(underlying),7,2022,251,2022-01-03,2022-12-30,1.3954620462115108,1.5312393614420756,2.488928192414022,2.728654263676173,2.9676827283171434,-1.3729487247327123,0.7627729688148531,0.05976095617529881,0.9987833833832614,0.9960159362549801,1,13,14,1.0,0,0,0,0.9800796812749004,5,203,208,1.0,0,245,245,0.9557314985536296,0.32149639899566984
TQQQ/QQQ,fund_vs_underlying,TQQQ,QQQ,RSI(underlying),7,2023,250,2023-01-03,2023-12-29,1.4533562193626455,1.561094109219674,2.336815088775346,2.7497067368099986,3.107281503697429,-1.450171075752474,0.5961468565533022,0.012,0.9994382601326509,0.964,9,61,70,0.98,5,18,23,0.996,1,235,236,1.0,0,250,250,0.5321438910792129,0.17865829253263218
TQQQ/QQQ,fund_vs_underlying,TQQQ,QQQ,RSI(underlying),7,2024,252,2024-01-02,2024-12-31,1.5246448253939255,1.6371645777365522,2.229992097066951,2.5357067533000177,2.715450408065834,-1.5192372966751342,0.5539682023839468,0.01984126984126984,0.9994854585211613,0.9722222222222222,7,52,59,0.9920634920634921,2,16,18,0.9880952380952381,3,237,240,1.0,0,251,251,0.5372235921956178,0.18006864652803786
TQQQ/QQQ,fund_vs_underlying,TQQQ,QQQ,RSI(underlying),7,2025,250,2025-01-02,2025-12-31,1.5737380633781317,1.5587006806675987,2.535572001579719,4.433290726863341,5.360361590416822,-1.5597435929290477,0.7313842481662781,0.028,0.9990450763153497,0.952,12,46,58,0.996,1,11,12,0.996,1,231,232,1.0,0,246,246,0.6998358549712758,0.23596751241675698
TQQQ/QQQ,fund_vs_underlying,TQQQ,QQQ,RSI(underlying),7,2026,156,2026-01-02,2026-08-17,1.3010147246956656,1.4210749191646883,2.1236182183912558,2.58952624838787,2.6654312140868512,-1.2715360357589645,0.6505713343905282,0.057692307692307696,0.9994550012820034,0.9743589743589743,4,32,36,1.0,0,19,19,0.9871794871794872,2,143,145,1.0,0,155,155,0.63977235008969,0.21589130666943204
TQQQ/QQQ,fund_vs_underlying,TQQQ,QQQ,RSI(underlying),7,pooled,4146,2010-02-23,2026-08-17,1.066906184267171,0.9373421768677801,2.203841237393208,3.7983734982653483,12.557794922131428,-0.9187062046224187,1.0107005044411497,0.11119150988904969,0.9984295299695104,0.9826338639652678,72,970,1028,0.9932465026531597,28,329,329,0.9927641099855282,30,3831,3859,0.9990352146647371,4,4097,4099,0.6124046471804108,0.20687836212911997
TQQQ/QQQ,fund_vs_underlying,TQQQ,QQQ,RSI(underlying),14,2010,211,2010-03-04,2010-12-31,1.9931993489963251,1.1114650084318782,9.833822006953682,14.830476432586895,16.676722433365725,0.4830756708555851,3.587494056413592,0.2985781990521327,0.9791633206524597,0.9620853080568721,8,63,55,0.9383886255924171,13,18,5,0.990521327014218,2,208,210,1.0,0,211,211,0.5666301361995953,0.1946204013847908
TQQQ/QQQ,fund_vs_underlying,TQQQ,QQQ,RSI(underlying),14,2011,252,2011-01-03,2011-12-30,1.0212083690173195,0.9480794712376088,2.3042946922618914,2.783777649920537,2.891361927273671,-0.9220416304740822,0.7267102252244634,0.08333333333333333,0.9982547273289294,0.996031746031746,1,13,12,1.0,0,2,2,0.996031746031746,1,250,251,1.0,0,252,252,0.7012566216976689,0.23698740550786018
TQQQ/QQQ,fund_vs_underlying,TQQQ,QQQ,RSI(underlying),14,2012,250,2012-01-03,2012-12-31,0.6782188714332245,0.7067477913785112,1.2568628125062378,1.414835390651569,1.710473578636126,-0.549604719822079,0.5603095859744421,0.196,0.9994115744452977,0.996,1,48,49,1.0,0,4,4,0.992,2,243,243,1.0,0,250,250,0.4598149144281984,0.15329411936433399
TQQQ/QQQ,fund_vs_underlying,TQQQ,QQQ,RSI(underlying),14,2013,252,2013-01-02,2013-12-31,0.5448858561601624,0.5559787005787982,1.0407585412883416,1.2466423936670086,1.4825749405042288,-0.4690746784358578,0.4128838984172207,0.15079365079365079,0.9994728675825237,0.996031746031746,1,36,35,1.0,0,0,0,1.0,0,252,252,1.0,0,252,252,0.3641371242442509,0.12233511191172147
TQQQ/QQQ,fund_vs_underlying,TQQQ,QQQ,RSI(underlying),14,2014,252,2014-01-02,2014-12-31,0.6702795155122435,0.7039216573902856,1.1601334340599805,1.2865800979386566,1.3190845747152764,-0.6459980107651778,0.3573083333372557,0.05952380952380952,0.9995809540172577,0.9880952380952381,3,30,33,1.0,0,3,3,1.0,0,250,250,1.0,0,252,252,0.41461142209677854,0.13827347859451597
TQQQ/QQQ,fund_vs_underlying,TQQQ,QQQ,RSI(underlying),14,2015,252,2015-01-02,2015-12-31,0.8613902249763371,0.8069381472664325,1.8290465517452579,2.400417836802824,2.565536907199622,-0.8228991666643602,0.5264086821530719,0.05555555555555555,0.9987338398593869,1.0,0,15,15,1.0,0,0,0,1.0,0,249,249,0.996031746031746,1,251,250,0.529199339270712,0.1787236423818498
TQQQ/QQQ,fund_vs_underlying,TQQQ,QQQ,RSI(underlying),14,2016,252,2016-01-04,2016-12-30,0.7872612961471419,0.7486727099255859,1.6282029613947375,1.919068265895829,2.10816957446648,-0.7569432808798415,0.47352493774938226,0.06746031746031746,0.9992946104262436,1.0,0,13,13,1.0,0,0,0,1.0,0,246,246,1.0,0,252,252,0.48202398098867427,0.16174498586559136
TQQQ/QQQ,fund_vs_underlying,TQQQ,QQQ,RSI(underlying),14,2017,251,2017-01-03,2017-12-29,0.6612274897519715,0.6541047209747006,1.2649747080873546,1.423218414797386,1.6761944467157903,-0.6067078744615959,0.46177937563982796,0.12350597609561753,0.999740783984156,0.9880478087649402,3,69,72,0.9960159362549801,1,13,12,1.0,0,251,251,1.0,0,251,251,0.30398376254665255,0.1031570152561944
TQQQ/QQQ,fund_vs_underlying,TQQQ,QQQ,RSI(underlying),14,2018,251,2018-01-02,2018-12-31,1.1755299024556964,1.1436550419405975,2.0869759927889753,2.5768366592902865,2.8283311766030437,-1.1567502642490788,0.5836560899204022,0.02390438247011952,0.9992717997883505,0.9800796812749004,5,22,27,1.0,0,3,3,1.0,0,246,246,1.0,0,251,251,0.6766145451362189,0.228908569015905
TQQQ/QQQ,fund_vs_underlying,TQQQ,QQQ,RSI(underlying),14,2019,252,2019-01-02,2019-12-31,1.0531512684348443,1.0501677037388362,1.9184265124462605,2.5823617088947377,2.7883565457031665,-1.0315754920793798,0.5775458881797839,0.03571428571428571,0.9991874700361424,0.9920634920634921,2,36,38,1.0,0,2,2,1.0,0,250,250,1.0,0,252,252,0.47890955123537315,0.16190944332984417
TQQQ/QQQ,fund_vs_underlying,TQQQ,QQQ,RSI(underlying),14,2020,253,2020-01-02,2020-12-31,1.4938845340883438,1.1725247336228222,4.867548558280201,5.772877066846489,6.126085595066755,-1.4284042326860886,1.396893889196945,0.06324110671936758,0.9949591457003282,0.9960474308300395,1,38,39,0.9960474308300395,1,3,2,1.0,0,250,250,1.0,0,253,253,1.0443255715510034,0.356323921927571
TQQQ/QQQ,fund_vs_underlying,TQQQ,QQQ,RSI(underlying),14,2021,252,2021-01-04,2021-12-31,0.7807457151783712,0.8104145427154563,1.4593474541953708,1.7050716740767253,1.7543080676243505,-0.713172603337448,0.5068914043999101,0.1111111111111111,0.999516219600276,1.0,0,27,27,1.0,0,0,0,1.0,0,251,251,1.0,0,252,252,0.5405522006388364,0.18217497130907107
TQQQ/QQQ,fund_vs_underlying,TQQQ,QQQ,RSI(underlying),14,2022,251,2022-01-03,2022-12-30,1.5273305967876036,1.5868787344631343,2.4286633793599144,2.716071638079157,2.8417483406905433,-1.5137825437171768,0.66512803309487,0.02390438247011952,0.9978516674683301,1.0,0,0,0,1.0,0,0,0,1.0,0,243,243,1.0,0,251,251,0.9557314985536296,0.32149639899566984
TQQQ/QQQ,fund_vs_underlying,TQQQ,QQQ,RSI(underlying),14,2023,250,2023-01-03,2023-12-29,1.4896648485721373,1.6052053661936938,2.048187873553299,2.2842181582513614,2.298776537506818,-1.4896648485721373,0.452094432278885,0.0,0.9994028525823924,0.992,2,32,34,1.0,0,0,0,1.0,0,250,250,1.0,0,250,250,0.5321438910792129,0.17865829253263218
TQQQ/QQQ,fund_vs_underlying,TQQQ,QQQ,RSI(underlying),14,2024,252,2024-01-02,2024-12-31,1.6087758636241305,1.723750694758177,2.156144019541703,2.301346022527542,2.433143301944476,-1.6051920345585682,0.441841666180634,0.007936507936507936,0.999338413459475,0.9801587301587301,5,20,25,0.996031746031746,1,2,3,0.996031746031746,1,250,251,1.0,0,252,252,0.5372235921956178,0.18006864652803786
TQQQ/QQQ,fund_vs_underlying,TQQQ,QQQ,RSI(underlying),14,2025,250,2025-01-02,2025-12-31,1.6766147573925756,1.6112598179771602,3.1683012972954656,4.0712059628148625,4.759899870237753,-1.672644325515426,0.6682399101538181,0.008,0.998396020364796,0.964,9,17,26,1.0,0,0,0,1.0,0,244,244,1.0,0,250,250,0.6998358549712758,0.23596751241675698
TQQQ/QQQ,fund_vs_underlying,TQQQ,QQQ,RSI(underlying),14,2026,156,2026-01-02,2026-08-17,1.3594937931859015,1.5243411953798436,2.0625422947922996,2.55699505929521,2.7471619567700145,-1.3292025600225266,0.6493964341889108,0.05128205128205128,0.9991326451954403,0.9807692307692307,3,29,32,1.0,0,4,4,0.9935897435897436,1,154,155,1.0,0,156,156,0.63977235008969,0.21589130666943204
TQQQ/QQQ,fund_vs_underlying,TQQQ,QQQ,RSI(underlying),14,pooled,4139,2010-03-04,2026-08-17,1.1265256123623129,0.981318092328749,2.174336116999149,4.075181806397738,16.676722433365725,-0.9599025867461791,1.1397731877638235,0.07852138197632279,0.9961248652434247,0.989369412901667,44,508,532,0.9961343319642426,16,54,40,0.9983087702343562,7,4087,4092,0.9997583957477651,1,4138,4137,0.6127094671057783,0.20698263094143038
TQQQ/QQQ,fund_vs_underlying,TQQQ,QQQ,RSI(underlying),28,2010,197,2010-03-24,2010-12-31,2.2046110149825275,0.8540005597113876,13.067881286525855,15.972065367280006,16.74317446406033,1.1469151133019935,4.336568410029253,0.34517766497461927,0.9447853535201017,0.8934010152284264,21,30,9,0.9644670050761421,7,7,0,1.0,0,197,197,1.0,0,197,197,0.5817014885452944,0.1998588638820469
TQQQ/QQQ,fund_vs_underlying,TQQQ,QQQ,RSI(underlying),28,2011,252,2011-01-03,2011-12-30,1.0130393363696015,0.968624526332615,1.9715831546237712,2.137790663449441,2.2069454127129546,-0.9653201797336386,0.5784566542554022,0.06349206349206349,0.9979580445844194,0.9920634920634921,2,4,2,1.0,0,0,0,1.0,0,252,252,1.0,0,252,252,0.7012566216976689,0.23698740550786018
TQQQ/QQQ,fund_vs_underlying,TQQQ,QQQ,RSI(underlying),28,2012,250,2012-01-03,2012-12-31,0.7341807623949385,0.8318896799754256,1.1987593275435717,1.2894724535618074,1.3278842028569642,-0.6027194735569394,0.542298964565637,0.156,0.9991002653219464,0.988,3,14,11,1.0,0,0,0,1.0,0,250,250,1.0,0,250,250,0.4598149144281984,0.15329411936433399
TQQQ/QQQ,fund_vs_underlying,TQQQ,QQQ,RSI(underlying),28,2013,252,2013-01-02,2013-12-31,0.5195074116630282,0.5272709755264202,0.9118275794174173,1.072969121277934,1.203746848228846,-0.48328378383588555,0.3371489472552797,0.10714285714285714,0.9994774804445806,1.0,0,0,0,1.0,0,0,0,1.0,0,252,252,1.0,0,252,252,0.3641371242442509,0.12233511191172147
TQQQ/QQQ,fund_vs_underlying,TQQQ,QQQ,RSI(underlying),28,2014,252,2014-01-02,2014-12-31,0.6712380111846626,0.7085543395943361,1.0499445087147898,1.1385499665584866,1.1833679506989938,-0.6617971955847858,0.3001343152412458,0.023809523809523808,0.99946628804195,1.0,0,1,1,1.0,0,0,0,1.0,0,252,252,1.0,0,252,252,0.41461142209677854,0.13827347859451597
TQQQ/QQQ,fund_vs_underlying,TQQQ,QQQ,RSI(underlying),28,2015,252,2015-01-02,2015-12-31,0.8681086486045054,0.8186958907223172,1.592737854227648,1.7091084623791242,1.7311700520521356,-0.8576104246628985,0.3632237740510103,0.011904761904761904,0.9983173183184535,1.0,0,0,0,1.0,0,0,0,1.0,0,252,252,1.0,0,252,252,0.529199339270712,0.1787236423818498
TQQQ/QQQ,fund_vs_underlying,TQQQ,QQQ,RSI(underlying),28,2016,252,2016-01-04,2016-12-30,0.8333306041546931,0.8198936288068097,1.5443939985454374,1.6480311528452944,1.7363401775504101,-0.8232229890249996,0.3986059420816021,0.04365079365079365,0.9988494568233234,1.0,0,0,0,1.0,0,0,0,1.0,0,252,252,1.0,0,252,252,0.48202398098867427,0.16174498586559136
TQQQ/QQQ,fund_vs_underlying,TQQQ,QQQ,RSI(underlying),28,2017,251,2017-01-03,2017-12-29,0.6380613141945618,0.6318141795120056,1.2286822378234383,1.3806137173974946,1.606811231396179,-0.5790750360085332,0.4536608061945022,0.11553784860557768,0.9995159701754753,0.9840637450199203,4,38,42,1.0,0,0,0,1.0,0,251,251,1.0,0,251,251,0.30398376254665255,0.1031570152561944
TQQQ/QQQ,fund_vs_underlying,TQQQ,QQQ,RSI(underlying),28,2018,251,2018-01-02,2018-12-31,1.1579902213141802,1.1876394348969015,1.8695762819232868,1.9997662041829862,2.1397995314870855,-1.1411237533754965,0.4814914384796708,0.03187250996015936,0.9992680185138562,1.0,0,10,10,1.0,0,0,0,1.0,0,251,251,1.0,0,251,251,0.6766145451362189,0.228908569015905
TQQQ/QQQ,fund_vs_underlying,TQQQ,QQQ,RSI(underlying),28,2019,252,2019-01-02,2019-12-31,1.1829468098095481,1.23633442984762,2.236993861913883,2.46206261398824,2.496893777099281,-1.1699036345111944,0.5763483745411108,0.023809523809523808,0.9985381155037084,1.0,0,4,4,1.0,0,0,0,1.0,0,252,252,1.0,0,252,252,0.47890955123537315,0.16190944332984417
TQQQ/QQQ,fund_vs_underlying,TQQQ,QQQ,RSI(underlying),28,2020,253,2020-01-02,2020-12-31,1.6344049860723782,1.3614747210308096,4.3459259492450615,4.844636347296331,4.89958404172225,-1.5855500083435767,1.2944629612536778,0.05928853754940711,0.9935105439953128,0.9960474308300395,1,19,18,1.0,0,0,0,1.0,0,253,253,1.0,0,253,253,1.0443255715510034,0.356323921927571
TQQQ/QQQ,fund_vs_underlying,TQQQ,QQQ,RSI(underlying),28,2021,252,2021-01-04,2021-12-31,0.7691552718322691,0.842720352235304,1.4017285149858143,1.502501362438921,1.5225401444686213,-0.7367305651486467,0.45620751595361897,0.08333333333333333,0.9994066222023126,1.0,0,0,0,1.0,0,0,0,1.0,0,252,252,1.0,0,252,252,0.5405522006388364,0.18217497130907107
TQQQ/QQQ,fund_vs_underlying,TQQQ,QQQ,RSI(underlying),28,2022,251,2022-01-03,2022-12-30,1.5845179402350642,1.6310915909608497,2.437006155276375,2.592184161240592,2.6589593527478996,-1.579073348008634,0.611564530476936,0.01195219123505976,0.9965144554222888,1.0,0,0,0,1.0,0,0,0,1.0,0,251,251,1.0,0,251,251,0.9557314985536296,0.32149639899566984
TQQQ/QQQ,fund_vs_underlying,TQQQ,QQQ,RSI(underlying),28,2023,250,2023-01-03,2023-12-29,1.5336716647465036,1.605118361663191,2.1133014220861552,2.3385945403458197,2.373388055438241,-1.5336716647465036,0.4411755650134,0.0,0.9990355300049337,0.988,3,4,7,1.0,0,0,0,1.0,0,250,250,1.0,0,250,250,0.5321438910792129,0.17865829253263218
TQQQ/QQQ,fund_vs_underlying,TQQQ,QQQ,RSI(underlying),28,2024,252,2024-01-02,2024-12-31,1.6384590326698503,1.7435248020515388,2.067570193993864,2.1591972063000746,2.224977378658224,-1.6384590326698503,0.3710682547796523,0.0,0.9991602468289248,0.996031746031746,1,5,6,1.0,0,0,0,1.0,0,252,252,1.0,0,252,252,0.5372235921956178,0.18006864652803786
TQQQ/QQQ,fund_vs_underlying,TQQQ,QQQ,RSI(underlying),28,2025,250,2025-01-02,2025-12-31,1.7579462690312258,1.6967603851417579,3.1396580469124262,3.335984430395389,3.6025937110796065,-1.7535373315238327,0.5894023415848275,0.012,0.9973925580305594,1.0,0,0,0,1.0,0,0,0,1.0,0,250,250,1.0,0,250,250,0.6998358549712758,0.23596751241675698
TQQQ/QQQ,fund_vs_underlying,TQQQ,QQQ,RSI(underlying),28,2026,156,2026-01-02,2026-08-17,1.3978688000601045,1.577794012903837,2.111090733466403,2.3474393772427695,2.4247523561619175,-1.3587641909211887,0.6441675639421561,0.0641025641025641,0.9983887859877296,0.9871794871794872,2,14,14,1.0,0,0,0,1.0,0,156,156,1.0,0,156,156,0.63977235008969,0.21589130666943204
TQQQ/QQQ,fund_vs_underlying,TQQQ,QQQ,RSI(underlying),28,pooled,4125,2010-03-24,2026-08-17,1.1660098978222362,1.0127692716549106,2.1768047833728708,4.277400659700122,16.74317446406033,-0.978551059253293,1.264871240969947,0.06424242424242424,0.990045926108175,0.991030303030303,37,143,124,0.9983030303030302,7,7,0,1.0,0,4125,4125,1.0,0,4125,4125,0.613526444043434,0.2072595135229523
