step,vote_set,window_basis,members,n_votes,sma_length,n_sessions,first_date,last_date,metric,key1,key2,value
7_vote_structure,S3_current,native,SPY|QQQ|SMH|SOXL,4,50,4085,2010-05-20,2026-08-17,pairwise_agreement,SPY,QQQ,0.8962056303549572
7_vote_structure,S3_current,native,SPY|QQQ|SMH|SOXL,4,50,4085,2010-05-20,2026-08-17,pairwise_agreement,SPY,SMH,0.8335373317013464
7_vote_structure,S3_current,native,SPY|QQQ|SMH|SOXL,4,50,4085,2010-05-20,2026-08-17,pairwise_agreement,SPY,SOXL,0.8002447980416156
7_vote_structure,S3_current,native,SPY|QQQ|SMH|SOXL,4,50,4085,2010-05-20,2026-08-17,pairwise_agreement,QQQ,SMH,0.8550795593635251
7_vote_structure,S3_current,native,SPY|QQQ|SMH|SOXL,4,50,4085,2010-05-20,2026-08-17,pairwise_agreement,QQQ,SOXL,0.8222766217870257
7_vote_structure,S3_current,native,SPY|QQQ|SMH|SOXL,4,50,4085,2010-05-20,2026-08-17,pairwise_agreement,SMH,SOXL,0.9143206854345165
7_vote_structure,S3_current,native,SPY|QQQ|SMH|SOXL,4,50,4085,2010-05-20,2026-08-17,pairwise_correlation,SPY,QQQ,0.7406160947177778
7_vote_structure,S3_current,native,SPY|QQQ|SMH|SOXL,4,50,4085,2010-05-20,2026-08-17,pairwise_correlation,SPY,SMH,0.6042517384392043
7_vote_structure,S3_current,native,SPY|QQQ|SMH|SOXL,4,50,4085,2010-05-20,2026-08-17,pairwise_correlation,SPY,SOXL,0.5762513072188352
7_vote_structure,S3_current,native,SPY|QQQ|SMH|SOXL,4,50,4085,2010-05-20,2026-08-17,pairwise_correlation,QQQ,SMH,0.658013792927455
7_vote_structure,S3_current,native,SPY|QQQ|SMH|SOXL,4,50,4085,2010-05-20,2026-08-17,pairwise_correlation,QQQ,SOXL,0.6247402785307816
7_vote_structure,S3_current,native,SPY|QQQ|SMH|SOXL,4,50,4085,2010-05-20,2026-08-17,pairwise_correlation,SMH,SOXL,0.8237140230166282
7_vote_structure,S3_current,native,SPY|QQQ|SMH|SOXL,4,50,4085,2010-05-20,2026-08-17,vote_count_fraction,0,,0.18922888616891065
7_vote_structure,S3_current,native,SPY|QQQ|SMH|SOXL,4,50,4085,2010-05-20,2026-08-17,vote_count_n,0,,773.0
7_vote_structure,S3_current,native,SPY|QQQ|SMH|SOXL,4,50,4085,2010-05-20,2026-08-17,vote_count_fraction,1,,0.07319461444308445
7_vote_structure,S3_current,native,SPY|QQQ|SMH|SOXL,4,50,4085,2010-05-20,2026-08-17,vote_count_n,1,,299.0
7_vote_structure,S3_current,native,SPY|QQQ|SMH|SOXL,4,50,4085,2010-05-20,2026-08-17,vote_count_fraction,2,,0.09547123623011015
7_vote_structure,S3_current,native,SPY|QQQ|SMH|SOXL,4,50,4085,2010-05-20,2026-08-17,vote_count_n,2,,390.0
7_vote_structure,S3_current,native,SPY|QQQ|SMH|SOXL,4,50,4085,2010-05-20,2026-08-17,vote_count_fraction,3,,0.0922888616891065
7_vote_structure,S3_current,native,SPY|QQQ|SMH|SOXL,4,50,4085,2010-05-20,2026-08-17,vote_count_n,3,,377.0
7_vote_structure,S3_current,native,SPY|QQQ|SMH|SOXL,4,50,4085,2010-05-20,2026-08-17,vote_count_fraction,4,,0.5498164014687883
7_vote_structure,S3_current,native,SPY|QQQ|SMH|SOXL,4,50,4085,2010-05-20,2026-08-17,vote_count_n,4,,2246.0
7_vote_structure,S3_current,native,SPY|QQQ|SMH|SOXL,4,50,4085,2010-05-20,2026-08-17,effective_independent_votes,,,1.685102640496096
7_vote_structure,S3_current,native,SPY|QQQ|SMH|SOXL,4,50,4085,2010-05-20,2026-08-17,mean_vote_count,,,2.740269277845777
7_vote_structure,S3_current,native,SPY|QQQ|SMH|SOXL,4,50,4085,2010-05-20,2026-08-17,frac_bull,1,,0.8107711138310894
7_vote_structure,S3_current,native,SPY|QQQ|SMH|SOXL,4,50,4085,2010-05-20,2026-08-17,flip_fraction_leave_one_out,1,SPY,0.034516523867809054
7_vote_structure,S3_current,native,SPY|QQQ|SMH|SOXL,4,50,4085,2010-05-20,2026-08-17,flip_count_leave_one_out,1,SPY,141.0
7_vote_structure,S3_current,native,SPY|QQQ|SMH|SOXL,4,50,4085,2010-05-20,2026-08-17,flip_fraction_leave_one_out,1,QQQ,0.01762545899632803
7_vote_structure,S3_current,native,SPY|QQQ|SMH|SOXL,4,50,4085,2010-05-20,2026-08-17,flip_count_leave_one_out,1,QQQ,72.0
7_vote_structure,S3_current,native,SPY|QQQ|SMH|SOXL,4,50,4085,2010-05-20,2026-08-17,flip_fraction_leave_one_out,1,SMH,0.017380660954712364
7_vote_structure,S3_current,native,SPY|QQQ|SMH|SOXL,4,50,4085,2010-05-20,2026-08-17,flip_count_leave_one_out,1,SMH,71.0
7_vote_structure,S3_current,native,SPY|QQQ|SMH|SOXL,4,50,4085,2010-05-20,2026-08-17,flip_fraction_leave_one_out,1,SOXL,0.0036719706242350062
7_vote_structure,S3_current,native,SPY|QQQ|SMH|SOXL,4,50,4085,2010-05-20,2026-08-17,flip_count_leave_one_out,1,SOXL,15.0
7_vote_structure,S3_current,native,SPY|QQQ|SMH|SOXL,4,50,4085,2010-05-20,2026-08-17,frac_bull,2,,0.7375764993880048
7_vote_structure,S3_current,native,SPY|QQQ|SMH|SOXL,4,50,4085,2010-05-20,2026-08-17,flip_fraction_leave_one_out,2,SPY,0.07588739290085679
7_vote_structure,S3_current,native,SPY|QQQ|SMH|SOXL,4,50,4085,2010-05-20,2026-08-17,flip_count_leave_one_out,2,SPY,310.0
7_vote_structure,S3_current,native,SPY|QQQ|SMH|SOXL,4,50,4085,2010-05-20,2026-08-17,flip_fraction_leave_one_out,2,QQQ,0.07564259485924113
7_vote_structure,S3_current,native,SPY|QQQ|SMH|SOXL,4,50,4085,2010-05-20,2026-08-17,flip_count_leave_one_out,2,QQQ,309.0
7_vote_structure,S3_current,native,SPY|QQQ|SMH|SOXL,4,50,4085,2010-05-20,2026-08-17,flip_fraction_leave_one_out,2,SMH,0.02521419828641371
7_vote_structure,S3_current,native,SPY|QQQ|SMH|SOXL,4,50,4085,2010-05-20,2026-08-17,flip_count_leave_one_out,2,SMH,103.0
7_vote_structure,S3_current,native,SPY|QQQ|SMH|SOXL,4,50,4085,2010-05-20,2026-08-17,flip_fraction_leave_one_out,2,SOXL,0.01419828641370869
7_vote_structure,S3_current,native,SPY|QQQ|SMH|SOXL,4,50,4085,2010-05-20,2026-08-17,flip_count_leave_one_out,2,SOXL,58.0
7_vote_structure,S3_current,native,SPY|QQQ|SMH|SOXL,4,50,4085,2010-05-20,2026-08-17,frac_bull,3,,0.6421052631578947
7_vote_structure,S3_current,native,SPY|QQQ|SMH|SOXL,4,50,4085,2010-05-20,2026-08-17,flip_fraction_leave_one_out,3,SPY,0.07001223990208079
7_vote_structure,S3_current,native,SPY|QQQ|SMH|SOXL,4,50,4085,2010-05-20,2026-08-17,flip_count_leave_one_out,3,SPY,286.0
7_vote_structure,S3_current,native,SPY|QQQ|SMH|SOXL,4,50,4085,2010-05-20,2026-08-17,flip_fraction_leave_one_out,3,QQQ,0.07490820073439412
7_vote_structure,S3_current,native,SPY|QQQ|SMH|SOXL,4,50,4085,2010-05-20,2026-08-17,flip_count_leave_one_out,3,QQQ,306.0
7_vote_structure,S3_current,native,SPY|QQQ|SMH|SOXL,4,50,4085,2010-05-20,2026-08-17,flip_fraction_leave_one_out,3,SMH,0.08935128518971848
7_vote_structure,S3_current,native,SPY|QQQ|SMH|SOXL,4,50,4085,2010-05-20,2026-08-17,flip_count_leave_one_out,3,SMH,365.0
7_vote_structure,S3_current,native,SPY|QQQ|SMH|SOXL,4,50,4085,2010-05-20,2026-08-17,flip_fraction_leave_one_out,3,SOXL,0.04259485924112607
7_vote_structure,S3_current,native,SPY|QQQ|SMH|SOXL,4,50,4085,2010-05-20,2026-08-17,flip_count_leave_one_out,3,SOXL,174.0
7_vote_structure,S3_current,native,SPY|QQQ|SMH|SOXL,4,50,4085,2010-05-20,2026-08-17,frac_bull,4,,0.5498164014687883
7_vote_structure,S3_current,native,SPY|QQQ|SMH|SOXL,4,50,4085,2010-05-20,2026-08-17,flip_fraction_leave_one_out,4,SPY,0.5498164014687883
7_vote_structure,S3_current,native,SPY|QQQ|SMH|SOXL,4,50,4085,2010-05-20,2026-08-17,flip_count_leave_one_out,4,SPY,2246.0
7_vote_structure,S3_current,native,SPY|QQQ|SMH|SOXL,4,50,4085,2010-05-20,2026-08-17,flip_fraction_leave_one_out,4,QQQ,0.5498164014687883
7_vote_structure,S3_current,native,SPY|QQQ|SMH|SOXL,4,50,4085,2010-05-20,2026-08-17,flip_count_leave_one_out,4,QQQ,2246.0
7_vote_structure,S3_current,native,SPY|QQQ|SMH|SOXL,4,50,4085,2010-05-20,2026-08-17,flip_fraction_leave_one_out,4,SMH,0.5498164014687883
7_vote_structure,S3_current,native,SPY|QQQ|SMH|SOXL,4,50,4085,2010-05-20,2026-08-17,flip_count_leave_one_out,4,SMH,2246.0
7_vote_structure,S3_current,native,SPY|QQQ|SMH|SOXL,4,50,4085,2010-05-20,2026-08-17,flip_fraction_leave_one_out,4,SOXL,0.5498164014687883
7_vote_structure,S3_current,native,SPY|QQQ|SMH|SOXL,4,50,4085,2010-05-20,2026-08-17,flip_count_leave_one_out,4,SOXL,2246.0
7_vote_structure,S3_current,common_with_S3,SPY|QQQ|SMH|SOXL,4,50,4085,2010-05-20,2026-08-17,pairwise_agreement,SPY,QQQ,0.8962056303549572
7_vote_structure,S3_current,common_with_S3,SPY|QQQ|SMH|SOXL,4,50,4085,2010-05-20,2026-08-17,pairwise_agreement,SPY,SMH,0.8335373317013464
7_vote_structure,S3_current,common_with_S3,SPY|QQQ|SMH|SOXL,4,50,4085,2010-05-20,2026-08-17,pairwise_agreement,SPY,SOXL,0.8002447980416156
7_vote_structure,S3_current,common_with_S3,SPY|QQQ|SMH|SOXL,4,50,4085,2010-05-20,2026-08-17,pairwise_agreement,QQQ,SMH,0.8550795593635251
7_vote_structure,S3_current,common_with_S3,SPY|QQQ|SMH|SOXL,4,50,4085,2010-05-20,2026-08-17,pairwise_agreement,QQQ,SOXL,0.8222766217870257
7_vote_structure,S3_current,common_with_S3,SPY|QQQ|SMH|SOXL,4,50,4085,2010-05-20,2026-08-17,pairwise_agreement,SMH,SOXL,0.9143206854345165
7_vote_structure,S3_current,common_with_S3,SPY|QQQ|SMH|SOXL,4,50,4085,2010-05-20,2026-08-17,pairwise_correlation,SPY,QQQ,0.7406160947177778
7_vote_structure,S3_current,common_with_S3,SPY|QQQ|SMH|SOXL,4,50,4085,2010-05-20,2026-08-17,pairwise_correlation,SPY,SMH,0.6042517384392043
7_vote_structure,S3_current,common_with_S3,SPY|QQQ|SMH|SOXL,4,50,4085,2010-05-20,2026-08-17,pairwise_correlation,SPY,SOXL,0.5762513072188352
7_vote_structure,S3_current,common_with_S3,SPY|QQQ|SMH|SOXL,4,50,4085,2010-05-20,2026-08-17,pairwise_correlation,QQQ,SMH,0.658013792927455
7_vote_structure,S3_current,common_with_S3,SPY|QQQ|SMH|SOXL,4,50,4085,2010-05-20,2026-08-17,pairwise_correlation,QQQ,SOXL,0.6247402785307816
7_vote_structure,S3_current,common_with_S3,SPY|QQQ|SMH|SOXL,4,50,4085,2010-05-20,2026-08-17,pairwise_correlation,SMH,SOXL,0.8237140230166282
7_vote_structure,S3_current,common_with_S3,SPY|QQQ|SMH|SOXL,4,50,4085,2010-05-20,2026-08-17,vote_count_fraction,0,,0.18922888616891065
7_vote_structure,S3_current,common_with_S3,SPY|QQQ|SMH|SOXL,4,50,4085,2010-05-20,2026-08-17,vote_count_n,0,,773.0
7_vote_structure,S3_current,common_with_S3,SPY|QQQ|SMH|SOXL,4,50,4085,2010-05-20,2026-08-17,vote_count_fraction,1,,0.07319461444308445
7_vote_structure,S3_current,common_with_S3,SPY|QQQ|SMH|SOXL,4,50,4085,2010-05-20,2026-08-17,vote_count_n,1,,299.0
7_vote_structure,S3_current,common_with_S3,SPY|QQQ|SMH|SOXL,4,50,4085,2010-05-20,2026-08-17,vote_count_fraction,2,,0.09547123623011015
7_vote_structure,S3_current,common_with_S3,SPY|QQQ|SMH|SOXL,4,50,4085,2010-05-20,2026-08-17,vote_count_n,2,,390.0
7_vote_structure,S3_current,common_with_S3,SPY|QQQ|SMH|SOXL,4,50,4085,2010-05-20,2026-08-17,vote_count_fraction,3,,0.0922888616891065
7_vote_structure,S3_current,common_with_S3,SPY|QQQ|SMH|SOXL,4,50,4085,2010-05-20,2026-08-17,vote_count_n,3,,377.0
7_vote_structure,S3_current,common_with_S3,SPY|QQQ|SMH|SOXL,4,50,4085,2010-05-20,2026-08-17,vote_count_fraction,4,,0.5498164014687883
7_vote_structure,S3_current,common_with_S3,SPY|QQQ|SMH|SOXL,4,50,4085,2010-05-20,2026-08-17,vote_count_n,4,,2246.0
7_vote_structure,S3_current,common_with_S3,SPY|QQQ|SMH|SOXL,4,50,4085,2010-05-20,2026-08-17,effective_independent_votes,,,1.685102640496096
7_vote_structure,S3_current,common_with_S3,SPY|QQQ|SMH|SOXL,4,50,4085,2010-05-20,2026-08-17,mean_vote_count,,,2.740269277845777
7_vote_structure,S3_current,common_with_S3,SPY|QQQ|SMH|SOXL,4,50,4085,2010-05-20,2026-08-17,frac_bull,1,,0.8107711138310894
7_vote_structure,S3_current,common_with_S3,SPY|QQQ|SMH|SOXL,4,50,4085,2010-05-20,2026-08-17,flip_fraction_leave_one_out,1,SPY,0.034516523867809054
7_vote_structure,S3_current,common_with_S3,SPY|QQQ|SMH|SOXL,4,50,4085,2010-05-20,2026-08-17,flip_count_leave_one_out,1,SPY,141.0
7_vote_structure,S3_current,common_with_S3,SPY|QQQ|SMH|SOXL,4,50,4085,2010-05-20,2026-08-17,flip_fraction_leave_one_out,1,QQQ,0.01762545899632803
7_vote_structure,S3_current,common_with_S3,SPY|QQQ|SMH|SOXL,4,50,4085,2010-05-20,2026-08-17,flip_count_leave_one_out,1,QQQ,72.0
7_vote_structure,S3_current,common_with_S3,SPY|QQQ|SMH|SOXL,4,50,4085,2010-05-20,2026-08-17,flip_fraction_leave_one_out,1,SMH,0.017380660954712364
7_vote_structure,S3_current,common_with_S3,SPY|QQQ|SMH|SOXL,4,50,4085,2010-05-20,2026-08-17,flip_count_leave_one_out,1,SMH,71.0
7_vote_structure,S3_current,common_with_S3,SPY|QQQ|SMH|SOXL,4,50,4085,2010-05-20,2026-08-17,flip_fraction_leave_one_out,1,SOXL,0.0036719706242350062
7_vote_structure,S3_current,common_with_S3,SPY|QQQ|SMH|SOXL,4,50,4085,2010-05-20,2026-08-17,flip_count_leave_one_out,1,SOXL,15.0
7_vote_structure,S3_current,common_with_S3,SPY|QQQ|SMH|SOXL,4,50,4085,2010-05-20,2026-08-17,frac_bull,2,,0.7375764993880048
7_vote_structure,S3_current,common_with_S3,SPY|QQQ|SMH|SOXL,4,50,4085,2010-05-20,2026-08-17,flip_fraction_leave_one_out,2,SPY,0.07588739290085679
7_vote_structure,S3_current,common_with_S3,SPY|QQQ|SMH|SOXL,4,50,4085,2010-05-20,2026-08-17,flip_count_leave_one_out,2,SPY,310.0
7_vote_structure,S3_current,common_with_S3,SPY|QQQ|SMH|SOXL,4,50,4085,2010-05-20,2026-08-17,flip_fraction_leave_one_out,2,QQQ,0.07564259485924113
7_vote_structure,S3_current,common_with_S3,SPY|QQQ|SMH|SOXL,4,50,4085,2010-05-20,2026-08-17,flip_count_leave_one_out,2,QQQ,309.0
7_vote_structure,S3_current,common_with_S3,SPY|QQQ|SMH|SOXL,4,50,4085,2010-05-20,2026-08-17,flip_fraction_leave_one_out,2,SMH,0.02521419828641371
7_vote_structure,S3_current,common_with_S3,SPY|QQQ|SMH|SOXL,4,50,4085,2010-05-20,2026-08-17,flip_count_leave_one_out,2,SMH,103.0
7_vote_structure,S3_current,common_with_S3,SPY|QQQ|SMH|SOXL,4,50,4085,2010-05-20,2026-08-17,flip_fraction_leave_one_out,2,SOXL,0.01419828641370869
7_vote_structure,S3_current,common_with_S3,SPY|QQQ|SMH|SOXL,4,50,4085,2010-05-20,2026-08-17,flip_count_leave_one_out,2,SOXL,58.0
7_vote_structure,S3_current,common_with_S3,SPY|QQQ|SMH|SOXL,4,50,4085,2010-05-20,2026-08-17,frac_bull,3,,0.6421052631578947
7_vote_structure,S3_current,common_with_S3,SPY|QQQ|SMH|SOXL,4,50,4085,2010-05-20,2026-08-17,flip_fraction_leave_one_out,3,SPY,0.07001223990208079
7_vote_structure,S3_current,common_with_S3,SPY|QQQ|SMH|SOXL,4,50,4085,2010-05-20,2026-08-17,flip_count_leave_one_out,3,SPY,286.0
7_vote_structure,S3_current,common_with_S3,SPY|QQQ|SMH|SOXL,4,50,4085,2010-05-20,2026-08-17,flip_fraction_leave_one_out,3,QQQ,0.07490820073439412
7_vote_structure,S3_current,common_with_S3,SPY|QQQ|SMH|SOXL,4,50,4085,2010-05-20,2026-08-17,flip_count_leave_one_out,3,QQQ,306.0
7_vote_structure,S3_current,common_with_S3,SPY|QQQ|SMH|SOXL,4,50,4085,2010-05-20,2026-08-17,flip_fraction_leave_one_out,3,SMH,0.08935128518971848
7_vote_structure,S3_current,common_with_S3,SPY|QQQ|SMH|SOXL,4,50,4085,2010-05-20,2026-08-17,flip_count_leave_one_out,3,SMH,365.0
7_vote_structure,S3_current,common_with_S3,SPY|QQQ|SMH|SOXL,4,50,4085,2010-05-20,2026-08-17,flip_fraction_leave_one_out,3,SOXL,0.04259485924112607
7_vote_structure,S3_current,common_with_S3,SPY|QQQ|SMH|SOXL,4,50,4085,2010-05-20,2026-08-17,flip_count_leave_one_out,3,SOXL,174.0
7_vote_structure,S3_current,common_with_S3,SPY|QQQ|SMH|SOXL,4,50,4085,2010-05-20,2026-08-17,frac_bull,4,,0.5498164014687883
7_vote_structure,S3_current,common_with_S3,SPY|QQQ|SMH|SOXL,4,50,4085,2010-05-20,2026-08-17,flip_fraction_leave_one_out,4,SPY,0.5498164014687883
7_vote_structure,S3_current,common_with_S3,SPY|QQQ|SMH|SOXL,4,50,4085,2010-05-20,2026-08-17,flip_count_leave_one_out,4,SPY,2246.0
7_vote_structure,S3_current,common_with_S3,SPY|QQQ|SMH|SOXL,4,50,4085,2010-05-20,2026-08-17,flip_fraction_leave_one_out,4,QQQ,0.5498164014687883
7_vote_structure,S3_current,common_with_S3,SPY|QQQ|SMH|SOXL,4,50,4085,2010-05-20,2026-08-17,flip_count_leave_one_out,4,QQQ,2246.0
7_vote_structure,S3_current,common_with_S3,SPY|QQQ|SMH|SOXL,4,50,4085,2010-05-20,2026-08-17,flip_fraction_leave_one_out,4,SMH,0.5498164014687883
7_vote_structure,S3_current,common_with_S3,SPY|QQQ|SMH|SOXL,4,50,4085,2010-05-20,2026-08-17,flip_count_leave_one_out,4,SMH,2246.0
7_vote_structure,S3_current,common_with_S3,SPY|QQQ|SMH|SOXL,4,50,4085,2010-05-20,2026-08-17,flip_fraction_leave_one_out,4,SOXL,0.5498164014687883
7_vote_structure,S3_current,common_with_S3,SPY|QQQ|SMH|SOXL,4,50,4085,2010-05-20,2026-08-17,flip_count_leave_one_out,4,SOXL,2246.0
7_vote_structure,S3_current,common_all_sets,SPY|QQQ|SMH|SOXL,4,50,1383,2021-02-12,2026-08-17,pairwise_agreement,SPY,QQQ,0.9045553145336226
7_vote_structure,S3_current,common_all_sets,SPY|QQQ|SMH|SOXL,4,50,1383,2021-02-12,2026-08-17,pairwise_agreement,SPY,SMH,0.836587129428778
7_vote_structure,S3_current,common_all_sets,SPY|QQQ|SMH|SOXL,4,50,1383,2021-02-12,2026-08-17,pairwise_agreement,SPY,SOXL,0.7744034707158352
7_vote_structure,S3_current,common_all_sets,SPY|QQQ|SMH|SOXL,4,50,1383,2021-02-12,2026-08-17,pairwise_agreement,QQQ,SMH,0.871294287780188
7_vote_structure,S3_current,common_all_sets,SPY|QQQ|SMH|SOXL,4,50,1383,2021-02-12,2026-08-17,pairwise_agreement,QQQ,SOXL,0.8163412870571222
7_vote_structure,S3_current,common_all_sets,SPY|QQQ|SMH|SOXL,4,50,1383,2021-02-12,2026-08-17,pairwise_agreement,SMH,SOXL,0.8944323933477947
7_vote_structure,S3_current,common_all_sets,SPY|QQQ|SMH|SOXL,4,50,1383,2021-02-12,2026-08-17,pairwise_correlation,SPY,QQQ,0.7780216545475895
7_vote_structure,S3_current,common_all_sets,SPY|QQQ|SMH|SOXL,4,50,1383,2021-02-12,2026-08-17,pairwise_correlation,SPY,SMH,0.6304360383994576
7_vote_structure,S3_current,common_all_sets,SPY|QQQ|SMH|SOXL,4,50,1383,2021-02-12,2026-08-17,pairwise_correlation,SPY,SOXL,0.5673983866507988
7_vote_structure,S3_current,common_all_sets,SPY|QQQ|SMH|SOXL,4,50,1383,2021-02-12,2026-08-17,pairwise_correlation,QQQ,SMH,0.7126233070075988
7_vote_structure,S3_current,common_all_sets,SPY|QQQ|SMH|SOXL,4,50,1383,2021-02-12,2026-08-17,pairwise_correlation,QQQ,SOXL,0.6439226950956416
7_vote_structure,S3_current,common_all_sets,SPY|QQQ|SMH|SOXL,4,50,1383,2021-02-12,2026-08-17,pairwise_correlation,SMH,SOXL,0.8018560249809615
7_vote_structure,S3_current,common_all_sets,SPY|QQQ|SMH|SOXL,4,50,1383,2021-02-12,2026-08-17,vote_count_fraction,0,,0.22631959508315258
7_vote_structure,S3_current,common_all_sets,SPY|QQQ|SMH|SOXL,4,50,1383,2021-02-12,2026-08-17,vote_count_n,0,,313.0
7_vote_structure,S3_current,common_all_sets,SPY|QQQ|SMH|SOXL,4,50,1383,2021-02-12,2026-08-17,vote_count_fraction,1,,0.06796818510484454
7_vote_structure,S3_current,common_all_sets,SPY|QQQ|SMH|SOXL,4,50,1383,2021-02-12,2026-08-17,vote_count_n,1,,94.0
7_vote_structure,S3_current,common_all_sets,SPY|QQQ|SMH|SOXL,4,50,1383,2021-02-12,2026-08-17,vote_count_fraction,2,,0.09544468546637744
7_vote_structure,S3_current,common_all_sets,SPY|QQQ|SMH|SOXL,4,50,1383,2021-02-12,2026-08-17,vote_count_n,2,,132.0
7_vote_structure,S3_current,common_all_sets,SPY|QQQ|SMH|SOXL,4,50,1383,2021-02-12,2026-08-17,vote_count_fraction,3,,0.10556760665220535
7_vote_structure,S3_current,common_all_sets,SPY|QQQ|SMH|SOXL,4,50,1383,2021-02-12,2026-08-17,vote_count_n,3,,146.0
7_vote_structure,S3_current,common_all_sets,SPY|QQQ|SMH|SOXL,4,50,1383,2021-02-12,2026-08-17,vote_count_fraction,4,,0.5046999276934201
7_vote_structure,S3_current,common_all_sets,SPY|QQQ|SMH|SOXL,4,50,1383,2021-02-12,2026-08-17,vote_count_n,4,,698.0
7_vote_structure,S3_current,common_all_sets,SPY|QQQ|SMH|SOXL,4,50,1383,2021-02-12,2026-08-17,effective_independent_votes,,,1.6359417306566697
7_vote_structure,S3_current,common_all_sets,SPY|QQQ|SMH|SOXL,4,50,1383,2021-02-12,2026-08-17,mean_vote_count,,,2.594360086767896
7_vote_structure,S3_current,common_all_sets,SPY|QQQ|SMH|SOXL,4,50,1383,2021-02-12,2026-08-17,frac_bull,1,,0.7736804049168474
7_vote_structure,S3_current,common_all_sets,SPY|QQQ|SMH|SOXL,4,50,1383,2021-02-12,2026-08-17,flip_fraction_leave_one_out,1,SPY,0.04483007953723789
7_vote_structure,S3_current,common_all_sets,SPY|QQQ|SMH|SOXL,4,50,1383,2021-02-12,2026-08-17,flip_count_leave_one_out,1,SPY,62.0
7_vote_structure,S3_current,common_all_sets,SPY|QQQ|SMH|SOXL,4,50,1383,2021-02-12,2026-08-17,flip_fraction_leave_one_out,1,QQQ,0.006507592190889371
7_vote_structure,S3_current,common_all_sets,SPY|QQQ|SMH|SOXL,4,50,1383,2021-02-12,2026-08-17,flip_count_leave_one_out,1,QQQ,9.0
7_vote_structure,S3_current,common_all_sets,SPY|QQQ|SMH|SOXL,4,50,1383,2021-02-12,2026-08-17,flip_fraction_leave_one_out,1,SMH,0.016630513376717282
7_vote_structure,S3_current,common_all_sets,SPY|QQQ|SMH|SOXL,4,50,1383,2021-02-12,2026-08-17,flip_count_leave_one_out,1,SMH,23.0
7_vote_structure,S3_current,common_all_sets,SPY|QQQ|SMH|SOXL,4,50,1383,2021-02-12,2026-08-17,flip_fraction_leave_one_out,1,SOXL,0.0
7_vote_structure,S3_current,common_all_sets,SPY|QQQ|SMH|SOXL,4,50,1383,2021-02-12,2026-08-17,flip_count_leave_one_out,1,SOXL,0.0
7_vote_structure,S3_current,common_all_sets,SPY|QQQ|SMH|SOXL,4,50,1383,2021-02-12,2026-08-17,frac_bull,2,,0.7057122198120029
7_vote_structure,S3_current,common_all_sets,SPY|QQQ|SMH|SOXL,4,50,1383,2021-02-12,2026-08-17,flip_fraction_leave_one_out,2,SPY,0.07881417208966016
7_vote_structure,S3_current,common_all_sets,SPY|QQQ|SMH|SOXL,4,50,1383,2021-02-12,2026-08-17,flip_count_leave_one_out,2,SPY,109.0
7_vote_structure,S3_current,common_all_sets,SPY|QQQ|SMH|SOXL,4,50,1383,2021-02-12,2026-08-17,flip_fraction_leave_one_out,2,QQQ,0.07519884309472162
7_vote_structure,S3_current,common_all_sets,SPY|QQQ|SMH|SOXL,4,50,1383,2021-02-12,2026-08-17,flip_count_leave_one_out,2,QQQ,104.0
7_vote_structure,S3_current,common_all_sets,SPY|QQQ|SMH|SOXL,4,50,1383,2021-02-12,2026-08-17,flip_fraction_leave_one_out,2,SMH,0.025307302964569775
7_vote_structure,S3_current,common_all_sets,SPY|QQQ|SMH|SOXL,4,50,1383,2021-02-12,2026-08-17,flip_count_leave_one_out,2,SMH,35.0
7_vote_structure,S3_current,common_all_sets,SPY|QQQ|SMH|SOXL,4,50,1383,2021-02-12,2026-08-17,flip_fraction_leave_one_out,2,SOXL,0.011569052783803326
7_vote_structure,S3_current,common_all_sets,SPY|QQQ|SMH|SOXL,4,50,1383,2021-02-12,2026-08-17,flip_count_leave_one_out,2,SOXL,16.0
7_vote_structure,S3_current,common_all_sets,SPY|QQQ|SMH|SOXL,4,50,1383,2021-02-12,2026-08-17,frac_bull,3,,0.6102675343456254
7_vote_structure,S3_current,common_all_sets,SPY|QQQ|SMH|SOXL,4,50,1383,2021-02-12,2026-08-17,flip_fraction_leave_one_out,3,SPY,0.09038322487346348
7_vote_structure,S3_current,common_all_sets,SPY|QQQ|SMH|SOXL,4,50,1383,2021-02-12,2026-08-17,flip_count_leave_one_out,3,SPY,125.0
7_vote_structure,S3_current,common_all_sets,SPY|QQQ|SMH|SOXL,4,50,1383,2021-02-12,2026-08-17,flip_fraction_leave_one_out,3,QQQ,0.09038322487346348
7_vote_structure,S3_current,common_all_sets,SPY|QQQ|SMH|SOXL,4,50,1383,2021-02-12,2026-08-17,flip_count_leave_one_out,3,QQQ,125.0
7_vote_structure,S3_current,common_all_sets,SPY|QQQ|SMH|SOXL,4,50,1383,2021-02-12,2026-08-17,flip_fraction_leave_one_out,3,SMH,0.10556760665220535
7_vote_structure,S3_current,common_all_sets,SPY|QQQ|SMH|SOXL,4,50,1383,2021-02-12,2026-08-17,flip_count_leave_one_out,3,SMH,146.0
7_vote_structure,S3_current,common_all_sets,SPY|QQQ|SMH|SOXL,4,50,1383,2021-02-12,2026-08-17,flip_fraction_leave_one_out,3,SOXL,0.03036876355748373
7_vote_structure,S3_current,common_all_sets,SPY|QQQ|SMH|SOXL,4,50,1383,2021-02-12,2026-08-17,flip_count_leave_one_out,3,SOXL,42.0
7_vote_structure,S3_current,common_all_sets,SPY|QQQ|SMH|SOXL,4,50,1383,2021-02-12,2026-08-17,frac_bull,4,,0.5046999276934201
7_vote_structure,S3_current,common_all_sets,SPY|QQQ|SMH|SOXL,4,50,1383,2021-02-12,2026-08-17,flip_fraction_leave_one_out,4,SPY,0.5046999276934201
7_vote_structure,S3_current,common_all_sets,SPY|QQQ|SMH|SOXL,4,50,1383,2021-02-12,2026-08-17,flip_count_leave_one_out,4,SPY,698.0
7_vote_structure,S3_current,common_all_sets,SPY|QQQ|SMH|SOXL,4,50,1383,2021-02-12,2026-08-17,flip_fraction_leave_one_out,4,QQQ,0.5046999276934201
7_vote_structure,S3_current,common_all_sets,SPY|QQQ|SMH|SOXL,4,50,1383,2021-02-12,2026-08-17,flip_count_leave_one_out,4,QQQ,698.0
7_vote_structure,S3_current,common_all_sets,SPY|QQQ|SMH|SOXL,4,50,1383,2021-02-12,2026-08-17,flip_fraction_leave_one_out,4,SMH,0.5046999276934201
7_vote_structure,S3_current,common_all_sets,SPY|QQQ|SMH|SOXL,4,50,1383,2021-02-12,2026-08-17,flip_count_leave_one_out,4,SMH,698.0
7_vote_structure,S3_current,common_all_sets,SPY|QQQ|SMH|SOXL,4,50,1383,2021-02-12,2026-08-17,flip_fraction_leave_one_out,4,SOXL,0.5046999276934201
7_vote_structure,S3_current,common_all_sets,SPY|QQQ|SMH|SOXL,4,50,1383,2021-02-12,2026-08-17,flip_count_leave_one_out,4,SOXL,698.0
7_vote_structure,S3_current,native,SPY|QQQ|SMH|SOXL,4,100,4035,2010-08-02,2026-08-17,pairwise_agreement,SPY,QQQ,0.9201982651796778
7_vote_structure,S3_current,native,SPY|QQQ|SMH|SOXL,4,100,4035,2010-08-02,2026-08-17,pairwise_agreement,SPY,SMH,0.9033457249070632
7_vote_structure,S3_current,native,SPY|QQQ|SMH|SOXL,4,100,4035,2010-08-02,2026-08-17,pairwise_agreement,SPY,SOXL,0.8240396530359355
7_vote_structure,S3_current,native,SPY|QQQ|SMH|SOXL,4,100,4035,2010-08-02,2026-08-17,pairwise_agreement,QQQ,SMH,0.8765799256505576
7_vote_structure,S3_current,native,SPY|QQQ|SMH|SOXL,4,100,4035,2010-08-02,2026-08-17,pairwise_agreement,QQQ,SOXL,0.8146220570012391
7_vote_structure,S3_current,native,SPY|QQQ|SMH|SOXL,4,100,4035,2010-08-02,2026-08-17,pairwise_agreement,SMH,SOXL,0.8889714993804213
7_vote_structure,S3_current,native,SPY|QQQ|SMH|SOXL,4,100,4035,2010-08-02,2026-08-17,pairwise_correlation,SPY,QQQ,0.7574847329928711
7_vote_structure,S3_current,native,SPY|QQQ|SMH|SOXL,4,100,4035,2010-08-02,2026-08-17,pairwise_correlation,SPY,SMH,0.7254344992947371
7_vote_structure,S3_current,native,SPY|QQQ|SMH|SOXL,4,100,4035,2010-08-02,2026-08-17,pairwise_correlation,SPY,SOXL,0.6133340310753842
7_vote_structure,S3_current,native,SPY|QQQ|SMH|SOXL,4,100,4035,2010-08-02,2026-08-17,pairwise_correlation,QQQ,SMH,0.6523501387124191
7_vote_structure,S3_current,native,SPY|QQQ|SMH|SOXL,4,100,4035,2010-08-02,2026-08-17,pairwise_correlation,QQQ,SOXL,0.5841316756924623
7_vote_structure,S3_current,native,SPY|QQQ|SMH|SOXL,4,100,4035,2010-08-02,2026-08-17,pairwise_correlation,SMH,SOXL,0.7620464900868293
7_vote_structure,S3_current,native,SPY|QQQ|SMH|SOXL,4,100,4035,2010-08-02,2026-08-17,vote_count_fraction,0,,0.1526641883519207
7_vote_structure,S3_current,native,SPY|QQQ|SMH|SOXL,4,100,4035,2010-08-02,2026-08-17,vote_count_n,0,,616.0
7_vote_structure,S3_current,native,SPY|QQQ|SMH|SOXL,4,100,4035,2010-08-02,2026-08-17,vote_count_fraction,1,,0.04064436183395291
7_vote_structure,S3_current,native,SPY|QQQ|SMH|SOXL,4,100,4035,2010-08-02,2026-08-17,vote_count_n,1,,164.0
7_vote_structure,S3_current,native,SPY|QQQ|SMH|SOXL,4,100,4035,2010-08-02,2026-08-17,vote_count_fraction,2,,0.08302354399008674
7_vote_structure,S3_current,native,SPY|QQQ|SMH|SOXL,4,100,4035,2010-08-02,2026-08-17,vote_count_n,2,,335.0
7_vote_structure,S3_current,native,SPY|QQQ|SMH|SOXL,4,100,4035,2010-08-02,2026-08-17,vote_count_fraction,3,,0.10607187112763321
7_vote_structure,S3_current,native,SPY|QQQ|SMH|SOXL,4,100,4035,2010-08-02,2026-08-17,vote_count_n,3,,428.0
7_vote_structure,S3_current,native,SPY|QQQ|SMH|SOXL,4,100,4035,2010-08-02,2026-08-17,vote_count_fraction,4,,0.6175960346964064
7_vote_structure,S3_current,native,SPY|QQQ|SMH|SOXL,4,100,4035,2010-08-02,2026-08-17,vote_count_n,4,,2492.0
7_vote_structure,S3_current,native,SPY|QQQ|SMH|SOXL,4,100,4035,2010-08-02,2026-08-17,effective_independent_votes,,,1.6584771279484416
7_vote_structure,S3_current,native,SPY|QQQ|SMH|SOXL,4,100,4035,2010-08-02,2026-08-17,mean_vote_count,,,2.995291201982652
7_vote_structure,S3_current,native,SPY|QQQ|SMH|SOXL,4,100,4035,2010-08-02,2026-08-17,frac_bull,1,,0.8473358116480793
7_vote_structure,S3_current,native,SPY|QQQ|SMH|SOXL,4,100,4035,2010-08-02,2026-08-17,flip_fraction_leave_one_out,1,SPY,0.01412639405204461
7_vote_structure,S3_current,native,SPY|QQQ|SMH|SOXL,4,100,4035,2010-08-02,2026-08-17,flip_count_leave_one_out,1,SPY,57.0
7_vote_structure,S3_current,native,SPY|QQQ|SMH|SOXL,4,100,4035,2010-08-02,2026-08-17,flip_fraction_leave_one_out,1,QQQ,0.01858736059479554
7_vote_structure,S3_current,native,SPY|QQQ|SMH|SOXL,4,100,4035,2010-08-02,2026-08-17,flip_count_leave_one_out,1,QQQ,75.0
7_vote_structure,S3_current,native,SPY|QQQ|SMH|SOXL,4,100,4035,2010-08-02,2026-08-17,flip_fraction_leave_one_out,1,SMH,0.007930607187112764
7_vote_structure,S3_current,native,SPY|QQQ|SMH|SOXL,4,100,4035,2010-08-02,2026-08-17,flip_count_leave_one_out,1,SMH,32.0
7_vote_structure,S3_current,native,SPY|QQQ|SMH|SOXL,4,100,4035,2010-08-02,2026-08-17,flip_fraction_leave_one_out,1,SOXL,0.0
7_vote_structure,S3_current,native,SPY|QQQ|SMH|SOXL,4,100,4035,2010-08-02,2026-08-17,flip_count_leave_one_out,1,SOXL,0.0
7_vote_structure,S3_current,native,SPY|QQQ|SMH|SOXL,4,100,4035,2010-08-02,2026-08-17,frac_bull,2,,0.8066914498141264
7_vote_structure,S3_current,native,SPY|QQQ|SMH|SOXL,4,100,4035,2010-08-02,2026-08-17,flip_fraction_leave_one_out,2,SPY,0.06964064436183395
7_vote_structure,S3_current,native,SPY|QQQ|SMH|SOXL,4,100,4035,2010-08-02,2026-08-17,flip_count_leave_one_out,2,SPY,281.0
7_vote_structure,S3_current,native,SPY|QQQ|SMH|SOXL,4,100,4035,2010-08-02,2026-08-17,flip_fraction_leave_one_out,2,QQQ,0.06245353159851301
7_vote_structure,S3_current,native,SPY|QQQ|SMH|SOXL,4,100,4035,2010-08-02,2026-08-17,flip_count_leave_one_out,2,QQQ,252.0
7_vote_structure,S3_current,native,SPY|QQQ|SMH|SOXL,4,100,4035,2010-08-02,2026-08-17,flip_fraction_leave_one_out,2,SMH,0.027261462205700124
7_vote_structure,S3_current,native,SPY|QQQ|SMH|SOXL,4,100,4035,2010-08-02,2026-08-17,flip_count_leave_one_out,2,SMH,110.0
7_vote_structure,S3_current,native,SPY|QQQ|SMH|SOXL,4,100,4035,2010-08-02,2026-08-17,flip_fraction_leave_one_out,2,SOXL,0.006691449814126394
7_vote_structure,S3_current,native,SPY|QQQ|SMH|SOXL,4,100,4035,2010-08-02,2026-08-17,flip_count_leave_one_out,2,SOXL,27.0
7_vote_structure,S3_current,native,SPY|QQQ|SMH|SOXL,4,100,4035,2010-08-02,2026-08-17,frac_bull,3,,0.7236679058240396
7_vote_structure,S3_current,native,SPY|QQQ|SMH|SOXL,4,100,4035,2010-08-02,2026-08-17,flip_fraction_leave_one_out,3,SPY,0.10037174721189591
7_vote_structure,S3_current,native,SPY|QQQ|SMH|SOXL,4,100,4035,2010-08-02,2026-08-17,flip_count_leave_one_out,3,SPY,405.0
7_vote_structure,S3_current,native,SPY|QQQ|SMH|SOXL,4,100,4035,2010-08-02,2026-08-17,flip_fraction_leave_one_out,3,QQQ,0.08674101610904585
7_vote_structure,S3_current,native,SPY|QQQ|SMH|SOXL,4,100,4035,2010-08-02,2026-08-17,flip_count_leave_one_out,3,QQQ,350.0
7_vote_structure,S3_current,native,SPY|QQQ|SMH|SOXL,4,100,4035,2010-08-02,2026-08-17,flip_fraction_leave_one_out,3,SMH,0.10483271375464684
7_vote_structure,S3_current,native,SPY|QQQ|SMH|SOXL,4,100,4035,2010-08-02,2026-08-17,flip_count_leave_one_out,3,SMH,423.0
7_vote_structure,S3_current,native,SPY|QQQ|SMH|SOXL,4,100,4035,2010-08-02,2026-08-17,flip_fraction_leave_one_out,3,SOXL,0.026270136307311027
7_vote_structure,S3_current,native,SPY|QQQ|SMH|SOXL,4,100,4035,2010-08-02,2026-08-17,flip_count_leave_one_out,3,SOXL,106.0
7_vote_structure,S3_current,native,SPY|QQQ|SMH|SOXL,4,100,4035,2010-08-02,2026-08-17,frac_bull,4,,0.6175960346964064
7_vote_structure,S3_current,native,SPY|QQQ|SMH|SOXL,4,100,4035,2010-08-02,2026-08-17,flip_fraction_leave_one_out,4,SPY,0.6175960346964064
7_vote_structure,S3_current,native,SPY|QQQ|SMH|SOXL,4,100,4035,2010-08-02,2026-08-17,flip_count_leave_one_out,4,SPY,2492.0
7_vote_structure,S3_current,native,SPY|QQQ|SMH|SOXL,4,100,4035,2010-08-02,2026-08-17,flip_fraction_leave_one_out,4,QQQ,0.6175960346964064
7_vote_structure,S3_current,native,SPY|QQQ|SMH|SOXL,4,100,4035,2010-08-02,2026-08-17,flip_count_leave_one_out,4,QQQ,2492.0
7_vote_structure,S3_current,native,SPY|QQQ|SMH|SOXL,4,100,4035,2010-08-02,2026-08-17,flip_fraction_leave_one_out,4,SMH,0.6175960346964064
7_vote_structure,S3_current,native,SPY|QQQ|SMH|SOXL,4,100,4035,2010-08-02,2026-08-17,flip_count_leave_one_out,4,SMH,2492.0
7_vote_structure,S3_current,native,SPY|QQQ|SMH|SOXL,4,100,4035,2010-08-02,2026-08-17,flip_fraction_leave_one_out,4,SOXL,0.6175960346964064
7_vote_structure,S3_current,native,SPY|QQQ|SMH|SOXL,4,100,4035,2010-08-02,2026-08-17,flip_count_leave_one_out,4,SOXL,2492.0
7_vote_structure,S3_current,common_with_S3,SPY|QQQ|SMH|SOXL,4,100,4035,2010-08-02,2026-08-17,pairwise_agreement,SPY,QQQ,0.9201982651796778
7_vote_structure,S3_current,common_with_S3,SPY|QQQ|SMH|SOXL,4,100,4035,2010-08-02,2026-08-17,pairwise_agreement,SPY,SMH,0.9033457249070632
7_vote_structure,S3_current,common_with_S3,SPY|QQQ|SMH|SOXL,4,100,4035,2010-08-02,2026-08-17,pairwise_agreement,SPY,SOXL,0.8240396530359355
7_vote_structure,S3_current,common_with_S3,SPY|QQQ|SMH|SOXL,4,100,4035,2010-08-02,2026-08-17,pairwise_agreement,QQQ,SMH,0.8765799256505576
7_vote_structure,S3_current,common_with_S3,SPY|QQQ|SMH|SOXL,4,100,4035,2010-08-02,2026-08-17,pairwise_agreement,QQQ,SOXL,0.8146220570012391
7_vote_structure,S3_current,common_with_S3,SPY|QQQ|SMH|SOXL,4,100,4035,2010-08-02,2026-08-17,pairwise_agreement,SMH,SOXL,0.8889714993804213
7_vote_structure,S3_current,common_with_S3,SPY|QQQ|SMH|SOXL,4,100,4035,2010-08-02,2026-08-17,pairwise_correlation,SPY,QQQ,0.7574847329928711
7_vote_structure,S3_current,common_with_S3,SPY|QQQ|SMH|SOXL,4,100,4035,2010-08-02,2026-08-17,pairwise_correlation,SPY,SMH,0.7254344992947371
7_vote_structure,S3_current,common_with_S3,SPY|QQQ|SMH|SOXL,4,100,4035,2010-08-02,2026-08-17,pairwise_correlation,SPY,SOXL,0.6133340310753842
7_vote_structure,S3_current,common_with_S3,SPY|QQQ|SMH|SOXL,4,100,4035,2010-08-02,2026-08-17,pairwise_correlation,QQQ,SMH,0.6523501387124191
7_vote_structure,S3_current,common_with_S3,SPY|QQQ|SMH|SOXL,4,100,4035,2010-08-02,2026-08-17,pairwise_correlation,QQQ,SOXL,0.5841316756924623
7_vote_structure,S3_current,common_with_S3,SPY|QQQ|SMH|SOXL,4,100,4035,2010-08-02,2026-08-17,pairwise_correlation,SMH,SOXL,0.7620464900868293
7_vote_structure,S3_current,common_with_S3,SPY|QQQ|SMH|SOXL,4,100,4035,2010-08-02,2026-08-17,vote_count_fraction,0,,0.1526641883519207
7_vote_structure,S3_current,common_with_S3,SPY|QQQ|SMH|SOXL,4,100,4035,2010-08-02,2026-08-17,vote_count_n,0,,616.0
7_vote_structure,S3_current,common_with_S3,SPY|QQQ|SMH|SOXL,4,100,4035,2010-08-02,2026-08-17,vote_count_fraction,1,,0.04064436183395291
7_vote_structure,S3_current,common_with_S3,SPY|QQQ|SMH|SOXL,4,100,4035,2010-08-02,2026-08-17,vote_count_n,1,,164.0
7_vote_structure,S3_current,common_with_S3,SPY|QQQ|SMH|SOXL,4,100,4035,2010-08-02,2026-08-17,vote_count_fraction,2,,0.08302354399008674
7_vote_structure,S3_current,common_with_S3,SPY|QQQ|SMH|SOXL,4,100,4035,2010-08-02,2026-08-17,vote_count_n,2,,335.0
7_vote_structure,S3_current,common_with_S3,SPY|QQQ|SMH|SOXL,4,100,4035,2010-08-02,2026-08-17,vote_count_fraction,3,,0.10607187112763321
7_vote_structure,S3_current,common_with_S3,SPY|QQQ|SMH|SOXL,4,100,4035,2010-08-02,2026-08-17,vote_count_n,3,,428.0
7_vote_structure,S3_current,common_with_S3,SPY|QQQ|SMH|SOXL,4,100,4035,2010-08-02,2026-08-17,vote_count_fraction,4,,0.6175960346964064
7_vote_structure,S3_current,common_with_S3,SPY|QQQ|SMH|SOXL,4,100,4035,2010-08-02,2026-08-17,vote_count_n,4,,2492.0
7_vote_structure,S3_current,common_with_S3,SPY|QQQ|SMH|SOXL,4,100,4035,2010-08-02,2026-08-17,effective_independent_votes,,,1.6584771279484416
7_vote_structure,S3_current,common_with_S3,SPY|QQQ|SMH|SOXL,4,100,4035,2010-08-02,2026-08-17,mean_vote_count,,,2.995291201982652
7_vote_structure,S3_current,common_with_S3,SPY|QQQ|SMH|SOXL,4,100,4035,2010-08-02,2026-08-17,frac_bull,1,,0.8473358116480793
7_vote_structure,S3_current,common_with_S3,SPY|QQQ|SMH|SOXL,4,100,4035,2010-08-02,2026-08-17,flip_fraction_leave_one_out,1,SPY,0.01412639405204461
7_vote_structure,S3_current,common_with_S3,SPY|QQQ|SMH|SOXL,4,100,4035,2010-08-02,2026-08-17,flip_count_leave_one_out,1,SPY,57.0
7_vote_structure,S3_current,common_with_S3,SPY|QQQ|SMH|SOXL,4,100,4035,2010-08-02,2026-08-17,flip_fraction_leave_one_out,1,QQQ,0.01858736059479554
7_vote_structure,S3_current,common_with_S3,SPY|QQQ|SMH|SOXL,4,100,4035,2010-08-02,2026-08-17,flip_count_leave_one_out,1,QQQ,75.0
7_vote_structure,S3_current,common_with_S3,SPY|QQQ|SMH|SOXL,4,100,4035,2010-08-02,2026-08-17,flip_fraction_leave_one_out,1,SMH,0.007930607187112764
7_vote_structure,S3_current,common_with_S3,SPY|QQQ|SMH|SOXL,4,100,4035,2010-08-02,2026-08-17,flip_count_leave_one_out,1,SMH,32.0
7_vote_structure,S3_current,common_with_S3,SPY|QQQ|SMH|SOXL,4,100,4035,2010-08-02,2026-08-17,flip_fraction_leave_one_out,1,SOXL,0.0
7_vote_structure,S3_current,common_with_S3,SPY|QQQ|SMH|SOXL,4,100,4035,2010-08-02,2026-08-17,flip_count_leave_one_out,1,SOXL,0.0
7_vote_structure,S3_current,common_with_S3,SPY|QQQ|SMH|SOXL,4,100,4035,2010-08-02,2026-08-17,frac_bull,2,,0.8066914498141264
7_vote_structure,S3_current,common_with_S3,SPY|QQQ|SMH|SOXL,4,100,4035,2010-08-02,2026-08-17,flip_fraction_leave_one_out,2,SPY,0.06964064436183395
7_vote_structure,S3_current,common_with_S3,SPY|QQQ|SMH|SOXL,4,100,4035,2010-08-02,2026-08-17,flip_count_leave_one_out,2,SPY,281.0
7_vote_structure,S3_current,common_with_S3,SPY|QQQ|SMH|SOXL,4,100,4035,2010-08-02,2026-08-17,flip_fraction_leave_one_out,2,QQQ,0.06245353159851301
7_vote_structure,S3_current,common_with_S3,SPY|QQQ|SMH|SOXL,4,100,4035,2010-08-02,2026-08-17,flip_count_leave_one_out,2,QQQ,252.0
7_vote_structure,S3_current,common_with_S3,SPY|QQQ|SMH|SOXL,4,100,4035,2010-08-02,2026-08-17,flip_fraction_leave_one_out,2,SMH,0.027261462205700124
7_vote_structure,S3_current,common_with_S3,SPY|QQQ|SMH|SOXL,4,100,4035,2010-08-02,2026-08-17,flip_count_leave_one_out,2,SMH,110.0
7_vote_structure,S3_current,common_with_S3,SPY|QQQ|SMH|SOXL,4,100,4035,2010-08-02,2026-08-17,flip_fraction_leave_one_out,2,SOXL,0.006691449814126394
7_vote_structure,S3_current,common_with_S3,SPY|QQQ|SMH|SOXL,4,100,4035,2010-08-02,2026-08-17,flip_count_leave_one_out,2,SOXL,27.0
7_vote_structure,S3_current,common_with_S3,SPY|QQQ|SMH|SOXL,4,100,4035,2010-08-02,2026-08-17,frac_bull,3,,0.7236679058240396
7_vote_structure,S3_current,common_with_S3,SPY|QQQ|SMH|SOXL,4,100,4035,2010-08-02,2026-08-17,flip_fraction_leave_one_out,3,SPY,0.10037174721189591
7_vote_structure,S3_current,common_with_S3,SPY|QQQ|SMH|SOXL,4,100,4035,2010-08-02,2026-08-17,flip_count_leave_one_out,3,SPY,405.0
7_vote_structure,S3_current,common_with_S3,SPY|QQQ|SMH|SOXL,4,100,4035,2010-08-02,2026-08-17,flip_fraction_leave_one_out,3,QQQ,0.08674101610904585
7_vote_structure,S3_current,common_with_S3,SPY|QQQ|SMH|SOXL,4,100,4035,2010-08-02,2026-08-17,flip_count_leave_one_out,3,QQQ,350.0
7_vote_structure,S3_current,common_with_S3,SPY|QQQ|SMH|SOXL,4,100,4035,2010-08-02,2026-08-17,flip_fraction_leave_one_out,3,SMH,0.10483271375464684
7_vote_structure,S3_current,common_with_S3,SPY|QQQ|SMH|SOXL,4,100,4035,2010-08-02,2026-08-17,flip_count_leave_one_out,3,SMH,423.0
7_vote_structure,S3_current,common_with_S3,SPY|QQQ|SMH|SOXL,4,100,4035,2010-08-02,2026-08-17,flip_fraction_leave_one_out,3,SOXL,0.026270136307311027
7_vote_structure,S3_current,common_with_S3,SPY|QQQ|SMH|SOXL,4,100,4035,2010-08-02,2026-08-17,flip_count_leave_one_out,3,SOXL,106.0
7_vote_structure,S3_current,common_with_S3,SPY|QQQ|SMH|SOXL,4,100,4035,2010-08-02,2026-08-17,frac_bull,4,,0.6175960346964064
7_vote_structure,S3_current,common_with_S3,SPY|QQQ|SMH|SOXL,4,100,4035,2010-08-02,2026-08-17,flip_fraction_leave_one_out,4,SPY,0.6175960346964064
7_vote_structure,S3_current,common_with_S3,SPY|QQQ|SMH|SOXL,4,100,4035,2010-08-02,2026-08-17,flip_count_leave_one_out,4,SPY,2492.0
7_vote_structure,S3_current,common_with_S3,SPY|QQQ|SMH|SOXL,4,100,4035,2010-08-02,2026-08-17,flip_fraction_leave_one_out,4,QQQ,0.6175960346964064
7_vote_structure,S3_current,common_with_S3,SPY|QQQ|SMH|SOXL,4,100,4035,2010-08-02,2026-08-17,flip_count_leave_one_out,4,QQQ,2492.0
7_vote_structure,S3_current,common_with_S3,SPY|QQQ|SMH|SOXL,4,100,4035,2010-08-02,2026-08-17,flip_fraction_leave_one_out,4,SMH,0.6175960346964064
7_vote_structure,S3_current,common_with_S3,SPY|QQQ|SMH|SOXL,4,100,4035,2010-08-02,2026-08-17,flip_count_leave_one_out,4,SMH,2492.0
7_vote_structure,S3_current,common_with_S3,SPY|QQQ|SMH|SOXL,4,100,4035,2010-08-02,2026-08-17,flip_fraction_leave_one_out,4,SOXL,0.6175960346964064
7_vote_structure,S3_current,common_with_S3,SPY|QQQ|SMH|SOXL,4,100,4035,2010-08-02,2026-08-17,flip_count_leave_one_out,4,SOXL,2492.0
7_vote_structure,S3_current,common_all_sets,SPY|QQQ|SMH|SOXL,4,100,1333,2021-04-27,2026-08-17,pairwise_agreement,SPY,QQQ,0.9242310577644411
7_vote_structure,S3_current,common_all_sets,SPY|QQQ|SMH|SOXL,4,100,1333,2021-04-27,2026-08-17,pairwise_agreement,SPY,SMH,0.8979744936234059
7_vote_structure,S3_current,common_all_sets,SPY|QQQ|SMH|SOXL,4,100,1333,2021-04-27,2026-08-17,pairwise_agreement,SPY,SOXL,0.7591897974493623
7_vote_structure,S3_current,common_all_sets,SPY|QQQ|SMH|SOXL,4,100,1333,2021-04-27,2026-08-17,pairwise_agreement,QQQ,SMH,0.8792198049512379
7_vote_structure,S3_current,common_all_sets,SPY|QQQ|SMH|SOXL,4,100,1333,2021-04-27,2026-08-17,pairwise_agreement,QQQ,SOXL,0.7659414853713429
7_vote_structure,S3_current,common_all_sets,SPY|QQQ|SMH|SOXL,4,100,1333,2021-04-27,2026-08-17,pairwise_agreement,SMH,SOXL,0.8297074268567142
7_vote_structure,S3_current,common_all_sets,SPY|QQQ|SMH|SOXL,4,100,1333,2021-04-27,2026-08-17,pairwise_correlation,SPY,QQQ,0.806770827501546
7_vote_structure,S3_current,common_all_sets,SPY|QQQ|SMH|SOXL,4,100,1333,2021-04-27,2026-08-17,pairwise_correlation,SPY,SMH,0.7326955664217729
7_vote_structure,S3_current,common_all_sets,SPY|QQQ|SMH|SOXL,4,100,1333,2021-04-27,2026-08-17,pairwise_correlation,SPY,SOXL,0.5406307007500777
7_vote_structure,S3_current,common_all_sets,SPY|QQQ|SMH|SOXL,4,100,1333,2021-04-27,2026-08-17,pairwise_correlation,QQQ,SMH,0.6962074722800657
7_vote_structure,S3_current,common_all_sets,SPY|QQQ|SMH|SOXL,4,100,1333,2021-04-27,2026-08-17,pairwise_correlation,QQQ,SOXL,0.5378283189341158
7_vote_structure,S3_current,common_all_sets,SPY|QQQ|SMH|SOXL,4,100,1333,2021-04-27,2026-08-17,pairwise_correlation,SMH,SOXL,0.6854554577809502
7_vote_structure,S3_current,common_all_sets,SPY|QQQ|SMH|SOXL,4,100,1333,2021-04-27,2026-08-17,vote_count_fraction,0,,0.19579894973743436
7_vote_structure,S3_current,common_all_sets,SPY|QQQ|SMH|SOXL,4,100,1333,2021-04-27,2026-08-17,vote_count_n,0,,261.0
7_vote_structure,S3_current,common_all_sets,SPY|QQQ|SMH|SOXL,4,100,1333,2021-04-27,2026-08-17,vote_count_fraction,1,,0.03150787696924231
7_vote_structure,S3_current,common_all_sets,SPY|QQQ|SMH|SOXL,4,100,1333,2021-04-27,2026-08-17,vote_count_n,1,,42.0
7_vote_structure,S3_current,common_all_sets,SPY|QQQ|SMH|SOXL,4,100,1333,2021-04-27,2026-08-17,vote_count_fraction,2,,0.08852213053263316
7_vote_structure,S3_current,common_all_sets,SPY|QQQ|SMH|SOXL,4,100,1333,2021-04-27,2026-08-17,vote_count_n,2,,118.0
7_vote_structure,S3_current,common_all_sets,SPY|QQQ|SMH|SOXL,4,100,1333,2021-04-27,2026-08-17,vote_count_fraction,3,,0.16504126031507876
7_vote_structure,S3_current,common_all_sets,SPY|QQQ|SMH|SOXL,4,100,1333,2021-04-27,2026-08-17,vote_count_n,3,,220.0
7_vote_structure,S3_current,common_all_sets,SPY|QQQ|SMH|SOXL,4,100,1333,2021-04-27,2026-08-17,vote_count_fraction,4,,0.5191297824456114
7_vote_structure,S3_current,common_all_sets,SPY|QQQ|SMH|SOXL,4,100,1333,2021-04-27,2026-08-17,vote_count_n,4,,692.0
7_vote_structure,S3_current,common_all_sets,SPY|QQQ|SMH|SOXL,4,100,1333,2021-04-27,2026-08-17,effective_independent_votes,,,1.6935457621909458
7_vote_structure,S3_current,common_all_sets,SPY|QQQ|SMH|SOXL,4,100,1333,2021-04-27,2026-08-17,mean_vote_count,,,2.7801950487621907
7_vote_structure,S3_current,common_all_sets,SPY|QQQ|SMH|SOXL,4,100,1333,2021-04-27,2026-08-17,frac_bull,1,,0.8042010502625656
7_vote_structure,S3_current,common_all_sets,SPY|QQQ|SMH|SOXL,4,100,1333,2021-04-27,2026-08-17,flip_fraction_leave_one_out,1,SPY,0.0172543135783946
7_vote_structure,S3_current,common_all_sets,SPY|QQQ|SMH|SOXL,4,100,1333,2021-04-27,2026-08-17,flip_count_leave_one_out,1,SPY,23.0
7_vote_structure,S3_current,common_all_sets,SPY|QQQ|SMH|SOXL,4,100,1333,2021-04-27,2026-08-17,flip_fraction_leave_one_out,1,QQQ,0.00450112528132033
7_vote_structure,S3_current,common_all_sets,SPY|QQQ|SMH|SOXL,4,100,1333,2021-04-27,2026-08-17,flip_count_leave_one_out,1,QQQ,6.0
7_vote_structure,S3_current,common_all_sets,SPY|QQQ|SMH|SOXL,4,100,1333,2021-04-27,2026-08-17,flip_fraction_leave_one_out,1,SMH,0.009752438109527382
7_vote_structure,S3_current,common_all_sets,SPY|QQQ|SMH|SOXL,4,100,1333,2021-04-27,2026-08-17,flip_count_leave_one_out,1,SMH,13.0
7_vote_structure,S3_current,common_all_sets,SPY|QQQ|SMH|SOXL,4,100,1333,2021-04-27,2026-08-17,flip_fraction_leave_one_out,1,SOXL,0.0
7_vote_structure,S3_current,common_all_sets,SPY|QQQ|SMH|SOXL,4,100,1333,2021-04-27,2026-08-17,flip_count_leave_one_out,1,SOXL,0.0
7_vote_structure,S3_current,common_all_sets,SPY|QQQ|SMH|SOXL,4,100,1333,2021-04-27,2026-08-17,frac_bull,2,,0.7726931732933233
7_vote_structure,S3_current,common_all_sets,SPY|QQQ|SMH|SOXL,4,100,1333,2021-04-27,2026-08-17,flip_fraction_leave_one_out,2,SPY,0.07051762940735183
7_vote_structure,S3_current,common_all_sets,SPY|QQQ|SMH|SOXL,4,100,1333,2021-04-27,2026-08-17,flip_count_leave_one_out,2,SPY,94.0
7_vote_structure,S3_current,common_all_sets,SPY|QQQ|SMH|SOXL,4,100,1333,2021-04-27,2026-08-17,flip_fraction_leave_one_out,2,QQQ,0.05776444111027757
7_vote_structure,S3_current,common_all_sets,SPY|QQQ|SMH|SOXL,4,100,1333,2021-04-27,2026-08-17,flip_count_leave_one_out,2,QQQ,77.0
7_vote_structure,S3_current,common_all_sets,SPY|QQQ|SMH|SOXL,4,100,1333,2021-04-27,2026-08-17,flip_fraction_leave_one_out,2,SMH,0.03675918979744936
7_vote_structure,S3_current,common_all_sets,SPY|QQQ|SMH|SOXL,4,100,1333,2021-04-27,2026-08-17,flip_count_leave_one_out,2,SMH,49.0
7_vote_structure,S3_current,common_all_sets,SPY|QQQ|SMH|SOXL,4,100,1333,2021-04-27,2026-08-17,flip_fraction_leave_one_out,2,SOXL,0.012003000750187547
7_vote_structure,S3_current,common_all_sets,SPY|QQQ|SMH|SOXL,4,100,1333,2021-04-27,2026-08-17,flip_count_leave_one_out,2,SOXL,16.0
7_vote_structure,S3_current,common_all_sets,SPY|QQQ|SMH|SOXL,4,100,1333,2021-04-27,2026-08-17,frac_bull,3,,0.6841710427606902
7_vote_structure,S3_current,common_all_sets,SPY|QQQ|SMH|SOXL,4,100,1333,2021-04-27,2026-08-17,flip_fraction_leave_one_out,3,SPY,0.15978994748687173
7_vote_structure,S3_current,common_all_sets,SPY|QQQ|SMH|SOXL,4,100,1333,2021-04-27,2026-08-17,flip_count_leave_one_out,3,SPY,213.0
7_vote_structure,S3_current,common_all_sets,SPY|QQQ|SMH|SOXL,4,100,1333,2021-04-27,2026-08-17,flip_fraction_leave_one_out,3,QQQ,0.14103525881470366
7_vote_structure,S3_current,common_all_sets,SPY|QQQ|SMH|SOXL,4,100,1333,2021-04-27,2026-08-17,flip_count_leave_one_out,3,QQQ,188.0
7_vote_structure,S3_current,common_all_sets,SPY|QQQ|SMH|SOXL,4,100,1333,2021-04-27,2026-08-17,flip_fraction_leave_one_out,3,SMH,0.16504126031507876
7_vote_structure,S3_current,common_all_sets,SPY|QQQ|SMH|SOXL,4,100,1333,2021-04-27,2026-08-17,flip_count_leave_one_out,3,SMH,220.0
7_vote_structure,S3_current,common_all_sets,SPY|QQQ|SMH|SOXL,4,100,1333,2021-04-27,2026-08-17,flip_fraction_leave_one_out,3,SOXL,0.029257314328582147
7_vote_structure,S3_current,common_all_sets,SPY|QQQ|SMH|SOXL,4,100,1333,2021-04-27,2026-08-17,flip_count_leave_one_out,3,SOXL,39.0
7_vote_structure,S3_current,common_all_sets,SPY|QQQ|SMH|SOXL,4,100,1333,2021-04-27,2026-08-17,frac_bull,4,,0.5191297824456114
7_vote_structure,S3_current,common_all_sets,SPY|QQQ|SMH|SOXL,4,100,1333,2021-04-27,2026-08-17,flip_fraction_leave_one_out,4,SPY,0.5191297824456114
7_vote_structure,S3_current,common_all_sets,SPY|QQQ|SMH|SOXL,4,100,1333,2021-04-27,2026-08-17,flip_count_leave_one_out,4,SPY,692.0
7_vote_structure,S3_current,common_all_sets,SPY|QQQ|SMH|SOXL,4,100,1333,2021-04-27,2026-08-17,flip_fraction_leave_one_out,4,QQQ,0.5191297824456114
7_vote_structure,S3_current,common_all_sets,SPY|QQQ|SMH|SOXL,4,100,1333,2021-04-27,2026-08-17,flip_count_leave_one_out,4,QQQ,692.0
7_vote_structure,S3_current,common_all_sets,SPY|QQQ|SMH|SOXL,4,100,1333,2021-04-27,2026-08-17,flip_fraction_leave_one_out,4,SMH,0.5191297824456114
7_vote_structure,S3_current,common_all_sets,SPY|QQQ|SMH|SOXL,4,100,1333,2021-04-27,2026-08-17,flip_count_leave_one_out,4,SMH,692.0
7_vote_structure,S3_current,common_all_sets,SPY|QQQ|SMH|SOXL,4,100,1333,2021-04-27,2026-08-17,flip_fraction_leave_one_out,4,SOXL,0.5191297824456114
7_vote_structure,S3_current,common_all_sets,SPY|QQQ|SMH|SOXL,4,100,1333,2021-04-27,2026-08-17,flip_count_leave_one_out,4,SOXL,692.0
7_vote_structure,S3_current,native,SPY|QQQ|SMH|SOXL,4,150,3985,2010-10-12,2026-08-17,pairwise_agreement,SPY,QQQ,0.9377666248431619
7_vote_structure,S3_current,native,SPY|QQQ|SMH|SOXL,4,150,3985,2010-10-12,2026-08-17,pairwise_agreement,SPY,SMH,0.9008782936010038
7_vote_structure,S3_current,native,SPY|QQQ|SMH|SOXL,4,150,3985,2010-10-12,2026-08-17,pairwise_agreement,SPY,SOXL,0.8107904642409034
7_vote_structure,S3_current,native,SPY|QQQ|SMH|SOXL,4,150,3985,2010-10-12,2026-08-17,pairwise_agreement,QQQ,SMH,0.8938519447929737
7_vote_structure,S3_current,native,SPY|QQQ|SMH|SOXL,4,150,3985,2010-10-12,2026-08-17,pairwise_agreement,QQQ,SOXL,0.8082810539523212
7_vote_structure,S3_current,native,SPY|QQQ|SMH|SOXL,4,150,3985,2010-10-12,2026-08-17,pairwise_agreement,SMH,SOXL,0.8803011292346299
7_vote_structure,S3_current,native,SPY|QQQ|SMH|SOXL,4,150,3985,2010-10-12,2026-08-17,pairwise_correlation,SPY,QQQ,0.7702236293174634
7_vote_structure,S3_current,native,SPY|QQQ|SMH|SOXL,4,150,3985,2010-10-12,2026-08-17,pairwise_correlation,SPY,SMH,0.6873218248482024
7_vote_structure,S3_current,native,SPY|QQQ|SMH|SOXL,4,150,3985,2010-10-12,2026-08-17,pairwise_correlation,SPY,SOXL,0.5741763082011031
7_vote_structure,S3_current,native,SPY|QQQ|SMH|SOXL,4,150,3985,2010-10-12,2026-08-17,pairwise_correlation,QQQ,SMH,0.6651410063778607
7_vote_structure,S3_current,native,SPY|QQQ|SMH|SOXL,4,150,3985,2010-10-12,2026-08-17,pairwise_correlation,QQQ,SOXL,0.5643379668173925
7_vote_structure,S3_current,native,SPY|QQQ|SMH|SOXL,4,150,3985,2010-10-12,2026-08-17,pairwise_correlation,SMH,SOXL,0.7378770245799988
7_vote_structure,S3_current,native,SPY|QQQ|SMH|SOXL,4,150,3985,2010-10-12,2026-08-17,vote_count_fraction,0,,0.12170639899623588
7_vote_structure,S3_current,native,SPY|QQQ|SMH|SOXL,4,150,3985,2010-10-12,2026-08-17,vote_count_n,0,,485.0
7_vote_structure,S3_current,native,SPY|QQQ|SMH|SOXL,4,150,3985,2010-10-12,2026-08-17,vote_count_fraction,1,,0.034629861982434125
7_vote_structure,S3_current,native,SPY|QQQ|SMH|SOXL,4,150,3985,2010-10-12,2026-08-17,vote_count_n,1,,138.0
7_vote_structure,S3_current,native,SPY|QQQ|SMH|SOXL,4,150,3985,2010-10-12,2026-08-17,vote_count_fraction,2,,0.09058971141781681
7_vote_structure,S3_current,native,SPY|QQQ|SMH|SOXL,4,150,3985,2010-10-12,2026-08-17,vote_count_n,2,,361.0
7_vote_structure,S3_current,native,SPY|QQQ|SMH|SOXL,4,150,3985,2010-10-12,2026-08-17,vote_count_fraction,3,,0.10062735257214554
7_vote_structure,S3_current,native,SPY|QQQ|SMH|SOXL,4,150,3985,2010-10-12,2026-08-17,vote_count_n,3,,401.0
7_vote_structure,S3_current,native,SPY|QQQ|SMH|SOXL,4,150,3985,2010-10-12,2026-08-17,vote_count_fraction,4,,0.6524466750313677
7_vote_structure,S3_current,native,SPY|QQQ|SMH|SOXL,4,150,3985,2010-10-12,2026-08-17,vote_count_n,4,,2600.0
7_vote_structure,S3_current,native,SPY|QQQ|SMH|SOXL,4,150,3985,2010-10-12,2026-08-17,effective_independent_votes,,,1.701879052873251
7_vote_structure,S3_current,native,SPY|QQQ|SMH|SOXL,4,150,3985,2010-10-12,2026-08-17,mean_vote_count,,,3.127478042659975
7_vote_structure,S3_current,native,SPY|QQQ|SMH|SOXL,4,150,3985,2010-10-12,2026-08-17,frac_bull,1,,0.8782936010037641
7_vote_structure,S3_current,native,SPY|QQQ|SMH|SOXL,4,150,3985,2010-10-12,2026-08-17,flip_fraction_leave_one_out,1,SPY,0.014805520702634882
7_vote_structure,S3_current,native,SPY|QQQ|SMH|SOXL,4,150,3985,2010-10-12,2026-08-17,flip_count_leave_one_out,1,SPY,59.0
7_vote_structure,S3_current,native,SPY|QQQ|SMH|SOXL,4,150,3985,2010-10-12,2026-08-17,flip_fraction_leave_one_out,1,QQQ,0.015558343789209535
7_vote_structure,S3_current,native,SPY|QQQ|SMH|SOXL,4,150,3985,2010-10-12,2026-08-17,flip_count_leave_one_out,1,QQQ,62.0
7_vote_structure,S3_current,native,SPY|QQQ|SMH|SOXL,4,150,3985,2010-10-12,2026-08-17,flip_fraction_leave_one_out,1,SMH,0.004265997490589712
7_vote_structure,S3_current,native,SPY|QQQ|SMH|SOXL,4,150,3985,2010-10-12,2026-08-17,flip_count_leave_one_out,1,SMH,17.0
7_vote_structure,S3_current,native,SPY|QQQ|SMH|SOXL,4,150,3985,2010-10-12,2026-08-17,flip_fraction_leave_one_out,1,SOXL,0.0
7_vote_structure,S3_current,native,SPY|QQQ|SMH|SOXL,4,150,3985,2010-10-12,2026-08-17,flip_count_leave_one_out,1,SOXL,0.0
7_vote_structure,S3_current,native,SPY|QQQ|SMH|SOXL,4,150,3985,2010-10-12,2026-08-17,frac_bull,2,,0.84366373902133
7_vote_structure,S3_current,native,SPY|QQQ|SMH|SOXL,4,150,3985,2010-10-12,2026-08-17,flip_fraction_leave_one_out,2,SPY,0.07578419071518193
7_vote_structure,S3_current,native,SPY|QQQ|SMH|SOXL,4,150,3985,2010-10-12,2026-08-17,flip_count_leave_one_out,2,SPY,302.0
7_vote_structure,S3_current,native,SPY|QQQ|SMH|SOXL,4,150,3985,2010-10-12,2026-08-17,flip_fraction_leave_one_out,2,QQQ,0.07352572145545797
7_vote_structure,S3_current,native,SPY|QQQ|SMH|SOXL,4,150,3985,2010-10-12,2026-08-17,flip_count_leave_one_out,2,QQQ,293.0
7_vote_structure,S3_current,native,SPY|QQQ|SMH|SOXL,4,150,3985,2010-10-12,2026-08-17,flip_fraction_leave_one_out,2,SMH,0.027603513174404015
7_vote_structure,S3_current,native,SPY|QQQ|SMH|SOXL,4,150,3985,2010-10-12,2026-08-17,flip_count_leave_one_out,2,SMH,110.0
7_vote_structure,S3_current,native,SPY|QQQ|SMH|SOXL,4,150,3985,2010-10-12,2026-08-17,flip_fraction_leave_one_out,2,SOXL,0.004265997490589712
7_vote_structure,S3_current,native,SPY|QQQ|SMH|SOXL,4,150,3985,2010-10-12,2026-08-17,flip_count_leave_one_out,2,SOXL,17.0
7_vote_structure,S3_current,native,SPY|QQQ|SMH|SOXL,4,150,3985,2010-10-12,2026-08-17,frac_bull,3,,0.7530740276035132
7_vote_structure,S3_current,native,SPY|QQQ|SMH|SOXL,4,150,3985,2010-10-12,2026-08-17,flip_fraction_leave_one_out,3,SPY,0.09836888331242158
7_vote_structure,S3_current,native,SPY|QQQ|SMH|SOXL,4,150,3985,2010-10-12,2026-08-17,flip_count_leave_one_out,3,SPY,392.0
7_vote_structure,S3_current,native,SPY|QQQ|SMH|SOXL,4,150,3985,2010-10-12,2026-08-17,flip_fraction_leave_one_out,3,QQQ,0.09435382685069009
7_vote_structure,S3_current,native,SPY|QQQ|SMH|SOXL,4,150,3985,2010-10-12,2026-08-17,flip_count_leave_one_out,3,QQQ,376.0
7_vote_structure,S3_current,native,SPY|QQQ|SMH|SOXL,4,150,3985,2010-10-12,2026-08-17,flip_fraction_leave_one_out,3,SMH,0.10062735257214554
7_vote_structure,S3_current,native,SPY|QQQ|SMH|SOXL,4,150,3985,2010-10-12,2026-08-17,flip_count_leave_one_out,3,SMH,401.0
7_vote_structure,S3_current,native,SPY|QQQ|SMH|SOXL,4,150,3985,2010-10-12,2026-08-17,flip_fraction_leave_one_out,3,SOXL,0.008531994981179424
7_vote_structure,S3_current,native,SPY|QQQ|SMH|SOXL,4,150,3985,2010-10-12,2026-08-17,flip_count_leave_one_out,3,SOXL,34.0
7_vote_structure,S3_current,native,SPY|QQQ|SMH|SOXL,4,150,3985,2010-10-12,2026-08-17,frac_bull,4,,0.6524466750313677
7_vote_structure,S3_current,native,SPY|QQQ|SMH|SOXL,4,150,3985,2010-10-12,2026-08-17,flip_fraction_leave_one_out,4,SPY,0.6524466750313677
7_vote_structure,S3_current,native,SPY|QQQ|SMH|SOXL,4,150,3985,2010-10-12,2026-08-17,flip_count_leave_one_out,4,SPY,2600.0
7_vote_structure,S3_current,native,SPY|QQQ|SMH|SOXL,4,150,3985,2010-10-12,2026-08-17,flip_fraction_leave_one_out,4,QQQ,0.6524466750313677
7_vote_structure,S3_current,native,SPY|QQQ|SMH|SOXL,4,150,3985,2010-10-12,2026-08-17,flip_count_leave_one_out,4,QQQ,2600.0
7_vote_structure,S3_current,native,SPY|QQQ|SMH|SOXL,4,150,3985,2010-10-12,2026-08-17,flip_fraction_leave_one_out,4,SMH,0.6524466750313677
7_vote_structure,S3_current,native,SPY|QQQ|SMH|SOXL,4,150,3985,2010-10-12,2026-08-17,flip_count_leave_one_out,4,SMH,2600.0
7_vote_structure,S3_current,native,SPY|QQQ|SMH|SOXL,4,150,3985,2010-10-12,2026-08-17,flip_fraction_leave_one_out,4,SOXL,0.6524466750313677
7_vote_structure,S3_current,native,SPY|QQQ|SMH|SOXL,4,150,3985,2010-10-12,2026-08-17,flip_count_leave_one_out,4,SOXL,2600.0
7_vote_structure,S3_current,common_with_S3,SPY|QQQ|SMH|SOXL,4,150,3985,2010-10-12,2026-08-17,pairwise_agreement,SPY,QQQ,0.9377666248431619
7_vote_structure,S3_current,common_with_S3,SPY|QQQ|SMH|SOXL,4,150,3985,2010-10-12,2026-08-17,pairwise_agreement,SPY,SMH,0.9008782936010038
7_vote_structure,S3_current,common_with_S3,SPY|QQQ|SMH|SOXL,4,150,3985,2010-10-12,2026-08-17,pairwise_agreement,SPY,SOXL,0.8107904642409034
7_vote_structure,S3_current,common_with_S3,SPY|QQQ|SMH|SOXL,4,150,3985,2010-10-12,2026-08-17,pairwise_agreement,QQQ,SMH,0.8938519447929737
7_vote_structure,S3_current,common_with_S3,SPY|QQQ|SMH|SOXL,4,150,3985,2010-10-12,2026-08-17,pairwise_agreement,QQQ,SOXL,0.8082810539523212
7_vote_structure,S3_current,common_with_S3,SPY|QQQ|SMH|SOXL,4,150,3985,2010-10-12,2026-08-17,pairwise_agreement,SMH,SOXL,0.8803011292346299
7_vote_structure,S3_current,common_with_S3,SPY|QQQ|SMH|SOXL,4,150,3985,2010-10-12,2026-08-17,pairwise_correlation,SPY,QQQ,0.7702236293174634
7_vote_structure,S3_current,common_with_S3,SPY|QQQ|SMH|SOXL,4,150,3985,2010-10-12,2026-08-17,pairwise_correlation,SPY,SMH,0.6873218248482024
7_vote_structure,S3_current,common_with_S3,SPY|QQQ|SMH|SOXL,4,150,3985,2010-10-12,2026-08-17,pairwise_correlation,SPY,SOXL,0.5741763082011031
7_vote_structure,S3_current,common_with_S3,SPY|QQQ|SMH|SOXL,4,150,3985,2010-10-12,2026-08-17,pairwise_correlation,QQQ,SMH,0.6651410063778607
7_vote_structure,S3_current,common_with_S3,SPY|QQQ|SMH|SOXL,4,150,3985,2010-10-12,2026-08-17,pairwise_correlation,QQQ,SOXL,0.5643379668173925
7_vote_structure,S3_current,common_with_S3,SPY|QQQ|SMH|SOXL,4,150,3985,2010-10-12,2026-08-17,pairwise_correlation,SMH,SOXL,0.7378770245799988
7_vote_structure,S3_current,common_with_S3,SPY|QQQ|SMH|SOXL,4,150,3985,2010-10-12,2026-08-17,vote_count_fraction,0,,0.12170639899623588
7_vote_structure,S3_current,common_with_S3,SPY|QQQ|SMH|SOXL,4,150,3985,2010-10-12,2026-08-17,vote_count_n,0,,485.0
7_vote_structure,S3_current,common_with_S3,SPY|QQQ|SMH|SOXL,4,150,3985,2010-10-12,2026-08-17,vote_count_fraction,1,,0.034629861982434125
7_vote_structure,S3_current,common_with_S3,SPY|QQQ|SMH|SOXL,4,150,3985,2010-10-12,2026-08-17,vote_count_n,1,,138.0
7_vote_structure,S3_current,common_with_S3,SPY|QQQ|SMH|SOXL,4,150,3985,2010-10-12,2026-08-17,vote_count_fraction,2,,0.09058971141781681
7_vote_structure,S3_current,common_with_S3,SPY|QQQ|SMH|SOXL,4,150,3985,2010-10-12,2026-08-17,vote_count_n,2,,361.0
7_vote_structure,S3_current,common_with_S3,SPY|QQQ|SMH|SOXL,4,150,3985,2010-10-12,2026-08-17,vote_count_fraction,3,,0.10062735257214554
7_vote_structure,S3_current,common_with_S3,SPY|QQQ|SMH|SOXL,4,150,3985,2010-10-12,2026-08-17,vote_count_n,3,,401.0
7_vote_structure,S3_current,common_with_S3,SPY|QQQ|SMH|SOXL,4,150,3985,2010-10-12,2026-08-17,vote_count_fraction,4,,0.6524466750313677
7_vote_structure,S3_current,common_with_S3,SPY|QQQ|SMH|SOXL,4,150,3985,2010-10-12,2026-08-17,vote_count_n,4,,2600.0
7_vote_structure,S3_current,common_with_S3,SPY|QQQ|SMH|SOXL,4,150,3985,2010-10-12,2026-08-17,effective_independent_votes,,,1.701879052873251
7_vote_structure,S3_current,common_with_S3,SPY|QQQ|SMH|SOXL,4,150,3985,2010-10-12,2026-08-17,mean_vote_count,,,3.127478042659975
7_vote_structure,S3_current,common_with_S3,SPY|QQQ|SMH|SOXL,4,150,3985,2010-10-12,2026-08-17,frac_bull,1,,0.8782936010037641
7_vote_structure,S3_current,common_with_S3,SPY|QQQ|SMH|SOXL,4,150,3985,2010-10-12,2026-08-17,flip_fraction_leave_one_out,1,SPY,0.014805520702634882
7_vote_structure,S3_current,common_with_S3,SPY|QQQ|SMH|SOXL,4,150,3985,2010-10-12,2026-08-17,flip_count_leave_one_out,1,SPY,59.0
7_vote_structure,S3_current,common_with_S3,SPY|QQQ|SMH|SOXL,4,150,3985,2010-10-12,2026-08-17,flip_fraction_leave_one_out,1,QQQ,0.015558343789209535
7_vote_structure,S3_current,common_with_S3,SPY|QQQ|SMH|SOXL,4,150,3985,2010-10-12,2026-08-17,flip_count_leave_one_out,1,QQQ,62.0
7_vote_structure,S3_current,common_with_S3,SPY|QQQ|SMH|SOXL,4,150,3985,2010-10-12,2026-08-17,flip_fraction_leave_one_out,1,SMH,0.004265997490589712
7_vote_structure,S3_current,common_with_S3,SPY|QQQ|SMH|SOXL,4,150,3985,2010-10-12,2026-08-17,flip_count_leave_one_out,1,SMH,17.0
7_vote_structure,S3_current,common_with_S3,SPY|QQQ|SMH|SOXL,4,150,3985,2010-10-12,2026-08-17,flip_fraction_leave_one_out,1,SOXL,0.0
7_vote_structure,S3_current,common_with_S3,SPY|QQQ|SMH|SOXL,4,150,3985,2010-10-12,2026-08-17,flip_count_leave_one_out,1,SOXL,0.0
7_vote_structure,S3_current,common_with_S3,SPY|QQQ|SMH|SOXL,4,150,3985,2010-10-12,2026-08-17,frac_bull,2,,0.84366373902133
7_vote_structure,S3_current,common_with_S3,SPY|QQQ|SMH|SOXL,4,150,3985,2010-10-12,2026-08-17,flip_fraction_leave_one_out,2,SPY,0.07578419071518193
7_vote_structure,S3_current,common_with_S3,SPY|QQQ|SMH|SOXL,4,150,3985,2010-10-12,2026-08-17,flip_count_leave_one_out,2,SPY,302.0
7_vote_structure,S3_current,common_with_S3,SPY|QQQ|SMH|SOXL,4,150,3985,2010-10-12,2026-08-17,flip_fraction_leave_one_out,2,QQQ,0.07352572145545797
7_vote_structure,S3_current,common_with_S3,SPY|QQQ|SMH|SOXL,4,150,3985,2010-10-12,2026-08-17,flip_count_leave_one_out,2,QQQ,293.0
7_vote_structure,S3_current,common_with_S3,SPY|QQQ|SMH|SOXL,4,150,3985,2010-10-12,2026-08-17,flip_fraction_leave_one_out,2,SMH,0.027603513174404015
7_vote_structure,S3_current,common_with_S3,SPY|QQQ|SMH|SOXL,4,150,3985,2010-10-12,2026-08-17,flip_count_leave_one_out,2,SMH,110.0
7_vote_structure,S3_current,common_with_S3,SPY|QQQ|SMH|SOXL,4,150,3985,2010-10-12,2026-08-17,flip_fraction_leave_one_out,2,SOXL,0.004265997490589712
7_vote_structure,S3_current,common_with_S3,SPY|QQQ|SMH|SOXL,4,150,3985,2010-10-12,2026-08-17,flip_count_leave_one_out,2,SOXL,17.0
7_vote_structure,S3_current,common_with_S3,SPY|QQQ|SMH|SOXL,4,150,3985,2010-10-12,2026-08-17,frac_bull,3,,0.7530740276035132
7_vote_structure,S3_current,common_with_S3,SPY|QQQ|SMH|SOXL,4,150,3985,2010-10-12,2026-08-17,flip_fraction_leave_one_out,3,SPY,0.09836888331242158
7_vote_structure,S3_current,common_with_S3,SPY|QQQ|SMH|SOXL,4,150,3985,2010-10-12,2026-08-17,flip_count_leave_one_out,3,SPY,392.0
7_vote_structure,S3_current,common_with_S3,SPY|QQQ|SMH|SOXL,4,150,3985,2010-10-12,2026-08-17,flip_fraction_leave_one_out,3,QQQ,0.09435382685069009
7_vote_structure,S3_current,common_with_S3,SPY|QQQ|SMH|SOXL,4,150,3985,2010-10-12,2026-08-17,flip_count_leave_one_out,3,QQQ,376.0
7_vote_structure,S3_current,common_with_S3,SPY|QQQ|SMH|SOXL,4,150,3985,2010-10-12,2026-08-17,flip_fraction_leave_one_out,3,SMH,0.10062735257214554
7_vote_structure,S3_current,common_with_S3,SPY|QQQ|SMH|SOXL,4,150,3985,2010-10-12,2026-08-17,flip_count_leave_one_out,3,SMH,401.0
7_vote_structure,S3_current,common_with_S3,SPY|QQQ|SMH|SOXL,4,150,3985,2010-10-12,2026-08-17,flip_fraction_leave_one_out,3,SOXL,0.008531994981179424
7_vote_structure,S3_current,common_with_S3,SPY|QQQ|SMH|SOXL,4,150,3985,2010-10-12,2026-08-17,flip_count_leave_one_out,3,SOXL,34.0
7_vote_structure,S3_current,common_with_S3,SPY|QQQ|SMH|SOXL,4,150,3985,2010-10-12,2026-08-17,frac_bull,4,,0.6524466750313677
7_vote_structure,S3_current,common_with_S3,SPY|QQQ|SMH|SOXL,4,150,3985,2010-10-12,2026-08-17,flip_fraction_leave_one_out,4,SPY,0.6524466750313677
7_vote_structure,S3_current,common_with_S3,SPY|QQQ|SMH|SOXL,4,150,3985,2010-10-12,2026-08-17,flip_count_leave_one_out,4,SPY,2600.0
7_vote_structure,S3_current,common_with_S3,SPY|QQQ|SMH|SOXL,4,150,3985,2010-10-12,2026-08-17,flip_fraction_leave_one_out,4,QQQ,0.6524466750313677
7_vote_structure,S3_current,common_with_S3,SPY|QQQ|SMH|SOXL,4,150,3985,2010-10-12,2026-08-17,flip_count_leave_one_out,4,QQQ,2600.0
7_vote_structure,S3_current,common_with_S3,SPY|QQQ|SMH|SOXL,4,150,3985,2010-10-12,2026-08-17,flip_fraction_leave_one_out,4,SMH,0.6524466750313677
7_vote_structure,S3_current,common_with_S3,SPY|QQQ|SMH|SOXL,4,150,3985,2010-10-12,2026-08-17,flip_count_leave_one_out,4,SMH,2600.0
7_vote_structure,S3_current,common_with_S3,SPY|QQQ|SMH|SOXL,4,150,3985,2010-10-12,2026-08-17,flip_fraction_leave_one_out,4,SOXL,0.6524466750313677
7_vote_structure,S3_current,common_with_S3,SPY|QQQ|SMH|SOXL,4,150,3985,2010-10-12,2026-08-17,flip_count_leave_one_out,4,SOXL,2600.0
7_vote_structure,S3_current,common_all_sets,SPY|QQQ|SMH|SOXL,4,150,1283,2021-07-08,2026-08-17,pairwise_agreement,SPY,QQQ,0.946219797349961
7_vote_structure,S3_current,common_all_sets,SPY|QQQ|SMH|SOXL,4,150,1283,2021-07-08,2026-08-17,pairwise_agreement,SPY,SMH,0.9220576773187841
7_vote_structure,S3_current,common_all_sets,SPY|QQQ|SMH|SOXL,4,150,1283,2021-07-08,2026-08-17,pairwise_agreement,SPY,SOXL,0.7661730319563523
7_vote_structure,S3_current,common_all_sets,SPY|QQQ|SMH|SOXL,4,150,1283,2021-07-08,2026-08-17,pairwise_agreement,QQQ,SMH,0.911925175370226
7_vote_structure,S3_current,common_all_sets,SPY|QQQ|SMH|SOXL,4,150,1283,2021-07-08,2026-08-17,pairwise_agreement,QQQ,SOXL,0.7981293842556508
7_vote_structure,S3_current,common_all_sets,SPY|QQQ|SMH|SOXL,4,150,1283,2021-07-08,2026-08-17,pairwise_agreement,SMH,SOXL,0.8269680436477007
7_vote_structure,S3_current,common_all_sets,SPY|QQQ|SMH|SOXL,4,150,1283,2021-07-08,2026-08-17,pairwise_correlation,SPY,QQQ,0.8541518732946359
7_vote_structure,S3_current,common_all_sets,SPY|QQQ|SMH|SOXL,4,150,1283,2021-07-08,2026-08-17,pairwise_correlation,SPY,SMH,0.7815686496040829
7_vote_structure,S3_current,common_all_sets,SPY|QQQ|SMH|SOXL,4,150,1283,2021-07-08,2026-08-17,pairwise_correlation,SPY,SOXL,0.5386496664087369
7_vote_structure,S3_current,common_all_sets,SPY|QQQ|SMH|SOXL,4,150,1283,2021-07-08,2026-08-17,pairwise_correlation,QQQ,SMH,0.7632531354358215
7_vote_structure,S3_current,common_all_sets,SPY|QQQ|SMH|SOXL,4,150,1283,2021-07-08,2026-08-17,pairwise_correlation,QQQ,SOXL,0.5990970195053658
7_vote_structure,S3_current,common_all_sets,SPY|QQQ|SMH|SOXL,4,150,1283,2021-07-08,2026-08-17,pairwise_correlation,SMH,SOXL,0.6709869740384009
7_vote_structure,S3_current,common_all_sets,SPY|QQQ|SMH|SOXL,4,150,1283,2021-07-08,2026-08-17,vote_count_fraction,0,,0.18706157443491817
7_vote_structure,S3_current,common_all_sets,SPY|QQQ|SMH|SOXL,4,150,1283,2021-07-08,2026-08-17,vote_count_n,0,,240.0
7_vote_structure,S3_current,common_all_sets,SPY|QQQ|SMH|SOXL,4,150,1283,2021-07-08,2026-08-17,vote_count_fraction,1,,0.02338269680436477
7_vote_structure,S3_current,common_all_sets,SPY|QQQ|SMH|SOXL,4,150,1283,2021-07-08,2026-08-17,vote_count_n,1,,30.0
7_vote_structure,S3_current,common_all_sets,SPY|QQQ|SMH|SOXL,4,150,1283,2021-07-08,2026-08-17,vote_count_fraction,2,,0.0779423226812159
7_vote_structure,S3_current,common_all_sets,SPY|QQQ|SMH|SOXL,4,150,1283,2021-07-08,2026-08-17,vote_count_n,2,,100.0
7_vote_structure,S3_current,common_all_sets,SPY|QQQ|SMH|SOXL,4,150,1283,2021-07-08,2026-08-17,vote_count_fraction,3,,0.14886983632112236
7_vote_structure,S3_current,common_all_sets,SPY|QQQ|SMH|SOXL,4,150,1283,2021-07-08,2026-08-17,vote_count_n,3,,191.0
7_vote_structure,S3_current,common_all_sets,SPY|QQQ|SMH|SOXL,4,150,1283,2021-07-08,2026-08-17,vote_count_fraction,4,,0.5627435697583788
7_vote_structure,S3_current,common_all_sets,SPY|QQQ|SMH|SOXL,4,150,1283,2021-07-08,2026-08-17,vote_count_n,4,,722.0
7_vote_structure,S3_current,common_all_sets,SPY|QQQ|SMH|SOXL,4,150,1283,2021-07-08,2026-08-17,effective_independent_votes,,,1.5929069298603393
7_vote_structure,S3_current,common_all_sets,SPY|QQQ|SMH|SOXL,4,150,1283,2021-07-08,2026-08-17,mean_vote_count,,,2.8768511301636788
7_vote_structure,S3_current,common_all_sets,SPY|QQQ|SMH|SOXL,4,150,1283,2021-07-08,2026-08-17,frac_bull,1,,0.8129384255650819
7_vote_structure,S3_current,common_all_sets,SPY|QQQ|SMH|SOXL,4,150,1283,2021-07-08,2026-08-17,flip_fraction_leave_one_out,1,SPY,0.01558846453624318
7_vote_structure,S3_current,common_all_sets,SPY|QQQ|SMH|SOXL,4,150,1283,2021-07-08,2026-08-17,flip_count_leave_one_out,1,SPY,20.0
7_vote_structure,S3_current,common_all_sets,SPY|QQQ|SMH|SOXL,4,150,1283,2021-07-08,2026-08-17,flip_fraction_leave_one_out,1,QQQ,0.002338269680436477
7_vote_structure,S3_current,common_all_sets,SPY|QQQ|SMH|SOXL,4,150,1283,2021-07-08,2026-08-17,flip_count_leave_one_out,1,QQQ,3.0
7_vote_structure,S3_current,common_all_sets,SPY|QQQ|SMH|SOXL,4,150,1283,2021-07-08,2026-08-17,flip_fraction_leave_one_out,1,SMH,0.005455962587685113
7_vote_structure,S3_current,common_all_sets,SPY|QQQ|SMH|SOXL,4,150,1283,2021-07-08,2026-08-17,flip_count_leave_one_out,1,SMH,7.0
7_vote_structure,S3_current,common_all_sets,SPY|QQQ|SMH|SOXL,4,150,1283,2021-07-08,2026-08-17,flip_fraction_leave_one_out,1,SOXL,0.0
7_vote_structure,S3_current,common_all_sets,SPY|QQQ|SMH|SOXL,4,150,1283,2021-07-08,2026-08-17,flip_count_leave_one_out,1,SOXL,0.0
7_vote_structure,S3_current,common_all_sets,SPY|QQQ|SMH|SOXL,4,150,1283,2021-07-08,2026-08-17,frac_bull,2,,0.7895557287607171
7_vote_structure,S3_current,common_all_sets,SPY|QQQ|SMH|SOXL,4,150,1283,2021-07-08,2026-08-17,flip_fraction_leave_one_out,2,SPY,0.06157443491816056
7_vote_structure,S3_current,common_all_sets,SPY|QQQ|SMH|SOXL,4,150,1283,2021-07-08,2026-08-17,flip_count_leave_one_out,2,SPY,79.0
7_vote_structure,S3_current,common_all_sets,SPY|QQQ|SMH|SOXL,4,150,1283,2021-07-08,2026-08-17,flip_fraction_leave_one_out,2,QQQ,0.04053000779423227
7_vote_structure,S3_current,common_all_sets,SPY|QQQ|SMH|SOXL,4,150,1283,2021-07-08,2026-08-17,flip_count_leave_one_out,2,QQQ,52.0
7_vote_structure,S3_current,common_all_sets,SPY|QQQ|SMH|SOXL,4,150,1283,2021-07-08,2026-08-17,flip_fraction_leave_one_out,2,SMH,0.04053000779423227
7_vote_structure,S3_current,common_all_sets,SPY|QQQ|SMH|SOXL,4,150,1283,2021-07-08,2026-08-17,flip_count_leave_one_out,2,SMH,52.0
7_vote_structure,S3_current,common_all_sets,SPY|QQQ|SMH|SOXL,4,150,1283,2021-07-08,2026-08-17,flip_fraction_leave_one_out,2,SOXL,0.013250194855806703
7_vote_structure,S3_current,common_all_sets,SPY|QQQ|SMH|SOXL,4,150,1283,2021-07-08,2026-08-17,flip_count_leave_one_out,2,SOXL,17.0
7_vote_structure,S3_current,common_all_sets,SPY|QQQ|SMH|SOXL,4,150,1283,2021-07-08,2026-08-17,frac_bull,3,,0.7116134060795012
7_vote_structure,S3_current,common_all_sets,SPY|QQQ|SMH|SOXL,4,150,1283,2021-07-08,2026-08-17,flip_fraction_leave_one_out,3,SPY,0.14575214341387374
7_vote_structure,S3_current,common_all_sets,SPY|QQQ|SMH|SOXL,4,150,1283,2021-07-08,2026-08-17,flip_count_leave_one_out,3,SPY,187.0
7_vote_structure,S3_current,common_all_sets,SPY|QQQ|SMH|SOXL,4,150,1283,2021-07-08,2026-08-17,flip_fraction_leave_one_out,3,QQQ,0.14341387373343725
7_vote_structure,S3_current,common_all_sets,SPY|QQQ|SMH|SOXL,4,150,1283,2021-07-08,2026-08-17,flip_count_leave_one_out,3,QQQ,184.0
7_vote_structure,S3_current,common_all_sets,SPY|QQQ|SMH|SOXL,4,150,1283,2021-07-08,2026-08-17,flip_fraction_leave_one_out,3,SMH,0.14886983632112236
7_vote_structure,S3_current,common_all_sets,SPY|QQQ|SMH|SOXL,4,150,1283,2021-07-08,2026-08-17,flip_count_leave_one_out,3,SMH,191.0
7_vote_structure,S3_current,common_all_sets,SPY|QQQ|SMH|SOXL,4,150,1283,2021-07-08,2026-08-17,flip_fraction_leave_one_out,3,SOXL,0.00857365549493375
7_vote_structure,S3_current,common_all_sets,SPY|QQQ|SMH|SOXL,4,150,1283,2021-07-08,2026-08-17,flip_count_leave_one_out,3,SOXL,11.0
7_vote_structure,S3_current,common_all_sets,SPY|QQQ|SMH|SOXL,4,150,1283,2021-07-08,2026-08-17,frac_bull,4,,0.5627435697583788
7_vote_structure,S3_current,common_all_sets,SPY|QQQ|SMH|SOXL,4,150,1283,2021-07-08,2026-08-17,flip_fraction_leave_one_out,4,SPY,0.5627435697583788
7_vote_structure,S3_current,common_all_sets,SPY|QQQ|SMH|SOXL,4,150,1283,2021-07-08,2026-08-17,flip_count_leave_one_out,4,SPY,722.0
7_vote_structure,S3_current,common_all_sets,SPY|QQQ|SMH|SOXL,4,150,1283,2021-07-08,2026-08-17,flip_fraction_leave_one_out,4,QQQ,0.5627435697583788
7_vote_structure,S3_current,common_all_sets,SPY|QQQ|SMH|SOXL,4,150,1283,2021-07-08,2026-08-17,flip_count_leave_one_out,4,QQQ,722.0
7_vote_structure,S3_current,common_all_sets,SPY|QQQ|SMH|SOXL,4,150,1283,2021-07-08,2026-08-17,flip_fraction_leave_one_out,4,SMH,0.5627435697583788
7_vote_structure,S3_current,common_all_sets,SPY|QQQ|SMH|SOXL,4,150,1283,2021-07-08,2026-08-17,flip_count_leave_one_out,4,SMH,722.0
7_vote_structure,S3_current,common_all_sets,SPY|QQQ|SMH|SOXL,4,150,1283,2021-07-08,2026-08-17,flip_fraction_leave_one_out,4,SOXL,0.5627435697583788
7_vote_structure,S3_current,common_all_sets,SPY|QQQ|SMH|SOXL,4,150,1283,2021-07-08,2026-08-17,flip_count_leave_one_out,4,SOXL,722.0
7_vote_structure,S3_current,native,SPY|QQQ|SMH|SOXL,4,200,3935,2010-12-22,2026-08-17,pairwise_agreement,SPY,QQQ,0.9453621346886912
7_vote_structure,S3_current,native,SPY|QQQ|SMH|SOXL,4,200,3935,2010-12-22,2026-08-17,pairwise_agreement,SPY,SMH,0.9138500635324015
7_vote_structure,S3_current,native,SPY|QQQ|SMH|SOXL,4,200,3935,2010-12-22,2026-08-17,pairwise_agreement,SPY,SOXL,0.8155019059720457
7_vote_structure,S3_current,native,SPY|QQQ|SMH|SOXL,4,200,3935,2010-12-22,2026-08-17,pairwise_agreement,QQQ,SMH,0.9069885641677256
7_vote_structure,S3_current,native,SPY|QQQ|SMH|SOXL,4,200,3935,2010-12-22,2026-08-17,pairwise_agreement,QQQ,SOXL,0.8127064803049555
7_vote_structure,S3_current,native,SPY|QQQ|SMH|SOXL,4,200,3935,2010-12-22,2026-08-17,pairwise_agreement,SMH,SOXL,0.8686149936467599
7_vote_structure,S3_current,native,SPY|QQQ|SMH|SOXL,4,200,3935,2010-12-22,2026-08-17,pairwise_correlation,SPY,QQQ,0.7890354008970621
7_vote_structure,S3_current,native,SPY|QQQ|SMH|SOXL,4,200,3935,2010-12-22,2026-08-17,pairwise_correlation,SPY,SMH,0.7127748025334917
7_vote_structure,S3_current,native,SPY|QQQ|SMH|SOXL,4,200,3935,2010-12-22,2026-08-17,pairwise_correlation,SPY,SOXL,0.5834989502417138
7_vote_structure,S3_current,native,SPY|QQQ|SMH|SOXL,4,200,3935,2010-12-22,2026-08-17,pairwise_correlation,QQQ,SMH,0.6887158415104281
7_vote_structure,S3_current,native,SPY|QQQ|SMH|SOXL,4,200,3935,2010-12-22,2026-08-17,pairwise_correlation,QQQ,SOXL,0.5756584399521609
7_vote_structure,S3_current,native,SPY|QQQ|SMH|SOXL,4,200,3935,2010-12-22,2026-08-17,pairwise_correlation,SMH,SOXL,0.7094299491014332
7_vote_structure,S3_current,native,SPY|QQQ|SMH|SOXL,4,200,3935,2010-12-22,2026-08-17,vote_count_fraction,0,,0.11740787801778907
7_vote_structure,S3_current,native,SPY|QQQ|SMH|SOXL,4,200,3935,2010-12-22,2026-08-17,vote_count_n,0,,462.0
7_vote_structure,S3_current,native,SPY|QQQ|SMH|SOXL,4,200,3935,2010-12-22,2026-08-17,vote_count_fraction,1,,0.03252858958068615
7_vote_structure,S3_current,native,SPY|QQQ|SMH|SOXL,4,200,3935,2010-12-22,2026-08-17,vote_count_n,1,,128.0
7_vote_structure,S3_current,native,SPY|QQQ|SMH|SOXL,4,200,3935,2010-12-22,2026-08-17,vote_count_fraction,2,,0.08132147395171538
7_vote_structure,S3_current,native,SPY|QQQ|SMH|SOXL,4,200,3935,2010-12-22,2026-08-17,vote_count_n,2,,320.0
7_vote_structure,S3_current,native,SPY|QQQ|SMH|SOXL,4,200,3935,2010-12-22,2026-08-17,vote_count_fraction,3,,0.10470139771283354
7_vote_structure,S3_current,native,SPY|QQQ|SMH|SOXL,4,200,3935,2010-12-22,2026-08-17,vote_count_n,3,,412.0
7_vote_structure,S3_current,native,SPY|QQQ|SMH|SOXL,4,200,3935,2010-12-22,2026-08-17,vote_count_fraction,4,,0.6640406607369759
7_vote_structure,S3_current,native,SPY|QQQ|SMH|SOXL,4,200,3935,2010-12-22,2026-08-17,vote_count_n,4,,2613.0
7_vote_structure,S3_current,native,SPY|QQQ|SMH|SOXL,4,200,3935,2010-12-22,2026-08-17,effective_independent_votes,,,1.673605571189674
7_vote_structure,S3_current,native,SPY|QQQ|SMH|SOXL,4,200,3935,2010-12-22,2026-08-17,mean_vote_count,,,3.165438373570521
7_vote_structure,S3_current,native,SPY|QQQ|SMH|SOXL,4,200,3935,2010-12-22,2026-08-17,frac_bull,1,,0.8825921219822109
7_vote_structure,S3_current,native,SPY|QQQ|SMH|SOXL,4,200,3935,2010-12-22,2026-08-17,flip_fraction_leave_one_out,1,SPY,0.011689961880559084
7_vote_structure,S3_current,native,SPY|QQQ|SMH|SOXL,4,200,3935,2010-12-22,2026-08-17,flip_count_leave_one_out,1,SPY,46.0
7_vote_structure,S3_current,native,SPY|QQQ|SMH|SOXL,4,200,3935,2010-12-22,2026-08-17,flip_fraction_leave_one_out,1,QQQ,0.015501905972045744
7_vote_structure,S3_current,native,SPY|QQQ|SMH|SOXL,4,200,3935,2010-12-22,2026-08-17,flip_count_leave_one_out,1,QQQ,61.0
7_vote_structure,S3_current,native,SPY|QQQ|SMH|SOXL,4,200,3935,2010-12-22,2026-08-17,flip_fraction_leave_one_out,1,SMH,0.005336721728081322
7_vote_structure,S3_current,native,SPY|QQQ|SMH|SOXL,4,200,3935,2010-12-22,2026-08-17,flip_count_leave_one_out,1,SMH,21.0
7_vote_structure,S3_current,native,SPY|QQQ|SMH|SOXL,4,200,3935,2010-12-22,2026-08-17,flip_fraction_leave_one_out,1,SOXL,0.0
7_vote_structure,S3_current,native,SPY|QQQ|SMH|SOXL,4,200,3935,2010-12-22,2026-08-17,flip_count_leave_one_out,1,SOXL,0.0
7_vote_structure,S3_current,native,SPY|QQQ|SMH|SOXL,4,200,3935,2010-12-22,2026-08-17,frac_bull,2,,0.8500635324015248
7_vote_structure,S3_current,native,SPY|QQQ|SMH|SOXL,4,200,3935,2010-12-22,2026-08-17,flip_fraction_leave_one_out,2,SPY,0.06734434561626429
7_vote_structure,S3_current,native,SPY|QQQ|SMH|SOXL,4,200,3935,2010-12-22,2026-08-17,flip_count_leave_one_out,2,SPY,265.0
7_vote_structure,S3_current,native,SPY|QQQ|SMH|SOXL,4,200,3935,2010-12-22,2026-08-17,flip_fraction_leave_one_out,2,QQQ,0.0653113087674714
7_vote_structure,S3_current,native,SPY|QQQ|SMH|SOXL,4,200,3935,2010-12-22,2026-08-17,flip_count_leave_one_out,2,QQQ,257.0
7_vote_structure,S3_current,native,SPY|QQQ|SMH|SOXL,4,200,3935,2010-12-22,2026-08-17,flip_fraction_leave_one_out,2,SMH,0.02719186785260483
7_vote_structure,S3_current,native,SPY|QQQ|SMH|SOXL,4,200,3935,2010-12-22,2026-08-17,flip_count_leave_one_out,2,SMH,107.0
7_vote_structure,S3_current,native,SPY|QQQ|SMH|SOXL,4,200,3935,2010-12-22,2026-08-17,flip_fraction_leave_one_out,2,SOXL,0.0027954256670902162
7_vote_structure,S3_current,native,SPY|QQQ|SMH|SOXL,4,200,3935,2010-12-22,2026-08-17,flip_count_leave_one_out,2,SOXL,11.0
7_vote_structure,S3_current,native,SPY|QQQ|SMH|SOXL,4,200,3935,2010-12-22,2026-08-17,frac_bull,3,,0.7687420584498094
7_vote_structure,S3_current,native,SPY|QQQ|SMH|SOXL,4,200,3935,2010-12-22,2026-08-17,flip_fraction_leave_one_out,3,SPY,0.1036848792884371
7_vote_structure,S3_current,native,SPY|QQQ|SMH|SOXL,4,200,3935,2010-12-22,2026-08-17,flip_count_leave_one_out,3,SPY,408.0
7_vote_structure,S3_current,native,SPY|QQQ|SMH|SOXL,4,200,3935,2010-12-22,2026-08-17,flip_fraction_leave_one_out,3,QQQ,0.10266836086404066
7_vote_structure,S3_current,native,SPY|QQQ|SMH|SOXL,4,200,3935,2010-12-22,2026-08-17,flip_count_leave_one_out,3,QQQ,404.0
7_vote_structure,S3_current,native,SPY|QQQ|SMH|SOXL,4,200,3935,2010-12-22,2026-08-17,flip_fraction_leave_one_out,3,SMH,0.10470139771283354
7_vote_structure,S3_current,native,SPY|QQQ|SMH|SOXL,4,200,3935,2010-12-22,2026-08-17,flip_count_leave_one_out,3,SMH,412.0
7_vote_structure,S3_current,native,SPY|QQQ|SMH|SOXL,4,200,3935,2010-12-22,2026-08-17,flip_fraction_leave_one_out,3,SOXL,0.0030495552731893264
7_vote_structure,S3_current,native,SPY|QQQ|SMH|SOXL,4,200,3935,2010-12-22,2026-08-17,flip_count_leave_one_out,3,SOXL,12.0
7_vote_structure,S3_current,native,SPY|QQQ|SMH|SOXL,4,200,3935,2010-12-22,2026-08-17,frac_bull,4,,0.6640406607369759
7_vote_structure,S3_current,native,SPY|QQQ|SMH|SOXL,4,200,3935,2010-12-22,2026-08-17,flip_fraction_leave_one_out,4,SPY,0.6640406607369759
7_vote_structure,S3_current,native,SPY|QQQ|SMH|SOXL,4,200,3935,2010-12-22,2026-08-17,flip_count_leave_one_out,4,SPY,2613.0
7_vote_structure,S3_current,native,SPY|QQQ|SMH|SOXL,4,200,3935,2010-12-22,2026-08-17,flip_fraction_leave_one_out,4,QQQ,0.6640406607369759
7_vote_structure,S3_current,native,SPY|QQQ|SMH|SOXL,4,200,3935,2010-12-22,2026-08-17,flip_count_leave_one_out,4,QQQ,2613.0
7_vote_structure,S3_current,native,SPY|QQQ|SMH|SOXL,4,200,3935,2010-12-22,2026-08-17,flip_fraction_leave_one_out,4,SMH,0.6640406607369759
7_vote_structure,S3_current,native,SPY|QQQ|SMH|SOXL,4,200,3935,2010-12-22,2026-08-17,flip_count_leave_one_out,4,SMH,2613.0
7_vote_structure,S3_current,native,SPY|QQQ|SMH|SOXL,4,200,3935,2010-12-22,2026-08-17,flip_fraction_leave_one_out,4,SOXL,0.6640406607369759
7_vote_structure,S3_current,native,SPY|QQQ|SMH|SOXL,4,200,3935,2010-12-22,2026-08-17,flip_count_leave_one_out,4,SOXL,2613.0
7_vote_structure,S3_current,common_with_S3,SPY|QQQ|SMH|SOXL,4,200,3935,2010-12-22,2026-08-17,pairwise_agreement,SPY,QQQ,0.9453621346886912
7_vote_structure,S3_current,common_with_S3,SPY|QQQ|SMH|SOXL,4,200,3935,2010-12-22,2026-08-17,pairwise_agreement,SPY,SMH,0.9138500635324015
7_vote_structure,S3_current,common_with_S3,SPY|QQQ|SMH|SOXL,4,200,3935,2010-12-22,2026-08-17,pairwise_agreement,SPY,SOXL,0.8155019059720457
7_vote_structure,S3_current,common_with_S3,SPY|QQQ|SMH|SOXL,4,200,3935,2010-12-22,2026-08-17,pairwise_agreement,QQQ,SMH,0.9069885641677256
7_vote_structure,S3_current,common_with_S3,SPY|QQQ|SMH|SOXL,4,200,3935,2010-12-22,2026-08-17,pairwise_agreement,QQQ,SOXL,0.8127064803049555
7_vote_structure,S3_current,common_with_S3,SPY|QQQ|SMH|SOXL,4,200,3935,2010-12-22,2026-08-17,pairwise_agreement,SMH,SOXL,0.8686149936467599
7_vote_structure,S3_current,common_with_S3,SPY|QQQ|SMH|SOXL,4,200,3935,2010-12-22,2026-08-17,pairwise_correlation,SPY,QQQ,0.7890354008970621
7_vote_structure,S3_current,common_with_S3,SPY|QQQ|SMH|SOXL,4,200,3935,2010-12-22,2026-08-17,pairwise_correlation,SPY,SMH,0.7127748025334917
7_vote_structure,S3_current,common_with_S3,SPY|QQQ|SMH|SOXL,4,200,3935,2010-12-22,2026-08-17,pairwise_correlation,SPY,SOXL,0.5834989502417138
7_vote_structure,S3_current,common_with_S3,SPY|QQQ|SMH|SOXL,4,200,3935,2010-12-22,2026-08-17,pairwise_correlation,QQQ,SMH,0.6887158415104281
7_vote_structure,S3_current,common_with_S3,SPY|QQQ|SMH|SOXL,4,200,3935,2010-12-22,2026-08-17,pairwise_correlation,QQQ,SOXL,0.5756584399521609
7_vote_structure,S3_current,common_with_S3,SPY|QQQ|SMH|SOXL,4,200,3935,2010-12-22,2026-08-17,pairwise_correlation,SMH,SOXL,0.7094299491014332
7_vote_structure,S3_current,common_with_S3,SPY|QQQ|SMH|SOXL,4,200,3935,2010-12-22,2026-08-17,vote_count_fraction,0,,0.11740787801778907
7_vote_structure,S3_current,common_with_S3,SPY|QQQ|SMH|SOXL,4,200,3935,2010-12-22,2026-08-17,vote_count_n,0,,462.0
7_vote_structure,S3_current,common_with_S3,SPY|QQQ|SMH|SOXL,4,200,3935,2010-12-22,2026-08-17,vote_count_fraction,1,,0.03252858958068615
7_vote_structure,S3_current,common_with_S3,SPY|QQQ|SMH|SOXL,4,200,3935,2010-12-22,2026-08-17,vote_count_n,1,,128.0
7_vote_structure,S3_current,common_with_S3,SPY|QQQ|SMH|SOXL,4,200,3935,2010-12-22,2026-08-17,vote_count_fraction,2,,0.08132147395171538
7_vote_structure,S3_current,common_with_S3,SPY|QQQ|SMH|SOXL,4,200,3935,2010-12-22,2026-08-17,vote_count_n,2,,320.0
7_vote_structure,S3_current,common_with_S3,SPY|QQQ|SMH|SOXL,4,200,3935,2010-12-22,2026-08-17,vote_count_fraction,3,,0.10470139771283354
7_vote_structure,S3_current,common_with_S3,SPY|QQQ|SMH|SOXL,4,200,3935,2010-12-22,2026-08-17,vote_count_n,3,,412.0
7_vote_structure,S3_current,common_with_S3,SPY|QQQ|SMH|SOXL,4,200,3935,2010-12-22,2026-08-17,vote_count_fraction,4,,0.6640406607369759
7_vote_structure,S3_current,common_with_S3,SPY|QQQ|SMH|SOXL,4,200,3935,2010-12-22,2026-08-17,vote_count_n,4,,2613.0
7_vote_structure,S3_current,common_with_S3,SPY|QQQ|SMH|SOXL,4,200,3935,2010-12-22,2026-08-17,effective_independent_votes,,,1.673605571189674
7_vote_structure,S3_current,common_with_S3,SPY|QQQ|SMH|SOXL,4,200,3935,2010-12-22,2026-08-17,mean_vote_count,,,3.165438373570521
7_vote_structure,S3_current,common_with_S3,SPY|QQQ|SMH|SOXL,4,200,3935,2010-12-22,2026-08-17,frac_bull,1,,0.8825921219822109
7_vote_structure,S3_current,common_with_S3,SPY|QQQ|SMH|SOXL,4,200,3935,2010-12-22,2026-08-17,flip_fraction_leave_one_out,1,SPY,0.011689961880559084
7_vote_structure,S3_current,common_with_S3,SPY|QQQ|SMH|SOXL,4,200,3935,2010-12-22,2026-08-17,flip_count_leave_one_out,1,SPY,46.0
7_vote_structure,S3_current,common_with_S3,SPY|QQQ|SMH|SOXL,4,200,3935,2010-12-22,2026-08-17,flip_fraction_leave_one_out,1,QQQ,0.015501905972045744
7_vote_structure,S3_current,common_with_S3,SPY|QQQ|SMH|SOXL,4,200,3935,2010-12-22,2026-08-17,flip_count_leave_one_out,1,QQQ,61.0
7_vote_structure,S3_current,common_with_S3,SPY|QQQ|SMH|SOXL,4,200,3935,2010-12-22,2026-08-17,flip_fraction_leave_one_out,1,SMH,0.005336721728081322
7_vote_structure,S3_current,common_with_S3,SPY|QQQ|SMH|SOXL,4,200,3935,2010-12-22,2026-08-17,flip_count_leave_one_out,1,SMH,21.0
7_vote_structure,S3_current,common_with_S3,SPY|QQQ|SMH|SOXL,4,200,3935,2010-12-22,2026-08-17,flip_fraction_leave_one_out,1,SOXL,0.0
7_vote_structure,S3_current,common_with_S3,SPY|QQQ|SMH|SOXL,4,200,3935,2010-12-22,2026-08-17,flip_count_leave_one_out,1,SOXL,0.0
7_vote_structure,S3_current,common_with_S3,SPY|QQQ|SMH|SOXL,4,200,3935,2010-12-22,2026-08-17,frac_bull,2,,0.8500635324015248
7_vote_structure,S3_current,common_with_S3,SPY|QQQ|SMH|SOXL,4,200,3935,2010-12-22,2026-08-17,flip_fraction_leave_one_out,2,SPY,0.06734434561626429
7_vote_structure,S3_current,common_with_S3,SPY|QQQ|SMH|SOXL,4,200,3935,2010-12-22,2026-08-17,flip_count_leave_one_out,2,SPY,265.0
7_vote_structure,S3_current,common_with_S3,SPY|QQQ|SMH|SOXL,4,200,3935,2010-12-22,2026-08-17,flip_fraction_leave_one_out,2,QQQ,0.0653113087674714
7_vote_structure,S3_current,common_with_S3,SPY|QQQ|SMH|SOXL,4,200,3935,2010-12-22,2026-08-17,flip_count_leave_one_out,2,QQQ,257.0
7_vote_structure,S3_current,common_with_S3,SPY|QQQ|SMH|SOXL,4,200,3935,2010-12-22,2026-08-17,flip_fraction_leave_one_out,2,SMH,0.02719186785260483
7_vote_structure,S3_current,common_with_S3,SPY|QQQ|SMH|SOXL,4,200,3935,2010-12-22,2026-08-17,flip_count_leave_one_out,2,SMH,107.0
7_vote_structure,S3_current,common_with_S3,SPY|QQQ|SMH|SOXL,4,200,3935,2010-12-22,2026-08-17,flip_fraction_leave_one_out,2,SOXL,0.0027954256670902162
7_vote_structure,S3_current,common_with_S3,SPY|QQQ|SMH|SOXL,4,200,3935,2010-12-22,2026-08-17,flip_count_leave_one_out,2,SOXL,11.0
7_vote_structure,S3_current,common_with_S3,SPY|QQQ|SMH|SOXL,4,200,3935,2010-12-22,2026-08-17,frac_bull,3,,0.7687420584498094
7_vote_structure,S3_current,common_with_S3,SPY|QQQ|SMH|SOXL,4,200,3935,2010-12-22,2026-08-17,flip_fraction_leave_one_out,3,SPY,0.1036848792884371
7_vote_structure,S3_current,common_with_S3,SPY|QQQ|SMH|SOXL,4,200,3935,2010-12-22,2026-08-17,flip_count_leave_one_out,3,SPY,408.0
7_vote_structure,S3_current,common_with_S3,SPY|QQQ|SMH|SOXL,4,200,3935,2010-12-22,2026-08-17,flip_fraction_leave_one_out,3,QQQ,0.10266836086404066
7_vote_structure,S3_current,common_with_S3,SPY|QQQ|SMH|SOXL,4,200,3935,2010-12-22,2026-08-17,flip_count_leave_one_out,3,QQQ,404.0
7_vote_structure,S3_current,common_with_S3,SPY|QQQ|SMH|SOXL,4,200,3935,2010-12-22,2026-08-17,flip_fraction_leave_one_out,3,SMH,0.10470139771283354
7_vote_structure,S3_current,common_with_S3,SPY|QQQ|SMH|SOXL,4,200,3935,2010-12-22,2026-08-17,flip_count_leave_one_out,3,SMH,412.0
7_vote_structure,S3_current,common_with_S3,SPY|QQQ|SMH|SOXL,4,200,3935,2010-12-22,2026-08-17,flip_fraction_leave_one_out,3,SOXL,0.0030495552731893264
7_vote_structure,S3_current,common_with_S3,SPY|QQQ|SMH|SOXL,4,200,3935,2010-12-22,2026-08-17,flip_count_leave_one_out,3,SOXL,12.0
7_vote_structure,S3_current,common_with_S3,SPY|QQQ|SMH|SOXL,4,200,3935,2010-12-22,2026-08-17,frac_bull,4,,0.6640406607369759
7_vote_structure,S3_current,common_with_S3,SPY|QQQ|SMH|SOXL,4,200,3935,2010-12-22,2026-08-17,flip_fraction_leave_one_out,4,SPY,0.6640406607369759
7_vote_structure,S3_current,common_with_S3,SPY|QQQ|SMH|SOXL,4,200,3935,2010-12-22,2026-08-17,flip_count_leave_one_out,4,SPY,2613.0
7_vote_structure,S3_current,common_with_S3,SPY|QQQ|SMH|SOXL,4,200,3935,2010-12-22,2026-08-17,flip_fraction_leave_one_out,4,QQQ,0.6640406607369759
7_vote_structure,S3_current,common_with_S3,SPY|QQQ|SMH|SOXL,4,200,3935,2010-12-22,2026-08-17,flip_count_leave_one_out,4,QQQ,2613.0
7_vote_structure,S3_current,common_with_S3,SPY|QQQ|SMH|SOXL,4,200,3935,2010-12-22,2026-08-17,flip_fraction_leave_one_out,4,SMH,0.6640406607369759
7_vote_structure,S3_current,common_with_S3,SPY|QQQ|SMH|SOXL,4,200,3935,2010-12-22,2026-08-17,flip_count_leave_one_out,4,SMH,2613.0
7_vote_structure,S3_current,common_with_S3,SPY|QQQ|SMH|SOXL,4,200,3935,2010-12-22,2026-08-17,flip_fraction_leave_one_out,4,SOXL,0.6640406607369759
7_vote_structure,S3_current,common_with_S3,SPY|QQQ|SMH|SOXL,4,200,3935,2010-12-22,2026-08-17,flip_count_leave_one_out,4,SOXL,2613.0
7_vote_structure,S3_current,common_all_sets,SPY|QQQ|SMH|SOXL,4,200,1233,2021-09-17,2026-08-17,pairwise_agreement,SPY,QQQ,0.9602595296025953
7_vote_structure,S3_current,common_all_sets,SPY|QQQ|SMH|SOXL,4,200,1233,2021-09-17,2026-08-17,pairwise_agreement,SPY,SMH,0.9521492295214923
7_vote_structure,S3_current,common_all_sets,SPY|QQQ|SMH|SOXL,4,200,1233,2021-09-17,2026-08-17,pairwise_agreement,SPY,SOXL,0.7826439578264396
7_vote_structure,S3_current,common_all_sets,SPY|QQQ|SMH|SOXL,4,200,1233,2021-09-17,2026-08-17,pairwise_agreement,QQQ,SMH,0.9480940794809408
7_vote_structure,S3_current,common_all_sets,SPY|QQQ|SMH|SOXL,4,200,1233,2021-09-17,2026-08-17,pairwise_agreement,QQQ,SOXL,0.8126520681265207
7_vote_structure,S3_current,common_all_sets,SPY|QQQ|SMH|SOXL,4,200,1233,2021-09-17,2026-08-17,pairwise_agreement,SMH,SOXL,0.8077858880778589
7_vote_structure,S3_current,common_all_sets,SPY|QQQ|SMH|SOXL,4,200,1233,2021-09-17,2026-08-17,pairwise_correlation,SPY,QQQ,0.8928098587908315
7_vote_structure,S3_current,common_all_sets,SPY|QQQ|SMH|SOXL,4,200,1233,2021-09-17,2026-08-17,pairwise_correlation,SPY,SMH,0.8629404347228655
7_vote_structure,S3_current,common_all_sets,SPY|QQQ|SMH|SOXL,4,200,1233,2021-09-17,2026-08-17,pairwise_correlation,SPY,SOXL,0.5805632436787764
7_vote_structure,S3_current,common_all_sets,SPY|QQQ|SMH|SOXL,4,200,1233,2021-09-17,2026-08-17,pairwise_correlation,QQQ,SMH,0.8591822859466888
7_vote_structure,S3_current,common_all_sets,SPY|QQQ|SMH|SOXL,4,200,1233,2021-09-17,2026-08-17,pairwise_correlation,QQQ,SOXL,0.6377008416092388
7_vote_structure,S3_current,common_all_sets,SPY|QQQ|SMH|SOXL,4,200,1233,2021-09-17,2026-08-17,pairwise_correlation,SMH,SOXL,0.6382970345982236
7_vote_structure,S3_current,common_all_sets,SPY|QQQ|SMH|SOXL,4,200,1233,2021-09-17,2026-08-17,vote_count_fraction,0,,0.2003244120032441
7_vote_structure,S3_current,common_all_sets,SPY|QQQ|SMH|SOXL,4,200,1233,2021-09-17,2026-08-17,vote_count_n,0,,247.0
7_vote_structure,S3_current,common_all_sets,SPY|QQQ|SMH|SOXL,4,200,1233,2021-09-17,2026-08-17,vote_count_fraction,1,,0.021086780210867802
7_vote_structure,S3_current,common_all_sets,SPY|QQQ|SMH|SOXL,4,200,1233,2021-09-17,2026-08-17,vote_count_n,1,,26.0
7_vote_structure,S3_current,common_all_sets,SPY|QQQ|SMH|SOXL,4,200,1233,2021-09-17,2026-08-17,vote_count_fraction,2,,0.047850770478507706
7_vote_structure,S3_current,common_all_sets,SPY|QQQ|SMH|SOXL,4,200,1233,2021-09-17,2026-08-17,vote_count_n,2,,59.0
7_vote_structure,S3_current,common_all_sets,SPY|QQQ|SMH|SOXL,4,200,1233,2021-09-17,2026-08-17,vote_count_fraction,3,,0.16058394160583941
7_vote_structure,S3_current,common_all_sets,SPY|QQQ|SMH|SOXL,4,200,1233,2021-09-17,2026-08-17,vote_count_n,3,,198.0
7_vote_structure,S3_current,common_all_sets,SPY|QQQ|SMH|SOXL,4,200,1233,2021-09-17,2026-08-17,vote_count_fraction,4,,0.570154095701541
7_vote_structure,S3_current,common_all_sets,SPY|QQQ|SMH|SOXL,4,200,1233,2021-09-17,2026-08-17,vote_count_n,4,,703.0
7_vote_structure,S3_current,common_all_sets,SPY|QQQ|SMH|SOXL,4,200,1233,2021-09-17,2026-08-17,effective_independent_votes,,,1.4729956663784496
7_vote_structure,S3_current,common_all_sets,SPY|QQQ|SMH|SOXL,4,200,1233,2021-09-17,2026-08-17,mean_vote_count,,,2.8791565287915653
7_vote_structure,S3_current,common_all_sets,SPY|QQQ|SMH|SOXL,4,200,1233,2021-09-17,2026-08-17,frac_bull,1,,0.7996755879967559
7_vote_structure,S3_current,common_all_sets,SPY|QQQ|SMH|SOXL,4,200,1233,2021-09-17,2026-08-17,flip_fraction_leave_one_out,1,SPY,0.012976480129764802
7_vote_structure,S3_current,common_all_sets,SPY|QQQ|SMH|SOXL,4,200,1233,2021-09-17,2026-08-17,flip_count_leave_one_out,1,SPY,16.0
7_vote_structure,S3_current,common_all_sets,SPY|QQQ|SMH|SOXL,4,200,1233,2021-09-17,2026-08-17,flip_fraction_leave_one_out,1,QQQ,0.0008110300081103001
7_vote_structure,S3_current,common_all_sets,SPY|QQQ|SMH|SOXL,4,200,1233,2021-09-17,2026-08-17,flip_count_leave_one_out,1,QQQ,1.0
7_vote_structure,S3_current,common_all_sets,SPY|QQQ|SMH|SOXL,4,200,1233,2021-09-17,2026-08-17,flip_fraction_leave_one_out,1,SMH,0.0072992700729927005
7_vote_structure,S3_current,common_all_sets,SPY|QQQ|SMH|SOXL,4,200,1233,2021-09-17,2026-08-17,flip_count_leave_one_out,1,SMH,9.0
7_vote_structure,S3_current,common_all_sets,SPY|QQQ|SMH|SOXL,4,200,1233,2021-09-17,2026-08-17,flip_fraction_leave_one_out,1,SOXL,0.0
7_vote_structure,S3_current,common_all_sets,SPY|QQQ|SMH|SOXL,4,200,1233,2021-09-17,2026-08-17,flip_count_leave_one_out,1,SOXL,0.0
7_vote_structure,S3_current,common_all_sets,SPY|QQQ|SMH|SOXL,4,200,1233,2021-09-17,2026-08-17,frac_bull,2,,0.7785888077858881
7_vote_structure,S3_current,common_all_sets,SPY|QQQ|SMH|SOXL,4,200,1233,2021-09-17,2026-08-17,flip_fraction_leave_one_out,2,SPY,0.034874290348742905
7_vote_structure,S3_current,common_all_sets,SPY|QQQ|SMH|SOXL,4,200,1233,2021-09-17,2026-08-17,flip_count_leave_one_out,2,SPY,43.0
7_vote_structure,S3_current,common_all_sets,SPY|QQQ|SMH|SOXL,4,200,1233,2021-09-17,2026-08-17,flip_fraction_leave_one_out,2,QQQ,0.017842660178426603
7_vote_structure,S3_current,common_all_sets,SPY|QQQ|SMH|SOXL,4,200,1233,2021-09-17,2026-08-17,flip_count_leave_one_out,2,QQQ,22.0
7_vote_structure,S3_current,common_all_sets,SPY|QQQ|SMH|SOXL,4,200,1233,2021-09-17,2026-08-17,flip_fraction_leave_one_out,2,SMH,0.0340632603406326
7_vote_structure,S3_current,common_all_sets,SPY|QQQ|SMH|SOXL,4,200,1233,2021-09-17,2026-08-17,flip_count_leave_one_out,2,SMH,42.0
7_vote_structure,S3_current,common_all_sets,SPY|QQQ|SMH|SOXL,4,200,1233,2021-09-17,2026-08-17,flip_fraction_leave_one_out,2,SOXL,0.008921330089213302
7_vote_structure,S3_current,common_all_sets,SPY|QQQ|SMH|SOXL,4,200,1233,2021-09-17,2026-08-17,flip_count_leave_one_out,2,SOXL,11.0
7_vote_structure,S3_current,common_all_sets,SPY|QQQ|SMH|SOXL,4,200,1233,2021-09-17,2026-08-17,frac_bull,3,,0.7307380373073804
7_vote_structure,S3_current,common_all_sets,SPY|QQQ|SMH|SOXL,4,200,1233,2021-09-17,2026-08-17,flip_fraction_leave_one_out,3,SPY,0.1597729115977291
7_vote_structure,S3_current,common_all_sets,SPY|QQQ|SMH|SOXL,4,200,1233,2021-09-17,2026-08-17,flip_count_leave_one_out,3,SPY,197.0
7_vote_structure,S3_current,common_all_sets,SPY|QQQ|SMH|SOXL,4,200,1233,2021-09-17,2026-08-17,flip_fraction_leave_one_out,3,QQQ,0.16058394160583941
7_vote_structure,S3_current,common_all_sets,SPY|QQQ|SMH|SOXL,4,200,1233,2021-09-17,2026-08-17,flip_count_leave_one_out,3,QQQ,198.0
7_vote_structure,S3_current,common_all_sets,SPY|QQQ|SMH|SOXL,4,200,1233,2021-09-17,2026-08-17,flip_fraction_leave_one_out,3,SMH,0.16058394160583941
7_vote_structure,S3_current,common_all_sets,SPY|QQQ|SMH|SOXL,4,200,1233,2021-09-17,2026-08-17,flip_count_leave_one_out,3,SMH,198.0
7_vote_structure,S3_current,common_all_sets,SPY|QQQ|SMH|SOXL,4,200,1233,2021-09-17,2026-08-17,flip_fraction_leave_one_out,3,SOXL,0.0008110300081103001
7_vote_structure,S3_current,common_all_sets,SPY|QQQ|SMH|SOXL,4,200,1233,2021-09-17,2026-08-17,flip_count_leave_one_out,3,SOXL,1.0
7_vote_structure,S3_current,common_all_sets,SPY|QQQ|SMH|SOXL,4,200,1233,2021-09-17,2026-08-17,frac_bull,4,,0.570154095701541
7_vote_structure,S3_current,common_all_sets,SPY|QQQ|SMH|SOXL,4,200,1233,2021-09-17,2026-08-17,flip_fraction_leave_one_out,4,SPY,0.570154095701541
7_vote_structure,S3_current,common_all_sets,SPY|QQQ|SMH|SOXL,4,200,1233,2021-09-17,2026-08-17,flip_count_leave_one_out,4,SPY,703.0
7_vote_structure,S3_current,common_all_sets,SPY|QQQ|SMH|SOXL,4,200,1233,2021-09-17,2026-08-17,flip_fraction_leave_one_out,4,QQQ,0.570154095701541
7_vote_structure,S3_current,common_all_sets,SPY|QQQ|SMH|SOXL,4,200,1233,2021-09-17,2026-08-17,flip_count_leave_one_out,4,QQQ,703.0
7_vote_structure,S3_current,common_all_sets,SPY|QQQ|SMH|SOXL,4,200,1233,2021-09-17,2026-08-17,flip_fraction_leave_one_out,4,SMH,0.570154095701541
7_vote_structure,S3_current,common_all_sets,SPY|QQQ|SMH|SOXL,4,200,1233,2021-09-17,2026-08-17,flip_count_leave_one_out,4,SMH,703.0
7_vote_structure,S3_current,common_all_sets,SPY|QQQ|SMH|SOXL,4,200,1233,2021-09-17,2026-08-17,flip_fraction_leave_one_out,4,SOXL,0.570154095701541
7_vote_structure,S3_current,common_all_sets,SPY|QQQ|SMH|SOXL,4,200,1233,2021-09-17,2026-08-17,flip_count_leave_one_out,4,SOXL,703.0
7_vote_structure,S3_current,native,SPY|QQQ|SMH|SOXL,4,250,3885,2011-03-07,2026-08-17,pairwise_agreement,SPY,QQQ,0.9454311454311455
7_vote_structure,S3_current,native,SPY|QQQ|SMH|SOXL,4,250,3885,2011-03-07,2026-08-17,pairwise_agreement,SPY,SMH,0.9127413127413128
7_vote_structure,S3_current,native,SPY|QQQ|SMH|SOXL,4,250,3885,2011-03-07,2026-08-17,pairwise_agreement,SPY,SOXL,0.7971685971685971
7_vote_structure,S3_current,native,SPY|QQQ|SMH|SOXL,4,250,3885,2011-03-07,2026-08-17,pairwise_agreement,QQQ,SMH,0.9086229086229086
7_vote_structure,S3_current,native,SPY|QQQ|SMH|SOXL,4,250,3885,2011-03-07,2026-08-17,pairwise_agreement,QQQ,SOXL,0.7915057915057915
7_vote_structure,S3_current,native,SPY|QQQ|SMH|SOXL,4,250,3885,2011-03-07,2026-08-17,pairwise_agreement,SMH,SOXL,0.8494208494208494
7_vote_structure,S3_current,native,SPY|QQQ|SMH|SOXL,4,250,3885,2011-03-07,2026-08-17,pairwise_correlation,SPY,QQQ,0.771815206800454
7_vote_structure,S3_current,native,SPY|QQQ|SMH|SOXL,4,250,3885,2011-03-07,2026-08-17,pairwise_correlation,SPY,SMH,0.6960614493148378
7_vote_structure,S3_current,native,SPY|QQQ|SMH|SOXL,4,250,3885,2011-03-07,2026-08-17,pairwise_correlation,SPY,SOXL,0.5533237078708289
7_vote_structure,S3_current,native,SPY|QQQ|SMH|SOXL,4,250,3885,2011-03-07,2026-08-17,pairwise_correlation,QQQ,SMH,0.6798962589953936
7_vote_structure,S3_current,native,SPY|QQQ|SMH|SOXL,4,250,3885,2011-03-07,2026-08-17,pairwise_correlation,QQQ,SOXL,0.5391692390526143
7_vote_structure,S3_current,native,SPY|QQQ|SMH|SOXL,4,250,3885,2011-03-07,2026-08-17,pairwise_correlation,SMH,SOXL,0.6737130465409041
7_vote_structure,S3_current,native,SPY|QQQ|SMH|SOXL,4,250,3885,2011-03-07,2026-08-17,vote_count_fraction,0,,0.10476190476190476
7_vote_structure,S3_current,native,SPY|QQQ|SMH|SOXL,4,250,3885,2011-03-07,2026-08-17,vote_count_n,0,,407.0
7_vote_structure,S3_current,native,SPY|QQQ|SMH|SOXL,4,250,3885,2011-03-07,2026-08-17,vote_count_fraction,1,,0.03577863577863578
7_vote_structure,S3_current,native,SPY|QQQ|SMH|SOXL,4,250,3885,2011-03-07,2026-08-17,vote_count_n,1,,139.0
7_vote_structure,S3_current,native,SPY|QQQ|SMH|SOXL,4,250,3885,2011-03-07,2026-08-17,vote_count_fraction,2,,0.07773487773487774
7_vote_structure,S3_current,native,SPY|QQQ|SMH|SOXL,4,250,3885,2011-03-07,2026-08-17,vote_count_n,2,,302.0
7_vote_structure,S3_current,native,SPY|QQQ|SMH|SOXL,4,250,3885,2011-03-07,2026-08-17,vote_count_fraction,3,,0.12561132561132562
7_vote_structure,S3_current,native,SPY|QQQ|SMH|SOXL,4,250,3885,2011-03-07,2026-08-17,vote_count_n,3,,488.0
7_vote_structure,S3_current,native,SPY|QQQ|SMH|SOXL,4,250,3885,2011-03-07,2026-08-17,vote_count_fraction,4,,0.6561132561132561
7_vote_structure,S3_current,native,SPY|QQQ|SMH|SOXL,4,250,3885,2011-03-07,2026-08-17,vote_count_n,4,,2549.0
7_vote_structure,S3_current,native,SPY|QQQ|SMH|SOXL,4,250,3885,2011-03-07,2026-08-17,effective_independent_votes,,,1.741697909238831
7_vote_structure,S3_current,native,SPY|QQQ|SMH|SOXL,4,250,3885,2011-03-07,2026-08-17,mean_vote_count,,,3.1925353925353925
7_vote_structure,S3_current,native,SPY|QQQ|SMH|SOXL,4,250,3885,2011-03-07,2026-08-17,frac_bull,1,,0.8952380952380953
7_vote_structure,S3_current,native,SPY|QQQ|SMH|SOXL,4,250,3885,2011-03-07,2026-08-17,flip_fraction_leave_one_out,1,SPY,0.012612612612612612
7_vote_structure,S3_current,native,SPY|QQQ|SMH|SOXL,4,250,3885,2011-03-07,2026-08-17,flip_count_leave_one_out,1,SPY,49.0
7_vote_structure,S3_current,native,SPY|QQQ|SMH|SOXL,4,250,3885,2011-03-07,2026-08-17,flip_fraction_leave_one_out,1,QQQ,0.01698841698841699
7_vote_structure,S3_current,native,SPY|QQQ|SMH|SOXL,4,250,3885,2011-03-07,2026-08-17,flip_count_leave_one_out,1,QQQ,66.0
7_vote_structure,S3_current,native,SPY|QQQ|SMH|SOXL,4,250,3885,2011-03-07,2026-08-17,flip_fraction_leave_one_out,1,SMH,0.006177606177606178
7_vote_structure,S3_current,native,SPY|QQQ|SMH|SOXL,4,250,3885,2011-03-07,2026-08-17,flip_count_leave_one_out,1,SMH,24.0
7_vote_structure,S3_current,native,SPY|QQQ|SMH|SOXL,4,250,3885,2011-03-07,2026-08-17,flip_fraction_leave_one_out,1,SOXL,0.0
7_vote_structure,S3_current,native,SPY|QQQ|SMH|SOXL,4,250,3885,2011-03-07,2026-08-17,flip_count_leave_one_out,1,SOXL,0.0
7_vote_structure,S3_current,native,SPY|QQQ|SMH|SOXL,4,250,3885,2011-03-07,2026-08-17,frac_bull,2,,0.8594594594594595
7_vote_structure,S3_current,native,SPY|QQQ|SMH|SOXL,4,250,3885,2011-03-07,2026-08-17,flip_fraction_leave_one_out,2,SPY,0.06589446589446589
7_vote_structure,S3_current,native,SPY|QQQ|SMH|SOXL,4,250,3885,2011-03-07,2026-08-17,flip_count_leave_one_out,2,SPY,256.0
7_vote_structure,S3_current,native,SPY|QQQ|SMH|SOXL,4,250,3885,2011-03-07,2026-08-17,flip_fraction_leave_one_out,2,QQQ,0.06666666666666667
7_vote_structure,S3_current,native,SPY|QQQ|SMH|SOXL,4,250,3885,2011-03-07,2026-08-17,flip_count_leave_one_out,2,QQQ,259.0
7_vote_structure,S3_current,native,SPY|QQQ|SMH|SOXL,4,250,3885,2011-03-07,2026-08-17,flip_fraction_leave_one_out,2,SMH,0.022393822393822392
7_vote_structure,S3_current,native,SPY|QQQ|SMH|SOXL,4,250,3885,2011-03-07,2026-08-17,flip_count_leave_one_out,2,SMH,87.0
7_vote_structure,S3_current,native,SPY|QQQ|SMH|SOXL,4,250,3885,2011-03-07,2026-08-17,flip_fraction_leave_one_out,2,SOXL,0.0005148005148005148
7_vote_structure,S3_current,native,SPY|QQQ|SMH|SOXL,4,250,3885,2011-03-07,2026-08-17,flip_count_leave_one_out,2,SOXL,2.0
7_vote_structure,S3_current,native,SPY|QQQ|SMH|SOXL,4,250,3885,2011-03-07,2026-08-17,frac_bull,3,,0.7817245817245817
7_vote_structure,S3_current,native,SPY|QQQ|SMH|SOXL,4,250,3885,2011-03-07,2026-08-17,flip_fraction_leave_one_out,3,SPY,0.12432432432432433
7_vote_structure,S3_current,native,SPY|QQQ|SMH|SOXL,4,250,3885,2011-03-07,2026-08-17,flip_count_leave_one_out,3,SPY,483.0
7_vote_structure,S3_current,native,SPY|QQQ|SMH|SOXL,4,250,3885,2011-03-07,2026-08-17,flip_fraction_leave_one_out,3,QQQ,0.12380952380952381
7_vote_structure,S3_current,native,SPY|QQQ|SMH|SOXL,4,250,3885,2011-03-07,2026-08-17,flip_count_leave_one_out,3,QQQ,481.0
7_vote_structure,S3_current,native,SPY|QQQ|SMH|SOXL,4,250,3885,2011-03-07,2026-08-17,flip_fraction_leave_one_out,3,SMH,0.12561132561132562
7_vote_structure,S3_current,native,SPY|QQQ|SMH|SOXL,4,250,3885,2011-03-07,2026-08-17,flip_count_leave_one_out,3,SMH,488.0
7_vote_structure,S3_current,native,SPY|QQQ|SMH|SOXL,4,250,3885,2011-03-07,2026-08-17,flip_fraction_leave_one_out,3,SOXL,0.003088803088803089
7_vote_structure,S3_current,native,SPY|QQQ|SMH|SOXL,4,250,3885,2011-03-07,2026-08-17,flip_count_leave_one_out,3,SOXL,12.0
7_vote_structure,S3_current,native,SPY|QQQ|SMH|SOXL,4,250,3885,2011-03-07,2026-08-17,frac_bull,4,,0.6561132561132561
7_vote_structure,S3_current,native,SPY|QQQ|SMH|SOXL,4,250,3885,2011-03-07,2026-08-17,flip_fraction_leave_one_out,4,SPY,0.6561132561132561
7_vote_structure,S3_current,native,SPY|QQQ|SMH|SOXL,4,250,3885,2011-03-07,2026-08-17,flip_count_leave_one_out,4,SPY,2549.0
7_vote_structure,S3_current,native,SPY|QQQ|SMH|SOXL,4,250,3885,2011-03-07,2026-08-17,flip_fraction_leave_one_out,4,QQQ,0.6561132561132561
7_vote_structure,S3_current,native,SPY|QQQ|SMH|SOXL,4,250,3885,2011-03-07,2026-08-17,flip_count_leave_one_out,4,QQQ,2549.0
7_vote_structure,S3_current,native,SPY|QQQ|SMH|SOXL,4,250,3885,2011-03-07,2026-08-17,flip_fraction_leave_one_out,4,SMH,0.6561132561132561
7_vote_structure,S3_current,native,SPY|QQQ|SMH|SOXL,4,250,3885,2011-03-07,2026-08-17,flip_count_leave_one_out,4,SMH,2549.0
7_vote_structure,S3_current,native,SPY|QQQ|SMH|SOXL,4,250,3885,2011-03-07,2026-08-17,flip_fraction_leave_one_out,4,SOXL,0.6561132561132561
7_vote_structure,S3_current,native,SPY|QQQ|SMH|SOXL,4,250,3885,2011-03-07,2026-08-17,flip_count_leave_one_out,4,SOXL,2549.0
7_vote_structure,S3_current,common_with_S3,SPY|QQQ|SMH|SOXL,4,250,3885,2011-03-07,2026-08-17,pairwise_agreement,SPY,QQQ,0.9454311454311455
7_vote_structure,S3_current,common_with_S3,SPY|QQQ|SMH|SOXL,4,250,3885,2011-03-07,2026-08-17,pairwise_agreement,SPY,SMH,0.9127413127413128
7_vote_structure,S3_current,common_with_S3,SPY|QQQ|SMH|SOXL,4,250,3885,2011-03-07,2026-08-17,pairwise_agreement,SPY,SOXL,0.7971685971685971
7_vote_structure,S3_current,common_with_S3,SPY|QQQ|SMH|SOXL,4,250,3885,2011-03-07,2026-08-17,pairwise_agreement,QQQ,SMH,0.9086229086229086
7_vote_structure,S3_current,common_with_S3,SPY|QQQ|SMH|SOXL,4,250,3885,2011-03-07,2026-08-17,pairwise_agreement,QQQ,SOXL,0.7915057915057915
7_vote_structure,S3_current,common_with_S3,SPY|QQQ|SMH|SOXL,4,250,3885,2011-03-07,2026-08-17,pairwise_agreement,SMH,SOXL,0.8494208494208494
7_vote_structure,S3_current,common_with_S3,SPY|QQQ|SMH|SOXL,4,250,3885,2011-03-07,2026-08-17,pairwise_correlation,SPY,QQQ,0.771815206800454
7_vote_structure,S3_current,common_with_S3,SPY|QQQ|SMH|SOXL,4,250,3885,2011-03-07,2026-08-17,pairwise_correlation,SPY,SMH,0.6960614493148378
7_vote_structure,S3_current,common_with_S3,SPY|QQQ|SMH|SOXL,4,250,3885,2011-03-07,2026-08-17,pairwise_correlation,SPY,SOXL,0.5533237078708289
7_vote_structure,S3_current,common_with_S3,SPY|QQQ|SMH|SOXL,4,250,3885,2011-03-07,2026-08-17,pairwise_correlation,QQQ,SMH,0.6798962589953936
7_vote_structure,S3_current,common_with_S3,SPY|QQQ|SMH|SOXL,4,250,3885,2011-03-07,2026-08-17,pairwise_correlation,QQQ,SOXL,0.5391692390526143
7_vote_structure,S3_current,common_with_S3,SPY|QQQ|SMH|SOXL,4,250,3885,2011-03-07,2026-08-17,pairwise_correlation,SMH,SOXL,0.6737130465409041
7_vote_structure,S3_current,common_with_S3,SPY|QQQ|SMH|SOXL,4,250,3885,2011-03-07,2026-08-17,vote_count_fraction,0,,0.10476190476190476
7_vote_structure,S3_current,common_with_S3,SPY|QQQ|SMH|SOXL,4,250,3885,2011-03-07,2026-08-17,vote_count_n,0,,407.0
7_vote_structure,S3_current,common_with_S3,SPY|QQQ|SMH|SOXL,4,250,3885,2011-03-07,2026-08-17,vote_count_fraction,1,,0.03577863577863578
7_vote_structure,S3_current,common_with_S3,SPY|QQQ|SMH|SOXL,4,250,3885,2011-03-07,2026-08-17,vote_count_n,1,,139.0
7_vote_structure,S3_current,common_with_S3,SPY|QQQ|SMH|SOXL,4,250,3885,2011-03-07,2026-08-17,vote_count_fraction,2,,0.07773487773487774
7_vote_structure,S3_current,common_with_S3,SPY|QQQ|SMH|SOXL,4,250,3885,2011-03-07,2026-08-17,vote_count_n,2,,302.0
7_vote_structure,S3_current,common_with_S3,SPY|QQQ|SMH|SOXL,4,250,3885,2011-03-07,2026-08-17,vote_count_fraction,3,,0.12561132561132562
7_vote_structure,S3_current,common_with_S3,SPY|QQQ|SMH|SOXL,4,250,3885,2011-03-07,2026-08-17,vote_count_n,3,,488.0
7_vote_structure,S3_current,common_with_S3,SPY|QQQ|SMH|SOXL,4,250,3885,2011-03-07,2026-08-17,vote_count_fraction,4,,0.6561132561132561
7_vote_structure,S3_current,common_with_S3,SPY|QQQ|SMH|SOXL,4,250,3885,2011-03-07,2026-08-17,vote_count_n,4,,2549.0
7_vote_structure,S3_current,common_with_S3,SPY|QQQ|SMH|SOXL,4,250,3885,2011-03-07,2026-08-17,effective_independent_votes,,,1.741697909238831
7_vote_structure,S3_current,common_with_S3,SPY|QQQ|SMH|SOXL,4,250,3885,2011-03-07,2026-08-17,mean_vote_count,,,3.1925353925353925
7_vote_structure,S3_current,common_with_S3,SPY|QQQ|SMH|SOXL,4,250,3885,2011-03-07,2026-08-17,frac_bull,1,,0.8952380952380953
7_vote_structure,S3_current,common_with_S3,SPY|QQQ|SMH|SOXL,4,250,3885,2011-03-07,2026-08-17,flip_fraction_leave_one_out,1,SPY,0.012612612612612612
7_vote_structure,S3_current,common_with_S3,SPY|QQQ|SMH|SOXL,4,250,3885,2011-03-07,2026-08-17,flip_count_leave_one_out,1,SPY,49.0
7_vote_structure,S3_current,common_with_S3,SPY|QQQ|SMH|SOXL,4,250,3885,2011-03-07,2026-08-17,flip_fraction_leave_one_out,1,QQQ,0.01698841698841699
7_vote_structure,S3_current,common_with_S3,SPY|QQQ|SMH|SOXL,4,250,3885,2011-03-07,2026-08-17,flip_count_leave_one_out,1,QQQ,66.0
7_vote_structure,S3_current,common_with_S3,SPY|QQQ|SMH|SOXL,4,250,3885,2011-03-07,2026-08-17,flip_fraction_leave_one_out,1,SMH,0.006177606177606178
7_vote_structure,S3_current,common_with_S3,SPY|QQQ|SMH|SOXL,4,250,3885,2011-03-07,2026-08-17,flip_count_leave_one_out,1,SMH,24.0
7_vote_structure,S3_current,common_with_S3,SPY|QQQ|SMH|SOXL,4,250,3885,2011-03-07,2026-08-17,flip_fraction_leave_one_out,1,SOXL,0.0
7_vote_structure,S3_current,common_with_S3,SPY|QQQ|SMH|SOXL,4,250,3885,2011-03-07,2026-08-17,flip_count_leave_one_out,1,SOXL,0.0
7_vote_structure,S3_current,common_with_S3,SPY|QQQ|SMH|SOXL,4,250,3885,2011-03-07,2026-08-17,frac_bull,2,,0.8594594594594595
7_vote_structure,S3_current,common_with_S3,SPY|QQQ|SMH|SOXL,4,250,3885,2011-03-07,2026-08-17,flip_fraction_leave_one_out,2,SPY,0.06589446589446589
7_vote_structure,S3_current,common_with_S3,SPY|QQQ|SMH|SOXL,4,250,3885,2011-03-07,2026-08-17,flip_count_leave_one_out,2,SPY,256.0
7_vote_structure,S3_current,common_with_S3,SPY|QQQ|SMH|SOXL,4,250,3885,2011-03-07,2026-08-17,flip_fraction_leave_one_out,2,QQQ,0.06666666666666667
7_vote_structure,S3_current,common_with_S3,SPY|QQQ|SMH|SOXL,4,250,3885,2011-03-07,2026-08-17,flip_count_leave_one_out,2,QQQ,259.0
7_vote_structure,S3_current,common_with_S3,SPY|QQQ|SMH|SOXL,4,250,3885,2011-03-07,2026-08-17,flip_fraction_leave_one_out,2,SMH,0.022393822393822392
7_vote_structure,S3_current,common_with_S3,SPY|QQQ|SMH|SOXL,4,250,3885,2011-03-07,2026-08-17,flip_count_leave_one_out,2,SMH,87.0
7_vote_structure,S3_current,common_with_S3,SPY|QQQ|SMH|SOXL,4,250,3885,2011-03-07,2026-08-17,flip_fraction_leave_one_out,2,SOXL,0.0005148005148005148
7_vote_structure,S3_current,common_with_S3,SPY|QQQ|SMH|SOXL,4,250,3885,2011-03-07,2026-08-17,flip_count_leave_one_out,2,SOXL,2.0
7_vote_structure,S3_current,common_with_S3,SPY|QQQ|SMH|SOXL,4,250,3885,2011-03-07,2026-08-17,frac_bull,3,,0.7817245817245817
7_vote_structure,S3_current,common_with_S3,SPY|QQQ|SMH|SOXL,4,250,3885,2011-03-07,2026-08-17,flip_fraction_leave_one_out,3,SPY,0.12432432432432433
7_vote_structure,S3_current,common_with_S3,SPY|QQQ|SMH|SOXL,4,250,3885,2011-03-07,2026-08-17,flip_count_leave_one_out,3,SPY,483.0
7_vote_structure,S3_current,common_with_S3,SPY|QQQ|SMH|SOXL,4,250,3885,2011-03-07,2026-08-17,flip_fraction_leave_one_out,3,QQQ,0.12380952380952381
7_vote_structure,S3_current,common_with_S3,SPY|QQQ|SMH|SOXL,4,250,3885,2011-03-07,2026-08-17,flip_count_leave_one_out,3,QQQ,481.0
7_vote_structure,S3_current,common_with_S3,SPY|QQQ|SMH|SOXL,4,250,3885,2011-03-07,2026-08-17,flip_fraction_leave_one_out,3,SMH,0.12561132561132562
7_vote_structure,S3_current,common_with_S3,SPY|QQQ|SMH|SOXL,4,250,3885,2011-03-07,2026-08-17,flip_count_leave_one_out,3,SMH,488.0
7_vote_structure,S3_current,common_with_S3,SPY|QQQ|SMH|SOXL,4,250,3885,2011-03-07,2026-08-17,flip_fraction_leave_one_out,3,SOXL,0.003088803088803089
7_vote_structure,S3_current,common_with_S3,SPY|QQQ|SMH|SOXL,4,250,3885,2011-03-07,2026-08-17,flip_count_leave_one_out,3,SOXL,12.0
7_vote_structure,S3_current,common_with_S3,SPY|QQQ|SMH|SOXL,4,250,3885,2011-03-07,2026-08-17,frac_bull,4,,0.6561132561132561
7_vote_structure,S3_current,common_with_S3,SPY|QQQ|SMH|SOXL,4,250,3885,2011-03-07,2026-08-17,flip_fraction_leave_one_out,4,SPY,0.6561132561132561
7_vote_structure,S3_current,common_with_S3,SPY|QQQ|SMH|SOXL,4,250,3885,2011-03-07,2026-08-17,flip_count_leave_one_out,4,SPY,2549.0
7_vote_structure,S3_current,common_with_S3,SPY|QQQ|SMH|SOXL,4,250,3885,2011-03-07,2026-08-17,flip_fraction_leave_one_out,4,QQQ,0.6561132561132561
7_vote_structure,S3_current,common_with_S3,SPY|QQQ|SMH|SOXL,4,250,3885,2011-03-07,2026-08-17,flip_count_leave_one_out,4,QQQ,2549.0
7_vote_structure,S3_current,common_with_S3,SPY|QQQ|SMH|SOXL,4,250,3885,2011-03-07,2026-08-17,flip_fraction_leave_one_out,4,SMH,0.6561132561132561
7_vote_structure,S3_current,common_with_S3,SPY|QQQ|SMH|SOXL,4,250,3885,2011-03-07,2026-08-17,flip_count_leave_one_out,4,SMH,2549.0
7_vote_structure,S3_current,common_with_S3,SPY|QQQ|SMH|SOXL,4,250,3885,2011-03-07,2026-08-17,flip_fraction_leave_one_out,4,SOXL,0.6561132561132561
7_vote_structure,S3_current,common_with_S3,SPY|QQQ|SMH|SOXL,4,250,3885,2011-03-07,2026-08-17,flip_count_leave_one_out,4,SOXL,2549.0
7_vote_structure,S3_current,common_all_sets,SPY|QQQ|SMH|SOXL,4,250,1183,2021-11-29,2026-08-17,pairwise_agreement,SPY,QQQ,0.9475908706677938
7_vote_structure,S3_current,common_all_sets,SPY|QQQ|SMH|SOXL,4,250,1183,2021-11-29,2026-08-17,pairwise_agreement,SPY,SMH,0.9382924767540152
7_vote_structure,S3_current,common_all_sets,SPY|QQQ|SMH|SOXL,4,250,1183,2021-11-29,2026-08-17,pairwise_agreement,SPY,SOXL,0.7489433643279797
7_vote_structure,S3_current,common_all_sets,SPY|QQQ|SMH|SOXL,4,250,1183,2021-11-29,2026-08-17,pairwise_agreement,QQQ,SMH,0.9416737109044802
7_vote_structure,S3_current,common_all_sets,SPY|QQQ|SMH|SOXL,4,250,1183,2021-11-29,2026-08-17,pairwise_agreement,QQQ,SOXL,0.7861369399830939
7_vote_structure,S3_current,common_all_sets,SPY|QQQ|SMH|SOXL,4,250,1183,2021-11-29,2026-08-17,pairwise_agreement,SMH,SOXL,0.7700760777683855
7_vote_structure,S3_current,common_all_sets,SPY|QQQ|SMH|SOXL,4,250,1183,2021-11-29,2026-08-17,pairwise_correlation,SPY,QQQ,0.8580714142472596
7_vote_structure,S3_current,common_all_sets,SPY|QQQ|SMH|SOXL,4,250,1183,2021-11-29,2026-08-17,pairwise_correlation,SPY,SMH,0.8215802178230592
7_vote_structure,S3_current,common_all_sets,SPY|QQQ|SMH|SOXL,4,250,1183,2021-11-29,2026-08-17,pairwise_correlation,SPY,SOXL,0.5506649655738802
7_vote_structure,S3_current,common_all_sets,SPY|QQQ|SMH|SOXL,4,250,1183,2021-11-29,2026-08-17,pairwise_correlation,QQQ,SMH,0.8417164844930906
7_vote_structure,S3_current,common_all_sets,SPY|QQQ|SMH|SOXL,4,250,1183,2021-11-29,2026-08-17,pairwise_correlation,QQQ,SOXL,0.6139874768571141
7_vote_structure,S3_current,common_all_sets,SPY|QQQ|SMH|SOXL,4,250,1183,2021-11-29,2026-08-17,pairwise_correlation,SMH,SOXL,0.5913925711790929
7_vote_structure,S3_current,common_all_sets,SPY|QQQ|SMH|SOXL,4,250,1183,2021-11-29,2026-08-17,vote_count_fraction,0,,0.19019442096365174
7_vote_structure,S3_current,common_all_sets,SPY|QQQ|SMH|SOXL,4,250,1183,2021-11-29,2026-08-17,vote_count_n,0,,225.0
7_vote_structure,S3_current,common_all_sets,SPY|QQQ|SMH|SOXL,4,250,1183,2021-11-29,2026-08-17,vote_count_fraction,1,,0.034657650042265425
7_vote_structure,S3_current,common_all_sets,SPY|QQQ|SMH|SOXL,4,250,1183,2021-11-29,2026-08-17,vote_count_n,1,,41.0
7_vote_structure,S3_current,common_all_sets,SPY|QQQ|SMH|SOXL,4,250,1183,2021-11-29,2026-08-17,vote_count_fraction,2,,0.04818258664412511
7_vote_structure,S3_current,common_all_sets,SPY|QQQ|SMH|SOXL,4,250,1183,2021-11-29,2026-08-17,vote_count_n,2,,57.0
7_vote_structure,S3_current,common_all_sets,SPY|QQQ|SMH|SOXL,4,250,1183,2021-11-29,2026-08-17,vote_count_fraction,3,,0.19019442096365174
7_vote_structure,S3_current,common_all_sets,SPY|QQQ|SMH|SOXL,4,250,1183,2021-11-29,2026-08-17,vote_count_n,3,,225.0
7_vote_structure,S3_current,common_all_sets,SPY|QQQ|SMH|SOXL,4,250,1183,2021-11-29,2026-08-17,vote_count_fraction,4,,0.536770921386306
7_vote_structure,S3_current,common_all_sets,SPY|QQQ|SMH|SOXL,4,250,1183,2021-11-29,2026-08-17,vote_count_n,4,,635.0
7_vote_structure,S3_current,common_all_sets,SPY|QQQ|SMH|SOXL,4,250,1183,2021-11-29,2026-08-17,effective_independent_votes,,,1.5534810274637714
7_vote_structure,S3_current,common_all_sets,SPY|QQQ|SMH|SOXL,4,250,1183,2021-11-29,2026-08-17,mean_vote_count,,,2.848689771766695
7_vote_structure,S3_current,common_all_sets,SPY|QQQ|SMH|SOXL,4,250,1183,2021-11-29,2026-08-17,frac_bull,1,,0.8098055790363483
7_vote_structure,S3_current,common_all_sets,SPY|QQQ|SMH|SOXL,4,250,1183,2021-11-29,2026-08-17,flip_fraction_leave_one_out,1,SPY,0.02028740490278952
7_vote_structure,S3_current,common_all_sets,SPY|QQQ|SMH|SOXL,4,250,1183,2021-11-29,2026-08-17,flip_count_leave_one_out,1,SPY,24.0
7_vote_structure,S3_current,common_all_sets,SPY|QQQ|SMH|SOXL,4,250,1183,2021-11-29,2026-08-17,flip_fraction_leave_one_out,1,QQQ,0.0
7_vote_structure,S3_current,common_all_sets,SPY|QQQ|SMH|SOXL,4,250,1183,2021-11-29,2026-08-17,flip_count_leave_one_out,1,QQQ,0.0
7_vote_structure,S3_current,common_all_sets,SPY|QQQ|SMH|SOXL,4,250,1183,2021-11-29,2026-08-17,flip_fraction_leave_one_out,1,SMH,0.014370245139475908
7_vote_structure,S3_current,common_all_sets,SPY|QQQ|SMH|SOXL,4,250,1183,2021-11-29,2026-08-17,flip_count_leave_one_out,1,SMH,17.0
7_vote_structure,S3_current,common_all_sets,SPY|QQQ|SMH|SOXL,4,250,1183,2021-11-29,2026-08-17,flip_fraction_leave_one_out,1,SOXL,0.0
7_vote_structure,S3_current,common_all_sets,SPY|QQQ|SMH|SOXL,4,250,1183,2021-11-29,2026-08-17,flip_count_leave_one_out,1,SOXL,0.0
7_vote_structure,S3_current,common_all_sets,SPY|QQQ|SMH|SOXL,4,250,1183,2021-11-29,2026-08-17,frac_bull,2,,0.7751479289940828
7_vote_structure,S3_current,common_all_sets,SPY|QQQ|SMH|SOXL,4,250,1183,2021-11-29,2026-08-17,flip_fraction_leave_one_out,2,SPY,0.04057480980557904
7_vote_structure,S3_current,common_all_sets,SPY|QQQ|SMH|SOXL,4,250,1183,2021-11-29,2026-08-17,flip_count_leave_one_out,2,SPY,48.0
7_vote_structure,S3_current,common_all_sets,SPY|QQQ|SMH|SOXL,4,250,1183,2021-11-29,2026-08-17,flip_fraction_leave_one_out,2,QQQ,0.023668639053254437
7_vote_structure,S3_current,common_all_sets,SPY|QQQ|SMH|SOXL,4,250,1183,2021-11-29,2026-08-17,flip_count_leave_one_out,2,QQQ,28.0
7_vote_structure,S3_current,common_all_sets,SPY|QQQ|SMH|SOXL,4,250,1183,2021-11-29,2026-08-17,flip_fraction_leave_one_out,2,SMH,0.030431107354184278
7_vote_structure,S3_current,common_all_sets,SPY|QQQ|SMH|SOXL,4,250,1183,2021-11-29,2026-08-17,flip_count_leave_one_out,2,SMH,36.0
7_vote_structure,S3_current,common_all_sets,SPY|QQQ|SMH|SOXL,4,250,1183,2021-11-29,2026-08-17,flip_fraction_leave_one_out,2,SOXL,0.0016906170752324597
7_vote_structure,S3_current,common_all_sets,SPY|QQQ|SMH|SOXL,4,250,1183,2021-11-29,2026-08-17,flip_count_leave_one_out,2,SOXL,2.0
7_vote_structure,S3_current,common_all_sets,SPY|QQQ|SMH|SOXL,4,250,1183,2021-11-29,2026-08-17,frac_bull,3,,0.7269653423499577
7_vote_structure,S3_current,common_all_sets,SPY|QQQ|SMH|SOXL,4,250,1183,2021-11-29,2026-08-17,flip_fraction_leave_one_out,3,SPY,0.18850380388841928
7_vote_structure,S3_current,common_all_sets,SPY|QQQ|SMH|SOXL,4,250,1183,2021-11-29,2026-08-17,flip_count_leave_one_out,3,SPY,223.0
7_vote_structure,S3_current,common_all_sets,SPY|QQQ|SMH|SOXL,4,250,1183,2021-11-29,2026-08-17,flip_fraction_leave_one_out,3,QQQ,0.18850380388841928
7_vote_structure,S3_current,common_all_sets,SPY|QQQ|SMH|SOXL,4,250,1183,2021-11-29,2026-08-17,flip_count_leave_one_out,3,QQQ,223.0
7_vote_structure,S3_current,common_all_sets,SPY|QQQ|SMH|SOXL,4,250,1183,2021-11-29,2026-08-17,flip_fraction_leave_one_out,3,SMH,0.19019442096365174
7_vote_structure,S3_current,common_all_sets,SPY|QQQ|SMH|SOXL,4,250,1183,2021-11-29,2026-08-17,flip_count_leave_one_out,3,SMH,225.0
7_vote_structure,S3_current,common_all_sets,SPY|QQQ|SMH|SOXL,4,250,1183,2021-11-29,2026-08-17,flip_fraction_leave_one_out,3,SOXL,0.0033812341504649195
7_vote_structure,S3_current,common_all_sets,SPY|QQQ|SMH|SOXL,4,250,1183,2021-11-29,2026-08-17,flip_count_leave_one_out,3,SOXL,4.0
7_vote_structure,S3_current,common_all_sets,SPY|QQQ|SMH|SOXL,4,250,1183,2021-11-29,2026-08-17,frac_bull,4,,0.536770921386306
7_vote_structure,S3_current,common_all_sets,SPY|QQQ|SMH|SOXL,4,250,1183,2021-11-29,2026-08-17,flip_fraction_leave_one_out,4,SPY,0.536770921386306
7_vote_structure,S3_current,common_all_sets,SPY|QQQ|SMH|SOXL,4,250,1183,2021-11-29,2026-08-17,flip_count_leave_one_out,4,SPY,635.0
7_vote_structure,S3_current,common_all_sets,SPY|QQQ|SMH|SOXL,4,250,1183,2021-11-29,2026-08-17,flip_fraction_leave_one_out,4,QQQ,0.536770921386306
7_vote_structure,S3_current,common_all_sets,SPY|QQQ|SMH|SOXL,4,250,1183,2021-11-29,2026-08-17,flip_count_leave_one_out,4,QQQ,635.0
7_vote_structure,S3_current,common_all_sets,SPY|QQQ|SMH|SOXL,4,250,1183,2021-11-29,2026-08-17,flip_fraction_leave_one_out,4,SMH,0.536770921386306
7_vote_structure,S3_current,common_all_sets,SPY|QQQ|SMH|SOXL,4,250,1183,2021-11-29,2026-08-17,flip_count_leave_one_out,4,SMH,635.0
7_vote_structure,S3_current,common_all_sets,SPY|QQQ|SMH|SOXL,4,250,1183,2021-11-29,2026-08-17,flip_fraction_leave_one_out,4,SOXL,0.536770921386306
7_vote_structure,S3_current,common_all_sets,SPY|QQQ|SMH|SOXL,4,250,1183,2021-11-29,2026-08-17,flip_count_leave_one_out,4,SOXL,635.0
7_vote_structure,alt1_TLT_for_SOXL,native,SPY|QQQ|SMH|TLT,4,50,6002,2002-10-08,2026-08-17,pairwise_agreement,SPY,QQQ,0.886371209596801
7_vote_structure,alt1_TLT_for_SOXL,native,SPY|QQQ|SMH|TLT,4,50,6002,2002-10-08,2026-08-17,pairwise_agreement,SPY,SMH,0.8193935354881706
7_vote_structure,alt1_TLT_for_SOXL,native,SPY|QQQ|SMH|TLT,4,50,6002,2002-10-08,2026-08-17,pairwise_agreement,SPY,TLT,0.49500166611129626
7_vote_structure,alt1_TLT_for_SOXL,native,SPY|QQQ|SMH|TLT,4,50,6002,2002-10-08,2026-08-17,pairwise_agreement,QQQ,SMH,0.850383205598134
7_vote_structure,alt1_TLT_for_SOXL,native,SPY|QQQ|SMH|TLT,4,50,6002,2002-10-08,2026-08-17,pairwise_agreement,QQQ,TLT,0.4870043318893702
7_vote_structure,alt1_TLT_for_SOXL,native,SPY|QQQ|SMH|TLT,4,50,6002,2002-10-08,2026-08-17,pairwise_agreement,SMH,TLT,0.47800733088970343
7_vote_structure,alt1_TLT_for_SOXL,native,SPY|QQQ|SMH|TLT,4,50,6002,2002-10-08,2026-08-17,pairwise_correlation,SPY,QQQ,0.7318688616270683
7_vote_structure,alt1_TLT_for_SOXL,native,SPY|QQQ|SMH|TLT,4,50,6002,2002-10-08,2026-08-17,pairwise_correlation,SPY,SMH,0.5980119660501488
7_vote_structure,alt1_TLT_for_SOXL,native,SPY|QQQ|SMH|TLT,4,50,6002,2002-10-08,2026-08-17,pairwise_correlation,SPY,TLT,-0.06333472474746067
7_vote_structure,alt1_TLT_for_SOXL,native,SPY|QQQ|SMH|TLT,4,50,6002,2002-10-08,2026-08-17,pairwise_correlation,QQQ,SMH,0.6690561777258369
7_vote_structure,alt1_TLT_for_SOXL,native,SPY|QQQ|SMH|TLT,4,50,6002,2002-10-08,2026-08-17,pairwise_correlation,QQQ,TLT,-0.07575328064585188
7_vote_structure,alt1_TLT_for_SOXL,native,SPY|QQQ|SMH|TLT,4,50,6002,2002-10-08,2026-08-17,pairwise_correlation,SMH,TLT,-0.08041085947515517
7_vote_structure,alt1_TLT_for_SOXL,native,SPY|QQQ|SMH|TLT,4,50,6002,2002-10-08,2026-08-17,vote_count_fraction,0,,0.0838053982005998
7_vote_structure,alt1_TLT_for_SOXL,native,SPY|QQQ|SMH|TLT,4,50,6002,2002-10-08,2026-08-17,vote_count_n,0,,503.0
7_vote_structure,alt1_TLT_for_SOXL,native,SPY|QQQ|SMH|TLT,4,50,6002,2002-10-08,2026-08-17,vote_count_fraction,1,,0.16794401866044653
7_vote_structure,alt1_TLT_for_SOXL,native,SPY|QQQ|SMH|TLT,4,50,6002,2002-10-08,2026-08-17,vote_count_n,1,,1008.0
7_vote_structure,alt1_TLT_for_SOXL,native,SPY|QQQ|SMH|TLT,4,50,6002,2002-10-08,2026-08-17,vote_count_fraction,2,,0.11396201266244585
7_vote_structure,alt1_TLT_for_SOXL,native,SPY|QQQ|SMH|TLT,4,50,6002,2002-10-08,2026-08-17,vote_count_n,2,,684.0
7_vote_structure,alt1_TLT_for_SOXL,native,SPY|QQQ|SMH|TLT,4,50,6002,2002-10-08,2026-08-17,vote_count_fraction,3,,0.3413862045984672
7_vote_structure,alt1_TLT_for_SOXL,native,SPY|QQQ|SMH|TLT,4,50,6002,2002-10-08,2026-08-17,vote_count_n,3,,2049.0
7_vote_structure,alt1_TLT_for_SOXL,native,SPY|QQQ|SMH|TLT,4,50,6002,2002-10-08,2026-08-17,vote_count_fraction,4,,0.29290236587804064
7_vote_structure,alt1_TLT_for_SOXL,native,SPY|QQQ|SMH|TLT,4,50,6002,2002-10-08,2026-08-17,vote_count_n,4,,1758.0
7_vote_structure,alt1_TLT_for_SOXL,native,SPY|QQQ|SMH|TLT,4,50,6002,2002-10-08,2026-08-17,effective_independent_votes,,,2.383007537489815
7_vote_structure,alt1_TLT_for_SOXL,native,SPY|QQQ|SMH|TLT,4,50,6002,2002-10-08,2026-08-17,mean_vote_count,,,2.591636121292902
7_vote_structure,alt1_TLT_for_SOXL,native,SPY|QQQ|SMH|TLT,4,50,6002,2002-10-08,2026-08-17,frac_bull,1,,0.9161946017994002
7_vote_structure,alt1_TLT_for_SOXL,native,SPY|QQQ|SMH|TLT,4,50,6002,2002-10-08,2026-08-17,flip_fraction_leave_one_out,1,SPY,0.017494168610463177
7_vote_structure,alt1_TLT_for_SOXL,native,SPY|QQQ|SMH|TLT,4,50,6002,2002-10-08,2026-08-17,flip_count_leave_one_out,1,SPY,105.0
7_vote_structure,alt1_TLT_for_SOXL,native,SPY|QQQ|SMH|TLT,4,50,6002,2002-10-08,2026-08-17,flip_fraction_leave_one_out,1,QQQ,0.006331222925691436
7_vote_structure,alt1_TLT_for_SOXL,native,SPY|QQQ|SMH|TLT,4,50,6002,2002-10-08,2026-08-17,flip_count_leave_one_out,1,QQQ,38.0
7_vote_structure,alt1_TLT_for_SOXL,native,SPY|QQQ|SMH|TLT,4,50,6002,2002-10-08,2026-08-17,flip_fraction_leave_one_out,1,SMH,0.009496834388537155
7_vote_structure,alt1_TLT_for_SOXL,native,SPY|QQQ|SMH|TLT,4,50,6002,2002-10-08,2026-08-17,flip_count_leave_one_out,1,SMH,57.0
7_vote_structure,alt1_TLT_for_SOXL,native,SPY|QQQ|SMH|TLT,4,50,6002,2002-10-08,2026-08-17,flip_fraction_leave_one_out,1,TLT,0.13462179273575475
7_vote_structure,alt1_TLT_for_SOXL,native,SPY|QQQ|SMH|TLT,4,50,6002,2002-10-08,2026-08-17,flip_count_leave_one_out,1,TLT,808.0
7_vote_structure,alt1_TLT_for_SOXL,native,SPY|QQQ|SMH|TLT,4,50,6002,2002-10-08,2026-08-17,frac_bull,2,,0.7482505831389537
7_vote_structure,alt1_TLT_for_SOXL,native,SPY|QQQ|SMH|TLT,4,50,6002,2002-10-08,2026-08-17,flip_fraction_leave_one_out,2,SPY,0.06614461846051316
7_vote_structure,alt1_TLT_for_SOXL,native,SPY|QQQ|SMH|TLT,4,50,6002,2002-10-08,2026-08-17,flip_count_leave_one_out,2,SPY,397.0
7_vote_structure,alt1_TLT_for_SOXL,native,SPY|QQQ|SMH|TLT,4,50,6002,2002-10-08,2026-08-17,flip_fraction_leave_one_out,2,QQQ,0.06097967344218594
7_vote_structure,alt1_TLT_for_SOXL,native,SPY|QQQ|SMH|TLT,4,50,6002,2002-10-08,2026-08-17,flip_count_leave_one_out,2,QQQ,366.0
7_vote_structure,alt1_TLT_for_SOXL,native,SPY|QQQ|SMH|TLT,4,50,6002,2002-10-08,2026-08-17,flip_fraction_leave_one_out,2,SMH,0.04498500499833389
7_vote_structure,alt1_TLT_for_SOXL,native,SPY|QQQ|SMH|TLT,4,50,6002,2002-10-08,2026-08-17,flip_count_leave_one_out,2,SMH,270.0
7_vote_structure,alt1_TLT_for_SOXL,native,SPY|QQQ|SMH|TLT,4,50,6002,2002-10-08,2026-08-17,flip_fraction_leave_one_out,2,TLT,0.05581472842385871
7_vote_structure,alt1_TLT_for_SOXL,native,SPY|QQQ|SMH|TLT,4,50,6002,2002-10-08,2026-08-17,flip_count_leave_one_out,2,TLT,335.0
7_vote_structure,alt1_TLT_for_SOXL,native,SPY|QQQ|SMH|TLT,4,50,6002,2002-10-08,2026-08-17,frac_bull,3,,0.6342885704765079
7_vote_structure,alt1_TLT_for_SOXL,native,SPY|QQQ|SMH|TLT,4,50,6002,2002-10-08,2026-08-17,flip_fraction_leave_one_out,3,SPY,0.327890703098967
7_vote_structure,alt1_TLT_for_SOXL,native,SPY|QQQ|SMH|TLT,4,50,6002,2002-10-08,2026-08-17,flip_count_leave_one_out,3,SPY,1968.0
7_vote_structure,alt1_TLT_for_SOXL,native,SPY|QQQ|SMH|TLT,4,50,6002,2002-10-08,2026-08-17,flip_fraction_leave_one_out,3,QQQ,0.32822392535821393
7_vote_structure,alt1_TLT_for_SOXL,native,SPY|QQQ|SMH|TLT,4,50,6002,2002-10-08,2026-08-17,flip_count_leave_one_out,3,QQQ,1970.0
7_vote_structure,alt1_TLT_for_SOXL,native,SPY|QQQ|SMH|TLT,4,50,6002,2002-10-08,2026-08-17,flip_fraction_leave_one_out,3,SMH,0.293402199266911
7_vote_structure,alt1_TLT_for_SOXL,native,SPY|QQQ|SMH|TLT,4,50,6002,2002-10-08,2026-08-17,flip_count_leave_one_out,3,SMH,1761.0
7_vote_structure,alt1_TLT_for_SOXL,native,SPY|QQQ|SMH|TLT,4,50,6002,2002-10-08,2026-08-17,flip_fraction_leave_one_out,3,TLT,0.07464178607130956
7_vote_structure,alt1_TLT_for_SOXL,native,SPY|QQQ|SMH|TLT,4,50,6002,2002-10-08,2026-08-17,flip_count_leave_one_out,3,TLT,448.0
7_vote_structure,alt1_TLT_for_SOXL,native,SPY|QQQ|SMH|TLT,4,50,6002,2002-10-08,2026-08-17,frac_bull,4,,0.29290236587804064
7_vote_structure,alt1_TLT_for_SOXL,native,SPY|QQQ|SMH|TLT,4,50,6002,2002-10-08,2026-08-17,flip_fraction_leave_one_out,4,SPY,0.29290236587804064
7_vote_structure,alt1_TLT_for_SOXL,native,SPY|QQQ|SMH|TLT,4,50,6002,2002-10-08,2026-08-17,flip_count_leave_one_out,4,SPY,1758.0
7_vote_structure,alt1_TLT_for_SOXL,native,SPY|QQQ|SMH|TLT,4,50,6002,2002-10-08,2026-08-17,flip_fraction_leave_one_out,4,QQQ,0.29290236587804064
7_vote_structure,alt1_TLT_for_SOXL,native,SPY|QQQ|SMH|TLT,4,50,6002,2002-10-08,2026-08-17,flip_count_leave_one_out,4,QQQ,1758.0
7_vote_structure,alt1_TLT_for_SOXL,native,SPY|QQQ|SMH|TLT,4,50,6002,2002-10-08,2026-08-17,flip_fraction_leave_one_out,4,SMH,0.29290236587804064
7_vote_structure,alt1_TLT_for_SOXL,native,SPY|QQQ|SMH|TLT,4,50,6002,2002-10-08,2026-08-17,flip_count_leave_one_out,4,SMH,1758.0
7_vote_structure,alt1_TLT_for_SOXL,native,SPY|QQQ|SMH|TLT,4,50,6002,2002-10-08,2026-08-17,flip_fraction_leave_one_out,4,TLT,0.29290236587804064
7_vote_structure,alt1_TLT_for_SOXL,native,SPY|QQQ|SMH|TLT,4,50,6002,2002-10-08,2026-08-17,flip_count_leave_one_out,4,TLT,1758.0
7_vote_structure,alt1_TLT_for_SOXL,common_with_S3,SPY|QQQ|SMH|TLT,4,50,4085,2010-05-20,2026-08-17,pairwise_agreement,SPY,QQQ,0.8962056303549572
7_vote_structure,alt1_TLT_for_SOXL,common_with_S3,SPY|QQQ|SMH|TLT,4,50,4085,2010-05-20,2026-08-17,pairwise_agreement,SPY,SMH,0.8335373317013464
7_vote_structure,alt1_TLT_for_SOXL,common_with_S3,SPY|QQQ|SMH|TLT,4,50,4085,2010-05-20,2026-08-17,pairwise_agreement,SPY,TLT,0.5042839657282742
7_vote_structure,alt1_TLT_for_SOXL,common_with_S3,SPY|QQQ|SMH|TLT,4,50,4085,2010-05-20,2026-08-17,pairwise_agreement,QQQ,SMH,0.8550795593635251
7_vote_structure,alt1_TLT_for_SOXL,common_with_S3,SPY|QQQ|SMH|TLT,4,50,4085,2010-05-20,2026-08-17,pairwise_agreement,QQQ,TLT,0.5003671970624235
7_vote_structure,alt1_TLT_for_SOXL,common_with_S3,SPY|QQQ|SMH|TLT,4,50,4085,2010-05-20,2026-08-17,pairwise_agreement,SMH,TLT,0.4969400244798042
7_vote_structure,alt1_TLT_for_SOXL,common_with_S3,SPY|QQQ|SMH|TLT,4,50,4085,2010-05-20,2026-08-17,pairwise_correlation,SPY,QQQ,0.7406160947177778
7_vote_structure,alt1_TLT_for_SOXL,common_with_S3,SPY|QQQ|SMH|TLT,4,50,4085,2010-05-20,2026-08-17,pairwise_correlation,SPY,SMH,0.6042517384392043
7_vote_structure,alt1_TLT_for_SOXL,common_with_S3,SPY|QQQ|SMH|TLT,4,50,4085,2010-05-20,2026-08-17,pairwise_correlation,SPY,TLT,-0.03504896452925535
7_vote_structure,alt1_TLT_for_SOXL,common_with_S3,SPY|QQQ|SMH|TLT,4,50,4085,2010-05-20,2026-08-17,pairwise_correlation,QQQ,SMH,0.658013792927455
7_vote_structure,alt1_TLT_for_SOXL,common_with_S3,SPY|QQQ|SMH|TLT,4,50,4085,2010-05-20,2026-08-17,pairwise_correlation,QQQ,TLT,-0.04096164813636158
7_vote_structure,alt1_TLT_for_SOXL,common_with_S3,SPY|QQQ|SMH|TLT,4,50,4085,2010-05-20,2026-08-17,pairwise_correlation,SMH,TLT,-0.04024776177432075
7_vote_structure,alt1_TLT_for_SOXL,common_with_S3,SPY|QQQ|SMH|TLT,4,50,4085,2010-05-20,2026-08-17,vote_count_fraction,0,,0.08396572827417381
7_vote_structure,alt1_TLT_for_SOXL,common_with_S3,SPY|QQQ|SMH|TLT,4,50,4085,2010-05-20,2026-08-17,vote_count_n,0,,343.0
7_vote_structure,alt1_TLT_for_SOXL,common_with_S3,SPY|QQQ|SMH|TLT,4,50,4085,2010-05-20,2026-08-17,vote_count_fraction,1,,0.1412484700122399
7_vote_structure,alt1_TLT_for_SOXL,common_with_S3,SPY|QQQ|SMH|TLT,4,50,4085,2010-05-20,2026-08-17,vote_count_n,1,,577.0
7_vote_structure,alt1_TLT_for_SOXL,common_with_S3,SPY|QQQ|SMH|TLT,4,50,4085,2010-05-20,2026-08-17,vote_count_fraction,2,,0.10624235006119952
7_vote_structure,alt1_TLT_for_SOXL,common_with_S3,SPY|QQQ|SMH|TLT,4,50,4085,2010-05-20,2026-08-17,vote_count_n,2,,434.0
7_vote_structure,alt1_TLT_for_SOXL,common_with_S3,SPY|QQQ|SMH|TLT,4,50,4085,2010-05-20,2026-08-17,vote_count_fraction,3,,0.35495716034271724
7_vote_structure,alt1_TLT_for_SOXL,common_with_S3,SPY|QQQ|SMH|TLT,4,50,4085,2010-05-20,2026-08-17,vote_count_n,3,,1450.0
7_vote_structure,alt1_TLT_for_SOXL,common_with_S3,SPY|QQQ|SMH|TLT,4,50,4085,2010-05-20,2026-08-17,vote_count_fraction,4,,0.31358629130966953
7_vote_structure,alt1_TLT_for_SOXL,common_with_S3,SPY|QQQ|SMH|TLT,4,50,4085,2010-05-20,2026-08-17,vote_count_n,4,,1281.0
7_vote_structure,alt1_TLT_for_SOXL,common_with_S3,SPY|QQQ|SMH|TLT,4,50,4085,2010-05-20,2026-08-17,effective_independent_votes,,,2.3872468377409715
7_vote_structure,alt1_TLT_for_SOXL,common_with_S3,SPY|QQQ|SMH|TLT,4,50,4085,2010-05-20,2026-08-17,mean_vote_count,,,2.6729498164014687
7_vote_structure,alt1_TLT_for_SOXL,common_with_S3,SPY|QQQ|SMH|TLT,4,50,4085,2010-05-20,2026-08-17,frac_bull,1,,0.9160342717258262
7_vote_structure,alt1_TLT_for_SOXL,common_with_S3,SPY|QQQ|SMH|TLT,4,50,4085,2010-05-20,2026-08-17,flip_fraction_leave_one_out,1,SPY,0.017135862913096694
7_vote_structure,alt1_TLT_for_SOXL,common_with_S3,SPY|QQQ|SMH|TLT,4,50,4085,2010-05-20,2026-08-17,flip_count_leave_one_out,1,SPY,70.0
7_vote_structure,alt1_TLT_for_SOXL,common_with_S3,SPY|QQQ|SMH|TLT,4,50,4085,2010-05-20,2026-08-17,flip_fraction_leave_one_out,1,QQQ,0.00587515299877601
7_vote_structure,alt1_TLT_for_SOXL,common_with_S3,SPY|QQQ|SMH|TLT,4,50,4085,2010-05-20,2026-08-17,flip_count_leave_one_out,1,QQQ,24.0
7_vote_structure,alt1_TLT_for_SOXL,common_with_S3,SPY|QQQ|SMH|TLT,4,50,4085,2010-05-20,2026-08-17,flip_fraction_leave_one_out,1,SMH,0.009302325581395349
7_vote_structure,alt1_TLT_for_SOXL,common_with_S3,SPY|QQQ|SMH|TLT,4,50,4085,2010-05-20,2026-08-17,flip_count_leave_one_out,1,SMH,38.0
7_vote_structure,alt1_TLT_for_SOXL,common_with_S3,SPY|QQQ|SMH|TLT,4,50,4085,2010-05-20,2026-08-17,flip_fraction_leave_one_out,1,TLT,0.10893512851897184
7_vote_structure,alt1_TLT_for_SOXL,common_with_S3,SPY|QQQ|SMH|TLT,4,50,4085,2010-05-20,2026-08-17,flip_count_leave_one_out,1,TLT,445.0
7_vote_structure,alt1_TLT_for_SOXL,common_with_S3,SPY|QQQ|SMH|TLT,4,50,4085,2010-05-20,2026-08-17,frac_bull,2,,0.7747858017135862
7_vote_structure,alt1_TLT_for_SOXL,common_with_S3,SPY|QQQ|SMH|TLT,4,50,4085,2010-05-20,2026-08-17,flip_fraction_leave_one_out,2,SPY,0.05605875152998776
7_vote_structure,alt1_TLT_for_SOXL,common_with_S3,SPY|QQQ|SMH|TLT,4,50,4085,2010-05-20,2026-08-17,flip_count_leave_one_out,2,SPY,229.0
7_vote_structure,alt1_TLT_for_SOXL,common_with_S3,SPY|QQQ|SMH|TLT,4,50,4085,2010-05-20,2026-08-17,flip_fraction_leave_one_out,2,QQQ,0.05752753977968176
7_vote_structure,alt1_TLT_for_SOXL,common_with_S3,SPY|QQQ|SMH|TLT,4,50,4085,2010-05-20,2026-08-17,flip_count_leave_one_out,2,QQQ,235.0
7_vote_structure,alt1_TLT_for_SOXL,common_with_S3,SPY|QQQ|SMH|TLT,4,50,4085,2010-05-20,2026-08-17,flip_fraction_leave_one_out,2,SMH,0.04749082007343941
7_vote_structure,alt1_TLT_for_SOXL,common_with_S3,SPY|QQQ|SMH|TLT,4,50,4085,2010-05-20,2026-08-17,flip_count_leave_one_out,2,SMH,194.0
7_vote_structure,alt1_TLT_for_SOXL,common_with_S3,SPY|QQQ|SMH|TLT,4,50,4085,2010-05-20,2026-08-17,flip_fraction_leave_one_out,2,TLT,0.051407588739290085
7_vote_structure,alt1_TLT_for_SOXL,common_with_S3,SPY|QQQ|SMH|TLT,4,50,4085,2010-05-20,2026-08-17,flip_count_leave_one_out,2,TLT,210.0
7_vote_structure,alt1_TLT_for_SOXL,common_with_S3,SPY|QQQ|SMH|TLT,4,50,4085,2010-05-20,2026-08-17,frac_bull,3,,0.6685434516523868
7_vote_structure,alt1_TLT_for_SOXL,common_with_S3,SPY|QQQ|SMH|TLT,4,50,4085,2010-05-20,2026-08-17,flip_fraction_leave_one_out,3,SPY,0.3434516523867809
7_vote_structure,alt1_TLT_for_SOXL,common_with_S3,SPY|QQQ|SMH|TLT,4,50,4085,2010-05-20,2026-08-17,flip_count_leave_one_out,3,SPY,1403.0
7_vote_structure,alt1_TLT_for_SOXL,common_with_S3,SPY|QQQ|SMH|TLT,4,50,4085,2010-05-20,2026-08-17,flip_fraction_leave_one_out,3,QQQ,0.34100367197062426
7_vote_structure,alt1_TLT_for_SOXL,common_with_S3,SPY|QQQ|SMH|TLT,4,50,4085,2010-05-20,2026-08-17,flip_count_leave_one_out,3,QQQ,1393.0
7_vote_structure,alt1_TLT_for_SOXL,common_with_S3,SPY|QQQ|SMH|TLT,4,50,4085,2010-05-20,2026-08-17,flip_fraction_leave_one_out,3,SMH,0.3113831089351285
7_vote_structure,alt1_TLT_for_SOXL,common_with_S3,SPY|QQQ|SMH|TLT,4,50,4085,2010-05-20,2026-08-17,flip_count_leave_one_out,3,SMH,1272.0
7_vote_structure,alt1_TLT_for_SOXL,common_with_S3,SPY|QQQ|SMH|TLT,4,50,4085,2010-05-20,2026-08-17,flip_fraction_leave_one_out,3,TLT,0.06903304773561811
7_vote_structure,alt1_TLT_for_SOXL,common_with_S3,SPY|QQQ|SMH|TLT,4,50,4085,2010-05-20,2026-08-17,flip_count_leave_one_out,3,TLT,282.0
7_vote_structure,alt1_TLT_for_SOXL,common_with_S3,SPY|QQQ|SMH|TLT,4,50,4085,2010-05-20,2026-08-17,frac_bull,4,,0.31358629130966953
7_vote_structure,alt1_TLT_for_SOXL,common_with_S3,SPY|QQQ|SMH|TLT,4,50,4085,2010-05-20,2026-08-17,flip_fraction_leave_one_out,4,SPY,0.31358629130966953
7_vote_structure,alt1_TLT_for_SOXL,common_with_S3,SPY|QQQ|SMH|TLT,4,50,4085,2010-05-20,2026-08-17,flip_count_leave_one_out,4,SPY,1281.0
7_vote_structure,alt1_TLT_for_SOXL,common_with_S3,SPY|QQQ|SMH|TLT,4,50,4085,2010-05-20,2026-08-17,flip_fraction_leave_one_out,4,QQQ,0.31358629130966953
7_vote_structure,alt1_TLT_for_SOXL,common_with_S3,SPY|QQQ|SMH|TLT,4,50,4085,2010-05-20,2026-08-17,flip_count_leave_one_out,4,QQQ,1281.0
7_vote_structure,alt1_TLT_for_SOXL,common_with_S3,SPY|QQQ|SMH|TLT,4,50,4085,2010-05-20,2026-08-17,flip_fraction_leave_one_out,4,SMH,0.31358629130966953
7_vote_structure,alt1_TLT_for_SOXL,common_with_S3,SPY|QQQ|SMH|TLT,4,50,4085,2010-05-20,2026-08-17,flip_count_leave_one_out,4,SMH,1281.0
7_vote_structure,alt1_TLT_for_SOXL,common_with_S3,SPY|QQQ|SMH|TLT,4,50,4085,2010-05-20,2026-08-17,flip_fraction_leave_one_out,4,TLT,0.31358629130966953
7_vote_structure,alt1_TLT_for_SOXL,common_with_S3,SPY|QQQ|SMH|TLT,4,50,4085,2010-05-20,2026-08-17,flip_count_leave_one_out,4,TLT,1281.0
7_vote_structure,alt1_TLT_for_SOXL,common_all_sets,SPY|QQQ|SMH|TLT,4,50,1383,2021-02-12,2026-08-17,pairwise_agreement,SPY,QQQ,0.9045553145336226
7_vote_structure,alt1_TLT_for_SOXL,common_all_sets,SPY|QQQ|SMH|TLT,4,50,1383,2021-02-12,2026-08-17,pairwise_agreement,SPY,SMH,0.836587129428778
7_vote_structure,alt1_TLT_for_SOXL,common_all_sets,SPY|QQQ|SMH|TLT,4,50,1383,2021-02-12,2026-08-17,pairwise_agreement,SPY,TLT,0.5712219812002892
7_vote_structure,alt1_TLT_for_SOXL,common_all_sets,SPY|QQQ|SMH|TLT,4,50,1383,2021-02-12,2026-08-17,pairwise_agreement,QQQ,SMH,0.871294287780188
7_vote_structure,alt1_TLT_for_SOXL,common_all_sets,SPY|QQQ|SMH|TLT,4,50,1383,2021-02-12,2026-08-17,pairwise_agreement,QQQ,TLT,0.5986984815618221
7_vote_structure,alt1_TLT_for_SOXL,common_all_sets,SPY|QQQ|SMH|TLT,4,50,1383,2021-02-12,2026-08-17,pairwise_agreement,SMH,TLT,0.6030368763557483
7_vote_structure,alt1_TLT_for_SOXL,common_all_sets,SPY|QQQ|SMH|TLT,4,50,1383,2021-02-12,2026-08-17,pairwise_correlation,SPY,QQQ,0.7780216545475895
7_vote_structure,alt1_TLT_for_SOXL,common_all_sets,SPY|QQQ|SMH|TLT,4,50,1383,2021-02-12,2026-08-17,pairwise_correlation,SPY,SMH,0.6304360383994576
7_vote_structure,alt1_TLT_for_SOXL,common_all_sets,SPY|QQQ|SMH|TLT,4,50,1383,2021-02-12,2026-08-17,pairwise_correlation,SPY,TLT,0.22852888950603517
7_vote_structure,alt1_TLT_for_SOXL,common_all_sets,SPY|QQQ|SMH|TLT,4,50,1383,2021-02-12,2026-08-17,pairwise_correlation,QQQ,SMH,0.7126233070075988
7_vote_structure,alt1_TLT_for_SOXL,common_all_sets,SPY|QQQ|SMH|TLT,4,50,1383,2021-02-12,2026-08-17,pairwise_correlation,QQQ,TLT,0.26638504421831666
7_vote_structure,alt1_TLT_for_SOXL,common_all_sets,SPY|QQQ|SMH|TLT,4,50,1383,2021-02-12,2026-08-17,pairwise_correlation,SMH,TLT,0.2635172779441594
7_vote_structure,alt1_TLT_for_SOXL,common_all_sets,SPY|QQQ|SMH|TLT,4,50,1383,2021-02-12,2026-08-17,vote_count_fraction,0,,0.1822125813449024
7_vote_structure,alt1_TLT_for_SOXL,common_all_sets,SPY|QQQ|SMH|TLT,4,50,1383,2021-02-12,2026-08-17,vote_count_n,0,,252.0
7_vote_structure,alt1_TLT_for_SOXL,common_all_sets,SPY|QQQ|SMH|TLT,4,50,1383,2021-02-12,2026-08-17,vote_count_fraction,1,,0.09906001446131597
7_vote_structure,alt1_TLT_for_SOXL,common_all_sets,SPY|QQQ|SMH|TLT,4,50,1383,2021-02-12,2026-08-17,vote_count_n,1,,137.0
7_vote_structure,alt1_TLT_for_SOXL,common_all_sets,SPY|QQQ|SMH|TLT,4,50,1383,2021-02-12,2026-08-17,vote_count_fraction,2,,0.08532176428054954
7_vote_structure,alt1_TLT_for_SOXL,common_all_sets,SPY|QQQ|SMH|TLT,4,50,1383,2021-02-12,2026-08-17,vote_count_n,2,,118.0
7_vote_structure,alt1_TLT_for_SOXL,common_all_sets,SPY|QQQ|SMH|TLT,4,50,1383,2021-02-12,2026-08-17,vote_count_fraction,3,,0.32537960954446854
7_vote_structure,alt1_TLT_for_SOXL,common_all_sets,SPY|QQQ|SMH|TLT,4,50,1383,2021-02-12,2026-08-17,vote_count_n,3,,450.0
7_vote_structure,alt1_TLT_for_SOXL,common_all_sets,SPY|QQQ|SMH|TLT,4,50,1383,2021-02-12,2026-08-17,vote_count_fraction,4,,0.3080260303687636
7_vote_structure,alt1_TLT_for_SOXL,common_all_sets,SPY|QQQ|SMH|TLT,4,50,1383,2021-02-12,2026-08-17,vote_count_n,4,,426.0
7_vote_structure,alt1_TLT_for_SOXL,common_all_sets,SPY|QQQ|SMH|TLT,4,50,1383,2021-02-12,2026-08-17,effective_independent_votes,,,2.160278007360058
7_vote_structure,alt1_TLT_for_SOXL,common_all_sets,SPY|QQQ|SMH|TLT,4,50,1383,2021-02-12,2026-08-17,mean_vote_count,,,2.477946493130875
7_vote_structure,alt1_TLT_for_SOXL,common_all_sets,SPY|QQQ|SMH|TLT,4,50,1383,2021-02-12,2026-08-17,frac_bull,1,,0.8177874186550976
7_vote_structure,alt1_TLT_for_SOXL,common_all_sets,SPY|QQQ|SMH|TLT,4,50,1383,2021-02-12,2026-08-17,flip_fraction_leave_one_out,1,SPY,0.036153289949385395
7_vote_structure,alt1_TLT_for_SOXL,common_all_sets,SPY|QQQ|SMH|TLT,4,50,1383,2021-02-12,2026-08-17,flip_count_leave_one_out,1,SPY,50.0
7_vote_structure,alt1_TLT_for_SOXL,common_all_sets,SPY|QQQ|SMH|TLT,4,50,1383,2021-02-12,2026-08-17,flip_fraction_leave_one_out,1,QQQ,0.006507592190889371
7_vote_structure,alt1_TLT_for_SOXL,common_all_sets,SPY|QQQ|SMH|TLT,4,50,1383,2021-02-12,2026-08-17,flip_count_leave_one_out,1,QQQ,9.0
7_vote_structure,alt1_TLT_for_SOXL,common_all_sets,SPY|QQQ|SMH|TLT,4,50,1383,2021-02-12,2026-08-17,flip_fraction_leave_one_out,1,SMH,0.012292118582791034
7_vote_structure,alt1_TLT_for_SOXL,common_all_sets,SPY|QQQ|SMH|TLT,4,50,1383,2021-02-12,2026-08-17,flip_count_leave_one_out,1,SMH,17.0
7_vote_structure,alt1_TLT_for_SOXL,common_all_sets,SPY|QQQ|SMH|TLT,4,50,1383,2021-02-12,2026-08-17,flip_fraction_leave_one_out,1,TLT,0.044107013738250184
7_vote_structure,alt1_TLT_for_SOXL,common_all_sets,SPY|QQQ|SMH|TLT,4,50,1383,2021-02-12,2026-08-17,flip_count_leave_one_out,1,TLT,61.0
7_vote_structure,alt1_TLT_for_SOXL,common_all_sets,SPY|QQQ|SMH|TLT,4,50,1383,2021-02-12,2026-08-17,frac_bull,2,,0.7187274041937817
7_vote_structure,alt1_TLT_for_SOXL,common_all_sets,SPY|QQQ|SMH|TLT,4,50,1383,2021-02-12,2026-08-17,flip_fraction_leave_one_out,2,SPY,0.05929139551699204
7_vote_structure,alt1_TLT_for_SOXL,common_all_sets,SPY|QQQ|SMH|TLT,4,50,1383,2021-02-12,2026-08-17,flip_count_leave_one_out,2,SPY,82.0
7_vote_structure,alt1_TLT_for_SOXL,common_all_sets,SPY|QQQ|SMH|TLT,4,50,1383,2021-02-12,2026-08-17,flip_fraction_leave_one_out,2,QQQ,0.0455531453362256
7_vote_structure,alt1_TLT_for_SOXL,common_all_sets,SPY|QQQ|SMH|TLT,4,50,1383,2021-02-12,2026-08-17,flip_count_leave_one_out,2,QQQ,63.0
7_vote_structure,alt1_TLT_for_SOXL,common_all_sets,SPY|QQQ|SMH|TLT,4,50,1383,2021-02-12,2026-08-17,flip_fraction_leave_one_out,2,SMH,0.04121475054229935
7_vote_structure,alt1_TLT_for_SOXL,common_all_sets,SPY|QQQ|SMH|TLT,4,50,1383,2021-02-12,2026-08-17,flip_count_leave_one_out,2,SMH,57.0
7_vote_structure,alt1_TLT_for_SOXL,common_all_sets,SPY|QQQ|SMH|TLT,4,50,1383,2021-02-12,2026-08-17,flip_fraction_leave_one_out,2,TLT,0.024584237165582067
7_vote_structure,alt1_TLT_for_SOXL,common_all_sets,SPY|QQQ|SMH|TLT,4,50,1383,2021-02-12,2026-08-17,flip_count_leave_one_out,2,TLT,34.0
7_vote_structure,alt1_TLT_for_SOXL,common_all_sets,SPY|QQQ|SMH|TLT,4,50,1383,2021-02-12,2026-08-17,frac_bull,3,,0.6334056399132321
7_vote_structure,alt1_TLT_for_SOXL,common_all_sets,SPY|QQQ|SMH|TLT,4,50,1383,2021-02-12,2026-08-17,flip_fraction_leave_one_out,3,SPY,0.3152566883586406
7_vote_structure,alt1_TLT_for_SOXL,common_all_sets,SPY|QQQ|SMH|TLT,4,50,1383,2021-02-12,2026-08-17,flip_count_leave_one_out,3,SPY,436.0
7_vote_structure,alt1_TLT_for_SOXL,common_all_sets,SPY|QQQ|SMH|TLT,4,50,1383,2021-02-12,2026-08-17,flip_fraction_leave_one_out,3,QQQ,0.31670281995661603
7_vote_structure,alt1_TLT_for_SOXL,common_all_sets,SPY|QQQ|SMH|TLT,4,50,1383,2021-02-12,2026-08-17,flip_count_leave_one_out,3,QQQ,438.0
7_vote_structure,alt1_TLT_for_SOXL,common_all_sets,SPY|QQQ|SMH|TLT,4,50,1383,2021-02-12,2026-08-17,flip_fraction_leave_one_out,3,SMH,0.29067245119305857
7_vote_structure,alt1_TLT_for_SOXL,common_all_sets,SPY|QQQ|SMH|TLT,4,50,1383,2021-02-12,2026-08-17,flip_count_leave_one_out,3,SMH,402.0
7_vote_structure,alt1_TLT_for_SOXL,common_all_sets,SPY|QQQ|SMH|TLT,4,50,1383,2021-02-12,2026-08-17,flip_fraction_leave_one_out,3,TLT,0.05350686912509038
7_vote_structure,alt1_TLT_for_SOXL,common_all_sets,SPY|QQQ|SMH|TLT,4,50,1383,2021-02-12,2026-08-17,flip_count_leave_one_out,3,TLT,74.0
7_vote_structure,alt1_TLT_for_SOXL,common_all_sets,SPY|QQQ|SMH|TLT,4,50,1383,2021-02-12,2026-08-17,frac_bull,4,,0.3080260303687636
7_vote_structure,alt1_TLT_for_SOXL,common_all_sets,SPY|QQQ|SMH|TLT,4,50,1383,2021-02-12,2026-08-17,flip_fraction_leave_one_out,4,SPY,0.3080260303687636
7_vote_structure,alt1_TLT_for_SOXL,common_all_sets,SPY|QQQ|SMH|TLT,4,50,1383,2021-02-12,2026-08-17,flip_count_leave_one_out,4,SPY,426.0
7_vote_structure,alt1_TLT_for_SOXL,common_all_sets,SPY|QQQ|SMH|TLT,4,50,1383,2021-02-12,2026-08-17,flip_fraction_leave_one_out,4,QQQ,0.3080260303687636
7_vote_structure,alt1_TLT_for_SOXL,common_all_sets,SPY|QQQ|SMH|TLT,4,50,1383,2021-02-12,2026-08-17,flip_count_leave_one_out,4,QQQ,426.0
7_vote_structure,alt1_TLT_for_SOXL,common_all_sets,SPY|QQQ|SMH|TLT,4,50,1383,2021-02-12,2026-08-17,flip_fraction_leave_one_out,4,SMH,0.3080260303687636
7_vote_structure,alt1_TLT_for_SOXL,common_all_sets,SPY|QQQ|SMH|TLT,4,50,1383,2021-02-12,2026-08-17,flip_count_leave_one_out,4,SMH,426.0
7_vote_structure,alt1_TLT_for_SOXL,common_all_sets,SPY|QQQ|SMH|TLT,4,50,1383,2021-02-12,2026-08-17,flip_fraction_leave_one_out,4,TLT,0.3080260303687636
7_vote_structure,alt1_TLT_for_SOXL,common_all_sets,SPY|QQQ|SMH|TLT,4,50,1383,2021-02-12,2026-08-17,flip_count_leave_one_out,4,TLT,426.0
7_vote_structure,alt1_TLT_for_SOXL,native,SPY|QQQ|SMH|TLT,4,100,5952,2002-12-18,2026-08-17,pairwise_agreement,SPY,QQQ,0.9042338709677419
7_vote_structure,alt1_TLT_for_SOXL,native,SPY|QQQ|SMH|TLT,4,100,5952,2002-12-18,2026-08-17,pairwise_agreement,SPY,SMH,0.8729838709677419
7_vote_structure,alt1_TLT_for_SOXL,native,SPY|QQQ|SMH|TLT,4,100,5952,2002-12-18,2026-08-17,pairwise_agreement,SPY,TLT,0.5050403225806451
7_vote_structure,alt1_TLT_for_SOXL,native,SPY|QQQ|SMH|TLT,4,100,5952,2002-12-18,2026-08-17,pairwise_agreement,QQQ,SMH,0.8635752688172043
7_vote_structure,alt1_TLT_for_SOXL,native,SPY|QQQ|SMH|TLT,4,100,5952,2002-12-18,2026-08-17,pairwise_agreement,QQQ,TLT,0.5094086021505376
7_vote_structure,alt1_TLT_for_SOXL,native,SPY|QQQ|SMH|TLT,4,100,5952,2002-12-18,2026-08-17,pairwise_agreement,SMH,TLT,0.501008064516129
7_vote_structure,alt1_TLT_for_SOXL,native,SPY|QQQ|SMH|TLT,4,100,5952,2002-12-18,2026-08-17,pairwise_correlation,SPY,QQQ,0.7446580684362182
7_vote_structure,alt1_TLT_for_SOXL,native,SPY|QQQ|SMH|TLT,4,100,5952,2002-12-18,2026-08-17,pairwise_correlation,SPY,SMH,0.6901568970270049
7_vote_structure,alt1_TLT_for_SOXL,native,SPY|QQQ|SMH|TLT,4,100,5952,2002-12-18,2026-08-17,pairwise_correlation,SPY,TLT,-0.0749723086860486
7_vote_structure,alt1_TLT_for_SOXL,native,SPY|QQQ|SMH|TLT,4,100,5952,2002-12-18,2026-08-17,pairwise_correlation,QQQ,SMH,0.6670831543553492
7_vote_structure,alt1_TLT_for_SOXL,native,SPY|QQQ|SMH|TLT,4,100,5952,2002-12-18,2026-08-17,pairwise_correlation,QQQ,TLT,-0.06172574682601447
7_vote_structure,alt1_TLT_for_SOXL,native,SPY|QQQ|SMH|TLT,4,100,5952,2002-12-18,2026-08-17,pairwise_correlation,SMH,TLT,-0.06055887554934855
7_vote_structure,alt1_TLT_for_SOXL,native,SPY|QQQ|SMH|TLT,4,100,5952,2002-12-18,2026-08-17,vote_count_fraction,0,,0.07039650537634409
7_vote_structure,alt1_TLT_for_SOXL,native,SPY|QQQ|SMH|TLT,4,100,5952,2002-12-18,2026-08-17,vote_count_n,0,,419.0
7_vote_structure,alt1_TLT_for_SOXL,native,SPY|QQQ|SMH|TLT,4,100,5952,2002-12-18,2026-08-17,vote_count_fraction,1,,0.13709677419354838
7_vote_structure,alt1_TLT_for_SOXL,native,SPY|QQQ|SMH|TLT,4,100,5952,2002-12-18,2026-08-17,vote_count_n,1,,816.0
7_vote_structure,alt1_TLT_for_SOXL,native,SPY|QQQ|SMH|TLT,4,100,5952,2002-12-18,2026-08-17,vote_count_fraction,2,,0.0907258064516129
7_vote_structure,alt1_TLT_for_SOXL,native,SPY|QQQ|SMH|TLT,4,100,5952,2002-12-18,2026-08-17,vote_count_n,2,,540.0
7_vote_structure,alt1_TLT_for_SOXL,native,SPY|QQQ|SMH|TLT,4,100,5952,2002-12-18,2026-08-17,vote_count_fraction,3,,0.35651881720430106
7_vote_structure,alt1_TLT_for_SOXL,native,SPY|QQQ|SMH|TLT,4,100,5952,2002-12-18,2026-08-17,vote_count_n,3,,2122.0
7_vote_structure,alt1_TLT_for_SOXL,native,SPY|QQQ|SMH|TLT,4,100,5952,2002-12-18,2026-08-17,vote_count_fraction,4,,0.34526209677419356
7_vote_structure,alt1_TLT_for_SOXL,native,SPY|QQQ|SMH|TLT,4,100,5952,2002-12-18,2026-08-17,vote_count_n,4,,2055.0
7_vote_structure,alt1_TLT_for_SOXL,native,SPY|QQQ|SMH|TLT,4,100,5952,2002-12-18,2026-08-17,effective_independent_votes,,,2.29296634305274
7_vote_structure,alt1_TLT_for_SOXL,native,SPY|QQQ|SMH|TLT,4,100,5952,2002-12-18,2026-08-17,mean_vote_count,,,2.7691532258064515
7_vote_structure,alt1_TLT_for_SOXL,native,SPY|QQQ|SMH|TLT,4,100,5952,2002-12-18,2026-08-17,frac_bull,1,,0.9296034946236559
7_vote_structure,alt1_TLT_for_SOXL,native,SPY|QQQ|SMH|TLT,4,100,5952,2002-12-18,2026-08-17,flip_fraction_leave_one_out,1,SPY,0.009072580645161291
7_vote_structure,alt1_TLT_for_SOXL,native,SPY|QQQ|SMH|TLT,4,100,5952,2002-12-18,2026-08-17,flip_count_leave_one_out,1,SPY,54.0
7_vote_structure,alt1_TLT_for_SOXL,native,SPY|QQQ|SMH|TLT,4,100,5952,2002-12-18,2026-08-17,flip_fraction_leave_one_out,1,QQQ,0.005208333333333333
7_vote_structure,alt1_TLT_for_SOXL,native,SPY|QQQ|SMH|TLT,4,100,5952,2002-12-18,2026-08-17,flip_count_leave_one_out,1,QQQ,31.0
7_vote_structure,alt1_TLT_for_SOXL,native,SPY|QQQ|SMH|TLT,4,100,5952,2002-12-18,2026-08-17,flip_fraction_leave_one_out,1,SMH,0.00655241935483871
7_vote_structure,alt1_TLT_for_SOXL,native,SPY|QQQ|SMH|TLT,4,100,5952,2002-12-18,2026-08-17,flip_count_leave_one_out,1,SMH,39.0
7_vote_structure,alt1_TLT_for_SOXL,native,SPY|QQQ|SMH|TLT,4,100,5952,2002-12-18,2026-08-17,flip_fraction_leave_one_out,1,TLT,0.11626344086021505
7_vote_structure,alt1_TLT_for_SOXL,native,SPY|QQQ|SMH|TLT,4,100,5952,2002-12-18,2026-08-17,flip_count_leave_one_out,1,TLT,692.0
7_vote_structure,alt1_TLT_for_SOXL,native,SPY|QQQ|SMH|TLT,4,100,5952,2002-12-18,2026-08-17,frac_bull,2,,0.7925067204301075
7_vote_structure,alt1_TLT_for_SOXL,native,SPY|QQQ|SMH|TLT,4,100,5952,2002-12-18,2026-08-17,flip_fraction_leave_one_out,2,SPY,0.05510752688172043
7_vote_structure,alt1_TLT_for_SOXL,native,SPY|QQQ|SMH|TLT,4,100,5952,2002-12-18,2026-08-17,flip_count_leave_one_out,2,SPY,328.0
7_vote_structure,alt1_TLT_for_SOXL,native,SPY|QQQ|SMH|TLT,4,100,5952,2002-12-18,2026-08-17,flip_fraction_leave_one_out,2,QQQ,0.058299731182795696
7_vote_structure,alt1_TLT_for_SOXL,native,SPY|QQQ|SMH|TLT,4,100,5952,2002-12-18,2026-08-17,flip_count_leave_one_out,2,QQQ,347.0
7_vote_structure,alt1_TLT_for_SOXL,native,SPY|QQQ|SMH|TLT,4,100,5952,2002-12-18,2026-08-17,flip_fraction_leave_one_out,2,SMH,0.02469758064516129
7_vote_structure,alt1_TLT_for_SOXL,native,SPY|QQQ|SMH|TLT,4,100,5952,2002-12-18,2026-08-17,flip_count_leave_one_out,2,SMH,147.0
7_vote_structure,alt1_TLT_for_SOXL,native,SPY|QQQ|SMH|TLT,4,100,5952,2002-12-18,2026-08-17,flip_fraction_leave_one_out,2,TLT,0.04334677419354839
7_vote_structure,alt1_TLT_for_SOXL,native,SPY|QQQ|SMH|TLT,4,100,5952,2002-12-18,2026-08-17,flip_count_leave_one_out,2,TLT,258.0
7_vote_structure,alt1_TLT_for_SOXL,native,SPY|QQQ|SMH|TLT,4,100,5952,2002-12-18,2026-08-17,frac_bull,3,,0.7017809139784946
7_vote_structure,alt1_TLT_for_SOXL,native,SPY|QQQ|SMH|TLT,4,100,5952,2002-12-18,2026-08-17,flip_fraction_leave_one_out,3,SPY,0.3442540322580645
7_vote_structure,alt1_TLT_for_SOXL,native,SPY|QQQ|SMH|TLT,4,100,5952,2002-12-18,2026-08-17,flip_count_leave_one_out,3,SPY,2049.0
7_vote_structure,alt1_TLT_for_SOXL,native,SPY|QQQ|SMH|TLT,4,100,5952,2002-12-18,2026-08-17,flip_fraction_leave_one_out,3,QQQ,0.337869623655914
7_vote_structure,alt1_TLT_for_SOXL,native,SPY|QQQ|SMH|TLT,4,100,5952,2002-12-18,2026-08-17,flip_count_leave_one_out,3,QQQ,2011.0
7_vote_structure,alt1_TLT_for_SOXL,native,SPY|QQQ|SMH|TLT,4,100,5952,2002-12-18,2026-08-17,flip_fraction_leave_one_out,3,SMH,0.31938844086021506
7_vote_structure,alt1_TLT_for_SOXL,native,SPY|QQQ|SMH|TLT,4,100,5952,2002-12-18,2026-08-17,flip_count_leave_one_out,3,SMH,1901.0
7_vote_structure,alt1_TLT_for_SOXL,native,SPY|QQQ|SMH|TLT,4,100,5952,2002-12-18,2026-08-17,flip_fraction_leave_one_out,3,TLT,0.06804435483870967
7_vote_structure,alt1_TLT_for_SOXL,native,SPY|QQQ|SMH|TLT,4,100,5952,2002-12-18,2026-08-17,flip_count_leave_one_out,3,TLT,405.0
7_vote_structure,alt1_TLT_for_SOXL,native,SPY|QQQ|SMH|TLT,4,100,5952,2002-12-18,2026-08-17,frac_bull,4,,0.34526209677419356
7_vote_structure,alt1_TLT_for_SOXL,native,SPY|QQQ|SMH|TLT,4,100,5952,2002-12-18,2026-08-17,flip_fraction_leave_one_out,4,SPY,0.34526209677419356
7_vote_structure,alt1_TLT_for_SOXL,native,SPY|QQQ|SMH|TLT,4,100,5952,2002-12-18,2026-08-17,flip_count_leave_one_out,4,SPY,2055.0
7_vote_structure,alt1_TLT_for_SOXL,native,SPY|QQQ|SMH|TLT,4,100,5952,2002-12-18,2026-08-17,flip_fraction_leave_one_out,4,QQQ,0.34526209677419356
7_vote_structure,alt1_TLT_for_SOXL,native,SPY|QQQ|SMH|TLT,4,100,5952,2002-12-18,2026-08-17,flip_count_leave_one_out,4,QQQ,2055.0
7_vote_structure,alt1_TLT_for_SOXL,native,SPY|QQQ|SMH|TLT,4,100,5952,2002-12-18,2026-08-17,flip_fraction_leave_one_out,4,SMH,0.34526209677419356
7_vote_structure,alt1_TLT_for_SOXL,native,SPY|QQQ|SMH|TLT,4,100,5952,2002-12-18,2026-08-17,flip_count_leave_one_out,4,SMH,2055.0
7_vote_structure,alt1_TLT_for_SOXL,native,SPY|QQQ|SMH|TLT,4,100,5952,2002-12-18,2026-08-17,flip_fraction_leave_one_out,4,TLT,0.34526209677419356
7_vote_structure,alt1_TLT_for_SOXL,native,SPY|QQQ|SMH|TLT,4,100,5952,2002-12-18,2026-08-17,flip_count_leave_one_out,4,TLT,2055.0
7_vote_structure,alt1_TLT_for_SOXL,common_with_S3,SPY|QQQ|SMH|TLT,4,100,4035,2010-08-02,2026-08-17,pairwise_agreement,SPY,QQQ,0.9201982651796778
7_vote_structure,alt1_TLT_for_SOXL,common_with_S3,SPY|QQQ|SMH|TLT,4,100,4035,2010-08-02,2026-08-17,pairwise_agreement,SPY,SMH,0.9033457249070632
7_vote_structure,alt1_TLT_for_SOXL,common_with_S3,SPY|QQQ|SMH|TLT,4,100,4035,2010-08-02,2026-08-17,pairwise_agreement,SPY,TLT,0.5266418835192069
7_vote_structure,alt1_TLT_for_SOXL,common_with_S3,SPY|QQQ|SMH|TLT,4,100,4035,2010-08-02,2026-08-17,pairwise_agreement,QQQ,SMH,0.8765799256505576
7_vote_structure,alt1_TLT_for_SOXL,common_with_S3,SPY|QQQ|SMH|TLT,4,100,4035,2010-08-02,2026-08-17,pairwise_agreement,QQQ,TLT,0.5276332094175961
7_vote_structure,alt1_TLT_for_SOXL,common_with_S3,SPY|QQQ|SMH|TLT,4,100,4035,2010-08-02,2026-08-17,pairwise_agreement,SMH,TLT,0.5197026022304833
7_vote_structure,alt1_TLT_for_SOXL,common_with_S3,SPY|QQQ|SMH|TLT,4,100,4035,2010-08-02,2026-08-17,pairwise_correlation,SPY,QQQ,0.7574847329928711
7_vote_structure,alt1_TLT_for_SOXL,common_with_S3,SPY|QQQ|SMH|TLT,4,100,4035,2010-08-02,2026-08-17,pairwise_correlation,SPY,SMH,0.7254344992947371
7_vote_structure,alt1_TLT_for_SOXL,common_with_S3,SPY|QQQ|SMH|TLT,4,100,4035,2010-08-02,2026-08-17,pairwise_correlation,SPY,TLT,-0.002773947099794738
7_vote_structure,alt1_TLT_for_SOXL,common_with_S3,SPY|QQQ|SMH|TLT,4,100,4035,2010-08-02,2026-08-17,pairwise_correlation,QQQ,SMH,0.6523501387124191
7_vote_structure,alt1_TLT_for_SOXL,common_with_S3,SPY|QQQ|SMH|TLT,4,100,4035,2010-08-02,2026-08-17,pairwise_correlation,QQQ,TLT,0.0034098029195299947
7_vote_structure,alt1_TLT_for_SOXL,common_with_S3,SPY|QQQ|SMH|TLT,4,100,4035,2010-08-02,2026-08-17,pairwise_correlation,SMH,TLT,-0.009337705264845534
7_vote_structure,alt1_TLT_for_SOXL,common_with_S3,SPY|QQQ|SMH|TLT,4,100,4035,2010-08-02,2026-08-17,vote_count_fraction,0,,0.07211895910780669
7_vote_structure,alt1_TLT_for_SOXL,common_with_S3,SPY|QQQ|SMH|TLT,4,100,4035,2010-08-02,2026-08-17,vote_count_n,0,,291.0
7_vote_structure,alt1_TLT_for_SOXL,common_with_S3,SPY|QQQ|SMH|TLT,4,100,4035,2010-08-02,2026-08-17,vote_count_fraction,1,,0.09888475836431226
7_vote_structure,alt1_TLT_for_SOXL,common_with_S3,SPY|QQQ|SMH|TLT,4,100,4035,2010-08-02,2026-08-17,vote_count_n,1,,399.0
7_vote_structure,alt1_TLT_for_SOXL,common_with_S3,SPY|QQQ|SMH|TLT,4,100,4035,2010-08-02,2026-08-17,vote_count_fraction,2,,0.07162329615861214
7_vote_structure,alt1_TLT_for_SOXL,common_with_S3,SPY|QQQ|SMH|TLT,4,100,4035,2010-08-02,2026-08-17,vote_count_n,2,,289.0
7_vote_structure,alt1_TLT_for_SOXL,common_with_S3,SPY|QQQ|SMH|TLT,4,100,4035,2010-08-02,2026-08-17,vote_count_fraction,3,,0.3809169764560099
7_vote_structure,alt1_TLT_for_SOXL,common_with_S3,SPY|QQQ|SMH|TLT,4,100,4035,2010-08-02,2026-08-17,vote_count_n,3,,1537.0
7_vote_structure,alt1_TLT_for_SOXL,common_with_S3,SPY|QQQ|SMH|TLT,4,100,4035,2010-08-02,2026-08-17,vote_count_fraction,4,,0.376456009913259
7_vote_structure,alt1_TLT_for_SOXL,common_with_S3,SPY|QQQ|SMH|TLT,4,100,4035,2010-08-02,2026-08-17,vote_count_n,4,,1519.0
7_vote_structure,alt1_TLT_for_SOXL,common_with_S3,SPY|QQQ|SMH|TLT,4,100,4035,2010-08-02,2026-08-17,effective_independent_votes,,,2.269049381388443
7_vote_structure,alt1_TLT_for_SOXL,common_with_S3,SPY|QQQ|SMH|TLT,4,100,4035,2010-08-02,2026-08-17,mean_vote_count,,,2.8907063197026024
7_vote_structure,alt1_TLT_for_SOXL,common_with_S3,SPY|QQQ|SMH|TLT,4,100,4035,2010-08-02,2026-08-17,frac_bull,1,,0.9278810408921933
7_vote_structure,alt1_TLT_for_SOXL,common_with_S3,SPY|QQQ|SMH|TLT,4,100,4035,2010-08-02,2026-08-17,flip_fraction_leave_one_out,1,SPY,0.006195786864931847
7_vote_structure,alt1_TLT_for_SOXL,common_with_S3,SPY|QQQ|SMH|TLT,4,100,4035,2010-08-02,2026-08-17,flip_count_leave_one_out,1,SPY,25.0
7_vote_structure,alt1_TLT_for_SOXL,common_with_S3,SPY|QQQ|SMH|TLT,4,100,4035,2010-08-02,2026-08-17,flip_fraction_leave_one_out,1,QQQ,0.0044609665427509295
7_vote_structure,alt1_TLT_for_SOXL,common_with_S3,SPY|QQQ|SMH|TLT,4,100,4035,2010-08-02,2026-08-17,flip_count_leave_one_out,1,QQQ,18.0
7_vote_structure,alt1_TLT_for_SOXL,common_with_S3,SPY|QQQ|SMH|TLT,4,100,4035,2010-08-02,2026-08-17,flip_fraction_leave_one_out,1,SMH,0.0076827757125154895
7_vote_structure,alt1_TLT_for_SOXL,common_with_S3,SPY|QQQ|SMH|TLT,4,100,4035,2010-08-02,2026-08-17,flip_count_leave_one_out,1,SMH,31.0
7_vote_structure,alt1_TLT_for_SOXL,common_with_S3,SPY|QQQ|SMH|TLT,4,100,4035,2010-08-02,2026-08-17,flip_fraction_leave_one_out,1,TLT,0.080545229244114
7_vote_structure,alt1_TLT_for_SOXL,common_with_S3,SPY|QQQ|SMH|TLT,4,100,4035,2010-08-02,2026-08-17,flip_count_leave_one_out,1,TLT,325.0
7_vote_structure,alt1_TLT_for_SOXL,common_with_S3,SPY|QQQ|SMH|TLT,4,100,4035,2010-08-02,2026-08-17,frac_bull,2,,0.828996282527881
7_vote_structure,alt1_TLT_for_SOXL,common_with_S3,SPY|QQQ|SMH|TLT,4,100,4035,2010-08-02,2026-08-17,flip_fraction_leave_one_out,2,SPY,0.04535315985130112
7_vote_structure,alt1_TLT_for_SOXL,common_with_S3,SPY|QQQ|SMH|TLT,4,100,4035,2010-08-02,2026-08-17,flip_count_leave_one_out,2,SPY,183.0
7_vote_structure,alt1_TLT_for_SOXL,common_with_S3,SPY|QQQ|SMH|TLT,4,100,4035,2010-08-02,2026-08-17,flip_fraction_leave_one_out,2,QQQ,0.04535315985130112
7_vote_structure,alt1_TLT_for_SOXL,common_with_S3,SPY|QQQ|SMH|TLT,4,100,4035,2010-08-02,2026-08-17,flip_count_leave_one_out,2,QQQ,183.0
7_vote_structure,alt1_TLT_for_SOXL,common_with_S3,SPY|QQQ|SMH|TLT,4,100,4035,2010-08-02,2026-08-17,flip_fraction_leave_one_out,2,SMH,0.023543990086741014
7_vote_structure,alt1_TLT_for_SOXL,common_with_S3,SPY|QQQ|SMH|TLT,4,100,4035,2010-08-02,2026-08-17,flip_count_leave_one_out,2,SMH,95.0
7_vote_structure,alt1_TLT_for_SOXL,common_with_S3,SPY|QQQ|SMH|TLT,4,100,4035,2010-08-02,2026-08-17,flip_fraction_leave_one_out,2,TLT,0.02899628252788104
7_vote_structure,alt1_TLT_for_SOXL,common_with_S3,SPY|QQQ|SMH|TLT,4,100,4035,2010-08-02,2026-08-17,flip_count_leave_one_out,2,TLT,117.0
7_vote_structure,alt1_TLT_for_SOXL,common_with_S3,SPY|QQQ|SMH|TLT,4,100,4035,2010-08-02,2026-08-17,frac_bull,3,,0.7573729863692689
7_vote_structure,alt1_TLT_for_SOXL,common_with_S3,SPY|QQQ|SMH|TLT,4,100,4035,2010-08-02,2026-08-17,flip_fraction_leave_one_out,3,SPY,0.37372986369268896
7_vote_structure,alt1_TLT_for_SOXL,common_with_S3,SPY|QQQ|SMH|TLT,4,100,4035,2010-08-02,2026-08-17,flip_count_leave_one_out,3,SPY,1508.0
7_vote_structure,alt1_TLT_for_SOXL,common_with_S3,SPY|QQQ|SMH|TLT,4,100,4035,2010-08-02,2026-08-17,flip_fraction_leave_one_out,3,QQQ,0.3591078066914498
7_vote_structure,alt1_TLT_for_SOXL,common_with_S3,SPY|QQQ|SMH|TLT,4,100,4035,2010-08-02,2026-08-17,flip_count_leave_one_out,3,QQQ,1449.0
7_vote_structure,alt1_TLT_for_SOXL,common_with_S3,SPY|QQQ|SMH|TLT,4,100,4035,2010-08-02,2026-08-17,flip_fraction_leave_one_out,3,SMH,0.34993804213135066
7_vote_structure,alt1_TLT_for_SOXL,common_with_S3,SPY|QQQ|SMH|TLT,4,100,4035,2010-08-02,2026-08-17,flip_count_leave_one_out,3,SMH,1412.0
7_vote_structure,alt1_TLT_for_SOXL,common_with_S3,SPY|QQQ|SMH|TLT,4,100,4035,2010-08-02,2026-08-17,flip_fraction_leave_one_out,3,TLT,0.05997521685254027
7_vote_structure,alt1_TLT_for_SOXL,common_with_S3,SPY|QQQ|SMH|TLT,4,100,4035,2010-08-02,2026-08-17,flip_count_leave_one_out,3,TLT,242.0
7_vote_structure,alt1_TLT_for_SOXL,common_with_S3,SPY|QQQ|SMH|TLT,4,100,4035,2010-08-02,2026-08-17,frac_bull,4,,0.376456009913259
7_vote_structure,alt1_TLT_for_SOXL,common_with_S3,SPY|QQQ|SMH|TLT,4,100,4035,2010-08-02,2026-08-17,flip_fraction_leave_one_out,4,SPY,0.376456009913259
7_vote_structure,alt1_TLT_for_SOXL,common_with_S3,SPY|QQQ|SMH|TLT,4,100,4035,2010-08-02,2026-08-17,flip_count_leave_one_out,4,SPY,1519.0
7_vote_structure,alt1_TLT_for_SOXL,common_with_S3,SPY|QQQ|SMH|TLT,4,100,4035,2010-08-02,2026-08-17,flip_fraction_leave_one_out,4,QQQ,0.376456009913259
7_vote_structure,alt1_TLT_for_SOXL,common_with_S3,SPY|QQQ|SMH|TLT,4,100,4035,2010-08-02,2026-08-17,flip_count_leave_one_out,4,QQQ,1519.0
7_vote_structure,alt1_TLT_for_SOXL,common_with_S3,SPY|QQQ|SMH|TLT,4,100,4035,2010-08-02,2026-08-17,flip_fraction_leave_one_out,4,SMH,0.376456009913259
7_vote_structure,alt1_TLT_for_SOXL,common_with_S3,SPY|QQQ|SMH|TLT,4,100,4035,2010-08-02,2026-08-17,flip_count_leave_one_out,4,SMH,1519.0
7_vote_structure,alt1_TLT_for_SOXL,common_with_S3,SPY|QQQ|SMH|TLT,4,100,4035,2010-08-02,2026-08-17,flip_fraction_leave_one_out,4,TLT,0.376456009913259
7_vote_structure,alt1_TLT_for_SOXL,common_with_S3,SPY|QQQ|SMH|TLT,4,100,4035,2010-08-02,2026-08-17,flip_count_leave_one_out,4,TLT,1519.0
7_vote_structure,alt1_TLT_for_SOXL,common_all_sets,SPY|QQQ|SMH|TLT,4,100,1333,2021-04-27,2026-08-17,pairwise_agreement,SPY,QQQ,0.9242310577644411
7_vote_structure,alt1_TLT_for_SOXL,common_all_sets,SPY|QQQ|SMH|TLT,4,100,1333,2021-04-27,2026-08-17,pairwise_agreement,SPY,SMH,0.8979744936234059
7_vote_structure,alt1_TLT_for_SOXL,common_all_sets,SPY|QQQ|SMH|TLT,4,100,1333,2021-04-27,2026-08-17,pairwise_agreement,SPY,TLT,0.5663915978994749
7_vote_structure,alt1_TLT_for_SOXL,common_all_sets,SPY|QQQ|SMH|TLT,4,100,1333,2021-04-27,2026-08-17,pairwise_agreement,QQQ,SMH,0.8792198049512379
7_vote_structure,alt1_TLT_for_SOXL,common_all_sets,SPY|QQQ|SMH|TLT,4,100,1333,2021-04-27,2026-08-17,pairwise_agreement,QQQ,TLT,0.5626406601650412
7_vote_structure,alt1_TLT_for_SOXL,common_all_sets,SPY|QQQ|SMH|TLT,4,100,1333,2021-04-27,2026-08-17,pairwise_agreement,SMH,TLT,0.5738934733683421
7_vote_structure,alt1_TLT_for_SOXL,common_all_sets,SPY|QQQ|SMH|TLT,4,100,1333,2021-04-27,2026-08-17,pairwise_correlation,SPY,QQQ,0.806770827501546
7_vote_structure,alt1_TLT_for_SOXL,common_all_sets,SPY|QQQ|SMH|TLT,4,100,1333,2021-04-27,2026-08-17,pairwise_correlation,SPY,SMH,0.7326955664217729
7_vote_structure,alt1_TLT_for_SOXL,common_all_sets,SPY|QQQ|SMH|TLT,4,100,1333,2021-04-27,2026-08-17,pairwise_correlation,SPY,TLT,0.2817801814571138
7_vote_structure,alt1_TLT_for_SOXL,common_all_sets,SPY|QQQ|SMH|TLT,4,100,1333,2021-04-27,2026-08-17,pairwise_correlation,QQQ,SMH,0.6962074722800657
7_vote_structure,alt1_TLT_for_SOXL,common_all_sets,SPY|QQQ|SMH|TLT,4,100,1333,2021-04-27,2026-08-17,pairwise_correlation,QQQ,TLT,0.23849649487168786
7_vote_structure,alt1_TLT_for_SOXL,common_all_sets,SPY|QQQ|SMH|TLT,4,100,1333,2021-04-27,2026-08-17,pairwise_correlation,SMH,TLT,0.2701840497011236
7_vote_structure,alt1_TLT_for_SOXL,common_all_sets,SPY|QQQ|SMH|TLT,4,100,1333,2021-04-27,2026-08-17,vote_count_fraction,0,,0.17029257314328583
7_vote_structure,alt1_TLT_for_SOXL,common_all_sets,SPY|QQQ|SMH|TLT,4,100,1333,2021-04-27,2026-08-17,vote_count_n,0,,227.0
7_vote_structure,alt1_TLT_for_SOXL,common_all_sets,SPY|QQQ|SMH|TLT,4,100,1333,2021-04-27,2026-08-17,vote_count_fraction,1,,0.05701425356339085
7_vote_structure,alt1_TLT_for_SOXL,common_all_sets,SPY|QQQ|SMH|TLT,4,100,1333,2021-04-27,2026-08-17,vote_count_n,1,,76.0
7_vote_structure,alt1_TLT_for_SOXL,common_all_sets,SPY|QQQ|SMH|TLT,4,100,1333,2021-04-27,2026-08-17,vote_count_fraction,2,,0.07201800450112528
7_vote_structure,alt1_TLT_for_SOXL,common_all_sets,SPY|QQQ|SMH|TLT,4,100,1333,2021-04-27,2026-08-17,vote_count_n,2,,96.0
7_vote_structure,alt1_TLT_for_SOXL,common_all_sets,SPY|QQQ|SMH|TLT,4,100,1333,2021-04-27,2026-08-17,vote_count_fraction,3,,0.37884471117779445
7_vote_structure,alt1_TLT_for_SOXL,common_all_sets,SPY|QQQ|SMH|TLT,4,100,1333,2021-04-27,2026-08-17,vote_count_n,3,,505.0
7_vote_structure,alt1_TLT_for_SOXL,common_all_sets,SPY|QQQ|SMH|TLT,4,100,1333,2021-04-27,2026-08-17,vote_count_fraction,4,,0.3218304576144036
7_vote_structure,alt1_TLT_for_SOXL,common_all_sets,SPY|QQQ|SMH|TLT,4,100,1333,2021-04-27,2026-08-17,vote_count_n,4,,429.0
7_vote_structure,alt1_TLT_for_SOXL,common_all_sets,SPY|QQQ|SMH|TLT,4,100,1333,2021-04-27,2026-08-17,effective_independent_votes,,,2.0609490251305487
7_vote_structure,alt1_TLT_for_SOXL,common_all_sets,SPY|QQQ|SMH|TLT,4,100,1333,2021-04-27,2026-08-17,mean_vote_count,,,2.624906226556639
7_vote_structure,alt1_TLT_for_SOXL,common_all_sets,SPY|QQQ|SMH|TLT,4,100,1333,2021-04-27,2026-08-17,frac_bull,1,,0.8297074268567142
7_vote_structure,alt1_TLT_for_SOXL,common_all_sets,SPY|QQQ|SMH|TLT,4,100,1333,2021-04-27,2026-08-17,flip_fraction_leave_one_out,1,SPY,0.010502625656414103
7_vote_structure,alt1_TLT_for_SOXL,common_all_sets,SPY|QQQ|SMH|TLT,4,100,1333,2021-04-27,2026-08-17,flip_count_leave_one_out,1,SPY,14.0
7_vote_structure,alt1_TLT_for_SOXL,common_all_sets,SPY|QQQ|SMH|TLT,4,100,1333,2021-04-27,2026-08-17,flip_fraction_leave_one_out,1,QQQ,0.00450112528132033
7_vote_structure,alt1_TLT_for_SOXL,common_all_sets,SPY|QQQ|SMH|TLT,4,100,1333,2021-04-27,2026-08-17,flip_count_leave_one_out,1,QQQ,6.0
7_vote_structure,alt1_TLT_for_SOXL,common_all_sets,SPY|QQQ|SMH|TLT,4,100,1333,2021-04-27,2026-08-17,flip_fraction_leave_one_out,1,SMH,0.016504126031507877
7_vote_structure,alt1_TLT_for_SOXL,common_all_sets,SPY|QQQ|SMH|TLT,4,100,1333,2021-04-27,2026-08-17,flip_count_leave_one_out,1,SMH,22.0
7_vote_structure,alt1_TLT_for_SOXL,common_all_sets,SPY|QQQ|SMH|TLT,4,100,1333,2021-04-27,2026-08-17,flip_fraction_leave_one_out,1,TLT,0.025506376594148537
7_vote_structure,alt1_TLT_for_SOXL,common_all_sets,SPY|QQQ|SMH|TLT,4,100,1333,2021-04-27,2026-08-17,flip_count_leave_one_out,1,TLT,34.0
7_vote_structure,alt1_TLT_for_SOXL,common_all_sets,SPY|QQQ|SMH|TLT,4,100,1333,2021-04-27,2026-08-17,frac_bull,2,,0.7726931732933233
7_vote_structure,alt1_TLT_for_SOXL,common_all_sets,SPY|QQQ|SMH|TLT,4,100,1333,2021-04-27,2026-08-17,flip_fraction_leave_one_out,2,SPY,0.060765191297824456
7_vote_structure,alt1_TLT_for_SOXL,common_all_sets,SPY|QQQ|SMH|TLT,4,100,1333,2021-04-27,2026-08-17,flip_count_leave_one_out,2,SPY,81.0
7_vote_structure,alt1_TLT_for_SOXL,common_all_sets,SPY|QQQ|SMH|TLT,4,100,1333,2021-04-27,2026-08-17,flip_fraction_leave_one_out,2,QQQ,0.03975993998499625
7_vote_structure,alt1_TLT_for_SOXL,common_all_sets,SPY|QQQ|SMH|TLT,4,100,1333,2021-04-27,2026-08-17,flip_count_leave_one_out,2,QQQ,53.0
7_vote_structure,alt1_TLT_for_SOXL,common_all_sets,SPY|QQQ|SMH|TLT,4,100,1333,2021-04-27,2026-08-17,flip_fraction_leave_one_out,2,SMH,0.03150787696924231
7_vote_structure,alt1_TLT_for_SOXL,common_all_sets,SPY|QQQ|SMH|TLT,4,100,1333,2021-04-27,2026-08-17,flip_count_leave_one_out,2,SMH,42.0
7_vote_structure,alt1_TLT_for_SOXL,common_all_sets,SPY|QQQ|SMH|TLT,4,100,1333,2021-04-27,2026-08-17,flip_fraction_leave_one_out,2,TLT,0.012003000750187547
7_vote_structure,alt1_TLT_for_SOXL,common_all_sets,SPY|QQQ|SMH|TLT,4,100,1333,2021-04-27,2026-08-17,flip_count_leave_one_out,2,TLT,16.0
7_vote_structure,alt1_TLT_for_SOXL,common_all_sets,SPY|QQQ|SMH|TLT,4,100,1333,2021-04-27,2026-08-17,frac_bull,3,,0.700675168792198
7_vote_structure,alt1_TLT_for_SOXL,common_all_sets,SPY|QQQ|SMH|TLT,4,100,1333,2021-04-27,2026-08-17,flip_fraction_leave_one_out,3,SPY,0.3735933983495874
7_vote_structure,alt1_TLT_for_SOXL,common_all_sets,SPY|QQQ|SMH|TLT,4,100,1333,2021-04-27,2026-08-17,flip_count_leave_one_out,3,SPY,498.0
7_vote_structure,alt1_TLT_for_SOXL,common_all_sets,SPY|QQQ|SMH|TLT,4,100,1333,2021-04-27,2026-08-17,flip_fraction_leave_one_out,3,QQQ,0.3563390847711928
7_vote_structure,alt1_TLT_for_SOXL,common_all_sets,SPY|QQQ|SMH|TLT,4,100,1333,2021-04-27,2026-08-17,flip_count_leave_one_out,3,QQQ,475.0
7_vote_structure,alt1_TLT_for_SOXL,common_all_sets,SPY|QQQ|SMH|TLT,4,100,1333,2021-04-27,2026-08-17,flip_fraction_leave_one_out,3,SMH,0.36084021005251316
7_vote_structure,alt1_TLT_for_SOXL,common_all_sets,SPY|QQQ|SMH|TLT,4,100,1333,2021-04-27,2026-08-17,flip_count_leave_one_out,3,SMH,481.0
7_vote_structure,alt1_TLT_for_SOXL,common_all_sets,SPY|QQQ|SMH|TLT,4,100,1333,2021-04-27,2026-08-17,flip_fraction_leave_one_out,3,TLT,0.04576144036009002
7_vote_structure,alt1_TLT_for_SOXL,common_all_sets,SPY|QQQ|SMH|TLT,4,100,1333,2021-04-27,2026-08-17,flip_count_leave_one_out,3,TLT,61.0
7_vote_structure,alt1_TLT_for_SOXL,common_all_sets,SPY|QQQ|SMH|TLT,4,100,1333,2021-04-27,2026-08-17,frac_bull,4,,0.3218304576144036
7_vote_structure,alt1_TLT_for_SOXL,common_all_sets,SPY|QQQ|SMH|TLT,4,100,1333,2021-04-27,2026-08-17,flip_fraction_leave_one_out,4,SPY,0.3218304576144036
7_vote_structure,alt1_TLT_for_SOXL,common_all_sets,SPY|QQQ|SMH|TLT,4,100,1333,2021-04-27,2026-08-17,flip_count_leave_one_out,4,SPY,429.0
7_vote_structure,alt1_TLT_for_SOXL,common_all_sets,SPY|QQQ|SMH|TLT,4,100,1333,2021-04-27,2026-08-17,flip_fraction_leave_one_out,4,QQQ,0.3218304576144036
7_vote_structure,alt1_TLT_for_SOXL,common_all_sets,SPY|QQQ|SMH|TLT,4,100,1333,2021-04-27,2026-08-17,flip_count_leave_one_out,4,QQQ,429.0
7_vote_structure,alt1_TLT_for_SOXL,common_all_sets,SPY|QQQ|SMH|TLT,4,100,1333,2021-04-27,2026-08-17,flip_fraction_leave_one_out,4,SMH,0.3218304576144036
7_vote_structure,alt1_TLT_for_SOXL,common_all_sets,SPY|QQQ|SMH|TLT,4,100,1333,2021-04-27,2026-08-17,flip_count_leave_one_out,4,SMH,429.0
7_vote_structure,alt1_TLT_for_SOXL,common_all_sets,SPY|QQQ|SMH|TLT,4,100,1333,2021-04-27,2026-08-17,flip_fraction_leave_one_out,4,TLT,0.3218304576144036
7_vote_structure,alt1_TLT_for_SOXL,common_all_sets,SPY|QQQ|SMH|TLT,4,100,1333,2021-04-27,2026-08-17,flip_count_leave_one_out,4,TLT,429.0
7_vote_structure,alt1_TLT_for_SOXL,native,SPY|QQQ|SMH|TLT,4,150,5902,2003-03-04,2026-08-17,pairwise_agreement,SPY,QQQ,0.9107082344967807
7_vote_structure,alt1_TLT_for_SOXL,native,SPY|QQQ|SMH|TLT,4,150,5902,2003-03-04,2026-08-17,pairwise_agreement,SPY,SMH,0.8627583869874619
7_vote_structure,alt1_TLT_for_SOXL,native,SPY|QQQ|SMH|TLT,4,150,5902,2003-03-04,2026-08-17,pairwise_agreement,SPY,TLT,0.5338868180277871
7_vote_structure,alt1_TLT_for_SOXL,native,SPY|QQQ|SMH|TLT,4,150,5902,2003-03-04,2026-08-17,pairwise_agreement,QQQ,SMH,0.8727549983056591
7_vote_structure,alt1_TLT_for_SOXL,native,SPY|QQQ|SMH|TLT,4,150,5902,2003-03-04,2026-08-17,pairwise_agreement,QQQ,TLT,0.5449000338868181
7_vote_structure,alt1_TLT_for_SOXL,native,SPY|QQQ|SMH|TLT,4,150,5902,2003-03-04,2026-08-17,pairwise_agreement,SMH,TLT,0.5121992544900034
7_vote_structure,alt1_TLT_for_SOXL,native,SPY|QQQ|SMH|TLT,4,150,5902,2003-03-04,2026-08-17,pairwise_correlation,SPY,QQQ,0.7275574245069705
7_vote_structure,alt1_TLT_for_SOXL,native,SPY|QQQ|SMH|TLT,4,150,5902,2003-03-04,2026-08-17,pairwise_correlation,SPY,SMH,0.6431909732883694
7_vote_structure,alt1_TLT_for_SOXL,native,SPY|QQQ|SMH|TLT,4,150,5902,2003-03-04,2026-08-17,pairwise_correlation,SPY,TLT,-0.04642028619366419
7_vote_structure,alt1_TLT_for_SOXL,native,SPY|QQQ|SMH|TLT,4,150,5902,2003-03-04,2026-08-17,pairwise_correlation,QQQ,SMH,0.6705518265599953
7_vote_structure,alt1_TLT_for_SOXL,native,SPY|QQQ|SMH|TLT,4,150,5902,2003-03-04,2026-08-17,pairwise_correlation,QQQ,TLT,-0.02092899894081725
7_vote_structure,alt1_TLT_for_SOXL,native,SPY|QQQ|SMH|TLT,4,150,5902,2003-03-04,2026-08-17,pairwise_correlation,SMH,TLT,-0.06181225780942564
7_vote_structure,alt1_TLT_for_SOXL,native,SPY|QQQ|SMH|TLT,4,150,5902,2003-03-04,2026-08-17,vote_count_fraction,0,,0.06065740426973907
7_vote_structure,alt1_TLT_for_SOXL,native,SPY|QQQ|SMH|TLT,4,150,5902,2003-03-04,2026-08-17,vote_count_n,0,,358.0
7_vote_structure,alt1_TLT_for_SOXL,native,SPY|QQQ|SMH|TLT,4,150,5902,2003-03-04,2026-08-17,vote_count_fraction,1,,0.11013215859030837
7_vote_structure,alt1_TLT_for_SOXL,native,SPY|QQQ|SMH|TLT,4,150,5902,2003-03-04,2026-08-17,vote_count_n,1,,650.0
7_vote_structure,alt1_TLT_for_SOXL,native,SPY|QQQ|SMH|TLT,4,150,5902,2003-03-04,2026-08-17,vote_count_fraction,2,,0.07929515418502203
7_vote_structure,alt1_TLT_for_SOXL,native,SPY|QQQ|SMH|TLT,4,150,5902,2003-03-04,2026-08-17,vote_count_n,2,,468.0
7_vote_structure,alt1_TLT_for_SOXL,native,SPY|QQQ|SMH|TLT,4,150,5902,2003-03-04,2026-08-17,vote_count_fraction,3,,0.3717383937648255
7_vote_structure,alt1_TLT_for_SOXL,native,SPY|QQQ|SMH|TLT,4,150,5902,2003-03-04,2026-08-17,vote_count_n,3,,2194.0
7_vote_structure,alt1_TLT_for_SOXL,native,SPY|QQQ|SMH|TLT,4,150,5902,2003-03-04,2026-08-17,vote_count_fraction,4,,0.37817688919010506
7_vote_structure,alt1_TLT_for_SOXL,native,SPY|QQQ|SMH|TLT,4,150,5902,2003-03-04,2026-08-17,vote_count_n,4,,2232.0
7_vote_structure,alt1_TLT_for_SOXL,native,SPY|QQQ|SMH|TLT,4,150,5902,2003-03-04,2026-08-17,effective_independent_votes,,,2.3535726210652976
7_vote_structure,alt1_TLT_for_SOXL,native,SPY|QQQ|SMH|TLT,4,150,5902,2003-03-04,2026-08-17,mean_vote_count,,,2.896645205015249
7_vote_structure,alt1_TLT_for_SOXL,native,SPY|QQQ|SMH|TLT,4,150,5902,2003-03-04,2026-08-17,frac_bull,1,,0.9393425957302609
7_vote_structure,alt1_TLT_for_SOXL,native,SPY|QQQ|SMH|TLT,4,150,5902,2003-03-04,2026-08-17,flip_fraction_leave_one_out,1,SPY,0.009149440867502542
7_vote_structure,alt1_TLT_for_SOXL,native,SPY|QQQ|SMH|TLT,4,150,5902,2003-03-04,2026-08-17,flip_count_leave_one_out,1,SPY,54.0
7_vote_structure,alt1_TLT_for_SOXL,native,SPY|QQQ|SMH|TLT,4,150,5902,2003-03-04,2026-08-17,flip_fraction_leave_one_out,1,QQQ,0.003727549983056591
7_vote_structure,alt1_TLT_for_SOXL,native,SPY|QQQ|SMH|TLT,4,150,5902,2003-03-04,2026-08-17,flip_count_leave_one_out,1,QQQ,22.0
7_vote_structure,alt1_TLT_for_SOXL,native,SPY|QQQ|SMH|TLT,4,150,5902,2003-03-04,2026-08-17,flip_fraction_leave_one_out,1,SMH,0.0042358522534733985
7_vote_structure,alt1_TLT_for_SOXL,native,SPY|QQQ|SMH|TLT,4,150,5902,2003-03-04,2026-08-17,flip_count_leave_one_out,1,SMH,25.0
7_vote_structure,alt1_TLT_for_SOXL,native,SPY|QQQ|SMH|TLT,4,150,5902,2003-03-04,2026-08-17,flip_fraction_leave_one_out,1,TLT,0.09301931548627584
7_vote_structure,alt1_TLT_for_SOXL,native,SPY|QQQ|SMH|TLT,4,150,5902,2003-03-04,2026-08-17,flip_count_leave_one_out,1,TLT,549.0
7_vote_structure,alt1_TLT_for_SOXL,native,SPY|QQQ|SMH|TLT,4,150,5902,2003-03-04,2026-08-17,frac_bull,2,,0.8292104371399526
7_vote_structure,alt1_TLT_for_SOXL,native,SPY|QQQ|SMH|TLT,4,150,5902,2003-03-04,2026-08-17,flip_fraction_leave_one_out,2,SPY,0.04930532023043036
7_vote_structure,alt1_TLT_for_SOXL,native,SPY|QQQ|SMH|TLT,4,150,5902,2003-03-04,2026-08-17,flip_count_leave_one_out,2,SPY,291.0
7_vote_structure,alt1_TLT_for_SOXL,native,SPY|QQQ|SMH|TLT,4,150,5902,2003-03-04,2026-08-17,flip_fraction_leave_one_out,2,QQQ,0.05388004066418163
7_vote_structure,alt1_TLT_for_SOXL,native,SPY|QQQ|SMH|TLT,4,150,5902,2003-03-04,2026-08-17,flip_count_leave_one_out,2,QQQ,318.0
7_vote_structure,alt1_TLT_for_SOXL,native,SPY|QQQ|SMH|TLT,4,150,5902,2003-03-04,2026-08-17,flip_fraction_leave_one_out,2,SMH,0.01711284310403253
7_vote_structure,alt1_TLT_for_SOXL,native,SPY|QQQ|SMH|TLT,4,150,5902,2003-03-04,2026-08-17,flip_count_leave_one_out,2,SMH,101.0
7_vote_structure,alt1_TLT_for_SOXL,native,SPY|QQQ|SMH|TLT,4,150,5902,2003-03-04,2026-08-17,flip_fraction_leave_one_out,2,TLT,0.03829210437139952
7_vote_structure,alt1_TLT_for_SOXL,native,SPY|QQQ|SMH|TLT,4,150,5902,2003-03-04,2026-08-17,flip_count_leave_one_out,2,TLT,226.0
7_vote_structure,alt1_TLT_for_SOXL,native,SPY|QQQ|SMH|TLT,4,150,5902,2003-03-04,2026-08-17,frac_bull,3,,0.7499152829549305
7_vote_structure,alt1_TLT_for_SOXL,native,SPY|QQQ|SMH|TLT,4,150,5902,2003-03-04,2026-08-17,flip_fraction_leave_one_out,3,SPY,0.3547949847509319
7_vote_structure,alt1_TLT_for_SOXL,native,SPY|QQQ|SMH|TLT,4,150,5902,2003-03-04,2026-08-17,flip_count_leave_one_out,3,SPY,2094.0
7_vote_structure,alt1_TLT_for_SOXL,native,SPY|QQQ|SMH|TLT,4,150,5902,2003-03-04,2026-08-17,flip_fraction_leave_one_out,3,QQQ,0.35987800745509996
7_vote_structure,alt1_TLT_for_SOXL,native,SPY|QQQ|SMH|TLT,4,150,5902,2003-03-04,2026-08-17,flip_count_leave_one_out,3,QQQ,2124.0
7_vote_structure,alt1_TLT_for_SOXL,native,SPY|QQQ|SMH|TLT,4,150,5902,2003-03-04,2026-08-17,flip_fraction_leave_one_out,3,SMH,0.32006099627245
7_vote_structure,alt1_TLT_for_SOXL,native,SPY|QQQ|SMH|TLT,4,150,5902,2003-03-04,2026-08-17,flip_count_leave_one_out,3,SMH,1889.0
7_vote_structure,alt1_TLT_for_SOXL,native,SPY|QQQ|SMH|TLT,4,150,5902,2003-03-04,2026-08-17,flip_fraction_leave_one_out,3,TLT,0.08048119281599458
7_vote_structure,alt1_TLT_for_SOXL,native,SPY|QQQ|SMH|TLT,4,150,5902,2003-03-04,2026-08-17,flip_count_leave_one_out,3,TLT,475.0
7_vote_structure,alt1_TLT_for_SOXL,native,SPY|QQQ|SMH|TLT,4,150,5902,2003-03-04,2026-08-17,frac_bull,4,,0.37817688919010506
7_vote_structure,alt1_TLT_for_SOXL,native,SPY|QQQ|SMH|TLT,4,150,5902,2003-03-04,2026-08-17,flip_fraction_leave_one_out,4,SPY,0.37817688919010506
7_vote_structure,alt1_TLT_for_SOXL,native,SPY|QQQ|SMH|TLT,4,150,5902,2003-03-04,2026-08-17,flip_count_leave_one_out,4,SPY,2232.0
7_vote_structure,alt1_TLT_for_SOXL,native,SPY|QQQ|SMH|TLT,4,150,5902,2003-03-04,2026-08-17,flip_fraction_leave_one_out,4,QQQ,0.37817688919010506
7_vote_structure,alt1_TLT_for_SOXL,native,SPY|QQQ|SMH|TLT,4,150,5902,2003-03-04,2026-08-17,flip_count_leave_one_out,4,QQQ,2232.0
7_vote_structure,alt1_TLT_for_SOXL,native,SPY|QQQ|SMH|TLT,4,150,5902,2003-03-04,2026-08-17,flip_fraction_leave_one_out,4,SMH,0.37817688919010506
7_vote_structure,alt1_TLT_for_SOXL,native,SPY|QQQ|SMH|TLT,4,150,5902,2003-03-04,2026-08-17,flip_count_leave_one_out,4,SMH,2232.0
7_vote_structure,alt1_TLT_for_SOXL,native,SPY|QQQ|SMH|TLT,4,150,5902,2003-03-04,2026-08-17,flip_fraction_leave_one_out,4,TLT,0.37817688919010506
7_vote_structure,alt1_TLT_for_SOXL,native,SPY|QQQ|SMH|TLT,4,150,5902,2003-03-04,2026-08-17,flip_count_leave_one_out,4,TLT,2232.0
7_vote_structure,alt1_TLT_for_SOXL,common_with_S3,SPY|QQQ|SMH|TLT,4,150,3985,2010-10-12,2026-08-17,pairwise_agreement,SPY,QQQ,0.9377666248431619
7_vote_structure,alt1_TLT_for_SOXL,common_with_S3,SPY|QQQ|SMH|TLT,4,150,3985,2010-10-12,2026-08-17,pairwise_agreement,SPY,SMH,0.9008782936010038
7_vote_structure,alt1_TLT_for_SOXL,common_with_S3,SPY|QQQ|SMH|TLT,4,150,3985,2010-10-12,2026-08-17,pairwise_agreement,SPY,TLT,0.5678795483061481
7_vote_structure,alt1_TLT_for_SOXL,common_with_S3,SPY|QQQ|SMH|TLT,4,150,3985,2010-10-12,2026-08-17,pairwise_agreement,QQQ,SMH,0.8938519447929737
7_vote_structure,alt1_TLT_for_SOXL,common_with_S3,SPY|QQQ|SMH|TLT,4,150,3985,2010-10-12,2026-08-17,pairwise_agreement,QQQ,TLT,0.5764115432873275
7_vote_structure,alt1_TLT_for_SOXL,common_with_S3,SPY|QQQ|SMH|TLT,4,150,3985,2010-10-12,2026-08-17,pairwise_agreement,SMH,TLT,0.5500627352572146
7_vote_structure,alt1_TLT_for_SOXL,common_with_S3,SPY|QQQ|SMH|TLT,4,150,3985,2010-10-12,2026-08-17,pairwise_correlation,SPY,QQQ,0.7702236293174634
7_vote_structure,alt1_TLT_for_SOXL,common_with_S3,SPY|QQQ|SMH|TLT,4,150,3985,2010-10-12,2026-08-17,pairwise_correlation,SPY,SMH,0.6873218248482024
7_vote_structure,alt1_TLT_for_SOXL,common_with_S3,SPY|QQQ|SMH|TLT,4,150,3985,2010-10-12,2026-08-17,pairwise_correlation,SPY,TLT,0.07729222239065821
7_vote_structure,alt1_TLT_for_SOXL,common_with_S3,SPY|QQQ|SMH|TLT,4,150,3985,2010-10-12,2026-08-17,pairwise_correlation,QQQ,SMH,0.6651410063778607
7_vote_structure,alt1_TLT_for_SOXL,common_with_S3,SPY|QQQ|SMH|TLT,4,150,3985,2010-10-12,2026-08-17,pairwise_correlation,QQQ,TLT,0.10117704659262512
7_vote_structure,alt1_TLT_for_SOXL,common_with_S3,SPY|QQQ|SMH|TLT,4,150,3985,2010-10-12,2026-08-17,pairwise_correlation,SMH,TLT,0.04120369283914369
7_vote_structure,alt1_TLT_for_SOXL,common_with_S3,SPY|QQQ|SMH|TLT,4,150,3985,2010-10-12,2026-08-17,vote_count_fraction,0,,0.071267252195734
7_vote_structure,alt1_TLT_for_SOXL,common_with_S3,SPY|QQQ|SMH|TLT,4,150,3985,2010-10-12,2026-08-17,vote_count_n,0,,284.0
7_vote_structure,alt1_TLT_for_SOXL,common_with_S3,SPY|QQQ|SMH|TLT,4,150,3985,2010-10-12,2026-08-17,vote_count_fraction,1,,0.06599749058971142
7_vote_structure,alt1_TLT_for_SOXL,common_with_S3,SPY|QQQ|SMH|TLT,4,150,3985,2010-10-12,2026-08-17,vote_count_n,1,,263.0
7_vote_structure,alt1_TLT_for_SOXL,common_with_S3,SPY|QQQ|SMH|TLT,4,150,3985,2010-10-12,2026-08-17,vote_count_fraction,2,,0.056963613550815556
7_vote_structure,alt1_TLT_for_SOXL,common_with_S3,SPY|QQQ|SMH|TLT,4,150,3985,2010-10-12,2026-08-17,vote_count_n,2,,227.0
7_vote_structure,alt1_TLT_for_SOXL,common_with_S3,SPY|QQQ|SMH|TLT,4,150,3985,2010-10-12,2026-08-17,vote_count_fraction,3,,0.3824341279799247
7_vote_structure,alt1_TLT_for_SOXL,common_with_S3,SPY|QQQ|SMH|TLT,4,150,3985,2010-10-12,2026-08-17,vote_count_n,3,,1524.0
7_vote_structure,alt1_TLT_for_SOXL,common_with_S3,SPY|QQQ|SMH|TLT,4,150,3985,2010-10-12,2026-08-17,vote_count_fraction,4,,0.4233375156838143
7_vote_structure,alt1_TLT_for_SOXL,common_with_S3,SPY|QQQ|SMH|TLT,4,150,3985,2010-10-12,2026-08-17,vote_count_n,4,,1687.0
7_vote_structure,alt1_TLT_for_SOXL,common_with_S3,SPY|QQQ|SMH|TLT,4,150,3985,2010-10-12,2026-08-17,effective_independent_votes,,,2.2688747523131982
7_vote_structure,alt1_TLT_for_SOXL,common_with_S3,SPY|QQQ|SMH|TLT,4,150,3985,2010-10-12,2026-08-17,mean_vote_count,,,3.0205771643663737
7_vote_structure,alt1_TLT_for_SOXL,common_with_S3,SPY|QQQ|SMH|TLT,4,150,3985,2010-10-12,2026-08-17,frac_bull,1,,0.928732747804266
7_vote_structure,alt1_TLT_for_SOXL,common_with_S3,SPY|QQQ|SMH|TLT,4,150,3985,2010-10-12,2026-08-17,flip_fraction_leave_one_out,1,SPY,0.00602258469259724
7_vote_structure,alt1_TLT_for_SOXL,common_with_S3,SPY|QQQ|SMH|TLT,4,150,3985,2010-10-12,2026-08-17,flip_count_leave_one_out,1,SPY,24.0
7_vote_structure,alt1_TLT_for_SOXL,common_with_S3,SPY|QQQ|SMH|TLT,4,150,3985,2010-10-12,2026-08-17,flip_fraction_leave_one_out,1,QQQ,0.0035131744040150566
7_vote_structure,alt1_TLT_for_SOXL,common_with_S3,SPY|QQQ|SMH|TLT,4,150,3985,2010-10-12,2026-08-17,flip_count_leave_one_out,1,QQQ,14.0
7_vote_structure,alt1_TLT_for_SOXL,common_with_S3,SPY|QQQ|SMH|TLT,4,150,3985,2010-10-12,2026-08-17,flip_fraction_leave_one_out,1,SMH,0.00602258469259724
7_vote_structure,alt1_TLT_for_SOXL,common_with_S3,SPY|QQQ|SMH|TLT,4,150,3985,2010-10-12,2026-08-17,flip_count_leave_one_out,1,SMH,24.0
7_vote_structure,alt1_TLT_for_SOXL,common_with_S3,SPY|QQQ|SMH|TLT,4,150,3985,2010-10-12,2026-08-17,flip_fraction_leave_one_out,1,TLT,0.050439146800501884
7_vote_structure,alt1_TLT_for_SOXL,common_with_S3,SPY|QQQ|SMH|TLT,4,150,3985,2010-10-12,2026-08-17,flip_count_leave_one_out,1,TLT,201.0
7_vote_structure,alt1_TLT_for_SOXL,common_with_S3,SPY|QQQ|SMH|TLT,4,150,3985,2010-10-12,2026-08-17,frac_bull,2,,0.8627352572145546
7_vote_structure,alt1_TLT_for_SOXL,common_with_S3,SPY|QQQ|SMH|TLT,4,150,3985,2010-10-12,2026-08-17,flip_fraction_leave_one_out,2,SPY,0.03914680050188206
7_vote_structure,alt1_TLT_for_SOXL,common_with_S3,SPY|QQQ|SMH|TLT,4,150,3985,2010-10-12,2026-08-17,flip_count_leave_one_out,2,SPY,156.0
7_vote_structure,alt1_TLT_for_SOXL,common_with_S3,SPY|QQQ|SMH|TLT,4,150,3985,2010-10-12,2026-08-17,flip_fraction_leave_one_out,2,QQQ,0.037892095357590964
7_vote_structure,alt1_TLT_for_SOXL,common_with_S3,SPY|QQQ|SMH|TLT,4,150,3985,2010-10-12,2026-08-17,flip_count_leave_one_out,2,QQQ,151.0
7_vote_structure,alt1_TLT_for_SOXL,common_with_S3,SPY|QQQ|SMH|TLT,4,150,3985,2010-10-12,2026-08-17,flip_fraction_leave_one_out,2,SMH,0.013550815558343789
7_vote_structure,alt1_TLT_for_SOXL,common_with_S3,SPY|QQQ|SMH|TLT,4,150,3985,2010-10-12,2026-08-17,flip_count_leave_one_out,2,SMH,54.0
7_vote_structure,alt1_TLT_for_SOXL,common_with_S3,SPY|QQQ|SMH|TLT,4,150,3985,2010-10-12,2026-08-17,flip_fraction_leave_one_out,2,TLT,0.023337515683814303
7_vote_structure,alt1_TLT_for_SOXL,common_with_S3,SPY|QQQ|SMH|TLT,4,150,3985,2010-10-12,2026-08-17,flip_count_leave_one_out,2,TLT,93.0
7_vote_structure,alt1_TLT_for_SOXL,common_with_S3,SPY|QQQ|SMH|TLT,4,150,3985,2010-10-12,2026-08-17,frac_bull,3,,0.805771643663739
7_vote_structure,alt1_TLT_for_SOXL,common_with_S3,SPY|QQQ|SMH|TLT,4,150,3985,2010-10-12,2026-08-17,flip_fraction_leave_one_out,3,SPY,0.3728983688833124
7_vote_structure,alt1_TLT_for_SOXL,common_with_S3,SPY|QQQ|SMH|TLT,4,150,3985,2010-10-12,2026-08-17,flip_count_leave_one_out,3,SPY,1486.0
7_vote_structure,alt1_TLT_for_SOXL,common_with_S3,SPY|QQQ|SMH|TLT,4,150,3985,2010-10-12,2026-08-17,flip_fraction_leave_one_out,3,QQQ,0.3711417816813049
7_vote_structure,alt1_TLT_for_SOXL,common_with_S3,SPY|QQQ|SMH|TLT,4,150,3985,2010-10-12,2026-08-17,flip_count_leave_one_out,3,QQQ,1479.0
7_vote_structure,alt1_TLT_for_SOXL,common_with_S3,SPY|QQQ|SMH|TLT,4,150,3985,2010-10-12,2026-08-17,flip_fraction_leave_one_out,3,SMH,0.3420326223337516
7_vote_structure,alt1_TLT_for_SOXL,common_with_S3,SPY|QQQ|SMH|TLT,4,150,3985,2010-10-12,2026-08-17,flip_count_leave_one_out,3,SMH,1363.0
7_vote_structure,alt1_TLT_for_SOXL,common_with_S3,SPY|QQQ|SMH|TLT,4,150,3985,2010-10-12,2026-08-17,flip_fraction_leave_one_out,3,TLT,0.06122961104140527
7_vote_structure,alt1_TLT_for_SOXL,common_with_S3,SPY|QQQ|SMH|TLT,4,150,3985,2010-10-12,2026-08-17,flip_count_leave_one_out,3,TLT,244.0
7_vote_structure,alt1_TLT_for_SOXL,common_with_S3,SPY|QQQ|SMH|TLT,4,150,3985,2010-10-12,2026-08-17,frac_bull,4,,0.4233375156838143
7_vote_structure,alt1_TLT_for_SOXL,common_with_S3,SPY|QQQ|SMH|TLT,4,150,3985,2010-10-12,2026-08-17,flip_fraction_leave_one_out,4,SPY,0.4233375156838143
7_vote_structure,alt1_TLT_for_SOXL,common_with_S3,SPY|QQQ|SMH|TLT,4,150,3985,2010-10-12,2026-08-17,flip_count_leave_one_out,4,SPY,1687.0
7_vote_structure,alt1_TLT_for_SOXL,common_with_S3,SPY|QQQ|SMH|TLT,4,150,3985,2010-10-12,2026-08-17,flip_fraction_leave_one_out,4,QQQ,0.4233375156838143
7_vote_structure,alt1_TLT_for_SOXL,common_with_S3,SPY|QQQ|SMH|TLT,4,150,3985,2010-10-12,2026-08-17,flip_count_leave_one_out,4,QQQ,1687.0
7_vote_structure,alt1_TLT_for_SOXL,common_with_S3,SPY|QQQ|SMH|TLT,4,150,3985,2010-10-12,2026-08-17,flip_fraction_leave_one_out,4,SMH,0.4233375156838143
7_vote_structure,alt1_TLT_for_SOXL,common_with_S3,SPY|QQQ|SMH|TLT,4,150,3985,2010-10-12,2026-08-17,flip_count_leave_one_out,4,SMH,1687.0
7_vote_structure,alt1_TLT_for_SOXL,common_with_S3,SPY|QQQ|SMH|TLT,4,150,3985,2010-10-12,2026-08-17,flip_fraction_leave_one_out,4,TLT,0.4233375156838143
7_vote_structure,alt1_TLT_for_SOXL,common_with_S3,SPY|QQQ|SMH|TLT,4,150,3985,2010-10-12,2026-08-17,flip_count_leave_one_out,4,TLT,1687.0
7_vote_structure,alt1_TLT_for_SOXL,common_all_sets,SPY|QQQ|SMH|TLT,4,150,1283,2021-07-08,2026-08-17,pairwise_agreement,SPY,QQQ,0.946219797349961
7_vote_structure,alt1_TLT_for_SOXL,common_all_sets,SPY|QQQ|SMH|TLT,4,150,1283,2021-07-08,2026-08-17,pairwise_agreement,SPY,SMH,0.9220576773187841
7_vote_structure,alt1_TLT_for_SOXL,common_all_sets,SPY|QQQ|SMH|TLT,4,150,1283,2021-07-08,2026-08-17,pairwise_agreement,SPY,TLT,0.6258768511301637
7_vote_structure,alt1_TLT_for_SOXL,common_all_sets,SPY|QQQ|SMH|TLT,4,150,1283,2021-07-08,2026-08-17,pairwise_agreement,QQQ,SMH,0.911925175370226
7_vote_structure,alt1_TLT_for_SOXL,common_all_sets,SPY|QQQ|SMH|TLT,4,150,1283,2021-07-08,2026-08-17,pairwise_agreement,QQQ,TLT,0.642244738893219
7_vote_structure,alt1_TLT_for_SOXL,common_all_sets,SPY|QQQ|SMH|TLT,4,150,1283,2021-07-08,2026-08-17,pairwise_agreement,SMH,TLT,0.6289945440374123
7_vote_structure,alt1_TLT_for_SOXL,common_all_sets,SPY|QQQ|SMH|TLT,4,150,1283,2021-07-08,2026-08-17,pairwise_correlation,SPY,QQQ,0.8541518732946359
7_vote_structure,alt1_TLT_for_SOXL,common_all_sets,SPY|QQQ|SMH|TLT,4,150,1283,2021-07-08,2026-08-17,pairwise_correlation,SPY,SMH,0.7815686496040829
7_vote_structure,alt1_TLT_for_SOXL,common_all_sets,SPY|QQQ|SMH|TLT,4,150,1283,2021-07-08,2026-08-17,pairwise_correlation,SPY,TLT,0.41260949126302554
7_vote_structure,alt1_TLT_for_SOXL,common_all_sets,SPY|QQQ|SMH|TLT,4,150,1283,2021-07-08,2026-08-17,pairwise_correlation,QQQ,SMH,0.7632531354358215
7_vote_structure,alt1_TLT_for_SOXL,common_all_sets,SPY|QQQ|SMH|TLT,4,150,1283,2021-07-08,2026-08-17,pairwise_correlation,QQQ,TLT,0.41623361001323844
7_vote_structure,alt1_TLT_for_SOXL,common_all_sets,SPY|QQQ|SMH|TLT,4,150,1283,2021-07-08,2026-08-17,pairwise_correlation,SMH,TLT,0.39282139809845995
7_vote_structure,alt1_TLT_for_SOXL,common_all_sets,SPY|QQQ|SMH|TLT,4,150,1283,2021-07-08,2026-08-17,vote_count_fraction,0,,0.18238503507404522
7_vote_structure,alt1_TLT_for_SOXL,common_all_sets,SPY|QQQ|SMH|TLT,4,150,1283,2021-07-08,2026-08-17,vote_count_n,0,,234.0
7_vote_structure,alt1_TLT_for_SOXL,common_all_sets,SPY|QQQ|SMH|TLT,4,150,1283,2021-07-08,2026-08-17,vote_count_fraction,1,,0.036632891660171474
7_vote_structure,alt1_TLT_for_SOXL,common_all_sets,SPY|QQQ|SMH|TLT,4,150,1283,2021-07-08,2026-08-17,vote_count_n,1,,47.0
7_vote_structure,alt1_TLT_for_SOXL,common_all_sets,SPY|QQQ|SMH|TLT,4,150,1283,2021-07-08,2026-08-17,vote_count_fraction,2,,0.05533904910366329
7_vote_structure,alt1_TLT_for_SOXL,common_all_sets,SPY|QQQ|SMH|TLT,4,150,1283,2021-07-08,2026-08-17,vote_count_n,2,,71.0
7_vote_structure,alt1_TLT_for_SOXL,common_all_sets,SPY|QQQ|SMH|TLT,4,150,1283,2021-07-08,2026-08-17,vote_count_fraction,3,,0.3304754481683554
7_vote_structure,alt1_TLT_for_SOXL,common_all_sets,SPY|QQQ|SMH|TLT,4,150,1283,2021-07-08,2026-08-17,vote_count_n,3,,424.0
7_vote_structure,alt1_TLT_for_SOXL,common_all_sets,SPY|QQQ|SMH|TLT,4,150,1283,2021-07-08,2026-08-17,vote_count_fraction,4,,0.3951675759937646
7_vote_structure,alt1_TLT_for_SOXL,common_all_sets,SPY|QQQ|SMH|TLT,4,150,1283,2021-07-08,2026-08-17,vote_count_n,4,,507.0
7_vote_structure,alt1_TLT_for_SOXL,common_all_sets,SPY|QQQ|SMH|TLT,4,150,1283,2021-07-08,2026-08-17,effective_independent_votes,,,1.8096329530947102
7_vote_structure,alt1_TLT_for_SOXL,common_all_sets,SPY|QQQ|SMH|TLT,4,150,1283,2021-07-08,2026-08-17,mean_vote_count,,,2.7194076383476227
7_vote_structure,alt1_TLT_for_SOXL,common_all_sets,SPY|QQQ|SMH|TLT,4,150,1283,2021-07-08,2026-08-17,frac_bull,1,,0.8176149649259548
7_vote_structure,alt1_TLT_for_SOXL,common_all_sets,SPY|QQQ|SMH|TLT,4,150,1283,2021-07-08,2026-08-17,flip_fraction_leave_one_out,1,SPY,0.011691348402182385
7_vote_structure,alt1_TLT_for_SOXL,common_all_sets,SPY|QQQ|SMH|TLT,4,150,1283,2021-07-08,2026-08-17,flip_count_leave_one_out,1,SPY,15.0
7_vote_structure,alt1_TLT_for_SOXL,common_all_sets,SPY|QQQ|SMH|TLT,4,150,1283,2021-07-08,2026-08-17,flip_fraction_leave_one_out,1,QQQ,0.002338269680436477
7_vote_structure,alt1_TLT_for_SOXL,common_all_sets,SPY|QQQ|SMH|TLT,4,150,1283,2021-07-08,2026-08-17,flip_count_leave_one_out,1,QQQ,3.0
7_vote_structure,alt1_TLT_for_SOXL,common_all_sets,SPY|QQQ|SMH|TLT,4,150,1283,2021-07-08,2026-08-17,flip_fraction_leave_one_out,1,SMH,0.017926734216679657
7_vote_structure,alt1_TLT_for_SOXL,common_all_sets,SPY|QQQ|SMH|TLT,4,150,1283,2021-07-08,2026-08-17,flip_count_leave_one_out,1,SMH,23.0
7_vote_structure,alt1_TLT_for_SOXL,common_all_sets,SPY|QQQ|SMH|TLT,4,150,1283,2021-07-08,2026-08-17,flip_fraction_leave_one_out,1,TLT,0.004676539360872954
7_vote_structure,alt1_TLT_for_SOXL,common_all_sets,SPY|QQQ|SMH|TLT,4,150,1283,2021-07-08,2026-08-17,flip_count_leave_one_out,1,TLT,6.0
7_vote_structure,alt1_TLT_for_SOXL,common_all_sets,SPY|QQQ|SMH|TLT,4,150,1283,2021-07-08,2026-08-17,frac_bull,2,,0.7809820732657833
7_vote_structure,alt1_TLT_for_SOXL,common_all_sets,SPY|QQQ|SMH|TLT,4,150,1283,2021-07-08,2026-08-17,flip_fraction_leave_one_out,2,SPY,0.05066250974279034
7_vote_structure,alt1_TLT_for_SOXL,common_all_sets,SPY|QQQ|SMH|TLT,4,150,1283,2021-07-08,2026-08-17,flip_count_leave_one_out,2,SPY,65.0
7_vote_structure,alt1_TLT_for_SOXL,common_all_sets,SPY|QQQ|SMH|TLT,4,150,1283,2021-07-08,2026-08-17,flip_fraction_leave_one_out,2,QQQ,0.029618082618862042
7_vote_structure,alt1_TLT_for_SOXL,common_all_sets,SPY|QQQ|SMH|TLT,4,150,1283,2021-07-08,2026-08-17,flip_count_leave_one_out,2,QQQ,38.0
7_vote_structure,alt1_TLT_for_SOXL,common_all_sets,SPY|QQQ|SMH|TLT,4,150,1283,2021-07-08,2026-08-17,flip_fraction_leave_one_out,2,SMH,0.025720966484801246
7_vote_structure,alt1_TLT_for_SOXL,common_all_sets,SPY|QQQ|SMH|TLT,4,150,1283,2021-07-08,2026-08-17,flip_count_leave_one_out,2,SMH,33.0
7_vote_structure,alt1_TLT_for_SOXL,common_all_sets,SPY|QQQ|SMH|TLT,4,150,1283,2021-07-08,2026-08-17,flip_fraction_leave_one_out,2,TLT,0.004676539360872954
7_vote_structure,alt1_TLT_for_SOXL,common_all_sets,SPY|QQQ|SMH|TLT,4,150,1283,2021-07-08,2026-08-17,flip_count_leave_one_out,2,TLT,6.0
7_vote_structure,alt1_TLT_for_SOXL,common_all_sets,SPY|QQQ|SMH|TLT,4,150,1283,2021-07-08,2026-08-17,frac_bull,3,,0.72564302416212
7_vote_structure,alt1_TLT_for_SOXL,common_all_sets,SPY|QQQ|SMH|TLT,4,150,1283,2021-07-08,2026-08-17,flip_fraction_leave_one_out,3,SPY,0.32813717848791896
7_vote_structure,alt1_TLT_for_SOXL,common_all_sets,SPY|QQQ|SMH|TLT,4,150,1283,2021-07-08,2026-08-17,flip_count_leave_one_out,3,SPY,421.0
7_vote_structure,alt1_TLT_for_SOXL,common_all_sets,SPY|QQQ|SMH|TLT,4,150,1283,2021-07-08,2026-08-17,flip_fraction_leave_one_out,3,QQQ,0.32190179267342167
7_vote_structure,alt1_TLT_for_SOXL,common_all_sets,SPY|QQQ|SMH|TLT,4,150,1283,2021-07-08,2026-08-17,flip_count_leave_one_out,3,QQQ,413.0
7_vote_structure,alt1_TLT_for_SOXL,common_all_sets,SPY|QQQ|SMH|TLT,4,150,1283,2021-07-08,2026-08-17,flip_fraction_leave_one_out,3,SMH,0.31878409976617306
7_vote_structure,alt1_TLT_for_SOXL,common_all_sets,SPY|QQQ|SMH|TLT,4,150,1283,2021-07-08,2026-08-17,flip_count_leave_one_out,3,SMH,409.0
7_vote_structure,alt1_TLT_for_SOXL,common_all_sets,SPY|QQQ|SMH|TLT,4,150,1283,2021-07-08,2026-08-17,flip_fraction_leave_one_out,3,TLT,0.02260327357755261
7_vote_structure,alt1_TLT_for_SOXL,common_all_sets,SPY|QQQ|SMH|TLT,4,150,1283,2021-07-08,2026-08-17,flip_count_leave_one_out,3,TLT,29.0
7_vote_structure,alt1_TLT_for_SOXL,common_all_sets,SPY|QQQ|SMH|TLT,4,150,1283,2021-07-08,2026-08-17,frac_bull,4,,0.3951675759937646
7_vote_structure,alt1_TLT_for_SOXL,common_all_sets,SPY|QQQ|SMH|TLT,4,150,1283,2021-07-08,2026-08-17,flip_fraction_leave_one_out,4,SPY,0.3951675759937646
7_vote_structure,alt1_TLT_for_SOXL,common_all_sets,SPY|QQQ|SMH|TLT,4,150,1283,2021-07-08,2026-08-17,flip_count_leave_one_out,4,SPY,507.0
7_vote_structure,alt1_TLT_for_SOXL,common_all_sets,SPY|QQQ|SMH|TLT,4,150,1283,2021-07-08,2026-08-17,flip_fraction_leave_one_out,4,QQQ,0.3951675759937646
7_vote_structure,alt1_TLT_for_SOXL,common_all_sets,SPY|QQQ|SMH|TLT,4,150,1283,2021-07-08,2026-08-17,flip_count_leave_one_out,4,QQQ,507.0
7_vote_structure,alt1_TLT_for_SOXL,common_all_sets,SPY|QQQ|SMH|TLT,4,150,1283,2021-07-08,2026-08-17,flip_fraction_leave_one_out,4,SMH,0.3951675759937646
7_vote_structure,alt1_TLT_for_SOXL,common_all_sets,SPY|QQQ|SMH|TLT,4,150,1283,2021-07-08,2026-08-17,flip_count_leave_one_out,4,SMH,507.0
7_vote_structure,alt1_TLT_for_SOXL,common_all_sets,SPY|QQQ|SMH|TLT,4,150,1283,2021-07-08,2026-08-17,flip_fraction_leave_one_out,4,TLT,0.3951675759937646
7_vote_structure,alt1_TLT_for_SOXL,common_all_sets,SPY|QQQ|SMH|TLT,4,150,1283,2021-07-08,2026-08-17,flip_count_leave_one_out,4,TLT,507.0
7_vote_structure,alt1_TLT_for_SOXL,native,SPY|QQQ|SMH|TLT,4,200,5852,2003-05-14,2026-08-17,pairwise_agreement,SPY,QQQ,0.9152426520847573
7_vote_structure,alt1_TLT_for_SOXL,native,SPY|QQQ|SMH|TLT,4,200,5852,2003-05-14,2026-08-17,pairwise_agreement,SPY,SMH,0.8627819548872181
7_vote_structure,alt1_TLT_for_SOXL,native,SPY|QQQ|SMH|TLT,4,200,5852,2003-05-14,2026-08-17,pairwise_agreement,SPY,TLT,0.5329801777170198
7_vote_structure,alt1_TLT_for_SOXL,native,SPY|QQQ|SMH|TLT,4,200,5852,2003-05-14,2026-08-17,pairwise_agreement,QQQ,SMH,0.8744019138755981
7_vote_structure,alt1_TLT_for_SOXL,native,SPY|QQQ|SMH|TLT,4,200,5852,2003-05-14,2026-08-17,pairwise_agreement,QQQ,TLT,0.5456254272043746
7_vote_structure,alt1_TLT_for_SOXL,native,SPY|QQQ|SMH|TLT,4,200,5852,2003-05-14,2026-08-17,pairwise_agreement,SMH,TLT,0.49965823650034175
7_vote_structure,alt1_TLT_for_SOXL,native,SPY|QQQ|SMH|TLT,4,200,5852,2003-05-14,2026-08-17,pairwise_correlation,SPY,QQQ,0.7270167008673681
7_vote_structure,alt1_TLT_for_SOXL,native,SPY|QQQ|SMH|TLT,4,200,5852,2003-05-14,2026-08-17,pairwise_correlation,SPY,SMH,0.6414420361562275
7_vote_structure,alt1_TLT_for_SOXL,native,SPY|QQQ|SMH|TLT,4,200,5852,2003-05-14,2026-08-17,pairwise_correlation,SPY,TLT,-0.05421856217212113
7_vote_structure,alt1_TLT_for_SOXL,native,SPY|QQQ|SMH|TLT,4,200,5852,2003-05-14,2026-08-17,pairwise_correlation,QQQ,SMH,0.6740572484713989
7_vote_structure,alt1_TLT_for_SOXL,native,SPY|QQQ|SMH|TLT,4,200,5852,2003-05-14,2026-08-17,pairwise_correlation,QQQ,TLT,-0.0189555766586553
7_vote_structure,alt1_TLT_for_SOXL,native,SPY|QQQ|SMH|TLT,4,200,5852,2003-05-14,2026-08-17,pairwise_correlation,SMH,TLT,-0.08770059514816267
7_vote_structure,alt1_TLT_for_SOXL,native,SPY|QQQ|SMH|TLT,4,200,5852,2003-05-14,2026-08-17,vote_count_fraction,0,,0.05673274094326726
7_vote_structure,alt1_TLT_for_SOXL,native,SPY|QQQ|SMH|TLT,4,200,5852,2003-05-14,2026-08-17,vote_count_n,0,,332.0
7_vote_structure,alt1_TLT_for_SOXL,native,SPY|QQQ|SMH|TLT,4,200,5852,2003-05-14,2026-08-17,vote_count_fraction,1,,0.1057758031442242
7_vote_structure,alt1_TLT_for_SOXL,native,SPY|QQQ|SMH|TLT,4,200,5852,2003-05-14,2026-08-17,vote_count_n,1,,619.0
7_vote_structure,alt1_TLT_for_SOXL,native,SPY|QQQ|SMH|TLT,4,200,5852,2003-05-14,2026-08-17,vote_count_fraction,2,,0.07194121667805878
7_vote_structure,alt1_TLT_for_SOXL,native,SPY|QQQ|SMH|TLT,4,200,5852,2003-05-14,2026-08-17,vote_count_n,2,,421.0
7_vote_structure,alt1_TLT_for_SOXL,native,SPY|QQQ|SMH|TLT,4,200,5852,2003-05-14,2026-08-17,vote_count_fraction,3,,0.38807245386192757
7_vote_structure,alt1_TLT_for_SOXL,native,SPY|QQQ|SMH|TLT,4,200,5852,2003-05-14,2026-08-17,vote_count_n,3,,2271.0
7_vote_structure,alt1_TLT_for_SOXL,native,SPY|QQQ|SMH|TLT,4,200,5852,2003-05-14,2026-08-17,vote_count_fraction,4,,0.3774777853725222
7_vote_structure,alt1_TLT_for_SOXL,native,SPY|QQQ|SMH|TLT,4,200,5852,2003-05-14,2026-08-17,vote_count_n,4,,2209.0
7_vote_structure,alt1_TLT_for_SOXL,native,SPY|QQQ|SMH|TLT,4,200,5852,2003-05-14,2026-08-17,effective_independent_votes,,,2.349248224548422
7_vote_structure,alt1_TLT_for_SOXL,native,SPY|QQQ|SMH|TLT,4,200,5852,2003-05-14,2026-08-17,mean_vote_count,,,2.9237867395762134
7_vote_structure,alt1_TLT_for_SOXL,native,SPY|QQQ|SMH|TLT,4,200,5852,2003-05-14,2026-08-17,frac_bull,1,,0.9432672590567327
7_vote_structure,alt1_TLT_for_SOXL,native,SPY|QQQ|SMH|TLT,4,200,5852,2003-05-14,2026-08-17,flip_fraction_leave_one_out,1,SPY,0.01281613123718387
7_vote_structure,alt1_TLT_for_SOXL,native,SPY|QQQ|SMH|TLT,4,200,5852,2003-05-14,2026-08-17,flip_count_leave_one_out,1,SPY,75.0
7_vote_structure,alt1_TLT_for_SOXL,native,SPY|QQQ|SMH|TLT,4,200,5852,2003-05-14,2026-08-17,flip_fraction_leave_one_out,1,QQQ,0.004442925495557075
7_vote_structure,alt1_TLT_for_SOXL,native,SPY|QQQ|SMH|TLT,4,200,5852,2003-05-14,2026-08-17,flip_count_leave_one_out,1,QQQ,26.0
7_vote_structure,alt1_TLT_for_SOXL,native,SPY|QQQ|SMH|TLT,4,200,5852,2003-05-14,2026-08-17,flip_fraction_leave_one_out,1,SMH,0.002734107997265892
7_vote_structure,alt1_TLT_for_SOXL,native,SPY|QQQ|SMH|TLT,4,200,5852,2003-05-14,2026-08-17,flip_count_leave_one_out,1,SMH,16.0
7_vote_structure,alt1_TLT_for_SOXL,native,SPY|QQQ|SMH|TLT,4,200,5852,2003-05-14,2026-08-17,flip_fraction_leave_one_out,1,TLT,0.08578263841421736
7_vote_structure,alt1_TLT_for_SOXL,native,SPY|QQQ|SMH|TLT,4,200,5852,2003-05-14,2026-08-17,flip_count_leave_one_out,1,TLT,502.0
7_vote_structure,alt1_TLT_for_SOXL,native,SPY|QQQ|SMH|TLT,4,200,5852,2003-05-14,2026-08-17,frac_bull,2,,0.8374914559125085
7_vote_structure,alt1_TLT_for_SOXL,native,SPY|QQQ|SMH|TLT,4,200,5852,2003-05-14,2026-08-17,flip_fraction_leave_one_out,2,SPY,0.0449419002050581
7_vote_structure,alt1_TLT_for_SOXL,native,SPY|QQQ|SMH|TLT,4,200,5852,2003-05-14,2026-08-17,flip_count_leave_one_out,2,SPY,263.0
7_vote_structure,alt1_TLT_for_SOXL,native,SPY|QQQ|SMH|TLT,4,200,5852,2003-05-14,2026-08-17,flip_fraction_leave_one_out,2,QQQ,0.04442925495557074
7_vote_structure,alt1_TLT_for_SOXL,native,SPY|QQQ|SMH|TLT,4,200,5852,2003-05-14,2026-08-17,flip_count_leave_one_out,2,QQQ,260.0
7_vote_structure,alt1_TLT_for_SOXL,native,SPY|QQQ|SMH|TLT,4,200,5852,2003-05-14,2026-08-17,flip_fraction_leave_one_out,2,SMH,0.01281613123718387
7_vote_structure,alt1_TLT_for_SOXL,native,SPY|QQQ|SMH|TLT,4,200,5852,2003-05-14,2026-08-17,flip_count_leave_one_out,2,SMH,75.0
7_vote_structure,alt1_TLT_for_SOXL,native,SPY|QQQ|SMH|TLT,4,200,5852,2003-05-14,2026-08-17,flip_fraction_leave_one_out,2,TLT,0.041695146958304855
7_vote_structure,alt1_TLT_for_SOXL,native,SPY|QQQ|SMH|TLT,4,200,5852,2003-05-14,2026-08-17,flip_count_leave_one_out,2,TLT,244.0
7_vote_structure,alt1_TLT_for_SOXL,native,SPY|QQQ|SMH|TLT,4,200,5852,2003-05-14,2026-08-17,frac_bull,3,,0.7655502392344498
7_vote_structure,alt1_TLT_for_SOXL,native,SPY|QQQ|SMH|TLT,4,200,5852,2003-05-14,2026-08-17,flip_fraction_leave_one_out,3,SPY,0.3752563226247437
7_vote_structure,alt1_TLT_for_SOXL,native,SPY|QQQ|SMH|TLT,4,200,5852,2003-05-14,2026-08-17,flip_count_leave_one_out,3,SPY,2196.0
7_vote_structure,alt1_TLT_for_SOXL,native,SPY|QQQ|SMH|TLT,4,200,5852,2003-05-14,2026-08-17,flip_fraction_leave_one_out,3,QQQ,0.3790157211209843
7_vote_structure,alt1_TLT_for_SOXL,native,SPY|QQQ|SMH|TLT,4,200,5852,2003-05-14,2026-08-17,flip_count_leave_one_out,3,QQQ,2218.0
7_vote_structure,alt1_TLT_for_SOXL,native,SPY|QQQ|SMH|TLT,4,200,5852,2003-05-14,2026-08-17,flip_fraction_leave_one_out,3,SMH,0.32809295967190705
7_vote_structure,alt1_TLT_for_SOXL,native,SPY|QQQ|SMH|TLT,4,200,5852,2003-05-14,2026-08-17,flip_count_leave_one_out,3,SMH,1920.0
7_vote_structure,alt1_TLT_for_SOXL,native,SPY|QQQ|SMH|TLT,4,200,5852,2003-05-14,2026-08-17,flip_fraction_leave_one_out,3,TLT,0.08185235816814765
7_vote_structure,alt1_TLT_for_SOXL,native,SPY|QQQ|SMH|TLT,4,200,5852,2003-05-14,2026-08-17,flip_count_leave_one_out,3,TLT,479.0
7_vote_structure,alt1_TLT_for_SOXL,native,SPY|QQQ|SMH|TLT,4,200,5852,2003-05-14,2026-08-17,frac_bull,4,,0.3774777853725222
7_vote_structure,alt1_TLT_for_SOXL,native,SPY|QQQ|SMH|TLT,4,200,5852,2003-05-14,2026-08-17,flip_fraction_leave_one_out,4,SPY,0.3774777853725222
7_vote_structure,alt1_TLT_for_SOXL,native,SPY|QQQ|SMH|TLT,4,200,5852,2003-05-14,2026-08-17,flip_count_leave_one_out,4,SPY,2209.0
7_vote_structure,alt1_TLT_for_SOXL,native,SPY|QQQ|SMH|TLT,4,200,5852,2003-05-14,2026-08-17,flip_fraction_leave_one_out,4,QQQ,0.3774777853725222
7_vote_structure,alt1_TLT_for_SOXL,native,SPY|QQQ|SMH|TLT,4,200,5852,2003-05-14,2026-08-17,flip_count_leave_one_out,4,QQQ,2209.0
7_vote_structure,alt1_TLT_for_SOXL,native,SPY|QQQ|SMH|TLT,4,200,5852,2003-05-14,2026-08-17,flip_fraction_leave_one_out,4,SMH,0.3774777853725222
7_vote_structure,alt1_TLT_for_SOXL,native,SPY|QQQ|SMH|TLT,4,200,5852,2003-05-14,2026-08-17,flip_count_leave_one_out,4,SMH,2209.0
7_vote_structure,alt1_TLT_for_SOXL,native,SPY|QQQ|SMH|TLT,4,200,5852,2003-05-14,2026-08-17,flip_fraction_leave_one_out,4,TLT,0.3774777853725222
7_vote_structure,alt1_TLT_for_SOXL,native,SPY|QQQ|SMH|TLT,4,200,5852,2003-05-14,2026-08-17,flip_count_leave_one_out,4,TLT,2209.0
7_vote_structure,alt1_TLT_for_SOXL,common_with_S3,SPY|QQQ|SMH|TLT,4,200,3935,2010-12-22,2026-08-17,pairwise_agreement,SPY,QQQ,0.9453621346886912
7_vote_structure,alt1_TLT_for_SOXL,common_with_S3,SPY|QQQ|SMH|TLT,4,200,3935,2010-12-22,2026-08-17,pairwise_agreement,SPY,SMH,0.9138500635324015
7_vote_structure,alt1_TLT_for_SOXL,common_with_S3,SPY|QQQ|SMH|TLT,4,200,3935,2010-12-22,2026-08-17,pairwise_agreement,SPY,TLT,0.5595933926302414
7_vote_structure,alt1_TLT_for_SOXL,common_with_S3,SPY|QQQ|SMH|TLT,4,200,3935,2010-12-22,2026-08-17,pairwise_agreement,QQQ,SMH,0.9069885641677256
7_vote_structure,alt1_TLT_for_SOXL,common_with_S3,SPY|QQQ|SMH|TLT,4,200,3935,2010-12-22,2026-08-17,pairwise_agreement,QQQ,TLT,0.5761118170266836
7_vote_structure,alt1_TLT_for_SOXL,common_with_S3,SPY|QQQ|SMH|TLT,4,200,3935,2010-12-22,2026-08-17,pairwise_agreement,SMH,TLT,0.5451080050825922
7_vote_structure,alt1_TLT_for_SOXL,common_with_S3,SPY|QQQ|SMH|TLT,4,200,3935,2010-12-22,2026-08-17,pairwise_correlation,SPY,QQQ,0.7890354008970621
7_vote_structure,alt1_TLT_for_SOXL,common_with_S3,SPY|QQQ|SMH|TLT,4,200,3935,2010-12-22,2026-08-17,pairwise_correlation,SPY,SMH,0.7127748025334917
7_vote_structure,alt1_TLT_for_SOXL,common_with_S3,SPY|QQQ|SMH|TLT,4,200,3935,2010-12-22,2026-08-17,pairwise_correlation,SPY,TLT,0.07013163531124973
7_vote_structure,alt1_TLT_for_SOXL,common_with_S3,SPY|QQQ|SMH|TLT,4,200,3935,2010-12-22,2026-08-17,pairwise_correlation,QQQ,SMH,0.6887158415104281
7_vote_structure,alt1_TLT_for_SOXL,common_with_S3,SPY|QQQ|SMH|TLT,4,200,3935,2010-12-22,2026-08-17,pairwise_correlation,QQQ,TLT,0.11624232724476041
7_vote_structure,alt1_TLT_for_SOXL,common_with_S3,SPY|QQQ|SMH|TLT,4,200,3935,2010-12-22,2026-08-17,pairwise_correlation,SMH,TLT,0.03821085010210317
7_vote_structure,alt1_TLT_for_SOXL,common_with_S3,SPY|QQQ|SMH|TLT,4,200,3935,2010-12-22,2026-08-17,vote_count_fraction,0,,0.07369758576874205
7_vote_structure,alt1_TLT_for_SOXL,common_with_S3,SPY|QQQ|SMH|TLT,4,200,3935,2010-12-22,2026-08-17,vote_count_n,0,,290.0
7_vote_structure,alt1_TLT_for_SOXL,common_with_S3,SPY|QQQ|SMH|TLT,4,200,3935,2010-12-22,2026-08-17,vote_count_fraction,1,,0.0554002541296061
7_vote_structure,alt1_TLT_for_SOXL,common_with_S3,SPY|QQQ|SMH|TLT,4,200,3935,2010-12-22,2026-08-17,vote_count_n,1,,218.0
7_vote_structure,alt1_TLT_for_SOXL,common_with_S3,SPY|QQQ|SMH|TLT,4,200,3935,2010-12-22,2026-08-17,vote_count_fraction,2,,0.04726810673443456
7_vote_structure,alt1_TLT_for_SOXL,common_with_S3,SPY|QQQ|SMH|TLT,4,200,3935,2010-12-22,2026-08-17,vote_count_n,2,,186.0
7_vote_structure,alt1_TLT_for_SOXL,common_with_S3,SPY|QQQ|SMH|TLT,4,200,3935,2010-12-22,2026-08-17,vote_count_fraction,3,,0.39923761118170265
7_vote_structure,alt1_TLT_for_SOXL,common_with_S3,SPY|QQQ|SMH|TLT,4,200,3935,2010-12-22,2026-08-17,vote_count_n,3,,1571.0
7_vote_structure,alt1_TLT_for_SOXL,common_with_S3,SPY|QQQ|SMH|TLT,4,200,3935,2010-12-22,2026-08-17,vote_count_fraction,4,,0.4243964421855146
7_vote_structure,alt1_TLT_for_SOXL,common_with_S3,SPY|QQQ|SMH|TLT,4,200,3935,2010-12-22,2026-08-17,vote_count_n,4,,1670.0
7_vote_structure,alt1_TLT_for_SOXL,common_with_S3,SPY|QQQ|SMH|TLT,4,200,3935,2010-12-22,2026-08-17,effective_independent_votes,,,2.206990866444971
7_vote_structure,alt1_TLT_for_SOXL,common_with_S3,SPY|QQQ|SMH|TLT,4,200,3935,2010-12-22,2026-08-17,mean_vote_count,,,3.0452350698856416
7_vote_structure,alt1_TLT_for_SOXL,common_with_S3,SPY|QQQ|SMH|TLT,4,200,3935,2010-12-22,2026-08-17,frac_bull,1,,0.9263024142312579
7_vote_structure,alt1_TLT_for_SOXL,common_with_S3,SPY|QQQ|SMH|TLT,4,200,3935,2010-12-22,2026-08-17,flip_fraction_leave_one_out,1,SPY,0.005082592121982211
7_vote_structure,alt1_TLT_for_SOXL,common_with_S3,SPY|QQQ|SMH|TLT,4,200,3935,2010-12-22,2026-08-17,flip_count_leave_one_out,1,SPY,20.0
7_vote_structure,alt1_TLT_for_SOXL,common_with_S3,SPY|QQQ|SMH|TLT,4,200,3935,2010-12-22,2026-08-17,flip_fraction_leave_one_out,1,QQQ,0.0025412960609911056
7_vote_structure,alt1_TLT_for_SOXL,common_with_S3,SPY|QQQ|SMH|TLT,4,200,3935,2010-12-22,2026-08-17,flip_count_leave_one_out,1,QQQ,10.0
7_vote_structure,alt1_TLT_for_SOXL,common_with_S3,SPY|QQQ|SMH|TLT,4,200,3935,2010-12-22,2026-08-17,flip_fraction_leave_one_out,1,SMH,0.004066073697585769
7_vote_structure,alt1_TLT_for_SOXL,common_with_S3,SPY|QQQ|SMH|TLT,4,200,3935,2010-12-22,2026-08-17,flip_count_leave_one_out,1,SMH,16.0
7_vote_structure,alt1_TLT_for_SOXL,common_with_S3,SPY|QQQ|SMH|TLT,4,200,3935,2010-12-22,2026-08-17,flip_fraction_leave_one_out,1,TLT,0.04371029224904702
7_vote_structure,alt1_TLT_for_SOXL,common_with_S3,SPY|QQQ|SMH|TLT,4,200,3935,2010-12-22,2026-08-17,flip_count_leave_one_out,1,TLT,172.0
7_vote_structure,alt1_TLT_for_SOXL,common_with_S3,SPY|QQQ|SMH|TLT,4,200,3935,2010-12-22,2026-08-17,frac_bull,2,,0.8709021601016519
7_vote_structure,alt1_TLT_for_SOXL,common_with_S3,SPY|QQQ|SMH|TLT,4,200,3935,2010-12-22,2026-08-17,flip_fraction_leave_one_out,2,SPY,0.028970775095298603
7_vote_structure,alt1_TLT_for_SOXL,common_with_S3,SPY|QQQ|SMH|TLT,4,200,3935,2010-12-22,2026-08-17,flip_count_leave_one_out,2,SPY,114.0
7_vote_structure,alt1_TLT_for_SOXL,common_with_S3,SPY|QQQ|SMH|TLT,4,200,3935,2010-12-22,2026-08-17,flip_fraction_leave_one_out,2,QQQ,0.029987293519695046
7_vote_structure,alt1_TLT_for_SOXL,common_with_S3,SPY|QQQ|SMH|TLT,4,200,3935,2010-12-22,2026-08-17,flip_count_leave_one_out,2,QQQ,118.0
7_vote_structure,alt1_TLT_for_SOXL,common_with_S3,SPY|QQQ|SMH|TLT,4,200,3935,2010-12-22,2026-08-17,flip_fraction_leave_one_out,2,SMH,0.011944091486658195
7_vote_structure,alt1_TLT_for_SOXL,common_with_S3,SPY|QQQ|SMH|TLT,4,200,3935,2010-12-22,2026-08-17,flip_count_leave_one_out,2,SMH,47.0
7_vote_structure,alt1_TLT_for_SOXL,common_with_S3,SPY|QQQ|SMH|TLT,4,200,3935,2010-12-22,2026-08-17,flip_fraction_leave_one_out,2,TLT,0.02363405336721728
7_vote_structure,alt1_TLT_for_SOXL,common_with_S3,SPY|QQQ|SMH|TLT,4,200,3935,2010-12-22,2026-08-17,flip_count_leave_one_out,2,TLT,93.0
7_vote_structure,alt1_TLT_for_SOXL,common_with_S3,SPY|QQQ|SMH|TLT,4,200,3935,2010-12-22,2026-08-17,frac_bull,3,,0.8236340533672173
7_vote_structure,alt1_TLT_for_SOXL,common_with_S3,SPY|QQQ|SMH|TLT,4,200,3935,2010-12-22,2026-08-17,flip_fraction_leave_one_out,3,SPY,0.3883100381194409
7_vote_structure,alt1_TLT_for_SOXL,common_with_S3,SPY|QQQ|SMH|TLT,4,200,3935,2010-12-22,2026-08-17,flip_count_leave_one_out,3,SPY,1528.0
7_vote_structure,alt1_TLT_for_SOXL,common_with_S3,SPY|QQQ|SMH|TLT,4,200,3935,2010-12-22,2026-08-17,flip_fraction_leave_one_out,3,QQQ,0.3905972045743329
7_vote_structure,alt1_TLT_for_SOXL,common_with_S3,SPY|QQQ|SMH|TLT,4,200,3935,2010-12-22,2026-08-17,flip_count_leave_one_out,3,QQQ,1537.0
7_vote_structure,alt1_TLT_for_SOXL,common_with_S3,SPY|QQQ|SMH|TLT,4,200,3935,2010-12-22,2026-08-17,flip_fraction_leave_one_out,3,SMH,0.36086404066073696
7_vote_structure,alt1_TLT_for_SOXL,common_with_S3,SPY|QQQ|SMH|TLT,4,200,3935,2010-12-22,2026-08-17,flip_count_leave_one_out,3,SMH,1420.0
7_vote_structure,alt1_TLT_for_SOXL,common_with_S3,SPY|QQQ|SMH|TLT,4,200,3935,2010-12-22,2026-08-17,flip_fraction_leave_one_out,3,TLT,0.057941550190597206
7_vote_structure,alt1_TLT_for_SOXL,common_with_S3,SPY|QQQ|SMH|TLT,4,200,3935,2010-12-22,2026-08-17,flip_count_leave_one_out,3,TLT,228.0
7_vote_structure,alt1_TLT_for_SOXL,common_with_S3,SPY|QQQ|SMH|TLT,4,200,3935,2010-12-22,2026-08-17,frac_bull,4,,0.4243964421855146
7_vote_structure,alt1_TLT_for_SOXL,common_with_S3,SPY|QQQ|SMH|TLT,4,200,3935,2010-12-22,2026-08-17,flip_fraction_leave_one_out,4,SPY,0.4243964421855146
7_vote_structure,alt1_TLT_for_SOXL,common_with_S3,SPY|QQQ|SMH|TLT,4,200,3935,2010-12-22,2026-08-17,flip_count_leave_one_out,4,SPY,1670.0
7_vote_structure,alt1_TLT_for_SOXL,common_with_S3,SPY|QQQ|SMH|TLT,4,200,3935,2010-12-22,2026-08-17,flip_fraction_leave_one_out,4,QQQ,0.4243964421855146
7_vote_structure,alt1_TLT_for_SOXL,common_with_S3,SPY|QQQ|SMH|TLT,4,200,3935,2010-12-22,2026-08-17,flip_count_leave_one_out,4,QQQ,1670.0
7_vote_structure,alt1_TLT_for_SOXL,common_with_S3,SPY|QQQ|SMH|TLT,4,200,3935,2010-12-22,2026-08-17,flip_fraction_leave_one_out,4,SMH,0.4243964421855146
7_vote_structure,alt1_TLT_for_SOXL,common_with_S3,SPY|QQQ|SMH|TLT,4,200,3935,2010-12-22,2026-08-17,flip_count_leave_one_out,4,SMH,1670.0
7_vote_structure,alt1_TLT_for_SOXL,common_with_S3,SPY|QQQ|SMH|TLT,4,200,3935,2010-12-22,2026-08-17,flip_fraction_leave_one_out,4,TLT,0.4243964421855146
7_vote_structure,alt1_TLT_for_SOXL,common_with_S3,SPY|QQQ|SMH|TLT,4,200,3935,2010-12-22,2026-08-17,flip_count_leave_one_out,4,TLT,1670.0
7_vote_structure,alt1_TLT_for_SOXL,common_all_sets,SPY|QQQ|SMH|TLT,4,200,1233,2021-09-17,2026-08-17,pairwise_agreement,SPY,QQQ,0.9602595296025953
7_vote_structure,alt1_TLT_for_SOXL,common_all_sets,SPY|QQQ|SMH|TLT,4,200,1233,2021-09-17,2026-08-17,pairwise_agreement,SPY,SMH,0.9521492295214923
7_vote_structure,alt1_TLT_for_SOXL,common_all_sets,SPY|QQQ|SMH|TLT,4,200,1233,2021-09-17,2026-08-17,pairwise_agreement,SPY,TLT,0.5709651257096513
7_vote_structure,alt1_TLT_for_SOXL,common_all_sets,SPY|QQQ|SMH|TLT,4,200,1233,2021-09-17,2026-08-17,pairwise_agreement,QQQ,SMH,0.9480940794809408
7_vote_structure,alt1_TLT_for_SOXL,common_all_sets,SPY|QQQ|SMH|TLT,4,200,1233,2021-09-17,2026-08-17,pairwise_agreement,QQQ,TLT,0.602595296025953
7_vote_structure,alt1_TLT_for_SOXL,common_all_sets,SPY|QQQ|SMH|TLT,4,200,1233,2021-09-17,2026-08-17,pairwise_agreement,SMH,TLT,0.5750202757502028
7_vote_structure,alt1_TLT_for_SOXL,common_all_sets,SPY|QQQ|SMH|TLT,4,200,1233,2021-09-17,2026-08-17,pairwise_correlation,SPY,QQQ,0.8928098587908315
7_vote_structure,alt1_TLT_for_SOXL,common_all_sets,SPY|QQQ|SMH|TLT,4,200,1233,2021-09-17,2026-08-17,pairwise_correlation,SPY,SMH,0.8629404347228655
7_vote_structure,alt1_TLT_for_SOXL,common_all_sets,SPY|QQQ|SMH|TLT,4,200,1233,2021-09-17,2026-08-17,pairwise_correlation,SPY,TLT,0.36210717326680664
7_vote_structure,alt1_TLT_for_SOXL,common_all_sets,SPY|QQQ|SMH|TLT,4,200,1233,2021-09-17,2026-08-17,pairwise_correlation,QQQ,SMH,0.8591822859466888
7_vote_structure,alt1_TLT_for_SOXL,common_all_sets,SPY|QQQ|SMH|TLT,4,200,1233,2021-09-17,2026-08-17,pairwise_correlation,QQQ,TLT,0.40497952075407345
7_vote_structure,alt1_TLT_for_SOXL,common_all_sets,SPY|QQQ|SMH|TLT,4,200,1233,2021-09-17,2026-08-17,pairwise_correlation,SMH,TLT,0.3651643866153747
7_vote_structure,alt1_TLT_for_SOXL,common_all_sets,SPY|QQQ|SMH|TLT,4,200,1233,2021-09-17,2026-08-17,vote_count_fraction,0,,0.19626926196269262
7_vote_structure,alt1_TLT_for_SOXL,common_all_sets,SPY|QQQ|SMH|TLT,4,200,1233,2021-09-17,2026-08-17,vote_count_n,0,,242.0
7_vote_structure,alt1_TLT_for_SOXL,common_all_sets,SPY|QQQ|SMH|TLT,4,200,1233,2021-09-17,2026-08-17,vote_count_fraction,1,,0.030819140308191405
7_vote_structure,alt1_TLT_for_SOXL,common_all_sets,SPY|QQQ|SMH|TLT,4,200,1233,2021-09-17,2026-08-17,vote_count_n,1,,38.0
7_vote_structure,alt1_TLT_for_SOXL,common_all_sets,SPY|QQQ|SMH|TLT,4,200,1233,2021-09-17,2026-08-17,vote_count_fraction,2,,0.035685320356853206
7_vote_structure,alt1_TLT_for_SOXL,common_all_sets,SPY|QQQ|SMH|TLT,4,200,1233,2021-09-17,2026-08-17,vote_count_n,2,,44.0
7_vote_structure,alt1_TLT_for_SOXL,common_all_sets,SPY|QQQ|SMH|TLT,4,200,1233,2021-09-17,2026-08-17,vote_count_fraction,3,,0.38523925385239255
7_vote_structure,alt1_TLT_for_SOXL,common_all_sets,SPY|QQQ|SMH|TLT,4,200,1233,2021-09-17,2026-08-17,vote_count_n,3,,475.0
7_vote_structure,alt1_TLT_for_SOXL,common_all_sets,SPY|QQQ|SMH|TLT,4,200,1233,2021-09-17,2026-08-17,vote_count_fraction,4,,0.3519870235198702
7_vote_structure,alt1_TLT_for_SOXL,common_all_sets,SPY|QQQ|SMH|TLT,4,200,1233,2021-09-17,2026-08-17,vote_count_n,4,,434.0
7_vote_structure,alt1_TLT_for_SOXL,common_all_sets,SPY|QQQ|SMH|TLT,4,200,1233,2021-09-17,2026-08-17,effective_independent_votes,,,1.699074789202997
7_vote_structure,alt1_TLT_for_SOXL,common_all_sets,SPY|QQQ|SMH|TLT,4,200,1233,2021-09-17,2026-08-17,mean_vote_count,,,2.665855636658556
7_vote_structure,alt1_TLT_for_SOXL,common_all_sets,SPY|QQQ|SMH|TLT,4,200,1233,2021-09-17,2026-08-17,frac_bull,1,,0.8037307380373074
7_vote_structure,alt1_TLT_for_SOXL,common_all_sets,SPY|QQQ|SMH|TLT,4,200,1233,2021-09-17,2026-08-17,flip_fraction_leave_one_out,1,SPY,0.012976480129764802
7_vote_structure,alt1_TLT_for_SOXL,common_all_sets,SPY|QQQ|SMH|TLT,4,200,1233,2021-09-17,2026-08-17,flip_count_leave_one_out,1,SPY,16.0
7_vote_structure,alt1_TLT_for_SOXL,common_all_sets,SPY|QQQ|SMH|TLT,4,200,1233,2021-09-17,2026-08-17,flip_fraction_leave_one_out,1,QQQ,0.0008110300081103001
7_vote_structure,alt1_TLT_for_SOXL,common_all_sets,SPY|QQQ|SMH|TLT,4,200,1233,2021-09-17,2026-08-17,flip_count_leave_one_out,1,QQQ,1.0
7_vote_structure,alt1_TLT_for_SOXL,common_all_sets,SPY|QQQ|SMH|TLT,4,200,1233,2021-09-17,2026-08-17,flip_fraction_leave_one_out,1,SMH,0.012976480129764802
7_vote_structure,alt1_TLT_for_SOXL,common_all_sets,SPY|QQQ|SMH|TLT,4,200,1233,2021-09-17,2026-08-17,flip_count_leave_one_out,1,SMH,16.0
7_vote_structure,alt1_TLT_for_SOXL,common_all_sets,SPY|QQQ|SMH|TLT,4,200,1233,2021-09-17,2026-08-17,flip_fraction_leave_one_out,1,TLT,0.0040551500405515
7_vote_structure,alt1_TLT_for_SOXL,common_all_sets,SPY|QQQ|SMH|TLT,4,200,1233,2021-09-17,2026-08-17,flip_count_leave_one_out,1,TLT,5.0
7_vote_structure,alt1_TLT_for_SOXL,common_all_sets,SPY|QQQ|SMH|TLT,4,200,1233,2021-09-17,2026-08-17,frac_bull,2,,0.772911597729116
7_vote_structure,alt1_TLT_for_SOXL,common_all_sets,SPY|QQQ|SMH|TLT,4,200,1233,2021-09-17,2026-08-17,flip_fraction_leave_one_out,2,SPY,0.029197080291970802
7_vote_structure,alt1_TLT_for_SOXL,common_all_sets,SPY|QQQ|SMH|TLT,4,200,1233,2021-09-17,2026-08-17,flip_count_leave_one_out,2,SPY,36.0
7_vote_structure,alt1_TLT_for_SOXL,common_all_sets,SPY|QQQ|SMH|TLT,4,200,1233,2021-09-17,2026-08-17,flip_fraction_leave_one_out,2,QQQ,0.0113544201135442
7_vote_structure,alt1_TLT_for_SOXL,common_all_sets,SPY|QQQ|SMH|TLT,4,200,1233,2021-09-17,2026-08-17,flip_count_leave_one_out,2,QQQ,14.0
7_vote_structure,alt1_TLT_for_SOXL,common_all_sets,SPY|QQQ|SMH|TLT,4,200,1233,2021-09-17,2026-08-17,flip_fraction_leave_one_out,2,SMH,0.027575020275750203
7_vote_structure,alt1_TLT_for_SOXL,common_all_sets,SPY|QQQ|SMH|TLT,4,200,1233,2021-09-17,2026-08-17,flip_count_leave_one_out,2,SMH,34.0
7_vote_structure,alt1_TLT_for_SOXL,common_all_sets,SPY|QQQ|SMH|TLT,4,200,1233,2021-09-17,2026-08-17,flip_fraction_leave_one_out,2,TLT,0.0032441200324412004
7_vote_structure,alt1_TLT_for_SOXL,common_all_sets,SPY|QQQ|SMH|TLT,4,200,1233,2021-09-17,2026-08-17,flip_count_leave_one_out,2,TLT,4.0
7_vote_structure,alt1_TLT_for_SOXL,common_all_sets,SPY|QQQ|SMH|TLT,4,200,1233,2021-09-17,2026-08-17,frac_bull,3,,0.7372262773722628
7_vote_structure,alt1_TLT_for_SOXL,common_all_sets,SPY|QQQ|SMH|TLT,4,200,1233,2021-09-17,2026-08-17,flip_fraction_leave_one_out,3,SPY,0.38361719383617193
7_vote_structure,alt1_TLT_for_SOXL,common_all_sets,SPY|QQQ|SMH|TLT,4,200,1233,2021-09-17,2026-08-17,flip_count_leave_one_out,3,SPY,473.0
7_vote_structure,alt1_TLT_for_SOXL,common_all_sets,SPY|QQQ|SMH|TLT,4,200,1233,2021-09-17,2026-08-17,flip_fraction_leave_one_out,3,QQQ,0.38523925385239255
7_vote_structure,alt1_TLT_for_SOXL,common_all_sets,SPY|QQQ|SMH|TLT,4,200,1233,2021-09-17,2026-08-17,flip_count_leave_one_out,3,QQQ,475.0
7_vote_structure,alt1_TLT_for_SOXL,common_all_sets,SPY|QQQ|SMH|TLT,4,200,1233,2021-09-17,2026-08-17,flip_fraction_leave_one_out,3,SMH,0.3795620437956204
7_vote_structure,alt1_TLT_for_SOXL,common_all_sets,SPY|QQQ|SMH|TLT,4,200,1233,2021-09-17,2026-08-17,flip_count_leave_one_out,3,SMH,468.0
7_vote_structure,alt1_TLT_for_SOXL,common_all_sets,SPY|QQQ|SMH|TLT,4,200,1233,2021-09-17,2026-08-17,flip_fraction_leave_one_out,3,TLT,0.0072992700729927005
7_vote_structure,alt1_TLT_for_SOXL,common_all_sets,SPY|QQQ|SMH|TLT,4,200,1233,2021-09-17,2026-08-17,flip_count_leave_one_out,3,TLT,9.0
7_vote_structure,alt1_TLT_for_SOXL,common_all_sets,SPY|QQQ|SMH|TLT,4,200,1233,2021-09-17,2026-08-17,frac_bull,4,,0.3519870235198702
7_vote_structure,alt1_TLT_for_SOXL,common_all_sets,SPY|QQQ|SMH|TLT,4,200,1233,2021-09-17,2026-08-17,flip_fraction_leave_one_out,4,SPY,0.3519870235198702
7_vote_structure,alt1_TLT_for_SOXL,common_all_sets,SPY|QQQ|SMH|TLT,4,200,1233,2021-09-17,2026-08-17,flip_count_leave_one_out,4,SPY,434.0
7_vote_structure,alt1_TLT_for_SOXL,common_all_sets,SPY|QQQ|SMH|TLT,4,200,1233,2021-09-17,2026-08-17,flip_fraction_leave_one_out,4,QQQ,0.3519870235198702
7_vote_structure,alt1_TLT_for_SOXL,common_all_sets,SPY|QQQ|SMH|TLT,4,200,1233,2021-09-17,2026-08-17,flip_count_leave_one_out,4,QQQ,434.0
7_vote_structure,alt1_TLT_for_SOXL,common_all_sets,SPY|QQQ|SMH|TLT,4,200,1233,2021-09-17,2026-08-17,flip_fraction_leave_one_out,4,SMH,0.3519870235198702
7_vote_structure,alt1_TLT_for_SOXL,common_all_sets,SPY|QQQ|SMH|TLT,4,200,1233,2021-09-17,2026-08-17,flip_count_leave_one_out,4,SMH,434.0
7_vote_structure,alt1_TLT_for_SOXL,common_all_sets,SPY|QQQ|SMH|TLT,4,200,1233,2021-09-17,2026-08-17,flip_fraction_leave_one_out,4,TLT,0.3519870235198702
7_vote_structure,alt1_TLT_for_SOXL,common_all_sets,SPY|QQQ|SMH|TLT,4,200,1233,2021-09-17,2026-08-17,flip_count_leave_one_out,4,TLT,434.0
7_vote_structure,alt1_TLT_for_SOXL,native,SPY|QQQ|SMH|TLT,4,250,5802,2003-07-25,2026-08-17,pairwise_agreement,SPY,QQQ,0.91709755256808
7_vote_structure,alt1_TLT_for_SOXL,native,SPY|QQQ|SMH|TLT,4,250,5802,2003-07-25,2026-08-17,pairwise_agreement,SPY,SMH,0.854015856601172
7_vote_structure,alt1_TLT_for_SOXL,native,SPY|QQQ|SMH|TLT,4,250,5802,2003-07-25,2026-08-17,pairwise_agreement,SPY,TLT,0.5322302654257153
7_vote_structure,alt1_TLT_for_SOXL,native,SPY|QQQ|SMH|TLT,4,250,5802,2003-07-25,2026-08-17,pairwise_agreement,QQQ,SMH,0.8693553946914857
7_vote_structure,alt1_TLT_for_SOXL,native,SPY|QQQ|SMH|TLT,4,250,5802,2003-07-25,2026-08-17,pairwise_agreement,QQQ,TLT,0.5441227163047225
7_vote_structure,alt1_TLT_for_SOXL,native,SPY|QQQ|SMH|TLT,4,250,5802,2003-07-25,2026-08-17,pairwise_agreement,SMH,TLT,0.47035504998276456
7_vote_structure,alt1_TLT_for_SOXL,native,SPY|QQQ|SMH|TLT,4,250,5802,2003-07-25,2026-08-17,pairwise_correlation,SPY,QQQ,0.7145137076681427
7_vote_structure,alt1_TLT_for_SOXL,native,SPY|QQQ|SMH|TLT,4,250,5802,2003-07-25,2026-08-17,pairwise_correlation,SPY,SMH,0.6206782144354267
7_vote_structure,alt1_TLT_for_SOXL,native,SPY|QQQ|SMH|TLT,4,250,5802,2003-07-25,2026-08-17,pairwise_correlation,SPY,TLT,-0.06459977330635887
7_vote_structure,alt1_TLT_for_SOXL,native,SPY|QQQ|SMH|TLT,4,250,5802,2003-07-25,2026-08-17,pairwise_correlation,QQQ,SMH,0.6649530267808107
7_vote_structure,alt1_TLT_for_SOXL,native,SPY|QQQ|SMH|TLT,4,250,5802,2003-07-25,2026-08-17,pairwise_correlation,QQQ,TLT,-0.031239989255218988
7_vote_structure,alt1_TLT_for_SOXL,native,SPY|QQQ|SMH|TLT,4,250,5802,2003-07-25,2026-08-17,pairwise_correlation,SMH,TLT,-0.15230017393271456
7_vote_structure,alt1_TLT_for_SOXL,native,SPY|QQQ|SMH|TLT,4,250,5802,2003-07-25,2026-08-17,vote_count_fraction,0,,0.04653567735263702
7_vote_structure,alt1_TLT_for_SOXL,native,SPY|QQQ|SMH|TLT,4,250,5802,2003-07-25,2026-08-17,vote_count_n,0,,270.0
7_vote_structure,alt1_TLT_for_SOXL,native,SPY|QQQ|SMH|TLT,4,250,5802,2003-07-25,2026-08-17,vote_count_fraction,1,,0.10513615994484661
7_vote_structure,alt1_TLT_for_SOXL,native,SPY|QQQ|SMH|TLT,4,250,5802,2003-07-25,2026-08-17,vote_count_n,1,,610.0
7_vote_structure,alt1_TLT_for_SOXL,native,SPY|QQQ|SMH|TLT,4,250,5802,2003-07-25,2026-08-17,vote_count_fraction,2,,0.0703205791106515
7_vote_structure,alt1_TLT_for_SOXL,native,SPY|QQQ|SMH|TLT,4,250,5802,2003-07-25,2026-08-17,vote_count_n,2,,408.0
7_vote_structure,alt1_TLT_for_SOXL,native,SPY|QQQ|SMH|TLT,4,250,5802,2003-07-25,2026-08-17,vote_count_fraction,3,,0.40537745604963804
7_vote_structure,alt1_TLT_for_SOXL,native,SPY|QQQ|SMH|TLT,4,250,5802,2003-07-25,2026-08-17,vote_count_n,3,,2352.0
7_vote_structure,alt1_TLT_for_SOXL,native,SPY|QQQ|SMH|TLT,4,250,5802,2003-07-25,2026-08-17,vote_count_fraction,4,,0.3726301275422268
7_vote_structure,alt1_TLT_for_SOXL,native,SPY|QQQ|SMH|TLT,4,250,5802,2003-07-25,2026-08-17,vote_count_n,4,,2162.0
7_vote_structure,alt1_TLT_for_SOXL,native,SPY|QQQ|SMH|TLT,4,250,5802,2003-07-25,2026-08-17,effective_independent_votes,,,2.3765118242152954
7_vote_structure,alt1_TLT_for_SOXL,native,SPY|QQQ|SMH|TLT,4,250,5802,2003-07-25,2026-08-17,mean_vote_count,,,2.952430196483971
7_vote_structure,alt1_TLT_for_SOXL,native,SPY|QQQ|SMH|TLT,4,250,5802,2003-07-25,2026-08-17,frac_bull,1,,0.953464322647363
7_vote_structure,alt1_TLT_for_SOXL,native,SPY|QQQ|SMH|TLT,4,250,5802,2003-07-25,2026-08-17,flip_fraction_leave_one_out,1,SPY,0.013098931402964495
7_vote_structure,alt1_TLT_for_SOXL,native,SPY|QQQ|SMH|TLT,4,250,5802,2003-07-25,2026-08-17,flip_count_leave_one_out,1,SPY,76.0
7_vote_structure,alt1_TLT_for_SOXL,native,SPY|QQQ|SMH|TLT,4,250,5802,2003-07-25,2026-08-17,flip_fraction_leave_one_out,1,QQQ,0.005515339538090314
7_vote_structure,alt1_TLT_for_SOXL,native,SPY|QQQ|SMH|TLT,4,250,5802,2003-07-25,2026-08-17,flip_count_leave_one_out,1,QQQ,32.0
7_vote_structure,alt1_TLT_for_SOXL,native,SPY|QQQ|SMH|TLT,4,250,5802,2003-07-25,2026-08-17,flip_fraction_leave_one_out,1,SMH,0.0031023784901758012
7_vote_structure,alt1_TLT_for_SOXL,native,SPY|QQQ|SMH|TLT,4,250,5802,2003-07-25,2026-08-17,flip_count_leave_one_out,1,SMH,18.0
7_vote_structure,alt1_TLT_for_SOXL,native,SPY|QQQ|SMH|TLT,4,250,5802,2003-07-25,2026-08-17,flip_fraction_leave_one_out,1,TLT,0.083419510513616
7_vote_structure,alt1_TLT_for_SOXL,native,SPY|QQQ|SMH|TLT,4,250,5802,2003-07-25,2026-08-17,flip_count_leave_one_out,1,TLT,484.0
7_vote_structure,alt1_TLT_for_SOXL,native,SPY|QQQ|SMH|TLT,4,250,5802,2003-07-25,2026-08-17,frac_bull,2,,0.8483281627025163
7_vote_structure,alt1_TLT_for_SOXL,native,SPY|QQQ|SMH|TLT,4,250,5802,2003-07-25,2026-08-17,flip_fraction_leave_one_out,2,SPY,0.04377800758359186
7_vote_structure,alt1_TLT_for_SOXL,native,SPY|QQQ|SMH|TLT,4,250,5802,2003-07-25,2026-08-17,flip_count_leave_one_out,2,SPY,254.0
7_vote_structure,alt1_TLT_for_SOXL,native,SPY|QQQ|SMH|TLT,4,250,5802,2003-07-25,2026-08-17,flip_fraction_leave_one_out,2,QQQ,0.04239917269906929
7_vote_structure,alt1_TLT_for_SOXL,native,SPY|QQQ|SMH|TLT,4,250,5802,2003-07-25,2026-08-17,flip_count_leave_one_out,2,QQQ,246.0
7_vote_structure,alt1_TLT_for_SOXL,native,SPY|QQQ|SMH|TLT,4,250,5802,2003-07-25,2026-08-17,flip_fraction_leave_one_out,2,SMH,0.011547742157876593
7_vote_structure,alt1_TLT_for_SOXL,native,SPY|QQQ|SMH|TLT,4,250,5802,2003-07-25,2026-08-17,flip_count_leave_one_out,2,SMH,67.0
7_vote_structure,alt1_TLT_for_SOXL,native,SPY|QQQ|SMH|TLT,4,250,5802,2003-07-25,2026-08-17,flip_fraction_leave_one_out,2,TLT,0.042916235780765255
7_vote_structure,alt1_TLT_for_SOXL,native,SPY|QQQ|SMH|TLT,4,250,5802,2003-07-25,2026-08-17,flip_count_leave_one_out,2,TLT,249.0
7_vote_structure,alt1_TLT_for_SOXL,native,SPY|QQQ|SMH|TLT,4,250,5802,2003-07-25,2026-08-17,frac_bull,3,,0.7780075835918648
7_vote_structure,alt1_TLT_for_SOXL,native,SPY|QQQ|SMH|TLT,4,250,5802,2003-07-25,2026-08-17,flip_fraction_leave_one_out,3,SPY,0.39572561185798
7_vote_structure,alt1_TLT_for_SOXL,native,SPY|QQQ|SMH|TLT,4,250,5802,2003-07-25,2026-08-17,flip_count_leave_one_out,3,SPY,2296.0
7_vote_structure,alt1_TLT_for_SOXL,native,SPY|QQQ|SMH|TLT,4,250,5802,2003-07-25,2026-08-17,flip_fraction_leave_one_out,3,QQQ,0.40175801447776627
7_vote_structure,alt1_TLT_for_SOXL,native,SPY|QQQ|SMH|TLT,4,250,5802,2003-07-25,2026-08-17,flip_count_leave_one_out,3,QQQ,2331.0
7_vote_structure,alt1_TLT_for_SOXL,native,SPY|QQQ|SMH|TLT,4,250,5802,2003-07-25,2026-08-17,flip_fraction_leave_one_out,3,SMH,0.3309203722854188
7_vote_structure,alt1_TLT_for_SOXL,native,SPY|QQQ|SMH|TLT,4,250,5802,2003-07-25,2026-08-17,flip_count_leave_one_out,3,SMH,1920.0
7_vote_structure,alt1_TLT_for_SOXL,native,SPY|QQQ|SMH|TLT,4,250,5802,2003-07-25,2026-08-17,flip_fraction_leave_one_out,3,TLT,0.08772836952774905
7_vote_structure,alt1_TLT_for_SOXL,native,SPY|QQQ|SMH|TLT,4,250,5802,2003-07-25,2026-08-17,flip_count_leave_one_out,3,TLT,509.0
7_vote_structure,alt1_TLT_for_SOXL,native,SPY|QQQ|SMH|TLT,4,250,5802,2003-07-25,2026-08-17,frac_bull,4,,0.3726301275422268
7_vote_structure,alt1_TLT_for_SOXL,native,SPY|QQQ|SMH|TLT,4,250,5802,2003-07-25,2026-08-17,flip_fraction_leave_one_out,4,SPY,0.3726301275422268
7_vote_structure,alt1_TLT_for_SOXL,native,SPY|QQQ|SMH|TLT,4,250,5802,2003-07-25,2026-08-17,flip_count_leave_one_out,4,SPY,2162.0
7_vote_structure,alt1_TLT_for_SOXL,native,SPY|QQQ|SMH|TLT,4,250,5802,2003-07-25,2026-08-17,flip_fraction_leave_one_out,4,QQQ,0.3726301275422268
7_vote_structure,alt1_TLT_for_SOXL,native,SPY|QQQ|SMH|TLT,4,250,5802,2003-07-25,2026-08-17,flip_count_leave_one_out,4,QQQ,2162.0
7_vote_structure,alt1_TLT_for_SOXL,native,SPY|QQQ|SMH|TLT,4,250,5802,2003-07-25,2026-08-17,flip_fraction_leave_one_out,4,SMH,0.3726301275422268
7_vote_structure,alt1_TLT_for_SOXL,native,SPY|QQQ|SMH|TLT,4,250,5802,2003-07-25,2026-08-17,flip_count_leave_one_out,4,SMH,2162.0
7_vote_structure,alt1_TLT_for_SOXL,native,SPY|QQQ|SMH|TLT,4,250,5802,2003-07-25,2026-08-17,flip_fraction_leave_one_out,4,TLT,0.3726301275422268
7_vote_structure,alt1_TLT_for_SOXL,native,SPY|QQQ|SMH|TLT,4,250,5802,2003-07-25,2026-08-17,flip_count_leave_one_out,4,TLT,2162.0
7_vote_structure,alt1_TLT_for_SOXL,common_with_S3,SPY|QQQ|SMH|TLT,4,250,3885,2011-03-07,2026-08-17,pairwise_agreement,SPY,QQQ,0.9454311454311455
7_vote_structure,alt1_TLT_for_SOXL,common_with_S3,SPY|QQQ|SMH|TLT,4,250,3885,2011-03-07,2026-08-17,pairwise_agreement,SPY,SMH,0.9127413127413128
7_vote_structure,alt1_TLT_for_SOXL,common_with_S3,SPY|QQQ|SMH|TLT,4,250,3885,2011-03-07,2026-08-17,pairwise_agreement,SPY,TLT,0.5446589446589447
7_vote_structure,alt1_TLT_for_SOXL,common_with_S3,SPY|QQQ|SMH|TLT,4,250,3885,2011-03-07,2026-08-17,pairwise_agreement,QQQ,SMH,0.9086229086229086
7_vote_structure,alt1_TLT_for_SOXL,common_with_S3,SPY|QQQ|SMH|TLT,4,250,3885,2011-03-07,2026-08-17,pairwise_agreement,QQQ,TLT,0.5611325611325612
7_vote_structure,alt1_TLT_for_SOXL,common_with_S3,SPY|QQQ|SMH|TLT,4,250,3885,2011-03-07,2026-08-17,pairwise_agreement,SMH,TLT,0.5222651222651222
7_vote_structure,alt1_TLT_for_SOXL,common_with_S3,SPY|QQQ|SMH|TLT,4,250,3885,2011-03-07,2026-08-17,pairwise_correlation,SPY,QQQ,0.771815206800454
7_vote_structure,alt1_TLT_for_SOXL,common_with_S3,SPY|QQQ|SMH|TLT,4,250,3885,2011-03-07,2026-08-17,pairwise_correlation,SPY,SMH,0.6960614493148378
7_vote_structure,alt1_TLT_for_SOXL,common_with_S3,SPY|QQQ|SMH|TLT,4,250,3885,2011-03-07,2026-08-17,pairwise_correlation,SPY,TLT,0.05014258580394604
7_vote_structure,alt1_TLT_for_SOXL,common_with_S3,SPY|QQQ|SMH|TLT,4,250,3885,2011-03-07,2026-08-17,pairwise_correlation,QQQ,SMH,0.6798962589953936
7_vote_structure,alt1_TLT_for_SOXL,common_with_S3,SPY|QQQ|SMH|TLT,4,250,3885,2011-03-07,2026-08-17,pairwise_correlation,QQQ,TLT,0.0979559801656733
7_vote_structure,alt1_TLT_for_SOXL,common_with_S3,SPY|QQQ|SMH|TLT,4,250,3885,2011-03-07,2026-08-17,pairwise_correlation,SMH,TLT,-0.0033166859780344397
7_vote_structure,alt1_TLT_for_SOXL,common_with_S3,SPY|QQQ|SMH|TLT,4,250,3885,2011-03-07,2026-08-17,vote_count_fraction,0,,0.06229086229086229
7_vote_structure,alt1_TLT_for_SOXL,common_with_S3,SPY|QQQ|SMH|TLT,4,250,3885,2011-03-07,2026-08-17,vote_count_n,0,,242.0
7_vote_structure,alt1_TLT_for_SOXL,common_with_S3,SPY|QQQ|SMH|TLT,4,250,3885,2011-03-07,2026-08-17,vote_count_fraction,1,,0.05714285714285714
7_vote_structure,alt1_TLT_for_SOXL,common_with_S3,SPY|QQQ|SMH|TLT,4,250,3885,2011-03-07,2026-08-17,vote_count_n,1,,222.0
7_vote_structure,alt1_TLT_for_SOXL,common_with_S3,SPY|QQQ|SMH|TLT,4,250,3885,2011-03-07,2026-08-17,vote_count_fraction,2,,0.04607464607464608
7_vote_structure,alt1_TLT_for_SOXL,common_with_S3,SPY|QQQ|SMH|TLT,4,250,3885,2011-03-07,2026-08-17,vote_count_n,2,,179.0
7_vote_structure,alt1_TLT_for_SOXL,common_with_S3,SPY|QQQ|SMH|TLT,4,250,3885,2011-03-07,2026-08-17,vote_count_fraction,3,,0.41647361647361647
7_vote_structure,alt1_TLT_for_SOXL,common_with_S3,SPY|QQQ|SMH|TLT,4,250,3885,2011-03-07,2026-08-17,vote_count_n,3,,1618.0
7_vote_structure,alt1_TLT_for_SOXL,common_with_S3,SPY|QQQ|SMH|TLT,4,250,3885,2011-03-07,2026-08-17,vote_count_fraction,4,,0.418018018018018
7_vote_structure,alt1_TLT_for_SOXL,common_with_S3,SPY|QQQ|SMH|TLT,4,250,3885,2011-03-07,2026-08-17,vote_count_n,4,,1624.0
7_vote_structure,alt1_TLT_for_SOXL,common_with_S3,SPY|QQQ|SMH|TLT,4,250,3885,2011-03-07,2026-08-17,effective_independent_votes,,,2.2506176201627857
7_vote_structure,alt1_TLT_for_SOXL,common_with_S3,SPY|QQQ|SMH|TLT,4,250,3885,2011-03-07,2026-08-17,mean_vote_count,,,3.0707850707850706
7_vote_structure,alt1_TLT_for_SOXL,common_with_S3,SPY|QQQ|SMH|TLT,4,250,3885,2011-03-07,2026-08-17,frac_bull,1,,0.9377091377091377
7_vote_structure,alt1_TLT_for_SOXL,common_with_S3,SPY|QQQ|SMH|TLT,4,250,3885,2011-03-07,2026-08-17,flip_fraction_leave_one_out,1,SPY,0.005662805662805663
7_vote_structure,alt1_TLT_for_SOXL,common_with_S3,SPY|QQQ|SMH|TLT,4,250,3885,2011-03-07,2026-08-17,flip_count_leave_one_out,1,SPY,22.0
7_vote_structure,alt1_TLT_for_SOXL,common_with_S3,SPY|QQQ|SMH|TLT,4,250,3885,2011-03-07,2026-08-17,flip_fraction_leave_one_out,1,QQQ,0.004375804375804376
7_vote_structure,alt1_TLT_for_SOXL,common_with_S3,SPY|QQQ|SMH|TLT,4,250,3885,2011-03-07,2026-08-17,flip_count_leave_one_out,1,QQQ,17.0
7_vote_structure,alt1_TLT_for_SOXL,common_with_S3,SPY|QQQ|SMH|TLT,4,250,3885,2011-03-07,2026-08-17,flip_fraction_leave_one_out,1,SMH,0.004633204633204633
7_vote_structure,alt1_TLT_for_SOXL,common_with_S3,SPY|QQQ|SMH|TLT,4,250,3885,2011-03-07,2026-08-17,flip_count_leave_one_out,1,SMH,18.0
7_vote_structure,alt1_TLT_for_SOXL,common_with_S3,SPY|QQQ|SMH|TLT,4,250,3885,2011-03-07,2026-08-17,flip_fraction_leave_one_out,1,TLT,0.04247104247104247
7_vote_structure,alt1_TLT_for_SOXL,common_with_S3,SPY|QQQ|SMH|TLT,4,250,3885,2011-03-07,2026-08-17,flip_count_leave_one_out,1,TLT,165.0
7_vote_structure,alt1_TLT_for_SOXL,common_with_S3,SPY|QQQ|SMH|TLT,4,250,3885,2011-03-07,2026-08-17,frac_bull,2,,0.8805662805662806
7_vote_structure,alt1_TLT_for_SOXL,common_with_S3,SPY|QQQ|SMH|TLT,4,250,3885,2011-03-07,2026-08-17,flip_fraction_leave_one_out,2,SPY,0.02882882882882883
7_vote_structure,alt1_TLT_for_SOXL,common_with_S3,SPY|QQQ|SMH|TLT,4,250,3885,2011-03-07,2026-08-17,flip_count_leave_one_out,2,SPY,112.0
7_vote_structure,alt1_TLT_for_SOXL,common_with_S3,SPY|QQQ|SMH|TLT,4,250,3885,2011-03-07,2026-08-17,flip_fraction_leave_one_out,2,QQQ,0.029858429858429857
7_vote_structure,alt1_TLT_for_SOXL,common_with_S3,SPY|QQQ|SMH|TLT,4,250,3885,2011-03-07,2026-08-17,flip_count_leave_one_out,2,QQQ,116.0
7_vote_structure,alt1_TLT_for_SOXL,common_with_S3,SPY|QQQ|SMH|TLT,4,250,3885,2011-03-07,2026-08-17,flip_fraction_leave_one_out,2,SMH,0.011840411840411841
7_vote_structure,alt1_TLT_for_SOXL,common_with_S3,SPY|QQQ|SMH|TLT,4,250,3885,2011-03-07,2026-08-17,flip_count_leave_one_out,2,SMH,46.0
7_vote_structure,alt1_TLT_for_SOXL,common_with_S3,SPY|QQQ|SMH|TLT,4,250,3885,2011-03-07,2026-08-17,flip_fraction_leave_one_out,2,TLT,0.021621621621621623
7_vote_structure,alt1_TLT_for_SOXL,common_with_S3,SPY|QQQ|SMH|TLT,4,250,3885,2011-03-07,2026-08-17,flip_count_leave_one_out,2,TLT,84.0
7_vote_structure,alt1_TLT_for_SOXL,common_with_S3,SPY|QQQ|SMH|TLT,4,250,3885,2011-03-07,2026-08-17,frac_bull,3,,0.8344916344916344
7_vote_structure,alt1_TLT_for_SOXL,common_with_S3,SPY|QQQ|SMH|TLT,4,250,3885,2011-03-07,2026-08-17,flip_fraction_leave_one_out,3,SPY,0.4064350064350064
7_vote_structure,alt1_TLT_for_SOXL,common_with_S3,SPY|QQQ|SMH|TLT,4,250,3885,2011-03-07,2026-08-17,flip_count_leave_one_out,3,SPY,1579.0
7_vote_structure,alt1_TLT_for_SOXL,common_with_S3,SPY|QQQ|SMH|TLT,4,250,3885,2011-03-07,2026-08-17,flip_fraction_leave_one_out,3,QQQ,0.41132561132561135
7_vote_structure,alt1_TLT_for_SOXL,common_with_S3,SPY|QQQ|SMH|TLT,4,250,3885,2011-03-07,2026-08-17,flip_count_leave_one_out,3,QQQ,1598.0
7_vote_structure,alt1_TLT_for_SOXL,common_with_S3,SPY|QQQ|SMH|TLT,4,250,3885,2011-03-07,2026-08-17,flip_fraction_leave_one_out,3,SMH,0.3758043758043758
7_vote_structure,alt1_TLT_for_SOXL,common_with_S3,SPY|QQQ|SMH|TLT,4,250,3885,2011-03-07,2026-08-17,flip_count_leave_one_out,3,SMH,1460.0
7_vote_structure,alt1_TLT_for_SOXL,common_with_S3,SPY|QQQ|SMH|TLT,4,250,3885,2011-03-07,2026-08-17,flip_fraction_leave_one_out,3,TLT,0.055855855855855854
7_vote_structure,alt1_TLT_for_SOXL,common_with_S3,SPY|QQQ|SMH|TLT,4,250,3885,2011-03-07,2026-08-17,flip_count_leave_one_out,3,TLT,217.0
7_vote_structure,alt1_TLT_for_SOXL,common_with_S3,SPY|QQQ|SMH|TLT,4,250,3885,2011-03-07,2026-08-17,frac_bull,4,,0.418018018018018
7_vote_structure,alt1_TLT_for_SOXL,common_with_S3,SPY|QQQ|SMH|TLT,4,250,3885,2011-03-07,2026-08-17,flip_fraction_leave_one_out,4,SPY,0.418018018018018
7_vote_structure,alt1_TLT_for_SOXL,common_with_S3,SPY|QQQ|SMH|TLT,4,250,3885,2011-03-07,2026-08-17,flip_count_leave_one_out,4,SPY,1624.0
7_vote_structure,alt1_TLT_for_SOXL,common_with_S3,SPY|QQQ|SMH|TLT,4,250,3885,2011-03-07,2026-08-17,flip_fraction_leave_one_out,4,QQQ,0.418018018018018
7_vote_structure,alt1_TLT_for_SOXL,common_with_S3,SPY|QQQ|SMH|TLT,4,250,3885,2011-03-07,2026-08-17,flip_count_leave_one_out,4,QQQ,1624.0
7_vote_structure,alt1_TLT_for_SOXL,common_with_S3,SPY|QQQ|SMH|TLT,4,250,3885,2011-03-07,2026-08-17,flip_fraction_leave_one_out,4,SMH,0.418018018018018
7_vote_structure,alt1_TLT_for_SOXL,common_with_S3,SPY|QQQ|SMH|TLT,4,250,3885,2011-03-07,2026-08-17,flip_count_leave_one_out,4,SMH,1624.0
7_vote_structure,alt1_TLT_for_SOXL,common_with_S3,SPY|QQQ|SMH|TLT,4,250,3885,2011-03-07,2026-08-17,flip_fraction_leave_one_out,4,TLT,0.418018018018018
7_vote_structure,alt1_TLT_for_SOXL,common_with_S3,SPY|QQQ|SMH|TLT,4,250,3885,2011-03-07,2026-08-17,flip_count_leave_one_out,4,TLT,1624.0
7_vote_structure,alt1_TLT_for_SOXL,common_all_sets,SPY|QQQ|SMH|TLT,4,250,1183,2021-11-29,2026-08-17,pairwise_agreement,SPY,QQQ,0.9475908706677938
7_vote_structure,alt1_TLT_for_SOXL,common_all_sets,SPY|QQQ|SMH|TLT,4,250,1183,2021-11-29,2026-08-17,pairwise_agreement,SPY,SMH,0.9382924767540152
7_vote_structure,alt1_TLT_for_SOXL,common_all_sets,SPY|QQQ|SMH|TLT,4,250,1183,2021-11-29,2026-08-17,pairwise_agreement,SPY,TLT,0.5139475908706678
7_vote_structure,alt1_TLT_for_SOXL,common_all_sets,SPY|QQQ|SMH|TLT,4,250,1183,2021-11-29,2026-08-17,pairwise_agreement,QQQ,SMH,0.9416737109044802
7_vote_structure,alt1_TLT_for_SOXL,common_all_sets,SPY|QQQ|SMH|TLT,4,250,1183,2021-11-29,2026-08-17,pairwise_agreement,QQQ,TLT,0.5359256128486898
7_vote_structure,alt1_TLT_for_SOXL,common_all_sets,SPY|QQQ|SMH|TLT,4,250,1183,2021-11-29,2026-08-17,pairwise_agreement,SMH,TLT,0.5046491969568893
7_vote_structure,alt1_TLT_for_SOXL,common_all_sets,SPY|QQQ|SMH|TLT,4,250,1183,2021-11-29,2026-08-17,pairwise_correlation,SPY,QQQ,0.8580714142472596
7_vote_structure,alt1_TLT_for_SOXL,common_all_sets,SPY|QQQ|SMH|TLT,4,250,1183,2021-11-29,2026-08-17,pairwise_correlation,SPY,SMH,0.8215802178230592
7_vote_structure,alt1_TLT_for_SOXL,common_all_sets,SPY|QQQ|SMH|TLT,4,250,1183,2021-11-29,2026-08-17,pairwise_correlation,SPY,TLT,0.32914789587400073
7_vote_structure,alt1_TLT_for_SOXL,common_all_sets,SPY|QQQ|SMH|TLT,4,250,1183,2021-11-29,2026-08-17,pairwise_correlation,QQQ,SMH,0.8417164844930906
7_vote_structure,alt1_TLT_for_SOXL,common_all_sets,SPY|QQQ|SMH|TLT,4,250,1183,2021-11-29,2026-08-17,pairwise_correlation,QQQ,TLT,0.330268402582759
7_vote_structure,alt1_TLT_for_SOXL,common_all_sets,SPY|QQQ|SMH|TLT,4,250,1183,2021-11-29,2026-08-17,pairwise_correlation,SMH,TLT,0.28320990669591456
7_vote_structure,alt1_TLT_for_SOXL,common_all_sets,SPY|QQQ|SMH|TLT,4,250,1183,2021-11-29,2026-08-17,vote_count_fraction,0,,0.18765849535080303
7_vote_structure,alt1_TLT_for_SOXL,common_all_sets,SPY|QQQ|SMH|TLT,4,250,1183,2021-11-29,2026-08-17,vote_count_n,0,,222.0
7_vote_structure,alt1_TLT_for_SOXL,common_all_sets,SPY|QQQ|SMH|TLT,4,250,1183,2021-11-29,2026-08-17,vote_count_fraction,1,,0.03127641589180051
7_vote_structure,alt1_TLT_for_SOXL,common_all_sets,SPY|QQQ|SMH|TLT,4,250,1183,2021-11-29,2026-08-17,vote_count_n,1,,37.0
7_vote_structure,alt1_TLT_for_SOXL,common_all_sets,SPY|QQQ|SMH|TLT,4,250,1183,2021-11-29,2026-08-17,vote_count_fraction,2,,0.0507185122569738
7_vote_structure,alt1_TLT_for_SOXL,common_all_sets,SPY|QQQ|SMH|TLT,4,250,1183,2021-11-29,2026-08-17,vote_count_n,2,,60.0
7_vote_structure,alt1_TLT_for_SOXL,common_all_sets,SPY|QQQ|SMH|TLT,4,250,1183,2021-11-29,2026-08-17,vote_count_fraction,3,,0.44040574809805577
7_vote_structure,alt1_TLT_for_SOXL,common_all_sets,SPY|QQQ|SMH|TLT,4,250,1183,2021-11-29,2026-08-17,vote_count_n,3,,521.0
7_vote_structure,alt1_TLT_for_SOXL,common_all_sets,SPY|QQQ|SMH|TLT,4,250,1183,2021-11-29,2026-08-17,vote_count_fraction,4,,0.28994082840236685
7_vote_structure,alt1_TLT_for_SOXL,common_all_sets,SPY|QQQ|SMH|TLT,4,250,1183,2021-11-29,2026-08-17,vote_count_n,4,,343.0
7_vote_structure,alt1_TLT_for_SOXL,common_all_sets,SPY|QQQ|SMH|TLT,4,250,1183,2021-11-29,2026-08-17,effective_independent_votes,,,1.8110238891302883
7_vote_structure,alt1_TLT_for_SOXL,common_all_sets,SPY|QQQ|SMH|TLT,4,250,1183,2021-11-29,2026-08-17,mean_vote_count,,,2.6136939983093828
7_vote_structure,alt1_TLT_for_SOXL,common_all_sets,SPY|QQQ|SMH|TLT,4,250,1183,2021-11-29,2026-08-17,frac_bull,1,,0.812341504649197
7_vote_structure,alt1_TLT_for_SOXL,common_all_sets,SPY|QQQ|SMH|TLT,4,250,1183,2021-11-29,2026-08-17,flip_fraction_leave_one_out,1,SPY,0.013524936601859678
7_vote_structure,alt1_TLT_for_SOXL,common_all_sets,SPY|QQQ|SMH|TLT,4,250,1183,2021-11-29,2026-08-17,flip_count_leave_one_out,1,SPY,16.0
7_vote_structure,alt1_TLT_for_SOXL,common_all_sets,SPY|QQQ|SMH|TLT,4,250,1183,2021-11-29,2026-08-17,flip_fraction_leave_one_out,1,QQQ,0.0
7_vote_structure,alt1_TLT_for_SOXL,common_all_sets,SPY|QQQ|SMH|TLT,4,250,1183,2021-11-29,2026-08-17,flip_count_leave_one_out,1,QQQ,0.0
7_vote_structure,alt1_TLT_for_SOXL,common_all_sets,SPY|QQQ|SMH|TLT,4,250,1183,2021-11-29,2026-08-17,flip_fraction_leave_one_out,1,SMH,0.015215553677092139
7_vote_structure,alt1_TLT_for_SOXL,common_all_sets,SPY|QQQ|SMH|TLT,4,250,1183,2021-11-29,2026-08-17,flip_count_leave_one_out,1,SMH,18.0
7_vote_structure,alt1_TLT_for_SOXL,common_all_sets,SPY|QQQ|SMH|TLT,4,250,1183,2021-11-29,2026-08-17,flip_fraction_leave_one_out,1,TLT,0.00253592561284869
7_vote_structure,alt1_TLT_for_SOXL,common_all_sets,SPY|QQQ|SMH|TLT,4,250,1183,2021-11-29,2026-08-17,flip_count_leave_one_out,1,TLT,3.0
7_vote_structure,alt1_TLT_for_SOXL,common_all_sets,SPY|QQQ|SMH|TLT,4,250,1183,2021-11-29,2026-08-17,frac_bull,2,,0.7810650887573964
7_vote_structure,alt1_TLT_for_SOXL,common_all_sets,SPY|QQQ|SMH|TLT,4,250,1183,2021-11-29,2026-08-17,flip_fraction_leave_one_out,2,SPY,0.042265426880811495
7_vote_structure,alt1_TLT_for_SOXL,common_all_sets,SPY|QQQ|SMH|TLT,4,250,1183,2021-11-29,2026-08-17,flip_count_leave_one_out,2,SPY,50.0
7_vote_structure,alt1_TLT_for_SOXL,common_all_sets,SPY|QQQ|SMH|TLT,4,250,1183,2021-11-29,2026-08-17,flip_fraction_leave_one_out,2,QQQ,0.01944209636517329
7_vote_structure,alt1_TLT_for_SOXL,common_all_sets,SPY|QQQ|SMH|TLT,4,250,1183,2021-11-29,2026-08-17,flip_count_leave_one_out,2,QQQ,23.0
7_vote_structure,alt1_TLT_for_SOXL,common_all_sets,SPY|QQQ|SMH|TLT,4,250,1183,2021-11-29,2026-08-17,flip_fraction_leave_one_out,2,SMH,0.032121724429416736
7_vote_structure,alt1_TLT_for_SOXL,common_all_sets,SPY|QQQ|SMH|TLT,4,250,1183,2021-11-29,2026-08-17,flip_count_leave_one_out,2,SMH,38.0
7_vote_structure,alt1_TLT_for_SOXL,common_all_sets,SPY|QQQ|SMH|TLT,4,250,1183,2021-11-29,2026-08-17,flip_fraction_leave_one_out,2,TLT,0.0076077768385460695
7_vote_structure,alt1_TLT_for_SOXL,common_all_sets,SPY|QQQ|SMH|TLT,4,250,1183,2021-11-29,2026-08-17,flip_count_leave_one_out,2,TLT,9.0
7_vote_structure,alt1_TLT_for_SOXL,common_all_sets,SPY|QQQ|SMH|TLT,4,250,1183,2021-11-29,2026-08-17,frac_bull,3,,0.7303465765004227
7_vote_structure,alt1_TLT_for_SOXL,common_all_sets,SPY|QQQ|SMH|TLT,4,250,1183,2021-11-29,2026-08-17,flip_fraction_leave_one_out,3,SPY,0.44040574809805577
7_vote_structure,alt1_TLT_for_SOXL,common_all_sets,SPY|QQQ|SMH|TLT,4,250,1183,2021-11-29,2026-08-17,flip_count_leave_one_out,3,SPY,521.0
7_vote_structure,alt1_TLT_for_SOXL,common_all_sets,SPY|QQQ|SMH|TLT,4,250,1183,2021-11-29,2026-08-17,flip_fraction_leave_one_out,3,QQQ,0.43956043956043955
7_vote_structure,alt1_TLT_for_SOXL,common_all_sets,SPY|QQQ|SMH|TLT,4,250,1183,2021-11-29,2026-08-17,flip_count_leave_one_out,3,QQQ,520.0
7_vote_structure,alt1_TLT_for_SOXL,common_all_sets,SPY|QQQ|SMH|TLT,4,250,1183,2021-11-29,2026-08-17,flip_fraction_leave_one_out,3,SMH,0.4344885883347422
7_vote_structure,alt1_TLT_for_SOXL,common_all_sets,SPY|QQQ|SMH|TLT,4,250,1183,2021-11-29,2026-08-17,flip_count_leave_one_out,3,SMH,514.0
7_vote_structure,alt1_TLT_for_SOXL,common_all_sets,SPY|QQQ|SMH|TLT,4,250,1183,2021-11-29,2026-08-17,flip_fraction_leave_one_out,3,TLT,0.006762468300929839
7_vote_structure,alt1_TLT_for_SOXL,common_all_sets,SPY|QQQ|SMH|TLT,4,250,1183,2021-11-29,2026-08-17,flip_count_leave_one_out,3,TLT,8.0
7_vote_structure,alt1_TLT_for_SOXL,common_all_sets,SPY|QQQ|SMH|TLT,4,250,1183,2021-11-29,2026-08-17,frac_bull,4,,0.28994082840236685
7_vote_structure,alt1_TLT_for_SOXL,common_all_sets,SPY|QQQ|SMH|TLT,4,250,1183,2021-11-29,2026-08-17,flip_fraction_leave_one_out,4,SPY,0.28994082840236685
7_vote_structure,alt1_TLT_for_SOXL,common_all_sets,SPY|QQQ|SMH|TLT,4,250,1183,2021-11-29,2026-08-17,flip_count_leave_one_out,4,SPY,343.0
7_vote_structure,alt1_TLT_for_SOXL,common_all_sets,SPY|QQQ|SMH|TLT,4,250,1183,2021-11-29,2026-08-17,flip_fraction_leave_one_out,4,QQQ,0.28994082840236685
7_vote_structure,alt1_TLT_for_SOXL,common_all_sets,SPY|QQQ|SMH|TLT,4,250,1183,2021-11-29,2026-08-17,flip_count_leave_one_out,4,QQQ,343.0
7_vote_structure,alt1_TLT_for_SOXL,common_all_sets,SPY|QQQ|SMH|TLT,4,250,1183,2021-11-29,2026-08-17,flip_fraction_leave_one_out,4,SMH,0.28994082840236685
7_vote_structure,alt1_TLT_for_SOXL,common_all_sets,SPY|QQQ|SMH|TLT,4,250,1183,2021-11-29,2026-08-17,flip_count_leave_one_out,4,SMH,343.0
7_vote_structure,alt1_TLT_for_SOXL,common_all_sets,SPY|QQQ|SMH|TLT,4,250,1183,2021-11-29,2026-08-17,flip_fraction_leave_one_out,4,TLT,0.28994082840236685
7_vote_structure,alt1_TLT_for_SOXL,common_all_sets,SPY|QQQ|SMH|TLT,4,250,1183,2021-11-29,2026-08-17,flip_count_leave_one_out,4,TLT,343.0
7_vote_structure,alt2_KMLM_for_SOXL,native,SPY|QQQ|SMH|KMLM,4,50,1383,2021-02-12,2026-08-17,pairwise_agreement,SPY,QQQ,0.9045553145336226
7_vote_structure,alt2_KMLM_for_SOXL,native,SPY|QQQ|SMH|KMLM,4,50,1383,2021-02-12,2026-08-17,pairwise_agreement,SPY,SMH,0.836587129428778
7_vote_structure,alt2_KMLM_for_SOXL,native,SPY|QQQ|SMH|KMLM,4,50,1383,2021-02-12,2026-08-17,pairwise_agreement,SPY,KMLM,0.4309472161966739
7_vote_structure,alt2_KMLM_for_SOXL,native,SPY|QQQ|SMH|KMLM,4,50,1383,2021-02-12,2026-08-17,pairwise_agreement,QQQ,SMH,0.871294287780188
7_vote_structure,alt2_KMLM_for_SOXL,native,SPY|QQQ|SMH|KMLM,4,50,1383,2021-02-12,2026-08-17,pairwise_agreement,QQQ,KMLM,0.403470715835141
7_vote_structure,alt2_KMLM_for_SOXL,native,SPY|QQQ|SMH|KMLM,4,50,1383,2021-02-12,2026-08-17,pairwise_agreement,SMH,KMLM,0.403470715835141
7_vote_structure,alt2_KMLM_for_SOXL,native,SPY|QQQ|SMH|KMLM,4,50,1383,2021-02-12,2026-08-17,pairwise_correlation,SPY,QQQ,0.7780216545475895
7_vote_structure,alt2_KMLM_for_SOXL,native,SPY|QQQ|SMH|KMLM,4,50,1383,2021-02-12,2026-08-17,pairwise_correlation,SPY,SMH,0.6304360383994576
7_vote_structure,alt2_KMLM_for_SOXL,native,SPY|QQQ|SMH|KMLM,4,50,1383,2021-02-12,2026-08-17,pairwise_correlation,SPY,KMLM,-0.20942105063693903
7_vote_structure,alt2_KMLM_for_SOXL,native,SPY|QQQ|SMH|KMLM,4,50,1383,2021-02-12,2026-08-17,pairwise_correlation,QQQ,SMH,0.7126233070075988
7_vote_structure,alt2_KMLM_for_SOXL,native,SPY|QQQ|SMH|KMLM,4,50,1383,2021-02-12,2026-08-17,pairwise_correlation,QQQ,KMLM,-0.25033157257539784
7_vote_structure,alt2_KMLM_for_SOXL,native,SPY|QQQ|SMH|KMLM,4,50,1383,2021-02-12,2026-08-17,pairwise_correlation,SMH,KMLM,-0.24000628749551672
7_vote_structure,alt2_KMLM_for_SOXL,native,SPY|QQQ|SMH|KMLM,4,50,1383,2021-02-12,2026-08-17,vote_count_fraction,0,,0.05639913232104121
7_vote_structure,alt2_KMLM_for_SOXL,native,SPY|QQQ|SMH|KMLM,4,50,1383,2021-02-12,2026-08-17,vote_count_n,0,,78.0
7_vote_structure,alt2_KMLM_for_SOXL,native,SPY|QQQ|SMH|KMLM,4,50,1383,2021-02-12,2026-08-17,vote_count_fraction,1,,0.19088937093275488
7_vote_structure,alt2_KMLM_for_SOXL,native,SPY|QQQ|SMH|KMLM,4,50,1383,2021-02-12,2026-08-17,vote_count_n,1,,264.0
7_vote_structure,alt2_KMLM_for_SOXL,native,SPY|QQQ|SMH|KMLM,4,50,1383,2021-02-12,2026-08-17,vote_count_fraction,2,,0.10845986984815618
7_vote_structure,alt2_KMLM_for_SOXL,native,SPY|QQQ|SMH|KMLM,4,50,1383,2021-02-12,2026-08-17,vote_count_n,2,,150.0
7_vote_structure,alt2_KMLM_for_SOXL,native,SPY|QQQ|SMH|KMLM,4,50,1383,2021-02-12,2026-08-17,vote_count_fraction,3,,0.3810556760665221
7_vote_structure,alt2_KMLM_for_SOXL,native,SPY|QQQ|SMH|KMLM,4,50,1383,2021-02-12,2026-08-17,vote_count_n,3,,527.0
7_vote_structure,alt2_KMLM_for_SOXL,native,SPY|QQQ|SMH|KMLM,4,50,1383,2021-02-12,2026-08-17,vote_count_fraction,4,,0.2631959508315257
7_vote_structure,alt2_KMLM_for_SOXL,native,SPY|QQQ|SMH|KMLM,4,50,1383,2021-02-12,2026-08-17,vote_count_n,4,,364.0
7_vote_structure,alt2_KMLM_for_SOXL,native,SPY|QQQ|SMH|KMLM,4,50,1383,2021-02-12,2026-08-17,effective_independent_votes,,,2.1770334411992605
7_vote_structure,alt2_KMLM_for_SOXL,native,SPY|QQQ|SMH|KMLM,4,50,1383,2021-02-12,2026-08-17,mean_vote_count,,,2.603759942154736
7_vote_structure,alt2_KMLM_for_SOXL,native,SPY|QQQ|SMH|KMLM,4,50,1383,2021-02-12,2026-08-17,frac_bull,1,,0.9436008676789588
7_vote_structure,alt2_KMLM_for_SOXL,native,SPY|QQQ|SMH|KMLM,4,50,1383,2021-02-12,2026-08-17,flip_fraction_leave_one_out,1,SPY,0.011569052783803326
7_vote_structure,alt2_KMLM_for_SOXL,native,SPY|QQQ|SMH|KMLM,4,50,1383,2021-02-12,2026-08-17,flip_count_leave_one_out,1,SPY,16.0
7_vote_structure,alt2_KMLM_for_SOXL,native,SPY|QQQ|SMH|KMLM,4,50,1383,2021-02-12,2026-08-17,flip_fraction_leave_one_out,1,QQQ,0.0
7_vote_structure,alt2_KMLM_for_SOXL,native,SPY|QQQ|SMH|KMLM,4,50,1383,2021-02-12,2026-08-17,flip_count_leave_one_out,1,QQQ,0.0
7_vote_structure,alt2_KMLM_for_SOXL,native,SPY|QQQ|SMH|KMLM,4,50,1383,2021-02-12,2026-08-17,flip_fraction_leave_one_out,1,SMH,0.009399855386840203
7_vote_structure,alt2_KMLM_for_SOXL,native,SPY|QQQ|SMH|KMLM,4,50,1383,2021-02-12,2026-08-17,flip_count_leave_one_out,1,SMH,13.0
7_vote_structure,alt2_KMLM_for_SOXL,native,SPY|QQQ|SMH|KMLM,4,50,1383,2021-02-12,2026-08-17,flip_fraction_leave_one_out,1,KMLM,0.16992046276211134
7_vote_structure,alt2_KMLM_for_SOXL,native,SPY|QQQ|SMH|KMLM,4,50,1383,2021-02-12,2026-08-17,flip_count_leave_one_out,1,KMLM,235.0
7_vote_structure,alt2_KMLM_for_SOXL,native,SPY|QQQ|SMH|KMLM,4,50,1383,2021-02-12,2026-08-17,frac_bull,2,,0.7527114967462039
7_vote_structure,alt2_KMLM_for_SOXL,native,SPY|QQQ|SMH|KMLM,4,50,1383,2021-02-12,2026-08-17,flip_fraction_leave_one_out,2,SPY,0.07086044830079537
7_vote_structure,alt2_KMLM_for_SOXL,native,SPY|QQQ|SMH|KMLM,4,50,1383,2021-02-12,2026-08-17,flip_count_leave_one_out,2,SPY,98.0
7_vote_structure,alt2_KMLM_for_SOXL,native,SPY|QQQ|SMH|KMLM,4,50,1383,2021-02-12,2026-08-17,flip_fraction_leave_one_out,2,QQQ,0.04844540853217643
7_vote_structure,alt2_KMLM_for_SOXL,native,SPY|QQQ|SMH|KMLM,4,50,1383,2021-02-12,2026-08-17,flip_count_leave_one_out,2,QQQ,67.0
7_vote_structure,alt2_KMLM_for_SOXL,native,SPY|QQQ|SMH|KMLM,4,50,1383,2021-02-12,2026-08-17,flip_fraction_leave_one_out,2,SMH,0.039045553145336226
7_vote_structure,alt2_KMLM_for_SOXL,native,SPY|QQQ|SMH|KMLM,4,50,1383,2021-02-12,2026-08-17,flip_count_leave_one_out,2,SMH,54.0
7_vote_structure,alt2_KMLM_for_SOXL,native,SPY|QQQ|SMH|KMLM,4,50,1383,2021-02-12,2026-08-17,flip_fraction_leave_one_out,2,KMLM,0.05856832971800434
7_vote_structure,alt2_KMLM_for_SOXL,native,SPY|QQQ|SMH|KMLM,4,50,1383,2021-02-12,2026-08-17,flip_count_leave_one_out,2,KMLM,81.0
7_vote_structure,alt2_KMLM_for_SOXL,native,SPY|QQQ|SMH|KMLM,4,50,1383,2021-02-12,2026-08-17,frac_bull,3,,0.6442516268980477
7_vote_structure,alt2_KMLM_for_SOXL,native,SPY|QQQ|SMH|KMLM,4,50,1383,2021-02-12,2026-08-17,flip_fraction_leave_one_out,3,SPY,0.37310195227765725
7_vote_structure,alt2_KMLM_for_SOXL,native,SPY|QQQ|SMH|KMLM,4,50,1383,2021-02-12,2026-08-17,flip_count_leave_one_out,3,SPY,516.0
7_vote_structure,alt2_KMLM_for_SOXL,native,SPY|QQQ|SMH|KMLM,4,50,1383,2021-02-12,2026-08-17,flip_fraction_leave_one_out,3,QQQ,0.36514822848879247
7_vote_structure,alt2_KMLM_for_SOXL,native,SPY|QQQ|SMH|KMLM,4,50,1383,2021-02-12,2026-08-17,flip_count_leave_one_out,3,QQQ,505.0
7_vote_structure,alt2_KMLM_for_SOXL,native,SPY|QQQ|SMH|KMLM,4,50,1383,2021-02-12,2026-08-17,flip_fraction_leave_one_out,3,SMH,0.3405639913232104
7_vote_structure,alt2_KMLM_for_SOXL,native,SPY|QQQ|SMH|KMLM,4,50,1383,2021-02-12,2026-08-17,flip_count_leave_one_out,3,SMH,471.0
7_vote_structure,alt2_KMLM_for_SOXL,native,SPY|QQQ|SMH|KMLM,4,50,1383,2021-02-12,2026-08-17,flip_fraction_leave_one_out,3,KMLM,0.064352856109906
7_vote_structure,alt2_KMLM_for_SOXL,native,SPY|QQQ|SMH|KMLM,4,50,1383,2021-02-12,2026-08-17,flip_count_leave_one_out,3,KMLM,89.0
7_vote_structure,alt2_KMLM_for_SOXL,native,SPY|QQQ|SMH|KMLM,4,50,1383,2021-02-12,2026-08-17,frac_bull,4,,0.2631959508315257
7_vote_structure,alt2_KMLM_for_SOXL,native,SPY|QQQ|SMH|KMLM,4,50,1383,2021-02-12,2026-08-17,flip_fraction_leave_one_out,4,SPY,0.2631959508315257
7_vote_structure,alt2_KMLM_for_SOXL,native,SPY|QQQ|SMH|KMLM,4,50,1383,2021-02-12,2026-08-17,flip_count_leave_one_out,4,SPY,364.0
7_vote_structure,alt2_KMLM_for_SOXL,native,SPY|QQQ|SMH|KMLM,4,50,1383,2021-02-12,2026-08-17,flip_fraction_leave_one_out,4,QQQ,0.2631959508315257
7_vote_structure,alt2_KMLM_for_SOXL,native,SPY|QQQ|SMH|KMLM,4,50,1383,2021-02-12,2026-08-17,flip_count_leave_one_out,4,QQQ,364.0
7_vote_structure,alt2_KMLM_for_SOXL,native,SPY|QQQ|SMH|KMLM,4,50,1383,2021-02-12,2026-08-17,flip_fraction_leave_one_out,4,SMH,0.2631959508315257
7_vote_structure,alt2_KMLM_for_SOXL,native,SPY|QQQ|SMH|KMLM,4,50,1383,2021-02-12,2026-08-17,flip_count_leave_one_out,4,SMH,364.0
7_vote_structure,alt2_KMLM_for_SOXL,native,SPY|QQQ|SMH|KMLM,4,50,1383,2021-02-12,2026-08-17,flip_fraction_leave_one_out,4,KMLM,0.2631959508315257
7_vote_structure,alt2_KMLM_for_SOXL,native,SPY|QQQ|SMH|KMLM,4,50,1383,2021-02-12,2026-08-17,flip_count_leave_one_out,4,KMLM,364.0
7_vote_structure,alt2_KMLM_for_SOXL,common_with_S3,SPY|QQQ|SMH|KMLM,4,50,1383,2021-02-12,2026-08-17,pairwise_agreement,SPY,QQQ,0.9045553145336226
7_vote_structure,alt2_KMLM_for_SOXL,common_with_S3,SPY|QQQ|SMH|KMLM,4,50,1383,2021-02-12,2026-08-17,pairwise_agreement,SPY,SMH,0.836587129428778
7_vote_structure,alt2_KMLM_for_SOXL,common_with_S3,SPY|QQQ|SMH|KMLM,4,50,1383,2021-02-12,2026-08-17,pairwise_agreement,SPY,KMLM,0.4309472161966739
7_vote_structure,alt2_KMLM_for_SOXL,common_with_S3,SPY|QQQ|SMH|KMLM,4,50,1383,2021-02-12,2026-08-17,pairwise_agreement,QQQ,SMH,0.871294287780188
7_vote_structure,alt2_KMLM_for_SOXL,common_with_S3,SPY|QQQ|SMH|KMLM,4,50,1383,2021-02-12,2026-08-17,pairwise_agreement,QQQ,KMLM,0.403470715835141
7_vote_structure,alt2_KMLM_for_SOXL,common_with_S3,SPY|QQQ|SMH|KMLM,4,50,1383,2021-02-12,2026-08-17,pairwise_agreement,SMH,KMLM,0.403470715835141
7_vote_structure,alt2_KMLM_for_SOXL,common_with_S3,SPY|QQQ|SMH|KMLM,4,50,1383,2021-02-12,2026-08-17,pairwise_correlation,SPY,QQQ,0.7780216545475895
7_vote_structure,alt2_KMLM_for_SOXL,common_with_S3,SPY|QQQ|SMH|KMLM,4,50,1383,2021-02-12,2026-08-17,pairwise_correlation,SPY,SMH,0.6304360383994576
7_vote_structure,alt2_KMLM_for_SOXL,common_with_S3,SPY|QQQ|SMH|KMLM,4,50,1383,2021-02-12,2026-08-17,pairwise_correlation,SPY,KMLM,-0.20942105063693903
7_vote_structure,alt2_KMLM_for_SOXL,common_with_S3,SPY|QQQ|SMH|KMLM,4,50,1383,2021-02-12,2026-08-17,pairwise_correlation,QQQ,SMH,0.7126233070075988
7_vote_structure,alt2_KMLM_for_SOXL,common_with_S3,SPY|QQQ|SMH|KMLM,4,50,1383,2021-02-12,2026-08-17,pairwise_correlation,QQQ,KMLM,-0.25033157257539784
7_vote_structure,alt2_KMLM_for_SOXL,common_with_S3,SPY|QQQ|SMH|KMLM,4,50,1383,2021-02-12,2026-08-17,pairwise_correlation,SMH,KMLM,-0.24000628749551672
7_vote_structure,alt2_KMLM_for_SOXL,common_with_S3,SPY|QQQ|SMH|KMLM,4,50,1383,2021-02-12,2026-08-17,vote_count_fraction,0,,0.05639913232104121
7_vote_structure,alt2_KMLM_for_SOXL,common_with_S3,SPY|QQQ|SMH|KMLM,4,50,1383,2021-02-12,2026-08-17,vote_count_n,0,,78.0
7_vote_structure,alt2_KMLM_for_SOXL,common_with_S3,SPY|QQQ|SMH|KMLM,4,50,1383,2021-02-12,2026-08-17,vote_count_fraction,1,,0.19088937093275488
7_vote_structure,alt2_KMLM_for_SOXL,common_with_S3,SPY|QQQ|SMH|KMLM,4,50,1383,2021-02-12,2026-08-17,vote_count_n,1,,264.0
7_vote_structure,alt2_KMLM_for_SOXL,common_with_S3,SPY|QQQ|SMH|KMLM,4,50,1383,2021-02-12,2026-08-17,vote_count_fraction,2,,0.10845986984815618
7_vote_structure,alt2_KMLM_for_SOXL,common_with_S3,SPY|QQQ|SMH|KMLM,4,50,1383,2021-02-12,2026-08-17,vote_count_n,2,,150.0
7_vote_structure,alt2_KMLM_for_SOXL,common_with_S3,SPY|QQQ|SMH|KMLM,4,50,1383,2021-02-12,2026-08-17,vote_count_fraction,3,,0.3810556760665221
7_vote_structure,alt2_KMLM_for_SOXL,common_with_S3,SPY|QQQ|SMH|KMLM,4,50,1383,2021-02-12,2026-08-17,vote_count_n,3,,527.0
7_vote_structure,alt2_KMLM_for_SOXL,common_with_S3,SPY|QQQ|SMH|KMLM,4,50,1383,2021-02-12,2026-08-17,vote_count_fraction,4,,0.2631959508315257
7_vote_structure,alt2_KMLM_for_SOXL,common_with_S3,SPY|QQQ|SMH|KMLM,4,50,1383,2021-02-12,2026-08-17,vote_count_n,4,,364.0
7_vote_structure,alt2_KMLM_for_SOXL,common_with_S3,SPY|QQQ|SMH|KMLM,4,50,1383,2021-02-12,2026-08-17,effective_independent_votes,,,2.1770334411992605
7_vote_structure,alt2_KMLM_for_SOXL,common_with_S3,SPY|QQQ|SMH|KMLM,4,50,1383,2021-02-12,2026-08-17,mean_vote_count,,,2.603759942154736
7_vote_structure,alt2_KMLM_for_SOXL,common_with_S3,SPY|QQQ|SMH|KMLM,4,50,1383,2021-02-12,2026-08-17,frac_bull,1,,0.9436008676789588
7_vote_structure,alt2_KMLM_for_SOXL,common_with_S3,SPY|QQQ|SMH|KMLM,4,50,1383,2021-02-12,2026-08-17,flip_fraction_leave_one_out,1,SPY,0.011569052783803326
7_vote_structure,alt2_KMLM_for_SOXL,common_with_S3,SPY|QQQ|SMH|KMLM,4,50,1383,2021-02-12,2026-08-17,flip_count_leave_one_out,1,SPY,16.0
7_vote_structure,alt2_KMLM_for_SOXL,common_with_S3,SPY|QQQ|SMH|KMLM,4,50,1383,2021-02-12,2026-08-17,flip_fraction_leave_one_out,1,QQQ,0.0
7_vote_structure,alt2_KMLM_for_SOXL,common_with_S3,SPY|QQQ|SMH|KMLM,4,50,1383,2021-02-12,2026-08-17,flip_count_leave_one_out,1,QQQ,0.0
7_vote_structure,alt2_KMLM_for_SOXL,common_with_S3,SPY|QQQ|SMH|KMLM,4,50,1383,2021-02-12,2026-08-17,flip_fraction_leave_one_out,1,SMH,0.009399855386840203
7_vote_structure,alt2_KMLM_for_SOXL,common_with_S3,SPY|QQQ|SMH|KMLM,4,50,1383,2021-02-12,2026-08-17,flip_count_leave_one_out,1,SMH,13.0
7_vote_structure,alt2_KMLM_for_SOXL,common_with_S3,SPY|QQQ|SMH|KMLM,4,50,1383,2021-02-12,2026-08-17,flip_fraction_leave_one_out,1,KMLM,0.16992046276211134
7_vote_structure,alt2_KMLM_for_SOXL,common_with_S3,SPY|QQQ|SMH|KMLM,4,50,1383,2021-02-12,2026-08-17,flip_count_leave_one_out,1,KMLM,235.0
7_vote_structure,alt2_KMLM_for_SOXL,common_with_S3,SPY|QQQ|SMH|KMLM,4,50,1383,2021-02-12,2026-08-17,frac_bull,2,,0.7527114967462039
7_vote_structure,alt2_KMLM_for_SOXL,common_with_S3,SPY|QQQ|SMH|KMLM,4,50,1383,2021-02-12,2026-08-17,flip_fraction_leave_one_out,2,SPY,0.07086044830079537
7_vote_structure,alt2_KMLM_for_SOXL,common_with_S3,SPY|QQQ|SMH|KMLM,4,50,1383,2021-02-12,2026-08-17,flip_count_leave_one_out,2,SPY,98.0
7_vote_structure,alt2_KMLM_for_SOXL,common_with_S3,SPY|QQQ|SMH|KMLM,4,50,1383,2021-02-12,2026-08-17,flip_fraction_leave_one_out,2,QQQ,0.04844540853217643
7_vote_structure,alt2_KMLM_for_SOXL,common_with_S3,SPY|QQQ|SMH|KMLM,4,50,1383,2021-02-12,2026-08-17,flip_count_leave_one_out,2,QQQ,67.0
7_vote_structure,alt2_KMLM_for_SOXL,common_with_S3,SPY|QQQ|SMH|KMLM,4,50,1383,2021-02-12,2026-08-17,flip_fraction_leave_one_out,2,SMH,0.039045553145336226
7_vote_structure,alt2_KMLM_for_SOXL,common_with_S3,SPY|QQQ|SMH|KMLM,4,50,1383,2021-02-12,2026-08-17,flip_count_leave_one_out,2,SMH,54.0
7_vote_structure,alt2_KMLM_for_SOXL,common_with_S3,SPY|QQQ|SMH|KMLM,4,50,1383,2021-02-12,2026-08-17,flip_fraction_leave_one_out,2,KMLM,0.05856832971800434
7_vote_structure,alt2_KMLM_for_SOXL,common_with_S3,SPY|QQQ|SMH|KMLM,4,50,1383,2021-02-12,2026-08-17,flip_count_leave_one_out,2,KMLM,81.0
7_vote_structure,alt2_KMLM_for_SOXL,common_with_S3,SPY|QQQ|SMH|KMLM,4,50,1383,2021-02-12,2026-08-17,frac_bull,3,,0.6442516268980477
7_vote_structure,alt2_KMLM_for_SOXL,common_with_S3,SPY|QQQ|SMH|KMLM,4,50,1383,2021-02-12,2026-08-17,flip_fraction_leave_one_out,3,SPY,0.37310195227765725
7_vote_structure,alt2_KMLM_for_SOXL,common_with_S3,SPY|QQQ|SMH|KMLM,4,50,1383,2021-02-12,2026-08-17,flip_count_leave_one_out,3,SPY,516.0
7_vote_structure,alt2_KMLM_for_SOXL,common_with_S3,SPY|QQQ|SMH|KMLM,4,50,1383,2021-02-12,2026-08-17,flip_fraction_leave_one_out,3,QQQ,0.36514822848879247
7_vote_structure,alt2_KMLM_for_SOXL,common_with_S3,SPY|QQQ|SMH|KMLM,4,50,1383,2021-02-12,2026-08-17,flip_count_leave_one_out,3,QQQ,505.0
7_vote_structure,alt2_KMLM_for_SOXL,common_with_S3,SPY|QQQ|SMH|KMLM,4,50,1383,2021-02-12,2026-08-17,flip_fraction_leave_one_out,3,SMH,0.3405639913232104
7_vote_structure,alt2_KMLM_for_SOXL,common_with_S3,SPY|QQQ|SMH|KMLM,4,50,1383,2021-02-12,2026-08-17,flip_count_leave_one_out,3,SMH,471.0
7_vote_structure,alt2_KMLM_for_SOXL,common_with_S3,SPY|QQQ|SMH|KMLM,4,50,1383,2021-02-12,2026-08-17,flip_fraction_leave_one_out,3,KMLM,0.064352856109906
7_vote_structure,alt2_KMLM_for_SOXL,common_with_S3,SPY|QQQ|SMH|KMLM,4,50,1383,2021-02-12,2026-08-17,flip_count_leave_one_out,3,KMLM,89.0
7_vote_structure,alt2_KMLM_for_SOXL,common_with_S3,SPY|QQQ|SMH|KMLM,4,50,1383,2021-02-12,2026-08-17,frac_bull,4,,0.2631959508315257
7_vote_structure,alt2_KMLM_for_SOXL,common_with_S3,SPY|QQQ|SMH|KMLM,4,50,1383,2021-02-12,2026-08-17,flip_fraction_leave_one_out,4,SPY,0.2631959508315257
7_vote_structure,alt2_KMLM_for_SOXL,common_with_S3,SPY|QQQ|SMH|KMLM,4,50,1383,2021-02-12,2026-08-17,flip_count_leave_one_out,4,SPY,364.0
7_vote_structure,alt2_KMLM_for_SOXL,common_with_S3,SPY|QQQ|SMH|KMLM,4,50,1383,2021-02-12,2026-08-17,flip_fraction_leave_one_out,4,QQQ,0.2631959508315257
7_vote_structure,alt2_KMLM_for_SOXL,common_with_S3,SPY|QQQ|SMH|KMLM,4,50,1383,2021-02-12,2026-08-17,flip_count_leave_one_out,4,QQQ,364.0
7_vote_structure,alt2_KMLM_for_SOXL,common_with_S3,SPY|QQQ|SMH|KMLM,4,50,1383,2021-02-12,2026-08-17,flip_fraction_leave_one_out,4,SMH,0.2631959508315257
7_vote_structure,alt2_KMLM_for_SOXL,common_with_S3,SPY|QQQ|SMH|KMLM,4,50,1383,2021-02-12,2026-08-17,flip_count_leave_one_out,4,SMH,364.0
7_vote_structure,alt2_KMLM_for_SOXL,common_with_S3,SPY|QQQ|SMH|KMLM,4,50,1383,2021-02-12,2026-08-17,flip_fraction_leave_one_out,4,KMLM,0.2631959508315257
7_vote_structure,alt2_KMLM_for_SOXL,common_with_S3,SPY|QQQ|SMH|KMLM,4,50,1383,2021-02-12,2026-08-17,flip_count_leave_one_out,4,KMLM,364.0
7_vote_structure,alt2_KMLM_for_SOXL,common_all_sets,SPY|QQQ|SMH|KMLM,4,50,1383,2021-02-12,2026-08-17,pairwise_agreement,SPY,QQQ,0.9045553145336226
7_vote_structure,alt2_KMLM_for_SOXL,common_all_sets,SPY|QQQ|SMH|KMLM,4,50,1383,2021-02-12,2026-08-17,pairwise_agreement,SPY,SMH,0.836587129428778
7_vote_structure,alt2_KMLM_for_SOXL,common_all_sets,SPY|QQQ|SMH|KMLM,4,50,1383,2021-02-12,2026-08-17,pairwise_agreement,SPY,KMLM,0.4309472161966739
7_vote_structure,alt2_KMLM_for_SOXL,common_all_sets,SPY|QQQ|SMH|KMLM,4,50,1383,2021-02-12,2026-08-17,pairwise_agreement,QQQ,SMH,0.871294287780188
7_vote_structure,alt2_KMLM_for_SOXL,common_all_sets,SPY|QQQ|SMH|KMLM,4,50,1383,2021-02-12,2026-08-17,pairwise_agreement,QQQ,KMLM,0.403470715835141
7_vote_structure,alt2_KMLM_for_SOXL,common_all_sets,SPY|QQQ|SMH|KMLM,4,50,1383,2021-02-12,2026-08-17,pairwise_agreement,SMH,KMLM,0.403470715835141
7_vote_structure,alt2_KMLM_for_SOXL,common_all_sets,SPY|QQQ|SMH|KMLM,4,50,1383,2021-02-12,2026-08-17,pairwise_correlation,SPY,QQQ,0.7780216545475895
7_vote_structure,alt2_KMLM_for_SOXL,common_all_sets,SPY|QQQ|SMH|KMLM,4,50,1383,2021-02-12,2026-08-17,pairwise_correlation,SPY,SMH,0.6304360383994576
7_vote_structure,alt2_KMLM_for_SOXL,common_all_sets,SPY|QQQ|SMH|KMLM,4,50,1383,2021-02-12,2026-08-17,pairwise_correlation,SPY,KMLM,-0.20942105063693903
7_vote_structure,alt2_KMLM_for_SOXL,common_all_sets,SPY|QQQ|SMH|KMLM,4,50,1383,2021-02-12,2026-08-17,pairwise_correlation,QQQ,SMH,0.7126233070075988
7_vote_structure,alt2_KMLM_for_SOXL,common_all_sets,SPY|QQQ|SMH|KMLM,4,50,1383,2021-02-12,2026-08-17,pairwise_correlation,QQQ,KMLM,-0.25033157257539784
7_vote_structure,alt2_KMLM_for_SOXL,common_all_sets,SPY|QQQ|SMH|KMLM,4,50,1383,2021-02-12,2026-08-17,pairwise_correlation,SMH,KMLM,-0.24000628749551672
7_vote_structure,alt2_KMLM_for_SOXL,common_all_sets,SPY|QQQ|SMH|KMLM,4,50,1383,2021-02-12,2026-08-17,vote_count_fraction,0,,0.05639913232104121
7_vote_structure,alt2_KMLM_for_SOXL,common_all_sets,SPY|QQQ|SMH|KMLM,4,50,1383,2021-02-12,2026-08-17,vote_count_n,0,,78.0
7_vote_structure,alt2_KMLM_for_SOXL,common_all_sets,SPY|QQQ|SMH|KMLM,4,50,1383,2021-02-12,2026-08-17,vote_count_fraction,1,,0.19088937093275488
7_vote_structure,alt2_KMLM_for_SOXL,common_all_sets,SPY|QQQ|SMH|KMLM,4,50,1383,2021-02-12,2026-08-17,vote_count_n,1,,264.0
7_vote_structure,alt2_KMLM_for_SOXL,common_all_sets,SPY|QQQ|SMH|KMLM,4,50,1383,2021-02-12,2026-08-17,vote_count_fraction,2,,0.10845986984815618
7_vote_structure,alt2_KMLM_for_SOXL,common_all_sets,SPY|QQQ|SMH|KMLM,4,50,1383,2021-02-12,2026-08-17,vote_count_n,2,,150.0
7_vote_structure,alt2_KMLM_for_SOXL,common_all_sets,SPY|QQQ|SMH|KMLM,4,50,1383,2021-02-12,2026-08-17,vote_count_fraction,3,,0.3810556760665221
7_vote_structure,alt2_KMLM_for_SOXL,common_all_sets,SPY|QQQ|SMH|KMLM,4,50,1383,2021-02-12,2026-08-17,vote_count_n,3,,527.0
7_vote_structure,alt2_KMLM_for_SOXL,common_all_sets,SPY|QQQ|SMH|KMLM,4,50,1383,2021-02-12,2026-08-17,vote_count_fraction,4,,0.2631959508315257
7_vote_structure,alt2_KMLM_for_SOXL,common_all_sets,SPY|QQQ|SMH|KMLM,4,50,1383,2021-02-12,2026-08-17,vote_count_n,4,,364.0
7_vote_structure,alt2_KMLM_for_SOXL,common_all_sets,SPY|QQQ|SMH|KMLM,4,50,1383,2021-02-12,2026-08-17,effective_independent_votes,,,2.1770334411992605
7_vote_structure,alt2_KMLM_for_SOXL,common_all_sets,SPY|QQQ|SMH|KMLM,4,50,1383,2021-02-12,2026-08-17,mean_vote_count,,,2.603759942154736
7_vote_structure,alt2_KMLM_for_SOXL,common_all_sets,SPY|QQQ|SMH|KMLM,4,50,1383,2021-02-12,2026-08-17,frac_bull,1,,0.9436008676789588
7_vote_structure,alt2_KMLM_for_SOXL,common_all_sets,SPY|QQQ|SMH|KMLM,4,50,1383,2021-02-12,2026-08-17,flip_fraction_leave_one_out,1,SPY,0.011569052783803326
7_vote_structure,alt2_KMLM_for_SOXL,common_all_sets,SPY|QQQ|SMH|KMLM,4,50,1383,2021-02-12,2026-08-17,flip_count_leave_one_out,1,SPY,16.0
7_vote_structure,alt2_KMLM_for_SOXL,common_all_sets,SPY|QQQ|SMH|KMLM,4,50,1383,2021-02-12,2026-08-17,flip_fraction_leave_one_out,1,QQQ,0.0
7_vote_structure,alt2_KMLM_for_SOXL,common_all_sets,SPY|QQQ|SMH|KMLM,4,50,1383,2021-02-12,2026-08-17,flip_count_leave_one_out,1,QQQ,0.0
7_vote_structure,alt2_KMLM_for_SOXL,common_all_sets,SPY|QQQ|SMH|KMLM,4,50,1383,2021-02-12,2026-08-17,flip_fraction_leave_one_out,1,SMH,0.009399855386840203
7_vote_structure,alt2_KMLM_for_SOXL,common_all_sets,SPY|QQQ|SMH|KMLM,4,50,1383,2021-02-12,2026-08-17,flip_count_leave_one_out,1,SMH,13.0
7_vote_structure,alt2_KMLM_for_SOXL,common_all_sets,SPY|QQQ|SMH|KMLM,4,50,1383,2021-02-12,2026-08-17,flip_fraction_leave_one_out,1,KMLM,0.16992046276211134
7_vote_structure,alt2_KMLM_for_SOXL,common_all_sets,SPY|QQQ|SMH|KMLM,4,50,1383,2021-02-12,2026-08-17,flip_count_leave_one_out,1,KMLM,235.0
7_vote_structure,alt2_KMLM_for_SOXL,common_all_sets,SPY|QQQ|SMH|KMLM,4,50,1383,2021-02-12,2026-08-17,frac_bull,2,,0.7527114967462039
7_vote_structure,alt2_KMLM_for_SOXL,common_all_sets,SPY|QQQ|SMH|KMLM,4,50,1383,2021-02-12,2026-08-17,flip_fraction_leave_one_out,2,SPY,0.07086044830079537
7_vote_structure,alt2_KMLM_for_SOXL,common_all_sets,SPY|QQQ|SMH|KMLM,4,50,1383,2021-02-12,2026-08-17,flip_count_leave_one_out,2,SPY,98.0
7_vote_structure,alt2_KMLM_for_SOXL,common_all_sets,SPY|QQQ|SMH|KMLM,4,50,1383,2021-02-12,2026-08-17,flip_fraction_leave_one_out,2,QQQ,0.04844540853217643
7_vote_structure,alt2_KMLM_for_SOXL,common_all_sets,SPY|QQQ|SMH|KMLM,4,50,1383,2021-02-12,2026-08-17,flip_count_leave_one_out,2,QQQ,67.0
7_vote_structure,alt2_KMLM_for_SOXL,common_all_sets,SPY|QQQ|SMH|KMLM,4,50,1383,2021-02-12,2026-08-17,flip_fraction_leave_one_out,2,SMH,0.039045553145336226
7_vote_structure,alt2_KMLM_for_SOXL,common_all_sets,SPY|QQQ|SMH|KMLM,4,50,1383,2021-02-12,2026-08-17,flip_count_leave_one_out,2,SMH,54.0
7_vote_structure,alt2_KMLM_for_SOXL,common_all_sets,SPY|QQQ|SMH|KMLM,4,50,1383,2021-02-12,2026-08-17,flip_fraction_leave_one_out,2,KMLM,0.05856832971800434
7_vote_structure,alt2_KMLM_for_SOXL,common_all_sets,SPY|QQQ|SMH|KMLM,4,50,1383,2021-02-12,2026-08-17,flip_count_leave_one_out,2,KMLM,81.0
7_vote_structure,alt2_KMLM_for_SOXL,common_all_sets,SPY|QQQ|SMH|KMLM,4,50,1383,2021-02-12,2026-08-17,frac_bull,3,,0.6442516268980477
7_vote_structure,alt2_KMLM_for_SOXL,common_all_sets,SPY|QQQ|SMH|KMLM,4,50,1383,2021-02-12,2026-08-17,flip_fraction_leave_one_out,3,SPY,0.37310195227765725
7_vote_structure,alt2_KMLM_for_SOXL,common_all_sets,SPY|QQQ|SMH|KMLM,4,50,1383,2021-02-12,2026-08-17,flip_count_leave_one_out,3,SPY,516.0
7_vote_structure,alt2_KMLM_for_SOXL,common_all_sets,SPY|QQQ|SMH|KMLM,4,50,1383,2021-02-12,2026-08-17,flip_fraction_leave_one_out,3,QQQ,0.36514822848879247
7_vote_structure,alt2_KMLM_for_SOXL,common_all_sets,SPY|QQQ|SMH|KMLM,4,50,1383,2021-02-12,2026-08-17,flip_count_leave_one_out,3,QQQ,505.0
7_vote_structure,alt2_KMLM_for_SOXL,common_all_sets,SPY|QQQ|SMH|KMLM,4,50,1383,2021-02-12,2026-08-17,flip_fraction_leave_one_out,3,SMH,0.3405639913232104
7_vote_structure,alt2_KMLM_for_SOXL,common_all_sets,SPY|QQQ|SMH|KMLM,4,50,1383,2021-02-12,2026-08-17,flip_count_leave_one_out,3,SMH,471.0
7_vote_structure,alt2_KMLM_for_SOXL,common_all_sets,SPY|QQQ|SMH|KMLM,4,50,1383,2021-02-12,2026-08-17,flip_fraction_leave_one_out,3,KMLM,0.064352856109906
7_vote_structure,alt2_KMLM_for_SOXL,common_all_sets,SPY|QQQ|SMH|KMLM,4,50,1383,2021-02-12,2026-08-17,flip_count_leave_one_out,3,KMLM,89.0
7_vote_structure,alt2_KMLM_for_SOXL,common_all_sets,SPY|QQQ|SMH|KMLM,4,50,1383,2021-02-12,2026-08-17,frac_bull,4,,0.2631959508315257
7_vote_structure,alt2_KMLM_for_SOXL,common_all_sets,SPY|QQQ|SMH|KMLM,4,50,1383,2021-02-12,2026-08-17,flip_fraction_leave_one_out,4,SPY,0.2631959508315257
7_vote_structure,alt2_KMLM_for_SOXL,common_all_sets,SPY|QQQ|SMH|KMLM,4,50,1383,2021-02-12,2026-08-17,flip_count_leave_one_out,4,SPY,364.0
7_vote_structure,alt2_KMLM_for_SOXL,common_all_sets,SPY|QQQ|SMH|KMLM,4,50,1383,2021-02-12,2026-08-17,flip_fraction_leave_one_out,4,QQQ,0.2631959508315257
7_vote_structure,alt2_KMLM_for_SOXL,common_all_sets,SPY|QQQ|SMH|KMLM,4,50,1383,2021-02-12,2026-08-17,flip_count_leave_one_out,4,QQQ,364.0
7_vote_structure,alt2_KMLM_for_SOXL,common_all_sets,SPY|QQQ|SMH|KMLM,4,50,1383,2021-02-12,2026-08-17,flip_fraction_leave_one_out,4,SMH,0.2631959508315257
7_vote_structure,alt2_KMLM_for_SOXL,common_all_sets,SPY|QQQ|SMH|KMLM,4,50,1383,2021-02-12,2026-08-17,flip_count_leave_one_out,4,SMH,364.0
7_vote_structure,alt2_KMLM_for_SOXL,common_all_sets,SPY|QQQ|SMH|KMLM,4,50,1383,2021-02-12,2026-08-17,flip_fraction_leave_one_out,4,KMLM,0.2631959508315257
7_vote_structure,alt2_KMLM_for_SOXL,common_all_sets,SPY|QQQ|SMH|KMLM,4,50,1383,2021-02-12,2026-08-17,flip_count_leave_one_out,4,KMLM,364.0
7_vote_structure,alt2_KMLM_for_SOXL,native,SPY|QQQ|SMH|KMLM,4,100,1333,2021-04-27,2026-08-17,pairwise_agreement,SPY,QQQ,0.9242310577644411
7_vote_structure,alt2_KMLM_for_SOXL,native,SPY|QQQ|SMH|KMLM,4,100,1333,2021-04-27,2026-08-17,pairwise_agreement,SPY,SMH,0.8979744936234059
7_vote_structure,alt2_KMLM_for_SOXL,native,SPY|QQQ|SMH|KMLM,4,100,1333,2021-04-27,2026-08-17,pairwise_agreement,SPY,KMLM,0.4298574643660915
7_vote_structure,alt2_KMLM_for_SOXL,native,SPY|QQQ|SMH|KMLM,4,100,1333,2021-04-27,2026-08-17,pairwise_agreement,QQQ,SMH,0.8792198049512379
7_vote_structure,alt2_KMLM_for_SOXL,native,SPY|QQQ|SMH|KMLM,4,100,1333,2021-04-27,2026-08-17,pairwise_agreement,QQQ,KMLM,0.42760690172543137
7_vote_structure,alt2_KMLM_for_SOXL,native,SPY|QQQ|SMH|KMLM,4,100,1333,2021-04-27,2026-08-17,pairwise_agreement,SMH,KMLM,0.4358589647411853
7_vote_structure,alt2_KMLM_for_SOXL,native,SPY|QQQ|SMH|KMLM,4,100,1333,2021-04-27,2026-08-17,pairwise_correlation,SPY,QQQ,0.806770827501546
7_vote_structure,alt2_KMLM_for_SOXL,native,SPY|QQQ|SMH|KMLM,4,100,1333,2021-04-27,2026-08-17,pairwise_correlation,SPY,SMH,0.7326955664217729
7_vote_structure,alt2_KMLM_for_SOXL,native,SPY|QQQ|SMH|KMLM,4,100,1333,2021-04-27,2026-08-17,pairwise_correlation,SPY,KMLM,-0.21911552657149258
7_vote_structure,alt2_KMLM_for_SOXL,native,SPY|QQQ|SMH|KMLM,4,100,1333,2021-04-27,2026-08-17,pairwise_correlation,QQQ,SMH,0.6962074722800657
7_vote_structure,alt2_KMLM_for_SOXL,native,SPY|QQQ|SMH|KMLM,4,100,1333,2021-04-27,2026-08-17,pairwise_correlation,QQQ,KMLM,-0.20373376164186266
7_vote_structure,alt2_KMLM_for_SOXL,native,SPY|QQQ|SMH|KMLM,4,100,1333,2021-04-27,2026-08-17,pairwise_correlation,SMH,KMLM,-0.1885475466578936
7_vote_structure,alt2_KMLM_for_SOXL,native,SPY|QQQ|SMH|KMLM,4,100,1333,2021-04-27,2026-08-17,vote_count_fraction,0,,0.04801200300075019
7_vote_structure,alt2_KMLM_for_SOXL,native,SPY|QQQ|SMH|KMLM,4,100,1333,2021-04-27,2026-08-17,vote_count_n,0,,64.0
7_vote_structure,alt2_KMLM_for_SOXL,native,SPY|QQQ|SMH|KMLM,4,100,1333,2021-04-27,2026-08-17,vote_count_fraction,1,,0.15753938484621155
7_vote_structure,alt2_KMLM_for_SOXL,native,SPY|QQQ|SMH|KMLM,4,100,1333,2021-04-27,2026-08-17,vote_count_n,1,,210.0
7_vote_structure,alt2_KMLM_for_SOXL,native,SPY|QQQ|SMH|KMLM,4,100,1333,2021-04-27,2026-08-17,vote_count_fraction,2,,0.09452363090772693
7_vote_structure,alt2_KMLM_for_SOXL,native,SPY|QQQ|SMH|KMLM,4,100,1333,2021-04-27,2026-08-17,vote_count_n,2,,126.0
7_vote_structure,alt2_KMLM_for_SOXL,native,SPY|QQQ|SMH|KMLM,4,100,1333,2021-04-27,2026-08-17,vote_count_fraction,3,,0.38484621155288823
7_vote_structure,alt2_KMLM_for_SOXL,native,SPY|QQQ|SMH|KMLM,4,100,1333,2021-04-27,2026-08-17,vote_count_n,3,,513.0
7_vote_structure,alt2_KMLM_for_SOXL,native,SPY|QQQ|SMH|KMLM,4,100,1333,2021-04-27,2026-08-17,vote_count_fraction,4,,0.3150787696924231
7_vote_structure,alt2_KMLM_for_SOXL,native,SPY|QQQ|SMH|KMLM,4,100,1333,2021-04-27,2026-08-17,vote_count_n,4,,420.0
7_vote_structure,alt2_KMLM_for_SOXL,native,SPY|QQQ|SMH|KMLM,4,100,1333,2021-04-27,2026-08-17,effective_independent_votes,,,2.1066513066191717
7_vote_structure,alt2_KMLM_for_SOXL,native,SPY|QQQ|SMH|KMLM,4,100,1333,2021-04-27,2026-08-17,mean_vote_count,,,2.7614403600900226
7_vote_structure,alt2_KMLM_for_SOXL,native,SPY|QQQ|SMH|KMLM,4,100,1333,2021-04-27,2026-08-17,frac_bull,1,,0.9519879969992499
7_vote_structure,alt2_KMLM_for_SOXL,native,SPY|QQQ|SMH|KMLM,4,100,1333,2021-04-27,2026-08-17,flip_fraction_leave_one_out,1,SPY,0.00450112528132033
7_vote_structure,alt2_KMLM_for_SOXL,native,SPY|QQQ|SMH|KMLM,4,100,1333,2021-04-27,2026-08-17,flip_count_leave_one_out,1,SPY,6.0
7_vote_structure,alt2_KMLM_for_SOXL,native,SPY|QQQ|SMH|KMLM,4,100,1333,2021-04-27,2026-08-17,flip_fraction_leave_one_out,1,QQQ,0.0007501875468867217
7_vote_structure,alt2_KMLM_for_SOXL,native,SPY|QQQ|SMH|KMLM,4,100,1333,2021-04-27,2026-08-17,flip_count_leave_one_out,1,QQQ,1.0
7_vote_structure,alt2_KMLM_for_SOXL,native,SPY|QQQ|SMH|KMLM,4,100,1333,2021-04-27,2026-08-17,flip_fraction_leave_one_out,1,SMH,0.00450112528132033
7_vote_structure,alt2_KMLM_for_SOXL,native,SPY|QQQ|SMH|KMLM,4,100,1333,2021-04-27,2026-08-17,flip_count_leave_one_out,1,SMH,6.0
7_vote_structure,alt2_KMLM_for_SOXL,native,SPY|QQQ|SMH|KMLM,4,100,1333,2021-04-27,2026-08-17,flip_fraction_leave_one_out,1,KMLM,0.14778694673668416
7_vote_structure,alt2_KMLM_for_SOXL,native,SPY|QQQ|SMH|KMLM,4,100,1333,2021-04-27,2026-08-17,flip_count_leave_one_out,1,KMLM,197.0
7_vote_structure,alt2_KMLM_for_SOXL,native,SPY|QQQ|SMH|KMLM,4,100,1333,2021-04-27,2026-08-17,frac_bull,2,,0.7944486121530383
7_vote_structure,alt2_KMLM_for_SOXL,native,SPY|QQQ|SMH|KMLM,4,100,1333,2021-04-27,2026-08-17,flip_fraction_leave_one_out,2,SPY,0.06601650412603151
7_vote_structure,alt2_KMLM_for_SOXL,native,SPY|QQQ|SMH|KMLM,4,100,1333,2021-04-27,2026-08-17,flip_count_leave_one_out,2,SPY,88.0
7_vote_structure,alt2_KMLM_for_SOXL,native,SPY|QQQ|SMH|KMLM,4,100,1333,2021-04-27,2026-08-17,flip_fraction_leave_one_out,2,QQQ,0.03975993998499625
7_vote_structure,alt2_KMLM_for_SOXL,native,SPY|QQQ|SMH|KMLM,4,100,1333,2021-04-27,2026-08-17,flip_count_leave_one_out,2,QQQ,53.0
7_vote_structure,alt2_KMLM_for_SOXL,native,SPY|QQQ|SMH|KMLM,4,100,1333,2021-04-27,2026-08-17,flip_fraction_leave_one_out,2,SMH,0.04951237809452363
7_vote_structure,alt2_KMLM_for_SOXL,native,SPY|QQQ|SMH|KMLM,4,100,1333,2021-04-27,2026-08-17,flip_count_leave_one_out,2,SMH,66.0
7_vote_structure,alt2_KMLM_for_SOXL,native,SPY|QQQ|SMH|KMLM,4,100,1333,2021-04-27,2026-08-17,flip_fraction_leave_one_out,2,KMLM,0.03375843960990248
7_vote_structure,alt2_KMLM_for_SOXL,native,SPY|QQQ|SMH|KMLM,4,100,1333,2021-04-27,2026-08-17,flip_count_leave_one_out,2,KMLM,45.0
7_vote_structure,alt2_KMLM_for_SOXL,native,SPY|QQQ|SMH|KMLM,4,100,1333,2021-04-27,2026-08-17,frac_bull,3,,0.6999249812453113
7_vote_structure,alt2_KMLM_for_SOXL,native,SPY|QQQ|SMH|KMLM,4,100,1333,2021-04-27,2026-08-17,flip_fraction_leave_one_out,3,SPY,0.3810952738184546
7_vote_structure,alt2_KMLM_for_SOXL,native,SPY|QQQ|SMH|KMLM,4,100,1333,2021-04-27,2026-08-17,flip_count_leave_one_out,3,SPY,508.0
7_vote_structure,alt2_KMLM_for_SOXL,native,SPY|QQQ|SMH|KMLM,4,100,1333,2021-04-27,2026-08-17,flip_fraction_leave_one_out,3,QQQ,0.3668417104276069
7_vote_structure,alt2_KMLM_for_SOXL,native,SPY|QQQ|SMH|KMLM,4,100,1333,2021-04-27,2026-08-17,flip_count_leave_one_out,3,QQQ,489.0
7_vote_structure,alt2_KMLM_for_SOXL,native,SPY|QQQ|SMH|KMLM,4,100,1333,2021-04-27,2026-08-17,flip_fraction_leave_one_out,3,SMH,0.36159039759939987
7_vote_structure,alt2_KMLM_for_SOXL,native,SPY|QQQ|SMH|KMLM,4,100,1333,2021-04-27,2026-08-17,flip_count_leave_one_out,3,SMH,482.0
7_vote_structure,alt2_KMLM_for_SOXL,native,SPY|QQQ|SMH|KMLM,4,100,1333,2021-04-27,2026-08-17,flip_fraction_leave_one_out,3,KMLM,0.0450112528132033
7_vote_structure,alt2_KMLM_for_SOXL,native,SPY|QQQ|SMH|KMLM,4,100,1333,2021-04-27,2026-08-17,flip_count_leave_one_out,3,KMLM,60.0
7_vote_structure,alt2_KMLM_for_SOXL,native,SPY|QQQ|SMH|KMLM,4,100,1333,2021-04-27,2026-08-17,frac_bull,4,,0.3150787696924231
7_vote_structure,alt2_KMLM_for_SOXL,native,SPY|QQQ|SMH|KMLM,4,100,1333,2021-04-27,2026-08-17,flip_fraction_leave_one_out,4,SPY,0.3150787696924231
7_vote_structure,alt2_KMLM_for_SOXL,native,SPY|QQQ|SMH|KMLM,4,100,1333,2021-04-27,2026-08-17,flip_count_leave_one_out,4,SPY,420.0
7_vote_structure,alt2_KMLM_for_SOXL,native,SPY|QQQ|SMH|KMLM,4,100,1333,2021-04-27,2026-08-17,flip_fraction_leave_one_out,4,QQQ,0.3150787696924231
7_vote_structure,alt2_KMLM_for_SOXL,native,SPY|QQQ|SMH|KMLM,4,100,1333,2021-04-27,2026-08-17,flip_count_leave_one_out,4,QQQ,420.0
7_vote_structure,alt2_KMLM_for_SOXL,native,SPY|QQQ|SMH|KMLM,4,100,1333,2021-04-27,2026-08-17,flip_fraction_leave_one_out,4,SMH,0.3150787696924231
7_vote_structure,alt2_KMLM_for_SOXL,native,SPY|QQQ|SMH|KMLM,4,100,1333,2021-04-27,2026-08-17,flip_count_leave_one_out,4,SMH,420.0
7_vote_structure,alt2_KMLM_for_SOXL,native,SPY|QQQ|SMH|KMLM,4,100,1333,2021-04-27,2026-08-17,flip_fraction_leave_one_out,4,KMLM,0.3150787696924231
7_vote_structure,alt2_KMLM_for_SOXL,native,SPY|QQQ|SMH|KMLM,4,100,1333,2021-04-27,2026-08-17,flip_count_leave_one_out,4,KMLM,420.0
7_vote_structure,alt2_KMLM_for_SOXL,common_with_S3,SPY|QQQ|SMH|KMLM,4,100,1333,2021-04-27,2026-08-17,pairwise_agreement,SPY,QQQ,0.9242310577644411
7_vote_structure,alt2_KMLM_for_SOXL,common_with_S3,SPY|QQQ|SMH|KMLM,4,100,1333,2021-04-27,2026-08-17,pairwise_agreement,SPY,SMH,0.8979744936234059
7_vote_structure,alt2_KMLM_for_SOXL,common_with_S3,SPY|QQQ|SMH|KMLM,4,100,1333,2021-04-27,2026-08-17,pairwise_agreement,SPY,KMLM,0.4298574643660915
7_vote_structure,alt2_KMLM_for_SOXL,common_with_S3,SPY|QQQ|SMH|KMLM,4,100,1333,2021-04-27,2026-08-17,pairwise_agreement,QQQ,SMH,0.8792198049512379
7_vote_structure,alt2_KMLM_for_SOXL,common_with_S3,SPY|QQQ|SMH|KMLM,4,100,1333,2021-04-27,2026-08-17,pairwise_agreement,QQQ,KMLM,0.42760690172543137
7_vote_structure,alt2_KMLM_for_SOXL,common_with_S3,SPY|QQQ|SMH|KMLM,4,100,1333,2021-04-27,2026-08-17,pairwise_agreement,SMH,KMLM,0.4358589647411853
7_vote_structure,alt2_KMLM_for_SOXL,common_with_S3,SPY|QQQ|SMH|KMLM,4,100,1333,2021-04-27,2026-08-17,pairwise_correlation,SPY,QQQ,0.806770827501546
7_vote_structure,alt2_KMLM_for_SOXL,common_with_S3,SPY|QQQ|SMH|KMLM,4,100,1333,2021-04-27,2026-08-17,pairwise_correlation,SPY,SMH,0.7326955664217729
7_vote_structure,alt2_KMLM_for_SOXL,common_with_S3,SPY|QQQ|SMH|KMLM,4,100,1333,2021-04-27,2026-08-17,pairwise_correlation,SPY,KMLM,-0.21911552657149258
7_vote_structure,alt2_KMLM_for_SOXL,common_with_S3,SPY|QQQ|SMH|KMLM,4,100,1333,2021-04-27,2026-08-17,pairwise_correlation,QQQ,SMH,0.6962074722800657
7_vote_structure,alt2_KMLM_for_SOXL,common_with_S3,SPY|QQQ|SMH|KMLM,4,100,1333,2021-04-27,2026-08-17,pairwise_correlation,QQQ,KMLM,-0.20373376164186266
7_vote_structure,alt2_KMLM_for_SOXL,common_with_S3,SPY|QQQ|SMH|KMLM,4,100,1333,2021-04-27,2026-08-17,pairwise_correlation,SMH,KMLM,-0.1885475466578936
7_vote_structure,alt2_KMLM_for_SOXL,common_with_S3,SPY|QQQ|SMH|KMLM,4,100,1333,2021-04-27,2026-08-17,vote_count_fraction,0,,0.04801200300075019
7_vote_structure,alt2_KMLM_for_SOXL,common_with_S3,SPY|QQQ|SMH|KMLM,4,100,1333,2021-04-27,2026-08-17,vote_count_n,0,,64.0
7_vote_structure,alt2_KMLM_for_SOXL,common_with_S3,SPY|QQQ|SMH|KMLM,4,100,1333,2021-04-27,2026-08-17,vote_count_fraction,1,,0.15753938484621155
7_vote_structure,alt2_KMLM_for_SOXL,common_with_S3,SPY|QQQ|SMH|KMLM,4,100,1333,2021-04-27,2026-08-17,vote_count_n,1,,210.0
7_vote_structure,alt2_KMLM_for_SOXL,common_with_S3,SPY|QQQ|SMH|KMLM,4,100,1333,2021-04-27,2026-08-17,vote_count_fraction,2,,0.09452363090772693
7_vote_structure,alt2_KMLM_for_SOXL,common_with_S3,SPY|QQQ|SMH|KMLM,4,100,1333,2021-04-27,2026-08-17,vote_count_n,2,,126.0
7_vote_structure,alt2_KMLM_for_SOXL,common_with_S3,SPY|QQQ|SMH|KMLM,4,100,1333,2021-04-27,2026-08-17,vote_count_fraction,3,,0.38484621155288823
7_vote_structure,alt2_KMLM_for_SOXL,common_with_S3,SPY|QQQ|SMH|KMLM,4,100,1333,2021-04-27,2026-08-17,vote_count_n,3,,513.0
7_vote_structure,alt2_KMLM_for_SOXL,common_with_S3,SPY|QQQ|SMH|KMLM,4,100,1333,2021-04-27,2026-08-17,vote_count_fraction,4,,0.3150787696924231
7_vote_structure,alt2_KMLM_for_SOXL,common_with_S3,SPY|QQQ|SMH|KMLM,4,100,1333,2021-04-27,2026-08-17,vote_count_n,4,,420.0
7_vote_structure,alt2_KMLM_for_SOXL,common_with_S3,SPY|QQQ|SMH|KMLM,4,100,1333,2021-04-27,2026-08-17,effective_independent_votes,,,2.1066513066191717
7_vote_structure,alt2_KMLM_for_SOXL,common_with_S3,SPY|QQQ|SMH|KMLM,4,100,1333,2021-04-27,2026-08-17,mean_vote_count,,,2.7614403600900226
7_vote_structure,alt2_KMLM_for_SOXL,common_with_S3,SPY|QQQ|SMH|KMLM,4,100,1333,2021-04-27,2026-08-17,frac_bull,1,,0.9519879969992499
7_vote_structure,alt2_KMLM_for_SOXL,common_with_S3,SPY|QQQ|SMH|KMLM,4,100,1333,2021-04-27,2026-08-17,flip_fraction_leave_one_out,1,SPY,0.00450112528132033
7_vote_structure,alt2_KMLM_for_SOXL,common_with_S3,SPY|QQQ|SMH|KMLM,4,100,1333,2021-04-27,2026-08-17,flip_count_leave_one_out,1,SPY,6.0
7_vote_structure,alt2_KMLM_for_SOXL,common_with_S3,SPY|QQQ|SMH|KMLM,4,100,1333,2021-04-27,2026-08-17,flip_fraction_leave_one_out,1,QQQ,0.0007501875468867217
7_vote_structure,alt2_KMLM_for_SOXL,common_with_S3,SPY|QQQ|SMH|KMLM,4,100,1333,2021-04-27,2026-08-17,flip_count_leave_one_out,1,QQQ,1.0
7_vote_structure,alt2_KMLM_for_SOXL,common_with_S3,SPY|QQQ|SMH|KMLM,4,100,1333,2021-04-27,2026-08-17,flip_fraction_leave_one_out,1,SMH,0.00450112528132033
7_vote_structure,alt2_KMLM_for_SOXL,common_with_S3,SPY|QQQ|SMH|KMLM,4,100,1333,2021-04-27,2026-08-17,flip_count_leave_one_out,1,SMH,6.0
7_vote_structure,alt2_KMLM_for_SOXL,common_with_S3,SPY|QQQ|SMH|KMLM,4,100,1333,2021-04-27,2026-08-17,flip_fraction_leave_one_out,1,KMLM,0.14778694673668416
7_vote_structure,alt2_KMLM_for_SOXL,common_with_S3,SPY|QQQ|SMH|KMLM,4,100,1333,2021-04-27,2026-08-17,flip_count_leave_one_out,1,KMLM,197.0
7_vote_structure,alt2_KMLM_for_SOXL,common_with_S3,SPY|QQQ|SMH|KMLM,4,100,1333,2021-04-27,2026-08-17,frac_bull,2,,0.7944486121530383
7_vote_structure,alt2_KMLM_for_SOXL,common_with_S3,SPY|QQQ|SMH|KMLM,4,100,1333,2021-04-27,2026-08-17,flip_fraction_leave_one_out,2,SPY,0.06601650412603151
7_vote_structure,alt2_KMLM_for_SOXL,common_with_S3,SPY|QQQ|SMH|KMLM,4,100,1333,2021-04-27,2026-08-17,flip_count_leave_one_out,2,SPY,88.0
7_vote_structure,alt2_KMLM_for_SOXL,common_with_S3,SPY|QQQ|SMH|KMLM,4,100,1333,2021-04-27,2026-08-17,flip_fraction_leave_one_out,2,QQQ,0.03975993998499625
7_vote_structure,alt2_KMLM_for_SOXL,common_with_S3,SPY|QQQ|SMH|KMLM,4,100,1333,2021-04-27,2026-08-17,flip_count_leave_one_out,2,QQQ,53.0
7_vote_structure,alt2_KMLM_for_SOXL,common_with_S3,SPY|QQQ|SMH|KMLM,4,100,1333,2021-04-27,2026-08-17,flip_fraction_leave_one_out,2,SMH,0.04951237809452363
7_vote_structure,alt2_KMLM_for_SOXL,common_with_S3,SPY|QQQ|SMH|KMLM,4,100,1333,2021-04-27,2026-08-17,flip_count_leave_one_out,2,SMH,66.0
7_vote_structure,alt2_KMLM_for_SOXL,common_with_S3,SPY|QQQ|SMH|KMLM,4,100,1333,2021-04-27,2026-08-17,flip_fraction_leave_one_out,2,KMLM,0.03375843960990248
7_vote_structure,alt2_KMLM_for_SOXL,common_with_S3,SPY|QQQ|SMH|KMLM,4,100,1333,2021-04-27,2026-08-17,flip_count_leave_one_out,2,KMLM,45.0
7_vote_structure,alt2_KMLM_for_SOXL,common_with_S3,SPY|QQQ|SMH|KMLM,4,100,1333,2021-04-27,2026-08-17,frac_bull,3,,0.6999249812453113
7_vote_structure,alt2_KMLM_for_SOXL,common_with_S3,SPY|QQQ|SMH|KMLM,4,100,1333,2021-04-27,2026-08-17,flip_fraction_leave_one_out,3,SPY,0.3810952738184546
7_vote_structure,alt2_KMLM_for_SOXL,common_with_S3,SPY|QQQ|SMH|KMLM,4,100,1333,2021-04-27,2026-08-17,flip_count_leave_one_out,3,SPY,508.0
7_vote_structure,alt2_KMLM_for_SOXL,common_with_S3,SPY|QQQ|SMH|KMLM,4,100,1333,2021-04-27,2026-08-17,flip_fraction_leave_one_out,3,QQQ,0.3668417104276069
7_vote_structure,alt2_KMLM_for_SOXL,common_with_S3,SPY|QQQ|SMH|KMLM,4,100,1333,2021-04-27,2026-08-17,flip_count_leave_one_out,3,QQQ,489.0
7_vote_structure,alt2_KMLM_for_SOXL,common_with_S3,SPY|QQQ|SMH|KMLM,4,100,1333,2021-04-27,2026-08-17,flip_fraction_leave_one_out,3,SMH,0.36159039759939987
7_vote_structure,alt2_KMLM_for_SOXL,common_with_S3,SPY|QQQ|SMH|KMLM,4,100,1333,2021-04-27,2026-08-17,flip_count_leave_one_out,3,SMH,482.0
7_vote_structure,alt2_KMLM_for_SOXL,common_with_S3,SPY|QQQ|SMH|KMLM,4,100,1333,2021-04-27,2026-08-17,flip_fraction_leave_one_out,3,KMLM,0.0450112528132033
7_vote_structure,alt2_KMLM_for_SOXL,common_with_S3,SPY|QQQ|SMH|KMLM,4,100,1333,2021-04-27,2026-08-17,flip_count_leave_one_out,3,KMLM,60.0
7_vote_structure,alt2_KMLM_for_SOXL,common_with_S3,SPY|QQQ|SMH|KMLM,4,100,1333,2021-04-27,2026-08-17,frac_bull,4,,0.3150787696924231
7_vote_structure,alt2_KMLM_for_SOXL,common_with_S3,SPY|QQQ|SMH|KMLM,4,100,1333,2021-04-27,2026-08-17,flip_fraction_leave_one_out,4,SPY,0.3150787696924231
7_vote_structure,alt2_KMLM_for_SOXL,common_with_S3,SPY|QQQ|SMH|KMLM,4,100,1333,2021-04-27,2026-08-17,flip_count_leave_one_out,4,SPY,420.0
7_vote_structure,alt2_KMLM_for_SOXL,common_with_S3,SPY|QQQ|SMH|KMLM,4,100,1333,2021-04-27,2026-08-17,flip_fraction_leave_one_out,4,QQQ,0.3150787696924231
7_vote_structure,alt2_KMLM_for_SOXL,common_with_S3,SPY|QQQ|SMH|KMLM,4,100,1333,2021-04-27,2026-08-17,flip_count_leave_one_out,4,QQQ,420.0
7_vote_structure,alt2_KMLM_for_SOXL,common_with_S3,SPY|QQQ|SMH|KMLM,4,100,1333,2021-04-27,2026-08-17,flip_fraction_leave_one_out,4,SMH,0.3150787696924231
7_vote_structure,alt2_KMLM_for_SOXL,common_with_S3,SPY|QQQ|SMH|KMLM,4,100,1333,2021-04-27,2026-08-17,flip_count_leave_one_out,4,SMH,420.0
7_vote_structure,alt2_KMLM_for_SOXL,common_with_S3,SPY|QQQ|SMH|KMLM,4,100,1333,2021-04-27,2026-08-17,flip_fraction_leave_one_out,4,KMLM,0.3150787696924231
7_vote_structure,alt2_KMLM_for_SOXL,common_with_S3,SPY|QQQ|SMH|KMLM,4,100,1333,2021-04-27,2026-08-17,flip_count_leave_one_out,4,KMLM,420.0
7_vote_structure,alt2_KMLM_for_SOXL,common_all_sets,SPY|QQQ|SMH|KMLM,4,100,1333,2021-04-27,2026-08-17,pairwise_agreement,SPY,QQQ,0.9242310577644411
7_vote_structure,alt2_KMLM_for_SOXL,common_all_sets,SPY|QQQ|SMH|KMLM,4,100,1333,2021-04-27,2026-08-17,pairwise_agreement,SPY,SMH,0.8979744936234059
7_vote_structure,alt2_KMLM_for_SOXL,common_all_sets,SPY|QQQ|SMH|KMLM,4,100,1333,2021-04-27,2026-08-17,pairwise_agreement,SPY,KMLM,0.4298574643660915
7_vote_structure,alt2_KMLM_for_SOXL,common_all_sets,SPY|QQQ|SMH|KMLM,4,100,1333,2021-04-27,2026-08-17,pairwise_agreement,QQQ,SMH,0.8792198049512379
7_vote_structure,alt2_KMLM_for_SOXL,common_all_sets,SPY|QQQ|SMH|KMLM,4,100,1333,2021-04-27,2026-08-17,pairwise_agreement,QQQ,KMLM,0.42760690172543137
7_vote_structure,alt2_KMLM_for_SOXL,common_all_sets,SPY|QQQ|SMH|KMLM,4,100,1333,2021-04-27,2026-08-17,pairwise_agreement,SMH,KMLM,0.4358589647411853
7_vote_structure,alt2_KMLM_for_SOXL,common_all_sets,SPY|QQQ|SMH|KMLM,4,100,1333,2021-04-27,2026-08-17,pairwise_correlation,SPY,QQQ,0.806770827501546
7_vote_structure,alt2_KMLM_for_SOXL,common_all_sets,SPY|QQQ|SMH|KMLM,4,100,1333,2021-04-27,2026-08-17,pairwise_correlation,SPY,SMH,0.7326955664217729
7_vote_structure,alt2_KMLM_for_SOXL,common_all_sets,SPY|QQQ|SMH|KMLM,4,100,1333,2021-04-27,2026-08-17,pairwise_correlation,SPY,KMLM,-0.21911552657149258
7_vote_structure,alt2_KMLM_for_SOXL,common_all_sets,SPY|QQQ|SMH|KMLM,4,100,1333,2021-04-27,2026-08-17,pairwise_correlation,QQQ,SMH,0.6962074722800657
7_vote_structure,alt2_KMLM_for_SOXL,common_all_sets,SPY|QQQ|SMH|KMLM,4,100,1333,2021-04-27,2026-08-17,pairwise_correlation,QQQ,KMLM,-0.20373376164186266
7_vote_structure,alt2_KMLM_for_SOXL,common_all_sets,SPY|QQQ|SMH|KMLM,4,100,1333,2021-04-27,2026-08-17,pairwise_correlation,SMH,KMLM,-0.1885475466578936
7_vote_structure,alt2_KMLM_for_SOXL,common_all_sets,SPY|QQQ|SMH|KMLM,4,100,1333,2021-04-27,2026-08-17,vote_count_fraction,0,,0.04801200300075019
7_vote_structure,alt2_KMLM_for_SOXL,common_all_sets,SPY|QQQ|SMH|KMLM,4,100,1333,2021-04-27,2026-08-17,vote_count_n,0,,64.0
7_vote_structure,alt2_KMLM_for_SOXL,common_all_sets,SPY|QQQ|SMH|KMLM,4,100,1333,2021-04-27,2026-08-17,vote_count_fraction,1,,0.15753938484621155
7_vote_structure,alt2_KMLM_for_SOXL,common_all_sets,SPY|QQQ|SMH|KMLM,4,100,1333,2021-04-27,2026-08-17,vote_count_n,1,,210.0
7_vote_structure,alt2_KMLM_for_SOXL,common_all_sets,SPY|QQQ|SMH|KMLM,4,100,1333,2021-04-27,2026-08-17,vote_count_fraction,2,,0.09452363090772693
7_vote_structure,alt2_KMLM_for_SOXL,common_all_sets,SPY|QQQ|SMH|KMLM,4,100,1333,2021-04-27,2026-08-17,vote_count_n,2,,126.0
7_vote_structure,alt2_KMLM_for_SOXL,common_all_sets,SPY|QQQ|SMH|KMLM,4,100,1333,2021-04-27,2026-08-17,vote_count_fraction,3,,0.38484621155288823
7_vote_structure,alt2_KMLM_for_SOXL,common_all_sets,SPY|QQQ|SMH|KMLM,4,100,1333,2021-04-27,2026-08-17,vote_count_n,3,,513.0
7_vote_structure,alt2_KMLM_for_SOXL,common_all_sets,SPY|QQQ|SMH|KMLM,4,100,1333,2021-04-27,2026-08-17,vote_count_fraction,4,,0.3150787696924231
7_vote_structure,alt2_KMLM_for_SOXL,common_all_sets,SPY|QQQ|SMH|KMLM,4,100,1333,2021-04-27,2026-08-17,vote_count_n,4,,420.0
7_vote_structure,alt2_KMLM_for_SOXL,common_all_sets,SPY|QQQ|SMH|KMLM,4,100,1333,2021-04-27,2026-08-17,effective_independent_votes,,,2.1066513066191717
7_vote_structure,alt2_KMLM_for_SOXL,common_all_sets,SPY|QQQ|SMH|KMLM,4,100,1333,2021-04-27,2026-08-17,mean_vote_count,,,2.7614403600900226
7_vote_structure,alt2_KMLM_for_SOXL,common_all_sets,SPY|QQQ|SMH|KMLM,4,100,1333,2021-04-27,2026-08-17,frac_bull,1,,0.9519879969992499
7_vote_structure,alt2_KMLM_for_SOXL,common_all_sets,SPY|QQQ|SMH|KMLM,4,100,1333,2021-04-27,2026-08-17,flip_fraction_leave_one_out,1,SPY,0.00450112528132033
7_vote_structure,alt2_KMLM_for_SOXL,common_all_sets,SPY|QQQ|SMH|KMLM,4,100,1333,2021-04-27,2026-08-17,flip_count_leave_one_out,1,SPY,6.0
7_vote_structure,alt2_KMLM_for_SOXL,common_all_sets,SPY|QQQ|SMH|KMLM,4,100,1333,2021-04-27,2026-08-17,flip_fraction_leave_one_out,1,QQQ,0.0007501875468867217
7_vote_structure,alt2_KMLM_for_SOXL,common_all_sets,SPY|QQQ|SMH|KMLM,4,100,1333,2021-04-27,2026-08-17,flip_count_leave_one_out,1,QQQ,1.0
7_vote_structure,alt2_KMLM_for_SOXL,common_all_sets,SPY|QQQ|SMH|KMLM,4,100,1333,2021-04-27,2026-08-17,flip_fraction_leave_one_out,1,SMH,0.00450112528132033
7_vote_structure,alt2_KMLM_for_SOXL,common_all_sets,SPY|QQQ|SMH|KMLM,4,100,1333,2021-04-27,2026-08-17,flip_count_leave_one_out,1,SMH,6.0
7_vote_structure,alt2_KMLM_for_SOXL,common_all_sets,SPY|QQQ|SMH|KMLM,4,100,1333,2021-04-27,2026-08-17,flip_fraction_leave_one_out,1,KMLM,0.14778694673668416
7_vote_structure,alt2_KMLM_for_SOXL,common_all_sets,SPY|QQQ|SMH|KMLM,4,100,1333,2021-04-27,2026-08-17,flip_count_leave_one_out,1,KMLM,197.0
7_vote_structure,alt2_KMLM_for_SOXL,common_all_sets,SPY|QQQ|SMH|KMLM,4,100,1333,2021-04-27,2026-08-17,frac_bull,2,,0.7944486121530383
7_vote_structure,alt2_KMLM_for_SOXL,common_all_sets,SPY|QQQ|SMH|KMLM,4,100,1333,2021-04-27,2026-08-17,flip_fraction_leave_one_out,2,SPY,0.06601650412603151
7_vote_structure,alt2_KMLM_for_SOXL,common_all_sets,SPY|QQQ|SMH|KMLM,4,100,1333,2021-04-27,2026-08-17,flip_count_leave_one_out,2,SPY,88.0
7_vote_structure,alt2_KMLM_for_SOXL,common_all_sets,SPY|QQQ|SMH|KMLM,4,100,1333,2021-04-27,2026-08-17,flip_fraction_leave_one_out,2,QQQ,0.03975993998499625
7_vote_structure,alt2_KMLM_for_SOXL,common_all_sets,SPY|QQQ|SMH|KMLM,4,100,1333,2021-04-27,2026-08-17,flip_count_leave_one_out,2,QQQ,53.0
7_vote_structure,alt2_KMLM_for_SOXL,common_all_sets,SPY|QQQ|SMH|KMLM,4,100,1333,2021-04-27,2026-08-17,flip_fraction_leave_one_out,2,SMH,0.04951237809452363
7_vote_structure,alt2_KMLM_for_SOXL,common_all_sets,SPY|QQQ|SMH|KMLM,4,100,1333,2021-04-27,2026-08-17,flip_count_leave_one_out,2,SMH,66.0
7_vote_structure,alt2_KMLM_for_SOXL,common_all_sets,SPY|QQQ|SMH|KMLM,4,100,1333,2021-04-27,2026-08-17,flip_fraction_leave_one_out,2,KMLM,0.03375843960990248
7_vote_structure,alt2_KMLM_for_SOXL,common_all_sets,SPY|QQQ|SMH|KMLM,4,100,1333,2021-04-27,2026-08-17,flip_count_leave_one_out,2,KMLM,45.0
7_vote_structure,alt2_KMLM_for_SOXL,common_all_sets,SPY|QQQ|SMH|KMLM,4,100,1333,2021-04-27,2026-08-17,frac_bull,3,,0.6999249812453113
7_vote_structure,alt2_KMLM_for_SOXL,common_all_sets,SPY|QQQ|SMH|KMLM,4,100,1333,2021-04-27,2026-08-17,flip_fraction_leave_one_out,3,SPY,0.3810952738184546
7_vote_structure,alt2_KMLM_for_SOXL,common_all_sets,SPY|QQQ|SMH|KMLM,4,100,1333,2021-04-27,2026-08-17,flip_count_leave_one_out,3,SPY,508.0
7_vote_structure,alt2_KMLM_for_SOXL,common_all_sets,SPY|QQQ|SMH|KMLM,4,100,1333,2021-04-27,2026-08-17,flip_fraction_leave_one_out,3,QQQ,0.3668417104276069
7_vote_structure,alt2_KMLM_for_SOXL,common_all_sets,SPY|QQQ|SMH|KMLM,4,100,1333,2021-04-27,2026-08-17,flip_count_leave_one_out,3,QQQ,489.0
7_vote_structure,alt2_KMLM_for_SOXL,common_all_sets,SPY|QQQ|SMH|KMLM,4,100,1333,2021-04-27,2026-08-17,flip_fraction_leave_one_out,3,SMH,0.36159039759939987
7_vote_structure,alt2_KMLM_for_SOXL,common_all_sets,SPY|QQQ|SMH|KMLM,4,100,1333,2021-04-27,2026-08-17,flip_count_leave_one_out,3,SMH,482.0
7_vote_structure,alt2_KMLM_for_SOXL,common_all_sets,SPY|QQQ|SMH|KMLM,4,100,1333,2021-04-27,2026-08-17,flip_fraction_leave_one_out,3,KMLM,0.0450112528132033
7_vote_structure,alt2_KMLM_for_SOXL,common_all_sets,SPY|QQQ|SMH|KMLM,4,100,1333,2021-04-27,2026-08-17,flip_count_leave_one_out,3,KMLM,60.0
7_vote_structure,alt2_KMLM_for_SOXL,common_all_sets,SPY|QQQ|SMH|KMLM,4,100,1333,2021-04-27,2026-08-17,frac_bull,4,,0.3150787696924231
7_vote_structure,alt2_KMLM_for_SOXL,common_all_sets,SPY|QQQ|SMH|KMLM,4,100,1333,2021-04-27,2026-08-17,flip_fraction_leave_one_out,4,SPY,0.3150787696924231
7_vote_structure,alt2_KMLM_for_SOXL,common_all_sets,SPY|QQQ|SMH|KMLM,4,100,1333,2021-04-27,2026-08-17,flip_count_leave_one_out,4,SPY,420.0
7_vote_structure,alt2_KMLM_for_SOXL,common_all_sets,SPY|QQQ|SMH|KMLM,4,100,1333,2021-04-27,2026-08-17,flip_fraction_leave_one_out,4,QQQ,0.3150787696924231
7_vote_structure,alt2_KMLM_for_SOXL,common_all_sets,SPY|QQQ|SMH|KMLM,4,100,1333,2021-04-27,2026-08-17,flip_count_leave_one_out,4,QQQ,420.0
7_vote_structure,alt2_KMLM_for_SOXL,common_all_sets,SPY|QQQ|SMH|KMLM,4,100,1333,2021-04-27,2026-08-17,flip_fraction_leave_one_out,4,SMH,0.3150787696924231
7_vote_structure,alt2_KMLM_for_SOXL,common_all_sets,SPY|QQQ|SMH|KMLM,4,100,1333,2021-04-27,2026-08-17,flip_count_leave_one_out,4,SMH,420.0
7_vote_structure,alt2_KMLM_for_SOXL,common_all_sets,SPY|QQQ|SMH|KMLM,4,100,1333,2021-04-27,2026-08-17,flip_fraction_leave_one_out,4,KMLM,0.3150787696924231
7_vote_structure,alt2_KMLM_for_SOXL,common_all_sets,SPY|QQQ|SMH|KMLM,4,100,1333,2021-04-27,2026-08-17,flip_count_leave_one_out,4,KMLM,420.0
7_vote_structure,alt2_KMLM_for_SOXL,native,SPY|QQQ|SMH|KMLM,4,150,1283,2021-07-08,2026-08-17,pairwise_agreement,SPY,QQQ,0.946219797349961
7_vote_structure,alt2_KMLM_for_SOXL,native,SPY|QQQ|SMH|KMLM,4,150,1283,2021-07-08,2026-08-17,pairwise_agreement,SPY,SMH,0.9220576773187841
7_vote_structure,alt2_KMLM_for_SOXL,native,SPY|QQQ|SMH|KMLM,4,150,1283,2021-07-08,2026-08-17,pairwise_agreement,SPY,KMLM,0.4224473889321902
7_vote_structure,alt2_KMLM_for_SOXL,native,SPY|QQQ|SMH|KMLM,4,150,1283,2021-07-08,2026-08-17,pairwise_agreement,QQQ,SMH,0.911925175370226
7_vote_structure,alt2_KMLM_for_SOXL,native,SPY|QQQ|SMH|KMLM,4,150,1283,2021-07-08,2026-08-17,pairwise_agreement,QQQ,KMLM,0.4341387373343726
7_vote_structure,alt2_KMLM_for_SOXL,native,SPY|QQQ|SMH|KMLM,4,150,1283,2021-07-08,2026-08-17,pairwise_agreement,SMH,KMLM,0.4489477786438036
7_vote_structure,alt2_KMLM_for_SOXL,native,SPY|QQQ|SMH|KMLM,4,150,1283,2021-07-08,2026-08-17,pairwise_correlation,SPY,QQQ,0.8541518732946359
7_vote_structure,alt2_KMLM_for_SOXL,native,SPY|QQQ|SMH|KMLM,4,150,1283,2021-07-08,2026-08-17,pairwise_correlation,SPY,SMH,0.7815686496040829
7_vote_structure,alt2_KMLM_for_SOXL,native,SPY|QQQ|SMH|KMLM,4,150,1283,2021-07-08,2026-08-17,pairwise_correlation,SPY,KMLM,-0.23895974325208227
7_vote_structure,alt2_KMLM_for_SOXL,native,SPY|QQQ|SMH|KMLM,4,150,1283,2021-07-08,2026-08-17,pairwise_correlation,QQQ,SMH,0.7632531354358215
7_vote_structure,alt2_KMLM_for_SOXL,native,SPY|QQQ|SMH|KMLM,4,150,1283,2021-07-08,2026-08-17,pairwise_correlation,QQQ,KMLM,-0.19312730079332613
7_vote_structure,alt2_KMLM_for_SOXL,native,SPY|QQQ|SMH|KMLM,4,150,1283,2021-07-08,2026-08-17,pairwise_correlation,SMH,KMLM,-0.16217596698465075
7_vote_structure,alt2_KMLM_for_SOXL,native,SPY|QQQ|SMH|KMLM,4,150,1283,2021-07-08,2026-08-17,vote_count_fraction,0,,0.04598597038191738
7_vote_structure,alt2_KMLM_for_SOXL,native,SPY|QQQ|SMH|KMLM,4,150,1283,2021-07-08,2026-08-17,vote_count_n,0,,59.0
7_vote_structure,alt2_KMLM_for_SOXL,native,SPY|QQQ|SMH|KMLM,4,150,1283,2021-07-08,2026-08-17,vote_count_fraction,1,,0.1465315666406859
7_vote_structure,alt2_KMLM_for_SOXL,native,SPY|QQQ|SMH|KMLM,4,150,1283,2021-07-08,2026-08-17,vote_count_n,1,,188.0
7_vote_structure,alt2_KMLM_for_SOXL,native,SPY|QQQ|SMH|KMLM,4,150,1283,2021-07-08,2026-08-17,vote_count_fraction,2,,0.08573655494933749
7_vote_structure,alt2_KMLM_for_SOXL,native,SPY|QQQ|SMH|KMLM,4,150,1283,2021-07-08,2026-08-17,vote_count_n,2,,110.0
7_vote_structure,alt2_KMLM_for_SOXL,native,SPY|QQQ|SMH|KMLM,4,150,1283,2021-07-08,2026-08-17,vote_count_fraction,3,,0.37724084177708495
7_vote_structure,alt2_KMLM_for_SOXL,native,SPY|QQQ|SMH|KMLM,4,150,1283,2021-07-08,2026-08-17,vote_count_n,3,,484.0
7_vote_structure,alt2_KMLM_for_SOXL,native,SPY|QQQ|SMH|KMLM,4,150,1283,2021-07-08,2026-08-17,vote_count_fraction,4,,0.34450506625097427
7_vote_structure,alt2_KMLM_for_SOXL,native,SPY|QQQ|SMH|KMLM,4,150,1283,2021-07-08,2026-08-17,vote_count_n,4,,442.0
7_vote_structure,alt2_KMLM_for_SOXL,native,SPY|QQQ|SMH|KMLM,4,150,1283,2021-07-08,2026-08-17,effective_independent_votes,,,1.978395288912611
7_vote_structure,alt2_KMLM_for_SOXL,native,SPY|QQQ|SMH|KMLM,4,150,1283,2021-07-08,2026-08-17,mean_vote_count,,,2.827747466874513
7_vote_structure,alt2_KMLM_for_SOXL,native,SPY|QQQ|SMH|KMLM,4,150,1283,2021-07-08,2026-08-17,frac_bull,1,,0.9540140296180826
7_vote_structure,alt2_KMLM_for_SOXL,native,SPY|QQQ|SMH|KMLM,4,150,1283,2021-07-08,2026-08-17,flip_fraction_leave_one_out,1,SPY,0.003897116134060795
7_vote_structure,alt2_KMLM_for_SOXL,native,SPY|QQQ|SMH|KMLM,4,150,1283,2021-07-08,2026-08-17,flip_count_leave_one_out,1,SPY,5.0
7_vote_structure,alt2_KMLM_for_SOXL,native,SPY|QQQ|SMH|KMLM,4,150,1283,2021-07-08,2026-08-17,flip_fraction_leave_one_out,1,QQQ,0.0
7_vote_structure,alt2_KMLM_for_SOXL,native,SPY|QQQ|SMH|KMLM,4,150,1283,2021-07-08,2026-08-17,flip_count_leave_one_out,1,QQQ,0.0
7_vote_structure,alt2_KMLM_for_SOXL,native,SPY|QQQ|SMH|KMLM,4,150,1283,2021-07-08,2026-08-17,flip_fraction_leave_one_out,1,SMH,0.001558846453624318
7_vote_structure,alt2_KMLM_for_SOXL,native,SPY|QQQ|SMH|KMLM,4,150,1283,2021-07-08,2026-08-17,flip_count_leave_one_out,1,SMH,2.0
7_vote_structure,alt2_KMLM_for_SOXL,native,SPY|QQQ|SMH|KMLM,4,150,1283,2021-07-08,2026-08-17,flip_fraction_leave_one_out,1,KMLM,0.1410756040530008
7_vote_structure,alt2_KMLM_for_SOXL,native,SPY|QQQ|SMH|KMLM,4,150,1283,2021-07-08,2026-08-17,flip_count_leave_one_out,1,KMLM,181.0
7_vote_structure,alt2_KMLM_for_SOXL,native,SPY|QQQ|SMH|KMLM,4,150,1283,2021-07-08,2026-08-17,frac_bull,2,,0.8074824629773967
7_vote_structure,alt2_KMLM_for_SOXL,native,SPY|QQQ|SMH|KMLM,4,150,1283,2021-07-08,2026-08-17,flip_fraction_leave_one_out,2,SPY,0.06313328137178488
7_vote_structure,alt2_KMLM_for_SOXL,native,SPY|QQQ|SMH|KMLM,4,150,1283,2021-07-08,2026-08-17,flip_count_leave_one_out,2,SPY,81.0
7_vote_structure,alt2_KMLM_for_SOXL,native,SPY|QQQ|SMH|KMLM,4,150,1283,2021-07-08,2026-08-17,flip_fraction_leave_one_out,2,QQQ,0.03351519875292284
7_vote_structure,alt2_KMLM_for_SOXL,native,SPY|QQQ|SMH|KMLM,4,150,1283,2021-07-08,2026-08-17,flip_count_leave_one_out,2,QQQ,43.0
7_vote_structure,alt2_KMLM_for_SOXL,native,SPY|QQQ|SMH|KMLM,4,150,1283,2021-07-08,2026-08-17,flip_fraction_leave_one_out,2,SMH,0.043647700701480906
7_vote_structure,alt2_KMLM_for_SOXL,native,SPY|QQQ|SMH|KMLM,4,150,1283,2021-07-08,2026-08-17,flip_count_leave_one_out,2,SMH,56.0
7_vote_structure,alt2_KMLM_for_SOXL,native,SPY|QQQ|SMH|KMLM,4,150,1283,2021-07-08,2026-08-17,flip_fraction_leave_one_out,2,KMLM,0.03117692907248636
7_vote_structure,alt2_KMLM_for_SOXL,native,SPY|QQQ|SMH|KMLM,4,150,1283,2021-07-08,2026-08-17,flip_count_leave_one_out,2,KMLM,40.0
7_vote_structure,alt2_KMLM_for_SOXL,native,SPY|QQQ|SMH|KMLM,4,150,1283,2021-07-08,2026-08-17,frac_bull,3,,0.7217459080280593
7_vote_structure,alt2_KMLM_for_SOXL,native,SPY|QQQ|SMH|KMLM,4,150,1283,2021-07-08,2026-08-17,flip_fraction_leave_one_out,3,SPY,0.37412314886983633
7_vote_structure,alt2_KMLM_for_SOXL,native,SPY|QQQ|SMH|KMLM,4,150,1283,2021-07-08,2026-08-17,flip_count_leave_one_out,3,SPY,480.0
7_vote_structure,alt2_KMLM_for_SOXL,native,SPY|QQQ|SMH|KMLM,4,150,1283,2021-07-08,2026-08-17,flip_fraction_leave_one_out,3,QQQ,0.37100545596258766
7_vote_structure,alt2_KMLM_for_SOXL,native,SPY|QQQ|SMH|KMLM,4,150,1283,2021-07-08,2026-08-17,flip_count_leave_one_out,3,QQQ,476.0
7_vote_structure,alt2_KMLM_for_SOXL,native,SPY|QQQ|SMH|KMLM,4,150,1283,2021-07-08,2026-08-17,flip_fraction_leave_one_out,3,SMH,0.36788776305533905
7_vote_structure,alt2_KMLM_for_SOXL,native,SPY|QQQ|SMH|KMLM,4,150,1283,2021-07-08,2026-08-17,flip_count_leave_one_out,3,SMH,472.0
7_vote_structure,alt2_KMLM_for_SOXL,native,SPY|QQQ|SMH|KMLM,4,150,1283,2021-07-08,2026-08-17,flip_fraction_leave_one_out,3,KMLM,0.018706157443491817
7_vote_structure,alt2_KMLM_for_SOXL,native,SPY|QQQ|SMH|KMLM,4,150,1283,2021-07-08,2026-08-17,flip_count_leave_one_out,3,KMLM,24.0
7_vote_structure,alt2_KMLM_for_SOXL,native,SPY|QQQ|SMH|KMLM,4,150,1283,2021-07-08,2026-08-17,frac_bull,4,,0.34450506625097427
7_vote_structure,alt2_KMLM_for_SOXL,native,SPY|QQQ|SMH|KMLM,4,150,1283,2021-07-08,2026-08-17,flip_fraction_leave_one_out,4,SPY,0.34450506625097427
7_vote_structure,alt2_KMLM_for_SOXL,native,SPY|QQQ|SMH|KMLM,4,150,1283,2021-07-08,2026-08-17,flip_count_leave_one_out,4,SPY,442.0
7_vote_structure,alt2_KMLM_for_SOXL,native,SPY|QQQ|SMH|KMLM,4,150,1283,2021-07-08,2026-08-17,flip_fraction_leave_one_out,4,QQQ,0.34450506625097427
7_vote_structure,alt2_KMLM_for_SOXL,native,SPY|QQQ|SMH|KMLM,4,150,1283,2021-07-08,2026-08-17,flip_count_leave_one_out,4,QQQ,442.0
7_vote_structure,alt2_KMLM_for_SOXL,native,SPY|QQQ|SMH|KMLM,4,150,1283,2021-07-08,2026-08-17,flip_fraction_leave_one_out,4,SMH,0.34450506625097427
7_vote_structure,alt2_KMLM_for_SOXL,native,SPY|QQQ|SMH|KMLM,4,150,1283,2021-07-08,2026-08-17,flip_count_leave_one_out,4,SMH,442.0
7_vote_structure,alt2_KMLM_for_SOXL,native,SPY|QQQ|SMH|KMLM,4,150,1283,2021-07-08,2026-08-17,flip_fraction_leave_one_out,4,KMLM,0.34450506625097427
7_vote_structure,alt2_KMLM_for_SOXL,native,SPY|QQQ|SMH|KMLM,4,150,1283,2021-07-08,2026-08-17,flip_count_leave_one_out,4,KMLM,442.0
7_vote_structure,alt2_KMLM_for_SOXL,common_with_S3,SPY|QQQ|SMH|KMLM,4,150,1283,2021-07-08,2026-08-17,pairwise_agreement,SPY,QQQ,0.946219797349961
7_vote_structure,alt2_KMLM_for_SOXL,common_with_S3,SPY|QQQ|SMH|KMLM,4,150,1283,2021-07-08,2026-08-17,pairwise_agreement,SPY,SMH,0.9220576773187841
7_vote_structure,alt2_KMLM_for_SOXL,common_with_S3,SPY|QQQ|SMH|KMLM,4,150,1283,2021-07-08,2026-08-17,pairwise_agreement,SPY,KMLM,0.4224473889321902
7_vote_structure,alt2_KMLM_for_SOXL,common_with_S3,SPY|QQQ|SMH|KMLM,4,150,1283,2021-07-08,2026-08-17,pairwise_agreement,QQQ,SMH,0.911925175370226
7_vote_structure,alt2_KMLM_for_SOXL,common_with_S3,SPY|QQQ|SMH|KMLM,4,150,1283,2021-07-08,2026-08-17,pairwise_agreement,QQQ,KMLM,0.4341387373343726
7_vote_structure,alt2_KMLM_for_SOXL,common_with_S3,SPY|QQQ|SMH|KMLM,4,150,1283,2021-07-08,2026-08-17,pairwise_agreement,SMH,KMLM,0.4489477786438036
7_vote_structure,alt2_KMLM_for_SOXL,common_with_S3,SPY|QQQ|SMH|KMLM,4,150,1283,2021-07-08,2026-08-17,pairwise_correlation,SPY,QQQ,0.8541518732946359
7_vote_structure,alt2_KMLM_for_SOXL,common_with_S3,SPY|QQQ|SMH|KMLM,4,150,1283,2021-07-08,2026-08-17,pairwise_correlation,SPY,SMH,0.7815686496040829
7_vote_structure,alt2_KMLM_for_SOXL,common_with_S3,SPY|QQQ|SMH|KMLM,4,150,1283,2021-07-08,2026-08-17,pairwise_correlation,SPY,KMLM,-0.23895974325208227
7_vote_structure,alt2_KMLM_for_SOXL,common_with_S3,SPY|QQQ|SMH|KMLM,4,150,1283,2021-07-08,2026-08-17,pairwise_correlation,QQQ,SMH,0.7632531354358215
7_vote_structure,alt2_KMLM_for_SOXL,common_with_S3,SPY|QQQ|SMH|KMLM,4,150,1283,2021-07-08,2026-08-17,pairwise_correlation,QQQ,KMLM,-0.19312730079332613
7_vote_structure,alt2_KMLM_for_SOXL,common_with_S3,SPY|QQQ|SMH|KMLM,4,150,1283,2021-07-08,2026-08-17,pairwise_correlation,SMH,KMLM,-0.16217596698465075
7_vote_structure,alt2_KMLM_for_SOXL,common_with_S3,SPY|QQQ|SMH|KMLM,4,150,1283,2021-07-08,2026-08-17,vote_count_fraction,0,,0.04598597038191738
7_vote_structure,alt2_KMLM_for_SOXL,common_with_S3,SPY|QQQ|SMH|KMLM,4,150,1283,2021-07-08,2026-08-17,vote_count_n,0,,59.0
7_vote_structure,alt2_KMLM_for_SOXL,common_with_S3,SPY|QQQ|SMH|KMLM,4,150,1283,2021-07-08,2026-08-17,vote_count_fraction,1,,0.1465315666406859
7_vote_structure,alt2_KMLM_for_SOXL,common_with_S3,SPY|QQQ|SMH|KMLM,4,150,1283,2021-07-08,2026-08-17,vote_count_n,1,,188.0
7_vote_structure,alt2_KMLM_for_SOXL,common_with_S3,SPY|QQQ|SMH|KMLM,4,150,1283,2021-07-08,2026-08-17,vote_count_fraction,2,,0.08573655494933749
7_vote_structure,alt2_KMLM_for_SOXL,common_with_S3,SPY|QQQ|SMH|KMLM,4,150,1283,2021-07-08,2026-08-17,vote_count_n,2,,110.0
7_vote_structure,alt2_KMLM_for_SOXL,common_with_S3,SPY|QQQ|SMH|KMLM,4,150,1283,2021-07-08,2026-08-17,vote_count_fraction,3,,0.37724084177708495
7_vote_structure,alt2_KMLM_for_SOXL,common_with_S3,SPY|QQQ|SMH|KMLM,4,150,1283,2021-07-08,2026-08-17,vote_count_n,3,,484.0
7_vote_structure,alt2_KMLM_for_SOXL,common_with_S3,SPY|QQQ|SMH|KMLM,4,150,1283,2021-07-08,2026-08-17,vote_count_fraction,4,,0.34450506625097427
7_vote_structure,alt2_KMLM_for_SOXL,common_with_S3,SPY|QQQ|SMH|KMLM,4,150,1283,2021-07-08,2026-08-17,vote_count_n,4,,442.0
7_vote_structure,alt2_KMLM_for_SOXL,common_with_S3,SPY|QQQ|SMH|KMLM,4,150,1283,2021-07-08,2026-08-17,effective_independent_votes,,,1.978395288912611
7_vote_structure,alt2_KMLM_for_SOXL,common_with_S3,SPY|QQQ|SMH|KMLM,4,150,1283,2021-07-08,2026-08-17,mean_vote_count,,,2.827747466874513
7_vote_structure,alt2_KMLM_for_SOXL,common_with_S3,SPY|QQQ|SMH|KMLM,4,150,1283,2021-07-08,2026-08-17,frac_bull,1,,0.9540140296180826
7_vote_structure,alt2_KMLM_for_SOXL,common_with_S3,SPY|QQQ|SMH|KMLM,4,150,1283,2021-07-08,2026-08-17,flip_fraction_leave_one_out,1,SPY,0.003897116134060795
7_vote_structure,alt2_KMLM_for_SOXL,common_with_S3,SPY|QQQ|SMH|KMLM,4,150,1283,2021-07-08,2026-08-17,flip_count_leave_one_out,1,SPY,5.0
7_vote_structure,alt2_KMLM_for_SOXL,common_with_S3,SPY|QQQ|SMH|KMLM,4,150,1283,2021-07-08,2026-08-17,flip_fraction_leave_one_out,1,QQQ,0.0
7_vote_structure,alt2_KMLM_for_SOXL,common_with_S3,SPY|QQQ|SMH|KMLM,4,150,1283,2021-07-08,2026-08-17,flip_count_leave_one_out,1,QQQ,0.0
7_vote_structure,alt2_KMLM_for_SOXL,common_with_S3,SPY|QQQ|SMH|KMLM,4,150,1283,2021-07-08,2026-08-17,flip_fraction_leave_one_out,1,SMH,0.001558846453624318
7_vote_structure,alt2_KMLM_for_SOXL,common_with_S3,SPY|QQQ|SMH|KMLM,4,150,1283,2021-07-08,2026-08-17,flip_count_leave_one_out,1,SMH,2.0
7_vote_structure,alt2_KMLM_for_SOXL,common_with_S3,SPY|QQQ|SMH|KMLM,4,150,1283,2021-07-08,2026-08-17,flip_fraction_leave_one_out,1,KMLM,0.1410756040530008
7_vote_structure,alt2_KMLM_for_SOXL,common_with_S3,SPY|QQQ|SMH|KMLM,4,150,1283,2021-07-08,2026-08-17,flip_count_leave_one_out,1,KMLM,181.0
7_vote_structure,alt2_KMLM_for_SOXL,common_with_S3,SPY|QQQ|SMH|KMLM,4,150,1283,2021-07-08,2026-08-17,frac_bull,2,,0.8074824629773967
7_vote_structure,alt2_KMLM_for_SOXL,common_with_S3,SPY|QQQ|SMH|KMLM,4,150,1283,2021-07-08,2026-08-17,flip_fraction_leave_one_out,2,SPY,0.06313328137178488
7_vote_structure,alt2_KMLM_for_SOXL,common_with_S3,SPY|QQQ|SMH|KMLM,4,150,1283,2021-07-08,2026-08-17,flip_count_leave_one_out,2,SPY,81.0
7_vote_structure,alt2_KMLM_for_SOXL,common_with_S3,SPY|QQQ|SMH|KMLM,4,150,1283,2021-07-08,2026-08-17,flip_fraction_leave_one_out,2,QQQ,0.03351519875292284
7_vote_structure,alt2_KMLM_for_SOXL,common_with_S3,SPY|QQQ|SMH|KMLM,4,150,1283,2021-07-08,2026-08-17,flip_count_leave_one_out,2,QQQ,43.0
7_vote_structure,alt2_KMLM_for_SOXL,common_with_S3,SPY|QQQ|SMH|KMLM,4,150,1283,2021-07-08,2026-08-17,flip_fraction_leave_one_out,2,SMH,0.043647700701480906
7_vote_structure,alt2_KMLM_for_SOXL,common_with_S3,SPY|QQQ|SMH|KMLM,4,150,1283,2021-07-08,2026-08-17,flip_count_leave_one_out,2,SMH,56.0
7_vote_structure,alt2_KMLM_for_SOXL,common_with_S3,SPY|QQQ|SMH|KMLM,4,150,1283,2021-07-08,2026-08-17,flip_fraction_leave_one_out,2,KMLM,0.03117692907248636
7_vote_structure,alt2_KMLM_for_SOXL,common_with_S3,SPY|QQQ|SMH|KMLM,4,150,1283,2021-07-08,2026-08-17,flip_count_leave_one_out,2,KMLM,40.0
7_vote_structure,alt2_KMLM_for_SOXL,common_with_S3,SPY|QQQ|SMH|KMLM,4,150,1283,2021-07-08,2026-08-17,frac_bull,3,,0.7217459080280593
7_vote_structure,alt2_KMLM_for_SOXL,common_with_S3,SPY|QQQ|SMH|KMLM,4,150,1283,2021-07-08,2026-08-17,flip_fraction_leave_one_out,3,SPY,0.37412314886983633
7_vote_structure,alt2_KMLM_for_SOXL,common_with_S3,SPY|QQQ|SMH|KMLM,4,150,1283,2021-07-08,2026-08-17,flip_count_leave_one_out,3,SPY,480.0
7_vote_structure,alt2_KMLM_for_SOXL,common_with_S3,SPY|QQQ|SMH|KMLM,4,150,1283,2021-07-08,2026-08-17,flip_fraction_leave_one_out,3,QQQ,0.37100545596258766
7_vote_structure,alt2_KMLM_for_SOXL,common_with_S3,SPY|QQQ|SMH|KMLM,4,150,1283,2021-07-08,2026-08-17,flip_count_leave_one_out,3,QQQ,476.0
7_vote_structure,alt2_KMLM_for_SOXL,common_with_S3,SPY|QQQ|SMH|KMLM,4,150,1283,2021-07-08,2026-08-17,flip_fraction_leave_one_out,3,SMH,0.36788776305533905
7_vote_structure,alt2_KMLM_for_SOXL,common_with_S3,SPY|QQQ|SMH|KMLM,4,150,1283,2021-07-08,2026-08-17,flip_count_leave_one_out,3,SMH,472.0
7_vote_structure,alt2_KMLM_for_SOXL,common_with_S3,SPY|QQQ|SMH|KMLM,4,150,1283,2021-07-08,2026-08-17,flip_fraction_leave_one_out,3,KMLM,0.018706157443491817
7_vote_structure,alt2_KMLM_for_SOXL,common_with_S3,SPY|QQQ|SMH|KMLM,4,150,1283,2021-07-08,2026-08-17,flip_count_leave_one_out,3,KMLM,24.0
7_vote_structure,alt2_KMLM_for_SOXL,common_with_S3,SPY|QQQ|SMH|KMLM,4,150,1283,2021-07-08,2026-08-17,frac_bull,4,,0.34450506625097427
7_vote_structure,alt2_KMLM_for_SOXL,common_with_S3,SPY|QQQ|SMH|KMLM,4,150,1283,2021-07-08,2026-08-17,flip_fraction_leave_one_out,4,SPY,0.34450506625097427
7_vote_structure,alt2_KMLM_for_SOXL,common_with_S3,SPY|QQQ|SMH|KMLM,4,150,1283,2021-07-08,2026-08-17,flip_count_leave_one_out,4,SPY,442.0
7_vote_structure,alt2_KMLM_for_SOXL,common_with_S3,SPY|QQQ|SMH|KMLM,4,150,1283,2021-07-08,2026-08-17,flip_fraction_leave_one_out,4,QQQ,0.34450506625097427
7_vote_structure,alt2_KMLM_for_SOXL,common_with_S3,SPY|QQQ|SMH|KMLM,4,150,1283,2021-07-08,2026-08-17,flip_count_leave_one_out,4,QQQ,442.0
7_vote_structure,alt2_KMLM_for_SOXL,common_with_S3,SPY|QQQ|SMH|KMLM,4,150,1283,2021-07-08,2026-08-17,flip_fraction_leave_one_out,4,SMH,0.34450506625097427
7_vote_structure,alt2_KMLM_for_SOXL,common_with_S3,SPY|QQQ|SMH|KMLM,4,150,1283,2021-07-08,2026-08-17,flip_count_leave_one_out,4,SMH,442.0
7_vote_structure,alt2_KMLM_for_SOXL,common_with_S3,SPY|QQQ|SMH|KMLM,4,150,1283,2021-07-08,2026-08-17,flip_fraction_leave_one_out,4,KMLM,0.34450506625097427
7_vote_structure,alt2_KMLM_for_SOXL,common_with_S3,SPY|QQQ|SMH|KMLM,4,150,1283,2021-07-08,2026-08-17,flip_count_leave_one_out,4,KMLM,442.0
7_vote_structure,alt2_KMLM_for_SOXL,common_all_sets,SPY|QQQ|SMH|KMLM,4,150,1283,2021-07-08,2026-08-17,pairwise_agreement,SPY,QQQ,0.946219797349961
7_vote_structure,alt2_KMLM_for_SOXL,common_all_sets,SPY|QQQ|SMH|KMLM,4,150,1283,2021-07-08,2026-08-17,pairwise_agreement,SPY,SMH,0.9220576773187841
7_vote_structure,alt2_KMLM_for_SOXL,common_all_sets,SPY|QQQ|SMH|KMLM,4,150,1283,2021-07-08,2026-08-17,pairwise_agreement,SPY,KMLM,0.4224473889321902
7_vote_structure,alt2_KMLM_for_SOXL,common_all_sets,SPY|QQQ|SMH|KMLM,4,150,1283,2021-07-08,2026-08-17,pairwise_agreement,QQQ,SMH,0.911925175370226
7_vote_structure,alt2_KMLM_for_SOXL,common_all_sets,SPY|QQQ|SMH|KMLM,4,150,1283,2021-07-08,2026-08-17,pairwise_agreement,QQQ,KMLM,0.4341387373343726
7_vote_structure,alt2_KMLM_for_SOXL,common_all_sets,SPY|QQQ|SMH|KMLM,4,150,1283,2021-07-08,2026-08-17,pairwise_agreement,SMH,KMLM,0.4489477786438036
7_vote_structure,alt2_KMLM_for_SOXL,common_all_sets,SPY|QQQ|SMH|KMLM,4,150,1283,2021-07-08,2026-08-17,pairwise_correlation,SPY,QQQ,0.8541518732946359
7_vote_structure,alt2_KMLM_for_SOXL,common_all_sets,SPY|QQQ|SMH|KMLM,4,150,1283,2021-07-08,2026-08-17,pairwise_correlation,SPY,SMH,0.7815686496040829
7_vote_structure,alt2_KMLM_for_SOXL,common_all_sets,SPY|QQQ|SMH|KMLM,4,150,1283,2021-07-08,2026-08-17,pairwise_correlation,SPY,KMLM,-0.23895974325208227
7_vote_structure,alt2_KMLM_for_SOXL,common_all_sets,SPY|QQQ|SMH|KMLM,4,150,1283,2021-07-08,2026-08-17,pairwise_correlation,QQQ,SMH,0.7632531354358215
7_vote_structure,alt2_KMLM_for_SOXL,common_all_sets,SPY|QQQ|SMH|KMLM,4,150,1283,2021-07-08,2026-08-17,pairwise_correlation,QQQ,KMLM,-0.19312730079332613
7_vote_structure,alt2_KMLM_for_SOXL,common_all_sets,SPY|QQQ|SMH|KMLM,4,150,1283,2021-07-08,2026-08-17,pairwise_correlation,SMH,KMLM,-0.16217596698465075
7_vote_structure,alt2_KMLM_for_SOXL,common_all_sets,SPY|QQQ|SMH|KMLM,4,150,1283,2021-07-08,2026-08-17,vote_count_fraction,0,,0.04598597038191738
7_vote_structure,alt2_KMLM_for_SOXL,common_all_sets,SPY|QQQ|SMH|KMLM,4,150,1283,2021-07-08,2026-08-17,vote_count_n,0,,59.0
7_vote_structure,alt2_KMLM_for_SOXL,common_all_sets,SPY|QQQ|SMH|KMLM,4,150,1283,2021-07-08,2026-08-17,vote_count_fraction,1,,0.1465315666406859
7_vote_structure,alt2_KMLM_for_SOXL,common_all_sets,SPY|QQQ|SMH|KMLM,4,150,1283,2021-07-08,2026-08-17,vote_count_n,1,,188.0
7_vote_structure,alt2_KMLM_for_SOXL,common_all_sets,SPY|QQQ|SMH|KMLM,4,150,1283,2021-07-08,2026-08-17,vote_count_fraction,2,,0.08573655494933749
7_vote_structure,alt2_KMLM_for_SOXL,common_all_sets,SPY|QQQ|SMH|KMLM,4,150,1283,2021-07-08,2026-08-17,vote_count_n,2,,110.0
7_vote_structure,alt2_KMLM_for_SOXL,common_all_sets,SPY|QQQ|SMH|KMLM,4,150,1283,2021-07-08,2026-08-17,vote_count_fraction,3,,0.37724084177708495
7_vote_structure,alt2_KMLM_for_SOXL,common_all_sets,SPY|QQQ|SMH|KMLM,4,150,1283,2021-07-08,2026-08-17,vote_count_n,3,,484.0
7_vote_structure,alt2_KMLM_for_SOXL,common_all_sets,SPY|QQQ|SMH|KMLM,4,150,1283,2021-07-08,2026-08-17,vote_count_fraction,4,,0.34450506625097427
7_vote_structure,alt2_KMLM_for_SOXL,common_all_sets,SPY|QQQ|SMH|KMLM,4,150,1283,2021-07-08,2026-08-17,vote_count_n,4,,442.0
7_vote_structure,alt2_KMLM_for_SOXL,common_all_sets,SPY|QQQ|SMH|KMLM,4,150,1283,2021-07-08,2026-08-17,effective_independent_votes,,,1.978395288912611
7_vote_structure,alt2_KMLM_for_SOXL,common_all_sets,SPY|QQQ|SMH|KMLM,4,150,1283,2021-07-08,2026-08-17,mean_vote_count,,,2.827747466874513
7_vote_structure,alt2_KMLM_for_SOXL,common_all_sets,SPY|QQQ|SMH|KMLM,4,150,1283,2021-07-08,2026-08-17,frac_bull,1,,0.9540140296180826
7_vote_structure,alt2_KMLM_for_SOXL,common_all_sets,SPY|QQQ|SMH|KMLM,4,150,1283,2021-07-08,2026-08-17,flip_fraction_leave_one_out,1,SPY,0.003897116134060795
7_vote_structure,alt2_KMLM_for_SOXL,common_all_sets,SPY|QQQ|SMH|KMLM,4,150,1283,2021-07-08,2026-08-17,flip_count_leave_one_out,1,SPY,5.0
7_vote_structure,alt2_KMLM_for_SOXL,common_all_sets,SPY|QQQ|SMH|KMLM,4,150,1283,2021-07-08,2026-08-17,flip_fraction_leave_one_out,1,QQQ,0.0
7_vote_structure,alt2_KMLM_for_SOXL,common_all_sets,SPY|QQQ|SMH|KMLM,4,150,1283,2021-07-08,2026-08-17,flip_count_leave_one_out,1,QQQ,0.0
7_vote_structure,alt2_KMLM_for_SOXL,common_all_sets,SPY|QQQ|SMH|KMLM,4,150,1283,2021-07-08,2026-08-17,flip_fraction_leave_one_out,1,SMH,0.001558846453624318
7_vote_structure,alt2_KMLM_for_SOXL,common_all_sets,SPY|QQQ|SMH|KMLM,4,150,1283,2021-07-08,2026-08-17,flip_count_leave_one_out,1,SMH,2.0
7_vote_structure,alt2_KMLM_for_SOXL,common_all_sets,SPY|QQQ|SMH|KMLM,4,150,1283,2021-07-08,2026-08-17,flip_fraction_leave_one_out,1,KMLM,0.1410756040530008
7_vote_structure,alt2_KMLM_for_SOXL,common_all_sets,SPY|QQQ|SMH|KMLM,4,150,1283,2021-07-08,2026-08-17,flip_count_leave_one_out,1,KMLM,181.0
7_vote_structure,alt2_KMLM_for_SOXL,common_all_sets,SPY|QQQ|SMH|KMLM,4,150,1283,2021-07-08,2026-08-17,frac_bull,2,,0.8074824629773967
7_vote_structure,alt2_KMLM_for_SOXL,common_all_sets,SPY|QQQ|SMH|KMLM,4,150,1283,2021-07-08,2026-08-17,flip_fraction_leave_one_out,2,SPY,0.06313328137178488
7_vote_structure,alt2_KMLM_for_SOXL,common_all_sets,SPY|QQQ|SMH|KMLM,4,150,1283,2021-07-08,2026-08-17,flip_count_leave_one_out,2,SPY,81.0
7_vote_structure,alt2_KMLM_for_SOXL,common_all_sets,SPY|QQQ|SMH|KMLM,4,150,1283,2021-07-08,2026-08-17,flip_fraction_leave_one_out,2,QQQ,0.03351519875292284
7_vote_structure,alt2_KMLM_for_SOXL,common_all_sets,SPY|QQQ|SMH|KMLM,4,150,1283,2021-07-08,2026-08-17,flip_count_leave_one_out,2,QQQ,43.0
7_vote_structure,alt2_KMLM_for_SOXL,common_all_sets,SPY|QQQ|SMH|KMLM,4,150,1283,2021-07-08,2026-08-17,flip_fraction_leave_one_out,2,SMH,0.043647700701480906
7_vote_structure,alt2_KMLM_for_SOXL,common_all_sets,SPY|QQQ|SMH|KMLM,4,150,1283,2021-07-08,2026-08-17,flip_count_leave_one_out,2,SMH,56.0
7_vote_structure,alt2_KMLM_for_SOXL,common_all_sets,SPY|QQQ|SMH|KMLM,4,150,1283,2021-07-08,2026-08-17,flip_fraction_leave_one_out,2,KMLM,0.03117692907248636
7_vote_structure,alt2_KMLM_for_SOXL,common_all_sets,SPY|QQQ|SMH|KMLM,4,150,1283,2021-07-08,2026-08-17,flip_count_leave_one_out,2,KMLM,40.0
7_vote_structure,alt2_KMLM_for_SOXL,common_all_sets,SPY|QQQ|SMH|KMLM,4,150,1283,2021-07-08,2026-08-17,frac_bull,3,,0.7217459080280593
7_vote_structure,alt2_KMLM_for_SOXL,common_all_sets,SPY|QQQ|SMH|KMLM,4,150,1283,2021-07-08,2026-08-17,flip_fraction_leave_one_out,3,SPY,0.37412314886983633
7_vote_structure,alt2_KMLM_for_SOXL,common_all_sets,SPY|QQQ|SMH|KMLM,4,150,1283,2021-07-08,2026-08-17,flip_count_leave_one_out,3,SPY,480.0
7_vote_structure,alt2_KMLM_for_SOXL,common_all_sets,SPY|QQQ|SMH|KMLM,4,150,1283,2021-07-08,2026-08-17,flip_fraction_leave_one_out,3,QQQ,0.37100545596258766
7_vote_structure,alt2_KMLM_for_SOXL,common_all_sets,SPY|QQQ|SMH|KMLM,4,150,1283,2021-07-08,2026-08-17,flip_count_leave_one_out,3,QQQ,476.0
7_vote_structure,alt2_KMLM_for_SOXL,common_all_sets,SPY|QQQ|SMH|KMLM,4,150,1283,2021-07-08,2026-08-17,flip_fraction_leave_one_out,3,SMH,0.36788776305533905
7_vote_structure,alt2_KMLM_for_SOXL,common_all_sets,SPY|QQQ|SMH|KMLM,4,150,1283,2021-07-08,2026-08-17,flip_count_leave_one_out,3,SMH,472.0
7_vote_structure,alt2_KMLM_for_SOXL,common_all_sets,SPY|QQQ|SMH|KMLM,4,150,1283,2021-07-08,2026-08-17,flip_fraction_leave_one_out,3,KMLM,0.018706157443491817
7_vote_structure,alt2_KMLM_for_SOXL,common_all_sets,SPY|QQQ|SMH|KMLM,4,150,1283,2021-07-08,2026-08-17,flip_count_leave_one_out,3,KMLM,24.0
7_vote_structure,alt2_KMLM_for_SOXL,common_all_sets,SPY|QQQ|SMH|KMLM,4,150,1283,2021-07-08,2026-08-17,frac_bull,4,,0.34450506625097427
7_vote_structure,alt2_KMLM_for_SOXL,common_all_sets,SPY|QQQ|SMH|KMLM,4,150,1283,2021-07-08,2026-08-17,flip_fraction_leave_one_out,4,SPY,0.34450506625097427
7_vote_structure,alt2_KMLM_for_SOXL,common_all_sets,SPY|QQQ|SMH|KMLM,4,150,1283,2021-07-08,2026-08-17,flip_count_leave_one_out,4,SPY,442.0
7_vote_structure,alt2_KMLM_for_SOXL,common_all_sets,SPY|QQQ|SMH|KMLM,4,150,1283,2021-07-08,2026-08-17,flip_fraction_leave_one_out,4,QQQ,0.34450506625097427
7_vote_structure,alt2_KMLM_for_SOXL,common_all_sets,SPY|QQQ|SMH|KMLM,4,150,1283,2021-07-08,2026-08-17,flip_count_leave_one_out,4,QQQ,442.0
7_vote_structure,alt2_KMLM_for_SOXL,common_all_sets,SPY|QQQ|SMH|KMLM,4,150,1283,2021-07-08,2026-08-17,flip_fraction_leave_one_out,4,SMH,0.34450506625097427
7_vote_structure,alt2_KMLM_for_SOXL,common_all_sets,SPY|QQQ|SMH|KMLM,4,150,1283,2021-07-08,2026-08-17,flip_count_leave_one_out,4,SMH,442.0
7_vote_structure,alt2_KMLM_for_SOXL,common_all_sets,SPY|QQQ|SMH|KMLM,4,150,1283,2021-07-08,2026-08-17,flip_fraction_leave_one_out,4,KMLM,0.34450506625097427
7_vote_structure,alt2_KMLM_for_SOXL,common_all_sets,SPY|QQQ|SMH|KMLM,4,150,1283,2021-07-08,2026-08-17,flip_count_leave_one_out,4,KMLM,442.0
7_vote_structure,alt2_KMLM_for_SOXL,native,SPY|QQQ|SMH|KMLM,4,200,1233,2021-09-17,2026-08-17,pairwise_agreement,SPY,QQQ,0.9602595296025953
7_vote_structure,alt2_KMLM_for_SOXL,native,SPY|QQQ|SMH|KMLM,4,200,1233,2021-09-17,2026-08-17,pairwise_agreement,SPY,SMH,0.9521492295214923
7_vote_structure,alt2_KMLM_for_SOXL,native,SPY|QQQ|SMH|KMLM,4,200,1233,2021-09-17,2026-08-17,pairwise_agreement,SPY,KMLM,0.3657745336577453
7_vote_structure,alt2_KMLM_for_SOXL,native,SPY|QQQ|SMH|KMLM,4,200,1233,2021-09-17,2026-08-17,pairwise_agreement,QQQ,SMH,0.9480940794809408
7_vote_structure,alt2_KMLM_for_SOXL,native,SPY|QQQ|SMH|KMLM,4,200,1233,2021-09-17,2026-08-17,pairwise_agreement,QQQ,KMLM,0.36009732360097324
7_vote_structure,alt2_KMLM_for_SOXL,native,SPY|QQQ|SMH|KMLM,4,200,1233,2021-09-17,2026-08-17,pairwise_agreement,SMH,KMLM,0.37793998377939986
7_vote_structure,alt2_KMLM_for_SOXL,native,SPY|QQQ|SMH|KMLM,4,200,1233,2021-09-17,2026-08-17,pairwise_correlation,SPY,QQQ,0.8928098587908315
7_vote_structure,alt2_KMLM_for_SOXL,native,SPY|QQQ|SMH|KMLM,4,200,1233,2021-09-17,2026-08-17,pairwise_correlation,SPY,SMH,0.8629404347228655
7_vote_structure,alt2_KMLM_for_SOXL,native,SPY|QQQ|SMH|KMLM,4,200,1233,2021-09-17,2026-08-17,pairwise_correlation,SPY,KMLM,-0.27429525354718814
7_vote_structure,alt2_KMLM_for_SOXL,native,SPY|QQQ|SMH|KMLM,4,200,1233,2021-09-17,2026-08-17,pairwise_correlation,QQQ,SMH,0.8591822859466888
7_vote_structure,alt2_KMLM_for_SOXL,native,SPY|QQQ|SMH|KMLM,4,200,1233,2021-09-17,2026-08-17,pairwise_correlation,QQQ,KMLM,-0.28112413909813355
7_vote_structure,alt2_KMLM_for_SOXL,native,SPY|QQQ|SMH|KMLM,4,200,1233,2021-09-17,2026-08-17,pairwise_correlation,SMH,KMLM,-0.24377203128715097
7_vote_structure,alt2_KMLM_for_SOXL,native,SPY|QQQ|SMH|KMLM,4,200,1233,2021-09-17,2026-08-17,vote_count_fraction,0,,0.05596107055961071
7_vote_structure,alt2_KMLM_for_SOXL,native,SPY|QQQ|SMH|KMLM,4,200,1233,2021-09-17,2026-08-17,vote_count_n,0,,69.0
7_vote_structure,alt2_KMLM_for_SOXL,native,SPY|QQQ|SMH|KMLM,4,200,1233,2021-09-17,2026-08-17,vote_count_fraction,1,,0.15247364152473641
7_vote_structure,alt2_KMLM_for_SOXL,native,SPY|QQQ|SMH|KMLM,4,200,1233,2021-09-17,2026-08-17,vote_count_n,1,,188.0
7_vote_structure,alt2_KMLM_for_SOXL,native,SPY|QQQ|SMH|KMLM,4,200,1233,2021-09-17,2026-08-17,vote_count_fraction,2,,0.0454176804541768
7_vote_structure,alt2_KMLM_for_SOXL,native,SPY|QQQ|SMH|KMLM,4,200,1233,2021-09-17,2026-08-17,vote_count_n,2,,56.0
7_vote_structure,alt2_KMLM_for_SOXL,native,SPY|QQQ|SMH|KMLM,4,200,1233,2021-09-17,2026-08-17,vote_count_fraction,3,,0.46553122465531227
7_vote_structure,alt2_KMLM_for_SOXL,native,SPY|QQQ|SMH|KMLM,4,200,1233,2021-09-17,2026-08-17,vote_count_n,3,,574.0
7_vote_structure,alt2_KMLM_for_SOXL,native,SPY|QQQ|SMH|KMLM,4,200,1233,2021-09-17,2026-08-17,vote_count_fraction,4,,0.28061638280616386
7_vote_structure,alt2_KMLM_for_SOXL,native,SPY|QQQ|SMH|KMLM,4,200,1233,2021-09-17,2026-08-17,vote_count_n,4,,346.0
7_vote_structure,alt2_KMLM_for_SOXL,native,SPY|QQQ|SMH|KMLM,4,200,1233,2021-09-17,2026-08-17,effective_independent_votes,,,1.7802846918943354
7_vote_structure,alt2_KMLM_for_SOXL,native,SPY|QQQ|SMH|KMLM,4,200,1233,2021-09-17,2026-08-17,mean_vote_count,,,2.762368207623682
7_vote_structure,alt2_KMLM_for_SOXL,native,SPY|QQQ|SMH|KMLM,4,200,1233,2021-09-17,2026-08-17,frac_bull,1,,0.9440389294403893
7_vote_structure,alt2_KMLM_for_SOXL,native,SPY|QQQ|SMH|KMLM,4,200,1233,2021-09-17,2026-08-17,flip_fraction_leave_one_out,1,SPY,0.0032441200324412004
7_vote_structure,alt2_KMLM_for_SOXL,native,SPY|QQQ|SMH|KMLM,4,200,1233,2021-09-17,2026-08-17,flip_count_leave_one_out,1,SPY,4.0
7_vote_structure,alt2_KMLM_for_SOXL,native,SPY|QQQ|SMH|KMLM,4,200,1233,2021-09-17,2026-08-17,flip_fraction_leave_one_out,1,QQQ,0.0
7_vote_structure,alt2_KMLM_for_SOXL,native,SPY|QQQ|SMH|KMLM,4,200,1233,2021-09-17,2026-08-17,flip_count_leave_one_out,1,QQQ,0.0
7_vote_structure,alt2_KMLM_for_SOXL,native,SPY|QQQ|SMH|KMLM,4,200,1233,2021-09-17,2026-08-17,flip_fraction_leave_one_out,1,SMH,0.004866180048661801
7_vote_structure,alt2_KMLM_for_SOXL,native,SPY|QQQ|SMH|KMLM,4,200,1233,2021-09-17,2026-08-17,flip_count_leave_one_out,1,SMH,6.0
7_vote_structure,alt2_KMLM_for_SOXL,native,SPY|QQQ|SMH|KMLM,4,200,1233,2021-09-17,2026-08-17,flip_fraction_leave_one_out,1,KMLM,0.14436334144363341
7_vote_structure,alt2_KMLM_for_SOXL,native,SPY|QQQ|SMH|KMLM,4,200,1233,2021-09-17,2026-08-17,flip_count_leave_one_out,1,KMLM,178.0
7_vote_structure,alt2_KMLM_for_SOXL,native,SPY|QQQ|SMH|KMLM,4,200,1233,2021-09-17,2026-08-17,frac_bull,2,,0.7915652879156528
7_vote_structure,alt2_KMLM_for_SOXL,native,SPY|QQQ|SMH|KMLM,4,200,1233,2021-09-17,2026-08-17,flip_fraction_leave_one_out,2,SPY,0.031630170316301706
7_vote_structure,alt2_KMLM_for_SOXL,native,SPY|QQQ|SMH|KMLM,4,200,1233,2021-09-17,2026-08-17,flip_count_leave_one_out,2,SPY,39.0
7_vote_structure,alt2_KMLM_for_SOXL,native,SPY|QQQ|SMH|KMLM,4,200,1233,2021-09-17,2026-08-17,flip_fraction_leave_one_out,2,QQQ,0.014598540145985401
7_vote_structure,alt2_KMLM_for_SOXL,native,SPY|QQQ|SMH|KMLM,4,200,1233,2021-09-17,2026-08-17,flip_count_leave_one_out,2,QQQ,18.0
7_vote_structure,alt2_KMLM_for_SOXL,native,SPY|QQQ|SMH|KMLM,4,200,1233,2021-09-17,2026-08-17,flip_fraction_leave_one_out,2,SMH,0.0227088402270884
7_vote_structure,alt2_KMLM_for_SOXL,native,SPY|QQQ|SMH|KMLM,4,200,1233,2021-09-17,2026-08-17,flip_count_leave_one_out,2,SMH,28.0
7_vote_structure,alt2_KMLM_for_SOXL,native,SPY|QQQ|SMH|KMLM,4,200,1233,2021-09-17,2026-08-17,flip_fraction_leave_one_out,2,KMLM,0.021897810218978103
7_vote_structure,alt2_KMLM_for_SOXL,native,SPY|QQQ|SMH|KMLM,4,200,1233,2021-09-17,2026-08-17,flip_count_leave_one_out,2,KMLM,27.0
7_vote_structure,alt2_KMLM_for_SOXL,native,SPY|QQQ|SMH|KMLM,4,200,1233,2021-09-17,2026-08-17,frac_bull,3,,0.7461476074614761
7_vote_structure,alt2_KMLM_for_SOXL,native,SPY|QQQ|SMH|KMLM,4,200,1233,2021-09-17,2026-08-17,flip_fraction_leave_one_out,3,SPY,0.46228710462287104
7_vote_structure,alt2_KMLM_for_SOXL,native,SPY|QQQ|SMH|KMLM,4,200,1233,2021-09-17,2026-08-17,flip_count_leave_one_out,3,SPY,570.0
7_vote_structure,alt2_KMLM_for_SOXL,native,SPY|QQQ|SMH|KMLM,4,200,1233,2021-09-17,2026-08-17,flip_fraction_leave_one_out,3,QQQ,0.45417680454176806
7_vote_structure,alt2_KMLM_for_SOXL,native,SPY|QQQ|SMH|KMLM,4,200,1233,2021-09-17,2026-08-17,flip_count_leave_one_out,3,QQQ,560.0
7_vote_structure,alt2_KMLM_for_SOXL,native,SPY|QQQ|SMH|KMLM,4,200,1233,2021-09-17,2026-08-17,flip_fraction_leave_one_out,3,SMH,0.46390916463909165
7_vote_structure,alt2_KMLM_for_SOXL,native,SPY|QQQ|SMH|KMLM,4,200,1233,2021-09-17,2026-08-17,flip_count_leave_one_out,3,SMH,572.0
7_vote_structure,alt2_KMLM_for_SOXL,native,SPY|QQQ|SMH|KMLM,4,200,1233,2021-09-17,2026-08-17,flip_fraction_leave_one_out,3,KMLM,0.016220600162206
7_vote_structure,alt2_KMLM_for_SOXL,native,SPY|QQQ|SMH|KMLM,4,200,1233,2021-09-17,2026-08-17,flip_count_leave_one_out,3,KMLM,20.0
7_vote_structure,alt2_KMLM_for_SOXL,native,SPY|QQQ|SMH|KMLM,4,200,1233,2021-09-17,2026-08-17,frac_bull,4,,0.28061638280616386
7_vote_structure,alt2_KMLM_for_SOXL,native,SPY|QQQ|SMH|KMLM,4,200,1233,2021-09-17,2026-08-17,flip_fraction_leave_one_out,4,SPY,0.28061638280616386
7_vote_structure,alt2_KMLM_for_SOXL,native,SPY|QQQ|SMH|KMLM,4,200,1233,2021-09-17,2026-08-17,flip_count_leave_one_out,4,SPY,346.0
7_vote_structure,alt2_KMLM_for_SOXL,native,SPY|QQQ|SMH|KMLM,4,200,1233,2021-09-17,2026-08-17,flip_fraction_leave_one_out,4,QQQ,0.28061638280616386
7_vote_structure,alt2_KMLM_for_SOXL,native,SPY|QQQ|SMH|KMLM,4,200,1233,2021-09-17,2026-08-17,flip_count_leave_one_out,4,QQQ,346.0
7_vote_structure,alt2_KMLM_for_SOXL,native,SPY|QQQ|SMH|KMLM,4,200,1233,2021-09-17,2026-08-17,flip_fraction_leave_one_out,4,SMH,0.28061638280616386
7_vote_structure,alt2_KMLM_for_SOXL,native,SPY|QQQ|SMH|KMLM,4,200,1233,2021-09-17,2026-08-17,flip_count_leave_one_out,4,SMH,346.0
7_vote_structure,alt2_KMLM_for_SOXL,native,SPY|QQQ|SMH|KMLM,4,200,1233,2021-09-17,2026-08-17,flip_fraction_leave_one_out,4,KMLM,0.28061638280616386
7_vote_structure,alt2_KMLM_for_SOXL,native,SPY|QQQ|SMH|KMLM,4,200,1233,2021-09-17,2026-08-17,flip_count_leave_one_out,4,KMLM,346.0
7_vote_structure,alt2_KMLM_for_SOXL,common_with_S3,SPY|QQQ|SMH|KMLM,4,200,1233,2021-09-17,2026-08-17,pairwise_agreement,SPY,QQQ,0.9602595296025953
7_vote_structure,alt2_KMLM_for_SOXL,common_with_S3,SPY|QQQ|SMH|KMLM,4,200,1233,2021-09-17,2026-08-17,pairwise_agreement,SPY,SMH,0.9521492295214923
7_vote_structure,alt2_KMLM_for_SOXL,common_with_S3,SPY|QQQ|SMH|KMLM,4,200,1233,2021-09-17,2026-08-17,pairwise_agreement,SPY,KMLM,0.3657745336577453
7_vote_structure,alt2_KMLM_for_SOXL,common_with_S3,SPY|QQQ|SMH|KMLM,4,200,1233,2021-09-17,2026-08-17,pairwise_agreement,QQQ,SMH,0.9480940794809408
7_vote_structure,alt2_KMLM_for_SOXL,common_with_S3,SPY|QQQ|SMH|KMLM,4,200,1233,2021-09-17,2026-08-17,pairwise_agreement,QQQ,KMLM,0.36009732360097324
7_vote_structure,alt2_KMLM_for_SOXL,common_with_S3,SPY|QQQ|SMH|KMLM,4,200,1233,2021-09-17,2026-08-17,pairwise_agreement,SMH,KMLM,0.37793998377939986
7_vote_structure,alt2_KMLM_for_SOXL,common_with_S3,SPY|QQQ|SMH|KMLM,4,200,1233,2021-09-17,2026-08-17,pairwise_correlation,SPY,QQQ,0.8928098587908315
7_vote_structure,alt2_KMLM_for_SOXL,common_with_S3,SPY|QQQ|SMH|KMLM,4,200,1233,2021-09-17,2026-08-17,pairwise_correlation,SPY,SMH,0.8629404347228655
7_vote_structure,alt2_KMLM_for_SOXL,common_with_S3,SPY|QQQ|SMH|KMLM,4,200,1233,2021-09-17,2026-08-17,pairwise_correlation,SPY,KMLM,-0.27429525354718814
7_vote_structure,alt2_KMLM_for_SOXL,common_with_S3,SPY|QQQ|SMH|KMLM,4,200,1233,2021-09-17,2026-08-17,pairwise_correlation,QQQ,SMH,0.8591822859466888
7_vote_structure,alt2_KMLM_for_SOXL,common_with_S3,SPY|QQQ|SMH|KMLM,4,200,1233,2021-09-17,2026-08-17,pairwise_correlation,QQQ,KMLM,-0.28112413909813355
7_vote_structure,alt2_KMLM_for_SOXL,common_with_S3,SPY|QQQ|SMH|KMLM,4,200,1233,2021-09-17,2026-08-17,pairwise_correlation,SMH,KMLM,-0.24377203128715097
7_vote_structure,alt2_KMLM_for_SOXL,common_with_S3,SPY|QQQ|SMH|KMLM,4,200,1233,2021-09-17,2026-08-17,vote_count_fraction,0,,0.05596107055961071
7_vote_structure,alt2_KMLM_for_SOXL,common_with_S3,SPY|QQQ|SMH|KMLM,4,200,1233,2021-09-17,2026-08-17,vote_count_n,0,,69.0
7_vote_structure,alt2_KMLM_for_SOXL,common_with_S3,SPY|QQQ|SMH|KMLM,4,200,1233,2021-09-17,2026-08-17,vote_count_fraction,1,,0.15247364152473641
7_vote_structure,alt2_KMLM_for_SOXL,common_with_S3,SPY|QQQ|SMH|KMLM,4,200,1233,2021-09-17,2026-08-17,vote_count_n,1,,188.0
7_vote_structure,alt2_KMLM_for_SOXL,common_with_S3,SPY|QQQ|SMH|KMLM,4,200,1233,2021-09-17,2026-08-17,vote_count_fraction,2,,0.0454176804541768
7_vote_structure,alt2_KMLM_for_SOXL,common_with_S3,SPY|QQQ|SMH|KMLM,4,200,1233,2021-09-17,2026-08-17,vote_count_n,2,,56.0
7_vote_structure,alt2_KMLM_for_SOXL,common_with_S3,SPY|QQQ|SMH|KMLM,4,200,1233,2021-09-17,2026-08-17,vote_count_fraction,3,,0.46553122465531227
7_vote_structure,alt2_KMLM_for_SOXL,common_with_S3,SPY|QQQ|SMH|KMLM,4,200,1233,2021-09-17,2026-08-17,vote_count_n,3,,574.0
7_vote_structure,alt2_KMLM_for_SOXL,common_with_S3,SPY|QQQ|SMH|KMLM,4,200,1233,2021-09-17,2026-08-17,vote_count_fraction,4,,0.28061638280616386
7_vote_structure,alt2_KMLM_for_SOXL,common_with_S3,SPY|QQQ|SMH|KMLM,4,200,1233,2021-09-17,2026-08-17,vote_count_n,4,,346.0
7_vote_structure,alt2_KMLM_for_SOXL,common_with_S3,SPY|QQQ|SMH|KMLM,4,200,1233,2021-09-17,2026-08-17,effective_independent_votes,,,1.7802846918943354
7_vote_structure,alt2_KMLM_for_SOXL,common_with_S3,SPY|QQQ|SMH|KMLM,4,200,1233,2021-09-17,2026-08-17,mean_vote_count,,,2.762368207623682
7_vote_structure,alt2_KMLM_for_SOXL,common_with_S3,SPY|QQQ|SMH|KMLM,4,200,1233,2021-09-17,2026-08-17,frac_bull,1,,0.9440389294403893
7_vote_structure,alt2_KMLM_for_SOXL,common_with_S3,SPY|QQQ|SMH|KMLM,4,200,1233,2021-09-17,2026-08-17,flip_fraction_leave_one_out,1,SPY,0.0032441200324412004
7_vote_structure,alt2_KMLM_for_SOXL,common_with_S3,SPY|QQQ|SMH|KMLM,4,200,1233,2021-09-17,2026-08-17,flip_count_leave_one_out,1,SPY,4.0
7_vote_structure,alt2_KMLM_for_SOXL,common_with_S3,SPY|QQQ|SMH|KMLM,4,200,1233,2021-09-17,2026-08-17,flip_fraction_leave_one_out,1,QQQ,0.0
7_vote_structure,alt2_KMLM_for_SOXL,common_with_S3,SPY|QQQ|SMH|KMLM,4,200,1233,2021-09-17,2026-08-17,flip_count_leave_one_out,1,QQQ,0.0
7_vote_structure,alt2_KMLM_for_SOXL,common_with_S3,SPY|QQQ|SMH|KMLM,4,200,1233,2021-09-17,2026-08-17,flip_fraction_leave_one_out,1,SMH,0.004866180048661801
7_vote_structure,alt2_KMLM_for_SOXL,common_with_S3,SPY|QQQ|SMH|KMLM,4,200,1233,2021-09-17,2026-08-17,flip_count_leave_one_out,1,SMH,6.0
7_vote_structure,alt2_KMLM_for_SOXL,common_with_S3,SPY|QQQ|SMH|KMLM,4,200,1233,2021-09-17,2026-08-17,flip_fraction_leave_one_out,1,KMLM,0.14436334144363341
7_vote_structure,alt2_KMLM_for_SOXL,common_with_S3,SPY|QQQ|SMH|KMLM,4,200,1233,2021-09-17,2026-08-17,flip_count_leave_one_out,1,KMLM,178.0
7_vote_structure,alt2_KMLM_for_SOXL,common_with_S3,SPY|QQQ|SMH|KMLM,4,200,1233,2021-09-17,2026-08-17,frac_bull,2,,0.7915652879156528
7_vote_structure,alt2_KMLM_for_SOXL,common_with_S3,SPY|QQQ|SMH|KMLM,4,200,1233,2021-09-17,2026-08-17,flip_fraction_leave_one_out,2,SPY,0.031630170316301706
7_vote_structure,alt2_KMLM_for_SOXL,common_with_S3,SPY|QQQ|SMH|KMLM,4,200,1233,2021-09-17,2026-08-17,flip_count_leave_one_out,2,SPY,39.0
7_vote_structure,alt2_KMLM_for_SOXL,common_with_S3,SPY|QQQ|SMH|KMLM,4,200,1233,2021-09-17,2026-08-17,flip_fraction_leave_one_out,2,QQQ,0.014598540145985401
7_vote_structure,alt2_KMLM_for_SOXL,common_with_S3,SPY|QQQ|SMH|KMLM,4,200,1233,2021-09-17,2026-08-17,flip_count_leave_one_out,2,QQQ,18.0
7_vote_structure,alt2_KMLM_for_SOXL,common_with_S3,SPY|QQQ|SMH|KMLM,4,200,1233,2021-09-17,2026-08-17,flip_fraction_leave_one_out,2,SMH,0.0227088402270884
7_vote_structure,alt2_KMLM_for_SOXL,common_with_S3,SPY|QQQ|SMH|KMLM,4,200,1233,2021-09-17,2026-08-17,flip_count_leave_one_out,2,SMH,28.0
7_vote_structure,alt2_KMLM_for_SOXL,common_with_S3,SPY|QQQ|SMH|KMLM,4,200,1233,2021-09-17,2026-08-17,flip_fraction_leave_one_out,2,KMLM,0.021897810218978103
7_vote_structure,alt2_KMLM_for_SOXL,common_with_S3,SPY|QQQ|SMH|KMLM,4,200,1233,2021-09-17,2026-08-17,flip_count_leave_one_out,2,KMLM,27.0
7_vote_structure,alt2_KMLM_for_SOXL,common_with_S3,SPY|QQQ|SMH|KMLM,4,200,1233,2021-09-17,2026-08-17,frac_bull,3,,0.7461476074614761
7_vote_structure,alt2_KMLM_for_SOXL,common_with_S3,SPY|QQQ|SMH|KMLM,4,200,1233,2021-09-17,2026-08-17,flip_fraction_leave_one_out,3,SPY,0.46228710462287104
7_vote_structure,alt2_KMLM_for_SOXL,common_with_S3,SPY|QQQ|SMH|KMLM,4,200,1233,2021-09-17,2026-08-17,flip_count_leave_one_out,3,SPY,570.0
7_vote_structure,alt2_KMLM_for_SOXL,common_with_S3,SPY|QQQ|SMH|KMLM,4,200,1233,2021-09-17,2026-08-17,flip_fraction_leave_one_out,3,QQQ,0.45417680454176806
7_vote_structure,alt2_KMLM_for_SOXL,common_with_S3,SPY|QQQ|SMH|KMLM,4,200,1233,2021-09-17,2026-08-17,flip_count_leave_one_out,3,QQQ,560.0
7_vote_structure,alt2_KMLM_for_SOXL,common_with_S3,SPY|QQQ|SMH|KMLM,4,200,1233,2021-09-17,2026-08-17,flip_fraction_leave_one_out,3,SMH,0.46390916463909165
7_vote_structure,alt2_KMLM_for_SOXL,common_with_S3,SPY|QQQ|SMH|KMLM,4,200,1233,2021-09-17,2026-08-17,flip_count_leave_one_out,3,SMH,572.0
7_vote_structure,alt2_KMLM_for_SOXL,common_with_S3,SPY|QQQ|SMH|KMLM,4,200,1233,2021-09-17,2026-08-17,flip_fraction_leave_one_out,3,KMLM,0.016220600162206
7_vote_structure,alt2_KMLM_for_SOXL,common_with_S3,SPY|QQQ|SMH|KMLM,4,200,1233,2021-09-17,2026-08-17,flip_count_leave_one_out,3,KMLM,20.0
7_vote_structure,alt2_KMLM_for_SOXL,common_with_S3,SPY|QQQ|SMH|KMLM,4,200,1233,2021-09-17,2026-08-17,frac_bull,4,,0.28061638280616386
7_vote_structure,alt2_KMLM_for_SOXL,common_with_S3,SPY|QQQ|SMH|KMLM,4,200,1233,2021-09-17,2026-08-17,flip_fraction_leave_one_out,4,SPY,0.28061638280616386
7_vote_structure,alt2_KMLM_for_SOXL,common_with_S3,SPY|QQQ|SMH|KMLM,4,200,1233,2021-09-17,2026-08-17,flip_count_leave_one_out,4,SPY,346.0
7_vote_structure,alt2_KMLM_for_SOXL,common_with_S3,SPY|QQQ|SMH|KMLM,4,200,1233,2021-09-17,2026-08-17,flip_fraction_leave_one_out,4,QQQ,0.28061638280616386
7_vote_structure,alt2_KMLM_for_SOXL,common_with_S3,SPY|QQQ|SMH|KMLM,4,200,1233,2021-09-17,2026-08-17,flip_count_leave_one_out,4,QQQ,346.0
7_vote_structure,alt2_KMLM_for_SOXL,common_with_S3,SPY|QQQ|SMH|KMLM,4,200,1233,2021-09-17,2026-08-17,flip_fraction_leave_one_out,4,SMH,0.28061638280616386
7_vote_structure,alt2_KMLM_for_SOXL,common_with_S3,SPY|QQQ|SMH|KMLM,4,200,1233,2021-09-17,2026-08-17,flip_count_leave_one_out,4,SMH,346.0
7_vote_structure,alt2_KMLM_for_SOXL,common_with_S3,SPY|QQQ|SMH|KMLM,4,200,1233,2021-09-17,2026-08-17,flip_fraction_leave_one_out,4,KMLM,0.28061638280616386
7_vote_structure,alt2_KMLM_for_SOXL,common_with_S3,SPY|QQQ|SMH|KMLM,4,200,1233,2021-09-17,2026-08-17,flip_count_leave_one_out,4,KMLM,346.0
7_vote_structure,alt2_KMLM_for_SOXL,common_all_sets,SPY|QQQ|SMH|KMLM,4,200,1233,2021-09-17,2026-08-17,pairwise_agreement,SPY,QQQ,0.9602595296025953
7_vote_structure,alt2_KMLM_for_SOXL,common_all_sets,SPY|QQQ|SMH|KMLM,4,200,1233,2021-09-17,2026-08-17,pairwise_agreement,SPY,SMH,0.9521492295214923
7_vote_structure,alt2_KMLM_for_SOXL,common_all_sets,SPY|QQQ|SMH|KMLM,4,200,1233,2021-09-17,2026-08-17,pairwise_agreement,SPY,KMLM,0.3657745336577453
7_vote_structure,alt2_KMLM_for_SOXL,common_all_sets,SPY|QQQ|SMH|KMLM,4,200,1233,2021-09-17,2026-08-17,pairwise_agreement,QQQ,SMH,0.9480940794809408
7_vote_structure,alt2_KMLM_for_SOXL,common_all_sets,SPY|QQQ|SMH|KMLM,4,200,1233,2021-09-17,2026-08-17,pairwise_agreement,QQQ,KMLM,0.36009732360097324
7_vote_structure,alt2_KMLM_for_SOXL,common_all_sets,SPY|QQQ|SMH|KMLM,4,200,1233,2021-09-17,2026-08-17,pairwise_agreement,SMH,KMLM,0.37793998377939986
7_vote_structure,alt2_KMLM_for_SOXL,common_all_sets,SPY|QQQ|SMH|KMLM,4,200,1233,2021-09-17,2026-08-17,pairwise_correlation,SPY,QQQ,0.8928098587908315
7_vote_structure,alt2_KMLM_for_SOXL,common_all_sets,SPY|QQQ|SMH|KMLM,4,200,1233,2021-09-17,2026-08-17,pairwise_correlation,SPY,SMH,0.8629404347228655
7_vote_structure,alt2_KMLM_for_SOXL,common_all_sets,SPY|QQQ|SMH|KMLM,4,200,1233,2021-09-17,2026-08-17,pairwise_correlation,SPY,KMLM,-0.27429525354718814
7_vote_structure,alt2_KMLM_for_SOXL,common_all_sets,SPY|QQQ|SMH|KMLM,4,200,1233,2021-09-17,2026-08-17,pairwise_correlation,QQQ,SMH,0.8591822859466888
7_vote_structure,alt2_KMLM_for_SOXL,common_all_sets,SPY|QQQ|SMH|KMLM,4,200,1233,2021-09-17,2026-08-17,pairwise_correlation,QQQ,KMLM,-0.28112413909813355
7_vote_structure,alt2_KMLM_for_SOXL,common_all_sets,SPY|QQQ|SMH|KMLM,4,200,1233,2021-09-17,2026-08-17,pairwise_correlation,SMH,KMLM,-0.24377203128715097
7_vote_structure,alt2_KMLM_for_SOXL,common_all_sets,SPY|QQQ|SMH|KMLM,4,200,1233,2021-09-17,2026-08-17,vote_count_fraction,0,,0.05596107055961071
7_vote_structure,alt2_KMLM_for_SOXL,common_all_sets,SPY|QQQ|SMH|KMLM,4,200,1233,2021-09-17,2026-08-17,vote_count_n,0,,69.0
7_vote_structure,alt2_KMLM_for_SOXL,common_all_sets,SPY|QQQ|SMH|KMLM,4,200,1233,2021-09-17,2026-08-17,vote_count_fraction,1,,0.15247364152473641
7_vote_structure,alt2_KMLM_for_SOXL,common_all_sets,SPY|QQQ|SMH|KMLM,4,200,1233,2021-09-17,2026-08-17,vote_count_n,1,,188.0
7_vote_structure,alt2_KMLM_for_SOXL,common_all_sets,SPY|QQQ|SMH|KMLM,4,200,1233,2021-09-17,2026-08-17,vote_count_fraction,2,,0.0454176804541768
7_vote_structure,alt2_KMLM_for_SOXL,common_all_sets,SPY|QQQ|SMH|KMLM,4,200,1233,2021-09-17,2026-08-17,vote_count_n,2,,56.0
7_vote_structure,alt2_KMLM_for_SOXL,common_all_sets,SPY|QQQ|SMH|KMLM,4,200,1233,2021-09-17,2026-08-17,vote_count_fraction,3,,0.46553122465531227
7_vote_structure,alt2_KMLM_for_SOXL,common_all_sets,SPY|QQQ|SMH|KMLM,4,200,1233,2021-09-17,2026-08-17,vote_count_n,3,,574.0
7_vote_structure,alt2_KMLM_for_SOXL,common_all_sets,SPY|QQQ|SMH|KMLM,4,200,1233,2021-09-17,2026-08-17,vote_count_fraction,4,,0.28061638280616386
7_vote_structure,alt2_KMLM_for_SOXL,common_all_sets,SPY|QQQ|SMH|KMLM,4,200,1233,2021-09-17,2026-08-17,vote_count_n,4,,346.0
7_vote_structure,alt2_KMLM_for_SOXL,common_all_sets,SPY|QQQ|SMH|KMLM,4,200,1233,2021-09-17,2026-08-17,effective_independent_votes,,,1.7802846918943354
7_vote_structure,alt2_KMLM_for_SOXL,common_all_sets,SPY|QQQ|SMH|KMLM,4,200,1233,2021-09-17,2026-08-17,mean_vote_count,,,2.762368207623682
7_vote_structure,alt2_KMLM_for_SOXL,common_all_sets,SPY|QQQ|SMH|KMLM,4,200,1233,2021-09-17,2026-08-17,frac_bull,1,,0.9440389294403893
7_vote_structure,alt2_KMLM_for_SOXL,common_all_sets,SPY|QQQ|SMH|KMLM,4,200,1233,2021-09-17,2026-08-17,flip_fraction_leave_one_out,1,SPY,0.0032441200324412004
7_vote_structure,alt2_KMLM_for_SOXL,common_all_sets,SPY|QQQ|SMH|KMLM,4,200,1233,2021-09-17,2026-08-17,flip_count_leave_one_out,1,SPY,4.0
7_vote_structure,alt2_KMLM_for_SOXL,common_all_sets,SPY|QQQ|SMH|KMLM,4,200,1233,2021-09-17,2026-08-17,flip_fraction_leave_one_out,1,QQQ,0.0
7_vote_structure,alt2_KMLM_for_SOXL,common_all_sets,SPY|QQQ|SMH|KMLM,4,200,1233,2021-09-17,2026-08-17,flip_count_leave_one_out,1,QQQ,0.0
7_vote_structure,alt2_KMLM_for_SOXL,common_all_sets,SPY|QQQ|SMH|KMLM,4,200,1233,2021-09-17,2026-08-17,flip_fraction_leave_one_out,1,SMH,0.004866180048661801
7_vote_structure,alt2_KMLM_for_SOXL,common_all_sets,SPY|QQQ|SMH|KMLM,4,200,1233,2021-09-17,2026-08-17,flip_count_leave_one_out,1,SMH,6.0
7_vote_structure,alt2_KMLM_for_SOXL,common_all_sets,SPY|QQQ|SMH|KMLM,4,200,1233,2021-09-17,2026-08-17,flip_fraction_leave_one_out,1,KMLM,0.14436334144363341
7_vote_structure,alt2_KMLM_for_SOXL,common_all_sets,SPY|QQQ|SMH|KMLM,4,200,1233,2021-09-17,2026-08-17,flip_count_leave_one_out,1,KMLM,178.0
7_vote_structure,alt2_KMLM_for_SOXL,common_all_sets,SPY|QQQ|SMH|KMLM,4,200,1233,2021-09-17,2026-08-17,frac_bull,2,,0.7915652879156528
7_vote_structure,alt2_KMLM_for_SOXL,common_all_sets,SPY|QQQ|SMH|KMLM,4,200,1233,2021-09-17,2026-08-17,flip_fraction_leave_one_out,2,SPY,0.031630170316301706
7_vote_structure,alt2_KMLM_for_SOXL,common_all_sets,SPY|QQQ|SMH|KMLM,4,200,1233,2021-09-17,2026-08-17,flip_count_leave_one_out,2,SPY,39.0
7_vote_structure,alt2_KMLM_for_SOXL,common_all_sets,SPY|QQQ|SMH|KMLM,4,200,1233,2021-09-17,2026-08-17,flip_fraction_leave_one_out,2,QQQ,0.014598540145985401
7_vote_structure,alt2_KMLM_for_SOXL,common_all_sets,SPY|QQQ|SMH|KMLM,4,200,1233,2021-09-17,2026-08-17,flip_count_leave_one_out,2,QQQ,18.0
7_vote_structure,alt2_KMLM_for_SOXL,common_all_sets,SPY|QQQ|SMH|KMLM,4,200,1233,2021-09-17,2026-08-17,flip_fraction_leave_one_out,2,SMH,0.0227088402270884
7_vote_structure,alt2_KMLM_for_SOXL,common_all_sets,SPY|QQQ|SMH|KMLM,4,200,1233,2021-09-17,2026-08-17,flip_count_leave_one_out,2,SMH,28.0
7_vote_structure,alt2_KMLM_for_SOXL,common_all_sets,SPY|QQQ|SMH|KMLM,4,200,1233,2021-09-17,2026-08-17,flip_fraction_leave_one_out,2,KMLM,0.021897810218978103
7_vote_structure,alt2_KMLM_for_SOXL,common_all_sets,SPY|QQQ|SMH|KMLM,4,200,1233,2021-09-17,2026-08-17,flip_count_leave_one_out,2,KMLM,27.0
7_vote_structure,alt2_KMLM_for_SOXL,common_all_sets,SPY|QQQ|SMH|KMLM,4,200,1233,2021-09-17,2026-08-17,frac_bull,3,,0.7461476074614761
7_vote_structure,alt2_KMLM_for_SOXL,common_all_sets,SPY|QQQ|SMH|KMLM,4,200,1233,2021-09-17,2026-08-17,flip_fraction_leave_one_out,3,SPY,0.46228710462287104
7_vote_structure,alt2_KMLM_for_SOXL,common_all_sets,SPY|QQQ|SMH|KMLM,4,200,1233,2021-09-17,2026-08-17,flip_count_leave_one_out,3,SPY,570.0
7_vote_structure,alt2_KMLM_for_SOXL,common_all_sets,SPY|QQQ|SMH|KMLM,4,200,1233,2021-09-17,2026-08-17,flip_fraction_leave_one_out,3,QQQ,0.45417680454176806
7_vote_structure,alt2_KMLM_for_SOXL,common_all_sets,SPY|QQQ|SMH|KMLM,4,200,1233,2021-09-17,2026-08-17,flip_count_leave_one_out,3,QQQ,560.0
7_vote_structure,alt2_KMLM_for_SOXL,common_all_sets,SPY|QQQ|SMH|KMLM,4,200,1233,2021-09-17,2026-08-17,flip_fraction_leave_one_out,3,SMH,0.46390916463909165
7_vote_structure,alt2_KMLM_for_SOXL,common_all_sets,SPY|QQQ|SMH|KMLM,4,200,1233,2021-09-17,2026-08-17,flip_count_leave_one_out,3,SMH,572.0
7_vote_structure,alt2_KMLM_for_SOXL,common_all_sets,SPY|QQQ|SMH|KMLM,4,200,1233,2021-09-17,2026-08-17,flip_fraction_leave_one_out,3,KMLM,0.016220600162206
7_vote_structure,alt2_KMLM_for_SOXL,common_all_sets,SPY|QQQ|SMH|KMLM,4,200,1233,2021-09-17,2026-08-17,flip_count_leave_one_out,3,KMLM,20.0
7_vote_structure,alt2_KMLM_for_SOXL,common_all_sets,SPY|QQQ|SMH|KMLM,4,200,1233,2021-09-17,2026-08-17,frac_bull,4,,0.28061638280616386
7_vote_structure,alt2_KMLM_for_SOXL,common_all_sets,SPY|QQQ|SMH|KMLM,4,200,1233,2021-09-17,2026-08-17,flip_fraction_leave_one_out,4,SPY,0.28061638280616386
7_vote_structure,alt2_KMLM_for_SOXL,common_all_sets,SPY|QQQ|SMH|KMLM,4,200,1233,2021-09-17,2026-08-17,flip_count_leave_one_out,4,SPY,346.0
7_vote_structure,alt2_KMLM_for_SOXL,common_all_sets,SPY|QQQ|SMH|KMLM,4,200,1233,2021-09-17,2026-08-17,flip_fraction_leave_one_out,4,QQQ,0.28061638280616386
7_vote_structure,alt2_KMLM_for_SOXL,common_all_sets,SPY|QQQ|SMH|KMLM,4,200,1233,2021-09-17,2026-08-17,flip_count_leave_one_out,4,QQQ,346.0
7_vote_structure,alt2_KMLM_for_SOXL,common_all_sets,SPY|QQQ|SMH|KMLM,4,200,1233,2021-09-17,2026-08-17,flip_fraction_leave_one_out,4,SMH,0.28061638280616386
7_vote_structure,alt2_KMLM_for_SOXL,common_all_sets,SPY|QQQ|SMH|KMLM,4,200,1233,2021-09-17,2026-08-17,flip_count_leave_one_out,4,SMH,346.0
7_vote_structure,alt2_KMLM_for_SOXL,common_all_sets,SPY|QQQ|SMH|KMLM,4,200,1233,2021-09-17,2026-08-17,flip_fraction_leave_one_out,4,KMLM,0.28061638280616386
7_vote_structure,alt2_KMLM_for_SOXL,common_all_sets,SPY|QQQ|SMH|KMLM,4,200,1233,2021-09-17,2026-08-17,flip_count_leave_one_out,4,KMLM,346.0
7_vote_structure,alt2_KMLM_for_SOXL,native,SPY|QQQ|SMH|KMLM,4,250,1183,2021-11-29,2026-08-17,pairwise_agreement,SPY,QQQ,0.9475908706677938
7_vote_structure,alt2_KMLM_for_SOXL,native,SPY|QQQ|SMH|KMLM,4,250,1183,2021-11-29,2026-08-17,pairwise_agreement,SPY,SMH,0.9382924767540152
7_vote_structure,alt2_KMLM_for_SOXL,native,SPY|QQQ|SMH|KMLM,4,250,1183,2021-11-29,2026-08-17,pairwise_agreement,SPY,KMLM,0.33474218089602703
7_vote_structure,alt2_KMLM_for_SOXL,native,SPY|QQQ|SMH|KMLM,4,250,1183,2021-11-29,2026-08-17,pairwise_agreement,QQQ,SMH,0.9416737109044802
7_vote_structure,alt2_KMLM_for_SOXL,native,SPY|QQQ|SMH|KMLM,4,250,1183,2021-11-29,2026-08-17,pairwise_agreement,QQQ,KMLM,0.31952662721893493
7_vote_structure,alt2_KMLM_for_SOXL,native,SPY|QQQ|SMH|KMLM,4,250,1183,2021-11-29,2026-08-17,pairwise_agreement,SMH,KMLM,0.3338968723584108
7_vote_structure,alt2_KMLM_for_SOXL,native,SPY|QQQ|SMH|KMLM,4,250,1183,2021-11-29,2026-08-17,pairwise_correlation,SPY,QQQ,0.8580714142472596
7_vote_structure,alt2_KMLM_for_SOXL,native,SPY|QQQ|SMH|KMLM,4,250,1183,2021-11-29,2026-08-17,pairwise_correlation,SPY,SMH,0.8215802178230592
7_vote_structure,alt2_KMLM_for_SOXL,native,SPY|QQQ|SMH|KMLM,4,250,1183,2021-11-29,2026-08-17,pairwise_correlation,SPY,KMLM,-0.3109577598930657
7_vote_structure,alt2_KMLM_for_SOXL,native,SPY|QQQ|SMH|KMLM,4,250,1183,2021-11-29,2026-08-17,pairwise_correlation,QQQ,SMH,0.8417164844930906
7_vote_structure,alt2_KMLM_for_SOXL,native,SPY|QQQ|SMH|KMLM,4,250,1183,2021-11-29,2026-08-17,pairwise_correlation,QQQ,KMLM,-0.34124323860462
7_vote_structure,alt2_KMLM_for_SOXL,native,SPY|QQQ|SMH|KMLM,4,250,1183,2021-11-29,2026-08-17,pairwise_correlation,SMH,KMLM,-0.3105353121730798
7_vote_structure,alt2_KMLM_for_SOXL,native,SPY|QQQ|SMH|KMLM,4,250,1183,2021-11-29,2026-08-17,vote_count_fraction,0,,0.03888419273034658
7_vote_structure,alt2_KMLM_for_SOXL,native,SPY|QQQ|SMH|KMLM,4,250,1183,2021-11-29,2026-08-17,vote_count_n,0,,46.0
7_vote_structure,alt2_KMLM_for_SOXL,native,SPY|QQQ|SMH|KMLM,4,250,1183,2021-11-29,2026-08-17,vote_count_fraction,1,,0.17413355874894337
7_vote_structure,alt2_KMLM_for_SOXL,native,SPY|QQQ|SMH|KMLM,4,250,1183,2021-11-29,2026-08-17,vote_count_n,1,,206.0
7_vote_structure,alt2_KMLM_for_SOXL,native,SPY|QQQ|SMH|KMLM,4,250,1183,2021-11-29,2026-08-17,vote_count_fraction,2,,0.04395604395604396
7_vote_structure,alt2_KMLM_for_SOXL,native,SPY|QQQ|SMH|KMLM,4,250,1183,2021-11-29,2026-08-17,vote_count_n,2,,52.0
7_vote_structure,alt2_KMLM_for_SOXL,native,SPY|QQQ|SMH|KMLM,4,250,1183,2021-11-29,2026-08-17,vote_count_fraction,3,,0.49535080304311074
7_vote_structure,alt2_KMLM_for_SOXL,native,SPY|QQQ|SMH|KMLM,4,250,1183,2021-11-29,2026-08-17,vote_count_n,3,,586.0
7_vote_structure,alt2_KMLM_for_SOXL,native,SPY|QQQ|SMH|KMLM,4,250,1183,2021-11-29,2026-08-17,vote_count_fraction,4,,0.24767540152155537
7_vote_structure,alt2_KMLM_for_SOXL,native,SPY|QQQ|SMH|KMLM,4,250,1183,2021-11-29,2026-08-17,vote_count_n,4,,293.0
7_vote_structure,alt2_KMLM_for_SOXL,native,SPY|QQQ|SMH|KMLM,4,250,1183,2021-11-29,2026-08-17,effective_independent_votes,,,1.8061377107834944
7_vote_structure,alt2_KMLM_for_SOXL,native,SPY|QQQ|SMH|KMLM,4,250,1183,2021-11-29,2026-08-17,mean_vote_count,,,2.738799661876585
7_vote_structure,alt2_KMLM_for_SOXL,native,SPY|QQQ|SMH|KMLM,4,250,1183,2021-11-29,2026-08-17,frac_bull,1,,0.9611158072696534
7_vote_structure,alt2_KMLM_for_SOXL,native,SPY|QQQ|SMH|KMLM,4,250,1183,2021-11-29,2026-08-17,flip_fraction_leave_one_out,1,SPY,0.009298393913778529
7_vote_structure,alt2_KMLM_for_SOXL,native,SPY|QQQ|SMH|KMLM,4,250,1183,2021-11-29,2026-08-17,flip_count_leave_one_out,1,SPY,11.0
7_vote_structure,alt2_KMLM_for_SOXL,native,SPY|QQQ|SMH|KMLM,4,250,1183,2021-11-29,2026-08-17,flip_fraction_leave_one_out,1,QQQ,0.0
7_vote_structure,alt2_KMLM_for_SOXL,native,SPY|QQQ|SMH|KMLM,4,250,1183,2021-11-29,2026-08-17,flip_count_leave_one_out,1,QQQ,0.0
7_vote_structure,alt2_KMLM_for_SOXL,native,SPY|QQQ|SMH|KMLM,4,250,1183,2021-11-29,2026-08-17,flip_fraction_leave_one_out,1,SMH,0.013524936601859678
7_vote_structure,alt2_KMLM_for_SOXL,native,SPY|QQQ|SMH|KMLM,4,250,1183,2021-11-29,2026-08-17,flip_count_leave_one_out,1,SMH,16.0
7_vote_structure,alt2_KMLM_for_SOXL,native,SPY|QQQ|SMH|KMLM,4,250,1183,2021-11-29,2026-08-17,flip_fraction_leave_one_out,1,KMLM,0.15131022823330514
7_vote_structure,alt2_KMLM_for_SOXL,native,SPY|QQQ|SMH|KMLM,4,250,1183,2021-11-29,2026-08-17,flip_count_leave_one_out,1,KMLM,179.0
7_vote_structure,alt2_KMLM_for_SOXL,native,SPY|QQQ|SMH|KMLM,4,250,1183,2021-11-29,2026-08-17,frac_bull,2,,0.7869822485207101
7_vote_structure,alt2_KMLM_for_SOXL,native,SPY|QQQ|SMH|KMLM,4,250,1183,2021-11-29,2026-08-17,flip_fraction_leave_one_out,2,SPY,0.03550295857988166
7_vote_structure,alt2_KMLM_for_SOXL,native,SPY|QQQ|SMH|KMLM,4,250,1183,2021-11-29,2026-08-17,flip_count_leave_one_out,2,SPY,42.0
7_vote_structure,alt2_KMLM_for_SOXL,native,SPY|QQQ|SMH|KMLM,4,250,1183,2021-11-29,2026-08-17,flip_fraction_leave_one_out,2,QQQ,0.02282333051563821
7_vote_structure,alt2_KMLM_for_SOXL,native,SPY|QQQ|SMH|KMLM,4,250,1183,2021-11-29,2026-08-17,flip_count_leave_one_out,2,QQQ,27.0
7_vote_structure,alt2_KMLM_for_SOXL,native,SPY|QQQ|SMH|KMLM,4,250,1183,2021-11-29,2026-08-17,flip_fraction_leave_one_out,2,SMH,0.016060862214708368
7_vote_structure,alt2_KMLM_for_SOXL,native,SPY|QQQ|SMH|KMLM,4,250,1183,2021-11-29,2026-08-17,flip_count_leave_one_out,2,SMH,19.0
7_vote_structure,alt2_KMLM_for_SOXL,native,SPY|QQQ|SMH|KMLM,4,250,1183,2021-11-29,2026-08-17,flip_fraction_leave_one_out,2,KMLM,0.013524936601859678
7_vote_structure,alt2_KMLM_for_SOXL,native,SPY|QQQ|SMH|KMLM,4,250,1183,2021-11-29,2026-08-17,flip_count_leave_one_out,2,KMLM,16.0
7_vote_structure,alt2_KMLM_for_SOXL,native,SPY|QQQ|SMH|KMLM,4,250,1183,2021-11-29,2026-08-17,frac_bull,3,,0.7430262045646661
7_vote_structure,alt2_KMLM_for_SOXL,native,SPY|QQQ|SMH|KMLM,4,250,1183,2021-11-29,2026-08-17,flip_fraction_leave_one_out,3,SPY,0.49366018596787825
7_vote_structure,alt2_KMLM_for_SOXL,native,SPY|QQQ|SMH|KMLM,4,250,1183,2021-11-29,2026-08-17,flip_count_leave_one_out,3,SPY,584.0
7_vote_structure,alt2_KMLM_for_SOXL,native,SPY|QQQ|SMH|KMLM,4,250,1183,2021-11-29,2026-08-17,flip_fraction_leave_one_out,3,QQQ,0.47844463229078615
7_vote_structure,alt2_KMLM_for_SOXL,native,SPY|QQQ|SMH|KMLM,4,250,1183,2021-11-29,2026-08-17,flip_count_leave_one_out,3,QQQ,566.0
7_vote_structure,alt2_KMLM_for_SOXL,native,SPY|QQQ|SMH|KMLM,4,250,1183,2021-11-29,2026-08-17,flip_fraction_leave_one_out,3,SMH,0.4945054945054945
7_vote_structure,alt2_KMLM_for_SOXL,native,SPY|QQQ|SMH|KMLM,4,250,1183,2021-11-29,2026-08-17,flip_count_leave_one_out,3,SMH,585.0
7_vote_structure,alt2_KMLM_for_SOXL,native,SPY|QQQ|SMH|KMLM,4,250,1183,2021-11-29,2026-08-17,flip_fraction_leave_one_out,3,KMLM,0.01944209636517329
7_vote_structure,alt2_KMLM_for_SOXL,native,SPY|QQQ|SMH|KMLM,4,250,1183,2021-11-29,2026-08-17,flip_count_leave_one_out,3,KMLM,23.0
7_vote_structure,alt2_KMLM_for_SOXL,native,SPY|QQQ|SMH|KMLM,4,250,1183,2021-11-29,2026-08-17,frac_bull,4,,0.24767540152155537
7_vote_structure,alt2_KMLM_for_SOXL,native,SPY|QQQ|SMH|KMLM,4,250,1183,2021-11-29,2026-08-17,flip_fraction_leave_one_out,4,SPY,0.24767540152155537
7_vote_structure,alt2_KMLM_for_SOXL,native,SPY|QQQ|SMH|KMLM,4,250,1183,2021-11-29,2026-08-17,flip_count_leave_one_out,4,SPY,293.0
7_vote_structure,alt2_KMLM_for_SOXL,native,SPY|QQQ|SMH|KMLM,4,250,1183,2021-11-29,2026-08-17,flip_fraction_leave_one_out,4,QQQ,0.24767540152155537
7_vote_structure,alt2_KMLM_for_SOXL,native,SPY|QQQ|SMH|KMLM,4,250,1183,2021-11-29,2026-08-17,flip_count_leave_one_out,4,QQQ,293.0
7_vote_structure,alt2_KMLM_for_SOXL,native,SPY|QQQ|SMH|KMLM,4,250,1183,2021-11-29,2026-08-17,flip_fraction_leave_one_out,4,SMH,0.24767540152155537
7_vote_structure,alt2_KMLM_for_SOXL,native,SPY|QQQ|SMH|KMLM,4,250,1183,2021-11-29,2026-08-17,flip_count_leave_one_out,4,SMH,293.0
7_vote_structure,alt2_KMLM_for_SOXL,native,SPY|QQQ|SMH|KMLM,4,250,1183,2021-11-29,2026-08-17,flip_fraction_leave_one_out,4,KMLM,0.24767540152155537
7_vote_structure,alt2_KMLM_for_SOXL,native,SPY|QQQ|SMH|KMLM,4,250,1183,2021-11-29,2026-08-17,flip_count_leave_one_out,4,KMLM,293.0
7_vote_structure,alt2_KMLM_for_SOXL,common_with_S3,SPY|QQQ|SMH|KMLM,4,250,1183,2021-11-29,2026-08-17,pairwise_agreement,SPY,QQQ,0.9475908706677938
7_vote_structure,alt2_KMLM_for_SOXL,common_with_S3,SPY|QQQ|SMH|KMLM,4,250,1183,2021-11-29,2026-08-17,pairwise_agreement,SPY,SMH,0.9382924767540152
7_vote_structure,alt2_KMLM_for_SOXL,common_with_S3,SPY|QQQ|SMH|KMLM,4,250,1183,2021-11-29,2026-08-17,pairwise_agreement,SPY,KMLM,0.33474218089602703
7_vote_structure,alt2_KMLM_for_SOXL,common_with_S3,SPY|QQQ|SMH|KMLM,4,250,1183,2021-11-29,2026-08-17,pairwise_agreement,QQQ,SMH,0.9416737109044802
7_vote_structure,alt2_KMLM_for_SOXL,common_with_S3,SPY|QQQ|SMH|KMLM,4,250,1183,2021-11-29,2026-08-17,pairwise_agreement,QQQ,KMLM,0.31952662721893493
7_vote_structure,alt2_KMLM_for_SOXL,common_with_S3,SPY|QQQ|SMH|KMLM,4,250,1183,2021-11-29,2026-08-17,pairwise_agreement,SMH,KMLM,0.3338968723584108
7_vote_structure,alt2_KMLM_for_SOXL,common_with_S3,SPY|QQQ|SMH|KMLM,4,250,1183,2021-11-29,2026-08-17,pairwise_correlation,SPY,QQQ,0.8580714142472596
7_vote_structure,alt2_KMLM_for_SOXL,common_with_S3,SPY|QQQ|SMH|KMLM,4,250,1183,2021-11-29,2026-08-17,pairwise_correlation,SPY,SMH,0.8215802178230592
7_vote_structure,alt2_KMLM_for_SOXL,common_with_S3,SPY|QQQ|SMH|KMLM,4,250,1183,2021-11-29,2026-08-17,pairwise_correlation,SPY,KMLM,-0.3109577598930657
7_vote_structure,alt2_KMLM_for_SOXL,common_with_S3,SPY|QQQ|SMH|KMLM,4,250,1183,2021-11-29,2026-08-17,pairwise_correlation,QQQ,SMH,0.8417164844930906
7_vote_structure,alt2_KMLM_for_SOXL,common_with_S3,SPY|QQQ|SMH|KMLM,4,250,1183,2021-11-29,2026-08-17,pairwise_correlation,QQQ,KMLM,-0.34124323860462
7_vote_structure,alt2_KMLM_for_SOXL,common_with_S3,SPY|QQQ|SMH|KMLM,4,250,1183,2021-11-29,2026-08-17,pairwise_correlation,SMH,KMLM,-0.3105353121730798
7_vote_structure,alt2_KMLM_for_SOXL,common_with_S3,SPY|QQQ|SMH|KMLM,4,250,1183,2021-11-29,2026-08-17,vote_count_fraction,0,,0.03888419273034658
7_vote_structure,alt2_KMLM_for_SOXL,common_with_S3,SPY|QQQ|SMH|KMLM,4,250,1183,2021-11-29,2026-08-17,vote_count_n,0,,46.0
7_vote_structure,alt2_KMLM_for_SOXL,common_with_S3,SPY|QQQ|SMH|KMLM,4,250,1183,2021-11-29,2026-08-17,vote_count_fraction,1,,0.17413355874894337
7_vote_structure,alt2_KMLM_for_SOXL,common_with_S3,SPY|QQQ|SMH|KMLM,4,250,1183,2021-11-29,2026-08-17,vote_count_n,1,,206.0
7_vote_structure,alt2_KMLM_for_SOXL,common_with_S3,SPY|QQQ|SMH|KMLM,4,250,1183,2021-11-29,2026-08-17,vote_count_fraction,2,,0.04395604395604396
7_vote_structure,alt2_KMLM_for_SOXL,common_with_S3,SPY|QQQ|SMH|KMLM,4,250,1183,2021-11-29,2026-08-17,vote_count_n,2,,52.0
7_vote_structure,alt2_KMLM_for_SOXL,common_with_S3,SPY|QQQ|SMH|KMLM,4,250,1183,2021-11-29,2026-08-17,vote_count_fraction,3,,0.49535080304311074
7_vote_structure,alt2_KMLM_for_SOXL,common_with_S3,SPY|QQQ|SMH|KMLM,4,250,1183,2021-11-29,2026-08-17,vote_count_n,3,,586.0
7_vote_structure,alt2_KMLM_for_SOXL,common_with_S3,SPY|QQQ|SMH|KMLM,4,250,1183,2021-11-29,2026-08-17,vote_count_fraction,4,,0.24767540152155537
7_vote_structure,alt2_KMLM_for_SOXL,common_with_S3,SPY|QQQ|SMH|KMLM,4,250,1183,2021-11-29,2026-08-17,vote_count_n,4,,293.0
7_vote_structure,alt2_KMLM_for_SOXL,common_with_S3,SPY|QQQ|SMH|KMLM,4,250,1183,2021-11-29,2026-08-17,effective_independent_votes,,,1.8061377107834944
7_vote_structure,alt2_KMLM_for_SOXL,common_with_S3,SPY|QQQ|SMH|KMLM,4,250,1183,2021-11-29,2026-08-17,mean_vote_count,,,2.738799661876585
7_vote_structure,alt2_KMLM_for_SOXL,common_with_S3,SPY|QQQ|SMH|KMLM,4,250,1183,2021-11-29,2026-08-17,frac_bull,1,,0.9611158072696534
7_vote_structure,alt2_KMLM_for_SOXL,common_with_S3,SPY|QQQ|SMH|KMLM,4,250,1183,2021-11-29,2026-08-17,flip_fraction_leave_one_out,1,SPY,0.009298393913778529
7_vote_structure,alt2_KMLM_for_SOXL,common_with_S3,SPY|QQQ|SMH|KMLM,4,250,1183,2021-11-29,2026-08-17,flip_count_leave_one_out,1,SPY,11.0
7_vote_structure,alt2_KMLM_for_SOXL,common_with_S3,SPY|QQQ|SMH|KMLM,4,250,1183,2021-11-29,2026-08-17,flip_fraction_leave_one_out,1,QQQ,0.0
7_vote_structure,alt2_KMLM_for_SOXL,common_with_S3,SPY|QQQ|SMH|KMLM,4,250,1183,2021-11-29,2026-08-17,flip_count_leave_one_out,1,QQQ,0.0
7_vote_structure,alt2_KMLM_for_SOXL,common_with_S3,SPY|QQQ|SMH|KMLM,4,250,1183,2021-11-29,2026-08-17,flip_fraction_leave_one_out,1,SMH,0.013524936601859678
7_vote_structure,alt2_KMLM_for_SOXL,common_with_S3,SPY|QQQ|SMH|KMLM,4,250,1183,2021-11-29,2026-08-17,flip_count_leave_one_out,1,SMH,16.0
7_vote_structure,alt2_KMLM_for_SOXL,common_with_S3,SPY|QQQ|SMH|KMLM,4,250,1183,2021-11-29,2026-08-17,flip_fraction_leave_one_out,1,KMLM,0.15131022823330514
7_vote_structure,alt2_KMLM_for_SOXL,common_with_S3,SPY|QQQ|SMH|KMLM,4,250,1183,2021-11-29,2026-08-17,flip_count_leave_one_out,1,KMLM,179.0
7_vote_structure,alt2_KMLM_for_SOXL,common_with_S3,SPY|QQQ|SMH|KMLM,4,250,1183,2021-11-29,2026-08-17,frac_bull,2,,0.7869822485207101
7_vote_structure,alt2_KMLM_for_SOXL,common_with_S3,SPY|QQQ|SMH|KMLM,4,250,1183,2021-11-29,2026-08-17,flip_fraction_leave_one_out,2,SPY,0.03550295857988166
7_vote_structure,alt2_KMLM_for_SOXL,common_with_S3,SPY|QQQ|SMH|KMLM,4,250,1183,2021-11-29,2026-08-17,flip_count_leave_one_out,2,SPY,42.0
7_vote_structure,alt2_KMLM_for_SOXL,common_with_S3,SPY|QQQ|SMH|KMLM,4,250,1183,2021-11-29,2026-08-17,flip_fraction_leave_one_out,2,QQQ,0.02282333051563821
7_vote_structure,alt2_KMLM_for_SOXL,common_with_S3,SPY|QQQ|SMH|KMLM,4,250,1183,2021-11-29,2026-08-17,flip_count_leave_one_out,2,QQQ,27.0
7_vote_structure,alt2_KMLM_for_SOXL,common_with_S3,SPY|QQQ|SMH|KMLM,4,250,1183,2021-11-29,2026-08-17,flip_fraction_leave_one_out,2,SMH,0.016060862214708368
7_vote_structure,alt2_KMLM_for_SOXL,common_with_S3,SPY|QQQ|SMH|KMLM,4,250,1183,2021-11-29,2026-08-17,flip_count_leave_one_out,2,SMH,19.0
7_vote_structure,alt2_KMLM_for_SOXL,common_with_S3,SPY|QQQ|SMH|KMLM,4,250,1183,2021-11-29,2026-08-17,flip_fraction_leave_one_out,2,KMLM,0.013524936601859678
7_vote_structure,alt2_KMLM_for_SOXL,common_with_S3,SPY|QQQ|SMH|KMLM,4,250,1183,2021-11-29,2026-08-17,flip_count_leave_one_out,2,KMLM,16.0
7_vote_structure,alt2_KMLM_for_SOXL,common_with_S3,SPY|QQQ|SMH|KMLM,4,250,1183,2021-11-29,2026-08-17,frac_bull,3,,0.7430262045646661
7_vote_structure,alt2_KMLM_for_SOXL,common_with_S3,SPY|QQQ|SMH|KMLM,4,250,1183,2021-11-29,2026-08-17,flip_fraction_leave_one_out,3,SPY,0.49366018596787825
7_vote_structure,alt2_KMLM_for_SOXL,common_with_S3,SPY|QQQ|SMH|KMLM,4,250,1183,2021-11-29,2026-08-17,flip_count_leave_one_out,3,SPY,584.0
7_vote_structure,alt2_KMLM_for_SOXL,common_with_S3,SPY|QQQ|SMH|KMLM,4,250,1183,2021-11-29,2026-08-17,flip_fraction_leave_one_out,3,QQQ,0.47844463229078615
7_vote_structure,alt2_KMLM_for_SOXL,common_with_S3,SPY|QQQ|SMH|KMLM,4,250,1183,2021-11-29,2026-08-17,flip_count_leave_one_out,3,QQQ,566.0
7_vote_structure,alt2_KMLM_for_SOXL,common_with_S3,SPY|QQQ|SMH|KMLM,4,250,1183,2021-11-29,2026-08-17,flip_fraction_leave_one_out,3,SMH,0.4945054945054945
7_vote_structure,alt2_KMLM_for_SOXL,common_with_S3,SPY|QQQ|SMH|KMLM,4,250,1183,2021-11-29,2026-08-17,flip_count_leave_one_out,3,SMH,585.0
7_vote_structure,alt2_KMLM_for_SOXL,common_with_S3,SPY|QQQ|SMH|KMLM,4,250,1183,2021-11-29,2026-08-17,flip_fraction_leave_one_out,3,KMLM,0.01944209636517329
7_vote_structure,alt2_KMLM_for_SOXL,common_with_S3,SPY|QQQ|SMH|KMLM,4,250,1183,2021-11-29,2026-08-17,flip_count_leave_one_out,3,KMLM,23.0
7_vote_structure,alt2_KMLM_for_SOXL,common_with_S3,SPY|QQQ|SMH|KMLM,4,250,1183,2021-11-29,2026-08-17,frac_bull,4,,0.24767540152155537
7_vote_structure,alt2_KMLM_for_SOXL,common_with_S3,SPY|QQQ|SMH|KMLM,4,250,1183,2021-11-29,2026-08-17,flip_fraction_leave_one_out,4,SPY,0.24767540152155537
7_vote_structure,alt2_KMLM_for_SOXL,common_with_S3,SPY|QQQ|SMH|KMLM,4,250,1183,2021-11-29,2026-08-17,flip_count_leave_one_out,4,SPY,293.0
7_vote_structure,alt2_KMLM_for_SOXL,common_with_S3,SPY|QQQ|SMH|KMLM,4,250,1183,2021-11-29,2026-08-17,flip_fraction_leave_one_out,4,QQQ,0.24767540152155537
7_vote_structure,alt2_KMLM_for_SOXL,common_with_S3,SPY|QQQ|SMH|KMLM,4,250,1183,2021-11-29,2026-08-17,flip_count_leave_one_out,4,QQQ,293.0
7_vote_structure,alt2_KMLM_for_SOXL,common_with_S3,SPY|QQQ|SMH|KMLM,4,250,1183,2021-11-29,2026-08-17,flip_fraction_leave_one_out,4,SMH,0.24767540152155537
7_vote_structure,alt2_KMLM_for_SOXL,common_with_S3,SPY|QQQ|SMH|KMLM,4,250,1183,2021-11-29,2026-08-17,flip_count_leave_one_out,4,SMH,293.0
7_vote_structure,alt2_KMLM_for_SOXL,common_with_S3,SPY|QQQ|SMH|KMLM,4,250,1183,2021-11-29,2026-08-17,flip_fraction_leave_one_out,4,KMLM,0.24767540152155537
7_vote_structure,alt2_KMLM_for_SOXL,common_with_S3,SPY|QQQ|SMH|KMLM,4,250,1183,2021-11-29,2026-08-17,flip_count_leave_one_out,4,KMLM,293.0
7_vote_structure,alt2_KMLM_for_SOXL,common_all_sets,SPY|QQQ|SMH|KMLM,4,250,1183,2021-11-29,2026-08-17,pairwise_agreement,SPY,QQQ,0.9475908706677938
7_vote_structure,alt2_KMLM_for_SOXL,common_all_sets,SPY|QQQ|SMH|KMLM,4,250,1183,2021-11-29,2026-08-17,pairwise_agreement,SPY,SMH,0.9382924767540152
7_vote_structure,alt2_KMLM_for_SOXL,common_all_sets,SPY|QQQ|SMH|KMLM,4,250,1183,2021-11-29,2026-08-17,pairwise_agreement,SPY,KMLM,0.33474218089602703
7_vote_structure,alt2_KMLM_for_SOXL,common_all_sets,SPY|QQQ|SMH|KMLM,4,250,1183,2021-11-29,2026-08-17,pairwise_agreement,QQQ,SMH,0.9416737109044802
7_vote_structure,alt2_KMLM_for_SOXL,common_all_sets,SPY|QQQ|SMH|KMLM,4,250,1183,2021-11-29,2026-08-17,pairwise_agreement,QQQ,KMLM,0.31952662721893493
7_vote_structure,alt2_KMLM_for_SOXL,common_all_sets,SPY|QQQ|SMH|KMLM,4,250,1183,2021-11-29,2026-08-17,pairwise_agreement,SMH,KMLM,0.3338968723584108
7_vote_structure,alt2_KMLM_for_SOXL,common_all_sets,SPY|QQQ|SMH|KMLM,4,250,1183,2021-11-29,2026-08-17,pairwise_correlation,SPY,QQQ,0.8580714142472596
7_vote_structure,alt2_KMLM_for_SOXL,common_all_sets,SPY|QQQ|SMH|KMLM,4,250,1183,2021-11-29,2026-08-17,pairwise_correlation,SPY,SMH,0.8215802178230592
7_vote_structure,alt2_KMLM_for_SOXL,common_all_sets,SPY|QQQ|SMH|KMLM,4,250,1183,2021-11-29,2026-08-17,pairwise_correlation,SPY,KMLM,-0.3109577598930657
7_vote_structure,alt2_KMLM_for_SOXL,common_all_sets,SPY|QQQ|SMH|KMLM,4,250,1183,2021-11-29,2026-08-17,pairwise_correlation,QQQ,SMH,0.8417164844930906
7_vote_structure,alt2_KMLM_for_SOXL,common_all_sets,SPY|QQQ|SMH|KMLM,4,250,1183,2021-11-29,2026-08-17,pairwise_correlation,QQQ,KMLM,-0.34124323860462
7_vote_structure,alt2_KMLM_for_SOXL,common_all_sets,SPY|QQQ|SMH|KMLM,4,250,1183,2021-11-29,2026-08-17,pairwise_correlation,SMH,KMLM,-0.3105353121730798
7_vote_structure,alt2_KMLM_for_SOXL,common_all_sets,SPY|QQQ|SMH|KMLM,4,250,1183,2021-11-29,2026-08-17,vote_count_fraction,0,,0.03888419273034658
7_vote_structure,alt2_KMLM_for_SOXL,common_all_sets,SPY|QQQ|SMH|KMLM,4,250,1183,2021-11-29,2026-08-17,vote_count_n,0,,46.0
7_vote_structure,alt2_KMLM_for_SOXL,common_all_sets,SPY|QQQ|SMH|KMLM,4,250,1183,2021-11-29,2026-08-17,vote_count_fraction,1,,0.17413355874894337
7_vote_structure,alt2_KMLM_for_SOXL,common_all_sets,SPY|QQQ|SMH|KMLM,4,250,1183,2021-11-29,2026-08-17,vote_count_n,1,,206.0
7_vote_structure,alt2_KMLM_for_SOXL,common_all_sets,SPY|QQQ|SMH|KMLM,4,250,1183,2021-11-29,2026-08-17,vote_count_fraction,2,,0.04395604395604396
7_vote_structure,alt2_KMLM_for_SOXL,common_all_sets,SPY|QQQ|SMH|KMLM,4,250,1183,2021-11-29,2026-08-17,vote_count_n,2,,52.0
7_vote_structure,alt2_KMLM_for_SOXL,common_all_sets,SPY|QQQ|SMH|KMLM,4,250,1183,2021-11-29,2026-08-17,vote_count_fraction,3,,0.49535080304311074
7_vote_structure,alt2_KMLM_for_SOXL,common_all_sets,SPY|QQQ|SMH|KMLM,4,250,1183,2021-11-29,2026-08-17,vote_count_n,3,,586.0
7_vote_structure,alt2_KMLM_for_SOXL,common_all_sets,SPY|QQQ|SMH|KMLM,4,250,1183,2021-11-29,2026-08-17,vote_count_fraction,4,,0.24767540152155537
7_vote_structure,alt2_KMLM_for_SOXL,common_all_sets,SPY|QQQ|SMH|KMLM,4,250,1183,2021-11-29,2026-08-17,vote_count_n,4,,293.0
7_vote_structure,alt2_KMLM_for_SOXL,common_all_sets,SPY|QQQ|SMH|KMLM,4,250,1183,2021-11-29,2026-08-17,effective_independent_votes,,,1.8061377107834944
7_vote_structure,alt2_KMLM_for_SOXL,common_all_sets,SPY|QQQ|SMH|KMLM,4,250,1183,2021-11-29,2026-08-17,mean_vote_count,,,2.738799661876585
7_vote_structure,alt2_KMLM_for_SOXL,common_all_sets,SPY|QQQ|SMH|KMLM,4,250,1183,2021-11-29,2026-08-17,frac_bull,1,,0.9611158072696534
7_vote_structure,alt2_KMLM_for_SOXL,common_all_sets,SPY|QQQ|SMH|KMLM,4,250,1183,2021-11-29,2026-08-17,flip_fraction_leave_one_out,1,SPY,0.009298393913778529
7_vote_structure,alt2_KMLM_for_SOXL,common_all_sets,SPY|QQQ|SMH|KMLM,4,250,1183,2021-11-29,2026-08-17,flip_count_leave_one_out,1,SPY,11.0
7_vote_structure,alt2_KMLM_for_SOXL,common_all_sets,SPY|QQQ|SMH|KMLM,4,250,1183,2021-11-29,2026-08-17,flip_fraction_leave_one_out,1,QQQ,0.0
7_vote_structure,alt2_KMLM_for_SOXL,common_all_sets,SPY|QQQ|SMH|KMLM,4,250,1183,2021-11-29,2026-08-17,flip_count_leave_one_out,1,QQQ,0.0
7_vote_structure,alt2_KMLM_for_SOXL,common_all_sets,SPY|QQQ|SMH|KMLM,4,250,1183,2021-11-29,2026-08-17,flip_fraction_leave_one_out,1,SMH,0.013524936601859678
7_vote_structure,alt2_KMLM_for_SOXL,common_all_sets,SPY|QQQ|SMH|KMLM,4,250,1183,2021-11-29,2026-08-17,flip_count_leave_one_out,1,SMH,16.0
7_vote_structure,alt2_KMLM_for_SOXL,common_all_sets,SPY|QQQ|SMH|KMLM,4,250,1183,2021-11-29,2026-08-17,flip_fraction_leave_one_out,1,KMLM,0.15131022823330514
7_vote_structure,alt2_KMLM_for_SOXL,common_all_sets,SPY|QQQ|SMH|KMLM,4,250,1183,2021-11-29,2026-08-17,flip_count_leave_one_out,1,KMLM,179.0
7_vote_structure,alt2_KMLM_for_SOXL,common_all_sets,SPY|QQQ|SMH|KMLM,4,250,1183,2021-11-29,2026-08-17,frac_bull,2,,0.7869822485207101
7_vote_structure,alt2_KMLM_for_SOXL,common_all_sets,SPY|QQQ|SMH|KMLM,4,250,1183,2021-11-29,2026-08-17,flip_fraction_leave_one_out,2,SPY,0.03550295857988166
7_vote_structure,alt2_KMLM_for_SOXL,common_all_sets,SPY|QQQ|SMH|KMLM,4,250,1183,2021-11-29,2026-08-17,flip_count_leave_one_out,2,SPY,42.0
7_vote_structure,alt2_KMLM_for_SOXL,common_all_sets,SPY|QQQ|SMH|KMLM,4,250,1183,2021-11-29,2026-08-17,flip_fraction_leave_one_out,2,QQQ,0.02282333051563821
7_vote_structure,alt2_KMLM_for_SOXL,common_all_sets,SPY|QQQ|SMH|KMLM,4,250,1183,2021-11-29,2026-08-17,flip_count_leave_one_out,2,QQQ,27.0
7_vote_structure,alt2_KMLM_for_SOXL,common_all_sets,SPY|QQQ|SMH|KMLM,4,250,1183,2021-11-29,2026-08-17,flip_fraction_leave_one_out,2,SMH,0.016060862214708368
7_vote_structure,alt2_KMLM_for_SOXL,common_all_sets,SPY|QQQ|SMH|KMLM,4,250,1183,2021-11-29,2026-08-17,flip_count_leave_one_out,2,SMH,19.0
7_vote_structure,alt2_KMLM_for_SOXL,common_all_sets,SPY|QQQ|SMH|KMLM,4,250,1183,2021-11-29,2026-08-17,flip_fraction_leave_one_out,2,KMLM,0.013524936601859678
7_vote_structure,alt2_KMLM_for_SOXL,common_all_sets,SPY|QQQ|SMH|KMLM,4,250,1183,2021-11-29,2026-08-17,flip_count_leave_one_out,2,KMLM,16.0
7_vote_structure,alt2_KMLM_for_SOXL,common_all_sets,SPY|QQQ|SMH|KMLM,4,250,1183,2021-11-29,2026-08-17,frac_bull,3,,0.7430262045646661
7_vote_structure,alt2_KMLM_for_SOXL,common_all_sets,SPY|QQQ|SMH|KMLM,4,250,1183,2021-11-29,2026-08-17,flip_fraction_leave_one_out,3,SPY,0.49366018596787825
7_vote_structure,alt2_KMLM_for_SOXL,common_all_sets,SPY|QQQ|SMH|KMLM,4,250,1183,2021-11-29,2026-08-17,flip_count_leave_one_out,3,SPY,584.0
7_vote_structure,alt2_KMLM_for_SOXL,common_all_sets,SPY|QQQ|SMH|KMLM,4,250,1183,2021-11-29,2026-08-17,flip_fraction_leave_one_out,3,QQQ,0.47844463229078615
7_vote_structure,alt2_KMLM_for_SOXL,common_all_sets,SPY|QQQ|SMH|KMLM,4,250,1183,2021-11-29,2026-08-17,flip_count_leave_one_out,3,QQQ,566.0
7_vote_structure,alt2_KMLM_for_SOXL,common_all_sets,SPY|QQQ|SMH|KMLM,4,250,1183,2021-11-29,2026-08-17,flip_fraction_leave_one_out,3,SMH,0.4945054945054945
7_vote_structure,alt2_KMLM_for_SOXL,common_all_sets,SPY|QQQ|SMH|KMLM,4,250,1183,2021-11-29,2026-08-17,flip_count_leave_one_out,3,SMH,585.0
7_vote_structure,alt2_KMLM_for_SOXL,common_all_sets,SPY|QQQ|SMH|KMLM,4,250,1183,2021-11-29,2026-08-17,flip_fraction_leave_one_out,3,KMLM,0.01944209636517329
7_vote_structure,alt2_KMLM_for_SOXL,common_all_sets,SPY|QQQ|SMH|KMLM,4,250,1183,2021-11-29,2026-08-17,flip_count_leave_one_out,3,KMLM,23.0
7_vote_structure,alt2_KMLM_for_SOXL,common_all_sets,SPY|QQQ|SMH|KMLM,4,250,1183,2021-11-29,2026-08-17,frac_bull,4,,0.24767540152155537
7_vote_structure,alt2_KMLM_for_SOXL,common_all_sets,SPY|QQQ|SMH|KMLM,4,250,1183,2021-11-29,2026-08-17,flip_fraction_leave_one_out,4,SPY,0.24767540152155537
7_vote_structure,alt2_KMLM_for_SOXL,common_all_sets,SPY|QQQ|SMH|KMLM,4,250,1183,2021-11-29,2026-08-17,flip_count_leave_one_out,4,SPY,293.0
7_vote_structure,alt2_KMLM_for_SOXL,common_all_sets,SPY|QQQ|SMH|KMLM,4,250,1183,2021-11-29,2026-08-17,flip_fraction_leave_one_out,4,QQQ,0.24767540152155537
7_vote_structure,alt2_KMLM_for_SOXL,common_all_sets,SPY|QQQ|SMH|KMLM,4,250,1183,2021-11-29,2026-08-17,flip_count_leave_one_out,4,QQQ,293.0
7_vote_structure,alt2_KMLM_for_SOXL,common_all_sets,SPY|QQQ|SMH|KMLM,4,250,1183,2021-11-29,2026-08-17,flip_fraction_leave_one_out,4,SMH,0.24767540152155537
7_vote_structure,alt2_KMLM_for_SOXL,common_all_sets,SPY|QQQ|SMH|KMLM,4,250,1183,2021-11-29,2026-08-17,flip_count_leave_one_out,4,SMH,293.0
7_vote_structure,alt2_KMLM_for_SOXL,common_all_sets,SPY|QQQ|SMH|KMLM,4,250,1183,2021-11-29,2026-08-17,flip_fraction_leave_one_out,4,KMLM,0.24767540152155537
7_vote_structure,alt2_KMLM_for_SOXL,common_all_sets,SPY|QQQ|SMH|KMLM,4,250,1183,2021-11-29,2026-08-17,flip_count_leave_one_out,4,KMLM,293.0
7_vote_structure,alt3_drop_SOXL,native,SPY|QQQ|SMH,3,50,6540,2000-08-14,2026-08-17,pairwise_agreement,SPY,QQQ,0.8871559633027523
7_vote_structure,alt3_drop_SOXL,native,SPY|QQQ|SMH,3,50,6540,2000-08-14,2026-08-17,pairwise_agreement,SPY,SMH,0.8252293577981651
7_vote_structure,alt3_drop_SOXL,native,SPY|QQQ|SMH,3,50,6540,2000-08-14,2026-08-17,pairwise_agreement,QQQ,SMH,0.850611620795107
7_vote_structure,alt3_drop_SOXL,native,SPY|QQQ|SMH,3,50,6540,2000-08-14,2026-08-17,pairwise_correlation,SPY,QQQ,0.7489360469215857
7_vote_structure,alt3_drop_SOXL,native,SPY|QQQ|SMH,3,50,6540,2000-08-14,2026-08-17,pairwise_correlation,SPY,SMH,0.6250343430717143
7_vote_structure,alt3_drop_SOXL,native,SPY|QQQ|SMH,3,50,6540,2000-08-14,2026-08-17,pairwise_correlation,QQQ,SMH,0.6808176126995311
7_vote_structure,alt3_drop_SOXL,native,SPY|QQQ|SMH,3,50,6540,2000-08-14,2026-08-17,vote_count_fraction,0,,0.25107033639143733
7_vote_structure,alt3_drop_SOXL,native,SPY|QQQ|SMH,3,50,6540,2000-08-14,2026-08-17,vote_count_n,0,,1642.0
7_vote_structure,alt3_drop_SOXL,native,SPY|QQQ|SMH,3,50,6540,2000-08-14,2026-08-17,vote_count_fraction,1,,0.08960244648318043
7_vote_structure,alt3_drop_SOXL,native,SPY|QQQ|SMH,3,50,6540,2000-08-14,2026-08-17,vote_count_n,1,,586.0
7_vote_structure,alt3_drop_SOXL,native,SPY|QQQ|SMH,3,50,6540,2000-08-14,2026-08-17,vote_count_fraction,2,,0.12889908256880733
7_vote_structure,alt3_drop_SOXL,native,SPY|QQQ|SMH,3,50,6540,2000-08-14,2026-08-17,vote_count_n,2,,843.0
7_vote_structure,alt3_drop_SOXL,native,SPY|QQQ|SMH,3,50,6540,2000-08-14,2026-08-17,vote_count_fraction,3,,0.5304281345565749
7_vote_structure,alt3_drop_SOXL,native,SPY|QQQ|SMH,3,50,6540,2000-08-14,2026-08-17,vote_count_n,3,,3469.0
7_vote_structure,alt3_drop_SOXL,native,SPY|QQQ|SMH,3,50,6540,2000-08-14,2026-08-17,effective_independent_votes,,,1.5436938668370188
7_vote_structure,alt3_drop_SOXL,native,SPY|QQQ|SMH,3,50,6540,2000-08-14,2026-08-17,mean_vote_count,,,1.93868501529052
7_vote_structure,alt3_drop_SOXL,native,SPY|QQQ|SMH,3,50,6540,2000-08-14,2026-08-17,frac_bull,1,,0.7489296636085627
7_vote_structure,alt3_drop_SOXL,native,SPY|QQQ|SMH,3,50,6540,2000-08-14,2026-08-17,flip_fraction_leave_one_out,1,SPY,0.04097859327217125
7_vote_structure,alt3_drop_SOXL,native,SPY|QQQ|SMH,3,50,6540,2000-08-14,2026-08-17,flip_count_leave_one_out,1,SPY,268.0
7_vote_structure,alt3_drop_SOXL,native,SPY|QQQ|SMH,3,50,6540,2000-08-14,2026-08-17,flip_fraction_leave_one_out,1,QQQ,0.017737003058103974
7_vote_structure,alt3_drop_SOXL,native,SPY|QQQ|SMH,3,50,6540,2000-08-14,2026-08-17,flip_count_leave_one_out,1,QQQ,116.0
7_vote_structure,alt3_drop_SOXL,native,SPY|QQQ|SMH,3,50,6540,2000-08-14,2026-08-17,flip_fraction_leave_one_out,1,SMH,0.0308868501529052
7_vote_structure,alt3_drop_SOXL,native,SPY|QQQ|SMH,3,50,6540,2000-08-14,2026-08-17,flip_count_leave_one_out,1,SMH,202.0
7_vote_structure,alt3_drop_SOXL,native,SPY|QQQ|SMH,3,50,6540,2000-08-14,2026-08-17,frac_bull,2,,0.6593272171253822
7_vote_structure,alt3_drop_SOXL,native,SPY|QQQ|SMH,3,50,6540,2000-08-14,2026-08-17,flip_fraction_leave_one_out,2,SPY,0.10076452599388379
7_vote_structure,alt3_drop_SOXL,native,SPY|QQQ|SMH,3,50,6540,2000-08-14,2026-08-17,flip_count_leave_one_out,2,SPY,659.0
7_vote_structure,alt3_drop_SOXL,native,SPY|QQQ|SMH,3,50,6540,2000-08-14,2026-08-17,flip_fraction_leave_one_out,2,QQQ,0.10290519877675841
7_vote_structure,alt3_drop_SOXL,native,SPY|QQQ|SMH,3,50,6540,2000-08-14,2026-08-17,flip_count_leave_one_out,2,QQQ,673.0
7_vote_structure,alt3_drop_SOXL,native,SPY|QQQ|SMH,3,50,6540,2000-08-14,2026-08-17,flip_fraction_leave_one_out,2,SMH,0.05412844036697248
7_vote_structure,alt3_drop_SOXL,native,SPY|QQQ|SMH,3,50,6540,2000-08-14,2026-08-17,flip_count_leave_one_out,2,SMH,354.0
7_vote_structure,alt3_drop_SOXL,native,SPY|QQQ|SMH,3,50,6540,2000-08-14,2026-08-17,frac_bull,3,,0.5304281345565749
7_vote_structure,alt3_drop_SOXL,native,SPY|QQQ|SMH,3,50,6540,2000-08-14,2026-08-17,flip_fraction_leave_one_out,3,SPY,0.5304281345565749
7_vote_structure,alt3_drop_SOXL,native,SPY|QQQ|SMH,3,50,6540,2000-08-14,2026-08-17,flip_count_leave_one_out,3,SPY,3469.0
7_vote_structure,alt3_drop_SOXL,native,SPY|QQQ|SMH,3,50,6540,2000-08-14,2026-08-17,flip_fraction_leave_one_out,3,QQQ,0.5304281345565749
7_vote_structure,alt3_drop_SOXL,native,SPY|QQQ|SMH,3,50,6540,2000-08-14,2026-08-17,flip_count_leave_one_out,3,QQQ,3469.0
7_vote_structure,alt3_drop_SOXL,native,SPY|QQQ|SMH,3,50,6540,2000-08-14,2026-08-17,flip_fraction_leave_one_out,3,SMH,0.5304281345565749
7_vote_structure,alt3_drop_SOXL,native,SPY|QQQ|SMH,3,50,6540,2000-08-14,2026-08-17,flip_count_leave_one_out,3,SMH,3469.0
7_vote_structure,alt3_drop_SOXL,common_with_S3,SPY|QQQ|SMH,3,50,4085,2010-05-20,2026-08-17,pairwise_agreement,SPY,QQQ,0.8962056303549572
7_vote_structure,alt3_drop_SOXL,common_with_S3,SPY|QQQ|SMH,3,50,4085,2010-05-20,2026-08-17,pairwise_agreement,SPY,SMH,0.8335373317013464
7_vote_structure,alt3_drop_SOXL,common_with_S3,SPY|QQQ|SMH,3,50,4085,2010-05-20,2026-08-17,pairwise_agreement,QQQ,SMH,0.8550795593635251
7_vote_structure,alt3_drop_SOXL,common_with_S3,SPY|QQQ|SMH,3,50,4085,2010-05-20,2026-08-17,pairwise_correlation,SPY,QQQ,0.7406160947177778
7_vote_structure,alt3_drop_SOXL,common_with_S3,SPY|QQQ|SMH,3,50,4085,2010-05-20,2026-08-17,pairwise_correlation,SPY,SMH,0.6042517384392043
7_vote_structure,alt3_drop_SOXL,common_with_S3,SPY|QQQ|SMH,3,50,4085,2010-05-20,2026-08-17,pairwise_correlation,QQQ,SMH,0.658013792927455
7_vote_structure,alt3_drop_SOXL,common_with_S3,SPY|QQQ|SMH,3,50,4085,2010-05-20,2026-08-17,vote_count_fraction,0,,0.19290085679314564
7_vote_structure,alt3_drop_SOXL,common_with_S3,SPY|QQQ|SMH,3,50,4085,2010-05-20,2026-08-17,vote_count_n,0,,788.0
7_vote_structure,alt3_drop_SOXL,common_with_S3,SPY|QQQ|SMH,3,50,4085,2010-05-20,2026-08-17,vote_count_fraction,1,,0.08372093023255814
7_vote_structure,alt3_drop_SOXL,common_with_S3,SPY|QQQ|SMH,3,50,4085,2010-05-20,2026-08-17,vote_count_n,1,,342.0
7_vote_structure,alt3_drop_SOXL,common_with_S3,SPY|QQQ|SMH,3,50,4085,2010-05-20,2026-08-17,vote_count_fraction,2,,0.12386780905752753
7_vote_structure,alt3_drop_SOXL,common_with_S3,SPY|QQQ|SMH,3,50,4085,2010-05-20,2026-08-17,vote_count_n,2,,506.0
7_vote_structure,alt3_drop_SOXL,common_with_S3,SPY|QQQ|SMH,3,50,4085,2010-05-20,2026-08-17,vote_count_fraction,3,,0.5995104039167687
7_vote_structure,alt3_drop_SOXL,common_with_S3,SPY|QQQ|SMH,3,50,4085,2010-05-20,2026-08-17,vote_count_n,3,,2449.0
7_vote_structure,alt3_drop_SOXL,common_with_S3,SPY|QQQ|SMH,3,50,4085,2010-05-20,2026-08-17,effective_independent_votes,,,1.5808252141388661
7_vote_structure,alt3_drop_SOXL,common_with_S3,SPY|QQQ|SMH,3,50,4085,2010-05-20,2026-08-17,mean_vote_count,,,2.129987760097919
7_vote_structure,alt3_drop_SOXL,common_with_S3,SPY|QQQ|SMH,3,50,4085,2010-05-20,2026-08-17,frac_bull,1,,0.8070991432068544
7_vote_structure,alt3_drop_SOXL,common_with_S3,SPY|QQQ|SMH,3,50,4085,2010-05-20,2026-08-17,flip_fraction_leave_one_out,1,SPY,0.03476132190942473
7_vote_structure,alt3_drop_SOXL,common_with_S3,SPY|QQQ|SMH,3,50,4085,2010-05-20,2026-08-17,flip_count_leave_one_out,1,SPY,142.0
7_vote_structure,alt3_drop_SOXL,common_with_S3,SPY|QQQ|SMH,3,50,4085,2010-05-20,2026-08-17,flip_fraction_leave_one_out,1,QQQ,0.017870257037943697
7_vote_structure,alt3_drop_SOXL,common_with_S3,SPY|QQQ|SMH,3,50,4085,2010-05-20,2026-08-17,flip_count_leave_one_out,1,QQQ,73.0
7_vote_structure,alt3_drop_SOXL,common_with_S3,SPY|QQQ|SMH,3,50,4085,2010-05-20,2026-08-17,flip_fraction_leave_one_out,1,SMH,0.031089351285189717
7_vote_structure,alt3_drop_SOXL,common_with_S3,SPY|QQQ|SMH,3,50,4085,2010-05-20,2026-08-17,flip_count_leave_one_out,1,SMH,127.0
7_vote_structure,alt3_drop_SOXL,common_with_S3,SPY|QQQ|SMH,3,50,4085,2010-05-20,2026-08-17,frac_bull,2,,0.7233782129742962
7_vote_structure,alt3_drop_SOXL,common_with_S3,SPY|QQQ|SMH,3,50,4085,2010-05-20,2026-08-17,flip_fraction_leave_one_out,2,SPY,0.09596083231334149
7_vote_structure,alt3_drop_SOXL,common_with_S3,SPY|QQQ|SMH,3,50,4085,2010-05-20,2026-08-17,flip_count_leave_one_out,2,SPY,392.0
7_vote_structure,alt3_drop_SOXL,common_with_S3,SPY|QQQ|SMH,3,50,4085,2010-05-20,2026-08-17,flip_fraction_leave_one_out,2,QQQ,0.10061199510403916
7_vote_structure,alt3_drop_SOXL,common_with_S3,SPY|QQQ|SMH,3,50,4085,2010-05-20,2026-08-17,flip_count_leave_one_out,2,QQQ,411.0
7_vote_structure,alt3_drop_SOXL,common_with_S3,SPY|QQQ|SMH,3,50,4085,2010-05-20,2026-08-17,flip_fraction_leave_one_out,2,SMH,0.05116279069767442
7_vote_structure,alt3_drop_SOXL,common_with_S3,SPY|QQQ|SMH,3,50,4085,2010-05-20,2026-08-17,flip_count_leave_one_out,2,SMH,209.0
7_vote_structure,alt3_drop_SOXL,common_with_S3,SPY|QQQ|SMH,3,50,4085,2010-05-20,2026-08-17,frac_bull,3,,0.5995104039167687
7_vote_structure,alt3_drop_SOXL,common_with_S3,SPY|QQQ|SMH,3,50,4085,2010-05-20,2026-08-17,flip_fraction_leave_one_out,3,SPY,0.5995104039167687
7_vote_structure,alt3_drop_SOXL,common_with_S3,SPY|QQQ|SMH,3,50,4085,2010-05-20,2026-08-17,flip_count_leave_one_out,3,SPY,2449.0
7_vote_structure,alt3_drop_SOXL,common_with_S3,SPY|QQQ|SMH,3,50,4085,2010-05-20,2026-08-17,flip_fraction_leave_one_out,3,QQQ,0.5995104039167687
7_vote_structure,alt3_drop_SOXL,common_with_S3,SPY|QQQ|SMH,3,50,4085,2010-05-20,2026-08-17,flip_count_leave_one_out,3,QQQ,2449.0
7_vote_structure,alt3_drop_SOXL,common_with_S3,SPY|QQQ|SMH,3,50,4085,2010-05-20,2026-08-17,flip_fraction_leave_one_out,3,SMH,0.5995104039167687
7_vote_structure,alt3_drop_SOXL,common_with_S3,SPY|QQQ|SMH,3,50,4085,2010-05-20,2026-08-17,flip_count_leave_one_out,3,SMH,2449.0
7_vote_structure,alt3_drop_SOXL,common_all_sets,SPY|QQQ|SMH,3,50,1383,2021-02-12,2026-08-17,pairwise_agreement,SPY,QQQ,0.9045553145336226
7_vote_structure,alt3_drop_SOXL,common_all_sets,SPY|QQQ|SMH,3,50,1383,2021-02-12,2026-08-17,pairwise_agreement,SPY,SMH,0.836587129428778
7_vote_structure,alt3_drop_SOXL,common_all_sets,SPY|QQQ|SMH,3,50,1383,2021-02-12,2026-08-17,pairwise_agreement,QQQ,SMH,0.871294287780188
7_vote_structure,alt3_drop_SOXL,common_all_sets,SPY|QQQ|SMH,3,50,1383,2021-02-12,2026-08-17,pairwise_correlation,SPY,QQQ,0.7780216545475895
7_vote_structure,alt3_drop_SOXL,common_all_sets,SPY|QQQ|SMH,3,50,1383,2021-02-12,2026-08-17,pairwise_correlation,SPY,SMH,0.6304360383994576
7_vote_structure,alt3_drop_SOXL,common_all_sets,SPY|QQQ|SMH,3,50,1383,2021-02-12,2026-08-17,pairwise_correlation,QQQ,SMH,0.7126233070075988
7_vote_structure,alt3_drop_SOXL,common_all_sets,SPY|QQQ|SMH,3,50,1383,2021-02-12,2026-08-17,vote_count_fraction,0,,0.22631959508315258
7_vote_structure,alt3_drop_SOXL,common_all_sets,SPY|QQQ|SMH,3,50,1383,2021-02-12,2026-08-17,vote_count_n,0,,313.0
7_vote_structure,alt3_drop_SOXL,common_all_sets,SPY|QQQ|SMH,3,50,1383,2021-02-12,2026-08-17,vote_count_fraction,1,,0.07953723788864786
7_vote_structure,alt3_drop_SOXL,common_all_sets,SPY|QQQ|SMH,3,50,1383,2021-02-12,2026-08-17,vote_count_n,1,,110.0
7_vote_structure,alt3_drop_SOXL,common_all_sets,SPY|QQQ|SMH,3,50,1383,2021-02-12,2026-08-17,vote_count_fraction,2,,0.11424439624005785
7_vote_structure,alt3_drop_SOXL,common_all_sets,SPY|QQQ|SMH,3,50,1383,2021-02-12,2026-08-17,vote_count_n,2,,158.0
7_vote_structure,alt3_drop_SOXL,common_all_sets,SPY|QQQ|SMH,3,50,1383,2021-02-12,2026-08-17,vote_count_fraction,3,,0.5798987707881417
7_vote_structure,alt3_drop_SOXL,common_all_sets,SPY|QQQ|SMH,3,50,1383,2021-02-12,2026-08-17,vote_count_n,3,,802.0
7_vote_structure,alt3_drop_SOXL,common_all_sets,SPY|QQQ|SMH,3,50,1383,2021-02-12,2026-08-17,effective_independent_votes,,,1.4947190225963678
7_vote_structure,alt3_drop_SOXL,common_all_sets,SPY|QQQ|SMH,3,50,1383,2021-02-12,2026-08-17,mean_vote_count,,,2.0477223427331888
7_vote_structure,alt3_drop_SOXL,common_all_sets,SPY|QQQ|SMH,3,50,1383,2021-02-12,2026-08-17,frac_bull,1,,0.7736804049168474
7_vote_structure,alt3_drop_SOXL,common_all_sets,SPY|QQQ|SMH,3,50,1383,2021-02-12,2026-08-17,flip_fraction_leave_one_out,1,SPY,0.04483007953723789
7_vote_structure,alt3_drop_SOXL,common_all_sets,SPY|QQQ|SMH,3,50,1383,2021-02-12,2026-08-17,flip_count_leave_one_out,1,SPY,62.0
7_vote_structure,alt3_drop_SOXL,common_all_sets,SPY|QQQ|SMH,3,50,1383,2021-02-12,2026-08-17,flip_fraction_leave_one_out,1,QQQ,0.006507592190889371
7_vote_structure,alt3_drop_SOXL,common_all_sets,SPY|QQQ|SMH,3,50,1383,2021-02-12,2026-08-17,flip_count_leave_one_out,1,QQQ,9.0
7_vote_structure,alt3_drop_SOXL,common_all_sets,SPY|QQQ|SMH,3,50,1383,2021-02-12,2026-08-17,flip_fraction_leave_one_out,1,SMH,0.028199566160520606
7_vote_structure,alt3_drop_SOXL,common_all_sets,SPY|QQQ|SMH,3,50,1383,2021-02-12,2026-08-17,flip_count_leave_one_out,1,SMH,39.0
7_vote_structure,alt3_drop_SOXL,common_all_sets,SPY|QQQ|SMH,3,50,1383,2021-02-12,2026-08-17,frac_bull,2,,0.6941431670281996
7_vote_structure,alt3_drop_SOXL,common_all_sets,SPY|QQQ|SMH,3,50,1383,2021-02-12,2026-08-17,flip_fraction_leave_one_out,2,SPY,0.09399855386840203
7_vote_structure,alt3_drop_SOXL,common_all_sets,SPY|QQQ|SMH,3,50,1383,2021-02-12,2026-08-17,flip_count_leave_one_out,2,SPY,130.0
7_vote_structure,alt3_drop_SOXL,common_all_sets,SPY|QQQ|SMH,3,50,1383,2021-02-12,2026-08-17,flip_fraction_leave_one_out,2,QQQ,0.09038322487346348
7_vote_structure,alt3_drop_SOXL,common_all_sets,SPY|QQQ|SMH,3,50,1383,2021-02-12,2026-08-17,flip_count_leave_one_out,2,QQQ,125.0
7_vote_structure,alt3_drop_SOXL,common_all_sets,SPY|QQQ|SMH,3,50,1383,2021-02-12,2026-08-17,flip_fraction_leave_one_out,2,SMH,0.044107013738250184
7_vote_structure,alt3_drop_SOXL,common_all_sets,SPY|QQQ|SMH,3,50,1383,2021-02-12,2026-08-17,flip_count_leave_one_out,2,SMH,61.0
7_vote_structure,alt3_drop_SOXL,common_all_sets,SPY|QQQ|SMH,3,50,1383,2021-02-12,2026-08-17,frac_bull,3,,0.5798987707881417
7_vote_structure,alt3_drop_SOXL,common_all_sets,SPY|QQQ|SMH,3,50,1383,2021-02-12,2026-08-17,flip_fraction_leave_one_out,3,SPY,0.5798987707881417
7_vote_structure,alt3_drop_SOXL,common_all_sets,SPY|QQQ|SMH,3,50,1383,2021-02-12,2026-08-17,flip_count_leave_one_out,3,SPY,802.0
7_vote_structure,alt3_drop_SOXL,common_all_sets,SPY|QQQ|SMH,3,50,1383,2021-02-12,2026-08-17,flip_fraction_leave_one_out,3,QQQ,0.5798987707881417
7_vote_structure,alt3_drop_SOXL,common_all_sets,SPY|QQQ|SMH,3,50,1383,2021-02-12,2026-08-17,flip_count_leave_one_out,3,QQQ,802.0
7_vote_structure,alt3_drop_SOXL,common_all_sets,SPY|QQQ|SMH,3,50,1383,2021-02-12,2026-08-17,flip_fraction_leave_one_out,3,SMH,0.5798987707881417
7_vote_structure,alt3_drop_SOXL,common_all_sets,SPY|QQQ|SMH,3,50,1383,2021-02-12,2026-08-17,flip_count_leave_one_out,3,SMH,802.0
7_vote_structure,alt3_drop_SOXL,native,SPY|QQQ|SMH,3,100,6490,2000-10-24,2026-08-17,pairwise_agreement,SPY,QQQ,0.900924499229584
7_vote_structure,alt3_drop_SOXL,native,SPY|QQQ|SMH,3,100,6490,2000-10-24,2026-08-17,pairwise_agreement,SPY,SMH,0.8761171032357473
7_vote_structure,alt3_drop_SOXL,native,SPY|QQQ|SMH,3,100,6490,2000-10-24,2026-08-17,pairwise_agreement,QQQ,SMH,0.861171032357473
7_vote_structure,alt3_drop_SOXL,native,SPY|QQQ|SMH,3,100,6490,2000-10-24,2026-08-17,pairwise_correlation,SPY,QQQ,0.7611356933409403
7_vote_structure,alt3_drop_SOXL,native,SPY|QQQ|SMH,3,100,6490,2000-10-24,2026-08-17,pairwise_correlation,SPY,SMH,0.7168985778611978
7_vote_structure,alt3_drop_SOXL,native,SPY|QQQ|SMH,3,100,6490,2000-10-24,2026-08-17,pairwise_correlation,QQQ,SMH,0.6828535969241336
7_vote_structure,alt3_drop_SOXL,native,SPY|QQQ|SMH,3,100,6490,2000-10-24,2026-08-17,vote_count_fraction,0,,0.22480739599383667
7_vote_structure,alt3_drop_SOXL,native,SPY|QQQ|SMH,3,100,6490,2000-10-24,2026-08-17,vote_count_n,0,,1459.0
7_vote_structure,alt3_drop_SOXL,native,SPY|QQQ|SMH,3,100,6490,2000-10-24,2026-08-17,vote_count_fraction,1,,0.06687211093990755
7_vote_structure,alt3_drop_SOXL,native,SPY|QQQ|SMH,3,100,6490,2000-10-24,2026-08-17,vote_count_n,1,,434.0
7_vote_structure,alt3_drop_SOXL,native,SPY|QQQ|SMH,3,100,6490,2000-10-24,2026-08-17,vote_count_fraction,2,,0.1140215716486903
7_vote_structure,alt3_drop_SOXL,native,SPY|QQQ|SMH,3,100,6490,2000-10-24,2026-08-17,vote_count_n,2,,740.0
7_vote_structure,alt3_drop_SOXL,native,SPY|QQQ|SMH,3,100,6490,2000-10-24,2026-08-17,vote_count_fraction,3,,0.5942989214175655
7_vote_structure,alt3_drop_SOXL,native,SPY|QQQ|SMH,3,100,6490,2000-10-24,2026-08-17,vote_count_n,3,,3857.0
7_vote_structure,alt3_drop_SOXL,native,SPY|QQQ|SMH,3,100,6490,2000-10-24,2026-08-17,effective_independent_votes,,,1.4707996509923407
7_vote_structure,alt3_drop_SOXL,native,SPY|QQQ|SMH,3,100,6490,2000-10-24,2026-08-17,mean_vote_count,,,2.0778120184899844
7_vote_structure,alt3_drop_SOXL,native,SPY|QQQ|SMH,3,100,6490,2000-10-24,2026-08-17,frac_bull,1,,0.7751926040061633
7_vote_structure,alt3_drop_SOXL,native,SPY|QQQ|SMH,3,100,6490,2000-10-24,2026-08-17,flip_fraction_leave_one_out,1,SPY,0.02342064714946071
7_vote_structure,alt3_drop_SOXL,native,SPY|QQQ|SMH,3,100,6490,2000-10-24,2026-08-17,flip_count_leave_one_out,1,SPY,152.0
7_vote_structure,alt3_drop_SOXL,native,SPY|QQQ|SMH,3,100,6490,2000-10-24,2026-08-17,flip_fraction_leave_one_out,1,QQQ,0.024961479198767334
7_vote_structure,alt3_drop_SOXL,native,SPY|QQQ|SMH,3,100,6490,2000-10-24,2026-08-17,flip_count_leave_one_out,1,QQQ,162.0
7_vote_structure,alt3_drop_SOXL,native,SPY|QQQ|SMH,3,100,6490,2000-10-24,2026-08-17,flip_fraction_leave_one_out,1,SMH,0.01848998459167951
7_vote_structure,alt3_drop_SOXL,native,SPY|QQQ|SMH,3,100,6490,2000-10-24,2026-08-17,flip_count_leave_one_out,1,SMH,120.0
7_vote_structure,alt3_drop_SOXL,native,SPY|QQQ|SMH,3,100,6490,2000-10-24,2026-08-17,frac_bull,2,,0.7083204930662558
7_vote_structure,alt3_drop_SOXL,native,SPY|QQQ|SMH,3,100,6490,2000-10-24,2026-08-17,flip_fraction_leave_one_out,2,SPY,0.09537750385208012
7_vote_structure,alt3_drop_SOXL,native,SPY|QQQ|SMH,3,100,6490,2000-10-24,2026-08-17,flip_count_leave_one_out,2,SPY,619.0
7_vote_structure,alt3_drop_SOXL,native,SPY|QQQ|SMH,3,100,6490,2000-10-24,2026-08-17,flip_fraction_leave_one_out,2,QQQ,0.08197226502311249
7_vote_structure,alt3_drop_SOXL,native,SPY|QQQ|SMH,3,100,6490,2000-10-24,2026-08-17,flip_count_leave_one_out,2,QQQ,532.0
7_vote_structure,alt3_drop_SOXL,native,SPY|QQQ|SMH,3,100,6490,2000-10-24,2026-08-17,flip_fraction_leave_one_out,2,SMH,0.05069337442218798
7_vote_structure,alt3_drop_SOXL,native,SPY|QQQ|SMH,3,100,6490,2000-10-24,2026-08-17,flip_count_leave_one_out,2,SMH,329.0
7_vote_structure,alt3_drop_SOXL,native,SPY|QQQ|SMH,3,100,6490,2000-10-24,2026-08-17,frac_bull,3,,0.5942989214175655
7_vote_structure,alt3_drop_SOXL,native,SPY|QQQ|SMH,3,100,6490,2000-10-24,2026-08-17,flip_fraction_leave_one_out,3,SPY,0.5942989214175655
7_vote_structure,alt3_drop_SOXL,native,SPY|QQQ|SMH,3,100,6490,2000-10-24,2026-08-17,flip_count_leave_one_out,3,SPY,3857.0
7_vote_structure,alt3_drop_SOXL,native,SPY|QQQ|SMH,3,100,6490,2000-10-24,2026-08-17,flip_fraction_leave_one_out,3,QQQ,0.5942989214175655
7_vote_structure,alt3_drop_SOXL,native,SPY|QQQ|SMH,3,100,6490,2000-10-24,2026-08-17,flip_count_leave_one_out,3,QQQ,3857.0
7_vote_structure,alt3_drop_SOXL,native,SPY|QQQ|SMH,3,100,6490,2000-10-24,2026-08-17,flip_fraction_leave_one_out,3,SMH,0.5942989214175655
7_vote_structure,alt3_drop_SOXL,native,SPY|QQQ|SMH,3,100,6490,2000-10-24,2026-08-17,flip_count_leave_one_out,3,SMH,3857.0
7_vote_structure,alt3_drop_SOXL,common_with_S3,SPY|QQQ|SMH,3,100,4035,2010-08-02,2026-08-17,pairwise_agreement,SPY,QQQ,0.9201982651796778
7_vote_structure,alt3_drop_SOXL,common_with_S3,SPY|QQQ|SMH,3,100,4035,2010-08-02,2026-08-17,pairwise_agreement,SPY,SMH,0.9033457249070632
7_vote_structure,alt3_drop_SOXL,common_with_S3,SPY|QQQ|SMH,3,100,4035,2010-08-02,2026-08-17,pairwise_agreement,QQQ,SMH,0.8765799256505576
7_vote_structure,alt3_drop_SOXL,common_with_S3,SPY|QQQ|SMH,3,100,4035,2010-08-02,2026-08-17,pairwise_correlation,SPY,QQQ,0.7574847329928711
7_vote_structure,alt3_drop_SOXL,common_with_S3,SPY|QQQ|SMH,3,100,4035,2010-08-02,2026-08-17,pairwise_correlation,SPY,SMH,0.7254344992947371
7_vote_structure,alt3_drop_SOXL,common_with_S3,SPY|QQQ|SMH,3,100,4035,2010-08-02,2026-08-17,pairwise_correlation,QQQ,SMH,0.6523501387124191
7_vote_structure,alt3_drop_SOXL,common_with_S3,SPY|QQQ|SMH,3,100,4035,2010-08-02,2026-08-17,vote_count_fraction,0,,0.1526641883519207
7_vote_structure,alt3_drop_SOXL,common_with_S3,SPY|QQQ|SMH,3,100,4035,2010-08-02,2026-08-17,vote_count_n,0,,616.0
7_vote_structure,alt3_drop_SOXL,common_with_S3,SPY|QQQ|SMH,3,100,4035,2010-08-02,2026-08-17,vote_count_fraction,1,,0.047335811648079304
7_vote_structure,alt3_drop_SOXL,common_with_S3,SPY|QQQ|SMH,3,100,4035,2010-08-02,2026-08-17,vote_count_n,1,,191.0
7_vote_structure,alt3_drop_SOXL,common_with_S3,SPY|QQQ|SMH,3,100,4035,2010-08-02,2026-08-17,vote_count_fraction,2,,0.10260223048327137
7_vote_structure,alt3_drop_SOXL,common_with_S3,SPY|QQQ|SMH,3,100,4035,2010-08-02,2026-08-17,vote_count_n,2,,414.0
7_vote_structure,alt3_drop_SOXL,common_with_S3,SPY|QQQ|SMH,3,100,4035,2010-08-02,2026-08-17,vote_count_fraction,3,,0.6973977695167286
7_vote_structure,alt3_drop_SOXL,common_with_S3,SPY|QQQ|SMH,3,100,4035,2010-08-02,2026-08-17,vote_count_n,3,,2814.0
7_vote_structure,alt3_drop_SOXL,common_with_S3,SPY|QQQ|SMH,3,100,4035,2010-08-02,2026-08-17,effective_independent_votes,,,1.4873087758904926
7_vote_structure,alt3_drop_SOXL,common_with_S3,SPY|QQQ|SMH,3,100,4035,2010-08-02,2026-08-17,mean_vote_count,,,2.344733581164808
7_vote_structure,alt3_drop_SOXL,common_with_S3,SPY|QQQ|SMH,3,100,4035,2010-08-02,2026-08-17,frac_bull,1,,0.8473358116480793
7_vote_structure,alt3_drop_SOXL,common_with_S3,SPY|QQQ|SMH,3,100,4035,2010-08-02,2026-08-17,flip_fraction_leave_one_out,1,SPY,0.01412639405204461
7_vote_structure,alt3_drop_SOXL,common_with_S3,SPY|QQQ|SMH,3,100,4035,2010-08-02,2026-08-17,flip_count_leave_one_out,1,SPY,57.0
7_vote_structure,alt3_drop_SOXL,common_with_S3,SPY|QQQ|SMH,3,100,4035,2010-08-02,2026-08-17,flip_fraction_leave_one_out,1,QQQ,0.019330855018587362
7_vote_structure,alt3_drop_SOXL,common_with_S3,SPY|QQQ|SMH,3,100,4035,2010-08-02,2026-08-17,flip_count_leave_one_out,1,QQQ,78.0
7_vote_structure,alt3_drop_SOXL,common_with_S3,SPY|QQQ|SMH,3,100,4035,2010-08-02,2026-08-17,flip_fraction_leave_one_out,1,SMH,0.013878562577447335
7_vote_structure,alt3_drop_SOXL,common_with_S3,SPY|QQQ|SMH,3,100,4035,2010-08-02,2026-08-17,flip_count_leave_one_out,1,SMH,56.0
7_vote_structure,alt3_drop_SOXL,common_with_S3,SPY|QQQ|SMH,3,100,4035,2010-08-02,2026-08-17,frac_bull,2,,0.8
7_vote_structure,alt3_drop_SOXL,common_with_S3,SPY|QQQ|SMH,3,100,4035,2010-08-02,2026-08-17,flip_fraction_leave_one_out,2,SPY,0.09021065675340768
7_vote_structure,alt3_drop_SOXL,common_with_S3,SPY|QQQ|SMH,3,100,4035,2010-08-02,2026-08-17,flip_count_leave_one_out,2,SPY,364.0
7_vote_structure,alt3_drop_SOXL,common_with_S3,SPY|QQQ|SMH,3,100,4035,2010-08-02,2026-08-17,flip_fraction_leave_one_out,2,QQQ,0.06864931846344485
7_vote_structure,alt3_drop_SOXL,common_with_S3,SPY|QQQ|SMH,3,100,4035,2010-08-02,2026-08-17,flip_count_leave_one_out,2,QQQ,277.0
7_vote_structure,alt3_drop_SOXL,common_with_S3,SPY|QQQ|SMH,3,100,4035,2010-08-02,2026-08-17,flip_fraction_leave_one_out,2,SMH,0.04634448574969021
7_vote_structure,alt3_drop_SOXL,common_with_S3,SPY|QQQ|SMH,3,100,4035,2010-08-02,2026-08-17,flip_count_leave_one_out,2,SMH,187.0
7_vote_structure,alt3_drop_SOXL,common_with_S3,SPY|QQQ|SMH,3,100,4035,2010-08-02,2026-08-17,frac_bull,3,,0.6973977695167286
7_vote_structure,alt3_drop_SOXL,common_with_S3,SPY|QQQ|SMH,3,100,4035,2010-08-02,2026-08-17,flip_fraction_leave_one_out,3,SPY,0.6973977695167286
7_vote_structure,alt3_drop_SOXL,common_with_S3,SPY|QQQ|SMH,3,100,4035,2010-08-02,2026-08-17,flip_count_leave_one_out,3,SPY,2814.0
7_vote_structure,alt3_drop_SOXL,common_with_S3,SPY|QQQ|SMH,3,100,4035,2010-08-02,2026-08-17,flip_fraction_leave_one_out,3,QQQ,0.6973977695167286
7_vote_structure,alt3_drop_SOXL,common_with_S3,SPY|QQQ|SMH,3,100,4035,2010-08-02,2026-08-17,flip_count_leave_one_out,3,QQQ,2814.0
7_vote_structure,alt3_drop_SOXL,common_with_S3,SPY|QQQ|SMH,3,100,4035,2010-08-02,2026-08-17,flip_fraction_leave_one_out,3,SMH,0.6973977695167286
7_vote_structure,alt3_drop_SOXL,common_with_S3,SPY|QQQ|SMH,3,100,4035,2010-08-02,2026-08-17,flip_count_leave_one_out,3,SMH,2814.0
7_vote_structure,alt3_drop_SOXL,common_all_sets,SPY|QQQ|SMH,3,100,1333,2021-04-27,2026-08-17,pairwise_agreement,SPY,QQQ,0.9242310577644411
7_vote_structure,alt3_drop_SOXL,common_all_sets,SPY|QQQ|SMH,3,100,1333,2021-04-27,2026-08-17,pairwise_agreement,SPY,SMH,0.8979744936234059
7_vote_structure,alt3_drop_SOXL,common_all_sets,SPY|QQQ|SMH,3,100,1333,2021-04-27,2026-08-17,pairwise_agreement,QQQ,SMH,0.8792198049512379
7_vote_structure,alt3_drop_SOXL,common_all_sets,SPY|QQQ|SMH,3,100,1333,2021-04-27,2026-08-17,pairwise_correlation,SPY,QQQ,0.806770827501546
7_vote_structure,alt3_drop_SOXL,common_all_sets,SPY|QQQ|SMH,3,100,1333,2021-04-27,2026-08-17,pairwise_correlation,SPY,SMH,0.7326955664217729
7_vote_structure,alt3_drop_SOXL,common_all_sets,SPY|QQQ|SMH,3,100,1333,2021-04-27,2026-08-17,pairwise_correlation,QQQ,SMH,0.6962074722800657
7_vote_structure,alt3_drop_SOXL,common_all_sets,SPY|QQQ|SMH,3,100,1333,2021-04-27,2026-08-17,vote_count_fraction,0,,0.19579894973743436
7_vote_structure,alt3_drop_SOXL,common_all_sets,SPY|QQQ|SMH,3,100,1333,2021-04-27,2026-08-17,vote_count_n,0,,261.0
7_vote_structure,alt3_drop_SOXL,common_all_sets,SPY|QQQ|SMH,3,100,1333,2021-04-27,2026-08-17,vote_count_fraction,1,,0.04351087771942986
7_vote_structure,alt3_drop_SOXL,common_all_sets,SPY|QQQ|SMH,3,100,1333,2021-04-27,2026-08-17,vote_count_n,1,,58.0
7_vote_structure,alt3_drop_SOXL,common_all_sets,SPY|QQQ|SMH,3,100,1333,2021-04-27,2026-08-17,vote_count_fraction,2,,0.10577644411102775
7_vote_structure,alt3_drop_SOXL,common_all_sets,SPY|QQQ|SMH,3,100,1333,2021-04-27,2026-08-17,vote_count_n,2,,141.0
7_vote_structure,alt3_drop_SOXL,common_all_sets,SPY|QQQ|SMH,3,100,1333,2021-04-27,2026-08-17,vote_count_fraction,3,,0.654913728432108
7_vote_structure,alt3_drop_SOXL,common_all_sets,SPY|QQQ|SMH,3,100,1333,2021-04-27,2026-08-17,vote_count_n,3,,873.0
7_vote_structure,alt3_drop_SOXL,common_all_sets,SPY|QQQ|SMH,3,100,1333,2021-04-27,2026-08-17,effective_independent_votes,,,1.4184724426195836
7_vote_structure,alt3_drop_SOXL,common_all_sets,SPY|QQQ|SMH,3,100,1333,2021-04-27,2026-08-17,mean_vote_count,,,2.2198049512378093
7_vote_structure,alt3_drop_SOXL,common_all_sets,SPY|QQQ|SMH,3,100,1333,2021-04-27,2026-08-17,frac_bull,1,,0.8042010502625656
7_vote_structure,alt3_drop_SOXL,common_all_sets,SPY|QQQ|SMH,3,100,1333,2021-04-27,2026-08-17,flip_fraction_leave_one_out,1,SPY,0.0172543135783946
7_vote_structure,alt3_drop_SOXL,common_all_sets,SPY|QQQ|SMH,3,100,1333,2021-04-27,2026-08-17,flip_count_leave_one_out,1,SPY,23.0
7_vote_structure,alt3_drop_SOXL,common_all_sets,SPY|QQQ|SMH,3,100,1333,2021-04-27,2026-08-17,flip_fraction_leave_one_out,1,QQQ,0.00450112528132033
7_vote_structure,alt3_drop_SOXL,common_all_sets,SPY|QQQ|SMH,3,100,1333,2021-04-27,2026-08-17,flip_count_leave_one_out,1,QQQ,6.0
7_vote_structure,alt3_drop_SOXL,common_all_sets,SPY|QQQ|SMH,3,100,1333,2021-04-27,2026-08-17,flip_fraction_leave_one_out,1,SMH,0.02175543885971493
7_vote_structure,alt3_drop_SOXL,common_all_sets,SPY|QQQ|SMH,3,100,1333,2021-04-27,2026-08-17,flip_count_leave_one_out,1,SMH,29.0
7_vote_structure,alt3_drop_SOXL,common_all_sets,SPY|QQQ|SMH,3,100,1333,2021-04-27,2026-08-17,frac_bull,2,,0.7606901725431358
7_vote_structure,alt3_drop_SOXL,common_all_sets,SPY|QQQ|SMH,3,100,1333,2021-04-27,2026-08-17,flip_fraction_leave_one_out,2,SPY,0.09452363090772693
7_vote_structure,alt3_drop_SOXL,common_all_sets,SPY|QQQ|SMH,3,100,1333,2021-04-27,2026-08-17,flip_count_leave_one_out,2,SPY,126.0
7_vote_structure,alt3_drop_SOXL,common_all_sets,SPY|QQQ|SMH,3,100,1333,2021-04-27,2026-08-17,flip_fraction_leave_one_out,2,QQQ,0.06301575393848462
7_vote_structure,alt3_drop_SOXL,common_all_sets,SPY|QQQ|SMH,3,100,1333,2021-04-27,2026-08-17,flip_count_leave_one_out,2,QQQ,84.0
7_vote_structure,alt3_drop_SOXL,common_all_sets,SPY|QQQ|SMH,3,100,1333,2021-04-27,2026-08-17,flip_fraction_leave_one_out,2,SMH,0.05401350337584396
7_vote_structure,alt3_drop_SOXL,common_all_sets,SPY|QQQ|SMH,3,100,1333,2021-04-27,2026-08-17,flip_count_leave_one_out,2,SMH,72.0
7_vote_structure,alt3_drop_SOXL,common_all_sets,SPY|QQQ|SMH,3,100,1333,2021-04-27,2026-08-17,frac_bull,3,,0.654913728432108
7_vote_structure,alt3_drop_SOXL,common_all_sets,SPY|QQQ|SMH,3,100,1333,2021-04-27,2026-08-17,flip_fraction_leave_one_out,3,SPY,0.654913728432108
7_vote_structure,alt3_drop_SOXL,common_all_sets,SPY|QQQ|SMH,3,100,1333,2021-04-27,2026-08-17,flip_count_leave_one_out,3,SPY,873.0
7_vote_structure,alt3_drop_SOXL,common_all_sets,SPY|QQQ|SMH,3,100,1333,2021-04-27,2026-08-17,flip_fraction_leave_one_out,3,QQQ,0.654913728432108
7_vote_structure,alt3_drop_SOXL,common_all_sets,SPY|QQQ|SMH,3,100,1333,2021-04-27,2026-08-17,flip_count_leave_one_out,3,QQQ,873.0
7_vote_structure,alt3_drop_SOXL,common_all_sets,SPY|QQQ|SMH,3,100,1333,2021-04-27,2026-08-17,flip_fraction_leave_one_out,3,SMH,0.654913728432108
7_vote_structure,alt3_drop_SOXL,common_all_sets,SPY|QQQ|SMH,3,100,1333,2021-04-27,2026-08-17,flip_count_leave_one_out,3,SMH,873.0
7_vote_structure,alt3_drop_SOXL,native,SPY|QQQ|SMH,3,150,6440,2001-01-05,2026-08-17,pairwise_agreement,SPY,QQQ,0.903416149068323
7_vote_structure,alt3_drop_SOXL,native,SPY|QQQ|SMH,3,150,6440,2001-01-05,2026-08-17,pairwise_agreement,SPY,SMH,0.8625776397515528
7_vote_structure,alt3_drop_SOXL,native,SPY|QQQ|SMH,3,150,6440,2001-01-05,2026-08-17,pairwise_agreement,QQQ,SMH,0.8644409937888199
7_vote_structure,alt3_drop_SOXL,native,SPY|QQQ|SMH,3,150,6440,2001-01-05,2026-08-17,pairwise_correlation,SPY,QQQ,0.7488561812544903
7_vote_structure,alt3_drop_SOXL,native,SPY|QQQ|SMH,3,150,6440,2001-01-05,2026-08-17,pairwise_correlation,SPY,SMH,0.6769383681311685
7_vote_structure,alt3_drop_SOXL,native,SPY|QQQ|SMH,3,150,6440,2001-01-05,2026-08-17,pairwise_correlation,QQQ,SMH,0.6813671326537094
7_vote_structure,alt3_drop_SOXL,native,SPY|QQQ|SMH,3,150,6440,2001-01-05,2026-08-17,vote_count_fraction,0,,0.19736024844720496
7_vote_structure,alt3_drop_SOXL,native,SPY|QQQ|SMH,3,150,6440,2001-01-05,2026-08-17,vote_count_n,0,,1271.0
7_vote_structure,alt3_drop_SOXL,native,SPY|QQQ|SMH,3,150,6440,2001-01-05,2026-08-17,vote_count_fraction,1,,0.06490683229813665
7_vote_structure,alt3_drop_SOXL,native,SPY|QQQ|SMH,3,150,6440,2001-01-05,2026-08-17,vote_count_n,1,,418.0
7_vote_structure,alt3_drop_SOXL,native,SPY|QQQ|SMH,3,150,6440,2001-01-05,2026-08-17,vote_count_fraction,2,,0.11987577639751552
7_vote_structure,alt3_drop_SOXL,native,SPY|QQQ|SMH,3,150,6440,2001-01-05,2026-08-17,vote_count_n,2,,772.0
7_vote_structure,alt3_drop_SOXL,native,SPY|QQQ|SMH,3,150,6440,2001-01-05,2026-08-17,vote_count_fraction,3,,0.6178571428571429
7_vote_structure,alt3_drop_SOXL,native,SPY|QQQ|SMH,3,150,6440,2001-01-05,2026-08-17,vote_count_n,3,,3979.0
7_vote_structure,alt3_drop_SOXL,native,SPY|QQQ|SMH,3,150,6440,2001-01-05,2026-08-17,effective_independent_votes,,,1.5084006331190911
7_vote_structure,alt3_drop_SOXL,native,SPY|QQQ|SMH,3,150,6440,2001-01-05,2026-08-17,mean_vote_count,,,2.158229813664596
7_vote_structure,alt3_drop_SOXL,native,SPY|QQQ|SMH,3,150,6440,2001-01-05,2026-08-17,frac_bull,1,,0.802639751552795
7_vote_structure,alt3_drop_SOXL,native,SPY|QQQ|SMH,3,150,6440,2001-01-05,2026-08-17,flip_fraction_leave_one_out,1,SPY,0.02360248447204969
7_vote_structure,alt3_drop_SOXL,native,SPY|QQQ|SMH,3,150,6440,2001-01-05,2026-08-17,flip_count_leave_one_out,1,SPY,152.0
7_vote_structure,alt3_drop_SOXL,native,SPY|QQQ|SMH,3,150,6440,2001-01-05,2026-08-17,flip_fraction_leave_one_out,1,QQQ,0.027639751552795033
7_vote_structure,alt3_drop_SOXL,native,SPY|QQQ|SMH,3,150,6440,2001-01-05,2026-08-17,flip_count_leave_one_out,1,QQQ,178.0
7_vote_structure,alt3_drop_SOXL,native,SPY|QQQ|SMH,3,150,6440,2001-01-05,2026-08-17,flip_fraction_leave_one_out,1,SMH,0.013664596273291925
7_vote_structure,alt3_drop_SOXL,native,SPY|QQQ|SMH,3,150,6440,2001-01-05,2026-08-17,flip_count_leave_one_out,1,SMH,88.0
7_vote_structure,alt3_drop_SOXL,native,SPY|QQQ|SMH,3,150,6440,2001-01-05,2026-08-17,frac_bull,2,,0.7377329192546583
7_vote_structure,alt3_drop_SOXL,native,SPY|QQQ|SMH,3,150,6440,2001-01-05,2026-08-17,flip_fraction_leave_one_out,2,SPY,0.09425465838509317
7_vote_structure,alt3_drop_SOXL,native,SPY|QQQ|SMH,3,150,6440,2001-01-05,2026-08-17,flip_count_leave_one_out,2,SPY,607.0
7_vote_structure,alt3_drop_SOXL,native,SPY|QQQ|SMH,3,150,6440,2001-01-05,2026-08-17,flip_fraction_leave_one_out,2,QQQ,0.10015527950310558
7_vote_structure,alt3_drop_SOXL,native,SPY|QQQ|SMH,3,150,6440,2001-01-05,2026-08-17,flip_count_leave_one_out,2,QQQ,645.0
7_vote_structure,alt3_drop_SOXL,native,SPY|QQQ|SMH,3,150,6440,2001-01-05,2026-08-17,flip_fraction_leave_one_out,2,SMH,0.0453416149068323
7_vote_structure,alt3_drop_SOXL,native,SPY|QQQ|SMH,3,150,6440,2001-01-05,2026-08-17,flip_count_leave_one_out,2,SMH,292.0
7_vote_structure,alt3_drop_SOXL,native,SPY|QQQ|SMH,3,150,6440,2001-01-05,2026-08-17,frac_bull,3,,0.6178571428571429
7_vote_structure,alt3_drop_SOXL,native,SPY|QQQ|SMH,3,150,6440,2001-01-05,2026-08-17,flip_fraction_leave_one_out,3,SPY,0.6178571428571429
7_vote_structure,alt3_drop_SOXL,native,SPY|QQQ|SMH,3,150,6440,2001-01-05,2026-08-17,flip_count_leave_one_out,3,SPY,3979.0
7_vote_structure,alt3_drop_SOXL,native,SPY|QQQ|SMH,3,150,6440,2001-01-05,2026-08-17,flip_fraction_leave_one_out,3,QQQ,0.6178571428571429
7_vote_structure,alt3_drop_SOXL,native,SPY|QQQ|SMH,3,150,6440,2001-01-05,2026-08-17,flip_count_leave_one_out,3,QQQ,3979.0
7_vote_structure,alt3_drop_SOXL,native,SPY|QQQ|SMH,3,150,6440,2001-01-05,2026-08-17,flip_fraction_leave_one_out,3,SMH,0.6178571428571429
7_vote_structure,alt3_drop_SOXL,native,SPY|QQQ|SMH,3,150,6440,2001-01-05,2026-08-17,flip_count_leave_one_out,3,SMH,3979.0
7_vote_structure,alt3_drop_SOXL,common_with_S3,SPY|QQQ|SMH,3,150,3985,2010-10-12,2026-08-17,pairwise_agreement,SPY,QQQ,0.9377666248431619
7_vote_structure,alt3_drop_SOXL,common_with_S3,SPY|QQQ|SMH,3,150,3985,2010-10-12,2026-08-17,pairwise_agreement,SPY,SMH,0.9008782936010038
7_vote_structure,alt3_drop_SOXL,common_with_S3,SPY|QQQ|SMH,3,150,3985,2010-10-12,2026-08-17,pairwise_agreement,QQQ,SMH,0.8938519447929737
7_vote_structure,alt3_drop_SOXL,common_with_S3,SPY|QQQ|SMH,3,150,3985,2010-10-12,2026-08-17,pairwise_correlation,SPY,QQQ,0.7702236293174634
7_vote_structure,alt3_drop_SOXL,common_with_S3,SPY|QQQ|SMH,3,150,3985,2010-10-12,2026-08-17,pairwise_correlation,SPY,SMH,0.6873218248482024
7_vote_structure,alt3_drop_SOXL,common_with_S3,SPY|QQQ|SMH,3,150,3985,2010-10-12,2026-08-17,pairwise_correlation,QQQ,SMH,0.6651410063778607
7_vote_structure,alt3_drop_SOXL,common_with_S3,SPY|QQQ|SMH,3,150,3985,2010-10-12,2026-08-17,vote_count_fraction,0,,0.12170639899623588
7_vote_structure,alt3_drop_SOXL,common_with_S3,SPY|QQQ|SMH,3,150,3985,2010-10-12,2026-08-17,vote_count_n,0,,485.0
7_vote_structure,alt3_drop_SOXL,common_with_S3,SPY|QQQ|SMH,3,150,3985,2010-10-12,2026-08-17,vote_count_fraction,1,,0.03889585947302384
7_vote_structure,alt3_drop_SOXL,common_with_S3,SPY|QQQ|SMH,3,150,3985,2010-10-12,2026-08-17,vote_count_n,1,,155.0
7_vote_structure,alt3_drop_SOXL,common_with_S3,SPY|QQQ|SMH,3,150,3985,2010-10-12,2026-08-17,vote_count_fraction,2,,0.09485570890840653
7_vote_structure,alt3_drop_SOXL,common_with_S3,SPY|QQQ|SMH,3,150,3985,2010-10-12,2026-08-17,vote_count_n,2,,378.0
7_vote_structure,alt3_drop_SOXL,common_with_S3,SPY|QQQ|SMH,3,150,3985,2010-10-12,2026-08-17,vote_count_fraction,3,,0.7445420326223338
7_vote_structure,alt3_drop_SOXL,common_with_S3,SPY|QQQ|SMH,3,150,3985,2010-10-12,2026-08-17,vote_count_n,3,,2967.0
7_vote_structure,alt3_drop_SOXL,common_with_S3,SPY|QQQ|SMH,3,150,3985,2010-10-12,2026-08-17,effective_independent_votes,,,1.4959766762270674
7_vote_structure,alt3_drop_SOXL,common_with_S3,SPY|QQQ|SMH,3,150,3985,2010-10-12,2026-08-17,mean_vote_count,,,2.462233375156838
7_vote_structure,alt3_drop_SOXL,common_with_S3,SPY|QQQ|SMH,3,150,3985,2010-10-12,2026-08-17,frac_bull,1,,0.8782936010037641
7_vote_structure,alt3_drop_SOXL,common_with_S3,SPY|QQQ|SMH,3,150,3985,2010-10-12,2026-08-17,flip_fraction_leave_one_out,1,SPY,0.014805520702634882
7_vote_structure,alt3_drop_SOXL,common_with_S3,SPY|QQQ|SMH,3,150,3985,2010-10-12,2026-08-17,flip_count_leave_one_out,1,SPY,59.0
7_vote_structure,alt3_drop_SOXL,common_with_S3,SPY|QQQ|SMH,3,150,3985,2010-10-12,2026-08-17,flip_fraction_leave_one_out,1,QQQ,0.015558343789209535
7_vote_structure,alt3_drop_SOXL,common_with_S3,SPY|QQQ|SMH,3,150,3985,2010-10-12,2026-08-17,flip_count_leave_one_out,1,QQQ,62.0
7_vote_structure,alt3_drop_SOXL,common_with_S3,SPY|QQQ|SMH,3,150,3985,2010-10-12,2026-08-17,flip_fraction_leave_one_out,1,SMH,0.008531994981179424
7_vote_structure,alt3_drop_SOXL,common_with_S3,SPY|QQQ|SMH,3,150,3985,2010-10-12,2026-08-17,flip_count_leave_one_out,1,SMH,34.0
7_vote_structure,alt3_drop_SOXL,common_with_S3,SPY|QQQ|SMH,3,150,3985,2010-10-12,2026-08-17,frac_bull,2,,0.8393977415307403
7_vote_structure,alt3_drop_SOXL,common_with_S3,SPY|QQQ|SMH,3,150,3985,2010-10-12,2026-08-17,flip_fraction_leave_one_out,2,SPY,0.0820577164366374
7_vote_structure,alt3_drop_SOXL,common_with_S3,SPY|QQQ|SMH,3,150,3985,2010-10-12,2026-08-17,flip_count_leave_one_out,2,SPY,327.0
7_vote_structure,alt3_drop_SOXL,common_with_S3,SPY|QQQ|SMH,3,150,3985,2010-10-12,2026-08-17,flip_fraction_leave_one_out,2,QQQ,0.07578419071518193
7_vote_structure,alt3_drop_SOXL,common_with_S3,SPY|QQQ|SMH,3,150,3985,2010-10-12,2026-08-17,flip_count_leave_one_out,2,QQQ,302.0
7_vote_structure,alt3_drop_SOXL,common_with_S3,SPY|QQQ|SMH,3,150,3985,2010-10-12,2026-08-17,flip_fraction_leave_one_out,2,SMH,0.031869510664993723
7_vote_structure,alt3_drop_SOXL,common_with_S3,SPY|QQQ|SMH,3,150,3985,2010-10-12,2026-08-17,flip_count_leave_one_out,2,SMH,127.0
7_vote_structure,alt3_drop_SOXL,common_with_S3,SPY|QQQ|SMH,3,150,3985,2010-10-12,2026-08-17,frac_bull,3,,0.7445420326223338
7_vote_structure,alt3_drop_SOXL,common_with_S3,SPY|QQQ|SMH,3,150,3985,2010-10-12,2026-08-17,flip_fraction_leave_one_out,3,SPY,0.7445420326223338
7_vote_structure,alt3_drop_SOXL,common_with_S3,SPY|QQQ|SMH,3,150,3985,2010-10-12,2026-08-17,flip_count_leave_one_out,3,SPY,2967.0
7_vote_structure,alt3_drop_SOXL,common_with_S3,SPY|QQQ|SMH,3,150,3985,2010-10-12,2026-08-17,flip_fraction_leave_one_out,3,QQQ,0.7445420326223338
7_vote_structure,alt3_drop_SOXL,common_with_S3,SPY|QQQ|SMH,3,150,3985,2010-10-12,2026-08-17,flip_count_leave_one_out,3,QQQ,2967.0
7_vote_structure,alt3_drop_SOXL,common_with_S3,SPY|QQQ|SMH,3,150,3985,2010-10-12,2026-08-17,flip_fraction_leave_one_out,3,SMH,0.7445420326223338
7_vote_structure,alt3_drop_SOXL,common_with_S3,SPY|QQQ|SMH,3,150,3985,2010-10-12,2026-08-17,flip_count_leave_one_out,3,SMH,2967.0
7_vote_structure,alt3_drop_SOXL,common_all_sets,SPY|QQQ|SMH,3,150,1283,2021-07-08,2026-08-17,pairwise_agreement,SPY,QQQ,0.946219797349961
7_vote_structure,alt3_drop_SOXL,common_all_sets,SPY|QQQ|SMH,3,150,1283,2021-07-08,2026-08-17,pairwise_agreement,SPY,SMH,0.9220576773187841
7_vote_structure,alt3_drop_SOXL,common_all_sets,SPY|QQQ|SMH,3,150,1283,2021-07-08,2026-08-17,pairwise_agreement,QQQ,SMH,0.911925175370226
7_vote_structure,alt3_drop_SOXL,common_all_sets,SPY|QQQ|SMH,3,150,1283,2021-07-08,2026-08-17,pairwise_correlation,SPY,QQQ,0.8541518732946359
7_vote_structure,alt3_drop_SOXL,common_all_sets,SPY|QQQ|SMH,3,150,1283,2021-07-08,2026-08-17,pairwise_correlation,SPY,SMH,0.7815686496040829
7_vote_structure,alt3_drop_SOXL,common_all_sets,SPY|QQQ|SMH,3,150,1283,2021-07-08,2026-08-17,pairwise_correlation,QQQ,SMH,0.7632531354358215
7_vote_structure,alt3_drop_SOXL,common_all_sets,SPY|QQQ|SMH,3,150,1283,2021-07-08,2026-08-17,vote_count_fraction,0,,0.18706157443491817
7_vote_structure,alt3_drop_SOXL,common_all_sets,SPY|QQQ|SMH,3,150,1283,2021-07-08,2026-08-17,vote_count_n,0,,240.0
7_vote_structure,alt3_drop_SOXL,common_all_sets,SPY|QQQ|SMH,3,150,1283,2021-07-08,2026-08-17,vote_count_fraction,1,,0.036632891660171474
7_vote_structure,alt3_drop_SOXL,common_all_sets,SPY|QQQ|SMH,3,150,1283,2021-07-08,2026-08-17,vote_count_n,1,,47.0
7_vote_structure,alt3_drop_SOXL,common_all_sets,SPY|QQQ|SMH,3,150,1283,2021-07-08,2026-08-17,vote_count_fraction,2,,0.07326578332034295
7_vote_structure,alt3_drop_SOXL,common_all_sets,SPY|QQQ|SMH,3,150,1283,2021-07-08,2026-08-17,vote_count_n,2,,94.0
7_vote_structure,alt3_drop_SOXL,common_all_sets,SPY|QQQ|SMH,3,150,1283,2021-07-08,2026-08-17,vote_count_fraction,3,,0.7030397505845675
7_vote_structure,alt3_drop_SOXL,common_all_sets,SPY|QQQ|SMH,3,150,1283,2021-07-08,2026-08-17,vote_count_n,3,,902.0
7_vote_structure,alt3_drop_SOXL,common_all_sets,SPY|QQQ|SMH,3,150,1283,2021-07-08,2026-08-17,effective_independent_votes,,,1.3146438402065115
7_vote_structure,alt3_drop_SOXL,common_all_sets,SPY|QQQ|SMH,3,150,1283,2021-07-08,2026-08-17,mean_vote_count,,,2.2922837100545594
7_vote_structure,alt3_drop_SOXL,common_all_sets,SPY|QQQ|SMH,3,150,1283,2021-07-08,2026-08-17,frac_bull,1,,0.8129384255650819
7_vote_structure,alt3_drop_SOXL,common_all_sets,SPY|QQQ|SMH,3,150,1283,2021-07-08,2026-08-17,flip_fraction_leave_one_out,1,SPY,0.01558846453624318
7_vote_structure,alt3_drop_SOXL,common_all_sets,SPY|QQQ|SMH,3,150,1283,2021-07-08,2026-08-17,flip_count_leave_one_out,1,SPY,20.0
7_vote_structure,alt3_drop_SOXL,common_all_sets,SPY|QQQ|SMH,3,150,1283,2021-07-08,2026-08-17,flip_fraction_leave_one_out,1,QQQ,0.002338269680436477
7_vote_structure,alt3_drop_SOXL,common_all_sets,SPY|QQQ|SMH,3,150,1283,2021-07-08,2026-08-17,flip_count_leave_one_out,1,QQQ,3.0
7_vote_structure,alt3_drop_SOXL,common_all_sets,SPY|QQQ|SMH,3,150,1283,2021-07-08,2026-08-17,flip_fraction_leave_one_out,1,SMH,0.018706157443491817
7_vote_structure,alt3_drop_SOXL,common_all_sets,SPY|QQQ|SMH,3,150,1283,2021-07-08,2026-08-17,flip_count_leave_one_out,1,SMH,24.0
7_vote_structure,alt3_drop_SOXL,common_all_sets,SPY|QQQ|SMH,3,150,1283,2021-07-08,2026-08-17,frac_bull,2,,0.7763055339049104
7_vote_structure,alt3_drop_SOXL,common_all_sets,SPY|QQQ|SMH,3,150,1283,2021-07-08,2026-08-17,flip_fraction_leave_one_out,2,SPY,0.06703039750584568
7_vote_structure,alt3_drop_SOXL,common_all_sets,SPY|QQQ|SMH,3,150,1283,2021-07-08,2026-08-17,flip_count_leave_one_out,2,SPY,86.0
7_vote_structure,alt3_drop_SOXL,common_all_sets,SPY|QQQ|SMH,3,150,1283,2021-07-08,2026-08-17,flip_fraction_leave_one_out,2,QQQ,0.043647700701480906
7_vote_structure,alt3_drop_SOXL,common_all_sets,SPY|QQQ|SMH,3,150,1283,2021-07-08,2026-08-17,flip_count_leave_one_out,2,QQQ,56.0
7_vote_structure,alt3_drop_SOXL,common_all_sets,SPY|QQQ|SMH,3,150,1283,2021-07-08,2026-08-17,flip_fraction_leave_one_out,2,SMH,0.03585346843335931
7_vote_structure,alt3_drop_SOXL,common_all_sets,SPY|QQQ|SMH,3,150,1283,2021-07-08,2026-08-17,flip_count_leave_one_out,2,SMH,46.0
7_vote_structure,alt3_drop_SOXL,common_all_sets,SPY|QQQ|SMH,3,150,1283,2021-07-08,2026-08-17,frac_bull,3,,0.7030397505845675
7_vote_structure,alt3_drop_SOXL,common_all_sets,SPY|QQQ|SMH,3,150,1283,2021-07-08,2026-08-17,flip_fraction_leave_one_out,3,SPY,0.7030397505845675
7_vote_structure,alt3_drop_SOXL,common_all_sets,SPY|QQQ|SMH,3,150,1283,2021-07-08,2026-08-17,flip_count_leave_one_out,3,SPY,902.0
7_vote_structure,alt3_drop_SOXL,common_all_sets,SPY|QQQ|SMH,3,150,1283,2021-07-08,2026-08-17,flip_fraction_leave_one_out,3,QQQ,0.7030397505845675
7_vote_structure,alt3_drop_SOXL,common_all_sets,SPY|QQQ|SMH,3,150,1283,2021-07-08,2026-08-17,flip_count_leave_one_out,3,QQQ,902.0
7_vote_structure,alt3_drop_SOXL,common_all_sets,SPY|QQQ|SMH,3,150,1283,2021-07-08,2026-08-17,flip_fraction_leave_one_out,3,SMH,0.7030397505845675
7_vote_structure,alt3_drop_SOXL,common_all_sets,SPY|QQQ|SMH,3,150,1283,2021-07-08,2026-08-17,flip_count_leave_one_out,3,SMH,902.0
7_vote_structure,alt3_drop_SOXL,native,SPY|QQQ|SMH,3,200,6390,2001-03-20,2026-08-17,pairwise_agreement,SPY,QQQ,0.9123630672926447
7_vote_structure,alt3_drop_SOXL,native,SPY|QQQ|SMH,3,200,6390,2001-03-20,2026-08-17,pairwise_agreement,SPY,SMH,0.8641627543035993
7_vote_structure,alt3_drop_SOXL,native,SPY|QQQ|SMH,3,200,6390,2001-03-20,2026-08-17,pairwise_agreement,QQQ,SMH,0.8716744913928013
7_vote_structure,alt3_drop_SOXL,native,SPY|QQQ|SMH,3,200,6390,2001-03-20,2026-08-17,pairwise_correlation,SPY,QQQ,0.7667463566507322
7_vote_structure,alt3_drop_SOXL,native,SPY|QQQ|SMH,3,200,6390,2001-03-20,2026-08-17,pairwise_correlation,SPY,SMH,0.6803788045777059
7_vote_structure,alt3_drop_SOXL,native,SPY|QQQ|SMH,3,200,6390,2001-03-20,2026-08-17,pairwise_correlation,QQQ,SMH,0.6988557689221183
7_vote_structure,alt3_drop_SOXL,native,SPY|QQQ|SMH,3,200,6390,2001-03-20,2026-08-17,vote_count_fraction,0,,0.19405320813771518
7_vote_structure,alt3_drop_SOXL,native,SPY|QQQ|SMH,3,200,6390,2001-03-20,2026-08-17,vote_count_n,0,,1240.0
7_vote_structure,alt3_drop_SOXL,native,SPY|QQQ|SMH,3,200,6390,2001-03-20,2026-08-17,vote_count_fraction,1,,0.06588419405320814
7_vote_structure,alt3_drop_SOXL,native,SPY|QQQ|SMH,3,200,6390,2001-03-20,2026-08-17,vote_count_n,1,,421.0
7_vote_structure,alt3_drop_SOXL,native,SPY|QQQ|SMH,3,200,6390,2001-03-20,2026-08-17,vote_count_fraction,2,,0.11001564945226917
7_vote_structure,alt3_drop_SOXL,native,SPY|QQQ|SMH,3,200,6390,2001-03-20,2026-08-17,vote_count_n,2,,703.0
7_vote_structure,alt3_drop_SOXL,native,SPY|QQQ|SMH,3,200,6390,2001-03-20,2026-08-17,vote_count_fraction,3,,0.6300469483568075
7_vote_structure,alt3_drop_SOXL,native,SPY|QQQ|SMH,3,200,6390,2001-03-20,2026-08-17,vote_count_n,3,,4026.0
7_vote_structure,alt3_drop_SOXL,native,SPY|QQQ|SMH,3,200,6390,2001-03-20,2026-08-17,effective_independent_votes,,,1.4806456520576248
7_vote_structure,alt3_drop_SOXL,native,SPY|QQQ|SMH,3,200,6390,2001-03-20,2026-08-17,mean_vote_count,,,2.176056338028169
7_vote_structure,alt3_drop_SOXL,native,SPY|QQQ|SMH,3,200,6390,2001-03-20,2026-08-17,frac_bull,1,,0.8059467918622848
7_vote_structure,alt3_drop_SOXL,native,SPY|QQQ|SMH,3,200,6390,2001-03-20,2026-08-17,flip_fraction_leave_one_out,1,SPY,0.028794992175273867
7_vote_structure,alt3_drop_SOXL,native,SPY|QQQ|SMH,3,200,6390,2001-03-20,2026-08-17,flip_count_leave_one_out,1,SPY,184.0
7_vote_structure,alt3_drop_SOXL,native,SPY|QQQ|SMH,3,200,6390,2001-03-20,2026-08-17,flip_fraction_leave_one_out,1,QQQ,0.024256651017214397
7_vote_structure,alt3_drop_SOXL,native,SPY|QQQ|SMH,3,200,6390,2001-03-20,2026-08-17,flip_count_leave_one_out,1,QQQ,155.0
7_vote_structure,alt3_drop_SOXL,native,SPY|QQQ|SMH,3,200,6390,2001-03-20,2026-08-17,flip_fraction_leave_one_out,1,SMH,0.012832550860719875
7_vote_structure,alt3_drop_SOXL,native,SPY|QQQ|SMH,3,200,6390,2001-03-20,2026-08-17,flip_count_leave_one_out,1,SMH,82.0
7_vote_structure,alt3_drop_SOXL,native,SPY|QQQ|SMH,3,200,6390,2001-03-20,2026-08-17,frac_bull,2,,0.7400625978090767
7_vote_structure,alt3_drop_SOXL,native,SPY|QQQ|SMH,3,200,6390,2001-03-20,2026-08-17,flip_fraction_leave_one_out,2,SPY,0.09123630672926447
7_vote_structure,alt3_drop_SOXL,native,SPY|QQQ|SMH,3,200,6390,2001-03-20,2026-08-17,flip_count_leave_one_out,2,SPY,583.0
7_vote_structure,alt3_drop_SOXL,native,SPY|QQQ|SMH,3,200,6390,2001-03-20,2026-08-17,flip_fraction_leave_one_out,2,QQQ,0.09420970266040689
7_vote_structure,alt3_drop_SOXL,native,SPY|QQQ|SMH,3,200,6390,2001-03-20,2026-08-17,flip_count_leave_one_out,2,QQQ,602.0
7_vote_structure,alt3_drop_SOXL,native,SPY|QQQ|SMH,3,200,6390,2001-03-20,2026-08-17,flip_fraction_leave_one_out,2,SMH,0.03458528951486698
7_vote_structure,alt3_drop_SOXL,native,SPY|QQQ|SMH,3,200,6390,2001-03-20,2026-08-17,flip_count_leave_one_out,2,SMH,221.0
7_vote_structure,alt3_drop_SOXL,native,SPY|QQQ|SMH,3,200,6390,2001-03-20,2026-08-17,frac_bull,3,,0.6300469483568075
7_vote_structure,alt3_drop_SOXL,native,SPY|QQQ|SMH,3,200,6390,2001-03-20,2026-08-17,flip_fraction_leave_one_out,3,SPY,0.6300469483568075
7_vote_structure,alt3_drop_SOXL,native,SPY|QQQ|SMH,3,200,6390,2001-03-20,2026-08-17,flip_count_leave_one_out,3,SPY,4026.0
7_vote_structure,alt3_drop_SOXL,native,SPY|QQQ|SMH,3,200,6390,2001-03-20,2026-08-17,flip_fraction_leave_one_out,3,QQQ,0.6300469483568075
7_vote_structure,alt3_drop_SOXL,native,SPY|QQQ|SMH,3,200,6390,2001-03-20,2026-08-17,flip_count_leave_one_out,3,QQQ,4026.0
7_vote_structure,alt3_drop_SOXL,native,SPY|QQQ|SMH,3,200,6390,2001-03-20,2026-08-17,flip_fraction_leave_one_out,3,SMH,0.6300469483568075
7_vote_structure,alt3_drop_SOXL,native,SPY|QQQ|SMH,3,200,6390,2001-03-20,2026-08-17,flip_count_leave_one_out,3,SMH,4026.0
7_vote_structure,alt3_drop_SOXL,common_with_S3,SPY|QQQ|SMH,3,200,3935,2010-12-22,2026-08-17,pairwise_agreement,SPY,QQQ,0.9453621346886912
7_vote_structure,alt3_drop_SOXL,common_with_S3,SPY|QQQ|SMH,3,200,3935,2010-12-22,2026-08-17,pairwise_agreement,SPY,SMH,0.9138500635324015
7_vote_structure,alt3_drop_SOXL,common_with_S3,SPY|QQQ|SMH,3,200,3935,2010-12-22,2026-08-17,pairwise_agreement,QQQ,SMH,0.9069885641677256
7_vote_structure,alt3_drop_SOXL,common_with_S3,SPY|QQQ|SMH,3,200,3935,2010-12-22,2026-08-17,pairwise_correlation,SPY,QQQ,0.7890354008970621
7_vote_structure,alt3_drop_SOXL,common_with_S3,SPY|QQQ|SMH,3,200,3935,2010-12-22,2026-08-17,pairwise_correlation,SPY,SMH,0.7127748025334917
7_vote_structure,alt3_drop_SOXL,common_with_S3,SPY|QQQ|SMH,3,200,3935,2010-12-22,2026-08-17,pairwise_correlation,QQQ,SMH,0.6887158415104281
7_vote_structure,alt3_drop_SOXL,common_with_S3,SPY|QQQ|SMH,3,200,3935,2010-12-22,2026-08-17,vote_count_fraction,0,,0.11740787801778907
7_vote_structure,alt3_drop_SOXL,common_with_S3,SPY|QQQ|SMH,3,200,3935,2010-12-22,2026-08-17,vote_count_n,0,,462.0
7_vote_structure,alt3_drop_SOXL,common_with_S3,SPY|QQQ|SMH,3,200,3935,2010-12-22,2026-08-17,vote_count_fraction,1,,0.03532401524777637
7_vote_structure,alt3_drop_SOXL,common_with_S3,SPY|QQQ|SMH,3,200,3935,2010-12-22,2026-08-17,vote_count_n,1,,139.0
7_vote_structure,alt3_drop_SOXL,common_with_S3,SPY|QQQ|SMH,3,200,3935,2010-12-22,2026-08-17,vote_count_fraction,2,,0.08157560355781449
7_vote_structure,alt3_drop_SOXL,common_with_S3,SPY|QQQ|SMH,3,200,3935,2010-12-22,2026-08-17,vote_count_n,2,,321.0
7_vote_structure,alt3_drop_SOXL,common_with_S3,SPY|QQQ|SMH,3,200,3935,2010-12-22,2026-08-17,vote_count_fraction,3,,0.7656925031766201
7_vote_structure,alt3_drop_SOXL,common_with_S3,SPY|QQQ|SMH,3,200,3935,2010-12-22,2026-08-17,vote_count_n,3,,3013.0
7_vote_structure,alt3_drop_SOXL,common_with_S3,SPY|QQQ|SMH,3,200,3935,2010-12-22,2026-08-17,effective_independent_votes,,,1.4492966964596443
7_vote_structure,alt3_drop_SOXL,common_with_S3,SPY|QQQ|SMH,3,200,3935,2010-12-22,2026-08-17,mean_vote_count,,,2.4955527318932655
7_vote_structure,alt3_drop_SOXL,common_with_S3,SPY|QQQ|SMH,3,200,3935,2010-12-22,2026-08-17,frac_bull,1,,0.8825921219822109
7_vote_structure,alt3_drop_SOXL,common_with_S3,SPY|QQQ|SMH,3,200,3935,2010-12-22,2026-08-17,flip_fraction_leave_one_out,1,SPY,0.011689961880559084
7_vote_structure,alt3_drop_SOXL,common_with_S3,SPY|QQQ|SMH,3,200,3935,2010-12-22,2026-08-17,flip_count_leave_one_out,1,SPY,46.0
7_vote_structure,alt3_drop_SOXL,common_with_S3,SPY|QQQ|SMH,3,200,3935,2010-12-22,2026-08-17,flip_fraction_leave_one_out,1,QQQ,0.015501905972045744
7_vote_structure,alt3_drop_SOXL,common_with_S3,SPY|QQQ|SMH,3,200,3935,2010-12-22,2026-08-17,flip_count_leave_one_out,1,QQQ,61.0
7_vote_structure,alt3_drop_SOXL,common_with_S3,SPY|QQQ|SMH,3,200,3935,2010-12-22,2026-08-17,flip_fraction_leave_one_out,1,SMH,0.008132147395171537
7_vote_structure,alt3_drop_SOXL,common_with_S3,SPY|QQQ|SMH,3,200,3935,2010-12-22,2026-08-17,flip_count_leave_one_out,1,SMH,32.0
7_vote_structure,alt3_drop_SOXL,common_with_S3,SPY|QQQ|SMH,3,200,3935,2010-12-22,2026-08-17,frac_bull,2,,0.8472681067344345
7_vote_structure,alt3_drop_SOXL,common_with_S3,SPY|QQQ|SMH,3,200,3935,2010-12-22,2026-08-17,flip_fraction_leave_one_out,2,SPY,0.06937738246505717
7_vote_structure,alt3_drop_SOXL,common_with_S3,SPY|QQQ|SMH,3,200,3935,2010-12-22,2026-08-17,flip_count_leave_one_out,2,SPY,273.0
7_vote_structure,alt3_drop_SOXL,common_with_S3,SPY|QQQ|SMH,3,200,3935,2010-12-22,2026-08-17,flip_fraction_leave_one_out,2,QQQ,0.06632782719186785
7_vote_structure,alt3_drop_SOXL,common_with_S3,SPY|QQQ|SMH,3,200,3935,2010-12-22,2026-08-17,flip_count_leave_one_out,2,QQQ,261.0
7_vote_structure,alt3_drop_SOXL,common_with_S3,SPY|QQQ|SMH,3,200,3935,2010-12-22,2026-08-17,flip_fraction_leave_one_out,2,SMH,0.02744599745870394
7_vote_structure,alt3_drop_SOXL,common_with_S3,SPY|QQQ|SMH,3,200,3935,2010-12-22,2026-08-17,flip_count_leave_one_out,2,SMH,108.0
7_vote_structure,alt3_drop_SOXL,common_with_S3,SPY|QQQ|SMH,3,200,3935,2010-12-22,2026-08-17,frac_bull,3,,0.7656925031766201
7_vote_structure,alt3_drop_SOXL,common_with_S3,SPY|QQQ|SMH,3,200,3935,2010-12-22,2026-08-17,flip_fraction_leave_one_out,3,SPY,0.7656925031766201
7_vote_structure,alt3_drop_SOXL,common_with_S3,SPY|QQQ|SMH,3,200,3935,2010-12-22,2026-08-17,flip_count_leave_one_out,3,SPY,3013.0
7_vote_structure,alt3_drop_SOXL,common_with_S3,SPY|QQQ|SMH,3,200,3935,2010-12-22,2026-08-17,flip_fraction_leave_one_out,3,QQQ,0.7656925031766201
7_vote_structure,alt3_drop_SOXL,common_with_S3,SPY|QQQ|SMH,3,200,3935,2010-12-22,2026-08-17,flip_count_leave_one_out,3,QQQ,3013.0
7_vote_structure,alt3_drop_SOXL,common_with_S3,SPY|QQQ|SMH,3,200,3935,2010-12-22,2026-08-17,flip_fraction_leave_one_out,3,SMH,0.7656925031766201
7_vote_structure,alt3_drop_SOXL,common_with_S3,SPY|QQQ|SMH,3,200,3935,2010-12-22,2026-08-17,flip_count_leave_one_out,3,SMH,3013.0
7_vote_structure,alt3_drop_SOXL,common_all_sets,SPY|QQQ|SMH,3,200,1233,2021-09-17,2026-08-17,pairwise_agreement,SPY,QQQ,0.9602595296025953
7_vote_structure,alt3_drop_SOXL,common_all_sets,SPY|QQQ|SMH,3,200,1233,2021-09-17,2026-08-17,pairwise_agreement,SPY,SMH,0.9521492295214923
7_vote_structure,alt3_drop_SOXL,common_all_sets,SPY|QQQ|SMH,3,200,1233,2021-09-17,2026-08-17,pairwise_agreement,QQQ,SMH,0.9480940794809408
7_vote_structure,alt3_drop_SOXL,common_all_sets,SPY|QQQ|SMH,3,200,1233,2021-09-17,2026-08-17,pairwise_correlation,SPY,QQQ,0.8928098587908315
7_vote_structure,alt3_drop_SOXL,common_all_sets,SPY|QQQ|SMH,3,200,1233,2021-09-17,2026-08-17,pairwise_correlation,SPY,SMH,0.8629404347228655
7_vote_structure,alt3_drop_SOXL,common_all_sets,SPY|QQQ|SMH,3,200,1233,2021-09-17,2026-08-17,pairwise_correlation,QQQ,SMH,0.8591822859466888
7_vote_structure,alt3_drop_SOXL,common_all_sets,SPY|QQQ|SMH,3,200,1233,2021-09-17,2026-08-17,vote_count_fraction,0,,0.2003244120032441
7_vote_structure,alt3_drop_SOXL,common_all_sets,SPY|QQQ|SMH,3,200,1233,2021-09-17,2026-08-17,vote_count_n,0,,247.0
7_vote_structure,alt3_drop_SOXL,common_all_sets,SPY|QQQ|SMH,3,200,1233,2021-09-17,2026-08-17,vote_count_fraction,1,,0.030008110300081103
7_vote_structure,alt3_drop_SOXL,common_all_sets,SPY|QQQ|SMH,3,200,1233,2021-09-17,2026-08-17,vote_count_n,1,,37.0
7_vote_structure,alt3_drop_SOXL,common_all_sets,SPY|QQQ|SMH,3,200,1233,2021-09-17,2026-08-17,vote_count_fraction,2,,0.039740470397404706
7_vote_structure,alt3_drop_SOXL,common_all_sets,SPY|QQQ|SMH,3,200,1233,2021-09-17,2026-08-17,vote_count_n,2,,49.0
7_vote_structure,alt3_drop_SOXL,common_all_sets,SPY|QQQ|SMH,3,200,1233,2021-09-17,2026-08-17,vote_count_fraction,3,,0.7299270072992701
7_vote_structure,alt3_drop_SOXL,common_all_sets,SPY|QQQ|SMH,3,200,1233,2021-09-17,2026-08-17,vote_count_n,3,,900.0
7_vote_structure,alt3_drop_SOXL,common_all_sets,SPY|QQQ|SMH,3,200,1233,2021-09-17,2026-08-17,effective_independent_votes,,,1.1904856896958618
7_vote_structure,alt3_drop_SOXL,common_all_sets,SPY|QQQ|SMH,3,200,1233,2021-09-17,2026-08-17,mean_vote_count,,,2.2992700729927007
7_vote_structure,alt3_drop_SOXL,common_all_sets,SPY|QQQ|SMH,3,200,1233,2021-09-17,2026-08-17,frac_bull,1,,0.7996755879967559
7_vote_structure,alt3_drop_SOXL,common_all_sets,SPY|QQQ|SMH,3,200,1233,2021-09-17,2026-08-17,flip_fraction_leave_one_out,1,SPY,0.012976480129764802
7_vote_structure,alt3_drop_SOXL,common_all_sets,SPY|QQQ|SMH,3,200,1233,2021-09-17,2026-08-17,flip_count_leave_one_out,1,SPY,16.0
7_vote_structure,alt3_drop_SOXL,common_all_sets,SPY|QQQ|SMH,3,200,1233,2021-09-17,2026-08-17,flip_fraction_leave_one_out,1,QQQ,0.0008110300081103001
7_vote_structure,alt3_drop_SOXL,common_all_sets,SPY|QQQ|SMH,3,200,1233,2021-09-17,2026-08-17,flip_count_leave_one_out,1,QQQ,1.0
7_vote_structure,alt3_drop_SOXL,common_all_sets,SPY|QQQ|SMH,3,200,1233,2021-09-17,2026-08-17,flip_fraction_leave_one_out,1,SMH,0.016220600162206
7_vote_structure,alt3_drop_SOXL,common_all_sets,SPY|QQQ|SMH,3,200,1233,2021-09-17,2026-08-17,flip_count_leave_one_out,1,SMH,20.0
7_vote_structure,alt3_drop_SOXL,common_all_sets,SPY|QQQ|SMH,3,200,1233,2021-09-17,2026-08-17,frac_bull,2,,0.7696674776966748
7_vote_structure,alt3_drop_SOXL,common_all_sets,SPY|QQQ|SMH,3,200,1233,2021-09-17,2026-08-17,flip_fraction_leave_one_out,2,SPY,0.034874290348742905
7_vote_structure,alt3_drop_SOXL,common_all_sets,SPY|QQQ|SMH,3,200,1233,2021-09-17,2026-08-17,flip_count_leave_one_out,2,SPY,43.0
7_vote_structure,alt3_drop_SOXL,common_all_sets,SPY|QQQ|SMH,3,200,1233,2021-09-17,2026-08-17,flip_fraction_leave_one_out,2,QQQ,0.0186536901865369
7_vote_structure,alt3_drop_SOXL,common_all_sets,SPY|QQQ|SMH,3,200,1233,2021-09-17,2026-08-17,flip_count_leave_one_out,2,QQQ,23.0
7_vote_structure,alt3_drop_SOXL,common_all_sets,SPY|QQQ|SMH,3,200,1233,2021-09-17,2026-08-17,flip_fraction_leave_one_out,2,SMH,0.025952960259529603
7_vote_structure,alt3_drop_SOXL,common_all_sets,SPY|QQQ|SMH,3,200,1233,2021-09-17,2026-08-17,flip_count_leave_one_out,2,SMH,32.0
7_vote_structure,alt3_drop_SOXL,common_all_sets,SPY|QQQ|SMH,3,200,1233,2021-09-17,2026-08-17,frac_bull,3,,0.7299270072992701
7_vote_structure,alt3_drop_SOXL,common_all_sets,SPY|QQQ|SMH,3,200,1233,2021-09-17,2026-08-17,flip_fraction_leave_one_out,3,SPY,0.7299270072992701
7_vote_structure,alt3_drop_SOXL,common_all_sets,SPY|QQQ|SMH,3,200,1233,2021-09-17,2026-08-17,flip_count_leave_one_out,3,SPY,900.0
7_vote_structure,alt3_drop_SOXL,common_all_sets,SPY|QQQ|SMH,3,200,1233,2021-09-17,2026-08-17,flip_fraction_leave_one_out,3,QQQ,0.7299270072992701
7_vote_structure,alt3_drop_SOXL,common_all_sets,SPY|QQQ|SMH,3,200,1233,2021-09-17,2026-08-17,flip_count_leave_one_out,3,QQQ,900.0
7_vote_structure,alt3_drop_SOXL,common_all_sets,SPY|QQQ|SMH,3,200,1233,2021-09-17,2026-08-17,flip_fraction_leave_one_out,3,SMH,0.7299270072992701
7_vote_structure,alt3_drop_SOXL,common_all_sets,SPY|QQQ|SMH,3,200,1233,2021-09-17,2026-08-17,flip_count_leave_one_out,3,SMH,900.0
7_vote_structure,alt3_drop_SOXL,native,SPY|QQQ|SMH,3,250,6340,2001-05-31,2026-08-17,pairwise_agreement,SPY,QQQ,0.9194006309148265
7_vote_structure,alt3_drop_SOXL,native,SPY|QQQ|SMH,3,250,6340,2001-05-31,2026-08-17,pairwise_agreement,SPY,SMH,0.8585173501577287
7_vote_structure,alt3_drop_SOXL,native,SPY|QQQ|SMH,3,250,6340,2001-05-31,2026-08-17,pairwise_agreement,QQQ,SMH,0.8678233438485804
7_vote_structure,alt3_drop_SOXL,native,SPY|QQQ|SMH,3,250,6340,2001-05-31,2026-08-17,pairwise_correlation,SPY,QQQ,0.7748498111001461
7_vote_structure,alt3_drop_SOXL,native,SPY|QQQ|SMH,3,250,6340,2001-05-31,2026-08-17,pairwise_correlation,SPY,SMH,0.6680134651821777
7_vote_structure,alt3_drop_SOXL,native,SPY|QQQ|SMH,3,250,6340,2001-05-31,2026-08-17,pairwise_correlation,QQQ,SMH,0.691394670652132
7_vote_structure,alt3_drop_SOXL,native,SPY|QQQ|SMH,3,250,6340,2001-05-31,2026-08-17,vote_count_fraction,0,,0.1810725552050473
7_vote_structure,alt3_drop_SOXL,native,SPY|QQQ|SMH,3,250,6340,2001-05-31,2026-08-17,vote_count_n,0,,1148.0
7_vote_structure,alt3_drop_SOXL,native,SPY|QQQ|SMH,3,250,6340,2001-05-31,2026-08-17,vote_count_fraction,1,,0.07003154574132492
7_vote_structure,alt3_drop_SOXL,native,SPY|QQQ|SMH,3,250,6340,2001-05-31,2026-08-17,vote_count_n,1,,444.0
7_vote_structure,alt3_drop_SOXL,native,SPY|QQQ|SMH,3,250,6340,2001-05-31,2026-08-17,vote_count_fraction,2,,0.10709779179810726
7_vote_structure,alt3_drop_SOXL,native,SPY|QQQ|SMH,3,250,6340,2001-05-31,2026-08-17,vote_count_n,2,,679.0
7_vote_structure,alt3_drop_SOXL,native,SPY|QQQ|SMH,3,250,6340,2001-05-31,2026-08-17,vote_count_fraction,3,,0.6417981072555206
7_vote_structure,alt3_drop_SOXL,native,SPY|QQQ|SMH,3,250,6340,2001-05-31,2026-08-17,vote_count_n,3,,4069.0
7_vote_structure,alt3_drop_SOXL,native,SPY|QQQ|SMH,3,250,6340,2001-05-31,2026-08-17,effective_independent_votes,,,1.4877701278349942
7_vote_structure,alt3_drop_SOXL,native,SPY|QQQ|SMH,3,250,6340,2001-05-31,2026-08-17,mean_vote_count,,,2.209621451104101
7_vote_structure,alt3_drop_SOXL,native,SPY|QQQ|SMH,3,250,6340,2001-05-31,2026-08-17,frac_bull,1,,0.8189274447949527
7_vote_structure,alt3_drop_SOXL,native,SPY|QQQ|SMH,3,250,6340,2001-05-31,2026-08-17,flip_fraction_leave_one_out,1,SPY,0.031545741324921134
7_vote_structure,alt3_drop_SOXL,native,SPY|QQQ|SMH,3,250,6340,2001-05-31,2026-08-17,flip_count_leave_one_out,1,SPY,200.0
7_vote_structure,alt3_drop_SOXL,native,SPY|QQQ|SMH,3,250,6340,2001-05-31,2026-08-17,flip_fraction_leave_one_out,1,QQQ,0.02634069400630915
7_vote_structure,alt3_drop_SOXL,native,SPY|QQQ|SMH,3,250,6340,2001-05-31,2026-08-17,flip_count_leave_one_out,1,QQQ,167.0
7_vote_structure,alt3_drop_SOXL,native,SPY|QQQ|SMH,3,250,6340,2001-05-31,2026-08-17,flip_fraction_leave_one_out,1,SMH,0.012145110410094638
7_vote_structure,alt3_drop_SOXL,native,SPY|QQQ|SMH,3,250,6340,2001-05-31,2026-08-17,flip_count_leave_one_out,1,SMH,77.0
7_vote_structure,alt3_drop_SOXL,native,SPY|QQQ|SMH,3,250,6340,2001-05-31,2026-08-17,frac_bull,2,,0.7488958990536277
7_vote_structure,alt3_drop_SOXL,native,SPY|QQQ|SMH,3,250,6340,2001-05-31,2026-08-17,flip_fraction_leave_one_out,2,SPY,0.09369085173501578
7_vote_structure,alt3_drop_SOXL,native,SPY|QQQ|SMH,3,250,6340,2001-05-31,2026-08-17,flip_count_leave_one_out,2,SPY,594.0
7_vote_structure,alt3_drop_SOXL,native,SPY|QQQ|SMH,3,250,6340,2001-05-31,2026-08-17,flip_fraction_leave_one_out,2,QQQ,0.09779179810725552
7_vote_structure,alt3_drop_SOXL,native,SPY|QQQ|SMH,3,250,6340,2001-05-31,2026-08-17,flip_count_leave_one_out,2,QQQ,620.0
7_vote_structure,alt3_drop_SOXL,native,SPY|QQQ|SMH,3,250,6340,2001-05-31,2026-08-17,flip_fraction_leave_one_out,2,SMH,0.022712933753943218
7_vote_structure,alt3_drop_SOXL,native,SPY|QQQ|SMH,3,250,6340,2001-05-31,2026-08-17,flip_count_leave_one_out,2,SMH,144.0
7_vote_structure,alt3_drop_SOXL,native,SPY|QQQ|SMH,3,250,6340,2001-05-31,2026-08-17,frac_bull,3,,0.6417981072555206
7_vote_structure,alt3_drop_SOXL,native,SPY|QQQ|SMH,3,250,6340,2001-05-31,2026-08-17,flip_fraction_leave_one_out,3,SPY,0.6417981072555206
7_vote_structure,alt3_drop_SOXL,native,SPY|QQQ|SMH,3,250,6340,2001-05-31,2026-08-17,flip_count_leave_one_out,3,SPY,4069.0
7_vote_structure,alt3_drop_SOXL,native,SPY|QQQ|SMH,3,250,6340,2001-05-31,2026-08-17,flip_fraction_leave_one_out,3,QQQ,0.6417981072555206
7_vote_structure,alt3_drop_SOXL,native,SPY|QQQ|SMH,3,250,6340,2001-05-31,2026-08-17,flip_count_leave_one_out,3,QQQ,4069.0
7_vote_structure,alt3_drop_SOXL,native,SPY|QQQ|SMH,3,250,6340,2001-05-31,2026-08-17,flip_fraction_leave_one_out,3,SMH,0.6417981072555206
7_vote_structure,alt3_drop_SOXL,native,SPY|QQQ|SMH,3,250,6340,2001-05-31,2026-08-17,flip_count_leave_one_out,3,SMH,4069.0
7_vote_structure,alt3_drop_SOXL,common_with_S3,SPY|QQQ|SMH,3,250,3885,2011-03-07,2026-08-17,pairwise_agreement,SPY,QQQ,0.9454311454311455
7_vote_structure,alt3_drop_SOXL,common_with_S3,SPY|QQQ|SMH,3,250,3885,2011-03-07,2026-08-17,pairwise_agreement,SPY,SMH,0.9127413127413128
7_vote_structure,alt3_drop_SOXL,common_with_S3,SPY|QQQ|SMH,3,250,3885,2011-03-07,2026-08-17,pairwise_agreement,QQQ,SMH,0.9086229086229086
7_vote_structure,alt3_drop_SOXL,common_with_S3,SPY|QQQ|SMH,3,250,3885,2011-03-07,2026-08-17,pairwise_correlation,SPY,QQQ,0.771815206800454
7_vote_structure,alt3_drop_SOXL,common_with_S3,SPY|QQQ|SMH,3,250,3885,2011-03-07,2026-08-17,pairwise_correlation,SPY,SMH,0.6960614493148378
7_vote_structure,alt3_drop_SOXL,common_with_S3,SPY|QQQ|SMH,3,250,3885,2011-03-07,2026-08-17,pairwise_correlation,QQQ,SMH,0.6798962589953936
7_vote_structure,alt3_drop_SOXL,common_with_S3,SPY|QQQ|SMH,3,250,3885,2011-03-07,2026-08-17,vote_count_fraction,0,,0.10476190476190476
7_vote_structure,alt3_drop_SOXL,common_with_S3,SPY|QQQ|SMH,3,250,3885,2011-03-07,2026-08-17,vote_count_n,0,,407.0
7_vote_structure,alt3_drop_SOXL,common_with_S3,SPY|QQQ|SMH,3,250,3885,2011-03-07,2026-08-17,vote_count_fraction,1,,0.036293436293436294
7_vote_structure,alt3_drop_SOXL,common_with_S3,SPY|QQQ|SMH,3,250,3885,2011-03-07,2026-08-17,vote_count_n,1,,141.0
7_vote_structure,alt3_drop_SOXL,common_with_S3,SPY|QQQ|SMH,3,250,3885,2011-03-07,2026-08-17,vote_count_fraction,2,,0.08030888030888031
7_vote_structure,alt3_drop_SOXL,common_with_S3,SPY|QQQ|SMH,3,250,3885,2011-03-07,2026-08-17,vote_count_n,2,,312.0
7_vote_structure,alt3_drop_SOXL,common_with_S3,SPY|QQQ|SMH,3,250,3885,2011-03-07,2026-08-17,vote_count_fraction,3,,0.7786357786357786
7_vote_structure,alt3_drop_SOXL,common_with_S3,SPY|QQQ|SMH,3,250,3885,2011-03-07,2026-08-17,vote_count_n,3,,3025.0
7_vote_structure,alt3_drop_SOXL,common_with_S3,SPY|QQQ|SMH,3,250,3885,2011-03-07,2026-08-17,effective_independent_votes,,,1.4790666816608553
7_vote_structure,alt3_drop_SOXL,common_with_S3,SPY|QQQ|SMH,3,250,3885,2011-03-07,2026-08-17,mean_vote_count,,,2.5328185328185326
7_vote_structure,alt3_drop_SOXL,common_with_S3,SPY|QQQ|SMH,3,250,3885,2011-03-07,2026-08-17,frac_bull,1,,0.8952380952380953
7_vote_structure,alt3_drop_SOXL,common_with_S3,SPY|QQQ|SMH,3,250,3885,2011-03-07,2026-08-17,flip_fraction_leave_one_out,1,SPY,0.012612612612612612
7_vote_structure,alt3_drop_SOXL,common_with_S3,SPY|QQQ|SMH,3,250,3885,2011-03-07,2026-08-17,flip_count_leave_one_out,1,SPY,49.0
7_vote_structure,alt3_drop_SOXL,common_with_S3,SPY|QQQ|SMH,3,250,3885,2011-03-07,2026-08-17,flip_fraction_leave_one_out,1,QQQ,0.01698841698841699
7_vote_structure,alt3_drop_SOXL,common_with_S3,SPY|QQQ|SMH,3,250,3885,2011-03-07,2026-08-17,flip_count_leave_one_out,1,QQQ,66.0
7_vote_structure,alt3_drop_SOXL,common_with_S3,SPY|QQQ|SMH,3,250,3885,2011-03-07,2026-08-17,flip_fraction_leave_one_out,1,SMH,0.0066924066924066924
7_vote_structure,alt3_drop_SOXL,common_with_S3,SPY|QQQ|SMH,3,250,3885,2011-03-07,2026-08-17,flip_count_leave_one_out,1,SMH,26.0
7_vote_structure,alt3_drop_SOXL,common_with_S3,SPY|QQQ|SMH,3,250,3885,2011-03-07,2026-08-17,frac_bull,2,,0.858944658944659
7_vote_structure,alt3_drop_SOXL,common_with_S3,SPY|QQQ|SMH,3,250,3885,2011-03-07,2026-08-17,flip_fraction_leave_one_out,2,SPY,0.0676962676962677
7_vote_structure,alt3_drop_SOXL,common_with_S3,SPY|QQQ|SMH,3,250,3885,2011-03-07,2026-08-17,flip_count_leave_one_out,2,SPY,263.0
7_vote_structure,alt3_drop_SOXL,common_with_S3,SPY|QQQ|SMH,3,250,3885,2011-03-07,2026-08-17,flip_fraction_leave_one_out,2,QQQ,0.06795366795366796
7_vote_structure,alt3_drop_SOXL,common_with_S3,SPY|QQQ|SMH,3,250,3885,2011-03-07,2026-08-17,flip_count_leave_one_out,2,QQQ,264.0
7_vote_structure,alt3_drop_SOXL,common_with_S3,SPY|QQQ|SMH,3,250,3885,2011-03-07,2026-08-17,flip_fraction_leave_one_out,2,SMH,0.02496782496782497
7_vote_structure,alt3_drop_SOXL,common_with_S3,SPY|QQQ|SMH,3,250,3885,2011-03-07,2026-08-17,flip_count_leave_one_out,2,SMH,97.0
7_vote_structure,alt3_drop_SOXL,common_with_S3,SPY|QQQ|SMH,3,250,3885,2011-03-07,2026-08-17,frac_bull,3,,0.7786357786357786
7_vote_structure,alt3_drop_SOXL,common_with_S3,SPY|QQQ|SMH,3,250,3885,2011-03-07,2026-08-17,flip_fraction_leave_one_out,3,SPY,0.7786357786357786
7_vote_structure,alt3_drop_SOXL,common_with_S3,SPY|QQQ|SMH,3,250,3885,2011-03-07,2026-08-17,flip_count_leave_one_out,3,SPY,3025.0
7_vote_structure,alt3_drop_SOXL,common_with_S3,SPY|QQQ|SMH,3,250,3885,2011-03-07,2026-08-17,flip_fraction_leave_one_out,3,QQQ,0.7786357786357786
7_vote_structure,alt3_drop_SOXL,common_with_S3,SPY|QQQ|SMH,3,250,3885,2011-03-07,2026-08-17,flip_count_leave_one_out,3,QQQ,3025.0
7_vote_structure,alt3_drop_SOXL,common_with_S3,SPY|QQQ|SMH,3,250,3885,2011-03-07,2026-08-17,flip_fraction_leave_one_out,3,SMH,0.7786357786357786
7_vote_structure,alt3_drop_SOXL,common_with_S3,SPY|QQQ|SMH,3,250,3885,2011-03-07,2026-08-17,flip_count_leave_one_out,3,SMH,3025.0
7_vote_structure,alt3_drop_SOXL,common_all_sets,SPY|QQQ|SMH,3,250,1183,2021-11-29,2026-08-17,pairwise_agreement,SPY,QQQ,0.9475908706677938
7_vote_structure,alt3_drop_SOXL,common_all_sets,SPY|QQQ|SMH,3,250,1183,2021-11-29,2026-08-17,pairwise_agreement,SPY,SMH,0.9382924767540152
7_vote_structure,alt3_drop_SOXL,common_all_sets,SPY|QQQ|SMH,3,250,1183,2021-11-29,2026-08-17,pairwise_agreement,QQQ,SMH,0.9416737109044802
7_vote_structure,alt3_drop_SOXL,common_all_sets,SPY|QQQ|SMH,3,250,1183,2021-11-29,2026-08-17,pairwise_correlation,SPY,QQQ,0.8580714142472596
7_vote_structure,alt3_drop_SOXL,common_all_sets,SPY|QQQ|SMH,3,250,1183,2021-11-29,2026-08-17,pairwise_correlation,SPY,SMH,0.8215802178230592
7_vote_structure,alt3_drop_SOXL,common_all_sets,SPY|QQQ|SMH,3,250,1183,2021-11-29,2026-08-17,pairwise_correlation,QQQ,SMH,0.8417164844930906
7_vote_structure,alt3_drop_SOXL,common_all_sets,SPY|QQQ|SMH,3,250,1183,2021-11-29,2026-08-17,vote_count_fraction,0,,0.19019442096365174
7_vote_structure,alt3_drop_SOXL,common_all_sets,SPY|QQQ|SMH,3,250,1183,2021-11-29,2026-08-17,vote_count_n,0,,225.0
7_vote_structure,alt3_drop_SOXL,common_all_sets,SPY|QQQ|SMH,3,250,1183,2021-11-29,2026-08-17,vote_count_fraction,1,,0.03634826711749789
7_vote_structure,alt3_drop_SOXL,common_all_sets,SPY|QQQ|SMH,3,250,1183,2021-11-29,2026-08-17,vote_count_n,1,,43.0
7_vote_structure,alt3_drop_SOXL,common_all_sets,SPY|QQQ|SMH,3,250,1183,2021-11-29,2026-08-17,vote_count_fraction,2,,0.049873203719357564
7_vote_structure,alt3_drop_SOXL,common_all_sets,SPY|QQQ|SMH,3,250,1183,2021-11-29,2026-08-17,vote_count_n,2,,59.0
7_vote_structure,alt3_drop_SOXL,common_all_sets,SPY|QQQ|SMH,3,250,1183,2021-11-29,2026-08-17,vote_count_fraction,3,,0.7235841081994928
7_vote_structure,alt3_drop_SOXL,common_all_sets,SPY|QQQ|SMH,3,250,1183,2021-11-29,2026-08-17,vote_count_n,3,,856.0
7_vote_structure,alt3_drop_SOXL,common_all_sets,SPY|QQQ|SMH,3,250,1183,2021-11-29,2026-08-17,effective_independent_votes,,,1.2431738544264093
7_vote_structure,alt3_drop_SOXL,common_all_sets,SPY|QQQ|SMH,3,250,1183,2021-11-29,2026-08-17,mean_vote_count,,,2.3068469991546916
7_vote_structure,alt3_drop_SOXL,common_all_sets,SPY|QQQ|SMH,3,250,1183,2021-11-29,2026-08-17,frac_bull,1,,0.8098055790363483
7_vote_structure,alt3_drop_SOXL,common_all_sets,SPY|QQQ|SMH,3,250,1183,2021-11-29,2026-08-17,flip_fraction_leave_one_out,1,SPY,0.02028740490278952
7_vote_structure,alt3_drop_SOXL,common_all_sets,SPY|QQQ|SMH,3,250,1183,2021-11-29,2026-08-17,flip_count_leave_one_out,1,SPY,24.0
7_vote_structure,alt3_drop_SOXL,common_all_sets,SPY|QQQ|SMH,3,250,1183,2021-11-29,2026-08-17,flip_fraction_leave_one_out,1,QQQ,0.0
7_vote_structure,alt3_drop_SOXL,common_all_sets,SPY|QQQ|SMH,3,250,1183,2021-11-29,2026-08-17,flip_count_leave_one_out,1,QQQ,0.0
7_vote_structure,alt3_drop_SOXL,common_all_sets,SPY|QQQ|SMH,3,250,1183,2021-11-29,2026-08-17,flip_fraction_leave_one_out,1,SMH,0.016060862214708368
7_vote_structure,alt3_drop_SOXL,common_all_sets,SPY|QQQ|SMH,3,250,1183,2021-11-29,2026-08-17,flip_count_leave_one_out,1,SMH,19.0
7_vote_structure,alt3_drop_SOXL,common_all_sets,SPY|QQQ|SMH,3,250,1183,2021-11-29,2026-08-17,frac_bull,2,,0.7734573119188504
7_vote_structure,alt3_drop_SOXL,common_all_sets,SPY|QQQ|SMH,3,250,1183,2021-11-29,2026-08-17,flip_fraction_leave_one_out,2,SPY,0.042265426880811495
7_vote_structure,alt3_drop_SOXL,common_all_sets,SPY|QQQ|SMH,3,250,1183,2021-11-29,2026-08-17,flip_count_leave_one_out,2,SPY,50.0
7_vote_structure,alt3_drop_SOXL,common_all_sets,SPY|QQQ|SMH,3,250,1183,2021-11-29,2026-08-17,flip_fraction_leave_one_out,2,QQQ,0.0253592561284869
7_vote_structure,alt3_drop_SOXL,common_all_sets,SPY|QQQ|SMH,3,250,1183,2021-11-29,2026-08-17,flip_count_leave_one_out,2,QQQ,30.0
7_vote_structure,alt3_drop_SOXL,common_all_sets,SPY|QQQ|SMH,3,250,1183,2021-11-29,2026-08-17,flip_fraction_leave_one_out,2,SMH,0.032121724429416736
7_vote_structure,alt3_drop_SOXL,common_all_sets,SPY|QQQ|SMH,3,250,1183,2021-11-29,2026-08-17,flip_count_leave_one_out,2,SMH,38.0
7_vote_structure,alt3_drop_SOXL,common_all_sets,SPY|QQQ|SMH,3,250,1183,2021-11-29,2026-08-17,frac_bull,3,,0.7235841081994928
7_vote_structure,alt3_drop_SOXL,common_all_sets,SPY|QQQ|SMH,3,250,1183,2021-11-29,2026-08-17,flip_fraction_leave_one_out,3,SPY,0.7235841081994928
7_vote_structure,alt3_drop_SOXL,common_all_sets,SPY|QQQ|SMH,3,250,1183,2021-11-29,2026-08-17,flip_count_leave_one_out,3,SPY,856.0
7_vote_structure,alt3_drop_SOXL,common_all_sets,SPY|QQQ|SMH,3,250,1183,2021-11-29,2026-08-17,flip_fraction_leave_one_out,3,QQQ,0.7235841081994928
7_vote_structure,alt3_drop_SOXL,common_all_sets,SPY|QQQ|SMH,3,250,1183,2021-11-29,2026-08-17,flip_count_leave_one_out,3,QQQ,856.0
7_vote_structure,alt3_drop_SOXL,common_all_sets,SPY|QQQ|SMH,3,250,1183,2021-11-29,2026-08-17,flip_fraction_leave_one_out,3,SMH,0.7235841081994928
7_vote_structure,alt3_drop_SOXL,common_all_sets,SPY|QQQ|SMH,3,250,1183,2021-11-29,2026-08-17,flip_count_leave_one_out,3,SMH,856.0
