table,line,metric,session15,session14,abs_gap,match_4dp,panel,convention,window,n_sessions,total_return,ann_return,ann_vol,sharpe_naive,sharpe_lo,max_drawdown,calmar,arith_mean_excess_ann,ann_turnover,downside_deviation_ann,sortino_mar_dtb3,skewness,excess_kurtosis,var_95_daily,cvar_95_daily,var_95_annualised,cvar_95_annualised,var_99_daily,cvar_99_daily,var_99_annualised,cvar_99_annualised,n_drawdowns_gt_20pct,mean_duration_drawdowns_gt_20pct_sessions,max_dd_duration_sessions,max_dd_duration_calendar_days,time_to_recovery_sessions,recovered_within_window,ulcer_index,pain_ratio,rolling_12m_sharpe_min,rolling_12m_sharpe_max,rolling_12m_sharpe_frac_below_zero,pct_positive_months,split_half_first_sharpe_lo,split_half_first_ann_return,split_half_second_sharpe_lo,split_half_second_ann_return,return_per_unit_turnover,turnover_adjusted_sharpe,year,line_kind,alpha_ann,beta,tracking_error_ann,information_ratio,r_squared,alpha_t_newey_west,newey_west_lag,andrews_bandwidth,up_capture,down_capture,n_up_days,n_down_days
positive_control,STRATEGY,ann_return,0.5218447451814521,0.5218447451814521,0.0,True,,,,,,,,,,,,,,,,,,,,,,,,,,,,,,,,,,,,,,,,,,,,,,,,,,,,,,,,,
positive_control,STRATEGY,ann_vol,0.48822011128306214,0.4882201112830621,5.551115123125783e-17,True,,,,,,,,,,,,,,,,,,,,,,,,,,,,,,,,,,,,,,,,,,,,,,,,,,,,,,,,,
positive_control,STRATEGY,sharpe_naive,1.0910863648060856,1.0910863648060856,0.0,True,,,,,,,,,,,,,,,,,,,,,,,,,,,,,,,,,,,,,,,,,,,,,,,,,,,,,,,,,
positive_control,STRATEGY,sharpe_lo,1.3817013060244996,1.3817013060244996,0.0,True,,,,,,,,,,,,,,,,,,,,,,,,,,,,,,,,,,,,,,,,,,,,,,,,,,,,,,,,,
positive_control,STRATEGY,max_drawdown,-0.5306024012913018,-0.5306024012913018,0.0,True,,,,,,,,,,,,,,,,,,,,,,,,,,,,,,,,,,,,,,,,,,,,,,,,,,,,,,,,,
positive_control,STRATEGY,calmar,0.983494880368923,0.983494880368923,0.0,True,,,,,,,,,,,,,,,,,,,,,,,,,,,,,,,,,,,,,,,,,,,,,,,,,,,,,,,,,
positive_control,STRATEGY,arith_mean_excess_ann,0.5326927273336467,0.5326927273336467,0.0,True,,,,,,,,,,,,,,,,,,,,,,,,,,,,,,,,,,,,,,,,,,,,,,,,,,,,,,,,,
positive_control,STRATEGY,ann_turnover,37.87437898045862,37.87437898045862,0.0,True,,,,,,,,,,,,,,,,,,,,,,,,,,,,,,,,,,,,,,,,,,,,,,,,,,,,,,,,,
positive_control,buy_hold_QQQ,ann_return,0.2309626254933499,0.2309626254933499,0.0,True,,,,,,,,,,,,,,,,,,,,,,,,,,,,,,,,,,,,,,,,,,,,,,,,,,,,,,,,,
positive_control,buy_hold_QQQ,ann_vol,0.190300966526694,0.190300966526694,0.0,True,,,,,,,,,,,,,,,,,,,,,,,,,,,,,,,,,,,,,,,,,,,,,,,,,,,,,,,,,
positive_control,buy_hold_QQQ,sharpe_naive,1.156109002129786,1.156109002129786,0.0,True,,,,,,,,,,,,,,,,,,,,,,,,,,,,,,,,,,,,,,,,,,,,,,,,,,,,,,,,,
positive_control,buy_hold_QQQ,sharpe_lo,1.8033205072078788,1.8033205072078788,0.0,True,,,,,,,,,,,,,,,,,,,,,,,,,,,,,,,,,,,,,,,,,,,,,,,,,,,,,,,,,
positive_control,buy_hold_QQQ,max_drawdown,-0.2756457596241686,-0.2756457596241686,0.0,True,,,,,,,,,,,,,,,,,,,,,,,,,,,,,,,,,,,,,,,,,,,,,,,,,,,,,,,,,
positive_control,buy_hold_QQQ,calmar,0.8378965299820238,0.8378965299820238,0.0,True,,,,,,,,,,,,,,,,,,,,,,,,,,,,,,,,,,,,,,,,,,,,,,,,,,,,,,,,,
positive_control,buy_hold_QQQ,arith_mean_excess_ann,0.220036525662543,0.220036525662543,0.0,True,,,,,,,,,,,,,,,,,,,,,,,,,,,,,,,,,,,,,,,,,,,,,,,,,,,,,,,,,
positive_control,buy_hold_QQQ,ann_turnover,0.017286585046131533,0.0172865850461315,3.122502256758253e-17,True,,,,,,,,,,,,,,,,,,,,,,,,,,,,,,,,,,,,,,,,,,,,,,,,,,,,,,,,,
metrics,STRATEGY,,,,,,realized,c2c,full,3459.0,13.262738415091864,0.21363372588570795,0.4477492464362563,0.6415576887184707,0.7161422278493822,-0.6890367908200289,0.3100469071200981,0.28725231693106906,37.473613666387436,0.35117835477595466,0.8179670330602544,1.0655483555168483,35.34960062862203,-0.039118048773616874,-0.06429150734836964,-0.6209797729745127,-1.0205960391436064,-0.07819290915704093,-0.11105731083495472,-1.2412739515091729,-1.7629801544693353,12.0,185.83333333333334,736.0,1069.0,518.0,True,25.821340827639457,0.827353340447108,-1.396332865336504,2.6140194999178834,0.2048004987531172,0.5515151515151515,0.29983219841623193,0.041093020647127165,1.2367409293875815,0.4146442615761803,0.005700910720476637,0.01911057295474382,,,,,,,,,,,,,,
per_year,STRATEGY,,,,,,realized,c2c,full,,,0.0037773507594958122,,,-2.933378872165271,,,,,,,,,,,,,,,,,,,,,,,,,,,,,,,,,,,2007.0,,,,,,,,,,,,,
per_year,STRATEGY,,,,,,realized,c2c,full,,,-0.010364605788346637,,,-0.664926414324991,,,,,,,,,,,,,,,,,,,,,,,,,,,,,,,,,,,2008.0,,,,,,,,,,,,,
per_year,STRATEGY,,,,,,realized,c2c,full,,,0.1134356042482414,,,2.7969720787899313,,,,,,,,,,,,,,,,,,,,,,,,,,,,,,,,,,,2009.0,,,,,,,,,,,,,
per_year,STRATEGY,,,,,,realized,c2c,full,,,0.057059216245480604,,,0.4411795778113563,,,,,,,,,,,,,,,,,,,,,,,,,,,,,,,,,,,2010.0,,,,,,,,,,,,,
per_year,STRATEGY,,,,,,realized,c2c,full,,,-0.25656073599436036,,,-0.7015366568838306,,,,,,,,,,,,,,,,,,,,,,,,,,,,,,,,,,,2011.0,,,,,,,,,,,,,
per_year,STRATEGY,,,,,,realized,c2c,full,,,-0.15996137274442257,,,0.016862845496393105,,,,,,,,,,,,,,,,,,,,,,,,,,,,,,,,,,,2012.0,,,,,,,,,,,,,
per_year,STRATEGY,,,,,,realized,c2c,full,,,0.5249772985941044,,,1.519178882337423,,,,,,,,,,,,,,,,,,,,,,,,,,,,,,,,,,,2013.0,,,,,,,,,,,,,
per_year,STRATEGY,,,,,,realized,c2c,full,,,0.21790064880078397,,,1.9785268564222334,,,,,,,,,,,,,,,,,,,,,,,,,,,,,,,,,,,2014.0,,,,,,,,,,,,,
per_year,STRATEGY,,,,,,realized,c2c,full,,,-0.06289938908712822,,,-0.032970066504817916,,,,,,,,,,,,,,,,,,,,,,,,,,,,,,,,,,,2015.0,,,,,,,,,,,,,
per_year,STRATEGY,,,,,,realized,c2c,full,,,0.2633997581438079,,,1.5835165298908334,,,,,,,,,,,,,,,,,,,,,,,,,,,,,,,,,,,2016.0,,,,,,,,,,,,,
per_year,STRATEGY,,,,,,realized,c2c,full,,,0.40361032198704305,,,4.035875076707621,,,,,,,,,,,,,,,,,,,,,,,,,,,,,,,,,,,2017.0,,,,,,,,,,,,,
per_year,STRATEGY,,,,,,realized,c2c,full,,,0.2773891999759486,,,1.3832284770396437,,,,,,,,,,,,,,,,,,,,,,,,,,,,,,,,,,,2018.0,,,,,,,,,,,,,
per_year,STRATEGY,,,,,,realized,c2c,full,,,0.8701226663277981,,,4.606425821691602,,,,,,,,,,,,,,,,,,,,,,,,,,,,,,,,,,,2019.0,,,,,,,,,,,,,
per_year,STRATEGY,,,,,,realized,c2c,full,,,0.6921652494158452,,,1.404745045388466,,,,,,,,,,,,,,,,,,,,,,,,,,,,,,,,,,,2020.0,,,,,,,,,,,,,
per_year,STRATEGY,,,,,,realized,c2c,full,,,0.5656555542021997,,,3.937539544185349,,,,,,,,,,,,,,,,,,,,,,,,,,,,,,,,,,,2021.0,,,,,,,,,,,,,
metrics,buy_hold_QQQ,,,,,,realized,c2c,full,3459.0,6.576441632926882,0.15896963793134966,0.22322215356572192,0.7461155220431919,0.8722498684041261,-0.5311685604951986,0.2992828449468945,0.16657135972695813,0.015788435642399644,0.1776282006297129,0.9377528969861938,-0.14353000813565317,8.409993915724861,-0.023011542695854037,-0.034149868494453596,-0.3652969155430478,-0.5421123560513038,-0.04060380143649333,-0.054626712286590884,-0.6445653653088512,-0.8671721739083761,3.0,327.3333333333333,756.0,1094.0,494.0,True,12.978136500027967,1.224903420695314,-1.605822357598883,3.054533154767494,0.08198254364089776,0.6303030303030303,0.5353766868415799,0.10161708657275081,1.5359268097136634,0.21927231654648938,10.068739014550543,55.24612369205915,,window_entry,0.1681584777512441,0.7149718857734139,0.423135883599937,0.2852061521641387,0.1270898270823232,1.4741327658437908,21.0,3.1275352864212698,0.8125223186152878,0.6732734190466773,1923.0,1536.0
per_year,buy_hold_QQQ,,,,,,realized,c2c,full,,,-0.0579391846261742,,,-6.001696964672987,,,,,,,,,,,,,,,,,,,,,,,,,,,,,,,,,,,2007.0,,,,,,,,,,,,,
per_year,buy_hold_QQQ,,,,,,realized,c2c,full,,,-0.4173671092610174,,,-2.7304759792923843,,,,,,,,,,,,,,,,,,,,,,,,,,,,,,,,,,,2008.0,,,,,,,,,,,,,
per_year,buy_hold_QQQ,,,,,,realized,c2c,full,,,0.5469890495305672,,,6.598930273924752,,,,,,,,,,,,,,,,,,,,,,,,,,,,,,,,,,,2009.0,,,,,,,,,,,,,
per_year,buy_hold_QQQ,,,,,,realized,c2c,full,,,0.20147271401111055,,,2.101467720223932,,,,,,,,,,,,,,,,,,,,,,,,,,,,,,,,,,,2010.0,,,,,,,,,,,,,
per_year,buy_hold_QQQ,,,,,,realized,c2c,full,,,0.03473783615876891,,,1.1082889573594812,,,,,,,,,,,,,,,,,,,,,,,,,,,,,,,,,,,2011.0,,,,,,,,,,,,,
per_year,buy_hold_QQQ,,,,,,realized,c2c,full,,,0.18119187363249423,,,1.5374575816101566,,,,,,,,,,,,,,,,,,,,,,,,,,,,,,,,,,,2012.0,,,,,,,,,,,,,
per_year,buy_hold_QQQ,,,,,,realized,c2c,full,,,0.3663951774039078,,,8.531433338563295,,,,,,,,,,,,,,,,,,,,,,,,,,,,,,,,,,,2013.0,,,,,,,,,,,,,
per_year,buy_hold_QQQ,,,,,,realized,c2c,full,,,0.1918136831844537,,,4.185501514742211,,,,,,,,,,,,,,,,,,,,,,,,,,,,,,,,,,,2014.0,,,,,,,,,,,,,
per_year,buy_hold_QQQ,,,,,,realized,c2c,full,,,0.09446695210366207,,,2.487806962291905,,,,,,,,,,,,,,,,,,,,,,,,,,,,,,,,,,,2015.0,,,,,,,,,,,,,
per_year,buy_hold_QQQ,,,,,,realized,c2c,full,,,0.07102613256775947,,,1.046103951099578,,,,,,,,,,,,,,,,,,,,,,,,,,,,,,,,,,,2016.0,,,,,,,,,,,,,
per_year,buy_hold_QQQ,,,,,,realized,c2c,full,,,0.32665621480497986,,,5.667037339930552,,,,,,,,,,,,,,,,,,,,,,,,,,,,,,,,,,,2017.0,,,,,,,,,,,,,
per_year,buy_hold_QQQ,,,,,,realized,c2c,full,,,-0.0011592631719749003,,,0.036730413792824886,,,,,,,,,,,,,,,,,,,,,,,,,,,,,,,,,,,2018.0,,,,,,,,,,,,,
per_year,buy_hold_QQQ,,,,,,realized,c2c,full,,,0.3896214205924349,,,4.5619257184100235,,,,,,,,,,,,,,,,,,,,,,,,,,,,,,,,,,,2019.0,,,,,,,,,,,,,
per_year,buy_hold_QQQ,,,,,,realized,c2c,full,,,0.4840535724958863,,,4.1218421486397645,,,,,,,,,,,,,,,,,,,,,,,,,,,,,,,,,,,2020.0,,,,,,,,,,,,,
per_year,buy_hold_QQQ,,,,,,realized,c2c,full,,,0.16479978997365308,,,6.077403549450565,,,,,,,,,,,,,,,,,,,,,,,,,,,,,,,,,,,2021.0,,,,,,,,,,,,,
metrics,buy_hold_TQQQ,,,,,,realized,c2c,full,3459.0,11.449772315529552,0.2016728816868396,0.3043982070476637,0.7390480885840902,0.7865951912112933,-0.5838990247390017,0.34538999577364565,0.22497167593111916,0.0011467880606159933,0.3115882357119631,0.7220159497263126,-1.0709094333872844,22.907841953834527,-0.02440015581085145,-0.0506117152752368,-0.38734046536044314,-0.8034360722681132,-0.06670052629044967,-0.09467616759968021,-1.0588380292899326,-1.5029375673205492,7.0,128.0,98.0,140.0,77.0,True,9.485963589459915,2.12601365991878,-0.4303624543283921,3.4292968782593776,0.07231920199501247,0.6909090909090909,0.8890285003649478,0.06879642999016178,1.1539733725602515,0.3509774798123657,175.8588954776105,685.9115631085106,,window_entry,0.17082034360891774,0.5175405874551069,0.4440969873843273,0.14024107969471858,0.12380650605114785,1.5635776064393927,21.0,3.729619717295859,0.7390757180582425,0.6293000062257096,2204.0,1252.0
per_year,buy_hold_TQQQ,,,,,,realized,c2c,full,,,0.005218620820047981,,,,,,,,,,,,,,,,,,,,,,,,,,,,,,,,,,,,,,2007.0,,,,,,,,,,,,,
per_year,buy_hold_TQQQ,,,,,,realized,c2c,full,,,0.013977543603247211,,,1.221111210954931,,,,,,,,,,,,,,,,,,,,,,,,,,,,,,,,,,,2008.0,,,,,,,,,,,,,
per_year,buy_hold_TQQQ,,,,,,realized,c2c,full,,,0.0014961143208729322,,,1.2259617071327573,,,,,,,,,,,,,,,,,,,,,,,,,,,,,,,,,,,2009.0,,,,,,,,,,,,,
per_year,buy_hold_TQQQ,,,,,,realized,c2c,full,,,0.05787558793941305,,,2.250752798339014,,,,,,,,,,,,,,,,,,,,,,,,,,,,,,,,,,,2010.0,,,,,,,,,,,,,
per_year,buy_hold_TQQQ,,,,,,realized,c2c,full,,,-0.00941091065562727,,,-0.2643348633779748,,,,,,,,,,,,,,,,,,,,,,,,,,,,,,,,,,,2011.0,,,,,,,,,,,,,
per_year,buy_hold_TQQQ,,,,,,realized,c2c,full,,,0.060331373356086404,,,1.1890927555345414,,,,,,,,,,,,,,,,,,,,,,,,,,,,,,,,,,,2012.0,,,,,,,,,,,,,
per_year,buy_hold_TQQQ,,,,,,realized,c2c,full,,,0.22906253506844743,,,4.8959480092434235,,,,,,,,,,,,,,,,,,,,,,,,,,,,,,,,,,,2013.0,,,,,,,,,,,,,
per_year,buy_hold_TQQQ,,,,,,realized,c2c,full,,,0.18238138945191462,,,3.5118650471250517,,,,,,,,,,,,,,,,,,,,,,,,,,,,,,,,,,,2014.0,,,,,,,,,,,,,
per_year,buy_hold_TQQQ,,,,,,realized,c2c,full,,,0.07334411107796446,,,1.6576249910901453,,,,,,,,,,,,,,,,,,,,,,,,,,,,,,,,,,,2015.0,,,,,,,,,,,,,
per_year,buy_hold_TQQQ,,,,,,realized,c2c,full,,,0.05440422858364391,,,0.6727553504421617,,,,,,,,,,,,,,,,,,,,,,,,,,,,,,,,,,,2016.0,,,,,,,,,,,,,
per_year,buy_hold_TQQQ,,,,,,realized,c2c,full,,,0.582249416645022,,,6.647731787416836,,,,,,,,,,,,,,,,,,,,,,,,,,,,,,,,,,,2017.0,,,,,,,,,,,,,
per_year,buy_hold_TQQQ,,,,,,realized,c2c,full,,,-0.12700955930674895,,,-0.1495969674015848,,,,,,,,,,,,,,,,,,,,,,,,,,,,,,,,,,,2018.0,,,,,,,,,,,,,
per_year,buy_hold_TQQQ,,,,,,realized,c2c,full,,,0.8367309844311814,,,4.622384922810765,,,,,,,,,,,,,,,,,,,,,,,,,,,,,,,,,,,2019.0,,,,,,,,,,,,,
per_year,buy_hold_TQQQ,,,,,,realized,c2c,full,,,0.8683268204879941,,,3.053059503222427,,,,,,,,,,,,,,,,,,,,,,,,,,,,,,,,,,,2020.0,,,,,,,,,,,,,
per_year,buy_hold_TQQQ,,,,,,realized,c2c,full,,,0.4079687504792129,,,5.6372390020419045,,,,,,,,,,,,,,,,,,,,,,,,,,,,,,,,,,,2021.0,,,,,,,,,,,,,
metrics,vol_targeted_QQQ_matched,,,,,,realized,c2c,full,3459.0,14.453155840513373,0.22074224849624535,0.25985705908035994,0.8757486151741336,1.1051948846725,-0.3502600151167655,0.6302239449817214,0.22757825924866487,1.2830205198593687,0.22926878759799588,0.9926264348189636,-0.6475786164554992,4.779359223826095,-0.027322919174490545,-0.042416320055068776,-0.43373789536812124,-0.673338206377401,-0.049558154312825696,-0.0677334909821733,-0.7867113104825993,-1.0752358354143998,7.0,244.85714285714286,224.0,322.0,207.0,True,10.73775668996645,2.0557575932271854,-0.7215302042181408,3.4210300278435657,0.10162094763092269,0.703030303030303,1.0511984918933095,0.19552935728883614,1.1670454816054174,0.24647182520875477,0.17204888392622186,0.8614007863207362,,window_entry,0.14243603539187857,0.6363361861422624,0.4266838129174457,0.1398554523884642,0.13640183499556602,1.2625851363043412,21.0,3.2133087975484154,0.688509464150236,0.5797107805502748,2199.0,1257.0
per_year,vol_targeted_QQQ_matched,,,,,,realized,c2c,full,,,0.005218620820047981,,,,,,,,,,,,,,,,,,,,,,,,,,,,,,,,,,,,,,2007.0,,,,,,,,,,,,,
per_year,vol_targeted_QQQ_matched,,,,,,realized,c2c,full,,,0.013977543603247211,,,1.221111210954931,,,,,,,,,,,,,,,,,,,,,,,,,,,,,,,,,,,2008.0,,,,,,,,,,,,,
per_year,vol_targeted_QQQ_matched,,,,,,realized,c2c,full,,,0.0014961143208729322,,,1.2259617071327573,,,,,,,,,,,,,,,,,,,,,,,,,,,,,,,,,,,2009.0,,,,,,,,,,,,,
per_year,vol_targeted_QQQ_matched,,,,,,realized,c2c,full,,,0.31164878830599707,,,2.345988449654038,,,,,,,,,,,,,,,,,,,,,,,,,,,,,,,,,,,2010.0,,,,,,,,,,,,,
per_year,vol_targeted_QQQ_matched,,,,,,realized,c2c,full,,,-0.018193773339280184,,,0.2701535447629727,,,,,,,,,,,,,,,,,,,,,,,,,,,,,,,,,,,2011.0,,,,,,,,,,,,,
per_year,vol_targeted_QQQ_matched,,,,,,realized,c2c,full,,,0.13549915347700336,,,0.9902656533728144,,,,,,,,,,,,,,,,,,,,,,,,,,,,,,,,,,,2012.0,,,,,,,,,,,,,
per_year,vol_targeted_QQQ_matched,,,,,,realized,c2c,full,,,0.8077965023173435,,,6.447273956872384,,,,,,,,,,,,,,,,,,,,,,,,,,,,,,,,,,,2013.0,,,,,,,,,,,,,
per_year,vol_targeted_QQQ_matched,,,,,,realized,c2c,full,,,0.3148019892507594,,,3.572961687403055,,,,,,,,,,,,,,,,,,,,,,,,,,,,,,,,,,,2014.0,,,,,,,,,,,,,
per_year,vol_targeted_QQQ_matched,,,,,,realized,c2c,full,,,0.03531599646024963,,,0.863936940621423,,,,,,,,,,,,,,,,,,,,,,,,,,,,,,,,,,,2015.0,,,,,,,,,,,,,
per_year,vol_targeted_QQQ_matched,,,,,,realized,c2c,full,,,0.03443552720502607,,,0.5274315813664888,,,,,,,,,,,,,,,,,,,,,,,,,,,,,,,,,,,2016.0,,,,,,,,,,,,,
per_year,vol_targeted_QQQ_matched,,,,,,realized,c2c,full,,,0.9195470192357256,,,5.166183438611772,,,,,,,,,,,,,,,,,,,,,,,,,,,,,,,,,,,2017.0,,,,,,,,,,,,,
per_year,vol_targeted_QQQ_matched,,,,,,realized,c2c,full,,,-0.03782557221691585,,,0.0005391159511376253,,,,,,,,,,,,,,,,,,,,,,,,,,,,,,,,,,,2018.0,,,,,,,,,,,,,
per_year,vol_targeted_QQQ_matched,,,,,,realized,c2c,full,,,0.44310836130923636,,,4.04105702543784,,,,,,,,,,,,,,,,,,,,,,,,,,,,,,,,,,,2019.0,,,,,,,,,,,,,
per_year,vol_targeted_QQQ_matched,,,,,,realized,c2c,full,,,0.2745449725479985,,,2.347380014658912,,,,,,,,,,,,,,,,,,,,,,,,,,,,,,,,,,,2020.0,,,,,,,,,,,,,
per_year,vol_targeted_QQQ_matched,,,,,,realized,c2c,full,,,0.19717041631552412,,,4.35260575924506,,,,,,,,,,,,,,,,,,,,,,,,,,,,,,,,,,,2021.0,,,,,,,,,,,,,
metrics,naive_fast_1d_momentum,,,,,,realized,c2c,full,3459.0,10.27354930644122,0.19301587832205747,0.37078450321522594,0.6463101453803737,0.643556934243516,-0.6404771806901552,0.30136261547065657,0.23964117145296918,59.01568856061813,0.3577935592874338,0.6697749728369292,-0.03433238574404301,17.153087382478834,-0.03347410773619249,-0.06287516768009306,-0.5313849865784919,-0.9981123439380731,-0.07771337363611586,-0.10620131956567548,-1.2336615611100357,-1.685893682866053,6.0,355.8333333333333,1611.0,2338.0,1450.0,True,28.2462879962253,0.6833318358428236,-1.3766802706339625,3.2232564478131907,0.21009975062344138,0.6787878787878788,0.15410543861954057,-0.0016717650466145928,1.215083051898853,0.4255234618649124,0.0032705858904586134,0.010904844964783977,,window_entry,0.22120020992179557,0.2756292109940578,0.5120215632924409,0.09298660230625243,0.0520997635992797,1.8705079094905843,21.0,2.816453921732238,0.3613830756563994,0.1983173263160191,2023.0,1429.0
per_year,naive_fast_1d_momentum,,,,,,realized,c2c,full,,,0.005218620820047981,,,,,,,,,,,,,,,,,,,,,,,,,,,,,,,,,,,,,,2007.0,,,,,,,,,,,,,
per_year,naive_fast_1d_momentum,,,,,,realized,c2c,full,,,0.013977543603247211,,,1.221111210954931,,,,,,,,,,,,,,,,,,,,,,,,,,,,,,,,,,,2008.0,,,,,,,,,,,,,
per_year,naive_fast_1d_momentum,,,,,,realized,c2c,full,,,0.0014961143208729322,,,1.2259617071327573,,,,,,,,,,,,,,,,,,,,,,,,,,,,,,,,,,,2009.0,,,,,,,,,,,,,
per_year,naive_fast_1d_momentum,,,,,,realized,c2c,full,,,0.2636498498068196,,,1.1884949548435684,,,,,,,,,,,,,,,,,,,,,,,,,,,,,,,,,,,2010.0,,,,,,,,,,,,,
per_year,naive_fast_1d_momentum,,,,,,realized,c2c,full,,,-0.5096106314180922,,,-2.517795644300861,,,,,,,,,,,,,,,,,,,,,,,,,,,,,,,,,,,2011.0,,,,,,,,,,,,,
per_year,naive_fast_1d_momentum,,,,,,realized,c2c,full,,,-0.12094374074937864,,,-0.23097657968323088,,,,,,,,,,,,,,,,,,,,,,,,,,,,,,,,,,,2012.0,,,,,,,,,,,,,
per_year,naive_fast_1d_momentum,,,,,,realized,c2c,full,,,0.6022234739460988,,,7.060607423632862,,,,,,,,,,,,,,,,,,,,,,,,,,,,,,,,,,,2013.0,,,,,,,,,,,,,
per_year,naive_fast_1d_momentum,,,,,,realized,c2c,full,,,0.09194705332530417,,,1.0954342979045044,,,,,,,,,,,,,,,,,,,,,,,,,,,,,,,,,,,2014.0,,,,,,,,,,,,,
per_year,naive_fast_1d_momentum,,,,,,realized,c2c,full,,,-0.11933678340742115,,,-0.6797616900573547,,,,,,,,,,,,,,,,,,,,,,,,,,,,,,,,,,,2015.0,,,,,,,,,,,,,
per_year,naive_fast_1d_momentum,,,,,,realized,c2c,full,,,0.12196883672521741,,,1.3808533950573585,,,,,,,,,,,,,,,,,,,,,,,,,,,,,,,,,,,2016.0,,,,,,,,,,,,,
per_year,naive_fast_1d_momentum,,,,,,realized,c2c,full,,,0.7438939939400424,,,5.803507814166516,,,,,,,,,,,,,,,,,,,,,,,,,,,,,,,,,,,2017.0,,,,,,,,,,,,,
per_year,naive_fast_1d_momentum,,,,,,realized,c2c,full,,,0.17367790757263157,,,0.5495236632241688,,,,,,,,,,,,,,,,,,,,,,,,,,,,,,,,,,,2018.0,,,,,,,,,,,,,
per_year,naive_fast_1d_momentum,,,,,,realized,c2c,full,,,1.1530478065361471,,,3.8390041410276226,,,,,,,,,,,,,,,,,,,,,,,,,,,,,,,,,,,2019.0,,,,,,,,,,,,,
per_year,naive_fast_1d_momentum,,,,,,realized,c2c,full,,,1.5323876198398407,,,4.592854304713685,,,,,,,,,,,,,,,,,,,,,,,,,,,,,,,,,,,2020.0,,,,,,,,,,,,,
per_year,naive_fast_1d_momentum,,,,,,realized,c2c,full,,,0.05092054467337204,,,1.3371364268994324,,,,,,,,,,,,,,,,,,,,,,,,,,,,,,,,,,,2021.0,,,,,,,,,,,,,
metrics,matched_exposure_levered_QQQ_1.70,,,,,,realized,c2c,full,3459.0,27.428387956827827,0.27617675696774957,0.3001581061941201,0.9441310096679941,1.3365171694124514,-0.4562819382003468,0.6052765490938288,0.28339998309407866,0.8115259659960591,0.2656851356436785,1.066676095399474,-0.4886146743982715,10.181373806276493,-0.02903132205946629,-0.04736981759635396,-0.4608579504046279,-0.7519725420626641,-0.055700063233737385,-0.0764440226329773,-0.8842110919622478,-1.2135112386255056,7.0,114.42857142857143,86.0,123.0,65.0,True,8.472521662609106,3.259676020500149,-0.4158801050455207,3.4323550181849667,0.02805486284289277,0.703030303030303,1.2805618440932025,0.21655864221015197,1.4954977609432163,0.3386794684328289,0.34031783151728595,1.6469185527194108,,window_entry,0.11616330463200396,0.6037015614156538,0.4263630201281428,0.0090353376234002,0.163803833597984,1.0681406343996664,21.0,3.3441759764578727,0.6132943601749309,0.5265221819260196,2203.0,1253.0
per_year,matched_exposure_levered_QQQ_1.70,,,,,,realized,c2c,full,,,0.005218620820047981,,,,,,,,,,,,,,,,,,,,,,,,,,,,,,,,,,,,,,2007.0,,,,,,,,,,,,,
per_year,matched_exposure_levered_QQQ_1.70,,,,,,realized,c2c,full,,,0.013977543603247211,,,1.221111210954931,,,,,,,,,,,,,,,,,,,,,,,,,,,,,,,,,,,2008.0,,,,,,,,,,,,,
per_year,matched_exposure_levered_QQQ_1.70,,,,,,realized,c2c,full,,,0.0014961143208729322,,,1.2259617071327573,,,,,,,,,,,,,,,,,,,,,,,,,,,,,,,,,,,2009.0,,,,,,,,,,,,,
per_year,matched_exposure_levered_QQQ_1.70,,,,,,realized,c2c,full,,,0.385238345695025,,,2.5280990709947737,,,,,,,,,,,,,,,,,,,,,,,,,,,,,,,,,,,2010.0,,,,,,,,,,,,,
per_year,matched_exposure_levered_QQQ_1.70,,,,,,realized,c2c,full,,,0.013415047500952904,,,0.965881455961168,,,,,,,,,,,,,,,,,,,,,,,,,,,,,,,,,,,2011.0,,,,,,,,,,,,,
per_year,matched_exposure_levered_QQQ_1.70,,,,,,realized,c2c,full,,,0.3018434183396974,,,1.515271269116505,,,,,,,,,,,,,,,,,,,,,,,,,,,,,,,,,,,2012.0,,,,,,,,,,,,,
per_year,matched_exposure_levered_QQQ_1.70,,,,,,realized,c2c,full,,,0.6684614712806372,,,8.373368751719497,,,,,,,,,,,,,,,,,,,,,,,,,,,,,,,,,,,2013.0,,,,,,,,,,,,,
per_year,matched_exposure_levered_QQQ_1.70,,,,,,realized,c2c,full,,,0.31916063685497686,,,4.054948475382523,,,,,,,,,,,,,,,,,,,,,,,,,,,,,,,,,,,2014.0,,,,,,,,,,,,,
per_year,matched_exposure_levered_QQQ_1.70,,,,,,realized,c2c,full,,,0.13245904686851828,,,2.3373376329592395,,,,,,,,,,,,,,,,,,,,,,,,,,,,,,,,,,,2015.0,,,,,,,,,,,,,
per_year,matched_exposure_levered_QQQ_1.70,,,,,,realized,c2c,full,,,0.09525510249866209,,,0.9755051251946797,,,,,,,,,,,,,,,,,,,,,,,,,,,,,,,,,,,2016.0,,,,,,,,,,,,,
per_year,matched_exposure_levered_QQQ_1.70,,,,,,realized,c2c,full,,,0.5796809017401914,,,5.555180411782332,,,,,,,,,,,,,,,,,,,,,,,,,,,,,,,,,,,2017.0,,,,,,,,,,,,,
per_year,matched_exposure_levered_QQQ_1.70,,,,,,realized,c2c,full,,,-0.05853627293303154,,,-0.026256520044559077,,,,,,,,,,,,,,,,,,,,,,,,,,,,,,,,,,,2018.0,,,,,,,,,,,,,
per_year,matched_exposure_levered_QQQ_1.70,,,,,,realized,c2c,full,,,0.6803147723626646,,,4.43894311500465,,,,,,,,,,,,,,,,,,,,,,,,,,,,,,,,,,,2019.0,,,,,,,,,,,,,
per_year,matched_exposure_levered_QQQ_1.70,,,,,,realized,c2c,full,,,0.7598718976145982,,,3.79049935637859,,,,,,,,,,,,,,,,,,,,,,,,,,,,,,,,,,,2020.0,,,,,,,,,,,,,
per_year,matched_exposure_levered_QQQ_1.70,,,,,,realized,c2c,full,,,0.26925002228345596,,,5.863152954955412,,,,,,,,,,,,,,,,,,,,,,,,,,,,,,,,,,,2021.0,,,,,,,,,,,,,
metrics,long_legs_only,,,,,,realized,c2c,full,3459.0,35.99255888718441,0.30089577812816537,0.45638629852212476,0.7903372115645673,0.7956856319564519,-0.6584622981011947,0.4569673601599627,0.3606957526136144,30.801087993821053,0.3527260090843586,1.022594714662365,0.9657210652770128,32.420070826565215,-0.040776024038973104,-0.06468953343134991,-0.6472993143666861,-1.026914507328904,-0.07700711501478863,-0.1106844189455188,-1.2224500530700724,-1.7570606792371726,13.0,158.0,661.0,959.0,405.0,True,22.564697936370504,1.3334801953770978,-1.694559419434377,2.8490499898129715,0.20324189526184538,0.5818181818181818,0.42115607877642913,0.08797485869458121,1.2693017008291931,0.555325454361095,0.009768998360984115,0.025833036551048873,,strategy_stream,-0.05613638104772505,0.952017581273379,0.110346151058553,-0.6655731530098772,0.9416542718470117,-1.9306161668946544,21.0,0.5803059774219741,0.8928279040177286,0.9101402603755802,1851.0,1608.0
per_year,long_legs_only,,,,,,realized,c2c,full,,,0.009754554142228145,,,10.17452296422267,,,,,,,,,,,,,,,,,,,,,,,,,,,,,,,,,,,2007.0,,,,,,,,,,,,,
per_year,long_legs_only,,,,,,realized,c2c,full,,,-0.03317340560408011,,,-1.2934368442470057,,,,,,,,,,,,,,,,,,,,,,,,,,,,,,,,,,,2008.0,,,,,,,,,,,,,
per_year,long_legs_only,,,,,,realized,c2c,full,,,0.15556622277161036,,,4.291512247898203,,,,,,,,,,,,,,,,,,,,,,,,,,,,,,,,,,,2009.0,,,,,,,,,,,,,
per_year,long_legs_only,,,,,,realized,c2c,full,,,0.056568710963894375,,,0.4127164355796958,,,,,,,,,,,,,,,,,,,,,,,,,,,,,,,,,,,2010.0,,,,,,,,,,,,,
per_year,long_legs_only,,,,,,realized,c2c,full,,,-0.17132320827000735,,,-0.40351813676844395,,,,,,,,,,,,,,,,,,,,,,,,,,,,,,,,,,,2011.0,,,,,,,,,,,,,
per_year,long_legs_only,,,,,,realized,c2c,full,,,-0.17726538475586728,,,-0.04759937333941052,,,,,,,,,,,,,,,,,,,,,,,,,,,,,,,,,,,2012.0,,,,,,,,,,,,,
per_year,long_legs_only,,,,,,realized,c2c,full,,,0.896958435340419,,,2.578691687361992,,,,,,,,,,,,,,,,,,,,,,,,,,,,,,,,,,,2013.0,,,,,,,,,,,,,
per_year,long_legs_only,,,,,,realized,c2c,full,,,0.18070914334591115,,,1.822159766940415,,,,,,,,,,,,,,,,,,,,,,,,,,,,,,,,,,,2014.0,,,,,,,,,,,,,
per_year,long_legs_only,,,,,,realized,c2c,full,,,-0.10229984175290441,,,-0.38167534039870155,,,,,,,,,,,,,,,,,,,,,,,,,,,,,,,,,,,2015.0,,,,,,,,,,,,,
per_year,long_legs_only,,,,,,realized,c2c,full,,,0.17678630282041463,,,1.4776703552865427,,,,,,,,,,,,,,,,,,,,,,,,,,,,,,,,,,,2016.0,,,,,,,,,,,,,
per_year,long_legs_only,,,,,,realized,c2c,full,,,0.47742969301605975,,,4.507888202627922,,,,,,,,,,,,,,,,,,,,,,,,,,,,,,,,,,,2017.0,,,,,,,,,,,,,
per_year,long_legs_only,,,,,,realized,c2c,full,,,0.5019919801956558,,,2.035010571860051,,,,,,,,,,,,,,,,,,,,,,,,,,,,,,,,,,,2018.0,,,,,,,,,,,,,
per_year,long_legs_only,,,,,,realized,c2c,full,,,1.154813413492438,,,5.587007478527282,,,,,,,,,,,,,,,,,,,,,,,,,,,,,,,,,,,2019.0,,,,,,,,,,,,,
per_year,long_legs_only,,,,,,realized,c2c,full,,,1.367890571427552,,,2.2632796426374604,,,,,,,,,,,,,,,,,,,,,,,,,,,,,,,,,,,2020.0,,,,,,,,,,,,,
per_year,long_legs_only,,,,,,realized,c2c,full,,,0.6991708600421498,,,4.673336978206304,,,,,,,,,,,,,,,,,,,,,,,,,,,,,,,,,,,2021.0,,,,,,,,,,,,,
metrics,equal_weight_universe,,,,,,realized,c2c,full,3459.0,3.1592810726354914,0.10942411480888459,0.27974419672802486,0.4924921275342218,0.48226511255911947,-0.5925894369812181,0.1846541770408789,0.13777569803725176,0.028377629907641977,0.3750504983354783,0.36735239294099803,-1.2494003558563225,27.489894057518896,-0.021717438456269077,-0.04727282976998536,-0.3447536476118308,-0.7504329080500319,-0.06606070477706448,-0.09331587737194556,-1.0486811776426153,-1.4813436293998052,6.0,194.5,129.0,183.0,108.0,True,10.91826885127716,1.0022112140615107,-2.4644601177473704,2.839840447198429,0.15866583541147133,0.8242424242424242,0.3831304925633862,0.0035352578986123095,0.7699641388942111,0.2264148081738857,3.8559990797334747,16.994552192297338,,window_entry,0.22713997770629865,0.4363058222976091,0.4587400784883959,0.32584163866030813,0.07431440744457429,2.0090345766272115,21.0,3.4027204152361676,0.5678627638041962,0.3083749780106668,2752.0,699.0
per_year,equal_weight_universe,,,,,,realized,c2c,full,,,0.005218620820047981,,,,,,,,,,,,,,,,,,,,,,,,,,,,,,,,,,,,,,2007.0,,,,,,,,,,,,,
per_year,equal_weight_universe,,,,,,realized,c2c,full,,,0.013977543603247211,,,1.221111210954931,,,,,,,,,,,,,,,,,,,,,,,,,,,,,,,,,,,2008.0,,,,,,,,,,,,,
per_year,equal_weight_universe,,,,,,realized,c2c,full,,,0.0014961143208729322,,,1.2259617071327573,,,,,,,,,,,,,,,,,,,,,,,,,,,,,,,,,,,2009.0,,,,,,,,,,,,,
per_year,equal_weight_universe,,,,,,realized,c2c,full,,,0.0013873476037102872,,,1.2259617071327562,,,,,,,,,,,,,,,,,,,,,,,,,,,,,,,,,,,2010.0,,,,,,,,,,,,,
per_year,equal_weight_universe,,,,,,realized,c2c,full,,,0.0005273605298270478,,,1.2259617071327562,,,,,,,,,,,,,,,,,,,,,,,,,,,,,,,,,,,2011.0,,,,,,,,,,,,,
per_year,equal_weight_universe,,,,,,realized,c2c,full,,,0.0008773279489964203,,,1.235779228099099,,,,,,,,,,,,,,,,,,,,,,,,,,,,,,,,,,,2012.0,,,,,,,,,,,,,
per_year,equal_weight_universe,,,,,,realized,c2c,full,,,0.0005765544893809871,,,1.2259617071327575,,,,,,,,,,,,,,,,,,,,,,,,,,,,,,,,,,,2013.0,,,,,,,,,,,,,
per_year,equal_weight_universe,,,,,,realized,c2c,full,,,0.00032477477553816136,,,1.2259617071327575,,,,,,,,,,,,,,,,,,,,,,,,,,,,,,,,,,,2014.0,,,,,,,,,,,,,
per_year,equal_weight_universe,,,,,,realized,c2c,full,,,-0.11945845682008127,,,-2.253477830829612,,,,,,,,,,,,,,,,,,,,,,,,,,,,,,,,,,,2015.0,,,,,,,,,,,,,
per_year,equal_weight_universe,,,,,,realized,c2c,full,,,-0.020286860202706092,,,-0.29907803677047395,,,,,,,,,,,,,,,,,,,,,,,,,,,,,,,,,,,2016.0,,,,,,,,,,,,,
per_year,equal_weight_universe,,,,,,realized,c2c,full,,,0.5514144489178361,,,10.122608274863428,,,,,,,,,,,,,,,,,,,,,,,,,,,,,,,,,,,2017.0,,,,,,,,,,,,,
per_year,equal_weight_universe,,,,,,realized,c2c,full,,,-0.2720814724740951,,,-1.1493570078189865,,,,,,,,,,,,,,,,,,,,,,,,,,,,,,,,,,,2018.0,,,,,,,,,,,,,
per_year,equal_weight_universe,,,,,,realized,c2c,full,,,0.9115896649709858,,,5.262275939378218,,,,,,,,,,,,,,,,,,,,,,,,,,,,,,,,,,,2019.0,,,,,,,,,,,,,
per_year,equal_weight_universe,,,,,,realized,c2c,full,,,0.5814472521154206,,,2.0498890203488562,,,,,,,,,,,,,,,,,,,,,,,,,,,,,,,,,,,2020.0,,,,,,,,,,,,,
per_year,equal_weight_universe,,,,,,realized,c2c,full,,,0.3783772541254673,,,6.786894295955925,,,,,,,,,,,,,,,,,,,,,,,,,,,,,,,,,,,2021.0,,,,,,,,,,,,,
metrics,sleeve_T10_standalone,,,,,,realized,c2c,full,3459.0,2.7623511543230097,0.10134702610962276,0.6573818360845008,0.45765765836721195,0.6103297095935613,-0.7925501735559286,0.1278745869866003,0.30085276985792075,44.83040307564577,0.46550358218580723,0.6462952840131624,1.4915525912277983,18.26998580574018,-0.05738940092062559,-0.08902688328668007,-0.9110284963617395,-1.4132579590543686,-0.10932325527764433,-0.14793925903437105,-1.7354528758840586,-2.348462931288668,6.0,452.3333333333333,1211.0,1756.0,698.0,True,42.00136543910046,0.24129459852101726,-1.511906613283704,2.1571320905321256,0.2864713216957606,0.5333333333333333,0.47169269134839253,0.034296525874809136,0.7568354096363354,0.17270164046705738,0.0022606762187395942,0.013614191881427103,,strategy_stream,0.13499253806277303,0.5060939905595735,0.441821175393164,-0.0307827095764459,0.5521197322460923,1.7103545927553754,21.0,3.028858731350386,0.5473388287231059,0.5039230182304463,1868.0,1590.0
per_year,sleeve_T10_standalone,,,,,,realized,c2c,full,,,0.007270097357582328,,,1.0966925832295744,,,,,,,,,,,,,,,,,,,,,,,,,,,,,,,,,,,2007.0,,,,,,,,,,,,,
per_year,sleeve_T10_standalone,,,,,,realized,c2c,full,,,0.11934187562411647,,,1.3190510541989762,,,,,,,,,,,,,,,,,,,,,,,,,,,,,,,,,,,2008.0,,,,,,,,,,,,,
per_year,sleeve_T10_standalone,,,,,,realized,c2c,full,,,0.2895159198827415,,,3.8175375772217373,,,,,,,,,,,,,,,,,,,,,,,,,,,,,,,,,,,2009.0,,,,,,,,,,,,,
per_year,sleeve_T10_standalone,,,,,,realized,c2c,full,,,-0.12770038788180715,,,-0.656240105017357,,,,,,,,,,,,,,,,,,,,,,,,,,,,,,,,,,,2010.0,,,,,,,,,,,,,
per_year,sleeve_T10_standalone,,,,,,realized,c2c,full,,,-0.2004155690734064,,,-0.3234367961465235,,,,,,,,,,,,,,,,,,,,,,,,,,,,,,,,,,,2011.0,,,,,,,,,,,,,
per_year,sleeve_T10_standalone,,,,,,realized,c2c,full,,,0.053345218261827254,,,0.9026187633461689,,,,,,,,,,,,,,,,,,,,,,,,,,,,,,,,,,,2012.0,,,,,,,,,,,,,
per_year,sleeve_T10_standalone,,,,,,realized,c2c,full,,,-0.3468485965094211,,,-0.44012570718216576,,,,,,,,,,,,,,,,,,,,,,,,,,,,,,,,,,,2013.0,,,,,,,,,,,,,
per_year,sleeve_T10_standalone,,,,,,realized,c2c,full,,,1.1825257697474414,,,4.271538543001791,,,,,,,,,,,,,,,,,,,,,,,,,,,,,,,,,,,2014.0,,,,,,,,,,,,,
per_year,sleeve_T10_standalone,,,,,,realized,c2c,full,,,-0.044599659913185485,,,0.3234606213652919,,,,,,,,,,,,,,,,,,,,,,,,,,,,,,,,,,,2015.0,,,,,,,,,,,,,
per_year,sleeve_T10_standalone,,,,,,realized,c2c,full,,,-0.3917909758848501,,,-0.5402677463090011,,,,,,,,,,,,,,,,,,,,,,,,,,,,,,,,,,,2016.0,,,,,,,,,,,,,
per_year,sleeve_T10_standalone,,,,,,realized,c2c,full,,,-0.3523983193357282,,,-1.3695640399692157,,,,,,,,,,,,,,,,,,,,,,,,,,,,,,,,,,,2017.0,,,,,,,,,,,,,
per_year,sleeve_T10_standalone,,,,,,realized,c2c,full,,,0.36493045975494187,,,2.1093875556540453,,,,,,,,,,,,,,,,,,,,,,,,,,,,,,,,,,,2018.0,,,,,,,,,,,,,
per_year,sleeve_T10_standalone,,,,,,realized,c2c,full,,,1.183568496520817,,,3.5494099650210655,,,,,,,,,,,,,,,,,,,,,,,,,,,,,,,,,,,2019.0,,,,,,,,,,,,,
per_year,sleeve_T10_standalone,,,,,,realized,c2c,full,,,0.2608946494164035,,,1.8723848394788611,,,,,,,,,,,,,,,,,,,,,,,,,,,,,,,,,,,2020.0,,,,,,,,,,,,,
per_year,sleeve_T10_standalone,,,,,,realized,c2c,full,,,0.7472199492972589,,,3.771478268793241,,,,,,,,,,,,,,,,,,,,,,,,,,,,,,,,,,,2021.0,,,,,,,,,,,,,
metrics,sleeve_T11_standalone,,,,,,realized,c2c,full,3459.0,1.3207965893447073,0.06325617524550986,0.5084790673864846,0.3649553720620409,0.5252276608754005,-0.7727740576034534,0.0818559766895922,0.18556766027662952,48.8029976947202,0.39608940183888913,0.468499433246916,0.05950348250187058,14.820634599850873,-0.047799405029567366,-0.07533839901627074,-0.7587920311505115,-1.1959600078248334,-0.0908775615721997,-0.12515433960993336,-1.4426365660560025,-1.9867635486504254,6.0,535.1666666666666,701.0,1017.0,,False,37.50264058781421,0.16867125688761175,-1.5372805217949612,1.948932869701962,0.3802992518703242,0.47878787878787876,0.2985953405723885,-0.0033324746691353324,0.740044861206706,0.1342512957171056,0.0012961534789563407,0.01076220080087873,,strategy_stream,0.16257456351694108,0.6718722067641966,0.33406849404918837,0.30438265944189097,0.5821605366064058,2.3033734659341354,21.0,5.890564384779155,0.7205942228771376,0.6561461112333377,1796.0,1663.0
per_year,sleeve_T11_standalone,,,,,,realized,c2c,full,,,0.010573682265937911,,,6.792672841425131,,,,,,,,,,,,,,,,,,,,,,,,,,,,,,,,,,,2007.0,,,,,,,,,,,,,
per_year,sleeve_T11_standalone,,,,,,realized,c2c,full,,,-0.20889681141887362,,,-1.349240234548397,,,,,,,,,,,,,,,,,,,,,,,,,,,,,,,,,,,2008.0,,,,,,,,,,,,,
per_year,sleeve_T11_standalone,,,,,,realized,c2c,full,,,0.14281861483269975,,,1.53228247124648,,,,,,,,,,,,,,,,,,,,,,,,,,,,,,,,,,,2009.0,,,,,,,,,,,,,
per_year,sleeve_T11_standalone,,,,,,realized,c2c,full,,,0.11552528420073926,,,0.7115077835925289,,,,,,,,,,,,,,,,,,,,,,,,,,,,,,,,,,,2010.0,,,,,,,,,,,,,
per_year,sleeve_T11_standalone,,,,,,realized,c2c,full,,,-0.2505223892743228,,,-0.4296498126377577,,,,,,,,,,,,,,,,,,,,,,,,,,,,,,,,,,,2011.0,,,,,,,,,,,,,
per_year,sleeve_T11_standalone,,,,,,realized,c2c,full,,,-0.0827059476228732,,,0.30304982062528013,,,,,,,,,,,,,,,,,,,,,,,,,,,,,,,,,,,2012.0,,,,,,,,,,,,,
per_year,sleeve_T11_standalone,,,,,,realized,c2c,full,,,0.031533857919463726,,,0.4529341439263984,,,,,,,,,,,,,,,,,,,,,,,,,,,,,,,,,,,2013.0,,,,,,,,,,,,,
per_year,sleeve_T11_standalone,,,,,,realized,c2c,full,,,0.506776770751312,,,5.417226185549972,,,,,,,,,,,,,,,,,,,,,,,,,,,,,,,,,,,2014.0,,,,,,,,,,,,,
per_year,sleeve_T11_standalone,,,,,,realized,c2c,full,,,0.23056199372293484,,,1.458674556251842,,,,,,,,,,,,,,,,,,,,,,,,,,,,,,,,,,,2015.0,,,,,,,,,,,,,
per_year,sleeve_T11_standalone,,,,,,realized,c2c,full,,,-0.21575927278033502,,,-0.6356566643757059,,,,,,,,,,,,,,,,,,,,,,,,,,,,,,,,,,,2016.0,,,,,,,,,,,,,
per_year,sleeve_T11_standalone,,,,,,realized,c2c,full,,,0.4996941107997499,,,3.8684737084413463,,,,,,,,,,,,,,,,,,,,,,,,,,,,,,,,,,,2017.0,,,,,,,,,,,,,
per_year,sleeve_T11_standalone,,,,,,realized,c2c,full,,,-0.07436315078217837,,,0.24157477715224446,,,,,,,,,,,,,,,,,,,,,,,,,,,,,,,,,,,2018.0,,,,,,,,,,,,,
per_year,sleeve_T11_standalone,,,,,,realized,c2c,full,,,0.05318706158163189,,,0.7057754370364306,,,,,,,,,,,,,,,,,,,,,,,,,,,,,,,,,,,2019.0,,,,,,,,,,,,,
per_year,sleeve_T11_standalone,,,,,,realized,c2c,full,,,0.2372804083782447,,,1.3152151430000336,,,,,,,,,,,,,,,,,,,,,,,,,,,,,,,,,,,2020.0,,,,,,,,,,,,,
per_year,sleeve_T11_standalone,,,,,,realized,c2c,full,,,0.22070219897243248,,,3.0343744766880665,,,,,,,,,,,,,,,,,,,,,,,,,,,,,,,,,,,2021.0,,,,,,,,,,,,,
metrics,sleeve_S2_standalone,,,,,,realized,c2c,full,3459.0,24.04933837663052,0.26446583517135536,0.5483978405372734,0.6917894354544459,0.6347863434201758,-0.8361601888185555,0.3162860881298712,0.37937804142907594,19.905377690192598,0.47861753479240754,0.7926538704722236,0.5089583369726702,24.795080505865407,-0.05093358466918839,-0.08345665771454992,-0.8085455904943472,-1.3248333693920356,-0.10044975924444137,-0.1387459744237392,-1.5945904933026194,-2.2025240624192532,11.0,194.63636363636363,1312.0,1904.0,1045.0,True,34.989018987113184,0.7558538159322524,-1.9064388720442025,3.0642215910070045,0.2041770573566085,0.6787878787878788,0.2856824431136804,0.07642948222477952,1.0719552744098484,0.4852111396870056,0.013286150068966437,0.03189019335879951,,strategy_stream,0.041629260447789765,0.6474361445856063,0.33435297092548866,-0.27553433798719656,0.6288321815081137,0.6557939245162066,21.0,4.626136779996649,0.6094638935986227,0.5843155919847356,2167.0,1288.0
per_year,sleeve_S2_standalone,,,,,,realized,c2c,full,,,0.005218620820047981,,,,,,,,,,,,,,,,,,,,,,,,,,,,,,,,,,,,,,2007.0,,,,,,,,,,,,,
per_year,sleeve_S2_standalone,,,,,,realized,c2c,full,,,0.013977543603247211,,,1.221111210954931,,,,,,,,,,,,,,,,,,,,,,,,,,,,,,,,,,,2008.0,,,,,,,,,,,,,
per_year,sleeve_S2_standalone,,,,,,realized,c2c,full,,,0.0014961143208729322,,,1.2259617071327573,,,,,,,,,,,,,,,,,,,,,,,,,,,,,,,,,,,2009.0,,,,,,,,,,,,,
per_year,sleeve_S2_standalone,,,,,,realized,c2c,full,,,0.5265518683061177,,,1.819249638714478,,,,,,,,,,,,,,,,,,,,,,,,,,,,,,,,,,,2010.0,,,,,,,,,,,,,
per_year,sleeve_S2_standalone,,,,,,realized,c2c,full,,,-0.51522943681959,,,-1.2239690408609654,,,,,,,,,,,,,,,,,,,,,,,,,,,,,,,,,,,2011.0,,,,,,,,,,,,,
per_year,sleeve_S2_standalone,,,,,,realized,c2c,full,,,-0.30237621990047614,,,-0.3054911948124997,,,,,,,,,,,,,,,,,,,,,,,,,,,,,,,,,,,2012.0,,,,,,,,,,,,,
per_year,sleeve_S2_standalone,,,,,,realized,c2c,full,,,1.5479578694998977,,,2.646256061360034,,,,,,,,,,,,,,,,,,,,,,,,,,,,,,,,,,,2013.0,,,,,,,,,,,,,
per_year,sleeve_S2_standalone,,,,,,realized,c2c,full,,,0.12405154884300851,,,1.6672344291595298,,,,,,,,,,,,,,,,,,,,,,,,,,,,,,,,,,,2014.0,,,,,,,,,,,,,
per_year,sleeve_S2_standalone,,,,,,realized,c2c,full,,,-0.32075809067248284,,,-1.9240873830135021,,,,,,,,,,,,,,,,,,,,,,,,,,,,,,,,,,,2015.0,,,,,,,,,,,,,
per_year,sleeve_S2_standalone,,,,,,realized,c2c,full,,,0.9399837359314163,,,2.4340057016134593,,,,,,,,,,,,,,,,,,,,,,,,,,,,,,,,,,,2016.0,,,,,,,,,,,,,
per_year,sleeve_S2_standalone,,,,,,realized,c2c,full,,,1.1987896588646492,,,5.768468388282125,,,,,,,,,,,,,,,,,,,,,,,,,,,,,,,,,,,2017.0,,,,,,,,,,,,,
per_year,sleeve_S2_standalone,,,,,,realized,c2c,full,,,-0.027352696772775853,,,0.3879178934075095,,,,,,,,,,,,,,,,,,,,,,,,,,,,,,,,,,,2018.0,,,,,,,,,,,,,
per_year,sleeve_S2_standalone,,,,,,realized,c2c,full,,,1.2446640594029699,,,4.586741211779898,,,,,,,,,,,,,,,,,,,,,,,,,,,,,,,,,,,2019.0,,,,,,,,,,,,,
per_year,sleeve_S2_standalone,,,,,,realized,c2c,full,,,0.7212055951512897,,,1.2945351464279589,,,,,,,,,,,,,,,,,,,,,,,,,,,,,,,,,,,2020.0,,,,,,,,,,,,,
per_year,sleeve_S2_standalone,,,,,,realized,c2c,full,,,0.524280306569862,,,5.413384287986628,,,,,,,,,,,,,,,,,,,,,,,,,,,,,,,,,,,2021.0,,,,,,,,,,,,,
metrics,sleeve_S3_standalone,,,,,,realized,c2c,full,3459.0,3.684425124002334,0.1190760703161664,0.5633677254495327,0.46902713806620494,0.44578593192871385,-0.8087480994756088,0.14723505426890668,0.26423206925762405,20.813851754810848,0.4943939275878551,0.5344565426739982,0.8541971660255321,23.660609042844055,-0.053988811222011365,-0.08400080815233726,-0.8570458084407315,-1.3334714897971889,-0.10320496055745577,-0.13554030647250845,-1.638327958219548,-2.1516356613104137,8.0,325.875,2180.0,3162.0,741.0,True,44.629897069108935,0.26680785333602347,-2.5996579010590013,3.0096259612037954,0.31639650872817954,0.6727272727272727,-0.05613554777777402,-0.1056727332463846,1.0597480588623442,0.4001238935186897,0.005721001173588331,0.021417752810970046,,strategy_stream,0.11736193211706264,0.6429589916595804,0.3312539364065945,0.06949426148158742,0.6544643640967021,1.6550119816362265,21.0,1.099293276400071,0.6378183750818062,0.5859424210222423,2330.0,1117.0
per_year,sleeve_S3_standalone,,,,,,realized,c2c,full,,,0.005218620820047981,,,,,,,,,,,,,,,,,,,,,,,,,,,,,,,,,,,,,,2007.0,,,,,,,,,,,,,
per_year,sleeve_S3_standalone,,,,,,realized,c2c,full,,,0.013977543603247211,,,1.221111210954931,,,,,,,,,,,,,,,,,,,,,,,,,,,,,,,,,,,2008.0,,,,,,,,,,,,,
per_year,sleeve_S3_standalone,,,,,,realized,c2c,full,,,0.0014961143208729322,,,1.2259617071327573,,,,,,,,,,,,,,,,,,,,,,,,,,,,,,,,,,,2009.0,,,,,,,,,,,,,
per_year,sleeve_S3_standalone,,,,,,realized,c2c,full,,,-0.3432117061682747,,,-1.2497081564213992,,,,,,,,,,,,,,,,,,,,,,,,,,,,,,,,,,,2010.0,,,,,,,,,,,,,
per_year,sleeve_S3_standalone,,,,,,realized,c2c,full,,,-0.08830075635284196,,,0.038303177136992245,,,,,,,,,,,,,,,,,,,,,,,,,,,,,,,,,,,2011.0,,,,,,,,,,,,,
per_year,sleeve_S3_standalone,,,,,,realized,c2c,full,,,-0.4607675792006296,,,-0.8535488537419337,,,,,,,,,,,,,,,,,,,,,,,,,,,,,,,,,,,2012.0,,,,,,,,,,,,,
per_year,sleeve_S3_standalone,,,,,,realized,c2c,full,,,1.5201100123427262,,,3.1778869106651335,,,,,,,,,,,,,,,,,,,,,,,,,,,,,,,,,,,2013.0,,,,,,,,,,,,,
per_year,sleeve_S3_standalone,,,,,,realized,c2c,full,,,-0.5595057043892773,,,-2.3196162008164167,,,,,,,,,,,,,,,,,,,,,,,,,,,,,,,,,,,2014.0,,,,,,,,,,,,,
per_year,sleeve_S3_standalone,,,,,,realized,c2c,full,,,-0.2551222945831695,,,-1.3139060988197433,,,,,,,,,,,,,,,,,,,,,,,,,,,,,,,,,,,2015.0,,,,,,,,,,,,,
per_year,sleeve_S3_standalone,,,,,,realized,c2c,full,,,0.7631563831338997,,,2.301176699339496,,,,,,,,,,,,,,,,,,,,,,,,,,,,,,,,,,,2016.0,,,,,,,,,,,,,
per_year,sleeve_S3_standalone,,,,,,realized,c2c,full,,,0.6345938029943783,,,5.72945626448738,,,,,,,,,,,,,,,,,,,,,,,,,,,,,,,,,,,2017.0,,,,,,,,,,,,,
per_year,sleeve_S3_standalone,,,,,,realized,c2c,full,,,0.40126740197642774,,,3.123295656036864,,,,,,,,,,,,,,,,,,,,,,,,,,,,,,,,,,,2018.0,,,,,,,,,,,,,
per_year,sleeve_S3_standalone,,,,,,realized,c2c,full,,,0.8565934971785716,,,2.257497331255853,,,,,,,,,,,,,,,,,,,,,,,,,,,,,,,,,,,2019.0,,,,,,,,,,,,,
per_year,sleeve_S3_standalone,,,,,,realized,c2c,full,,,0.7083781412105739,,,1.1969150485155413,,,,,,,,,,,,,,,,,,,,,,,,,,,,,,,,,,,2020.0,,,,,,,,,,,,,
per_year,sleeve_S3_standalone,,,,,,realized,c2c,full,,,0.34183118554844616,,,3.2789532174075937,,,,,,,,,,,,,,,,,,,,,,,,,,,,,,,,,,,2021.0,,,,,,,,,,,,,
metrics,STRATEGY,,,,,,realized,c2c,primary,2472.0,11.74412261322682,0.29621554962121666,0.5071822847200781,0.7512129960518872,0.9251312899483676,-0.6458725044002491,0.45862851817214223,0.38099555731187634,40.74426021174476,0.37854742205594355,1.0064671824804317,1.0408610029708878,28.925049816790704,-0.04402398262099649,-0.0704464706282258,-0.6988590584267173,-1.1183030521470096,-0.08156134990103088,-0.11876605127807961,-1.2947462905971017,-1.8853526152736613,11.0,169.27272727272728,134.0,190.0,104.0,True,23.847664359644597,1.2421155596372675,-0.7651261466320125,2.614019499917888,0.10355695632597929,0.559322033898305,0.4942641782125074,0.07754703222199333,1.5025128272708854,0.5592588544512731,0.007270117265151151,0.022705806539142743,,,,,,,,,,,,,,
per_year,STRATEGY,,,,,,realized,c2c,primary,,,-0.2233424804717471,,,-16.18945918501926,,,,,,,,,,,,,,,,,,,,,,,,,,,,,,,,,,,2011.0,,,,,,,,,,,,,
per_year,STRATEGY,,,,,,realized,c2c,primary,,,-0.15996137274442257,,,0.016862845496393105,,,,,,,,,,,,,,,,,,,,,,,,,,,,,,,,,,,2012.0,,,,,,,,,,,,,
per_year,STRATEGY,,,,,,realized,c2c,primary,,,0.5249772985941044,,,1.519178882337423,,,,,,,,,,,,,,,,,,,,,,,,,,,,,,,,,,,2013.0,,,,,,,,,,,,,
per_year,STRATEGY,,,,,,realized,c2c,primary,,,0.21790064880078397,,,1.9785268564222334,,,,,,,,,,,,,,,,,,,,,,,,,,,,,,,,,,,2014.0,,,,,,,,,,,,,
per_year,STRATEGY,,,,,,realized,c2c,primary,,,-0.06289938908712822,,,-0.032970066504817916,,,,,,,,,,,,,,,,,,,,,,,,,,,,,,,,,,,2015.0,,,,,,,,,,,,,
per_year,STRATEGY,,,,,,realized,c2c,primary,,,0.2633997581438079,,,1.5835165298908334,,,,,,,,,,,,,,,,,,,,,,,,,,,,,,,,,,,2016.0,,,,,,,,,,,,,
per_year,STRATEGY,,,,,,realized,c2c,primary,,,0.40361032198704305,,,4.035875076707621,,,,,,,,,,,,,,,,,,,,,,,,,,,,,,,,,,,2017.0,,,,,,,,,,,,,
per_year,STRATEGY,,,,,,realized,c2c,primary,,,0.2773891999759486,,,1.3832284770396437,,,,,,,,,,,,,,,,,,,,,,,,,,,,,,,,,,,2018.0,,,,,,,,,,,,,
per_year,STRATEGY,,,,,,realized,c2c,primary,,,0.8701226663277981,,,4.606425821691602,,,,,,,,,,,,,,,,,,,,,,,,,,,,,,,,,,,2019.0,,,,,,,,,,,,,
per_year,STRATEGY,,,,,,realized,c2c,primary,,,0.6921652494158452,,,1.404745045388466,,,,,,,,,,,,,,,,,,,,,,,,,,,,,,,,,,,2020.0,,,,,,,,,,,,,
per_year,STRATEGY,,,,,,realized,c2c,primary,,,0.5656555542021997,,,3.937539544185349,,,,,,,,,,,,,,,,,,,,,,,,,,,,,,,,,,,2021.0,,,,,,,,,,,,,
metrics,buy_hold_QQQ,,,,,,realized,c2c,primary,2472.0,6.5127608734132085,0.22823236787562484,0.19381098547145528,1.1270777116801267,1.7771998414897452,-0.28560432908473665,0.7991208277795748,0.2184570419042832,0.01776693712083736,0.15724069130626656,1.389316213821409,-0.47884152461792595,9.70609666442791,-0.019204336732426885,-0.02954642943788827,-0.30485939452766586,-0.46903502653542184,-0.03471176624032085,-0.047689479480544306,-0.551032206238179,-0.757047017157828,2.0,113.0,72.0,103.0,55.0,True,4.9952674754298645,4.568971911879142,-0.36535879365093527,3.054533112081994,0.02296262944619541,0.6610169491525424,1.9545473444229127,0.18581193819297348,1.8856451596490535,0.27217031715518925,12.84590395763545,100.02848715018051,,window_entry,0.16550991405813015,0.9863982473412835,0.46976454182228633,0.3459999658064487,0.1421069506160575,1.1020168508347605,21.0,2.795894714354839,0.981857510536743,0.8023258093927567,1397.0,1075.0
per_year,buy_hold_QQQ,,,,,,realized,c2c,primary,,,0.04674460674271019,,,3.6268014791427095,,,,,,,,,,,,,,,,,,,,,,,,,,,,,,,,,,,2011.0,,,,,,,,,,,,,
per_year,buy_hold_QQQ,,,,,,realized,c2c,primary,,,0.18119137231571192,,,1.53745731242714,,,,,,,,,,,,,,,,,,,,,,,,,,,,,,,,,,,2012.0,,,,,,,,,,,,,
per_year,buy_hold_QQQ,,,,,,realized,c2c,primary,,,0.36639431560115154,,,8.531428078500406,,,,,,,,,,,,,,,,,,,,,,,,,,,,,,,,,,,2013.0,,,,,,,,,,,,,
per_year,buy_hold_QQQ,,,,,,realized,c2c,primary,,,0.1918133528453656,,,4.185500979880655,,,,,,,,,,,,,,,,,,,,,,,,,,,,,,,,,,,2014.0,,,,,,,,,,,,,
per_year,buy_hold_QQQ,,,,,,realized,c2c,primary,,,0.09446681606429586,,,2.487806374036551,,,,,,,,,,,,,,,,,,,,,,,,,,,,,,,,,,,2015.0,,,,,,,,,,,,,
per_year,buy_hold_QQQ,,,,,,realized,c2c,primary,,,0.07102604277293745,,,1.0461037210763557,,,,,,,,,,,,,,,,,,,,,,,,,,,,,,,,,,,2016.0,,,,,,,,,,,,,
per_year,buy_hold_QQQ,,,,,,realized,c2c,primary,,,0.32665582150456074,,,5.66703827488733,,,,,,,,,,,,,,,,,,,,,,,,,,,,,,,,,,,2017.0,,,,,,,,,,,,,
per_year,buy_hold_QQQ,,,,,,realized,c2c,primary,,,-0.0011592433098258637,,,0.036730260418108285,,,,,,,,,,,,,,,,,,,,,,,,,,,,,,,,,,,2018.0,,,,,,,,,,,,,
per_year,buy_hold_QQQ,,,,,,realized,c2c,primary,,,0.38962106560561804,,,4.561925997923167,,,,,,,,,,,,,,,,,,,,,,,,,,,,,,,,,,,2019.0,,,,,,,,,,,,,
per_year,buy_hold_QQQ,,,,,,realized,c2c,primary,,,0.48405323249535814,,,4.121841524265573,,,,,,,,,,,,,,,,,,,,,,,,,,,,,,,,,,,2020.0,,,,,,,,,,,,,
per_year,buy_hold_QQQ,,,,,,realized,c2c,primary,,,0.16479971120230963,,,6.077403197366583,,,,,,,,,,,,,,,,,,,,,,,,,,,,,,,,,,,2021.0,,,,,,,,,,,,,
metrics,buy_hold_TQQQ,,,,,,realized,c2c,primary,2472.0,101.53750222830978,0.6032191807305765,0.5729685078813568,1.105494171878177,1.7415129941926375,-0.6992258780991005,0.8626957319864567,0.6334296733487043,0.002930377148103788,0.4650600967867909,1.36203832090781,-0.4993683633499837,9.182925805165164,-0.056642272631786436,-0.08773496247197127,-0.8991682024633617,-1.392749351918524,-0.10358283641251097,-0.14099087137244076,-1.6443265514531396,-2.2381606966906453,13.0,103.0,98.0,140.0,77.0,True,16.366912102319745,3.685601639206457,-0.4006831668029374,3.0597739273921865,0.031967582170193604,0.6440677966101694,1.8971226599589726,0.5204979541030266,1.840800024712733,0.6904407760145266,205.85035653888863,594.2965380137331,,window_entry,0.1697382839822922,0.3335133831238854,0.6054284938899346,-0.4169511653059393,0.14197006717531824,1.1345539465283467,21.0,2.881608316176567,0.3388122944835079,0.2772255837672061,1394.0,1078.0
per_year,buy_hold_TQQQ,,,,,,realized,c2c,primary,,,0.09135271489234342,,,3.4633558906088076,,,,,,,,,,,,,,,,,,,,,,,,,,,,,,,,,,,2011.0,,,,,,,,,,,,,
per_year,buy_hold_TQQQ,,,,,,realized,c2c,primary,,,0.5230207098112858,,,1.5180283307994706,,,,,,,,,,,,,,,,,,,,,,,,,,,,,,,,,,,2012.0,,,,,,,,,,,,,
per_year,buy_hold_TQQQ,,,,,,realized,c2c,primary,,,1.3976001065206138,,,8.382126638688016,,,,,,,,,,,,,,,,,,,,,,,,,,,,,,,,,,,2013.0,,,,,,,,,,,,,
per_year,buy_hold_TQQQ,,,,,,realized,c2c,primary,,,0.5709459239500732,,,4.061327297278026,,,,,,,,,,,,,,,,,,,,,,,,,,,,,,,,,,,2014.0,,,,,,,,,,,,,
per_year,buy_hold_TQQQ,,,,,,realized,c2c,primary,,,0.17232559651300838,,,2.3441087238147356,,,,,,,,,,,,,,,,,,,,,,,,,,,,,,,,,,,2015.0,,,,,,,,,,,,,
per_year,buy_hold_TQQQ,,,,,,realized,c2c,primary,,,0.11381010320592866,,,0.9790870986251402,,,,,,,,,,,,,,,,,,,,,,,,,,,,,,,,,,,2016.0,,,,,,,,,,,,,
per_year,buy_hold_TQQQ,,,,,,realized,c2c,primary,,,1.180663365923937,,,5.559731102170101,,,,,,,,,,,,,,,,,,,,,,,,,,,,,,,,,,,2017.0,,,,,,,,,,,,,
per_year,buy_hold_TQQQ,,,,,,realized,c2c,primary,,,-0.1980500113418081,,,-0.024183888573274536,,,,,,,,,,,,,,,,,,,,,,,,,,,,,,,,,,,2018.0,,,,,,,,,,,,,
per_year,buy_hold_TQQQ,,,,,,realized,c2c,primary,,,1.3383571074870355,,,4.444612617493492,,,,,,,,,,,,,,,,,,,,,,,,,,,,,,,,,,,2019.0,,,,,,,,,,,,,
per_year,buy_hold_TQQQ,,,,,,realized,c2c,primary,,,1.1005308459573548,,,3.7956914220602895,,,,,,,,,,,,,,,,,,,,,,,,,,,,,,,,,,,2020.0,,,,,,,,,,,,,
per_year,buy_hold_TQQQ,,,,,,realized,c2c,primary,,,0.4602882598321174,,,5.869872761760985,,,,,,,,,,,,,,,,,,,,,,,,,,,,,,,,,,,2021.0,,,,,,,,,,,,,
metrics,vol_targeted_QQQ_matched,,,,,,realized,c2c,primary,2472.0,10.679833704400654,0.2847432910874188,0.27712787202215006,1.0222399277098941,1.3810749046205821,-0.3448778877821984,0.8256351049889387,0.28330357167264747,1.3190495265911708,0.22335114265444952,1.2684223071603058,-0.6601525228064041,3.5096712729251753,-0.028492968210075242,-0.043917740759106094,-0.4523118479875697,-0.6971725211543985,-0.0513181550859405,-0.06954349582672284,-0.8146504566002585,-1.1039687715574011,5.0,264.4,224.0,322.0,207.0,True,11.342728242890459,2.5103598092980306,-0.7215977107600914,3.0672986376513856,0.1364250337685727,0.6610169491525424,1.256213760631726,0.24043935798104044,1.5640165194641373,0.3306295977907543,0.21587005290338335,1.0470227817674929,,window_entry,0.2075084003740238,0.6123719369776037,0.48986065928252004,0.19942811039840297,0.11197352288364681,1.3376691640471992,21.0,2.655403457246782,0.6746738989403713,0.5397757519390092,1395.0,1077.0
per_year,vol_targeted_QQQ_matched,,,,,,realized,c2c,primary,,,0.027392911675762743,,,2.8026926428886116,,,,,,,,,,,,,,,,,,,,,,,,,,,,,,,,,,,2011.0,,,,,,,,,,,,,
per_year,vol_targeted_QQQ_matched,,,,,,realized,c2c,primary,,,0.1336210785156966,,,0.9900904146749173,,,,,,,,,,,,,,,,,,,,,,,,,,,,,,,,,,,2012.0,,,,,,,,,,,,,
per_year,vol_targeted_QQQ_matched,,,,,,realized,c2c,primary,,,0.7898412852878789,,,6.44687782598447,,,,,,,,,,,,,,,,,,,,,,,,,,,,,,,,,,,2013.0,,,,,,,,,,,,,
per_year,vol_targeted_QQQ_matched,,,,,,realized,c2c,primary,,,0.3093551532149521,,,3.572745915685141,,,,,,,,,,,,,,,,,,,,,,,,,,,,,,,,,,,2014.0,,,,,,,,,,,,,
per_year,vol_targeted_QQQ_matched,,,,,,realized,c2c,primary,,,0.03542377835193067,,,0.8636684339903333,,,,,,,,,,,,,,,,,,,,,,,,,,,,,,,,,,,2015.0,,,,,,,,,,,,,
per_year,vol_targeted_QQQ_matched,,,,,,realized,c2c,primary,,,0.034503574312928276,,,0.5273655567476058,,,,,,,,,,,,,,,,,,,,,,,,,,,,,,,,,,,2016.0,,,,,,,,,,,,,
per_year,vol_targeted_QQQ_matched,,,,,,realized,c2c,primary,,,0.9037534516507217,,,5.150923517283732,,,,,,,,,,,,,,,,,,,,,,,,,,,,,,,,,,,2017.0,,,,,,,,,,,,,
per_year,vol_targeted_QQQ_matched,,,,,,realized,c2c,primary,,,-0.03584548098038032,,,0.0004991889098258992,,,,,,,,,,,,,,,,,,,,,,,,,,,,,,,,,,,2018.0,,,,,,,,,,,,,
per_year,vol_targeted_QQQ_matched,,,,,,realized,c2c,primary,,,0.43497170748785496,,,4.04099805021831,,,,,,,,,,,,,,,,,,,,,,,,,,,,,,,,,,,2019.0,,,,,,,,,,,,,
per_year,vol_targeted_QQQ_matched,,,,,,realized,c2c,primary,,,0.2705827811647823,,,2.347356158968744,,,,,,,,,,,,,,,,,,,,,,,,,,,,,,,,,,,2020.0,,,,,,,,,,,,,
per_year,vol_targeted_QQQ_matched,,,,,,realized,c2c,primary,,,0.1937308560796347,,,4.352494853731275,,,,,,,,,,,,,,,,,,,,,,,,,,,,,,,,,,,2021.0,,,,,,,,,,,,,
metrics,naive_fast_1d_momentum,,,,,,realized,c2c,primary,2472.0,20.433388110448366,0.36676461071726885,0.401460104498393,0.9642422443355309,1.0847658009532313,-0.42820162430792297,0.856523165483197,0.3871072818398347,64.77108423614742,0.34212152110637767,1.1314905902089374,0.2499282561760477,14.96825001623033,-0.0369496875643883,-0.06504370111793667,-0.5865581059014441,-1.032536745055646,-0.07870330402380239,-0.10736628676659382,-1.2493762188365416,-1.7043869638611144,7.0,226.28571428571428,469.0,683.0,321.0,True,17.01515838856101,2.1555168770208937,-1.263315635522456,3.2232475689682754,0.14588023412877082,0.6440677966101694,0.7506016189678419,0.1402743583439634,1.9086388807397707,0.6382421365873003,0.0056624744674659165,0.016747686313205883,,window_entry,0.2849291200781212,0.24816489314582968,0.5817241224088892,-0.010506225017195598,0.03858845783312426,1.7421739171608448,21.0,1.8850295702147437,0.3231220435948263,0.14202281511066145,1236.0,1232.0
per_year,naive_fast_1d_momentum,,,,,,realized,c2c,primary,,,0.20253410082383327,,,5.353653391441909,,,,,,,,,,,,,,,,,,,,,,,,,,,,,,,,,,,2011.0,,,,,,,,,,,,,
per_year,naive_fast_1d_momentum,,,,,,realized,c2c,primary,,,-0.12094006572647598,,,-0.23094790699871748,,,,,,,,,,,,,,,,,,,,,,,,,,,,,,,,,,,2012.0,,,,,,,,,,,,,
per_year,naive_fast_1d_momentum,,,,,,realized,c2c,primary,,,0.6022705575951353,,,7.060728495575744,,,,,,,,,,,,,,,,,,,,,,,,,,,,,,,,,,,2013.0,,,,,,,,,,,,,
per_year,naive_fast_1d_momentum,,,,,,realized,c2c,primary,,,0.09194809176688379,,,1.0954342724595227,,,,,,,,,,,,,,,,,,,,,,,,,,,,,,,,,,,2014.0,,,,,,,,,,,,,
per_year,naive_fast_1d_momentum,,,,,,realized,c2c,primary,,,-0.1193219638928299,,,-0.6795610961474643,,,,,,,,,,,,,,,,,,,,,,,,,,,,,,,,,,,2015.0,,,,,,,,,,,,,
per_year,naive_fast_1d_momentum,,,,,,realized,c2c,primary,,,0.12197336494260402,,,1.3809516482918853,,,,,,,,,,,,,,,,,,,,,,,,,,,,,,,,,,,2016.0,,,,,,,,,,,,,
per_year,naive_fast_1d_momentum,,,,,,realized,c2c,primary,,,0.7439114118605041,,,5.803523354201177,,,,,,,,,,,,,,,,,,,,,,,,,,,,,,,,,,,2017.0,,,,,,,,,,,,,
per_year,naive_fast_1d_momentum,,,,,,realized,c2c,primary,,,0.1736958299751965,,,0.5495461015815994,,,,,,,,,,,,,,,,,,,,,,,,,,,,,,,,,,,2018.0,,,,,,,,,,,,,
per_year,naive_fast_1d_momentum,,,,,,realized,c2c,primary,,,1.1530577690826598,,,3.8390131104047396,,,,,,,,,,,,,,,,,,,,,,,,,,,,,,,,,,,2019.0,,,,,,,,,,,,,
per_year,naive_fast_1d_momentum,,,,,,realized,c2c,primary,,,1.5323966455211027,,,4.592889863882954,,,,,,,,,,,,,,,,,,,,,,,,,,,,,,,,,,,2020.0,,,,,,,,,,,,,
per_year,naive_fast_1d_momentum,,,,,,realized,c2c,primary,,,0.05092080362294471,,,1.3371402411952396,,,,,,,,,,,,,,,,,,,,,,,,,,,,,,,,,,,2021.0,,,,,,,,,,,,,
metrics,matched_exposure_levered_QQQ_1.70,,,,,,realized,c2c,primary,2472.0,20.177917860876786,0.3650949390452467,0.32472897432511394,1.1039077986407118,1.739357997207432,-0.45628106846957994,0.8001535988986302,0.3584868524865988,0.8366883854204928,0.2636265972155274,1.3598280912206995,-0.5003326735850845,9.192929749204747,-0.03209396266588247,-0.0497166124542631,-0.5094758628030994,-0.7892267554953405,-0.058696510759334866,-0.07991268010603629,-0.9317782217785625,-1.2685744689673846,5.0,109.8,86.0,123.0,65.0,True,8.862610302499885,4.119496701127252,-0.4023142245814916,3.0580125263125635,0.03241782980639352,0.6610169491525424,1.8940448594130914,0.30379941133516586,1.8393666405779003,0.4292721536809343,0.43635712579153546,2.0788599764454556,,window_entry,0.17004755019427004,0.5884400101548835,0.4884381262334588,0.04608302181250898,0.14196183782500715,1.1367817049220201,21.0,2.8815343963795463,0.5957124749688694,0.48729441829097403,1399.0,1073.0
per_year,matched_exposure_levered_QQQ_1.70,,,,,,realized,c2c,primary,,,0.06765076933175562,,,3.4550360052882323,,,,,,,,,,,,,,,,,,,,,,,,,,,,,,,,,,,2011.0,,,,,,,,,,,,,
per_year,matched_exposure_levered_QQQ_1.70,,,,,,realized,c2c,primary,,,0.30180035140710726,,,1.5151661687521358,,,,,,,,,,,,,,,,,,,,,,,,,,,,,,,,,,,2012.0,,,,,,,,,,,,,
per_year,matched_exposure_levered_QQQ_1.70,,,,,,realized,c2c,primary,,,0.6684250303523702,,,8.373032165799536,,,,,,,,,,,,,,,,,,,,,,,,,,,,,,,,,,,2013.0,,,,,,,,,,,,,
per_year,matched_exposure_levered_QQQ_1.70,,,,,,realized,c2c,primary,,,0.31913675678999454,,,4.054812344782282,,,,,,,,,,,,,,,,,,,,,,,,,,,,,,,,,,,2014.0,,,,,,,,,,,,,
per_year,matched_exposure_levered_QQQ_1.70,,,,,,realized,c2c,primary,,,0.1324420943625635,,,2.3371115109029255,,,,,,,,,,,,,,,,,,,,,,,,,,,,,,,,,,,2015.0,,,,,,,,,,,,,
per_year,matched_exposure_levered_QQQ_1.70,,,,,,realized,c2c,primary,,,0.09525144734853419,,,0.9754976715780446,,,,,,,,,,,,,,,,,,,,,,,,,,,,,,,,,,,2016.0,,,,,,,,,,,,,
per_year,matched_exposure_levered_QQQ_1.70,,,,,,realized,c2c,primary,,,0.5796652249532495,,,5.5550739570315155,,,,,,,,,,,,,,,,,,,,,,,,,,,,,,,,,,,2017.0,,,,,,,,,,,,,
per_year,matched_exposure_levered_QQQ_1.70,,,,,,realized,c2c,primary,,,-0.058540318953672954,,,-0.026275565394194168,,,,,,,,,,,,,,,,,,,,,,,,,,,,,,,,,,,2018.0,,,,,,,,,,,,,
per_year,matched_exposure_levered_QQQ_1.70,,,,,,realized,c2c,primary,,,0.6803111091628578,,,4.438928620747048,,,,,,,,,,,,,,,,,,,,,,,,,,,,,,,,,,,2019.0,,,,,,,,,,,,,
per_year,matched_exposure_levered_QQQ_1.70,,,,,,realized,c2c,primary,,,0.7598677209492803,,,3.7904868812378627,,,,,,,,,,,,,,,,,,,,,,,,,,,,,,,,,,,2020.0,,,,,,,,,,,,,
per_year,matched_exposure_levered_QQQ_1.70,,,,,,realized,c2c,primary,,,0.26924888816255943,,,5.863160879075414,,,,,,,,,,,,,,,,,,,,,,,,,,,,,,,,,,,2021.0,,,,,,,,,,,,,
metrics,long_legs_only,,,,,,realized,c2c,primary,2472.0,33.21151177210683,0.433495063909495,0.5155276774654425,0.9429799102662312,1.0607405513646038,-0.5863196573324814,0.7393493608618261,0.4861272538406316,32.41562023702839,0.3775641158961331,1.2875356353366059,0.9414013389114401,26.78252731334434,-0.04517608555640171,-0.07042634674651511,-0.7171481255376956,-1.1179835954284911,-0.08122567257795515,-0.11861689572617788,-1.2894175782913682,-1.882984844291682,12.0,144.41666666666666,82.0,115.0,63.0,True,21.23998057543743,2.0409390788746866,-0.6416319324693835,2.849049989812977,0.1040072039621792,0.5932203389830508,0.6326371031798554,0.12869267612084379,1.8004939223240248,0.8206090477306154,0.013373030062041298,0.03272312988640331,,strategy_stream,-0.08347547962687325,0.9554515474481471,0.12304727849989738,-0.8544008271490791,0.9431890652093244,-2.1047380439383883,21.0,1.4865860207983008,0.8988402789482759,0.9221475127194455,1323.0,1149.0
per_year,long_legs_only,,,,,,realized,c2c,primary,,,-0.08651785982847993,,,-3.0395490292749234,,,,,,,,,,,,,,,,,,,,,,,,,,,,,,,,,,,2011.0,,,,,,,,,,,,,
per_year,long_legs_only,,,,,,realized,c2c,primary,,,-0.17726538475586728,,,-0.04759937333941052,,,,,,,,,,,,,,,,,,,,,,,,,,,,,,,,,,,2012.0,,,,,,,,,,,,,
per_year,long_legs_only,,,,,,realized,c2c,primary,,,0.896958435340419,,,2.578691687361992,,,,,,,,,,,,,,,,,,,,,,,,,,,,,,,,,,,2013.0,,,,,,,,,,,,,
per_year,long_legs_only,,,,,,realized,c2c,primary,,,0.18070914334591115,,,1.822159766940415,,,,,,,,,,,,,,,,,,,,,,,,,,,,,,,,,,,2014.0,,,,,,,,,,,,,
per_year,long_legs_only,,,,,,realized,c2c,primary,,,-0.10229984175290441,,,-0.38167534039870155,,,,,,,,,,,,,,,,,,,,,,,,,,,,,,,,,,,2015.0,,,,,,,,,,,,,
per_year,long_legs_only,,,,,,realized,c2c,primary,,,0.17678630282041463,,,1.4776703552865427,,,,,,,,,,,,,,,,,,,,,,,,,,,,,,,,,,,2016.0,,,,,,,,,,,,,
per_year,long_legs_only,,,,,,realized,c2c,primary,,,0.47742969301605975,,,4.507888202627922,,,,,,,,,,,,,,,,,,,,,,,,,,,,,,,,,,,2017.0,,,,,,,,,,,,,
per_year,long_legs_only,,,,,,realized,c2c,primary,,,0.5019919801956558,,,2.035010571860051,,,,,,,,,,,,,,,,,,,,,,,,,,,,,,,,,,,2018.0,,,,,,,,,,,,,
per_year,long_legs_only,,,,,,realized,c2c,primary,,,1.154813413492438,,,5.587007478527282,,,,,,,,,,,,,,,,,,,,,,,,,,,,,,,,,,,2019.0,,,,,,,,,,,,,
per_year,long_legs_only,,,,,,realized,c2c,primary,,,1.367890571427552,,,2.2632796426374604,,,,,,,,,,,,,,,,,,,,,,,,,,,,,,,,,,,2020.0,,,,,,,,,,,,,
per_year,long_legs_only,,,,,,realized,c2c,primary,,,0.6991708600421498,,,4.673336978206304,,,,,,,,,,,,,,,,,,,,,,,,,,,,,,,,,,,2021.0,,,,,,,,,,,,,
metrics,equal_weight_universe,,,,,,realized,c2c,primary,2472.0,3.0669038836986067,0.15374392576850449,0.3308667138710654,0.5826212709433511,0.5962755671371908,-0.5925894369812184,0.2594442562994542,0.19277571582154285,0.03708056635162846,0.3750504983354783,0.5139993592252401,-1.0884971813122768,18.86262195032888,-0.028692949201431017,-0.05600625459571124,-0.45548644780797487,-0.8890717291465217,-0.07432988424475917,-0.10287602149090784,-1.1799503321511051,-1.6331062124200706,6.0,194.5,129.0,183.0,108.0,True,12.915309915657826,1.190400592572027,-2.4644601177473704,2.839840447198429,0.22917604682575415,0.7542372881355932,-0.5288621489087816,-0.03370185508996004,1.266230631499651,0.3775510728851126,4.146212986893944,16.080540989660594,,window_entry,0.2969803626347211,0.43581835149262504,0.5208439269869726,0.3613747453659784,0.08084056978869236,1.962105240075496,21.0,2.3925660236217907,0.5470749911037609,0.3083749780106668,1769.0,699.0
per_year,equal_weight_universe,,,,,,realized,c2c,primary,,,3.41672418213701e-05,,,4.998190073675523,,,,,,,,,,,,,,,,,,,,,,,,,,,,,,,,,,,2011.0,,,,,,,,,,,,,
per_year,equal_weight_universe,,,,,,realized,c2c,primary,,,0.0008773279489964203,,,1.235779228099099,,,,,,,,,,,,,,,,,,,,,,,,,,,,,,,,,,,2012.0,,,,,,,,,,,,,
per_year,equal_weight_universe,,,,,,realized,c2c,primary,,,0.0005765544893809871,,,1.2259617071327575,,,,,,,,,,,,,,,,,,,,,,,,,,,,,,,,,,,2013.0,,,,,,,,,,,,,
per_year,equal_weight_universe,,,,,,realized,c2c,primary,,,0.00032477477553816136,,,1.2259617071327575,,,,,,,,,,,,,,,,,,,,,,,,,,,,,,,,,,,2014.0,,,,,,,,,,,,,
per_year,equal_weight_universe,,,,,,realized,c2c,primary,,,-0.11945845682008127,,,-2.253477830829612,,,,,,,,,,,,,,,,,,,,,,,,,,,,,,,,,,,2015.0,,,,,,,,,,,,,
per_year,equal_weight_universe,,,,,,realized,c2c,primary,,,-0.020286860202706092,,,-0.29907803677047395,,,,,,,,,,,,,,,,,,,,,,,,,,,,,,,,,,,2016.0,,,,,,,,,,,,,
per_year,equal_weight_universe,,,,,,realized,c2c,primary,,,0.5514144489178361,,,10.122608274863428,,,,,,,,,,,,,,,,,,,,,,,,,,,,,,,,,,,2017.0,,,,,,,,,,,,,
per_year,equal_weight_universe,,,,,,realized,c2c,primary,,,-0.2720814724740951,,,-1.1493570078189865,,,,,,,,,,,,,,,,,,,,,,,,,,,,,,,,,,,2018.0,,,,,,,,,,,,,
per_year,equal_weight_universe,,,,,,realized,c2c,primary,,,0.9115896649709858,,,5.262275939378218,,,,,,,,,,,,,,,,,,,,,,,,,,,,,,,,,,,2019.0,,,,,,,,,,,,,
per_year,equal_weight_universe,,,,,,realized,c2c,primary,,,0.5814472521154206,,,2.0498890203488562,,,,,,,,,,,,,,,,,,,,,,,,,,,,,,,,,,,2020.0,,,,,,,,,,,,,
per_year,equal_weight_universe,,,,,,realized,c2c,primary,,,0.3783772541254673,,,6.786894295955925,,,,,,,,,,,,,,,,,,,,,,,,,,,,,,,,,,,2021.0,,,,,,,,,,,,,
metrics,sleeve_T10_standalone,,,,,,realized,c2c,primary,2472.0,1.818508176465159,0.11141372024375906,0.7542931985010658,0.49862395453724095,0.6804532571541577,-0.7925501735559286,0.14057623600519825,0.37610466737010423,55.64745581221554,0.4953458294634918,0.7592769434991762,1.342579009172558,13.935901938059681,-0.06503028494836255,-0.0986831205084978,-1.032323769966205,-1.5665459727918183,-0.1182314519706472,-0.16099701075995967,-1.87686611436246,-2.55574831377386,5.0,474.0,1211.0,1756.0,698.0,True,48.198311226865,0.23115689618116486,-1.5119066132837062,2.157132090532132,0.2575416479063485,0.5254237288135594,0.33535557520463505,-0.06098008641325037,1.0666214771255853,0.31545714811079595,0.002002135023382361,0.012227931128610321,,strategy_stream,0.19159107616698137,0.5035951360808615,0.5031246324829318,0.009721030587660663,0.5609453915865452,1.840275914349684,21.0,2.3934159214009205,0.5581331635005344,0.5099167200834205,1266.0,1206.0
per_year,sleeve_T10_standalone,,,,,,realized,c2c,primary,,,-0.24032929166265482,,,-4.20715626950293,,,,,,,,,,,,,,,,,,,,,,,,,,,,,,,,,,,2011.0,,,,,,,,,,,,,
per_year,sleeve_T10_standalone,,,,,,realized,c2c,primary,,,0.053345218261827254,,,0.9026187633461689,,,,,,,,,,,,,,,,,,,,,,,,,,,,,,,,,,,2012.0,,,,,,,,,,,,,
per_year,sleeve_T10_standalone,,,,,,realized,c2c,primary,,,-0.3468485965094211,,,-0.44012570718216576,,,,,,,,,,,,,,,,,,,,,,,,,,,,,,,,,,,2013.0,,,,,,,,,,,,,
per_year,sleeve_T10_standalone,,,,,,realized,c2c,primary,,,1.1825257697474414,,,4.271538543001791,,,,,,,,,,,,,,,,,,,,,,,,,,,,,,,,,,,2014.0,,,,,,,,,,,,,
per_year,sleeve_T10_standalone,,,,,,realized,c2c,primary,,,-0.044599659913185485,,,0.3234606213652919,,,,,,,,,,,,,,,,,,,,,,,,,,,,,,,,,,,2015.0,,,,,,,,,,,,,
per_year,sleeve_T10_standalone,,,,,,realized,c2c,primary,,,-0.3917909758848501,,,-0.5402677463090011,,,,,,,,,,,,,,,,,,,,,,,,,,,,,,,,,,,2016.0,,,,,,,,,,,,,
per_year,sleeve_T10_standalone,,,,,,realized,c2c,primary,,,-0.3523983193357282,,,-1.3695640399692157,,,,,,,,,,,,,,,,,,,,,,,,,,,,,,,,,,,2017.0,,,,,,,,,,,,,
per_year,sleeve_T10_standalone,,,,,,realized,c2c,primary,,,0.36493045975494187,,,2.1093875556540453,,,,,,,,,,,,,,,,,,,,,,,,,,,,,,,,,,,2018.0,,,,,,,,,,,,,
per_year,sleeve_T10_standalone,,,,,,realized,c2c,primary,,,1.183568496520817,,,3.5494099650210655,,,,,,,,,,,,,,,,,,,,,,,,,,,,,,,,,,,2019.0,,,,,,,,,,,,,
per_year,sleeve_T10_standalone,,,,,,realized,c2c,primary,,,0.2608946494164035,,,1.8723848394788611,,,,,,,,,,,,,,,,,,,,,,,,,,,,,,,,,,,2020.0,,,,,,,,,,,,,
per_year,sleeve_T10_standalone,,,,,,realized,c2c,primary,,,0.7472199492972589,,,3.771478268793241,,,,,,,,,,,,,,,,,,,,,,,,,,,,,,,,,,,2021.0,,,,,,,,,,,,,
metrics,sleeve_T11_standalone,,,,,,realized,c2c,primary,2472.0,1.4682288645145998,0.09647934775909794,0.5492112826715709,0.43327430442181586,0.6329777995304384,-0.772774057603454,0.124848067568808,0.23795187176764077,54.75037722163687,0.4070511433411632,0.5845748763029646,0.07662542144242394,13.766071567688057,-0.05066180635266198,-0.07884564393447993,-0.804231243470735,-1.251635794868293,-0.0911937372468407,-0.13052245000239956,-1.4476556992902514,-2.071979659303267,6.0,362.6666666666667,701.0,1017.0,,False,34.50245917843655,0.27963035115884116,-1.5372805217949594,1.8985891544234457,0.325078793336335,0.4915254237288136,0.6564943213089426,0.09074958763301,0.6582251932532688,0.10223920659113572,0.001762167726599154,0.0115611586924426,,strategy_stream,0.2134148689506717,0.704262955009855,0.3660708784298405,0.39075406969759996,0.5815786230460036,2.2778927240388525,21.0,5.440654131984302,0.7718246390065033,0.7000073874887025,1239.0,1233.0
per_year,sleeve_T11_standalone,,,,,,realized,c2c,primary,,,-0.18760946295591197,,,-13.113336479180495,,,,,,,,,,,,,,,,,,,,,,,,,,,,,,,,,,,2011.0,,,,,,,,,,,,,
per_year,sleeve_T11_standalone,,,,,,realized,c2c,primary,,,-0.0827059476228732,,,0.30304982062528013,,,,,,,,,,,,,,,,,,,,,,,,,,,,,,,,,,,2012.0,,,,,,,,,,,,,
per_year,sleeve_T11_standalone,,,,,,realized,c2c,primary,,,0.031533857919463726,,,0.4529341439263984,,,,,,,,,,,,,,,,,,,,,,,,,,,,,,,,,,,2013.0,,,,,,,,,,,,,
per_year,sleeve_T11_standalone,,,,,,realized,c2c,primary,,,0.506776770751312,,,5.417226185549972,,,,,,,,,,,,,,,,,,,,,,,,,,,,,,,,,,,2014.0,,,,,,,,,,,,,
per_year,sleeve_T11_standalone,,,,,,realized,c2c,primary,,,0.23056199372293484,,,1.458674556251842,,,,,,,,,,,,,,,,,,,,,,,,,,,,,,,,,,,2015.0,,,,,,,,,,,,,
per_year,sleeve_T11_standalone,,,,,,realized,c2c,primary,,,-0.21575927278033502,,,-0.6356566643757059,,,,,,,,,,,,,,,,,,,,,,,,,,,,,,,,,,,2016.0,,,,,,,,,,,,,
per_year,sleeve_T11_standalone,,,,,,realized,c2c,primary,,,0.4996941107997499,,,3.8684737084413463,,,,,,,,,,,,,,,,,,,,,,,,,,,,,,,,,,,2017.0,,,,,,,,,,,,,
per_year,sleeve_T11_standalone,,,,,,realized,c2c,primary,,,-0.07436315078217837,,,0.24157477715224446,,,,,,,,,,,,,,,,,,,,,,,,,,,,,,,,,,,2018.0,,,,,,,,,,,,,
per_year,sleeve_T11_standalone,,,,,,realized,c2c,primary,,,0.05318706158163189,,,0.7057754370364306,,,,,,,,,,,,,,,,,,,,,,,,,,,,,,,,,,,2019.0,,,,,,,,,,,,,
per_year,sleeve_T11_standalone,,,,,,realized,c2c,primary,,,0.2372804083782447,,,1.3152151430000336,,,,,,,,,,,,,,,,,,,,,,,,,,,,,,,,,,,2020.0,,,,,,,,,,,,,
per_year,sleeve_T11_standalone,,,,,,realized,c2c,primary,,,0.22070219897243248,,,3.0343744766880665,,,,,,,,,,,,,,,,,,,,,,,,,,,,,,,,,,,2021.0,,,,,,,,,,,,,
metrics,sleeve_S2_standalone,,,,,,realized,c2c,primary,2472.0,17.749058455618655,0.3482478955935413,0.626254892761421,0.7811855986212967,0.7981241689003284,-0.8174289632801708,0.42602832935610163,0.48922401482314287,20.517804186948556,0.4908693149097264,0.9966481912056652,0.4698139217050046,19.623123092336055,-0.058782047906988294,-0.09198452874893992,-0.9331360819018552,-1.4602091252109979,-0.10528866020734454,-0.15141361979903242,-1.671405664702896,-2.4036166985779532,13.0,144.46153846153845,134.0,190.0,113.0,True,31.523154780824377,1.1047368133515034,-0.8746303527093396,3.0642215910070036,0.15893741557856822,0.6186440677966102,0.3715718262081418,0.0744179044586335,1.3763702793756838,0.6918671779658514,0.016972961259424775,0.03889910253690879,,strategy_stream,0.0636475208739569,0.6486763258190476,0.3749716000709294,-0.2886310789691649,0.6415781081635363,0.7660145329650278,21.0,3.655495761565795,0.6124344015906147,0.584265837835838,1351.0,1120.0
per_year,sleeve_S2_standalone,,,,,,realized,c2c,primary,,,-0.434582638808353,,,-14.786125172803168,,,,,,,,,,,,,,,,,,,,,,,,,,,,,,,,,,,2011.0,,,,,,,,,,,,,
per_year,sleeve_S2_standalone,,,,,,realized,c2c,primary,,,-0.30237621990047614,,,-0.3054911948124997,,,,,,,,,,,,,,,,,,,,,,,,,,,,,,,,,,,2012.0,,,,,,,,,,,,,
per_year,sleeve_S2_standalone,,,,,,realized,c2c,primary,,,1.5479578694998977,,,2.646256061360034,,,,,,,,,,,,,,,,,,,,,,,,,,,,,,,,,,,2013.0,,,,,,,,,,,,,
per_year,sleeve_S2_standalone,,,,,,realized,c2c,primary,,,0.12405154884300851,,,1.6672344291595298,,,,,,,,,,,,,,,,,,,,,,,,,,,,,,,,,,,2014.0,,,,,,,,,,,,,
per_year,sleeve_S2_standalone,,,,,,realized,c2c,primary,,,-0.32075809067248284,,,-1.9240873830135021,,,,,,,,,,,,,,,,,,,,,,,,,,,,,,,,,,,2015.0,,,,,,,,,,,,,
per_year,sleeve_S2_standalone,,,,,,realized,c2c,primary,,,0.9399837359314163,,,2.4340057016134593,,,,,,,,,,,,,,,,,,,,,,,,,,,,,,,,,,,2016.0,,,,,,,,,,,,,
per_year,sleeve_S2_standalone,,,,,,realized,c2c,primary,,,1.1987896588646492,,,5.768468388282125,,,,,,,,,,,,,,,,,,,,,,,,,,,,,,,,,,,2017.0,,,,,,,,,,,,,
per_year,sleeve_S2_standalone,,,,,,realized,c2c,primary,,,-0.027352696772775853,,,0.3879178934075095,,,,,,,,,,,,,,,,,,,,,,,,,,,,,,,,,,,2018.0,,,,,,,,,,,,,
per_year,sleeve_S2_standalone,,,,,,realized,c2c,primary,,,1.2446640594029699,,,4.586741211779898,,,,,,,,,,,,,,,,,,,,,,,,,,,,,,,,,,,2019.0,,,,,,,,,,,,,
per_year,sleeve_S2_standalone,,,,,,realized,c2c,primary,,,0.7212055951512897,,,1.2945351464279589,,,,,,,,,,,,,,,,,,,,,,,,,,,,,,,,,,,2020.0,,,,,,,,,,,,,
per_year,sleeve_S2_standalone,,,,,,realized,c2c,primary,,,0.524280306569862,,,5.413384287986628,,,,,,,,,,,,,,,,,,,,,,,,,,,,,,,,,,,2021.0,,,,,,,,,,,,,
metrics,sleeve_S3_standalone,,,,,,realized,c2c,primary,2472.0,6.664009094788576,0.23073057942805097,0.6427566025269966,0.6328064079351359,0.6532542433855766,-0.7890323906696461,0.2924221897053321,0.406737052371806,27.078548711221924,0.5013775024356306,0.8112391369695033,0.7744225117138034,18.623968527641797,-0.06016113336720592,-0.09243024951411921,-0.9550283848885005,-1.4672847230040489,-0.10866374185022039,-0.14548844139594627,-1.724983424792429,-2.309557407408412,11.0,186.0,920.0,1334.0,512.0,True,42.77627020508633,0.5393891948078631,-1.7292502911950431,3.0096259612037963,0.259792886087348,0.6186440677966102,0.10507674682535832,-0.08779442348311173,1.7696394019242219,0.6604785128840567,0.00852078824048762,0.024124418570292662,,strategy_stream,0.1175023752865994,0.6478219293982914,0.3675407544012517,-0.07003711765750799,0.6740364616440712,1.240061620089654,21.0,1.5973021870163466,0.6306445139536258,0.5900385099955522,1469.0,995.0
per_year,sleeve_S3_standalone,,,,,,realized,c2c,primary,,,3.41672418213701e-05,,,4.998190073675523,,,,,,,,,,,,,,,,,,,,,,,,,,,,,,,,,,,2011.0,,,,,,,,,,,,,
per_year,sleeve_S3_standalone,,,,,,realized,c2c,primary,,,-0.4607675792006296,,,-0.8535488537419337,,,,,,,,,,,,,,,,,,,,,,,,,,,,,,,,,,,2012.0,,,,,,,,,,,,,
per_year,sleeve_S3_standalone,,,,,,realized,c2c,primary,,,1.5201100123427262,,,3.1778869106651335,,,,,,,,,,,,,,,,,,,,,,,,,,,,,,,,,,,2013.0,,,,,,,,,,,,,
per_year,sleeve_S3_standalone,,,,,,realized,c2c,primary,,,-0.5595057043892773,,,-2.3196162008164167,,,,,,,,,,,,,,,,,,,,,,,,,,,,,,,,,,,2014.0,,,,,,,,,,,,,
per_year,sleeve_S3_standalone,,,,,,realized,c2c,primary,,,-0.2551222945831695,,,-1.3139060988197433,,,,,,,,,,,,,,,,,,,,,,,,,,,,,,,,,,,2015.0,,,,,,,,,,,,,
per_year,sleeve_S3_standalone,,,,,,realized,c2c,primary,,,0.7631563831338997,,,2.301176699339496,,,,,,,,,,,,,,,,,,,,,,,,,,,,,,,,,,,2016.0,,,,,,,,,,,,,
per_year,sleeve_S3_standalone,,,,,,realized,c2c,primary,,,0.6345938029943783,,,5.72945626448738,,,,,,,,,,,,,,,,,,,,,,,,,,,,,,,,,,,2017.0,,,,,,,,,,,,,
per_year,sleeve_S3_standalone,,,,,,realized,c2c,primary,,,0.40126740197642774,,,3.123295656036864,,,,,,,,,,,,,,,,,,,,,,,,,,,,,,,,,,,2018.0,,,,,,,,,,,,,
per_year,sleeve_S3_standalone,,,,,,realized,c2c,primary,,,0.8565934971785716,,,2.257497331255853,,,,,,,,,,,,,,,,,,,,,,,,,,,,,,,,,,,2019.0,,,,,,,,,,,,,
per_year,sleeve_S3_standalone,,,,,,realized,c2c,primary,,,0.7083781412105739,,,1.1969150485155413,,,,,,,,,,,,,,,,,,,,,,,,,,,,,,,,,,,2020.0,,,,,,,,,,,,,
per_year,sleeve_S3_standalone,,,,,,realized,c2c,primary,,,0.34183118554844616,,,3.2789532174075937,,,,,,,,,,,,,,,,,,,,,,,,,,,,,,,,,,,2021.0,,,,,,,,,,,,,
metrics,STRATEGY,,,,,,realized,o2o,primary,2472.0,60.51291119309332,0.5218447451814521,0.48822011128306214,1.0910863648060856,1.3817013060244996,-0.5306024012913018,0.983494880368923,0.5326927273336467,37.87437898045862,0.3483027922637449,1.529395512081558,0.4172032530478574,8.225832081838258,-0.04218167358516256,-0.06724497014380601,-0.6696133091450548,-1.0674808075228441,-0.07534628887846512,-0.1149546547807957,-1.196085255504303,-1.8248485715956058,13.0,97.15384615384616,70.0,99.0,59.0,True,14.979287706511773,3.4837754331575894,-0.23723352705423711,2.9440586177695267,0.017559657811796487,0.5932203389830508,1.4362072070159586,0.3781141310017171,1.4889576131479616,0.6805657647185916,0.013778304997441652,0.0364811607006782,,,,,,,,,,,,,,
per_year,STRATEGY,,,,,,realized,o2o,primary,,,-0.22967152198501428,,,-14.743576404644902,,,,,,,,,,,,,,,,,,,,,,,,,,,,,,,,,,,2011.0,,,,,,,,,,,,,
per_year,STRATEGY,,,,,,realized,o2o,primary,,,0.2208891083721667,,,3.2835217135311705,,,,,,,,,,,,,,,,,,,,,,,,,,,,,,,,,,,2012.0,,,,,,,,,,,,,
per_year,STRATEGY,,,,,,realized,o2o,primary,,,0.5912125002724726,,,1.4920877916770425,,,,,,,,,,,,,,,,,,,,,,,,,,,,,,,,,,,2013.0,,,,,,,,,,,,,
per_year,STRATEGY,,,,,,realized,o2o,primary,,,0.7648076012000611,,,6.481810335286039,,,,,,,,,,,,,,,,,,,,,,,,,,,,,,,,,,,2014.0,,,,,,,,,,,,,
per_year,STRATEGY,,,,,,realized,o2o,primary,,,0.3534747287600881,,,2.259102296429564,,,,,,,,,,,,,,,,,,,,,,,,,,,,,,,,,,,2015.0,,,,,,,,,,,,,
per_year,STRATEGY,,,,,,realized,o2o,primary,,,0.1468426395314757,,,0.9402600863084148,,,,,,,,,,,,,,,,,,,,,,,,,,,,,,,,,,,2016.0,,,,,,,,,,,,,
per_year,STRATEGY,,,,,,realized,o2o,primary,,,0.2585489738299527,,,2.419006016573615,,,,,,,,,,,,,,,,,,,,,,,,,,,,,,,,,,,2017.0,,,,,,,,,,,,,
per_year,STRATEGY,,,,,,realized,o2o,primary,,,0.8648608631398411,,,1.774298366082411,,,,,,,,,,,,,,,,,,,,,,,,,,,,,,,,,,,2018.0,,,,,,,,,,,,,
per_year,STRATEGY,,,,,,realized,o2o,primary,,,0.773799666221894,,,3.8201301453571865,,,,,,,,,,,,,,,,,,,,,,,,,,,,,,,,,,,2019.0,,,,,,,,,,,,,
per_year,STRATEGY,,,,,,realized,o2o,primary,,,1.5578146499068795,,,2.4674056436178415,,,,,,,,,,,,,,,,,,,,,,,,,,,,,,,,,,,2020.0,,,,,,,,,,,,,
per_year,STRATEGY,,,,,,realized,o2o,primary,,,0.4091083355634364,,,5.662062235025551,,,,,,,,,,,,,,,,,,,,,,,,,,,,,,,,,,,2021.0,,,,,,,,,,,,,
metrics,buy_hold_QQQ,,,,,,realized,o2o,primary,2472.0,6.678195614249296,0.2309626254933499,0.190300966526694,1.156109002129786,1.8033205072078788,-0.2756457596241686,0.8378965299820238,0.220036525662543,0.017286585046131533,0.1568478494985486,1.4028660664842532,-0.7455707615601797,7.608961256301857,-0.018401631996520718,-0.029160751160957524,-0.29211685188313685,-0.46291257369438993,-0.037846343187949064,-0.050512549984481396,-0.6007920726511,-0.801861872079944,2.0,102.5,71.0,102.0,50.0,True,5.043310133059702,4.579584031117839,-0.28712663267234123,3.124031316001146,0.0225123818099955,0.6779661016949152,1.9579349925326295,0.1923963790590122,1.882837487758596,0.2707762384831012,13.360801157486899,104.31907183492171,,window_entry,0.2887442018017542,1.1086728660041731,0.4407543078360966,0.7093661845441819,0.18679427051487907,2.364283179353472,21.0,2.6103336277119364,1.0844606814843225,0.7718753386426913,1441.0,1031.0
per_year,buy_hold_QQQ,,,,,,realized,o2o,primary,,,0.07699258187467106,,,4.110626601849757,,,,,,,,,,,,,,,,,,,,,,,,,,,,,,,,,,,2011.0,,,,,,,,,,,,,
per_year,buy_hold_QQQ,,,,,,realized,o2o,primary,,,0.15458214514930235,,,1.236154258265698,,,,,,,,,,,,,,,,,,,,,,,,,,,,,,,,,,,2012.0,,,,,,,,,,,,,
per_year,buy_hold_QQQ,,,,,,realized,o2o,primary,,,0.39036296034671003,,,10.599780940908035,,,,,,,,,,,,,,,,,,,,,,,,,,,,,,,,,,,2013.0,,,,,,,,,,,,,
per_year,buy_hold_QQQ,,,,,,realized,o2o,primary,,,0.21192209723499644,,,4.476492205258127,,,,,,,,,,,,,,,,,,,,,,,,,,,,,,,,,,,2014.0,,,,,,,,,,,,,
per_year,buy_hold_QQQ,,,,,,realized,o2o,primary,,,0.09104266586931087,,,2.61423866275209,,,,,,,,,,,,,,,,,,,,,,,,,,,,,,,,,,,2015.0,,,,,,,,,,,,,
per_year,buy_hold_QQQ,,,,,,realized,o2o,primary,,,0.0744821331904919,,,0.9617014856422691,,,,,,,,,,,,,,,,,,,,,,,,,,,,,,,,,,,2016.0,,,,,,,,,,,,,
per_year,buy_hold_QQQ,,,,,,realized,o2o,primary,,,0.31985704799321035,,,7.3146786648024795,,,,,,,,,,,,,,,,,,,,,,,,,,,,,,,,,,,2017.0,,,,,,,,,,,,,
per_year,buy_hold_QQQ,,,,,,realized,o2o,primary,,,-0.006980955606130879,,,0.005102980817829585,,,,,,,,,,,,,,,,,,,,,,,,,,,,,,,,,,,2018.0,,,,,,,,,,,,,
per_year,buy_hold_QQQ,,,,,,realized,o2o,primary,,,0.3807059449786794,,,4.541544213397327,,,,,,,,,,,,,,,,,,,,,,,,,,,,,,,,,,,2019.0,,,,,,,,,,,,,
per_year,buy_hold_QQQ,,,,,,realized,o2o,primary,,,0.4875307100518407,,,3.899839413464812,,,,,,,,,,,,,,,,,,,,,,,,,,,,,,,,,,,2020.0,,,,,,,,,,,,,
per_year,buy_hold_QQQ,,,,,,realized,o2o,primary,,,0.16125123300473443,,,6.209828570653122,,,,,,,,,,,,,,,,,,,,,,,,,,,,,,,,,,,2021.0,,,,,,,,,,,,,
metrics,buy_hold_TQQQ,,,,,,realized,o2o,primary,2472.0,108.12066935890577,0.6134213633397692,0.562174012979686,1.1269308726398495,1.8057440257389181,-0.6936997697058176,0.8842749992549476,0.6335582105850767,0.0027054473226809884,0.45470548431549074,1.393337517225747,-0.6382711680308756,5.617423610090423,-0.05468372774215958,-0.0859818632641451,-0.868077266206307,-1.3649197647533295,-0.11130727000484897,-0.14627496368445203,-1.7669481332780974,-2.3220430616643863,13.0,101.53846153846153,98.0,140.0,77.0,True,16.382339592046574,3.7444063461947628,-0.3309960461409918,3.0939237085758116,0.027915353444394417,0.6610169491525424,1.9753165369091443,0.5450070895818939,1.8441702543302112,0.6848650813541639,226.73565225135985,667.4474903283274,,window_entry,0.2926367301838444,0.37890124875521136,0.561169818463,-0.17974146137740016,0.1903685880042797,2.4384446279736562,21.0,2.839749278916352,0.3648516410077385,0.2564285194641814,1435.0,1037.0
per_year,buy_hold_TQQQ,,,,,,realized,o2o,primary,,,0.18503824328210317,,,3.629273019239973,,,,,,,,,,,,,,,,,,,,,,,,,,,,,,,,,,,2011.0,,,,,,,,,,,,,
per_year,buy_hold_TQQQ,,,,,,realized,o2o,primary,,,0.41971113981171926,,,1.2224831297108767,,,,,,,,,,,,,,,,,,,,,,,,,,,,,,,,,,,2012.0,,,,,,,,,,,,,
per_year,buy_hold_TQQQ,,,,,,realized,o2o,primary,,,1.5316236101773182,,,10.473108697392588,,,,,,,,,,,,,,,,,,,,,,,,,,,,,,,,,,,2013.0,,,,,,,,,,,,,
per_year,buy_hold_TQQQ,,,,,,realized,o2o,primary,,,0.6507246379874536,,,4.385044955096424,,,,,,,,,,,,,,,,,,,,,,,,,,,,,,,,,,,2014.0,,,,,,,,,,,,,
per_year,buy_hold_TQQQ,,,,,,realized,o2o,primary,,,0.1617957765485467,,,2.6796705720590905,,,,,,,,,,,,,,,,,,,,,,,,,,,,,,,,,,,2015.0,,,,,,,,,,,,,
per_year,buy_hold_TQQQ,,,,,,realized,o2o,primary,,,0.12332533862595652,,,0.9106909616824771,,,,,,,,,,,,,,,,,,,,,,,,,,,,,,,,,,,2016.0,,,,,,,,,,,,,
per_year,buy_hold_TQQQ,,,,,,realized,o2o,primary,,,1.1534722451879493,,,7.11935902307104,,,,,,,,,,,,,,,,,,,,,,,,,,,,,,,,,,,2017.0,,,,,,,,,,,,,
per_year,buy_hold_TQQQ,,,,,,realized,o2o,primary,,,-0.20919885130652927,,,-0.015617718807456287,,,,,,,,,,,,,,,,,,,,,,,,,,,,,,,,,,,2018.0,,,,,,,,,,,,,
per_year,buy_hold_TQQQ,,,,,,realized,o2o,primary,,,1.2848737274381858,,,4.423719774471041,,,,,,,,,,,,,,,,,,,,,,,,,,,,,,,,,,,2019.0,,,,,,,,,,,,,
per_year,buy_hold_TQQQ,,,,,,realized,o2o,primary,,,1.1133822575279626,,,3.107185175747798,,,,,,,,,,,,,,,,,,,,,,,,,,,,,,,,,,,2020.0,,,,,,,,,,,,,
per_year,buy_hold_TQQQ,,,,,,realized,o2o,primary,,,0.44616789047193706,,,5.705543249141502,,,,,,,,,,,,,,,,,,,,,,,,,,,,,,,,,,,2021.0,,,,,,,,,,,,,
metrics,vol_targeted_QQQ_matched,,,,,,realized,o2o,primary,2472.0,13.011259688157866,0.3088018118093898,0.2809564281882521,1.0785419656409494,1.4304524548933715,-0.33026924220012543,0.9350002130149089,0.3030447714385463,1.2939810255551203,0.22849383519270275,1.326271105664493,-0.8052203016824147,6.970290359761101,-0.027855720827319054,-0.04342920870531203,-0.44219585939717165,-0.6894173152234622,-0.051407084816270626,-0.0702281954719227,-0.8160621723039397,-1.114838041461239,6.0,209.0,381.0,552.0,242.0,True,11.085375731443001,2.785668427399281,-0.6349022768722566,3.1694415689652615,0.12291760468257541,0.6694915254237288,1.280933582988133,0.26323160775564536,1.6634078754188577,0.3560159293662082,0.23864477585899163,1.1054663296007023,,window_entry,0.34017674154451766,0.635272421547682,0.465834895485942,0.49298143638539554,0.13366700612587756,2.6105277230979484,21.0,3.049049316357548,0.715986350453601,0.4967597188232973,1436.0,1036.0
per_year,vol_targeted_QQQ_matched,,,,,,realized,o2o,primary,,,0.05224842490271531,,,3.533693921904821,,,,,,,,,,,,,,,,,,,,,,,,,,,,,,,,,,,2011.0,,,,,,,,,,,,,
per_year,vol_targeted_QQQ_matched,,,,,,realized,o2o,primary,,,0.1512132966398736,,,0.8285019457222194,,,,,,,,,,,,,,,,,,,,,,,,,,,,,,,,,,,2012.0,,,,,,,,,,,,,
per_year,vol_targeted_QQQ_matched,,,,,,realized,o2o,primary,,,0.8802845331022671,,,7.615288221212197,,,,,,,,,,,,,,,,,,,,,,,,,,,,,,,,,,,2013.0,,,,,,,,,,,,,
per_year,vol_targeted_QQQ_matched,,,,,,realized,o2o,primary,,,0.3279643530006806,,,4.074288864350324,,,,,,,,,,,,,,,,,,,,,,,,,,,,,,,,,,,2014.0,,,,,,,,,,,,,
per_year,vol_targeted_QQQ_matched,,,,,,realized,o2o,primary,,,6.979286305219823e-05,,,0.681516688355157,,,,,,,,,,,,,,,,,,,,,,,,,,,,,,,,,,,2015.0,,,,,,,,,,,,,
per_year,vol_targeted_QQQ_matched,,,,,,realized,o2o,primary,,,0.08170882358311737,,,0.7471485002814269,,,,,,,,,,,,,,,,,,,,,,,,,,,,,,,,,,,2016.0,,,,,,,,,,,,,
per_year,vol_targeted_QQQ_matched,,,,,,realized,o2o,primary,,,0.9384708882965502,,,7.621644644422081,,,,,,,,,,,,,,,,,,,,,,,,,,,,,,,,,,,2017.0,,,,,,,,,,,,,
per_year,vol_targeted_QQQ_matched,,,,,,realized,o2o,primary,,,-0.021855657195456457,,,0.0810268893117882,,,,,,,,,,,,,,,,,,,,,,,,,,,,,,,,,,,2018.0,,,,,,,,,,,,,
per_year,vol_targeted_QQQ_matched,,,,,,realized,o2o,primary,,,0.4575106009430894,,,4.638115036524693,,,,,,,,,,,,,,,,,,,,,,,,,,,,,,,,,,,2019.0,,,,,,,,,,,,,
per_year,vol_targeted_QQQ_matched,,,,,,realized,o2o,primary,,,0.31650494808964647,,,2.7879666429054937,,,,,,,,,,,,,,,,,,,,,,,,,,,,,,,,,,,2020.0,,,,,,,,,,,,,
per_year,vol_targeted_QQQ_matched,,,,,,realized,o2o,primary,,,0.1769444887619529,,,4.247135184295875,,,,,,,,,,,,,,,,,,,,,,,,,,,,,,,,,,,2021.0,,,,,,,,,,,,,
metrics,naive_fast_1d_momentum,,,,,,realized,o2o,primary,2472.0,9.094950784972117,0.2657855615803226,0.38578997874061977,0.7904119196378823,1.075592724199963,-0.5614489323209138,0.4733922290699175,0.30494664133731564,64.6626786668267,0.3403068392009202,0.8960931906433782,-0.5476595572170025,8.072842132059124,-0.0378162531847217,-0.06371215572779777,-0.6003144086581677,-1.011399117285434,-0.08019233367292634,-0.10940669033740648,-1.273013831714844,-1.7367773663965853,9.0,187.33333333333334,829.0,1204.0,604.0,True,21.477509904267365,1.2375064090996588,-2.011849016071656,2.2455892204098653,0.12381809995497524,0.6186440677966102,0.7326781159618604,0.21988423914433652,1.8288832331441256,0.3134140408511652,0.004110339488869275,0.016633902992821182,,window_entry,0.4291949314036007,0.3393964120285628,0.5349503162721672,0.425733155152413,0.07193164006713093,3.1863523999194743,21.0,2.529432862787823,0.3907595417411873,0.1159796346588269,1257.0,1213.0
per_year,naive_fast_1d_momentum,,,,,,realized,o2o,primary,,,-0.019218906427850846,,,0.07770336531800345,,,,,,,,,,,,,,,,,,,,,,,,,,,,,,,,,,,2011.0,,,,,,,,,,,,,
per_year,naive_fast_1d_momentum,,,,,,realized,o2o,primary,,,-0.33488468567411633,,,-0.8860947672624576,,,,,,,,,,,,,,,,,,,,,,,,,,,,,,,,,,,2012.0,,,,,,,,,,,,,
per_year,naive_fast_1d_momentum,,,,,,realized,o2o,primary,,,0.8158171020876919,,,6.3962460028352375,,,,,,,,,,,,,,,,,,,,,,,,,,,,,,,,,,,2013.0,,,,,,,,,,,,,
per_year,naive_fast_1d_momentum,,,,,,realized,o2o,primary,,,0.17183879437502347,,,0.5937205008824493,,,,,,,,,,,,,,,,,,,,,,,,,,,,,,,,,,,2014.0,,,,,,,,,,,,,
per_year,naive_fast_1d_momentum,,,,,,realized,o2o,primary,,,0.4058955598763041,,,2.0293808621380234,,,,,,,,,,,,,,,,,,,,,,,,,,,,,,,,,,,2015.0,,,,,,,,,,,,,
per_year,naive_fast_1d_momentum,,,,,,realized,o2o,primary,,,0.26238901542976345,,,1.9001521067913325,,,,,,,,,,,,,,,,,,,,,,,,,,,,,,,,,,,2016.0,,,,,,,,,,,,,
per_year,naive_fast_1d_momentum,,,,,,realized,o2o,primary,,,0.42413981644499055,,,2.480518553598995,,,,,,,,,,,,,,,,,,,,,,,,,,,,,,,,,,,2017.0,,,,,,,,,,,,,
per_year,naive_fast_1d_momentum,,,,,,realized,o2o,primary,,,0.5139236626525332,,,1.460424102117269,,,,,,,,,,,,,,,,,,,,,,,,,,,,,,,,,,,2018.0,,,,,,,,,,,,,
per_year,naive_fast_1d_momentum,,,,,,realized,o2o,primary,,,0.4473115800932552,,,3.0397641988600634,,,,,,,,,,,,,,,,,,,,,,,,,,,,,,,,,,,2019.0,,,,,,,,,,,,,
per_year,naive_fast_1d_momentum,,,,,,realized,o2o,primary,,,0.14817500515484583,,,1.4150580505448855,,,,,,,,,,,,,,,,,,,,,,,,,,,,,,,,,,,2020.0,,,,,,,,,,,,,
per_year,naive_fast_1d_momentum,,,,,,realized,o2o,primary,,,0.14372654803565665,,,4.37939532887892,,,,,,,,,,,,,,,,,,,,,,,,,,,,,,,,,,,2021.0,,,,,,,,,,,,,
metrics,matched_exposure_levered_QQQ_1.70,,,,,,realized,o2o,primary,2472.0,20.518502322645414,0.3673169219794641,0.31860309249877883,1.1241159893163706,1.801781584473704,-0.46478605429490005,0.7902924766895153,0.3581734173561235,0.8509067072716521,0.2577725508175097,1.3894940179635056,-0.6394523926761284,5.62346222394285,-0.0309964882500936,-0.048729148325736875,-0.49205399655649995,-0.7735512484192755,-0.06306694657607875,-0.08291185423046304,-1.0011567395310053,-1.316184882198263,5.0,111.0,92.0,131.0,71.0,True,9.060531139628718,4.054032995625419,-0.3331617294319054,3.0907155706724434,0.028365601080594327,0.6694915254237288,1.969577580993525,0.31794707399061095,1.8413429501474539,0.418536147639504,0.4316770790974599,2.1174842894950703,,window_entry,0.29323874815807066,0.6685420178390642,0.45181772916915003,0.38626042917449827,0.19036477428822063,2.4438534264887894,21.0,2.839617768870194,0.643520772206807,0.4527494692983745,1438.0,1034.0
per_year,matched_exposure_levered_QQQ_1.70,,,,,,realized,o2o,primary,,,0.11163513238521694,,,3.621091595019021,,,,,,,,,,,,,,,,,,,,,,,,,,,,,,,,,,,2011.0,,,,,,,,,,,,,
per_year,matched_exposure_levered_QQQ_1.70,,,,,,realized,o2o,primary,,,0.25253617999648914,,,1.2178736977071727,,,,,,,,,,,,,,,,,,,,,,,,,,,,,,,,,,,2012.0,,,,,,,,,,,,,
per_year,matched_exposure_levered_QQQ_1.70,,,,,,realized,o2o,primary,,,0.7218112464410864,,,10.457340593149954,,,,,,,,,,,,,,,,,,,,,,,,,,,,,,,,,,,2013.0,,,,,,,,,,,,,
per_year,matched_exposure_levered_QQQ_1.70,,,,,,realized,o2o,primary,,,0.3601649792534498,,,4.374290822336397,,,,,,,,,,,,,,,,,,,,,,,,,,,,,,,,,,,2014.0,,,,,,,,,,,,,
per_year,matched_exposure_levered_QQQ_1.70,,,,,,realized,o2o,primary,,,0.13877739208712891,,,2.6668130324524095,,,,,,,,,,,,,,,,,,,,,,,,,,,,,,,,,,,2015.0,,,,,,,,,,,,,
per_year,matched_exposure_levered_QQQ_1.70,,,,,,realized,o2o,primary,,,0.10044880683350987,,,0.9047935429914811,,,,,,,,,,,,,,,,,,,,,,,,,,,,,,,,,,,2016.0,,,,,,,,,,,,,
per_year,matched_exposure_levered_QQQ_1.70,,,,,,realized,o2o,primary,,,0.5676540181031899,,,7.109077709395451,,,,,,,,,,,,,,,,,,,,,,,,,,,,,,,,,,,2017.0,,,,,,,,,,,,,
per_year,matched_exposure_levered_QQQ_1.70,,,,,,realized,o2o,primary,,,-0.06201514553267107,,,-0.01948976994951649,,,,,,,,,,,,,,,,,,,,,,,,,,,,,,,,,,,2018.0,,,,,,,,,,,,,
per_year,matched_exposure_levered_QQQ_1.70,,,,,,realized,o2o,primary,,,0.6523994542953448,,,4.4150379289418735,,,,,,,,,,,,,,,,,,,,,,,,,,,,,,,,,,,2019.0,,,,,,,,,,,,,
per_year,matched_exposure_levered_QQQ_1.70,,,,,,realized,o2o,primary,,,0.7222293464268266,,,3.0994637555769593,,,,,,,,,,,,,,,,,,,,,,,,,,,,,,,,,,,2020.0,,,,,,,,,,,,,
per_year,matched_exposure_levered_QQQ_1.70,,,,,,realized,o2o,primary,,,0.2584084175661716,,,5.693310142675124,,,,,,,,,,,,,,,,,,,,,,,,,,,,,,,,,,,2021.0,,,,,,,,,,,,,
metrics,long_legs_only,,,,,,realized,o2o,primary,2472.0,108.45995996709875,0.6139320554073779,0.4851995047295215,1.2165434859927253,1.4695629013667943,-0.5153437730420118,1.1913058574151607,0.5902763357495512,28.07416285393265,0.3450696659911645,1.710600478468789,0.31987795376608696,7.913375466479954,-0.04366177678616518,-0.06680624990580378,-0.6931092190524363,-1.0605163396535342,-0.07383348895585562,-0.11300928839643454,-1.172070301232568,-1.7939668376240587,11.0,97.63636363636364,76.0,107.0,59.0,True,14.154429890573033,4.337384551364105,-0.04564319759802685,3.161748008253399,0.0009004952723998199,0.6186440677966102,1.743717495710603,0.4648531805480349,1.4835458805034105,0.77818276538607,0.02186822305625323,0.05234574256097317,,strategy_stream,-0.045500118310018836,0.9795290961638478,0.11213057417217967,-0.5135406541973401,0.9476650709649806,-1.3000014506639013,21.0,1.596579498009144,0.9349055223833613,0.9432112287714326,1337.0,1135.0
per_year,long_legs_only,,,,,,realized,o2o,primary,,,-0.11375742856148141,,,-4.695870252201836,,,,,,,,,,,,,,,,,,,,,,,,,,,,,,,,,,,2011.0,,,,,,,,,,,,,
per_year,long_legs_only,,,,,,realized,o2o,primary,,,0.12954836757807353,,,2.562346145547172,,,,,,,,,,,,,,,,,,,,,,,,,,,,,,,,,,,2012.0,,,,,,,,,,,,,
per_year,long_legs_only,,,,,,realized,o2o,primary,,,1.115807410639197,,,3.2008804903165196,,,,,,,,,,,,,,,,,,,,,,,,,,,,,,,,,,,2013.0,,,,,,,,,,,,,
per_year,long_legs_only,,,,,,realized,o2o,primary,,,0.7672639253867648,,,7.099918219770746,,,,,,,,,,,,,,,,,,,,,,,,,,,,,,,,,,,2014.0,,,,,,,,,,,,,
per_year,long_legs_only,,,,,,realized,o2o,primary,,,0.31579484631850274,,,2.472808478226684,,,,,,,,,,,,,,,,,,,,,,,,,,,,,,,,,,,2015.0,,,,,,,,,,,,,
per_year,long_legs_only,,,,,,realized,o2o,primary,,,0.13754115954975532,,,0.9326121568211121,,,,,,,,,,,,,,,,,,,,,,,,,,,,,,,,,,,2016.0,,,,,,,,,,,,,
per_year,long_legs_only,,,,,,realized,o2o,primary,,,0.3554916041502001,,,3.045877029966752,,,,,,,,,,,,,,,,,,,,,,,,,,,,,,,,,,,2017.0,,,,,,,,,,,,,
per_year,long_legs_only,,,,,,realized,o2o,primary,,,0.5547655937374043,,,1.3357143466697934,,,,,,,,,,,,,,,,,,,,,,,,,,,,,,,,,,,2018.0,,,,,,,,,,,,,
per_year,long_legs_only,,,,,,realized,o2o,primary,,,0.977229684470204,,,4.546127732420723,,,,,,,,,,,,,,,,,,,,,,,,,,,,,,,,,,,2019.0,,,,,,,,,,,,,
per_year,long_legs_only,,,,,,realized,o2o,primary,,,2.1289739023571976,,,3.1002154413872978,,,,,,,,,,,,,,,,,,,,,,,,,,,,,,,,,,,2020.0,,,,,,,,,,,,,
per_year,long_legs_only,,,,,,realized,o2o,primary,,,0.4984566439708942,,,7.034020283026087,,,,,,,,,,,,,,,,,,,,,,,,,,,,,,,,,,,2021.0,,,,,,,,,,,,,
metrics,equal_weight_universe,,,,,,realized,o2o,primary,2472.0,2.944060082783777,0.15014216192320795,0.3204169887951103,0.5806744766261789,0.5904389961374447,-0.5860943519206763,0.25617404677451766,0.18606651085994141,0.03724512853089768,0.3605867398447287,0.5160104083141355,-1.0738035323842636,13.57227888471475,-0.029356123237182476,-0.054660070418068966,-0.4660140092552954,-0.8677017178289329,-0.07365505578577679,-0.10107243847321161,-1.169237762470527,-1.6044752196179688,5.0,234.2,128.0,182.0,107.0,True,12.865884305511354,1.1669789526934546,-2.159396480949021,2.8124280550081333,0.23007654209815398,0.7372881355932204,-0.5309054851472053,-0.034247791847827336,1.2611084744742955,0.36973747661879997,4.031189254687456,15.852784496303466,,window_entry,0.42848711528794153,0.5600449622239883,0.47542679076329025,0.7290843158358877,0.13510812437835684,3.4166493947946197,21.0,2.947126268370589,0.7154118794223788,0.3726499934207736,1788.0,680.0
per_year,equal_weight_universe,,,,,,realized,o2o,primary,,,3.41672418213701e-05,,,4.998190073675523,,,,,,,,,,,,,,,,,,,,,,,,,,,,,,,,,,,2011.0,,,,,,,,,,,,,
per_year,equal_weight_universe,,,,,,realized,o2o,primary,,,0.0008773279489964203,,,1.235779228099099,,,,,,,,,,,,,,,,,,,,,,,,,,,,,,,,,,,2012.0,,,,,,,,,,,,,
per_year,equal_weight_universe,,,,,,realized,o2o,primary,,,0.0005765544893809871,,,1.2259617071327575,,,,,,,,,,,,,,,,,,,,,,,,,,,,,,,,,,,2013.0,,,,,,,,,,,,,
per_year,equal_weight_universe,,,,,,realized,o2o,primary,,,0.00032477477553816136,,,1.2259617071327575,,,,,,,,,,,,,,,,,,,,,,,,,,,,,,,,,,,2014.0,,,,,,,,,,,,,
per_year,equal_weight_universe,,,,,,realized,o2o,primary,,,-0.11852028952128368,,,-2.232709537216965,,,,,,,,,,,,,,,,,,,,,,,,,,,,,,,,,,,2015.0,,,,,,,,,,,,,
per_year,equal_weight_universe,,,,,,realized,o2o,primary,,,-0.010912391228150131,,,-0.12706223163504698,,,,,,,,,,,,,,,,,,,,,,,,,,,,,,,,,,,2016.0,,,,,,,,,,,,,
per_year,equal_weight_universe,,,,,,realized,o2o,primary,,,0.5508362792651822,,,10.480198097052718,,,,,,,,,,,,,,,,,,,,,,,,,,,,,,,,,,,2017.0,,,,,,,,,,,,,
per_year,equal_weight_universe,,,,,,realized,o2o,primary,,,-0.2831706595205771,,,-1.1657740254221112,,,,,,,,,,,,,,,,,,,,,,,,,,,,,,,,,,,2018.0,,,,,,,,,,,,,
per_year,equal_weight_universe,,,,,,realized,o2o,primary,,,0.8809066456994501,,,5.252899924366073,,,,,,,,,,,,,,,,,,,,,,,,,,,,,,,,,,,2019.0,,,,,,,,,,,,,
per_year,equal_weight_universe,,,,,,realized,o2o,primary,,,0.5936729716503955,,,1.8871610743996008,,,,,,,,,,,,,,,,,,,,,,,,,,,,,,,,,,,2020.0,,,,,,,,,,,,,
per_year,equal_weight_universe,,,,,,realized,o2o,primary,,,0.35506843922321973,,,6.421340615225772,,,,,,,,,,,,,,,,,,,,,,,,,,,,,,,,,,,2021.0,,,,,,,,,,,,,
metrics,sleeve_T10_standalone,,,,,,realized,o2o,primary,2472.0,0.6729424425437032,0.05385787127059949,0.7042617252658645,0.41344628111495507,0.5189279758734306,-0.8661090614058048,0.06218370603718351,0.29117288889456777,52.703754584280425,0.46318778351484574,0.6286281703827262,0.6656830258721922,6.303785146224273,-0.06258287622186966,-0.09537633026192761,-0.9934723608852278,-1.5140523050101462,-0.11062144567370383,-0.1546345967091164,-1.7560610095383737,-2.4547481218745335,5.0,457.6,1435.0,2082.0,,False,54.11067750500601,0.09953279787638376,-1.9983038670563977,3.2467165971815506,0.2624943719045475,0.5423728813559322,0.6484652752182777,0.08500502978338265,0.44473438921601033,0.02360485191550654,0.0010218981872434434,0.009846129179347074,,strategy_stream,0.37909994998965335,0.52749683504912,0.45944021679398983,0.5256828410112276,0.5789860890234444,4.440322175355617,21.0,3.7962540664061586,0.583456643525328,0.4821924977336158,1235.0,1237.0
per_year,sleeve_T10_standalone,,,,,,realized,o2o,primary,,,-0.24237837956664743,,,-8.320257586623699,,,,,,,,,,,,,,,,,,,,,,,,,,,,,,,,,,,2011.0,,,,,,,,,,,,,
per_year,sleeve_T10_standalone,,,,,,realized,o2o,primary,,,0.392673015870566,,,1.8759472321747501,,,,,,,,,,,,,,,,,,,,,,,,,,,,,,,,,,,2012.0,,,,,,,,,,,,,
per_year,sleeve_T10_standalone,,,,,,realized,o2o,primary,,,-0.4081185470485429,,,-0.4987024438150137,,,,,,,,,,,,,,,,,,,,,,,,,,,,,,,,,,,2013.0,,,,,,,,,,,,,
per_year,sleeve_T10_standalone,,,,,,realized,o2o,primary,,,1.5346363981869686,,,4.5654215790428045,,,,,,,,,,,,,,,,,,,,,,,,,,,,,,,,,,,2014.0,,,,,,,,,,,,,
per_year,sleeve_T10_standalone,,,,,,realized,o2o,primary,,,0.16462686348273858,,,1.0683431759060513,,,,,,,,,,,,,,,,,,,,,,,,,,,,,,,,,,,2015.0,,,,,,,,,,,,,
per_year,sleeve_T10_standalone,,,,,,realized,o2o,primary,,,-0.613898108261631,,,-1.5619893696084224,,,,,,,,,,,,,,,,,,,,,,,,,,,,,,,,,,,2016.0,,,,,,,,,,,,,
per_year,sleeve_T10_standalone,,,,,,realized,o2o,primary,,,-0.5243609790183352,,,-2.0617073642382957,,,,,,,,,,,,,,,,,,,,,,,,,,,,,,,,,,,2017.0,,,,,,,,,,,,,
per_year,sleeve_T10_standalone,,,,,,realized,o2o,primary,,,0.8332831393960929,,,1.6410788528843543,,,,,,,,,,,,,,,,,,,,,,,,,,,,,,,,,,,2018.0,,,,,,,,,,,,,
per_year,sleeve_T10_standalone,,,,,,realized,o2o,primary,,,0.4929023785775346,,,2.1835984025186006,,,,,,,,,,,,,,,,,,,,,,,,,,,,,,,,,,,2019.0,,,,,,,,,,,,,
per_year,sleeve_T10_standalone,,,,,,realized,o2o,primary,,,-0.031581619378048265,,,1.6172302385564044,,,,,,,,,,,,,,,,,,,,,,,,,,,,,,,,,,,2020.0,,,,,,,,,,,,,
per_year,sleeve_T10_standalone,,,,,,realized,o2o,primary,,,0.8643991353951237,,,6.581645241272578,,,,,,,,,,,,,,,,,,,,,,,,,,,,,,,,,,,2021.0,,,,,,,,,,,,,
metrics,sleeve_T11_standalone,,,,,,realized,o2o,primary,2472.0,17.20202108757194,0.3441842286873409,0.5341202622925777,0.8076997809430698,0.9739130998405515,-0.6166126119200541,0.558185515563158,0.43139928149718904,53.48294953862603,0.35541418022496335,1.2137931053401698,0.4728735303501002,5.93735782342752,-0.048711204605286634,-0.07184038946925156,-0.7732664006878358,-1.1404308277539787,-0.08450076057361836,-0.11555173193347863,-1.341407988441635,-1.8343268775527113,12.0,154.33333333333334,562.0,816.0,369.0,True,26.33874499007682,1.3067601695411573,-1.7563792500694717,2.687366969595158,0.18685276902296263,0.5338983050847458,0.7603548016370424,0.2523666229495678,1.2994758587498558,0.4427334676137724,0.0064354010325995,0.018209786637462463,,strategy_stream,0.229916669181043,0.7018464590432486,0.3509968969637609,0.2885878670514736,0.5895326367882696,2.4599218031295966,21.0,2.4225214868762577,0.7461148753599622,0.6678070860154738,1259.0,1213.0
per_year,sleeve_T11_standalone,,,,,,realized,o2o,primary,,,-0.2767651489139449,,,-11.543351227687708,,,,,,,,,,,,,,,,,,,,,,,,,,,,,,,,,,,2011.0,,,,,,,,,,,,,
per_year,sleeve_T11_standalone,,,,,,realized,o2o,primary,,,0.7353693673114099,,,1.57035359350609,,,,,,,,,,,,,,,,,,,,,,,,,,,,,,,,,,,2012.0,,,,,,,,,,,,,
per_year,sleeve_T11_standalone,,,,,,realized,o2o,primary,,,-0.2580901180289713,,,-0.4671839263839581,,,,,,,,,,,,,,,,,,,,,,,,,,,,,,,,,,,2013.0,,,,,,,,,,,,,
per_year,sleeve_T11_standalone,,,,,,realized,o2o,primary,,,0.7754262126707128,,,4.177841521703483,,,,,,,,,,,,,,,,,,,,,,,,,,,,,,,,,,,2014.0,,,,,,,,,,,,,
per_year,sleeve_T11_standalone,,,,,,realized,o2o,primary,,,0.49179117136935324,,,2.0007225073656643,,,,,,,,,,,,,,,,,,,,,,,,,,,,,,,,,,,2015.0,,,,,,,,,,,,,
per_year,sleeve_T11_standalone,,,,,,realized,o2o,primary,,,-0.0922441494770192,,,-0.060928150840953495,,,,,,,,,,,,,,,,,,,,,,,,,,,,,,,,,,,2016.0,,,,,,,,,,,,,
per_year,sleeve_T11_standalone,,,,,,realized,o2o,primary,,,0.34927929143803915,,,1.4927544773860582,,,,,,,,,,,,,,,,,,,,,,,,,,,,,,,,,,,2017.0,,,,,,,,,,,,,
per_year,sleeve_T11_standalone,,,,,,realized,o2o,primary,,,1.3113568057370788,,,1.5936133116279059,,,,,,,,,,,,,,,,,,,,,,,,,,,,,,,,,,,2018.0,,,,,,,,,,,,,
per_year,sleeve_T11_standalone,,,,,,realized,o2o,primary,,,0.3824729900267858,,,1.7830405876359232,,,,,,,,,,,,,,,,,,,,,,,,,,,,,,,,,,,2019.0,,,,,,,,,,,,,
per_year,sleeve_T11_standalone,,,,,,realized,o2o,primary,,,0.8654582670993956,,,3.397656466377807,,,,,,,,,,,,,,,,,,,,,,,,,,,,,,,,,,,2020.0,,,,,,,,,,,,,
per_year,sleeve_T11_standalone,,,,,,realized,o2o,primary,,,0.010895881549739306,,,1.2246219826759104,,,,,,,,,,,,,,,,,,,,,,,,,,,,,,,,,,,2021.0,,,,,,,,,,,,,
metrics,sleeve_S2_standalone,,,,,,realized,o2o,primary,2472.0,186.6929955640758,0.7051369627576549,0.5832961385063031,1.1969195612756722,1.327085322938575,-0.5848873576289952,1.205594467994872,0.6981744128887858,12.966713124354259,0.427935486073113,1.6314945490860797,0.09384123045758336,4.809041798363102,-0.054729347563468346,-0.08308837561480628,-0.8688014584185363,-1.3189870723026054,-0.1015505769068149,-0.1380398902274065,-1.6120654319434264,-2.1913153232902376,13.0,102.6923076923077,77.0,108.0,59.0,True,20.906241069513076,3.3728538784809783,-0.4264086095461097,3.336378830367523,0.027915353444394417,0.6440677966101694,1.1973111387863153,0.42340898645867386,1.597860548054635,1.0426258998097273,0.05438054779150292,0.10234554510549208,,strategy_stream,0.06779577211363455,0.6658750974508528,0.3542359289989508,-0.4671510482372022,0.6329190915876313,0.7981984301624132,21.0,2.885795587109339,0.6293948421144272,0.5956612215382402,1373.0,1099.0
per_year,sleeve_S2_standalone,,,,,,realized,o2o,primary,,,-0.36157003049767544,,,-18.528956709588222,,,,,,,,,,,,,,,,,,,,,,,,,,,,,,,,,,,2011.0,,,,,,,,,,,,,
per_year,sleeve_S2_standalone,,,,,,realized,o2o,primary,,,0.02650937468489345,,,1.6862065359241432,,,,,,,,,,,,,,,,,,,,,,,,,,,,,,,,,,,2012.0,,,,,,,,,,,,,
per_year,sleeve_S2_standalone,,,,,,realized,o2o,primary,,,1.9275691458049016,,,2.8029392645809255,,,,,,,,,,,,,,,,,,,,,,,,,,,,,,,,,,,2013.0,,,,,,,,,,,,,
per_year,sleeve_S2_standalone,,,,,,realized,o2o,primary,,,0.5569246489343407,,,3.836408151039047,,,,,,,,,,,,,,,,,,,,,,,,,,,,,,,,,,,2014.0,,,,,,,,,,,,,
per_year,sleeve_S2_standalone,,,,,,realized,o2o,primary,,,0.13172940582962633,,,1.7483464898078611,,,,,,,,,,,,,,,,,,,,,,,,,,,,,,,,,,,2015.0,,,,,,,,,,,,,
per_year,sleeve_S2_standalone,,,,,,realized,o2o,primary,,,0.8159745176852031,,,4.509048053851067,,,,,,,,,,,,,,,,,,,,,,,,,,,,,,,,,,,2016.0,,,,,,,,,,,,,
per_year,sleeve_S2_standalone,,,,,,realized,o2o,primary,,,1.1977732086530435,,,5.5670824605694,,,,,,,,,,,,,,,,,,,,,,,,,,,,,,,,,,,2017.0,,,,,,,,,,,,,
per_year,sleeve_S2_standalone,,,,,,realized,o2o,primary,,,0.2805960208901659,,,0.9734042066834857,,,,,,,,,,,,,,,,,,,,,,,,,,,,,,,,,,,2018.0,,,,,,,,,,,,,
per_year,sleeve_S2_standalone,,,,,,realized,o2o,primary,,,0.9151580380462241,,,3.860447315510614,,,,,,,,,,,,,,,,,,,,,,,,,,,,,,,,,,,2019.0,,,,,,,,,,,,,
per_year,sleeve_S2_standalone,,,,,,realized,o2o,primary,,,3.146463428209752,,,3.4508382517652625,,,,,,,,,,,,,,,,,,,,,,,,,,,,,,,,,,,2020.0,,,,,,,,,,,,,
per_year,sleeve_S2_standalone,,,,,,realized,o2o,primary,,,0.36794077189182306,,,5.852723821430339,,,,,,,,,,,,,,,,,,,,,,,,,,,,,,,,,,,2021.0,,,,,,,,,,,,,
metrics,sleeve_S3_standalone,,,,,,realized,o2o,primary,2472.0,104.93294712759845,0.6085523689884897,0.6121739340099147,1.0723144437609193,1.1958839875578076,-0.599863197073831,1.014485255900087,0.6564496700129607,21.564743737102127,0.46603272722959216,1.4085913534771115,0.2673816728370307,6.062508548076286,-0.055609838487840416,-0.0870923778928902,-0.8827788185237635,-1.3825486379630822,-0.10478923738505466,-0.14156329183098923,-1.663477573181802,-2.247247589762754,15.0,103.86666666666666,297.0,432.0,201.0,True,24.028284810431092,2.5326500571705672,-0.474300268733205,3.3641406358681345,0.0675371454299865,0.6694915254237288,0.8808441033439052,0.35151777772262593,1.6735054675024792,0.9144703580136766,0.028219782085398763,0.055455515824205694,,strategy_stream,0.09527683251926877,0.6663357676845838,0.3371758144391711,-0.3670397975761123,0.6980869684745035,1.0946046743751927,21.0,0.5622539807328516,0.6632370272566048,0.6257182752693974,1483.0,981.0
per_year,sleeve_S3_standalone,,,,,,realized,o2o,primary,,,3.41672418213701e-05,,,4.998190073675523,,,,,,,,,,,,,,,,,,,,,,,,,,,,,,,,,,,2011.0,,,,,,,,,,,,,
per_year,sleeve_S3_standalone,,,,,,realized,o2o,primary,,,-0.4323629665760069,,,-1.0958772549871467,,,,,,,,,,,,,,,,,,,,,,,,,,,,,,,,,,,2012.0,,,,,,,,,,,,,
per_year,sleeve_S3_standalone,,,,,,realized,o2o,primary,,,2.7330346260228793,,,8.596921409011548,,,,,,,,,,,,,,,,,,,,,,,,,,,,,,,,,,,2013.0,,,,,,,,,,,,,
per_year,sleeve_S3_standalone,,,,,,realized,o2o,primary,,,0.15338434832988113,,,1.2538876965206662,,,,,,,,,,,,,,,,,,,,,,,,,,,,,,,,,,,2014.0,,,,,,,,,,,,,
per_year,sleeve_S3_standalone,,,,,,realized,o2o,primary,,,0.0919064946274386,,,1.8742205529761118,,,,,,,,,,,,,,,,,,,,,,,,,,,,,,,,,,,2015.0,,,,,,,,,,,,,
per_year,sleeve_S3_standalone,,,,,,realized,o2o,primary,,,0.8425251481169613,,,3.5684200816796614,,,,,,,,,,,,,,,,,,,,,,,,,,,,,,,,,,,2016.0,,,,,,,,,,,,,
per_year,sleeve_S3_standalone,,,,,,realized,o2o,primary,,,0.4996615513804954,,,4.4689739057123505,,,,,,,,,,,,,,,,,,,,,,,,,,,,,,,,,,,2017.0,,,,,,,,,,,,,
per_year,sleeve_S3_standalone,,,,,,realized,o2o,primary,,,0.4780847349507684,,,2.7019498597994183,,,,,,,,,,,,,,,,,,,,,,,,,,,,,,,,,,,2018.0,,,,,,,,,,,,,
per_year,sleeve_S3_standalone,,,,,,realized,o2o,primary,,,1.1624203959511479,,,4.321463370775397,,,,,,,,,,,,,,,,,,,,,,,,,,,,,,,,,,,2019.0,,,,,,,,,,,,,
per_year,sleeve_S3_standalone,,,,,,realized,o2o,primary,,,2.4463917617988313,,,2.038315028688886,,,,,,,,,,,,,,,,,,,,,,,,,,,,,,,,,,,2020.0,,,,,,,,,,,,,
per_year,sleeve_S3_standalone,,,,,,realized,o2o,primary,,,0.30410688621637494,,,4.595862810145299,,,,,,,,,,,,,,,,,,,,,,,,,,,,,,,,,,,2021.0,,,,,,,,,,,,,
metrics,STRATEGY,,,,,,synthetic,c2c,early,986.0,-0.3377438660489658,-0.09996755878248287,0.568778647513248,0.08193718810334125,0.12992780442397467,-0.6453735749855631,-0.15489874803863657,0.04660605693224465,43.944845573631504,0.39701654176743517,0.11739071809140285,1.4323226330450438,15.375317257157525,-0.05612975865456685,-0.0799723899380157,-0.8910322953003558,-1.2695223331648422,-0.09013390020463169,-0.11975695238089741,-1.4308313078266157,-1.9010826826251546,4.0,237.25,507.0,731.0,,False,32.493910425357996,-0.30765013343690684,-1.5062403213568638,1.3772386525751286,0.3333333333333333,0.425531914893617,0.7841822824815137,0.0995471140743065,-0.4720995872366618,-0.2632799587437955,-0.0022748415082033424,0.0029566107862701433,,,,,,,,,,,,,,
per_year,STRATEGY,,,,,,synthetic,c2c,early,,,-0.029089214222888016,,,-1.660703323005504,,,,,,,,,,,,,,,,,,,,,,,,,,,,,,,,,,,2007.0,,,,,,,,,,,,,
per_year,STRATEGY,,,,,,synthetic,c2c,early,,,0.0676323160262784,,,0.6682333237192569,,,,,,,,,,,,,,,,,,,,,,,,,,,,,,,,,,,2008.0,,,,,,,,,,,,,
per_year,STRATEGY,,,,,,synthetic,c2c,early,,,0.18625182322242173,,,1.739370907454308,,,,,,,,,,,,,,,,,,,,,,,,,,,,,,,,,,,2009.0,,,,,,,,,,,,,
per_year,STRATEGY,,,,,,synthetic,c2c,early,,,-0.5052837907017929,,,-2.3679912736451656,,,,,,,,,,,,,,,,,,,,,,,,,,,,,,,,,,,2010.0,,,,,,,,,,,,,
per_year,STRATEGY,,,,,,synthetic,c2c,early,,,0.08865913174884299,,,0.8398180142498258,,,,,,,,,,,,,,,,,,,,,,,,,,,,,,,,,,,2011.0,,,,,,,,,,,,,
metrics,buy_hold_QQQ,,,,,,synthetic,c2c,early,986.0,-0.011313472688626036,-0.0029037325052285734,0.2831253684401351,0.11078041937481528,0.1105135342605896,-0.5311685604951986,-0.005466687453266205,0.031370874045124224,0.15210669875411956,0.20969584136794325,0.1496017939148314,0.18732715665952887,5.536563047066673,-0.028389657449419625,-0.041422559230902094,-0.4506718405048596,-0.6575627423568593,-0.049176193877895805,-0.06255543846241965,-0.780647876553656,-0.9930367999570027,1.0,756.0,756.0,1094.0,494.0,True,22.957730275927034,-0.012648168918829762,-1.605822357598883,2.881406341038516,0.28843537414965986,0.5531914893617021,-0.21189584564793942,-0.11198507114217282,1.202872219925251,0.11957686109033494,-0.019090102730600026,0.7265527104709222,,window_entry,0.019745382064071833,0.8562297253667891,0.5161423768322358,0.029517403668004552,0.181712673995159,0.0803671114577956,21.0,2.227901451916375,0.8127721332053379,0.798199895194975,525.0,461.0
per_year,buy_hold_QQQ,,,,,,synthetic,c2c,early,,,-0.0579391846261742,,,-6.001696964672987,,,,,,,,,,,,,,,,,,,,,,,,,,,,,,,,,,,2007.0,,,,,,,,,,,,,
per_year,buy_hold_QQQ,,,,,,synthetic,c2c,early,,,-0.4173671092610174,,,-2.7304759792923843,,,,,,,,,,,,,,,,,,,,,,,,,,,,,,,,,,,2008.0,,,,,,,,,,,,,
per_year,buy_hold_QQQ,,,,,,synthetic,c2c,early,,,0.5469890495305672,,,6.598930273924752,,,,,,,,,,,,,,,,,,,,,,,,,,,,,,,,,,,2009.0,,,,,,,,,,,,,
per_year,buy_hold_QQQ,,,,,,synthetic,c2c,early,,,0.20147271401111055,,,2.101467720223932,,,,,,,,,,,,,,,,,,,,,,,,,,,,,,,,,,,2010.0,,,,,,,,,,,,,
per_year,buy_hold_QQQ,,,,,,synthetic,c2c,early,,,-0.03086667696968537,,,-0.20154868848401106,,,,,,,,,,,,,,,,,,,,,,,,,,,,,,,,,,,2011.0,,,,,,,,,,,,,
metrics,buy_hold_TQQQ,,,,,,synthetic,c2c,early,986.0,-0.6744768243893944,-0.24936879495238273,0.8496767767252255,0.08193213071781301,0.08174792664722491,-0.9454511084116204,-0.26375641504226277,0.06962041654721618,0.37629429743287984,0.6292350633326595,0.11064293871114068,0.18741899816577517,5.534101288119677,-0.08528900954947469,-0.12444132714728046,-1.3539210530095382,-1.9754448267032094,-0.14764566667150802,-0.187856438458032,-2.3438022970148875,-2.9821285100535766,1.0,983.0,983.0,1423.0,,False,68.86158422911515,-0.362130493720108,-1.627802936401081,2.8439689851531473,0.28843537414965986,0.5319148936170213,-0.23633628407850643,-0.5316662907018683,1.1285060325542031,0.20308915374818626,-0.6626961839538985,0.21724465984448357,,window_entry,0.0267414105375461,0.2853278877069975,0.7959536333653549,-0.02891419631777418,0.18168980885122543,0.10898225865767164,21.0,2.228674111218078,0.271926858938327,0.2649828966121297,525.0,461.0
per_year,buy_hold_TQQQ,,,,,,synthetic,c2c,early,,,-0.20189301048360064,,,-6.131725223969753,,,,,,,,,,,,,,,,,,,,,,,,,,,,,,,,,,,2007.0,,,,,,,,,,,,,
per_year,buy_hold_TQQQ,,,,,,synthetic,c2c,early,,,-0.8846532540287887,,,-2.779258354997118,,,,,,,,,,,,,,,,,,,,,,,,,,,,,,,,,,,2008.0,,,,,,,,,,,,,
per_year,buy_hold_TQQQ,,,,,,synthetic,c2c,early,,,1.9624040545472137,,,6.482047035095661,,,,,,,,,,,,,,,,,,,,,,,,,,,,,,,,,,,2009.0,,,,,,,,,,,,,
per_year,buy_hold_TQQQ,,,,,,synthetic,c2c,early,,,0.5085176409561596,,,2.0149080062904106,,,,,,,,,,,,,,,,,,,,,,,,,,,,,,,,,,,2010.0,,,,,,,,,,,,,
per_year,buy_hold_TQQQ,,,,,,synthetic,c2c,early,,,-0.20873716919657026,,,-0.3035209597976638,,,,,,,,,,,,,,,,,,,,,,,,,,,,,,,,,,,2011.0,,,,,,,,,,,,,
metrics,vol_targeted_QQQ_matched,,,,,,synthetic,c2c,early,986.0,-0.01171177304303006,-0.003006410629209255,0.3094871073938379,0.12698999460754715,0.11971463053079032,-0.5213751529425992,-0.00576630975266335,0.03930936070675264,1.5476342467072701,0.23132228217366965,0.16993330835825135,-0.2461094661205592,2.8830710452016706,-0.032081651714544634,-0.0471227518990931,-0.5092804325092443,-0.7480504957079821,-0.053377027347104575,-0.0695309881163717,-0.8473340405059947,-1.1037702178110416,2.0,455.0,753.0,1091.0,419.0,True,25.519063278974105,-0.011781038341193047,-1.6158788242490947,2.43541691128694,0.28843537414965986,0.5531914893617021,-0.25250071415396314,-0.11659069229402053,0.9676041447969809,0.12518196104096213,-0.0019425847131553607,0.07735330927542723,,window_entry,0.017063322917185715,0.7515445045124834,0.5247193223647213,0.01390590343158781,0.16727835471577712,0.07023216600109343,21.0,1.5795143593695173,0.7054694472554943,0.6937300644845397,525.0,461.0
per_year,vol_targeted_QQQ_matched,,,,,,synthetic,c2c,early,,,-0.09225526646993731,,,-6.5393315223912065,,,,,,,,,,,,,,,,,,,,,,,,,,,,,,,,,,,2007.0,,,,,,,,,,,,,
per_year,vol_targeted_QQQ_matched,,,,,,synthetic,c2c,early,,,-0.41277309505854387,,,-3.146821895102094,,,,,,,,,,,,,,,,,,,,,,,,,,,,,,,,,,,2008.0,,,,,,,,,,,,,
per_year,vol_targeted_QQQ_matched,,,,,,synthetic,c2c,early,,,0.6250346509970117,,,6.116668952949851,,,,,,,,,,,,,,,,,,,,,,,,,,,,,,,,,,,2009.0,,,,,,,,,,,,,
per_year,vol_targeted_QQQ_matched,,,,,,synthetic,c2c,early,,,0.22688673362119416,,,1.5146343403331366,,,,,,,,,,,,,,,,,,,,,,,,,,,,,,,,,,,2010.0,,,,,,,,,,,,,
per_year,vol_targeted_QQQ_matched,,,,,,synthetic,c2c,early,,,-0.07007731536918449,,,-0.24344649410852248,,,,,,,,,,,,,,,,,,,,,,,,,,,,,,,,,,,2011.0,,,,,,,,,,,,,
metrics,naive_fast_1d_momentum,,,,,,synthetic,c2c,early,986.0,-0.7633528035329459,-0.3081148331793254,0.5408707321359478,-0.4158738221657867,-0.3765557248693421,-0.763313452458704,-0.40365439936484643,-0.22495607470429463,61.86863971017858,0.49311811384784504,-0.45619105927572223,-0.5086387262655993,7.303115078002408,-0.06612302768306608,-0.09251964328657893,-1.0496705231041938,-1.4687038051481667,-0.10065429194306409,-0.14474909519218498,-1.5978373492358393,-2.29782065028082,1.0,985.0,985.0,1425.0,,False,51.78273594122624,-0.5950145885088765,-1.7585000622578841,1.782138331911633,0.33877551020408164,0.40425531914893614,-0.2803118107224462,-0.2961429559731569,-0.5040606293729158,-0.319883081189685,-0.004980145589472765,-0.006086374722853191,,window_entry,0.10603480746927085,0.2641793541923481,0.6793655815417162,0.3997290104398144,0.06311715579381094,0.4492672643824027,21.0,3.126516375022345,0.36049529903610955,0.3051046080760468,497.0,489.0
per_year,naive_fast_1d_momentum,,,,,,synthetic,c2c,early,,,-0.31414846399634044,,,-24.871959304388476,,,,,,,,,,,,,,,,,,,,,,,,,,,,,,,,,,,2007.0,,,,,,,,,,,,,
per_year,naive_fast_1d_momentum,,,,,,synthetic,c2c,early,,,-0.4706694957498496,,,-1.6766704487350763,,,,,,,,,,,,,,,,,,,,,,,,,,,,,,,,,,,2008.0,,,,,,,,,,,,,
per_year,naive_fast_1d_momentum,,,,,,synthetic,c2c,early,,,0.6241095265176679,,,5.066114131703513,,,,,,,,,,,,,,,,,,,,,,,,,,,,,,,,,,,2009.0,,,,,,,,,,,,,
per_year,naive_fast_1d_momentum,,,,,,synthetic,c2c,early,,,0.0029855743102784604,,,0.2514413499387972,,,,,,,,,,,,,,,,,,,,,,,,,,,,,,,,,,,2010.0,,,,,,,,,,,,,
per_year,naive_fast_1d_momentum,,,,,,synthetic,c2c,early,,,-0.5998394001040068,,,-2.424211214172356,,,,,,,,,,,,,,,,,,,,,,,,,,,,,,,,,,,2011.0,,,,,,,,,,,,,
metrics,matched_exposure_levered_QQQ_1.70,,,,,,synthetic,c2c,early,986.0,-0.26288508771460983,-0.07499325766684906,0.480377780935764,0.06568517805660698,0.06613385723385293,-0.758805710860975,-0.09883064477962131,0.031557356712816176,1.2473215883486508,0.35606040060549005,0.08862922318559453,0.18940692550260638,5.562595516819739,-0.04829288536370152,-0.07039277707299264,-0.7666257885966317,-1.1174506933820865,-0.08319644880023598,-0.10630452661016718,-1.3207026809348545,-1.6875320439057029,1.0,983.0,983.0,1423.0,,False,40.89331298019115,-0.18338758149327747,-1.629734426758131,2.775886236584572,0.28843537414965986,0.5531914893617021,-0.23906257127530703,-0.25511796946367027,1.069772820371345,0.14868856850488488,-0.060123434379207565,0.05302069478442092,,window_entry,0.0307006325568539,0.5040163699430245,0.5671700909196572,0.02653295803209094,0.18123127599236832,0.12524137868024066,21.0,2.2283421716214393,0.48207872106037497,0.4688215866688727,525.0,461.0
per_year,matched_exposure_levered_QQQ_1.70,,,,,,synthetic,c2c,early,,,-0.10744921400510754,,,-6.140164551487513,,,,,,,,,,,,,,,,,,,,,,,,,,,,,,,,,,,2007.0,,,,,,,,,,,,,
per_year,matched_exposure_levered_QQQ_1.70,,,,,,synthetic,c2c,early,,,-0.6459312253871439,,,-2.7820651049852745,,,,,,,,,,,,,,,,,,,,,,,,,,,,,,,,,,,2008.0,,,,,,,,,,,,,
per_year,matched_exposure_levered_QQQ_1.70,,,,,,synthetic,c2c,early,,,0.9861069902221307,,,6.469638591731789,,,,,,,,,,,,,,,,,,,,,,,,,,,,,,,,,,,2009.0,,,,,,,,,,,,,
per_year,matched_exposure_levered_QQQ_1.70,,,,,,synthetic,c2c,early,,,0.2816053144962056,,,1.740568392670561,,,,,,,,,,,,,,,,,,,,,,,,,,,,,,,,,,,2010.0,,,,,,,,,,,,,
per_year,matched_exposure_levered_QQQ_1.70,,,,,,synthetic,c2c,early,,,-0.08365778821684144,,,-0.3087739886181811,,,,,,,,,,,,,,,,,,,,,,,,,,,,,,,,,,,2011.0,,,,,,,,,,,,,
metrics,long_legs_only,,,,,,synthetic,c2c,early,986.0,-0.5456223400748101,-0.18258372096169528,0.567167906290055,-0.08867418526880046,-0.15051892235589037,-0.684688533697928,-0.26666683020903026,-0.05029617768508078,34.69793518315924,0.40234931583287536,-0.12500624632843269,1.3992957434252584,15.618580863505555,-0.05612210767248005,-0.0812937456977199,-0.8909108397250333,-1.290498205566563,-0.09072103964641799,-0.11987929213130008,-1.4401518575139187,-1.9030247659552935,1.0,960.0,960.0,1389.0,,False,41.000209403721826,-0.44532387423641084,-1.4502476766824743,1.3228205929441144,0.43945578231292515,0.3829787234042553,0.09771787467081898,-0.11193159383073203,-0.4202627505310799,-0.24761497132972743,-0.005262091821830162,-0.004337979235979011,,strategy_stream,0.09378642164815071,0.9380507006181716,0.2041526044946366,0.47465588233468364,0.8749949827846613,0.9576129903199864,21.0,3.7195742197103874,0.8806870828925855,0.8478929483764759,485.0,501.0
per_year,long_legs_only,,,,,,synthetic,c2c,early,,,-0.07427244935023214,,,-6.597374658745529,,,,,,,,,,,,,,,,,,,,,,,,,,,,,,,,,,,2007.0,,,,,,,,,,,,,
per_year,long_legs_only,,,,,,synthetic,c2c,early,,,-0.365692890467058,,,-1.149776902929477,,,,,,,,,,,,,,,,,,,,,,,,,,,,,,,,,,,2008.0,,,,,,,,,,,,,
per_year,long_legs_only,,,,,,synthetic,c2c,early,,,0.49399037961546255,,,2.6642938868262394,,,,,,,,,,,,,,,,,,,,,,,,,,,,,,,,,,,2009.0,,,,,,,,,,,,,
per_year,long_legs_only,,,,,,synthetic,c2c,early,,,-0.5092994481571639,,,-2.294825433155787,,,,,,,,,,,,,,,,,,,,,,,,,,,,,,,,,,,2010.0,,,,,,,,,,,,,
per_year,long_legs_only,,,,,,synthetic,c2c,early,,,0.055528235294365125,,,0.7025685641803043,,,,,,,,,,,,,,,,,,,,,,,,,,,,,,,,,,,2011.0,,,,,,,,,,,,,
metrics,equal_weight_universe,,,,,,synthetic,c2c,early,986.0,0.015430134179020172,0.003921156195241693,0.005425606168709264,-0.3324674593092954,-0.5024817100497556,-0.01333777922077628,0.2939886865973686,-0.0017869776796559747,0.1223273824439214,0.0376970758029682,-0.047403615309473714,-9.119257578701648,183.3831815117719,5.555555555591951e-07,-0.00034799031155259205,8.819171036939745e-06,-0.005524174938168275,2.3611111101828887e-07,-0.0018812032379394105,3.7481476892013294e-06,-0.02986317559894289,0.0,,10.0,11.0,,False,0.09229705272834658,4.248408892083088,-1.1206605999023376,1.059428539252396,0.012244897959183673,0.9787234042553191,0.748351194786946,0.010515846262187267,-0.7509166846286087,-0.0026304965089152255,0.03205460720979025,-4.107679736220208,,window_entry,0.057884214370872385,6.311302914986019,0.5685070167614833,0.08512302079853463,0.003556766915673748,0.2303941302234244,21.0,3.1043553455104207,10.453410894404247,5.887200012216165,976.0,7.0
per_year,equal_weight_universe,,,,,,synthetic,c2c,early,,,0.005218620820047981,,,,,,,,,,,,,,,,,,,,,,,,,,,,,,,,,,,,,,2007.0,,,,,,,,,,,,,
per_year,equal_weight_universe,,,,,,synthetic,c2c,early,,,0.013977543603247211,,,1.221111210954931,,,,,,,,,,,,,,,,,,,,,,,,,,,,,,,,,,,2008.0,,,,,,,,,,,,,
per_year,equal_weight_universe,,,,,,synthetic,c2c,early,,,0.0014961143208729322,,,1.2259617071327573,,,,,,,,,,,,,,,,,,,,,,,,,,,,,,,,,,,2009.0,,,,,,,,,,,,,
per_year,equal_weight_universe,,,,,,synthetic,c2c,early,,,0.0013873476037102872,,,1.2259617071327562,,,,,,,,,,,,,,,,,,,,,,,,,,,,,,,,,,,2010.0,,,,,,,,,,,,,
per_year,equal_weight_universe,,,,,,synthetic,c2c,early,,,-0.006632796973605748,,,-1.678561567562871,,,,,,,,,,,,,,,,,,,,,,,,,,,,,,,,,,,2011.0,,,,,,,,,,,,,
metrics,sleeve_T10_standalone,,,,,,synthetic,c2c,early,986.0,-0.7664771666536893,-0.3104610233096745,0.8179402519468534,-0.06226209395590255,-0.07538768473834835,-0.9084735241068208,-0.3417392087622024,-0.050927281173491296,58.72205847511922,0.5092214782167483,-0.10001008078416966,1.0336068146369017,7.9047819930790375,-0.0784182563363428,-0.10698538707282962,-1.2448512270796688,-1.69834036867615,-0.11730216101779999,-0.14780284159400256,-1.8621140778213243,-2.3462973715584257,2.0,480.5,690.0,996.0,,False,57.71351264287112,-0.5379347211645126,-2.2478889500665282,1.3998213904472132,0.5782312925170068,0.44680851063829785,0.8288210023335879,-0.004648411999578439,-0.6887519891750252,-0.5223155253810281,-0.005286957429144248,-0.0012838052121468193,,strategy_stream,0.0748687826269922,0.5549623903633584,0.49999167774903386,0.19506992305318308,0.6368806160782418,0.5092328080324978,21.0,3.194746372159903,0.5136056876620827,0.4970596099570747,484.0,502.0
per_year,sleeve_T10_standalone,,,,,,synthetic,c2c,early,,,0.07740420681663651,,,4.980081733627824,,,,,,,,,,,,,,,,,,,,,,,,,,,,,,,,,,,2007.0,,,,,,,,,,,,,
per_year,sleeve_T10_standalone,,,,,,synthetic,c2c,early,,,0.0421748908671955,,,0.7217787759693486,,,,,,,,,,,,,,,,,,,,,,,,,,,,,,,,,,,2008.0,,,,,,,,,,,,,
per_year,sleeve_T10_standalone,,,,,,synthetic,c2c,early,,,-0.21679450848248638,,,0.09120058071663617,,,,,,,,,,,,,,,,,,,,,,,,,,,,,,,,,,,2009.0,,,,,,,,,,,,,
per_year,sleeve_T10_standalone,,,,,,synthetic,c2c,early,,,-0.787718137470995,,,-4.084980999636095,,,,,,,,,,,,,,,,,,,,,,,,,,,,,,,,,,,2010.0,,,,,,,,,,,,,
per_year,sleeve_T10_standalone,,,,,,synthetic,c2c,early,,,0.2508967540612679,,,2.490190141260034,,,,,,,,,,,,,,,,,,,,,,,,,,,,,,,,,,,2011.0,,,,,,,,,,,,,
metrics,sleeve_T11_standalone,,,,,,synthetic,c2c,early,986.0,1.032713230575224,0.1987745265271792,0.6518211559034905,0.5863456343277478,0.8041951630592905,-0.5374438934589691,0.3698516793034407,0.3821924155112895,49.31257768851266,0.4364947098811589,0.8755946105631982,1.3347082050108985,13.159652637675853,-0.058852532307599265,-0.08747381204233118,-0.9342549870738116,-1.3886037173688919,-0.10762067348385479,-0.13308436453966874,-1.7084252278053782,-2.112648791778159,7.0,124.57142857142857,364.0,526.0,128.0,True,29.677305074069487,0.6697863098791211,-1.0039342792093522,2.1299768839494613,0.2571428571428571,0.5531914893617021,2.102860233301268,0.54959872679692,0.13922246556856455,-0.07262419580008161,0.004030909269897761,0.01630811449644879,,strategy_stream,-0.21677421915098455,0.6891300439096475,0.4035150404001027,-0.8316576211045231,0.6236436351479957,-1.2828379456337362,21.0,2.395812957337603,0.6836420525149501,0.7527674099833422,482.0,504.0
per_year,sleeve_T11_standalone,,,,,,synthetic,c2c,early,,,0.18897010037381645,,,6.978861781076491,,,,,,,,,,,,,,,,,,,,,,,,,,,,,,,,,,,2007.0,,,,,,,,,,,,,
per_year,sleeve_T11_standalone,,,,,,synthetic,c2c,early,,,0.8537323538864434,,,1.64299492215074,,,,,,,,,,,,,,,,,,,,,,,,,,,,,,,,,,,2008.0,,,,,,,,,,,,,
per_year,sleeve_T11_standalone,,,,,,synthetic,c2c,early,,,-0.16707531606617387,,,0.1120634536445405,,,,,,,,,,,,,,,,,,,,,,,,,,,,,,,,,,,2009.0,,,,,,,,,,,,,
per_year,sleeve_T11_standalone,,,,,,synthetic,c2c,early,,,0.05664867389701245,,,0.6094185070213486,,,,,,,,,,,,,,,,,,,,,,,,,,,,,,,,,,,2010.0,,,,,,,,,,,,,
per_year,sleeve_T11_standalone,,,,,,synthetic,c2c,early,,,0.047904742026317004,,,0.6478432166639113,,,,,,,,,,,,,,,,,,,,,,,,,,,,,,,,,,,2011.0,,,,,,,,,,,,,
metrics,sleeve_S2_standalone,,,,,,synthetic,c2c,early,986.0,-0.4283267346314015,-0.1331732223589842,0.7922892889329388,0.19803209707559122,0.2477662834126324,-0.6929058214415562,-0.19219527133128125,0.15690864746369926,40.04232499425706,0.5537475625787484,0.2833577212204619,1.1400800985400321,9.841510365167041,-0.08221497187691668,-0.10986505853800316,-1.3051222177949444,-1.7440537360026591,-0.12407573450117544,-0.1522340256919226,-1.969641223366722,-2.416640238378269,3.0,314.0,542.0,785.0,446.0,True,42.59848358069344,-0.31262432641931226,-0.5658077427944963,2.012287576745358,0.06394557823129252,0.46808510638297873,0.3640822053106586,-0.11160185688539837,0.08207752730324497,-0.1542208093758033,-0.0033258114352272042,0.006187609821561748,,strategy_stream,-0.04886611290191426,0.6084570313834762,0.43284749213946194,-0.25483014811118615,0.7183892124304375,-0.31896019414216265,21.0,2.123829901494722,0.5688699077356558,0.5791788187989007,505.0,481.0
per_year,sleeve_S2_standalone,,,,,,synthetic,c2c,early,,,-0.3621275356336142,,,-16.20116067696744,,,,,,,,,,,,,,,,,,,,,,,,,,,,,,,,,,,2007.0,,,,,,,,,,,,,
per_year,sleeve_S2_standalone,,,,,,synthetic,c2c,early,,,-0.2071004455519193,,,0.43430774341774825,,,,,,,,,,,,,,,,,,,,,,,,,,,,,,,,,,,2008.0,,,,,,,,,,,,,
per_year,sleeve_S2_standalone,,,,,,synthetic,c2c,early,,,0.9240485225869579,,,3.3191944435559972,,,,,,,,,,,,,,,,,,,,,,,,,,,,,,,,,,,2009.0,,,,,,,,,,,,,
per_year,sleeve_S2_standalone,,,,,,synthetic,c2c,early,,,-0.15191582417094107,,,0.11161063896179593,,,,,,,,,,,,,,,,,,,,,,,,,,,,,,,,,,,2010.0,,,,,,,,,,,,,
per_year,sleeve_S2_standalone,,,,,,synthetic,c2c,early,,,-0.3073068807485141,,,-0.6606942569736921,,,,,,,,,,,,,,,,,,,,,,,,,,,,,,,,,,,2011.0,,,,,,,,,,,,,
metrics,sleeve_S3_standalone,,,,,,synthetic,c2c,early,986.0,-0.8000263342907066,-0.33725881033880445,0.5828871275052913,-0.42682101786350307,-0.7237690156076576,-0.8850105586883066,-0.38107885496718036,-0.24879471625936034,17.671896546723826,0.5199811355620134,-0.47846873519835387,0.7877255909082338,10.521791905950108,-0.061221947822613254,-0.09122786891114756,-0.9718682923056419,-1.4481975226637838,-0.11325401771458538,-0.1311747951542672,-1.7978517951101798,-2.082335317548189,1.0,817.0,817.0,1179.0,,False,59.07479266566114,-0.5709013863959703,-2.136632638834008,0.49473307153612095,0.7727891156462585,0.5531914893617021,-1.0098540177049469,-0.3370075983214649,-0.501860178664274,-0.3375099271703206,-0.019084471745695483,-0.04095593326353172,,strategy_stream,0.22349911999486977,0.711000079592606,0.4244421392545325,0.6959741879315545,0.5308934890650308,1.1851958672143155,21.0,2.0673916759328206,0.7332894341634387,0.631914134852311,687.0,295.0
per_year,sleeve_S3_standalone,,,,,,synthetic,c2c,early,,,-0.01952403617620535,,,-0.6751625076042306,,,,,,,,,,,,,,,,,,,,,,,,,,,,,,,,,,,2007.0,,,,,,,,,,,,,
per_year,sleeve_S3_standalone,,,,,,synthetic,c2c,early,,,-0.49929363716505704,,,-2.209055248771271,,,,,,,,,,,,,,,,,,,,,,,,,,,,,,,,,,,2008.0,,,,,,,,,,,,,
per_year,sleeve_S3_standalone,,,,,,synthetic,c2c,early,,,0.10030546548350827,,,0.6886906809060616,,,,,,,,,,,,,,,,,,,,,,,,,,,,,,,,,,,2009.0,,,,,,,,,,,,,
per_year,sleeve_S3_standalone,,,,,,synthetic,c2c,early,,,-0.6704920891910755,,,-3.946358762550756,,,,,,,,,,,,,,,,,,,,,,,,,,,,,,,,,,,2010.0,,,,,,,,,,,,,
per_year,sleeve_S3_standalone,,,,,,synthetic,c2c,early,,,0.1235014315107863,,,0.8990077562025982,,,,,,,,,,,,,,,,,,,,,,,,,,,,,,,,,,,2011.0,,,,,,,,,,,,,
