date,rolling_252_naive_sharpe,in_holdout
2012-10-02,0.17908556583905727,0
2012-10-03,0.16561433306660306,0
2012-10-04,0.22510447413692808,0
2012-10-05,0.29762525452133853,0
2012-10-08,0.24915630747723,0
2012-10-09,0.23423348989614357,0
2012-10-10,0.2069248433579208,0
2012-10-11,0.17541519054820004,0
2012-10-12,0.17812320867771372,0
2012-10-15,0.10592450227335033,0
2012-10-16,0.11723540377277562,0
2012-10-17,0.1692620210755719,0
2012-10-18,0.14384491602045785,0
2012-10-19,0.16952605767274304,0
2012-10-22,0.07601583602226547,0
2012-10-23,0.04878675472802999,0
2012-10-24,0.03168464993106141,0
2012-10-25,0.050849213930911574,0
2012-10-26,-0.010442293662243238,0
2012-10-31,0.001678830448370209,0
2012-11-01,0.005732222893708453,0
2012-11-02,0.15366779907957392,0
2012-11-05,0.07344963308960491,0
2012-11-06,0.08553582949028776,0
2012-11-07,0.07352815447070131,0
2012-11-08,0.055704631665841095,0
2012-11-09,0.026048666454322286,0
2012-11-12,0.11974988859906734,0
2012-11-13,0.14416088493251167,0
2012-11-14,0.13375833841702928,0
2012-11-15,0.10821986686298718,0
2012-11-16,0.09752329477158526,0
2012-11-19,0.1474291480237292,0
2012-11-20,0.2199046889570482,0
2012-11-21,0.24161199494401864,0
2012-11-23,0.2518423268223901,0
2012-11-26,0.24190652198007195,0
2012-11-27,0.2573514027033136,0
2012-11-28,0.2224621929866903,0
2012-11-29,0.3381096256627816,0
2012-11-30,0.3635282179511095,0
2012-12-03,0.4235420468668267,0
2012-12-04,0.42446321903295314,0
2012-12-05,0.40016322244858304,0
2012-12-06,0.3657963984212497,0
2012-12-07,0.4251104170983247,0
2012-12-10,0.41165198013076415,0
2012-12-11,0.4594901741661753,0
2012-12-12,0.5422345226872931,0
2012-12-13,0.5266847910080907,0
2012-12-14,0.45766498280303347,0
2012-12-17,0.5149524016331146,0
2012-12-18,0.5243683378421281,0
2012-12-19,0.5395869723740986,0
2012-12-20,0.5846421175245469,0
2012-12-21,0.6160851792152956,0
2012-12-24,0.6075224217100674,0
2012-12-26,0.6101944820913227,0
2012-12-27,0.610732105092814,0
2012-12-28,0.6034105512650763,0
2012-12-31,0.605962142978227,0
2013-01-02,0.5000447625531924,0
2013-01-03,0.4953261057256643,0
2013-01-04,0.42341157584097555,0
2013-01-07,0.4137099880231236,0
2013-01-08,0.3872320111847397,0
2013-01-09,0.31995201228172904,0
2013-01-10,0.3083443687746571,0
2013-01-11,0.27003018609542023,0
2013-01-14,0.2776707487242943,0
2013-01-15,0.23441591784983087,0
2013-01-16,0.24170398165507403,0
2013-01-17,0.1987402076944265,0
2013-01-18,0.1997839495004343,0
2013-01-22,0.04610131928018155,0
2013-01-23,0.030596386552987215,0
2013-01-24,0.07209673897752028,0
2013-01-25,0.08560097046527472,0
2013-01-28,0.09164092178125484,0
2013-01-29,0.24677493253448052,0
2013-01-30,0.12210180913016778,0
2013-01-31,0.20217363963464133,0
2013-02-01,0.2011217277987322,0
2013-02-04,0.21085489707868646,0
2013-02-05,0.286483040152859,0
2013-02-06,0.4226611479275385,0
2013-02-07,0.4080581009044968,0
2013-02-08,0.45321867816297834,0
2013-02-11,0.43686316188073654,0
2013-02-12,0.35461052011360267,0
2013-02-13,0.04016548982091527,0
2013-02-14,0.1340563475510961,0
2013-02-15,0.14368186847077272,0
2013-02-19,0.07018104197282465,0
2013-02-20,-0.14387022113721187,0
2013-02-21,0.1905844205041095,0
2013-02-22,0.20432922676191642,0
2013-02-25,0.13332995233453745,0
2013-02-26,0.291729375639465,0
2013-02-27,0.3470005836620198,0
2013-02-28,0.16580193836210613,0
2013-03-01,0.1686902240733487,0
2013-03-04,0.30520572261120765,0
2013-03-05,0.3862740254189041,0
2013-03-06,0.4328009237019409,0
2013-03-07,0.3891393179249612,0
2013-03-08,0.2376543738849621,0
2013-03-11,0.21209989195754572,0
2013-03-12,0.11159374276117699,0
2013-03-13,0.09836260623521544,0
2013-03-14,0.06042396664724168,0
2013-03-15,0.03452468665051945,0
2013-03-18,0.0587211216978998,0
2013-03-19,-0.11211096392851674,0
2013-03-20,-0.013261837995767469,0
2013-03-21,-0.010818611659711352,0
2013-03-22,0.07444392248902063,0
2013-03-25,0.33237392700505924,0
2013-03-26,0.28918450677177987,0
2013-03-27,0.38770070437505805,0
2013-03-28,0.7232869184752739,0
2013-04-01,0.8627378629502579,0
2013-04-02,0.5587107349650967,0
2013-04-03,0.2672642763009343,0
2013-04-04,0.5944318895616741,0
2013-04-05,0.436978975114447,0
2013-04-08,0.4065839919520627,0
2013-04-09,0.15238521206274264,0
2013-04-10,0.20152352691442463,0
2013-04-11,0.2597873322136741,0
2013-04-12,0.23899274306889537,0
2013-04-15,0.23400084797284848,0
2013-04-16,0.26175785057489404,0
2013-04-17,0.1885249366579024,0
2013-04-18,0.30523691049213436,0
2013-04-19,0.3461652094880851,0
2013-04-22,0.3050915800662438,0
2013-04-23,0.3263980070475734,0
2013-04-24,0.33504677810640104,0
2013-04-25,0.49917423901161156,0
2013-04-26,0.49410985194276075,0
2013-04-29,0.3987243445941923,0
2013-04-30,0.3596409220353918,0
2013-05-01,0.3161587581079223,0
2013-05-02,0.2997384012358775,0
2013-05-03,0.3516219152948776,0
2013-05-06,0.3903502278262001,0
2013-05-07,0.3481437543593855,0
2013-05-08,0.5391670206209079,0
2013-05-09,0.7402848561392087,0
2013-05-10,0.8091827820600309,0
2013-05-13,0.831560558470121,0
2013-05-14,0.76582111336233,0
2013-05-15,0.8023312652673688,0
2013-05-16,0.8329953325476881,0
2013-05-17,0.8204004565087478,0
2013-05-20,0.801137773622597,0
2013-05-21,0.8449373102504707,0
2013-05-22,0.9425949721750295,0
2013-05-23,1.3073198611214878,0
2013-05-24,1.1216787897241014,0
2013-05-28,1.1222983076529047,0
2013-05-29,1.0530594166876812,0
2013-05-30,1.0698585603345894,0
2013-05-31,1.0547912478481747,0
2013-06-03,1.032111862998429,0
2013-06-04,1.0608386948426016,0
2013-06-05,0.9780415894560549,0
2013-06-06,0.8882604730659531,0
2013-06-07,0.9592101048815628,0
2013-06-10,0.8814633969775004,0
2013-06-11,0.6522841502242867,0
2013-06-12,0.7755579216758434,0
2013-06-13,0.487599223925426,0
2013-06-14,0.7682982718109225,0
2013-06-17,0.7362883595104859,0
2013-06-18,0.8034732865726639,0
2013-06-19,0.8250432266341244,0
2013-06-20,0.6143728876980213,0
2013-06-21,0.3766921058375588,0
2013-06-24,0.2736245457482154,0
2013-06-25,0.28536707469062117,0
2013-06-26,0.5456352389967174,0
2013-06-27,0.573744869427463,0
2013-06-28,0.6313726150475888,0
2013-07-01,0.6774043954470085,0
2013-07-02,0.687584678552272,0
2013-07-03,0.5627229750465693,0
2013-07-05,0.6040551187452359,0
2013-07-08,0.6685103681256501,0
2013-07-09,0.6118811717414526,0
2013-07-10,0.5738613011284472,0
2013-07-11,0.676502591786982,0
2013-07-12,0.6925473992947233,0
2013-07-15,0.721591895493241,0
2013-07-16,0.7302782993122655,0
2013-07-17,0.787121431315717,0
2013-07-18,0.61070119282552,0
2013-07-19,0.6201304002523202,0
2013-07-22,0.6172988150746445,0
2013-07-23,0.48018150728039727,0
2013-07-24,0.45089034313963694,0
2013-07-25,0.6616079263730007,0
2013-07-26,0.6229147608357181,0
2013-07-29,0.6271902572480645,0
2013-07-30,0.6736530545997502,0
2013-07-31,0.7257944483020781,0
2013-08-01,0.8126729491317451,0
2013-08-02,0.8430435125655784,0
2013-08-05,0.6840856404307262,0
2013-08-06,0.7956076382373616,0
2013-08-07,0.7951386158004933,0
2013-08-08,0.7803550854408952,0
2013-08-09,0.7059053491624506,0
2013-08-12,0.6310592552375651,0
2013-08-13,0.6702689700652985,0
2013-08-14,0.6796028150423411,0
2013-08-15,0.5256106093690978,0
2013-08-16,0.47170948248756306,0
2013-08-19,0.5515921060785702,0
2013-08-20,0.47731826463837507,0
2013-08-21,0.3989569244152619,0
2013-08-22,0.45704493445940275,0
2013-08-23,0.6309815765876907,0
2013-08-26,0.39134802120898776,0
2013-08-27,0.294797403730139,0
2013-08-28,0.10214636171813163,0
2013-08-29,0.03801808487554846,0
2013-08-30,0.14813075356821123,0
2013-09-03,0.15513588363176903,0
2013-09-04,0.19099115622101812,0
2013-09-05,0.2808891833999133,0
2013-09-06,0.319415572028472,0
2013-09-09,0.3346188664011779,0
2013-09-10,0.299055807579628,0
2013-09-11,0.18231136777724707,0
2013-09-12,0.3262995956542751,0
2013-09-13,0.230177328932705,0
2013-09-16,0.3319796060058102,0
2013-09-17,0.2854997047118037,0
2013-09-18,0.4169998422212849,0
2013-09-19,0.08577052136964092,0
2013-09-20,0.22021742694557178,0
2013-09-23,0.43060408782072707,0
2013-09-24,0.3526339562124503,0
2013-09-25,0.4370504493325664,0
2013-09-26,0.473120333221907,0
2013-09-27,0.49004675394414615,0
2013-09-30,0.3380932406660669,0
2013-10-01,0.4106154835866974,0
2013-10-02,0.36863071532765174,0
2013-10-03,0.40187831800016155,0
2013-10-04,0.35224820627926884,0
2013-10-07,0.336703771715824,0
2013-10-08,0.3239019671269782,0
2013-10-09,0.14002223204431416,0
2013-10-10,0.2895010818138912,0
2013-10-11,0.3950373883446705,0
2013-10-14,0.48411024467353597,0
2013-10-15,0.5717273686229106,0
2013-10-16,0.5854559678843669,0
2013-10-17,0.6021253955974691,0
2013-10-18,0.7295283130527832,0
2013-10-21,0.731847105824352,0
2013-10-22,0.7608848262821034,0
2013-10-23,0.9646440133217812,0
2013-10-24,1.050650312206068,0
2013-10-25,1.1132313589847267,0
2013-10-28,1.0674576104478608,0
2013-10-29,1.0667547430359205,0
2013-10-30,1.0628925772767608,0
2013-10-31,1.0871352057772397,0
2013-11-01,1.0381390090795148,0
2013-11-04,0.9679015121684258,0
2013-11-05,1.0216685700534915,0
2013-11-06,1.0595319701073456,0
2013-11-07,1.053523322259494,0
2013-11-08,1.01317920794955,0
2013-11-11,1.0568485407193444,0
2013-11-12,0.9729064991425018,0
2013-11-13,0.982387812426762,0
2013-11-14,1.091986984473196,0
2013-11-15,1.1448767384331975,0
2013-11-18,1.1829673768994982,0
2013-11-19,1.0463252915353127,0
2013-11-20,0.9399150890575814,0
2013-11-21,0.9305533967780387,0
2013-11-22,0.9270611198599621,0
2013-11-25,0.9460035241052641,0
2013-11-26,0.9147503012210519,0
2013-11-27,0.9095541242935576,0
2013-11-29,0.7983162401775784,0
2013-12-02,0.8520341555941935,0
2013-12-03,0.9561772995014461,0
2013-12-04,1.0901954012487127,0
2013-12-05,1.1032783361645848,0
2013-12-06,1.2074918387717657,0
2013-12-09,1.1453432286437075,0
2013-12-10,1.2297873524419356,0
2013-12-11,1.1408335035540222,0
2013-12-12,1.2371776013622384,0
2013-12-13,1.258309008853,0
2013-12-16,1.3613067810795212,0
2013-12-17,1.3817463957513796,0
2013-12-18,1.3747775515386966,0
2013-12-19,1.3999815966655555,0
2013-12-20,1.3235217421564738,0
2013-12-23,1.3640763857419946,0
2013-12-24,1.421507194842261,0
2013-12-26,1.313616024316998,0
2013-12-27,1.3263275625702453,0
2013-12-30,1.4476426408872258,0
2013-12-31,1.4138362673321272,0
2014-01-02,1.7618981664585802,0
2014-01-03,1.7321005021614235,0
2014-01-06,1.7654897424328528,0
2014-01-07,1.7727645997693984,0
2014-01-08,1.843850870082637,0
2014-01-09,1.9359856120647634,0
2014-01-10,1.8795731826269908,0
2014-01-13,1.8608492385343562,0
2014-01-14,1.8174461747146593,0
2014-01-15,1.8469611272631514,0
2014-01-16,1.8918901490051432,0
2014-01-17,1.889090815787807,0
2014-01-21,1.9054636082566383,0
2014-01-22,2.0851502496174343,0
2014-01-23,2.1127838361383278,0
2014-01-24,2.162751185549132,0
2014-01-27,2.136781149354716,0
2014-01-28,2.0425769669439995,0
2014-01-29,1.9034284939789643,0
2014-01-30,2.02194053303912,0
2014-01-31,1.8749373721645994,0
2014-02-03,2.0614611610354077,0
2014-02-04,1.9376849374397658,0
2014-02-05,1.8967104176036726,0
2014-02-06,1.9348401786318972,0
2014-02-07,2.1056977535570804,0
2014-02-10,2.172188811636469,0
2014-02-11,2.2389696406000885,0
2014-02-12,2.361002430000555,0
2014-02-13,2.328419645944974,0
2014-02-14,2.4274843409386326,0
2014-02-18,2.5024384206413264,0
2014-02-19,2.5158932768099405,0
2014-02-20,2.6417386452021834,0
2014-02-21,2.474586030004561,0
2014-02-24,2.5301791463843086,0
2014-02-25,2.5833359389161488,0
2014-02-26,2.4839953413127502,0
2014-02-27,2.49252387706383,0
2014-02-28,2.418680256402514,0
2014-03-03,2.5191896196766517,0
2014-03-04,2.573143679626885,0
2014-03-05,2.4717846345426775,0
2014-03-06,2.480178859954623,0
2014-03-07,2.4877576623555795,0
2014-03-10,2.4990043141032094,0
2014-03-11,2.506496206419865,0
2014-03-12,2.5460536607045534,0
2014-03-13,2.6072645700953436,0
2014-03-14,2.416699546306503,0
2014-03-17,2.4157910657650805,0
2014-03-18,2.3096108459213696,0
2014-03-19,2.4130716055134873,0
2014-03-20,2.3456991591792002,0
2014-03-21,2.4594673180758497,0
2014-03-24,2.405083837933352,0
2014-03-25,2.3634359810379806,0
2014-03-26,2.432607161362659,0
2014-03-27,2.2735517206757545,0
2014-03-28,2.2477525200976443,0
2014-03-31,2.296937109432948,0
2014-04-01,2.3836362993132774,0
2014-04-02,2.4938957677009426,0
2014-04-03,2.5575240596565703,0
2014-04-04,2.6462931240847976,0
2014-04-07,2.4647623237955885,0
2014-04-08,2.4348925499633753,0
2014-04-09,2.488200214210153,0
2014-04-10,2.558631550204923,0
2014-04-11,2.1583705033438885,0
2014-04-14,2.2342699204645564,0
2014-04-15,2.2249854370904787,0
2014-04-16,2.302720898904926,0
2014-04-17,2.21172367567702,0
2014-04-21,2.3012393003623353,0
2014-04-22,2.348154076677475,0
2014-04-23,2.387259610232189,0
2014-04-24,2.451409802815421,0
2014-04-25,2.444529488866296,0
2014-04-28,2.361809560865824,0
2014-04-29,2.34865613514025,0
2014-04-30,2.326022520019333,0
2014-05-01,2.340190483910136,0
2014-05-02,2.361616044308428,0
2014-05-05,2.2921816904477192,0
2014-05-06,2.3251765575882013,0
2014-05-07,2.2449419090263025,0
2014-05-08,2.175775098771941,0
2014-05-09,2.173209317322875,0
2014-05-12,2.1603031483023094,0
2014-05-13,2.278405763055134,0
2014-05-14,2.2866735427874114,0
2014-05-15,2.2274210568669726,0
2014-05-16,2.1595967038795116,0
2014-05-19,2.2007436546809287,0
2014-05-20,2.30773998496294,0
2014-05-21,2.3127518382823946,0
2014-05-22,2.336705543924932,0
2014-05-23,2.161217017014783,0
2014-05-27,2.2513188814572835,0
2014-05-28,2.274859187718006,0
2014-05-29,2.37525281374113,0
2014-05-30,2.358099895920308,0
2014-06-02,2.364641089508146,0
2014-06-03,2.3553224729755593,0
2014-06-04,2.338760032507901,0
2014-06-05,2.3997151336465463,0
2014-06-06,2.482336156441696,0
2014-06-09,2.262044606904311,0
2014-06-10,2.2649327270639596,0
2014-06-11,2.3335146920927388,0
2014-06-12,2.36327472823583,0
2014-06-13,2.6710662208867793,0
2014-06-16,2.538845126101959,0
2014-06-17,2.521270051267947,0
2014-06-18,2.4214475150139574,0
2014-06-19,2.289536667458811,0
2014-06-20,2.5247955118667527,0
2014-06-23,2.7045233509523605,0
2014-06-24,2.7496779708420798,0
2014-06-25,2.831003552078159,0
2014-06-26,2.7731808663333504,0
2014-06-27,2.838159887128498,0
2014-06-30,2.7441752315617243,0
2014-07-01,2.5765458743841587,0
2014-07-02,2.4996733383483027,0
2014-07-03,2.3616452058538515,0
2014-07-07,2.306299683325458,0
2014-07-08,2.319916677193687,0
2014-07-09,2.332044524324014,0
2014-07-10,2.3210130828235456,0
2014-07-11,2.2574973228423056,0
2014-07-14,2.1880665603650042,0
2014-07-15,2.1822030557409766,0
2014-07-16,2.2223875212715893,0
2014-07-17,2.119800400776094,0
2014-07-18,2.341177374158651,0
2014-07-21,2.3582109693219206,0
2014-07-22,2.442268336101826,0
2014-07-23,2.4990130524218914,0
2014-07-24,2.4716332342565877,0
2014-07-25,2.370702666722223,0
2014-07-28,2.3491387402819854,0
2014-07-29,2.3376736479798965,0
2014-07-30,2.319485975560082,0
2014-07-31,2.3377898966945225,0
2014-08-01,2.2541604129796218,0
2014-08-04,2.2428691946634585,0
2014-08-05,2.391778658846554,0
2014-08-06,2.3046170998291657,0
2014-08-07,2.2128585686794455,0
2014-08-08,2.087604210757286,0
2014-08-11,2.1965545287686177,0
2014-08-12,2.28036384650069,0
2014-08-13,2.243052537242251,0
2014-08-14,2.2811667911598676,0
2014-08-15,2.4896899846813443,0
2014-08-18,2.5993893658360974,0
2014-08-19,2.6371772552658825,0
2014-08-20,2.6719209216610085,0
2014-08-21,2.6850362566556165,0
2014-08-22,2.6786657706088164,0
2014-08-25,2.522151909058921,0
2014-08-26,2.53548234508375,0
2014-08-27,2.7216758551303792,0
2014-08-28,2.9440688030791,0
2014-08-29,2.785005395078566,0
2014-09-02,2.7369268316471884,0
2014-09-03,2.674318182200105,0
2014-09-04,2.6589888264387285,0
2014-09-05,2.583377384380612,0
2014-09-08,2.496694963179103,0
2014-09-09,2.5117025932296944,0
2014-09-10,2.590546936617953,0
2014-09-11,2.612112144037514,0
2014-09-12,2.5713133437484186,0
2014-09-15,2.5828321727018517,0
2014-09-16,2.483211444527268,0
2014-09-17,2.619270271652917,0
2014-09-18,2.630656530029865,0
2014-09-19,2.8111572036946835,0
2014-09-22,2.7057806497098973,0
2014-09-23,2.6290517444941917,0
2014-09-24,2.648190580186723,0
2014-09-25,2.6570877323718753,0
2014-09-26,2.6270562068164622,0
2014-09-29,2.669353636785624,0
2014-09-30,2.824967829922758,0
2014-10-01,2.755684170622315,0
2014-10-02,2.723467322999914,0
2014-10-03,2.6883552848795524,0
2014-10-06,2.7659686428881076,0
2014-10-07,2.713349718524084,0
2014-10-08,2.6987671403943483,0
2014-10-09,2.872380570578866,0
2014-10-10,2.4736232504752635,0
2014-10-13,2.2345248343309794,0
2014-10-14,2.1764956718116126,0
2014-10-15,1.9686400130950936,0
2014-10-16,1.9707725918389094,0
2014-10-17,2.1168233989810994,0
2014-10-20,1.933957530721814,0
2014-10-21,1.9409215226038616,0
2014-10-22,2.040683528378453,0
2014-10-23,1.8790335389582016,0
2014-10-24,1.9752136382342858,0
2014-10-27,1.9612295351831632,0
2014-10-28,2.037497589635984,0
2014-10-29,2.1089496340465566,0
2014-10-30,2.0948246161525947,0
2014-10-31,2.191523504726093,0
2014-11-03,2.2873030752392576,0
2014-11-04,2.2794046895733078,0
2014-11-05,2.390311352042687,0
2014-11-06,2.290742226617847,0
2014-11-07,2.2906288320220645,0
2014-11-10,2.308819194610976,0
2014-11-11,2.19551439820773,0
2014-11-12,2.234909518694414,0
2014-11-13,2.2679600684574126,0
2014-11-14,2.1922257314761104,0
2014-11-17,2.1914565100597776,0
2014-11-18,2.116679214143617,0
2014-11-19,2.20845594298357,0
2014-11-20,2.3546704760968455,0
2014-11-21,2.2045421827097087,0
2014-11-24,2.188632994282095,0
2014-11-25,2.0760622880654593,0
2014-11-26,2.062815679017468,0
2014-11-28,1.9982716827297224,0
2014-12-01,2.1462240600555234,0
2014-12-02,2.168567538358342,0
2014-12-03,1.8532500167916914,0
2014-12-04,1.8156598379653692,0
2014-12-05,1.7385833246665963,0
2014-12-08,1.6876523711755798,0
2014-12-09,1.8497104582670627,0
2014-12-10,1.8488761906837217,0
2014-12-11,1.920326130502138,0
2014-12-12,1.764347713950644,0
2014-12-15,1.770842544518982,0
2014-12-16,1.7500177160705364,0
2014-12-17,1.7340761742385873,0
2014-12-18,1.7380842805502523,0
2014-12-19,1.6860486987923666,0
2014-12-22,1.6896731659734452,0
2014-12-23,1.6182495786847952,0
2014-12-24,1.5771219523712254,0
2014-12-26,1.7032308841864998,0
2014-12-29,1.7099211673715446,0
2014-12-30,1.6182022322719563,0
2014-12-31,1.630581008916006,0
2015-01-02,1.5581604971343495,0
2015-01-05,1.5664341322881485,0
2015-01-06,1.572283632628833,0
2015-01-07,1.5627320482622729,0
2015-01-08,1.5347864038297454,0
2015-01-09,1.506286121761199,0
2015-01-12,1.5410899572632577,0
2015-01-13,1.5546175799365707,0
2015-01-14,1.6012586920780871,0
2015-01-15,1.5924595699531223,0
2015-01-16,1.5620980279234336,0
2015-01-20,1.5934654945978444,0
2015-01-21,1.5784692502653501,0
2015-01-22,1.5756033129904576,0
2015-01-23,1.5968803362308246,0
2015-01-26,1.648928615938827,0
2015-01-27,1.6440120242189566,0
2015-01-28,1.717507037915761,0
2015-01-29,1.7102385557987123,0
2015-01-30,1.6776104190015004,0
2015-02-02,1.696834669335667,0
2015-02-03,1.6710414764857349,0
2015-02-04,1.7524229744302944,0
2015-02-05,1.7721913613125748,0
2015-02-06,1.7363965542771742,0
2015-02-09,1.6035565009792005,0
2015-02-10,1.5348298895389325,0
2015-02-11,1.5754104538718177,0
2015-02-12,1.5534380602032813,0
2015-02-13,1.678213608970464,0
2015-02-17,1.6009765867507582,0
2015-02-18,1.5612386529678954,0
2015-02-19,1.5690942082157417,0
2015-02-20,1.5182302198399946,0
2015-02-23,1.577888094201128,0
2015-02-24,1.4938501613961563,0
2015-02-25,1.3075997712527323,0
2015-02-26,1.3100075287709019,0
2015-02-27,1.2851743139976937,0
2015-03-02,1.2264689708613168,0
2015-03-03,1.181402930794767,0
2015-03-04,1.191502091826478,0
2015-03-05,1.1724835463243004,0
2015-03-06,1.1233600722533854,0
2015-03-09,1.0538185134365032,0
2015-03-10,1.048007061106863,0
2015-03-11,0.9713810406928649,0
2015-03-12,0.986228257405525,0
2015-03-13,0.9040513537031883,0
2015-03-16,1.0768020213206582,0
2015-03-17,1.0830271178827409,0
2015-03-18,1.0684266537833556,0
2015-03-19,1.0145295541402637,0
2015-03-20,1.0844077305591013,0
2015-03-23,0.976880308155131,0
2015-03-24,1.0474036441331998,0
2015-03-25,1.0870953613304195,0
2015-03-26,0.980349445344536,0
2015-03-27,1.1123443990820858,0
2015-03-30,1.1335002617139183,0
2015-03-31,1.0837788359684817,0
2015-04-01,1.0252911854729028,0
2015-04-02,0.9247977228961642,0
2015-04-06,0.9152953063181828,0
2015-04-07,0.9526445174254985,0
2015-04-08,1.1326961264823712,0
2015-04-09,1.1477463254330014,0
2015-04-10,1.0633163232591658,0
2015-04-13,0.9910149637084702,0
2015-04-14,1.3592613618460914,0
2015-04-15,1.3399378092660574,0
2015-04-16,1.310419782123998,0
2015-04-17,1.2191347576068428,0
2015-04-20,1.2422160656630394,0
2015-04-21,1.1725963267835333,0
2015-04-22,1.1017135950020616,0
2015-04-23,1.0441686089803415,0
2015-04-24,1.0875174616200258,0
2015-04-27,1.0965959849890776,0
2015-04-28,1.1519790473104605,0
2015-04-29,1.1236180918793115,0
2015-04-30,1.0927640551231443,0
2015-05-01,0.9830472856969519,0
2015-05-04,1.1188131732427748,0
2015-05-05,1.1313583220459933,0
2015-05-06,0.9603896233620337,0
2015-05-07,0.9489946088136183,0
2015-05-08,1.1280406699491425,0
2015-05-11,1.114127498050133,0
2015-05-12,0.9821475089245314,0
2015-05-13,0.915509225699207,0
2015-05-14,1.026666590983559,0
2015-05-15,1.1291078307144664,0
2015-05-18,1.15198759637144,0
2015-05-19,1.1959408575844868,0
2015-05-20,1.1079786773659497,0
2015-05-21,1.1002061333353992,0
2015-05-22,1.102172681756322,0
2015-05-26,1.0564851695507949,0
2015-05-27,0.9215033649943806,0
2015-05-28,1.012231636749722,0
2015-05-29,1.0141659276007136,0
2015-06-01,1.008796081377692,0
2015-06-02,1.001201762392149,0
2015-06-03,1.0396630577847328,0
2015-06-04,0.9475710927458989,0
2015-06-05,0.9073218277193184,0
2015-06-08,0.9107767294618622,0
2015-06-09,0.9494872944010508,0
2015-06-10,0.8916154211957729,0
2015-06-11,1.0145870282615972,0
2015-06-12,0.9126495239944218,0
2015-06-15,0.6761602459782022,0
2015-06-16,0.6791934629064851,0
2015-06-17,0.7437519464336597,0
2015-06-18,0.8206399751778011,0
2015-06-19,0.9876447776530106,0
2015-06-22,0.9771096339230566,0
2015-06-23,0.9561212716755707,0
2015-06-24,0.9624598016796322,0
2015-06-25,0.8266570016591239,0
2015-06-26,0.8037974309765655,0
2015-06-29,0.5070483748515991,0
2015-06-30,0.531575734828439,0
2015-07-01,0.6648720781927189,0
2015-07-02,0.7487022076182341,0
2015-07-06,0.806133883433395,0
2015-07-07,0.7525359620844345,0
2015-07-08,0.5979759253960772,0
2015-07-09,0.6498040092760206,0
2015-07-10,0.5999831309808215,0
2015-07-13,0.7188020793238705,0
2015-07-14,0.8272598090313791,0
2015-07-15,0.8546651823144106,0
2015-07-16,0.9223031678372859,0
2015-07-17,1.023676195253754,0
2015-07-20,1.0001922063613062,0
2015-07-21,0.979903242740346,0
2015-07-22,0.809987945574906,0
2015-07-23,0.8256839467399065,0
2015-07-24,0.9045418649035882,0
2015-07-27,1.0068039388929864,0
2015-07-28,1.004954682384167,0
2015-07-29,1.020014739492577,0
2015-07-30,1.0203100998361383,0
2015-07-31,1.0079442109730699,0
2015-08-03,0.9808757301374216,0
2015-08-04,0.9791626542014666,0
2015-08-05,0.9845594385467812,0
2015-08-06,1.0870943283537626,0
2015-08-07,1.043984173370502,0
2015-08-10,1.1204819071733236,0
2015-08-11,1.0135582688716285,0
2015-08-12,1.0221857170212583,0
2015-08-13,0.9606938963759766,0
2015-08-14,0.9054779244129398,0
2015-08-17,0.8425678487633482,0
2015-08-18,0.786533934947871,0
2015-08-19,0.7592177909266831,0
2015-08-20,0.7623467933880299,0
2015-08-21,0.7907392825002865,0
2015-08-24,0.6991449158081847,0
2015-08-25,1.1047323193864595,0
2015-08-26,1.022709553230439,0
2015-08-27,1.135680698985211,0
2015-08-28,0.9660708613717942,0
2015-08-31,1.06410902522274,0
2015-09-01,1.1317976983057088,0
2015-09-02,1.108681738231195,0
2015-09-03,1.0989375322905675,0
2015-09-04,1.0980828945295027,0
2015-09-08,1.1248922802074297,0
2015-09-09,1.1163755622431921,0
2015-09-10,0.9845663590391881,0
2015-09-11,0.9835017616649595,0
2015-09-14,0.9837872643721768,0
2015-09-15,0.9926953447435065,0
2015-09-16,1.0674730242981358,0
2015-09-17,1.0105051740130526,0
2015-09-18,0.8850317768955691,0
2015-09-21,0.8471519989252003,0
2015-09-22,0.8078865806203966,0
2015-09-23,0.8250683117681791,0
2015-09-24,0.803302731093302,0
2015-09-25,0.8174800501780447,0
2015-09-28,0.8720550142302514,0
2015-09-29,0.9283855116948295,0
2015-09-30,0.798634396266877,0
2015-10-01,0.7715716578055319,0
2015-10-02,0.7434351200760331,0
2015-10-05,0.8095851531393385,0
2015-10-06,0.8293932602394117,0
2015-10-07,0.9085176387349375,0
2015-10-08,0.9059596701204639,0
2015-10-09,0.9445572441125314,0
2015-10-12,1.2439034032890914,0
2015-10-13,1.3883976434292788,0
2015-10-14,1.4263936950971372,0
2015-10-15,1.5829568537868535,0
2015-10-16,1.6667981552709157,0
2015-10-19,1.474241900608584,0
2015-10-20,1.5727829013182621,0
2015-10-21,1.5583050115118329,0
2015-10-22,1.387854666383735,0
2015-10-23,1.5911818151432227,0
2015-10-26,1.677871010670201,0
2015-10-27,1.770891180738206,0
2015-10-28,1.5148171257525431,0
2015-10-29,1.3934246899105942,0
2015-10-30,1.4262699598022825,0
2015-11-02,1.2996590416054437,0
2015-11-03,1.2952291532092046,0
2015-11-04,1.3171092622809077,0
2015-11-05,1.41611662380021,0
2015-11-06,1.3553938296155517,0
2015-11-09,1.3099629790281666,0
2015-11-10,1.572516738472362,0
2015-11-11,1.6492743590387675,0
2015-11-12,1.6239073218979376,0
2015-11-13,1.5925326728559952,0
2015-11-16,1.5929323316772348,0
2015-11-17,1.5450845926167343,0
2015-11-18,1.633230077986688,0
2015-11-19,1.5801359083849211,0
2015-11-20,1.4555268412029574,0
2015-11-23,1.6148184231937792,0
2015-11-24,1.602932260924787,0
2015-11-25,1.6761822251147003,0
2015-11-27,1.6874997835408,0
2015-11-30,1.7677250117807928,0
2015-12-01,1.6023836518016585,0
2015-12-02,1.5381181374518027,0
2015-12-03,1.7484297287499742,0
2015-12-04,1.6849879278937094,0
2015-12-07,1.8005468536661982,0
2015-12-08,1.665488201444399,0
2015-12-09,1.494627872282762,0
2015-12-10,1.404659537025635,0
2015-12-11,1.272171504710734,0
2015-12-14,1.184949802859068,0
2015-12-15,1.1887448196416812,0
2015-12-16,1.2381364046319767,0
2015-12-17,1.268292977454536,0
2015-12-18,1.0718303158132307,0
2015-12-21,1.0623019180102342,0
2015-12-22,1.0252999077319775,0
2015-12-23,1.0114262767128959,0
2015-12-24,1.0322649751595758,0
2015-12-28,1.0173883262940653,0
2015-12-29,1.0721817515841512,0
2015-12-30,1.1152298486815737,0
2015-12-31,1.0337077990716133,0
2016-01-04,0.8225426371279747,0
2016-01-05,0.8251903129185811,0
2016-01-06,0.95259377535801,0
2016-01-07,1.033681914717907,0
2016-01-08,1.0295578925777567,0
2016-01-11,0.9629394568223487,0
2016-01-12,1.0019680909009192,0
2016-01-13,1.0208582166051527,0
2016-01-14,0.9549692701066593,0
2016-01-15,0.8643959470350528,0
2016-01-19,0.8437388683311102,0
2016-01-20,0.8484978471245668,0
2016-01-21,0.8548900476661543,0
2016-01-22,0.9105552078068289,0
2016-01-25,0.8605464465802951,0
2016-01-26,0.8622751206436309,0
2016-01-27,0.8810515500999376,0
2016-01-28,0.8831980748904656,0
2016-01-29,0.797519790223265,0
2016-02-01,0.7925883359768733,0
2016-02-02,0.7995434727410784,0
2016-02-03,0.7367548650229838,0
2016-02-04,0.7158504824091254,0
2016-02-05,0.7570102501155701,0
2016-02-08,0.6721848012950801,0
2016-02-09,0.5673518338216192,0
2016-02-10,0.6460803048396511,0
2016-02-11,0.484175580419723,0
2016-02-12,0.4640205437405476,0
2016-02-16,0.4383325672658153,0
2016-02-17,0.38858520769168625,0
2016-02-18,0.4213826764328718,0
2016-02-19,0.33511620747445964,0
2016-02-22,0.3927607289626097,0
2016-02-23,0.3366788238142909,0
2016-02-24,0.2621709152575085,0
2016-02-25,0.5574247321486333,0
2016-02-26,0.6347239752918366,0
2016-02-29,0.5892430029484138,0
2016-03-01,0.645164852777075,0
2016-03-02,0.7010902311269548,0
2016-03-03,0.5747550034631937,0
2016-03-04,0.5318370762201408,0
2016-03-07,0.6077409577156745,0
2016-03-08,0.6527736255114712,0
2016-03-09,0.6745873100124293,0
2016-03-10,0.7504050662103194,0
2016-03-11,0.7813717308938597,0
2016-03-14,0.7966664016982328,0
2016-03-15,0.8011094132927096,0
2016-03-16,0.799558433567613,0
2016-03-17,0.8444907143461682,0
2016-03-18,0.8808905237448021,0
2016-03-21,0.8734757331784649,0
2016-03-22,0.8276176088501426,0
2016-03-23,0.8154455339856287,0
2016-03-24,0.9356792850889236,0
2016-03-28,1.0787151664255874,0
2016-03-29,1.037698688328621,0
2016-03-30,1.173232331903772,0
2016-03-31,1.165643358974999,0
2016-04-01,1.2451676307570125,0
2016-04-04,1.2538067734796556,0
2016-04-05,1.495600275474888,0
2016-04-06,1.4980367481467811,0
2016-04-07,1.544264950069623,0
2016-04-08,1.516623094573913,0
2016-04-11,1.4956436438855971,0
2016-04-12,1.448088137448257,0
2016-04-13,1.5257427327036366,0
2016-04-14,1.560318045017497,0
2016-04-15,1.5638278282563163,0
2016-04-18,1.5285663898672313,0
2016-04-19,1.5995612752744706,0
2016-04-20,1.5173595728998823,0
2016-04-21,1.5844314888961941,0
2016-04-22,1.579455174367786,0
2016-04-25,1.474718990682721,0
2016-04-26,1.4935429561816675,0
2016-04-27,1.4751005137200368,0
2016-04-28,1.536244448389607,0
2016-04-29,1.5296614774063315,0
2016-05-02,1.538061022205873,0
2016-05-03,1.4298695743265362,0
2016-05-04,1.4508540977183408,0
2016-05-05,1.5472677082121182,0
2016-05-06,1.5788377293920537,0
2016-05-09,1.4990452389023334,0
2016-05-10,1.4962554753830426,0
2016-05-11,1.5832306969464955,0
2016-05-12,1.540518421247374,0
2016-05-13,1.4626326783477106,0
2016-05-16,1.3981095694794308,0
2016-05-17,1.453689148143277,0
2016-05-18,1.348337547505903,0
2016-05-19,1.373757378966977,0
2016-05-20,1.4075937379391585,0
2016-05-23,1.3825041929415702,0
2016-05-24,1.4204308493333984,0
2016-05-25,1.5522664556109906,0
2016-05-26,1.4509861979977763,0
2016-05-27,1.461385141840633,0
2016-05-31,1.4895473068189211,0
2016-06-01,1.4567678654745233,0
2016-06-02,1.4393393178023706,0
2016-06-03,1.5075271904329186,0
2016-06-06,1.5089127674011344,0
2016-06-07,1.5066769414739134,0
2016-06-08,1.6295495586481348,0
2016-06-09,1.5976815784489546,0
2016-06-10,1.533318307371319,0
2016-06-13,1.6463892806800187,0
2016-06-14,1.6748861474909051,0
2016-06-15,1.6753170717862091,0
2016-06-16,1.5858343438571534,0
2016-06-17,1.5671102277037219,0
2016-06-20,1.4843721886696748,0
2016-06-21,1.473838397401949,0
2016-06-22,1.4487163435277288,0
2016-06-23,1.4628872880397332,0
2016-06-24,1.3211060120310143,0
2016-06-27,1.3474227129164222,0
2016-06-28,1.524222228803889,0
2016-06-29,1.64944107573467,0
2016-06-30,1.597071137467176,0
2016-07-01,1.608832645870783,0
2016-07-05,1.68140736526193,0
2016-07-06,1.64069600337652,0
2016-07-07,1.680580634013671,0
2016-07-08,1.6759893751898316,0
2016-07-11,1.7619154001199169,0
2016-07-12,1.702719969100198,0
2016-07-13,1.64732877779436,0
2016-07-14,1.59211253804681,0
2016-07-15,1.5706090488125295,0
2016-07-18,1.5264239042782888,0
2016-07-19,1.464176555429441,0
2016-07-20,1.4363806048331265,0
2016-07-21,1.5920574301197148,0
2016-07-22,1.584107524926485,0
2016-07-25,1.5678184987451471,0
2016-07-26,1.5687844329034166,0
2016-07-27,1.6298926032708352,0
2016-07-28,1.5825465858017334,0
2016-07-29,1.4715743516185396,0
2016-08-01,1.2145411124973748,0
2016-08-02,1.2649693555014108,0
2016-08-03,1.3682768272548842,0
2016-08-04,1.4099772493675942,0
2016-08-05,1.4729030808634618,0
2016-08-08,1.4934115723294559,0
2016-08-09,1.3975411559887734,0
2016-08-10,1.3730449597866998,0
2016-08-11,1.420089645198435,0
2016-08-12,1.471922594121592,0
2016-08-15,1.3665917178822868,0
2016-08-16,1.417720604585744,0
2016-08-17,1.4660406840549987,0
2016-08-18,1.4575062970618236,0
2016-08-19,1.447772235127212,0
2016-08-22,1.4186179614633685,0
2016-08-23,1.5024973245958262,0
2016-08-24,1.2129191278503604,0
2016-08-25,1.4307249826071373,0
2016-08-26,1.2859186757559922,0
2016-08-29,1.3315744876155724,0
2016-08-30,1.3375162883153797,0
2016-08-31,1.2437078403637654,0
2016-09-01,1.3044875959892577,0
2016-09-02,1.3299714482574019,0
2016-09-06,1.2896359083253446,0
2016-09-07,1.250111806330274,0
2016-09-08,1.2067302460201443,0
2016-09-09,1.2539906911410446,0
2016-09-12,1.063652090933117,0
2016-09-13,1.1480309018949908,0
2016-09-14,1.111996401006859,0
2016-09-15,1.0864139271673765,0
2016-09-16,1.1740177563761176,0
2016-09-19,1.2738024859737542,0
2016-09-20,1.2300791388633652,0
2016-09-21,1.3305147225529719,0
2016-09-22,1.4165129144846795,0
2016-09-23,1.4289785769392396,0
2016-09-26,1.3261435595805309,0
2016-09-27,1.2613207795248123,0
2016-09-28,1.2916315186822305,0
2016-09-29,1.3638465078384243,0
2016-09-30,1.40841573363438,0
2016-10-03,1.4802389108672112,0
2016-10-04,1.424960536993832,0
2016-10-05,1.3846428051316926,0
2016-10-06,1.3645844054254836,0
2016-10-07,1.4027807761388595,0
2016-10-10,1.3606806396259536,0
2016-10-11,1.3254278321667676,0
2016-10-12,1.246064645208388,0
2016-10-13,1.1945657497235933,0
2016-10-14,1.2054834189082417,0
2016-10-17,1.1081494307069966,0
2016-10-18,1.1734712774111635,0
2016-10-19,1.110233026374682,0
2016-10-20,1.1022604604462358,0
2016-10-21,1.1244142331023286,0
2016-10-24,1.0135833540151251,0
2016-10-25,0.9327031606656303,0
2016-10-26,0.7291417459656105,0
2016-10-27,0.94718157956992,0
2016-10-28,0.9218956656061249,0
2016-10-31,0.912251690583357,0
2016-11-01,0.868280860149465,0
2016-11-02,0.7883233798559086,0
2016-11-03,0.7338118167242252,0
2016-11-04,0.41054457702526415,0
2016-11-07,0.6197184727822735,0
2016-11-08,0.7263108399287573,0
2016-11-09,0.4064675532607934,0
2016-11-10,0.5371077917397179,0
2016-11-11,0.4268830648407747,0
2016-11-14,0.375622841957843,0
2016-11-15,0.28600365036219283,0
2016-11-16,0.2896793159705883,0
2016-11-17,0.3119934171925223,0
2016-11-18,0.29307337092221564,0
2016-11-21,0.26456323758431083,0
2016-11-22,0.25350833118845084,0
2016-11-23,0.3216739640620913,0
2016-11-25,0.2951990823568363,0
2016-11-28,0.3213814891627424,0
2016-11-29,0.3066743597794505,0
2016-11-30,0.2346436576482429,0
2016-12-01,0.2292441054569313,0
2016-12-02,0.22322029611520605,0
2016-12-05,0.21014779591577795,0
2016-12-06,0.10296936164031942,0
2016-12-07,0.1875014808977122,0
2016-12-08,0.24126649201561046,0
2016-12-09,0.35645282968555225,0
2016-12-12,0.3365187339284194,0
2016-12-13,0.45056594657976534,0
2016-12-14,0.53402970091982,0
2016-12-15,0.400079310834209,0
2016-12-16,0.38580770860343266,0
2016-12-19,0.499287189233333,0
2016-12-20,0.47279467795066243,0
2016-12-21,0.478937048723791,0
2016-12-22,0.43724765960973905,0
2016-12-23,0.4544809321075556,0
2016-12-27,0.46100490702210684,0
2016-12-28,0.40220227817640397,0
2016-12-29,0.47270579336838464,0
2016-12-30,0.5567962946923737,0
2017-01-03,0.7408704356323795,0
2017-01-04,0.7555770998547632,0
2017-01-05,0.5879086980725876,0
2017-01-06,0.4957700442255818,0
2017-01-09,0.5178615180691585,0
2017-01-10,0.5948260175515095,0
2017-01-11,0.5754607869634668,0
2017-01-12,0.5687918396462188,0
2017-01-13,0.6601528146797906,0
2017-01-17,0.747918346661516,0
2017-01-18,0.7629111903898138,0
2017-01-19,0.7767488550967473,0
2017-01-20,0.7962940483341987,0
2017-01-23,0.7121252028499089,0
2017-01-24,0.7840309656506349,0
2017-01-25,0.909153189185746,0
2017-01-26,0.87753225929275,0
2017-01-27,0.8718881579607414,0
2017-01-30,1.0454318482958946,0
2017-01-31,1.105471668448474,0
2017-02-01,1.1613213986857363,0
2017-02-02,1.208274467227053,0
2017-02-03,1.2784423712459596,0
2017-02-06,1.2274434469952826,0
2017-02-07,1.3320095932099283,0
2017-02-08,1.5202372399778117,0
2017-02-09,1.3654874433061828,0
2017-02-10,1.2859199459370934,0
2017-02-13,1.1099202898200629,0
2017-02-14,0.9592908600049529,0
2017-02-15,0.7537808340313007,0
2017-02-16,0.8876495832906987,0
2017-02-17,1.1434091388461565,0
2017-02-21,0.8390076744938433,0
2017-02-22,1.0140535191465228,0
2017-02-23,1.1374745642161377,0
2017-02-24,1.2874128392803221,0
2017-02-27,0.9931675422053956,0
2017-02-28,1.024963763233318,0
2017-03-01,0.8744674219894006,0
2017-03-02,0.9416593459405421,0
2017-03-03,0.8930146637907707,0
2017-03-06,0.8765685534761195,0
2017-03-07,0.7648039753720789,0
2017-03-08,0.7682672888791539,0
2017-03-09,0.7438843982820085,0
2017-03-10,0.7672875001136449,0
2017-03-13,0.7512613314734546,0
2017-03-14,0.6757817491438991,0
2017-03-15,0.6669921704299706,0
2017-03-16,0.7157216567053208,0
2017-03-17,0.5688298194952012,0
2017-03-20,0.48876707271526665,0
2017-03-21,0.4104395529688153,0
2017-03-22,0.7050469698331777,0
2017-03-23,0.7319011847457338,0
2017-03-24,0.6461404863533308,0
2017-03-27,0.48917310461072055,0
2017-03-28,0.6163475098143629,0
2017-03-29,0.50122432548808,0
2017-03-30,0.5161422243600001,0
2017-03-31,0.46124165179610155,0
2017-04-03,0.46291566146549984,0
2017-04-04,0.1311660665660708,0
2017-04-05,0.16022639451063692,0
2017-04-06,0.0617423696242097,0
2017-04-07,0.07716289848990884,0
2017-04-10,0.09239730701858223,0
2017-04-11,0.08764295188283462,0
2017-04-12,-0.030813695999199302,0
2017-04-13,-0.11373494939739662,0
2017-04-17,-0.11142398872464958,0
2017-04-18,-0.04859323779533003,0
2017-04-19,-0.05656978207369576,0
2017-04-20,0.011788878277814266,0
2017-04-21,-0.019910910485218775,0
2017-04-24,0.08994706591949692,0
2017-04-25,0.15699603703542775,0
2017-04-26,0.15323196902871541,0
2017-04-27,0.18192480691892587,0
2017-04-28,0.16262316791360976,0
2017-05-01,0.15945412754704,0
2017-05-02,0.053463951357728835,0
2017-05-03,0.12551248959950365,0
2017-05-04,0.10222061361075171,0
2017-05-05,0.04460622505638369,0
2017-05-08,0.03351599569666781,0
2017-05-09,-0.10284349294698193,0
2017-05-10,-0.04250850462828966,0
2017-05-11,-0.007917641472905438,0
2017-05-12,-0.04307404793424173,0
2017-05-15,-0.0912116953700713,0
2017-05-16,-0.18176146085665718,0
2017-05-17,0.10925435449820786,0
2017-05-18,0.5444482286442349,0
2017-05-19,0.5510279335861892,0
2017-05-22,0.5698031874189535,0
2017-05-23,0.6048019550324046,0
2017-05-24,0.5911652041337229,0
2017-05-25,0.5411722482792138,0
2017-05-26,0.5321781108838981,0
2017-05-30,0.484874998295035,0
2017-05-31,0.36130794473292294,0
2017-06-01,0.3784197809140277,0
2017-06-02,0.36324354102631967,0
2017-06-05,0.3778984582947842,0
2017-06-06,0.4464515560877062,0
2017-06-07,0.4476609433612987,0
2017-06-08,0.43492662455891573,0
2017-06-09,0.32008990401483933,0
2017-06-12,0.4256552748093661,0
2017-06-13,0.39238378185870426,0
2017-06-14,0.44512054366697207,0
2017-06-15,0.42973182866677245,0
2017-06-16,0.44281250590188137,0
2017-06-19,0.45029298711644183,0
2017-06-20,0.49200531142682113,0
2017-06-21,0.4730502985797867,0
2017-06-22,0.49295031295016206,0
2017-06-23,0.4816343575594059,0
2017-06-26,0.6129101887398203,0
2017-06-27,0.5094203342121859,0
2017-06-28,0.5023496649810204,0
2017-06-29,0.4453842142196179,0
2017-06-30,0.3783680456368783,0
2017-07-03,0.3790237383698056,0
2017-07-05,0.30119784257127047,0
2017-07-06,0.3616169906432555,0
2017-07-07,0.3978702607368048,0
2017-07-10,0.4433450832185082,0
2017-07-11,0.45798858812522936,0
2017-07-12,0.5344018457236983,0
2017-07-13,0.5783884585218638,0
2017-07-14,0.6124707131365881,0
2017-07-17,0.6499096530537622,0
2017-07-18,0.6116392242260501,0
2017-07-19,0.6938937896100554,0
2017-07-20,0.7600101466045398,0
2017-07-21,0.691228495310127,0
2017-07-24,0.6881930230266395,0
2017-07-25,0.662994074805058,0
2017-07-26,0.6734044528909388,0
2017-07-27,0.659402032845884,0
2017-07-28,0.5664799662937798,0
2017-07-31,0.6865680154755882,0
2017-08-01,0.8204878848854671,0
2017-08-02,0.8539597443357307,0
2017-08-03,0.7227318992970184,0
2017-08-04,0.6747585571683192,0
2017-08-07,0.630870685481857,0
2017-08-08,0.6397252022200984,0
2017-08-09,0.6638982747954991,0
2017-08-10,0.6919789338555223,0
2017-08-11,0.4991393356151791,0
2017-08-14,0.5384683482670636,0
2017-08-15,0.6834063906676362,0
2017-08-16,0.6379094477209579,0
2017-08-17,0.5712627788596011,0
2017-08-18,0.4608986122606086,0
2017-08-21,0.4466692409485922,0
2017-08-22,0.46391116082973405,0
2017-08-23,0.46111250937120124,0
2017-08-24,0.5156797582975222,0
2017-08-25,0.39153464739487925,0
2017-08-28,0.361244130927856,0
2017-08-29,0.283965035566063,0
2017-08-30,0.2985394819414219,0
2017-08-31,0.331990230879099,0
2017-09-01,0.39006770547401237,0
2017-09-05,0.3464210276076281,0
2017-09-06,0.3687018636922002,0
2017-09-07,0.410725757698881,0
2017-09-08,0.4369916488916964,0
2017-09-11,0.4299904647091835,0
2017-09-12,0.5792270138190826,0
2017-09-13,0.5067674762035507,0
2017-09-14,0.5321083172212452,0
2017-09-15,0.5123945981380337,0
2017-09-18,0.43573792915022613,0
2017-09-19,0.4372729899388639,0
2017-09-20,0.4483205029213677,0
2017-09-21,0.42540056262973663,0
2017-09-22,0.3268827448720692,0
2017-09-25,0.3287967729566795,0
2017-09-26,0.3843698932669657,0
2017-09-27,0.38473627598752136,0
2017-09-28,0.33036162459308577,0
2017-09-29,0.32396642956119526,0
2017-10-02,0.3009829798370311,0
2017-10-03,0.22288631600280182,0
2017-10-04,0.2313119426332135,0
2017-10-05,0.23757452975837734,0
2017-10-06,0.17914691132771857,0
2017-10-09,0.1447357227778632,0
2017-10-10,0.154014206701232,0
2017-10-11,0.14368187836328475,0
2017-10-12,0.17872114819619506,0
2017-10-13,0.18513062777352043,0
2017-10-16,0.10704897147461521,0
2017-10-17,0.11621026888020317,0
2017-10-18,0.056136324425630005,0
2017-10-19,0.19776358227798752,0
2017-10-20,0.0712523946739986,0
2017-10-23,0.04861019929970216,0
2017-10-24,0.04611068296626101,0
2017-10-25,0.1057001523652122,0
2017-10-26,0.15929522499706308,0
2017-10-27,0.1971919302281297,0
2017-10-30,0.2756035347777626,0
2017-10-31,0.20552321314239091,0
2017-11-01,0.15238599363290872,0
2017-11-02,0.2370910354964629,0
2017-11-03,0.21941380619722065,0
2017-11-06,0.33908064879659555,0
2017-11-07,0.2210364528636657,0
2017-11-08,0.2388020649488768,0
2017-11-09,0.3913350671112934,0
2017-11-10,0.22829006259934198,0
2017-11-13,0.41884593120252434,0
2017-11-14,0.45056812196184887,0
2017-11-15,0.5716841233423506,0
2017-11-16,0.6186485035216279,0
2017-11-17,0.6583174982775423,0
2017-11-20,0.627513702077012,0
2017-11-21,0.7035093861093853,0
2017-11-22,0.7513291566454907,0
2017-11-24,0.695599043073204,0
2017-11-27,0.738228911410696,0
2017-11-28,0.6679095789494767,0
2017-11-29,0.6617633572560403,0
2017-11-30,0.723214225167199,0
2017-12-01,0.7842113046669937,0
2017-12-04,0.711048001738577,0
2017-12-05,0.7883312211865781,0
2017-12-06,0.8991509350040064,0
2017-12-07,0.9426819422353154,0
2017-12-08,0.8502141582000677,0
2017-12-11,0.7622320233157204,0
2017-12-12,0.745721895452367,0
2017-12-13,0.7279701727908575,0
2017-12-14,0.6574215063318551,0
2017-12-15,0.723874706234942,0
2017-12-18,0.754721432894477,0
2017-12-19,0.7860263258016278,0
2017-12-20,0.7677134427909389,0
2017-12-21,0.8033771607820408,0
2017-12-22,0.8042890356025799,0
2017-12-26,0.8225555149431338,0
2017-12-27,0.7880427055690334,0
2017-12-28,0.8099565307254173,0
2017-12-29,0.7004436664596435,0
2018-01-02,0.7254491303006624,0
2018-01-03,0.7667442199471998,0
2018-01-04,0.8114021046429322,0
2018-01-05,0.8505797434451662,0
2018-01-08,0.8695609038461228,0
2018-01-09,0.7862252212441998,0
2018-01-10,0.8901660835241578,0
2018-01-11,0.7428359640269321,0
2018-01-12,0.7373653233482753,0
2018-01-16,0.7815417900939075,0
2018-01-17,0.9435180496180776,0
2018-01-18,0.9840461950509632,0
2018-01-19,0.8998513148709236,0
2018-01-22,0.8917053062370485,0
2018-01-23,0.8244295162254044,0
2018-01-24,0.8506859588066605,0
2018-01-25,0.8200219779821792,0
2018-01-26,0.8854124734032558,0
2018-01-29,0.9947739994596555,0
2018-01-30,1.2318727595746006,0
2018-01-31,1.0967947938511613,0
2018-02-01,1.0459325622964653,0
2018-02-02,1.0285927377214072,0
2018-02-05,0.9236253876489853,0
2018-02-06,0.8679678924703027,0
2018-02-07,1.0545072981619084,0
2018-02-08,0.9831430934816178,0
2018-02-09,0.9041285273640614,0
2018-02-12,1.0574947136487387,0
2018-02-13,1.127567824584498,0
2018-02-14,1.2002890921149165,0
2018-02-15,1.527021918320073,0
2018-02-16,1.4284133365794818,0
2018-02-20,1.2970844925362341,0
2018-02-21,1.5171047892078153,0
2018-02-22,1.359577437967447,0
2018-02-23,1.3833931318887858,0
2018-02-26,1.2820823244179764,0
2018-02-27,1.4970726293673715,0
2018-02-28,1.4778181645459798,0
2018-03-01,1.510466512480562,0
2018-03-02,1.2442581295757118,0
2018-03-05,1.4011799054230658,0
2018-03-06,1.576255123756948,0
2018-03-07,1.5916490455297336,0
2018-03-08,1.687906815671947,0
2018-03-09,1.7338705363547275,0
2018-03-12,1.8062785020581356,0
2018-03-13,1.819434625888079,0
2018-03-14,1.7981826713876385,0
2018-03-15,1.7762483505405189,0
2018-03-16,1.7357325695901251,0
2018-03-19,1.7415544308275541,0
2018-03-20,1.6905961936708724,0
2018-03-21,1.7536529048854284,0
2018-03-22,1.4873865802316226,0
2018-03-23,1.4638975859644203,0
2018-03-26,1.4269166773216413,0
2018-03-27,1.6140075065316934,0
2018-03-28,1.3703128547689334,0
2018-03-29,1.3324235093424939,0
2018-04-02,1.3280597852848275,0
2018-04-03,1.2598851827509978,0
2018-04-04,1.281889674123911,0
2018-04-05,1.4829606993688071,0
2018-04-06,1.3685743877692416,0
2018-04-09,1.3956680986748973,0
2018-04-10,1.4493133708483528,0
2018-04-11,1.4496179473279003,0
2018-04-12,1.5329998319891975,0
2018-04-13,1.5678446528653802,0
2018-04-16,1.5682293934016782,0
2018-04-17,1.5744808305062457,0
2018-04-18,1.5706616840993706,0
2018-04-19,1.4643778165275816,0
2018-04-20,1.450683881253983,0
2018-04-23,1.4164114179647824,0
2018-04-24,1.3496618996161593,0
2018-04-25,1.3040773679469895,0
2018-04-26,1.287529529308709,0
2018-04-27,1.2967711573779563,0
2018-04-30,1.2818130076447558,0
2018-05-01,1.3072828195338435,0
2018-05-02,1.4761184489316694,0
2018-05-03,1.3586875262804559,0
2018-05-04,1.4048214952081437,0
2018-05-07,1.5913005197006387,0
2018-05-08,1.6211423085968553,0
2018-05-09,1.7395024099787604,0
2018-05-10,1.7558463446161943,0
2018-05-11,1.7501388059258414,0
2018-05-14,1.8169166944661133,0
2018-05-15,1.8276286205007526,0
2018-05-16,1.8892204157866868,0
2018-05-17,1.7162763039782125,0
2018-05-18,1.413238694556756,0
2018-05-21,1.4038605406869795,0
2018-05-22,1.3743139763533525,0
2018-05-23,1.242181599215618,0
2018-05-24,1.3245863188853801,0
2018-05-25,1.2965317870182804,0
2018-05-29,1.2707012239344269,0
2018-05-30,1.3243029863782632,0
2018-05-31,1.4234434619505694,0
2018-06-01,1.4466161064250318,0
2018-06-04,1.551699224315238,0
2018-06-05,1.5831754504901878,0
2018-06-06,1.484480727285722,0
2018-06-07,1.393062403427129,0
2018-06-08,1.492207873491236,0
2018-06-11,1.600753515996325,0
2018-06-12,1.4885107731355343,0
2018-06-13,1.4836777811070887,0
2018-06-14,1.480353005363293,0
2018-06-15,1.4989333593093401,0
2018-06-18,1.571633286087595,0
2018-06-19,1.571352079594251,0
2018-06-20,1.5686769283423228,0
2018-06-21,1.606146112163444,0
2018-06-22,1.6013435700705692,0
2018-06-25,1.568204318340402,0
2018-06-26,1.4815932729799703,0
2018-06-27,1.5942821463877466,0
2018-06-28,1.4644672420848348,0
2018-06-29,1.5014218902198864,0
2018-07-02,1.5620300688881688,0
2018-07-03,1.578439815214265,0
2018-07-05,1.6069204078893875,0
2018-07-06,1.5636542358038081,0
2018-07-09,1.6451443179954375,0
2018-07-10,1.6062772586866318,0
2018-07-11,1.5219050690987608,0
2018-07-12,1.4520808902350566,0
2018-07-13,1.476124102909864,0
2018-07-16,1.453804631168161,0
2018-07-17,1.3429242757275694,0
2018-07-18,1.475816754094671,0
2018-07-19,1.3896697899370185,0
2018-07-20,1.3572843306731999,0
2018-07-23,1.359427277030705,0
2018-07-24,1.4235368951951697,0
2018-07-25,1.3716070953517718,0
2018-07-26,1.3588390210040364,0
2018-07-27,1.3238159969155618,0
2018-07-30,1.4175900724222232,0
2018-07-31,1.373404148146762,0
2018-08-01,1.3976863219653803,0
2018-08-02,1.3533740496629332,0
2018-08-03,1.5018871102645952,0
2018-08-06,1.5185801633809826,0
2018-08-07,1.5223242739150915,0
2018-08-08,1.4801364083916768,0
2018-08-09,1.5281854771457086,0
2018-08-10,1.5512897855506982,0
2018-08-13,1.6741649090112039,0
2018-08-14,1.6209103621439873,0
2018-08-15,1.5449275711792865,0
2018-08-16,1.5515897033543875,0
2018-08-17,1.5964230727403597,0
2018-08-20,1.7052025491881517,0
2018-08-21,1.7070731591338073,0
2018-08-22,1.6940816808348231,0
2018-08-23,1.6897429213530337,0
2018-08-24,1.664266387206529,0
2018-08-27,1.7401602120101949,0
2018-08-28,1.80666897437171,0
2018-08-29,1.8739842345024411,0
2018-08-30,1.8801336137284497,0
2018-08-31,1.9270280546550802,0
2018-09-04,1.8429882553413863,0
2018-09-05,1.9034939990588702,0
2018-09-06,1.855398384119518,0
2018-09-07,1.8284232986327449,0
2018-09-10,1.8367264819698244,0
2018-09-11,1.8105309719623621,0
2018-09-12,1.816522425937311,0
2018-09-13,1.8538021171983166,0
2018-09-14,1.8483161062596816,0
2018-09-17,1.8244939844844978,0
2018-09-18,1.7597246722442328,0
2018-09-19,1.7445176953390347,0
2018-09-20,1.775287162767114,0
2018-09-21,1.8141522419892744,0
2018-09-24,1.802958900725799,0
2018-09-25,1.8088065685004326,0
2018-09-26,1.7887957315739755,0
2018-09-27,1.811893077815899,0
2018-09-28,1.7979502923312585,0
2018-10-01,1.8613363426038574,0
2018-10-02,1.8497503787995973,0
2018-10-03,1.9354297007897265,0
2018-10-04,1.872490233941883,0
2018-10-05,1.776337385376053,0
2018-10-08,1.8437732221074834,0
2018-10-09,1.862562442202511,0
2018-10-10,1.8252846989144986,0
2018-10-11,1.7763349734659912,0
2018-10-12,1.878359045582671,0
2018-10-15,1.893992137565125,0
2018-10-16,1.9588473935160757,0
2018-10-17,2.0562560282356217,0
2018-10-18,2.0205088563768716,0
2018-10-19,1.85889515377723,0
2018-10-22,1.9760189636432428,0
2018-10-23,2.0080481940417725,0
2018-10-24,1.968122429288061,0
2018-10-25,1.9750241369681962,0
2018-10-26,1.911921591594212,0
2018-10-29,1.8866127275279894,0
2018-10-30,1.8168799092506744,0
2018-10-31,2.093162556012448,0
2018-11-01,2.125746173577602,0
2018-11-02,2.087547224515651,0
2018-11-05,2.132321569186274,0
2018-11-06,2.131413101253851,0
2018-11-07,2.129491965497967,0
2018-11-08,2.0686323495013124,0
2018-11-09,1.9333649991725599,0
2018-11-12,1.9042287532707591,0
2018-11-13,1.7302395621060942,0
2018-11-14,1.7091078284350525,0
2018-11-15,1.7221928206733204,0
2018-11-16,1.667264408468467,0
2018-11-19,1.6300900502781288,0
2018-11-20,1.6048719619915612,0
2018-11-21,1.5796891508681812,0
2018-11-23,1.5654694601279098,0
2018-11-26,1.574320214064774,0
2018-11-27,1.552704685252208,0
2018-11-28,1.6141000879970884,0
2018-11-29,1.6345295478623216,0
2018-11-30,1.6206937715566891,0
2018-12-03,1.6663760808398276,0
2018-12-04,1.7043626263991816,0
2018-12-06,1.378827731929801,0
2018-12-07,1.35898159310175,0
2018-12-10,1.2976565308221852,0
2018-12-11,1.3607783184164244,0
2018-12-12,1.4074065532085074,0
2018-12-13,1.484065949767676,0
2018-12-14,1.4616080616665643,0
2018-12-17,1.449880190085395,0
2018-12-18,1.4566102787225312,0
2018-12-19,1.4283444903053084,0
2018-12-20,1.3983769132239747,0
2018-12-21,1.4130581446752404,0
2018-12-24,1.2991606694594682,0
2018-12-26,1.2842647696967813,0
2018-12-27,1.3868779163782041,0
2018-12-28,1.4175893226928367,0
2018-12-31,1.3989581537790445,0
2019-01-02,1.4249341033366494,0
2019-01-03,1.4013290454378213,0
2019-01-04,1.3894271006949752,0
2019-01-07,1.3460349141148367,0
2019-01-08,1.3124305519864976,0
2019-01-09,1.31425414558002,0
2019-01-10,1.3651256065667636,0
2019-01-11,1.2828188437254293,0
2019-01-14,1.394780819403267,0
2019-01-15,1.4085273694228377,0
2019-01-16,1.4184364187027896,0
2019-01-17,1.2435892034447036,0
2019-01-18,1.2884253153193317,0
2019-01-22,1.3374552408886216,0
2019-01-23,1.2852436347876863,0
2019-01-24,1.3581486022115872,0
2019-01-25,1.372704470793641,0
2019-01-28,1.2690691025791199,0
2019-01-29,1.2427886458997657,0
2019-01-30,1.1472239139532028,0
2019-01-31,0.9207841029239765,0
2019-02-01,1.0355048374915239,0
2019-02-04,1.064598848448761,0
2019-02-05,1.1517673885158102,0
2019-02-06,1.2631823545226517,0
2019-02-07,1.3097571616081969,0
2019-02-08,1.0166632086420726,0
2019-02-11,1.1350286042762845,0
2019-02-12,1.2952669480092298,0
2019-02-13,1.2660504896524032,0
2019-02-14,1.230852817946507,0
2019-02-15,1.263506936227943,0
2019-02-19,1.0006480925589636,0
2019-02-20,0.9959381414226266,0
2019-02-21,0.9622357756414665,0
2019-02-22,0.8435027268296187,0
2019-02-25,0.9813297135539144,0
2019-02-26,1.0640437205638864,0
2019-02-27,0.9483048220270198,0
2019-02-28,0.8683652475163739,0
2019-03-01,0.925278093280824,0
2019-03-04,1.0141584397788388,0
2019-03-05,1.290437923800684,0
2019-03-06,1.1644691146294894,0
2019-03-07,0.9976161163619738,0
2019-03-08,0.8912775668864066,0
2019-03-11,0.7525389299437759,0
2019-03-12,0.6566234174754443,0
2019-03-13,0.5498555743577569,0
2019-03-14,0.5353581167224437,0
2019-03-15,0.6353242355006348,0
2019-03-18,0.7022125294575348,0
2019-03-19,0.6693591072841936,0
2019-03-20,0.8236070415160457,0
2019-03-21,0.9802714101682632,0
2019-03-22,0.9521984758244404,0
2019-03-25,1.2840682447087348,0
2019-03-26,1.3580275377393476,0
2019-03-27,1.3716795816018532,0
2019-03-28,1.2238070735265714,0
2019-03-29,1.45646875110323,0
2019-04-01,1.4660634450595103,0
2019-04-02,1.467702397632221,0
2019-04-03,1.6066526196340554,0
2019-04-04,1.5839151732053904,0
2019-04-05,1.338740508506363,0
2019-04-08,1.4345912259930655,0
2019-04-09,1.4673393263683017,0
2019-04-10,1.4277424363846847,0
2019-04-11,1.4657785877904894,0
2019-04-12,1.307271260426133,0
2019-04-15,1.2591252065592706,0
2019-04-16,1.2953580014607455,0
2019-04-17,1.222443939991697,0
2019-04-18,1.2834197227919164,0
2019-04-22,1.3493659002334657,0
2019-04-23,1.2798889765546748,0
2019-04-24,1.2854046538064183,0
2019-04-25,1.4101419787430232,0
2019-04-26,1.4259319579261955,0
2019-04-29,1.3730105598233517,0
2019-04-30,1.3945502478243466,0
2019-05-01,1.3787910481093242,0
2019-05-02,1.4560214826577897,0
2019-05-03,1.3965695099022355,0
2019-05-06,1.4577391810158307,0
2019-05-07,1.4747563070121594,0
2019-05-08,1.2656580743483048,0
2019-05-09,1.2505090523489037,0
2019-05-10,1.2015329093743246,0
2019-05-13,1.0851193310794092,0
2019-05-14,1.0283464537458522,0
2019-05-15,0.9856635511584998,0
2019-05-16,1.0725694044237302,0
2019-05-17,1.0598322224366465,0
2019-05-20,0.9283535952331445,0
2019-05-21,0.999052546115633,0
2019-05-22,0.9005109208660124,0
2019-05-23,0.8310245563233383,0
2019-05-24,0.951570847664411,0
2019-05-28,0.7892208666914662,0
2019-05-29,0.6613546989214838,0
2019-05-30,0.7835195698396705,0
2019-05-31,0.7084905072697778,0
2019-06-03,0.7019629008420404,0
2019-06-04,0.7030217567837044,0
2019-06-05,0.7788158448864019,0
2019-06-06,0.6943994255874602,0
2019-06-07,0.8382378383593183,0
2019-06-10,1.0538098489598071,0
2019-06-11,1.0657660488107608,0
2019-06-12,0.9456332146718079,0
2019-06-13,0.9425137878721082,0
2019-06-14,0.8292659115716503,0
2019-06-17,0.8458688656758458,0
2019-06-18,0.8653574975336727,0
2019-06-19,0.8188044108432831,0
2019-06-20,0.8365625871244011,0
2019-06-21,0.7790698864776922,0
2019-06-24,0.7564009865744008,0
2019-06-25,0.7442061280606611,0
2019-06-26,0.7711963722156171,0
2019-06-27,0.859839249413984,0
2019-06-28,0.8490114541833239,0
2019-07-01,1.1756963893479164,0
2019-07-02,1.0593967992582103,0
2019-07-03,1.0890916773790345,0
2019-07-05,1.0161893854988047,0
2019-07-08,1.0949617278374109,0
2019-07-09,1.156963133924874,0
2019-07-10,1.0895056766935711,0
2019-07-11,1.0693675261520912,0
2019-07-12,1.1183104545160063,0
2019-07-15,1.1543956286811679,0
2019-07-16,1.0724936685408717,0
2019-07-17,1.0632519148818427,0
2019-07-18,1.1315091902370857,0
2019-07-19,1.1102038473892186,0
2019-07-22,1.0769729236245764,0
2019-07-23,1.1743670703100813,0
2019-07-24,1.2111939489519374,0
2019-07-25,1.136700784569373,0
2019-07-26,1.2054053341180138,0
2019-07-29,1.1812147482772672,0
2019-07-30,1.130179129188122,0
2019-07-31,1.1917212579175063,0
2019-08-01,1.0410009288249342,0
2019-08-02,1.02096752112292,0
2019-08-05,1.0077280957584505,0
2019-08-06,0.8528183895429554,0
2019-08-07,0.7833800034024971,0
2019-08-08,0.7996999861003654,0
2019-08-09,0.8270321692423005,0
2019-08-12,0.8192065131226584,0
2019-08-13,0.7893446331057928,0
2019-08-14,0.8059863103037754,0
2019-08-15,0.7770947027856632,0
2019-08-16,0.7962883308131943,0
2019-08-19,0.8179915537301179,0
2019-08-20,0.8063332052581499,0
2019-08-21,0.8186698376356945,0
2019-08-22,0.8224920735202454,0
2019-08-23,0.7809311155559516,0
2019-08-26,0.7456856339371836,0
2019-08-27,0.7278246900269827,0
2019-08-28,0.6237398658218086,0
2019-08-29,0.5948924784657851,0
2019-08-30,0.6189003336280553,0
2019-09-03,0.5622525941980326,0
2019-09-04,0.4881980812902941,0
2019-09-05,0.5643810439355487,0
2019-09-06,0.5671215890575612,0
2019-09-09,0.6252032557069143,0
2019-09-10,0.5738469063625664,0
2019-09-11,0.5674360582883654,0
2019-09-12,0.706355611311949,0
2019-09-13,0.6651437931998738,0
2019-09-16,0.5477069211735799,0
2019-09-17,0.5696633238984592,0
2019-09-18,0.6164735519493457,0
2019-09-19,0.7157576863369328,0
2019-09-20,0.7103528390647815,0
2019-09-23,0.5450321920262755,0
2019-09-24,0.5995670859015063,0
2019-09-25,0.4828337720944443,0
2019-09-26,0.5421034021080838,0
2019-09-27,0.5577144102739738,0
2019-09-30,0.47073638559857406,0
2019-10-01,0.4744604443995811,0
2019-10-02,0.2532184347017756,0
2019-10-03,0.28573650185243826,0
2019-10-04,0.27241613724818214,0
2019-10-07,0.35793278543369356,0
2019-10-08,0.3972423015194285,0
2019-10-09,0.37485547439429245,0
2019-10-10,0.3672390085519935,0
2019-10-11,0.4087466263278427,0
2019-10-14,0.49764214733685636,0
2019-10-15,0.4603561267392808,0
2019-10-16,0.5390441751190035,0
2019-10-17,0.5340677531845305,0
2019-10-18,0.3765858501042172,0
2019-10-21,0.4156172454282333,0
2019-10-22,0.5410427365374675,0
2019-10-23,0.4265844384735619,0
2019-10-24,0.4926683531488778,0
2019-10-25,0.5021119230989208,0
2019-10-28,0.5245839926816294,0
2019-10-29,0.6312113192100013,0
2019-10-30,0.554765291954572,0
2019-10-31,0.6149825426176744,0
2019-11-01,0.34280442656903115,0
2019-11-04,0.5024843730770936,0
2019-11-05,0.5328670817652028,0
2019-11-06,0.5538051198404934,0
2019-11-07,0.49992136525204084,0
2019-11-08,0.5325321302337418,0
2019-11-11,0.5389387698858857,0
2019-11-12,0.5248055840697836,0
2019-11-13,0.6082305849052919,0
2019-11-14,0.692109131897253,0
2019-11-15,0.6659359521543249,0
2019-11-18,0.504039607981516,0
2019-11-19,0.5101087315052041,0
2019-11-20,0.5543939863881815,0
2019-11-21,0.6379542386951813,0
2019-11-22,0.6073428491381601,0
2019-11-25,0.5984320612276963,0
2019-11-26,0.6734611403053529,0
2019-11-27,0.635571122986683,0
2019-11-29,0.6550550006857764,0
2019-12-02,0.6561047591416506,0
2019-12-03,0.8943255545301463,0
2019-12-04,0.8621828898669847,0
2019-12-05,0.9442269128943275,0
2019-12-06,1.3615838413169816,0
2019-12-09,1.3409899148303117,0
2019-12-10,1.4280973854901242,0
2019-12-11,1.3845668124260955,0
2019-12-12,1.4253837479427074,0
2019-12-13,1.524646160434008,0
2019-12-16,1.36811664958104,0
2019-12-17,1.4022857281305874,0
2019-12-18,1.3845201692544595,0
2019-12-19,1.4346440420688404,0
2019-12-20,1.4004399148622975,0
2019-12-23,1.4676217914605227,0
2019-12-24,1.6100761653511206,0
2019-12-26,1.6208915988222268,0
2019-12-27,1.4620683761587643,0
2019-12-30,1.5413038816869402,0
2019-12-31,1.6344615041911605,0
2020-01-02,1.4071976582547794,0
2020-01-03,1.5426240817371883,0
2020-01-06,1.5488989483958964,0
2020-01-07,1.6417495097337231,0
2020-01-08,1.6229321877225946,0
2020-01-09,1.5282420551139086,0
2020-01-10,1.5072438881682229,0
2020-01-13,1.449784363246093,0
2020-01-14,1.4413377021998803,0
2020-01-15,1.4059106741222163,0
2020-01-16,1.3043415829820009,0
2020-01-17,1.317636949581149,0
2020-01-21,1.2605981269508768,0
2020-01-22,1.2306831102157316,0
2020-01-23,1.3559628451379349,0
2020-01-24,1.2829641089945105,0
2020-01-27,1.4931582093664435,0
2020-01-28,1.5544744014744847,0
2020-01-29,1.5479080137364694,0
2020-01-30,1.443834070320876,0
2020-01-31,1.4229575634480862,0
2020-02-03,1.2618290745852931,0
2020-02-04,1.2757425322572784,0
2020-02-05,1.3572941263637301,0
2020-02-06,1.3161443904428354,0
2020-02-07,1.3064088818231854,0
2020-02-10,1.3959894381155544,0
2020-02-11,1.352936272523033,0
2020-02-12,1.3307493360525666,0
2020-02-13,1.283014511650681,0
2020-02-14,1.269635678794822,0
2020-02-18,1.2381617731329548,0
2020-02-19,1.2410631672764798,0
2020-02-20,1.2531095275258468,0
2020-02-21,1.4458529017876234,0
2020-02-24,1.5245720735267008,0
2020-02-25,1.438580915405775,0
2020-02-26,1.2923697990029364,0
2020-02-27,1.0675066216375186,0
2020-02-28,0.6650603342738285,0
2020-03-02,0.9840278192628054,0
2020-03-03,1.1749604251213286,0
2020-03-04,1.0122609310404826,0
2020-03-05,0.9844451782674499,0
2020-03-06,0.7881226625187953,0
2020-03-09,0.6417841515635286,0
2020-03-10,0.7668124858841348,0
2020-03-11,0.7570389302539643,0
2020-03-12,0.6460375348142802,0
2020-03-13,0.5581686100140323,0
2020-03-16,0.08258544914268788,0
2020-03-17,0.002671794497984862,0
2020-03-18,-0.011991972796320916,0
2020-03-19,-0.08039675443346374,0
2020-03-20,0.04290149236846129,0
2020-03-23,0.09403578530581022,0
2020-03-24,-0.1218854521365602,0
2020-03-25,-0.10904003225718376,0
2020-03-26,-0.10664269847970019,0
2020-03-27,-0.10040166873037733,0
2020-03-30,-0.10877929628174385,0
2020-03-31,-0.08547040736502068,0
2020-04-01,-0.13557087166417747,0
2020-04-02,-0.17064693693471047,0
2020-04-03,-0.17664707754264783,0
2020-04-06,-0.16364813410418177,0
2020-04-07,-0.1589775977663476,0
2020-04-08,-0.1980900805809597,0
2020-04-09,-0.188905282139375,0
2020-04-13,-0.23724927017259576,0
2020-04-14,-0.06721793297717531,0
2020-04-15,-0.0396247744675722,0
2020-04-16,0.006118306369463896,0
2020-04-17,0.0745048946088043,0
2020-04-20,0.0065327352948358645,0
2020-04-21,-0.002389123290953447,0
2020-04-22,0.03482745557130155,0
2020-04-23,0.053800935568319795,0
2020-04-24,-0.03692183124595419,0
2020-04-27,0.0009384505458235926,0
2020-04-28,0.04431967352009423,0
2020-04-29,0.02461323082628292,0
2020-04-30,0.06611698636465811,0
2020-05-01,-0.017024600511070395,0
2020-05-04,-0.08622391868320423,0
2020-05-05,0.022471997503474676,0
2020-05-06,0.026909909679717032,0
2020-05-07,0.0748665976018083,0
2020-05-08,0.10765295661303968,0
2020-05-11,0.10848328168281214,0
2020-05-12,0.1839691116325176,0
2020-05-13,0.11416809870456826,0
2020-05-14,0.03736990555204492,0
2020-05-15,0.03311692702738304,0
2020-05-18,0.16610018013264705,0
2020-05-19,0.251311238005041,0
2020-05-20,0.2605283744208412,0
2020-05-21,0.3445121200541802,0
2020-05-22,0.33892741117437786,0
2020-05-26,0.3982584894106835,0
2020-05-27,0.37404501845128607,0
2020-05-28,0.45826904507288496,0
2020-05-29,0.4135122084791138,0
2020-06-01,0.4892733955198079,0
2020-06-02,0.517987437182843,0
2020-06-03,0.570435575745271,0
2020-06-04,0.453229371579723,0
2020-06-05,0.4698625404729799,0
2020-06-08,0.4698767109098522,0
2020-06-09,0.5085176198036879,0
2020-06-10,0.47739211823023975,0
2020-06-11,0.7407511582359353,0
2020-06-12,0.9052493156997111,0
2020-06-15,0.8175115590690305,0
2020-06-16,1.0311110872326015,0
2020-06-17,1.0208701010532644,0
2020-06-18,0.9950835484395217,0
2020-06-19,1.04467767732224,0
2020-06-22,0.9944023331134546,0
2020-06-23,1.0743006590802662,0
2020-06-24,1.051643301041398,0
2020-06-25,0.9980027710546933,0
2020-06-26,1.0279390676350137,0
2020-06-29,0.9322030483850309,0
2020-06-30,0.8460844680946671,0
2020-07-01,0.9030944940449057,0
2020-07-02,0.9484250792159853,0
2020-07-06,1.0251729769194333,0
2020-07-07,1.0441117974539846,0
2020-07-08,1.0244114237496564,0
2020-07-09,1.0383887365033162,0
2020-07-10,1.0426565711977096,0
2020-07-13,0.9620254327843043,0
2020-07-14,1.1106742335438682,0
2020-07-15,1.2205031601053995,0
2020-07-16,1.1596151359077085,0
2020-07-17,1.2010216280004515,0
2020-07-20,1.1492560455842993,0
2020-07-21,1.2954636687388383,0
2020-07-22,1.1805787384398923,0
2020-07-23,1.1851525767933175,0
2020-07-24,1.0106906073030526,0
2020-07-27,1.0208358296675233,0
2020-07-28,1.029703102924213,0
2020-07-29,1.0578444512179053,0
2020-07-30,1.039064683101032,0
2020-07-31,1.1388651082396495,0
2020-08-03,1.1501585082023789,0
2020-08-04,1.1653335566125786,0
2020-08-05,1.178683769412075,0
2020-08-06,1.2140075642778343,0
2020-08-07,1.20655960170126,0
2020-08-10,1.1491281644605043,0
2020-08-11,1.1298915300758494,0
2020-08-12,1.1627510353509376,0
2020-08-13,1.1756399329621787,0
2020-08-14,1.1859901796721999,0
2020-08-17,1.176849756206136,0
2020-08-18,1.1725405381599332,0
2020-08-19,1.1709029427317577,0
2020-08-20,1.162190883525363,0
2020-08-21,1.1883048806390057,0
2020-08-24,1.2462666814921148,0
2020-08-25,1.2554556279608013,0
2020-08-26,1.2184898959534853,0
2020-08-27,1.2609468518866966,0
2020-08-28,1.3350136421833236,0
2020-08-31,1.3395011206111547,0
2020-09-01,1.3960430683565412,0
2020-09-02,1.4147472765989828,0
2020-09-03,1.4717379247755793,0
2020-09-04,1.625217365635057,0
2020-09-08,1.4333706645478723,0
2020-09-09,1.528600486531886,0
2020-09-10,1.570445451463311,0
2020-09-11,1.4263789518024168,0
2020-09-14,1.455193622869593,0
2020-09-15,1.5574268365363604,0
2020-09-16,1.5650775887296184,0
2020-09-17,1.379628553932031,0
2020-09-18,1.4385224744331575,0
2020-09-21,1.2956611126375548,0
2020-09-22,1.4381693729369027,0
2020-09-23,1.4159276533456093,0
2020-09-24,1.3560259063517528,0
2020-09-25,1.3626925234275555,0
2020-09-28,1.4920663162340158,0
2020-09-29,1.5506341384403912,0
2020-09-30,1.54560418968578,0
2020-10-01,1.7011258702018737,0
2020-10-02,1.6138742754292004,0
2020-10-05,1.6142068886777665,0
2020-10-06,1.6461621163344298,0
2020-10-07,1.6840122528146393,0
2020-10-08,1.7440618683394538,0
2020-10-09,1.772261031583393,0
2020-10-12,1.8445786243865985,0
2020-10-13,1.8860082134710565,0
2020-10-14,1.8560063467283026,0
2020-10-15,1.7254779909987954,0
2020-10-16,1.777537707373051,0
2020-10-19,1.7871688989176597,0
2020-10-20,1.7304508275529906,0
2020-10-21,1.6937016128334517,0
2020-10-22,1.7620523976280662,0
2020-10-23,1.7115950570367902,0
2020-10-26,1.6612676100166832,0
2020-10-27,1.5660295979322898,0
2020-10-28,1.4721932012470662,0
2020-10-29,1.414343002706335,0
2020-10-30,1.4261364619958228,0
2020-11-02,1.399390385412175,0
2020-11-03,1.3478524687584532,0
2020-11-04,1.4546252328891554,0
2020-11-05,1.5738480513522464,0
2020-11-06,1.6116972430767942,0
2020-11-09,1.7034305889826638,0
2020-11-10,1.5541413467352936,0
2020-11-11,1.5814237928266277,0
2020-11-12,1.6190437126188133,0
2020-11-13,1.6122054620048976,0
2020-11-16,1.6574051096089106,0
2020-11-17,1.7187756890128074,0
2020-11-18,1.6907547013676056,0
2020-11-19,1.6253734922319298,0
2020-11-20,1.6682978207914132,0
2020-11-23,1.658582945237594,0
2020-11-24,1.6482233715646415,0
2020-11-25,1.6202731433878734,0
2020-11-27,1.62966833871504,0
2020-11-30,1.6323342977289534,0
2020-12-01,1.6416615653618734,0
2020-12-02,1.5376012852279184,0
2020-12-03,1.477241746909235,0
2020-12-04,1.4718473283518463,0
2020-12-07,1.4663590418654286,0
2020-12-08,1.4659854590667623,0
2020-12-09,1.4091778588422987,0
2020-12-10,1.4831021473455033,0
2020-12-11,1.4679288544354243,0
2020-12-14,1.441860461964306,0
2020-12-15,1.5749736866418287,0
2020-12-16,1.5847042255845618,0
2020-12-17,1.6234368366617895,0
2020-12-18,1.597235394381421,0
2020-12-21,1.642741197337367,0
2020-12-22,1.621564817086036,0
2020-12-23,1.6187336483339827,0
2020-12-24,1.6250473117234396,0
2020-12-28,1.6680478367105147,0
2020-12-29,1.6334352404919656,0
2020-12-30,1.5875170453800014,0
2020-12-31,1.69012038128386,0
2021-01-04,1.641999132839684,0
2021-01-05,1.6670993316539007,0
2021-01-06,1.6158958230883982,0
2021-01-07,1.6123942462608238,0
2021-01-08,1.6886285523449118,0
2021-01-11,1.736546281123993,0
2021-01-12,1.7443695655961684,0
2021-01-13,1.7454658637219025,0
2021-01-14,1.7337312326596659,0
2021-01-15,1.783198746024272,0
2021-01-19,1.7756507988435388,0
2021-01-20,1.7790021221856107,0
2021-01-21,1.8015280217213314,0
2021-01-22,1.776438238196491,0
2021-01-25,1.8156934908707472,0
2021-01-26,1.6459316645713604,0
2021-01-27,1.6216566655685911,0
2021-01-28,1.638256418625873,0
2021-01-29,1.6852509517272238,0
2021-02-01,1.6425159367999056,0
2021-02-02,1.7842967389101756,0
2021-02-03,1.800894920933081,0
2021-02-04,1.681000888640706,0
2021-02-05,1.7359487108594953,0
2021-02-08,1.7520464225398438,0
2021-02-09,1.7678859264596452,0
2021-02-10,1.7686255628875112,0
2021-02-11,1.7733606093050713,0
2021-02-12,1.773889145730243,0
2021-02-16,1.8307380368618036,0
2021-02-17,1.777551358547454,0
2021-02-18,1.783438588288919,0
2021-02-19,1.7759721232272214,0
2021-02-22,1.6852503486075736,0
2021-02-23,1.5937807932929902,0
2021-02-24,1.5849730323591946,0
2021-02-25,1.6037411580987742,0
2021-02-26,1.7352086334365164,0
2021-03-01,2.013572756524293,0
2021-03-02,1.8186211694064431,0
2021-03-03,1.5823662677631245,0
2021-03-04,1.5876690507888136,0
2021-03-05,1.570885086660651,0
2021-03-08,1.7553554739962987,0
2021-03-09,1.9545280662090403,0
2021-03-10,1.9515436879505161,0
2021-03-11,1.9792573373611437,0
2021-03-12,2.0448460308478817,0
2021-03-15,2.1334915661884453,0
2021-03-16,2.7079978591319427,0
2021-03-17,2.739489510981761,0
2021-03-18,2.779236799748883,0
2021-03-19,2.7804870503135546,0
2021-03-22,2.6568813322204665,0
2021-03-23,2.6616192204127516,0
2021-03-24,2.6652898104358536,0
2021-03-25,2.508871902569536,0
2021-03-26,2.5509032169214114,0
2021-03-29,2.6338596642435683,0
2021-03-30,2.6109704282172292,0
2021-03-31,2.583373703657006,0
2021-04-01,2.7268997940052087,0
2021-04-05,2.797487372759106,0
2021-04-06,2.8207223240715344,0
2021-04-07,2.833980579757165,0
2021-04-08,2.8466655092918587,0
2021-04-09,2.8539604662930746,0
2021-04-12,2.8319076761460558,0
2021-04-13,2.827751619113014,0
2021-04-14,2.737275626655195,0
2021-04-15,2.717011195387233,0
2021-04-16,2.67571056982868,0
2021-04-19,2.629655607829066,0
2021-04-20,2.695236948479794,0
2021-04-21,2.7178396067842194,0
2021-04-22,2.7470628018147516,0
2021-04-23,2.7228694068010326,0
2021-04-26,2.7375541766882807,0
2021-04-27,2.751338231658704,0
2021-04-28,2.699494594418329,0
2021-04-29,2.71365726483602,0
2021-04-30,2.675055486921404,0
2021-05-03,2.7218857037693622,0
2021-05-04,2.7624827854810468,0
2021-05-05,2.6772405089894793,0
2021-05-06,2.6432445855719395,0
2021-05-07,2.645877793100689,0
2021-05-10,2.561981639638402,0
2021-05-11,2.5168753784986047,0
2021-05-12,2.50872665727497,0
2021-05-13,2.5861501777206857,0
2021-05-14,2.680710579586555,0
2021-05-17,2.6751173578974945,0
2021-05-18,2.5781210301713005,0
2021-05-19,2.522345671420412,0
2021-05-20,2.5259601488110546,0
2021-05-21,2.5223036641917065,0
2021-05-24,2.5690158726855405,0
2021-05-25,2.5238524868816463,0
2021-05-26,2.5872083318929553,0
2021-05-27,2.57453368343925,0
2021-05-28,2.5661475390209514,0
2021-06-01,2.5429740459817562,0
2021-06-02,2.5028352114228447,0
2021-06-03,2.4269359328158404,0
2021-06-04,2.4265135758471614,0
2021-06-07,2.44082747657174,0
2021-06-08,2.4040059203488378,0
2021-06-09,2.302763140484675,0
2021-06-10,2.243844390526473,0
2021-06-11,2.0905087229164163,0
2021-06-14,1.9587386350450344,0
2021-06-15,2.1715726472329515,0
2021-06-16,1.94538137630149,0
2021-06-17,1.889402212015766,0
2021-06-18,1.9499920764522447,0
2021-06-21,1.8421105009161192,0
2021-06-22,1.9426808667956137,0
2021-06-23,1.8935233279249528,0
2021-06-24,1.9617755316406522,0
2021-06-25,2.0817629307422343,0
2021-06-28,2.0522385840994493,0
2021-06-29,2.214165801418661,0
2021-06-30,2.2496621950972595,0
2021-07-01,2.190312796700475,0
2021-07-02,2.08498492803995,0
2021-07-06,2.047960403931687,0
2021-07-07,2.0475526720503887,0
2021-07-08,2.155732018956945,0
2021-07-09,2.013147495911116,0
2021-07-12,1.954065700215229,0
2021-07-13,2.0546402878998964,0
2021-07-14,1.8461311204076967,0
2021-07-15,1.7566646142809765,0
2021-07-16,1.7981025633771572,0
2021-07-19,1.73111113795834,0
2021-07-20,1.7561814684150654,0
2021-07-21,1.6706982667050674,0
2021-07-22,1.8129581202237934,0
2021-07-23,1.8437066497804921,0
2021-07-26,2.0877176943150197,0
2021-07-27,2.0627760801620276,0
2021-07-28,2.054196700811335,0
2021-07-29,2.0828322515933824,0
2021-07-30,2.0735052991184943,0
2021-08-02,2.132960276136739,1
2021-08-03,2.1195337857697334,1
2021-08-04,2.1417372828776324,1
2021-08-05,2.1760617333895507,1
2021-08-06,2.156919029441798,1
2021-08-09,2.156110115084136,1
2021-08-10,2.2212036386491136,1
2021-08-11,2.237743148986761,1
2021-08-12,2.1542718931493257,1
2021-08-13,2.1407870384132943,1
2021-08-16,2.1721023797992283,1
2021-08-17,2.153947263767862,1
2021-08-18,2.099151048464495,1
2021-08-19,2.0143234285010045,1
2021-08-20,2.0866856982083952,1
2021-08-23,2.106228891922511,1
2021-08-24,2.1228331533534455,1
2021-08-25,2.1423419792081555,1
2021-08-26,2.181380916732265,1
2021-08-27,2.134248834644367,1
2021-08-30,2.085737506946467,1
2021-08-31,2.0885390064067435,1
2021-09-01,2.005323265665354,1
2021-09-02,1.966605283002042,1
2021-09-03,1.900387305392914,1
2021-09-07,1.7181826421026831,1
2021-09-08,2.0830118308181853,1
2021-09-09,1.9867489756671628,1
2021-09-10,1.950630339971684,1
2021-09-13,2.0879087267522562,1
2021-09-14,2.0639307705579824,1
2021-09-15,1.9518754057639982,1
2021-09-16,1.923651111788498,1
2021-09-17,2.258968786905034,1
2021-09-20,1.9455486152619734,1
2021-09-21,2.21125784419464,1
2021-09-22,2.0991580698454504,1
2021-09-23,2.117441416695407,1
2021-09-24,2.4129382168426314,1
2021-09-27,2.3365200753922086,1
2021-09-28,2.1332027011171864,1
2021-09-29,2.0852066382208423,1
2021-09-30,2.080913695016777,1
2021-10-01,1.9406648929312065,1
2021-10-04,2.090764218972612,1
2021-10-05,2.004599311365071,1
2021-10-06,1.9165438503486756,1
2021-10-07,2.0566979731280632,1
2021-10-08,1.9735533311118496,1
2021-10-11,1.831656159700092,1
2021-10-12,1.6949616581386096,1
2021-10-13,1.6119568016974306,1
2021-10-14,1.6452878894888514,1
2021-10-15,1.8754059752743457,1
2021-10-18,1.7308802542776356,1
2021-10-19,1.8608421914784519,1
2021-10-20,2.033448291370413,1
2021-10-21,2.0093315284619746,1
2021-10-22,2.064489844877284,1
2021-10-25,2.082612564331575,1
2021-10-26,2.1932705607239904,1
2021-10-27,2.2350025207131923,1
2021-10-28,2.4401346902385765,1
2021-10-29,2.60272365698653,1
2021-11-01,2.631276629689525,1
2021-11-02,2.6709899695439785,1
2021-11-03,2.6093156114487046,1
2021-11-04,2.31685218909066,1
2021-11-05,2.144024003963673,1
2021-11-08,2.1677015440691907,1
2021-11-09,2.0497286494974145,1
2021-11-10,2.5427088844212267,1
2021-11-11,2.488301202196745,1
2021-11-12,2.42681087302668,1
2021-11-15,2.477867351526539,1
2021-11-16,2.405310415692589,1
2021-11-17,2.3916380064468847,1
2021-11-18,2.5209068938394528,1
2021-11-19,2.6714422260699724,1
2021-11-22,2.561824320122019,1
2021-11-23,2.639871901231059,1
2021-11-24,2.579168447761488,1
2021-11-26,2.5747877033642106,1
2021-11-29,2.608479801017196,1
2021-11-30,2.5818082221577154,1
2021-12-01,2.5643415614117284,1
2021-12-02,2.221972601936142,1
2021-12-03,2.3632642724862296,1
2021-12-06,2.1689229029457624,1
2021-12-07,2.271527027214309,1
2021-12-08,2.3830971342706544,1
2021-12-09,2.4792821302628747,1
2021-12-10,2.3220909844536233,1
2021-12-13,2.3122783408217837,1
2021-12-14,1.979346179394868,1
2021-12-15,1.910183900636448,1
2021-12-16,2.045296436454263,1
2021-12-17,1.8162838451723495,1
2021-12-20,1.8662174503819557,1
2021-12-21,1.8734041393467413,1
2021-12-22,1.8984556207005416,1
2021-12-23,1.9990741487887853,1
2021-12-27,2.043049503265384,1
2021-12-28,2.0751203318350337,1
2021-12-29,1.991087679544934,1
2021-12-30,1.9546743700545224,1
2021-12-31,1.9219653405625308,1
2022-01-03,1.8705375913204447,1
2022-01-04,1.848570145784804,1
2022-01-05,1.758264331945792,1
2022-01-06,1.7875804718934962,1
2022-01-07,1.7300090948192264,1
2022-01-10,1.5976182963145968,1
2022-01-11,1.5983893173927675,1
2022-01-12,1.6748430044400535,1
2022-01-13,1.726316768194645,1
2022-01-14,1.5832329481673866,1
2022-01-18,1.6516699409050637,1
2022-01-19,1.592706258284451,1
2022-01-20,1.5874126400022859,1
2022-01-21,1.5373383709438715,1
2022-01-24,1.5906503196700035,1
2022-01-25,1.6159819845112209,1
2022-01-26,1.7431620882707468,1
2022-01-27,1.6640003596253374,1
2022-01-28,1.5008818063412939,1
2022-01-31,1.651096876945331,1
2022-02-01,1.5200514511473593,1
2022-02-02,1.385034754907836,1
2022-02-03,1.535393813160733,1
2022-02-04,1.476476948474423,1
2022-02-07,1.4075343025524059,1
2022-02-08,1.425636039399661,1
2022-02-09,1.2548827350651202,1
2022-02-10,1.2861649701132989,1
2022-02-11,1.2741161092928195,1
2022-02-14,1.3691987381912143,1
2022-02-15,1.3441718618075038,1
2022-02-16,1.3607699037413845,1
2022-02-17,1.3692557820051146,1
2022-02-18,1.4791727834917545,1
2022-02-22,1.69612631316718,1
2022-02-23,1.6649379218873854,1
2022-02-24,1.8624983757598925,1
2022-02-25,1.5678661141945485,1
2022-02-28,1.5328922075031108,1
2022-03-01,1.4728515122084984,1
2022-03-02,1.6717570452056487,1
2022-03-03,1.7942496820418794,1
2022-03-04,1.9852393957917873,1
2022-03-07,1.9949516470621314,1
2022-03-08,2.1262791750524466,1
2022-03-09,1.9326452842026838,1
2022-03-10,1.9460553116799906,1
2022-03-11,1.9460596320625698,1
2022-03-14,2.0205377196213665,1
2022-03-15,2.0376776069197535,1
2022-03-16,1.9214993846436834,1
2022-03-17,1.8437551221698532,1
2022-03-18,1.8755218309085164,1
2022-03-21,1.866257821668106,1
2022-03-22,1.7980125833334961,1
2022-03-23,1.852205333719902,1
2022-03-24,2.0184841201757355,1
2022-03-25,1.9253562152375743,1
2022-03-28,1.805179627757467,1
2022-03-29,1.837633990380793,1
2022-03-30,1.8405690626597446,1
2022-03-31,1.6914881564535047,1
2022-04-01,1.5710428667435758,1
2022-04-04,1.5537258995675762,1
2022-04-05,1.5550560003479599,1
2022-04-06,1.575390490298867,1
2022-04-07,1.612664577508678,1
2022-04-08,1.6066833686961153,1
2022-04-11,1.6480707103440948,1
2022-04-12,1.6267452290088367,1
2022-04-13,1.7299778390320528,1
2022-04-14,1.6316360685774651,1
2022-04-18,1.7859019725879266,1
2022-04-19,1.685507249626624,1
2022-04-20,1.543111723337263,1
2022-04-21,1.5485543102123713,1
2022-04-22,1.737614684139326,1
2022-04-25,1.9144608982556448,1
2022-04-26,1.7946076653145209,1
2022-04-27,1.9751812352105638,1
2022-04-28,1.8928696173347057,1
2022-04-29,1.8762148010867357,1
2022-05-02,1.9909233843653453,1
2022-05-03,1.9281633353660643,1
2022-05-04,1.9214574936238242,1
2022-05-05,1.831784203927935,1
2022-05-06,1.927183848950737,1
2022-05-09,2.102604878542431,1
2022-05-10,2.146156881919721,1
2022-05-11,2.1108201965312334,1
2022-05-12,2.2582416170254014,1
2022-05-13,2.2666870060276154,1
2022-05-16,2.2052473028091484,1
2022-05-17,2.154050569031922,1
2022-05-18,2.2347131282472334,1
2022-05-19,2.3358199592349607,1
2022-05-20,2.23459906478014,1
2022-05-23,2.2911357515296955,1
2022-05-24,2.272464293148376,1
2022-05-25,2.2993898944480633,1
2022-05-26,2.251025220300766,1
2022-05-27,2.228930135146638,1
2022-05-31,2.2137459158155113,1
2022-06-01,2.241162285851107,1
2022-06-02,2.2026392911695405,1
2022-06-03,2.196878694665634,1
2022-06-06,2.195570148383484,1
2022-06-07,2.1765392042479674,1
2022-06-08,2.1813054721865277,1
2022-06-09,2.158119123445277,1
2022-06-10,2.135195565778461,1
2022-06-13,2.2598234710446827,1
2022-06-14,2.2324653409446147,1
2022-06-15,2.2318635709583106,1
2022-06-16,2.3325168425516356,1
2022-06-17,2.330239689121841,1
2022-06-21,2.2905810867025216,1
2022-06-22,2.266640895964299,1
2022-06-23,2.161173957439515,1
2022-06-24,2.0707170878048893,1
2022-06-27,2.0200874431079074,1
2022-06-28,2.0076533396412644,1
2022-06-29,1.996897527256291,1
2022-06-30,1.9493658064188704,1
2022-07-01,2.002296065263471,1
2022-07-05,2.026867010985857,1
2022-07-06,2.0619505570035783,1
2022-07-07,2.0553391448921103,1
2022-07-08,1.936115812806379,1
2022-07-11,2.039907924420559,1
2022-07-12,2.087853530704181,1
2022-07-13,1.967245637374755,1
2022-07-14,2.0272074284992403,1
2022-07-15,2.000435664523006,1
2022-07-18,2.117195149537414,1
2022-07-19,2.123839367979538,1
2022-07-20,2.142522161261,1
2022-07-21,2.147289728839309,1
2022-07-22,2.1106191538105965,1
2022-07-25,2.0022010222595217,1
2022-07-26,1.9613582086561883,1
2022-07-27,1.9808129509274137,1
2022-07-28,2.068648781149094,1
2022-07-29,2.0916707716743437,1
2022-08-01,2.1305391922388948,1
2022-08-02,2.040626372210652,1
2022-08-03,2.0912409903278584,1
2022-08-04,2.1406038649945054,1
2022-08-05,2.047577142985111,1
2022-08-08,2.064905478072527,1
2022-08-09,1.9958821369494413,1
2022-08-10,2.051314925928194,1
2022-08-11,2.128569968657069,1
2022-08-12,2.1535599708211577,1
2022-08-15,2.1784401425896993,1
2022-08-16,2.135376310508846,1
2022-08-17,2.1605746132301795,1
2022-08-18,2.1825432490286136,1
2022-08-19,2.272011998197575,1
2022-08-22,2.2203048011541875,1
2022-08-23,2.0884654933063906,1
2022-08-24,2.0143843343776076,1
2022-08-25,1.9616670977781754,1
2022-08-26,1.9187373392774683,1
2022-08-29,2.03446910837533,1
2022-08-30,1.9372516921932388,1
2022-08-31,1.9360110690743348,1
2022-09-01,2.058688127488503,1
2022-09-02,1.9797665736816519,1
2022-09-06,2.023955708537775,1
2022-09-07,2.02500369773208,1
2022-09-08,1.9210917008023205,1
2022-09-09,1.8550111266828668,1
2022-09-12,1.7450960963295945,1
2022-09-13,1.8250290855994773,1
2022-09-14,1.9009962127017361,1
2022-09-15,1.9379162466077153,1
2022-09-16,2.023635446492865,1
2022-09-19,2.0163207955274762,1
2022-09-20,2.169109174693964,1
2022-09-21,2.1561565607537028,1
2022-09-22,2.2552392558549874,1
2022-09-23,2.271336724011925,1
2022-09-26,2.3080877078485473,1
2022-09-27,2.3105795583048683,1
2022-09-28,2.280881882349189,1
2022-09-29,2.3134158064264776,1
2022-09-30,2.3865733413476713,1
2022-10-03,2.4339057709668896,1
2022-10-04,2.574543394485822,1
2022-10-05,2.635980034860527,1
2022-10-06,2.5966717668892847,1
2022-10-07,2.551715445705282,1
2022-10-10,2.6107708393544504,1
2022-10-11,2.7611136604448507,1
2022-10-12,2.7774328356510574,1
2022-10-13,2.888940855076567,1
2022-10-14,2.563763850880126,1
2022-10-17,2.596450338652725,1
2022-10-18,2.4820855493260603,1
2022-10-19,2.49194679004599,1
2022-10-20,2.462188249244953,1
2022-10-21,2.5061735276260055,1
2022-10-24,2.3391896771518055,1
2022-10-25,2.3493477907030362,1
2022-10-26,2.321882069923232,1
2022-10-27,2.32342580380278,1
2022-10-28,2.273212470550405,1
2022-10-31,2.2811039141888707,1
2022-11-01,2.26927775290625,1
2022-11-02,2.218188399075122,1
2022-11-03,2.052420687927946,1
2022-11-04,2.0941381859163175,1
2022-11-07,2.0731994557039153,1
2022-11-08,1.9895105052465671,1
2022-11-09,1.9711806534968883,1
2022-11-10,1.825277303316687,1
2022-11-11,1.7809890459252984,1
2022-11-14,1.8115610514553553,1
2022-11-15,1.8680242150204065,1
2022-11-16,1.8197136988404239,1
2022-11-17,1.691980770714901,1
2022-11-18,1.763940103796805,1
2022-11-21,1.6641647033374927,1
2022-11-22,1.6717971467904513,1
2022-11-23,1.6746862321422193,1
2022-11-25,1.7169454613572575,1
2022-11-28,1.69978834916635,1
2022-11-29,1.6911765659497104,1
2022-11-30,1.6557846640486849,1
2022-12-01,1.7717349215113498,1
2022-12-02,1.8961781227531402,1
2022-12-05,1.8223049153699347,1
2022-12-06,1.9068699457861369,1
2022-12-07,1.7024161675277916,1
2022-12-08,1.613021709023875,1
2022-12-09,1.6293563084813647,1
2022-12-12,1.633527208132233,1
2022-12-13,1.685113914875416,1
2022-12-14,1.841312041707855,1
2022-12-15,1.7372207263129171,1
2022-12-16,1.5739412869333296,1
2022-12-19,1.6983303556752178,1
2022-12-20,1.6390861069701026,1
2022-12-21,1.6232105959619572,1
2022-12-22,1.6101189428783345,1
2022-12-23,1.5325095367603374,1
2022-12-27,1.5094810220625066,1
2022-12-28,1.458520515216284,1
2022-12-29,1.5139164478389935,1
2022-12-30,1.5259244884681806,1
2023-01-03,1.4830513025570458,1
2023-01-04,1.5170155644839098,1
2023-01-05,1.5243235442740184,1
2023-01-06,1.6110196862354929,1
2023-01-09,1.5112856995101742,1
2023-01-10,1.5061380982312553,1
2023-01-11,1.5715956468698074,1
2023-01-12,1.6300011364900815,1
2023-01-13,1.574529798044291,1
2023-01-17,1.6151106481567137,1
2023-01-18,1.71234142806594,1
2023-01-19,1.597283189623788,1
2023-01-20,1.613063025467608,1
2023-01-23,1.695992242816192,1
2023-01-24,1.7649909418858065,1
2023-01-25,1.6781587975292984,1
2023-01-26,1.7245510282770522,1
2023-01-27,1.652952977193943,1
2023-01-30,1.6821486149720848,1
2023-01-31,1.7682121057986673,1
2023-02-01,1.7275473085728001,1
2023-02-02,1.9014749316652884,1
2023-02-03,1.9246822723758903,1
2023-02-06,1.8668358528722744,1
2023-02-07,1.8500198181371454,1
2023-02-08,1.9855417825125108,1
2023-02-09,1.9448850787047178,1
2023-02-10,1.9088080131043417,1
2023-02-13,1.89376329968755,1
2023-02-14,1.9215695170289215,1
2023-02-15,1.8496166616347844,1
2023-02-16,1.9140514932932515,1
2023-02-17,1.8658410390109994,1
2023-02-21,1.8331011292358717,1
2023-02-22,1.783508061812093,1
2023-02-23,1.6788185460365561,1
2023-02-24,1.7531760304152344,1
2023-02-27,1.5661400261796696,1
2023-02-28,1.8104988753864313,1
2023-03-01,1.8290812285410656,1
2023-03-02,1.8913721281195734,1
2023-03-03,1.8238774870293948,1
2023-03-06,1.8099486822065844,1
2023-03-07,1.696546660200412,1
2023-03-08,1.6930424131442179,1
2023-03-09,1.6085879987030463,1
2023-03-10,1.7195558809680023,1
2023-03-13,1.772164352734417,1
2023-03-14,1.8387283600724031,1
2023-03-15,1.7329642140206916,1
2023-03-16,1.7209078587408684,1
2023-03-17,2.0033639532712924,1
2023-03-20,2.0323927182966157,1
2023-03-21,2.098858857564073,1
2023-03-22,2.1038321795283377,1
2023-03-23,2.116788678087053,1
2023-03-24,2.1064099064530457,1
2023-03-27,2.119669215195208,1
2023-03-28,2.0751778424113607,1
2023-03-29,2.1161072702879262,1
2023-03-30,2.211839693351618,1
2023-03-31,2.2144032794723634,1
2023-04-03,2.2592227696359815,1
2023-04-04,2.2621103549417283,1
2023-04-05,2.153991212916771,1
2023-04-06,2.089243040372544,1
2023-04-10,2.060067643757313,1
2023-04-11,2.1333634090801326,1
2023-04-12,2.1314058498669475,1
2023-04-13,2.05690118078414,1
2023-04-14,2.10501648788823,1
2023-04-17,2.0205832622838686,1
2023-04-18,2.1295596381990296,1
2023-04-19,1.9590649739603947,1
2023-04-20,1.9699778110539166,1
2023-04-21,2.091885468543464,1
2023-04-24,2.069442400452999,1
2023-04-25,1.9023261130475198,1
2023-04-26,1.7184671729304433,1
2023-04-27,1.770616827571295,1
2023-04-28,1.6751651842130006,1
2023-05-01,1.798473346563697,1
2023-05-02,1.8429695601964833,1
2023-05-03,1.6877519589615073,1
2023-05-04,1.7534964232117876,1
2023-05-05,1.7677999747706479,1
2023-05-08,1.9397861372664555,1
2023-05-09,1.7690705897929662,1
2023-05-10,1.7083561883186893,1
2023-05-11,1.737668551289453,1
2023-05-12,1.7092350945943118,1
2023-05-15,1.5438238289686608,1
2023-05-16,1.5664696228479416,1
2023-05-17,1.6652144485666955,1
2023-05-18,1.7799357810399887,1
2023-05-19,1.8450381450422102,1
2023-05-22,1.693861281612444,1
2023-05-23,1.767041087865743,1
2023-05-24,1.7158253866149216,1
2023-05-25,1.740939057298393,1
2023-05-26,1.7314652632650807,1
2023-05-30,1.9319214167571026,1
2023-05-31,1.9390482661900266,1
2023-06-01,1.9249139912137339,1
2023-06-02,1.8944652487644256,1
2023-06-05,1.9420797748347127,1
2023-06-06,1.9434045017317378,1
2023-06-07,1.9264763471750237,1
2023-06-08,1.9322599808177003,1
2023-06-09,1.9539510172556103,1
2023-06-12,2.003645927876141,1
2023-06-13,2.121037569654523,1
2023-06-14,1.9561026563192652,1
2023-06-15,1.938806696453758,1
2023-06-16,1.9659460709160692,1
2023-06-20,1.92566979355444,1
2023-06-21,1.8776690295832354,1
2023-06-22,1.9640259549653865,1
2023-06-23,1.962224468866095,1
2023-06-26,2.0268275833145792,1
2023-06-27,2.0508488233337294,1
2023-06-28,2.1292247765424492,1
2023-06-29,2.1795206547955543,1
2023-06-30,2.178713038396024,1
2023-07-03,2.2101761105717412,1
2023-07-05,2.186745638229284,1
2023-07-06,2.204568556878528,1
2023-07-07,2.1613718887373166,1
2023-07-10,2.1198245862462715,1
2023-07-11,2.137970956681028,1
2023-07-12,2.1935752483669377,1
2023-07-13,2.268049058160393,1
2023-07-14,2.4676153493862794,1
2023-07-17,2.425428681807584,1
2023-07-18,2.4074411073145794,1
2023-07-19,2.3420897101804554,1
2023-07-20,2.3673453196893153,1
2023-07-21,2.2971246475124247,1
2023-07-24,2.2048978180102745,1
2023-07-25,2.171317446731354,1
2023-07-26,2.251662238228962,1
2023-07-27,2.316743134045412,1
2023-07-28,2.2971576481734712,1
2023-07-31,2.213753130937127,1
2023-08-01,2.148450641329085,1
2023-08-02,2.106477647650515,1
2023-08-03,2.073404830830554,1
2023-08-04,2.0429838187064666,1
2023-08-07,1.9569105647119387,1
2023-08-08,1.9841779269492759,1
2023-08-09,1.9873010006610037,1
2023-08-10,2.0242894493324664,1
2023-08-11,1.882514508781113,1
2023-08-14,1.8007095057896914,1
2023-08-15,1.8861997416735157,1
2023-08-16,1.799431174132252,1
2023-08-17,1.7941634059887352,1
2023-08-18,1.767774795840572,1
2023-08-21,1.8206587343347258,1
2023-08-22,1.8624516683753074,1
2023-08-23,1.8256302000098998,1
2023-08-24,1.953140383054751,1
2023-08-25,1.8746940707962996,1
2023-08-28,1.982281142028754,1
2023-08-29,2.0222001761754207,1
2023-08-30,1.9349926708208816,1
2023-08-31,1.9861741549083942,1
2023-09-01,2.0188614684817736,1
2023-09-05,1.8631904357981468,1
2023-09-06,1.969026966317047,1
2023-09-07,1.7307154143836971,1
2023-09-08,1.7042124941495902,1
2023-09-11,1.776013512738641,1
2023-09-12,1.8730519935970933,1
2023-09-13,1.9636458946555395,1
2023-09-14,1.8920186774757173,1
2023-09-15,1.797661798203459,1
2023-09-18,1.7482738476758617,1
2023-09-19,1.6518397088633259,1
2023-09-20,1.6392924059432732,1
2023-09-21,1.643529665605215,1
2023-09-22,1.6511955352724446,1
2023-09-25,1.5069194715781367,1
2023-09-26,1.4292352860331807,1
2023-09-27,1.365081609619121,1
2023-09-28,1.3562636100219077,1
2023-09-29,1.548658629591783,1
2023-10-02,1.5169323611921453,1
2023-10-03,1.427641285941071,1
2023-10-04,1.3752921062852408,1
2023-10-05,1.2497542327130915,1
2023-10-06,1.222867124243824,1
2023-10-09,1.3481746627442859,1
2023-10-10,1.3223651672183019,1
2023-10-11,1.2866715285639814,1
2023-10-12,1.233041320983069,1
2023-10-13,1.1994728142360165,1
2023-10-16,0.9590734488265461,1
2023-10-17,1.2860209690534343,1
2023-10-18,1.2086551985130107,1
2023-10-19,1.3822965942873517,1
2023-10-20,1.1613680436745528,1
2023-10-23,1.0366019240374604,1
2023-10-24,1.071911987096697,1
2023-10-25,1.225744989770042,1
2023-10-26,1.0847473436882409,1
2023-10-27,1.0858995956440496,1
2023-10-30,1.0654235241681178,1
2023-10-31,1.0822191372397048,1
2023-11-01,1.0333505178604847,1
2023-11-02,1.0352847830880305,1
2023-11-03,1.1586701630336527,1
2023-11-06,1.5198974754954044,1
2023-11-07,1.5749447256941174,1
2023-11-08,1.6331600788726364,1
2023-11-09,1.7191987359483936,1
2023-11-10,1.673570758165845,1
2023-11-13,1.925644263154988,1
2023-11-14,2.1533254082747297,1
2023-11-15,2.166524828210624,1
2023-11-16,2.033376445646047,1
2023-11-17,2.141479909807727,1
2023-11-20,2.298005989541068,1
2023-11-21,2.1907386274348286,1
2023-11-22,2.276704337181452,1
2023-11-24,2.2830751647116205,1
2023-11-27,2.2114704316741127,1
2023-11-28,2.1968184464334017,1
2023-11-29,2.2418007758797747,1
2023-11-30,2.2430191730582747,1
2023-12-01,2.2343992223069296,1
2023-12-04,2.0431964599476133,1
2023-12-05,2.127848920906943,1
2023-12-06,2.1608016896973083,1
2023-12-07,2.169164645025912,1
2023-12-08,2.358715964786103,1
2023-12-11,2.3895252270308123,1
2023-12-12,2.391144073866864,1
2023-12-13,2.42190457953193,1
2023-12-14,2.334886937893668,1
2023-12-15,2.3830097284602862,1
2023-12-18,2.530274199322102,1
2023-12-19,2.572437104950833,1
2023-12-20,2.5771492000676672,1
2023-12-21,2.6108105407612903,1
2023-12-22,2.654787923178626,1
2023-12-26,2.6500538528469844,1
2023-12-27,2.647620877856381,1
2023-12-28,2.665404472468353,1
2023-12-29,2.5902897326106187,1
2024-01-02,2.59396759427692,1
2024-01-03,2.5763818682997908,1
2024-01-04,2.635082891109099,1
2024-01-05,2.599069458077536,1
2024-01-08,2.5921749972299697,1
2024-01-09,2.644971688507959,1
2024-01-10,2.906079470363981,1
2024-01-11,2.9309582428152785,1
2024-01-12,2.9249727554628038,1
2024-01-16,2.807899763311438,1
2024-01-17,2.8164144344793667,1
2024-01-18,2.8524010842377376,1
2024-01-19,2.8913451636492296,1
2024-01-22,3.196997943212728,1
2024-01-23,3.189959107051527,1
2024-01-24,3.078552180971831,1
2024-01-25,3.0023978954915878,1
2024-01-26,3.072486657442414,1
2024-01-29,2.9807261977308896,1
2024-01-30,2.999941038967934,1
2024-01-31,2.9922797979352334,1
2024-02-01,3.067808250961716,1
2024-02-02,2.9973152860283356,1
2024-02-05,2.9243266013376097,1
2024-02-06,2.9836324585827314,1
2024-02-07,2.992147395829168,1
2024-02-08,3.035732095690135,1
2024-02-09,2.9203125596123987,1
2024-02-12,2.9373693967679047,1
2024-02-13,3.200597293738259,1
2024-02-14,3.1982430497976573,1
2024-02-15,3.1860577064024045,1
2024-02-16,3.1144168604385727,1
2024-02-20,3.1024655086749777,1
2024-02-21,3.203932629822304,1
2024-02-22,3.2853731826419232,1
2024-02-23,3.2908306270483547,1
2024-02-26,3.317763784643682,1
2024-02-27,3.2511399173978237,1
2024-02-28,3.278357251208374,1
2024-02-29,3.2796451607243227,1
2024-03-01,3.2921506275068904,1
2024-03-04,3.2932895779230615,1
2024-03-05,3.353379063857825,1
2024-03-06,3.4173898213134275,1
2024-03-07,3.412985840781413,1
2024-03-08,3.3951077940503005,1
2024-03-11,3.3572207259374056,1
2024-03-12,3.3189349028256614,1
2024-03-13,3.2574392797351903,1
2024-03-14,3.1652212524357863,1
2024-03-15,3.082933153213338,1
2024-03-18,3.1616710785984266,1
2024-03-19,2.8709120794681295,1
2024-03-20,3.0187514948669314,1
2024-03-21,3.028287132476758,1
2024-03-22,2.948796690567126,1
2024-03-25,2.9015391620265425,1
2024-03-26,2.9648910611161337,1
2024-03-27,2.9266692062492408,1
2024-03-28,3.060277596107512,1
2024-04-01,2.989345537249609,1
2024-04-02,2.797621418839758,1
2024-04-03,2.7687717134278134,1
2024-04-04,2.7598272245953255,1
2024-04-05,2.6577949300687242,1
2024-04-08,2.86481506692785,1
2024-04-09,3.0526864617611893,1
2024-04-10,3.008930416080377,1
2024-04-11,2.892348155442199,1
2024-04-12,2.895512500776866,1
2024-04-15,3.034460383686703,1
2024-04-16,2.8831642867801572,1
2024-04-17,2.9599700849952093,1
2024-04-18,2.7249957077565123,1
2024-04-19,2.7518952773849668,1
2024-04-22,2.635812605526627,1
2024-04-23,2.6920189786864253,1
2024-04-24,2.8323623165428375,1
2024-04-25,2.6983496016123976,1
2024-04-26,2.8180938568902696,1
2024-04-29,2.9040821584030785,1
2024-04-30,2.8635186333989195,1
2024-05-01,2.729567145006276,1
2024-05-02,2.7156376487246496,1
2024-05-03,2.910664045423233,1
2024-05-06,3.0004341818075044,1
2024-05-07,3.076289027109625,1
2024-05-08,2.8433908233436287,1
2024-05-09,2.945744606949254,1
2024-05-10,2.9357311685309546,1
2024-05-13,2.9449914065028238,1
2024-05-14,2.911928949793239,1
2024-05-15,3.0669989764606456,1
2024-05-16,3.0912030961767107,1
2024-05-17,3.021124695684224,1
2024-05-20,2.9100419327258162,1
2024-05-21,2.7859988987701088,1
2024-05-22,2.8401912215812493,1
2024-05-23,2.8601081533672446,1
2024-05-24,2.743026561264217,1
2024-05-28,2.7641337907249994,1
2024-05-29,2.701392309376659,1
2024-05-30,2.517743660918755,1
2024-05-31,2.465260823685491,1
2024-06-03,2.4852632734757463,1
2024-06-04,2.43702433660857,1
2024-06-05,2.5074058082492474,1
2024-06-06,2.6151226565137833,1
2024-06-07,2.605330602600785,1
2024-06-10,2.568247517402432,1
2024-06-11,2.5816013265526228,1
2024-06-12,2.5972077014436454,1
2024-06-13,2.4463265791167026,1
2024-06-14,2.447937003394848,1
2024-06-17,2.454015640159469,1
2024-06-18,2.447306124981549,1
2024-06-20,2.4521231320593695,1
2024-06-21,2.4593490672546623,1
2024-06-24,2.4600833906088178,1
2024-06-25,2.4484569016975306,1
2024-06-26,2.4762511407513714,1
2024-06-27,2.5314918387141003,1
2024-06-28,2.4650730800226075,1
2024-07-01,2.3732148779289335,1
2024-07-02,2.288392253079022,1
2024-07-03,2.328616797812882,1
2024-07-05,2.3943992428511898,1
2024-07-08,2.4100768593962187,1
2024-07-09,2.3811638151110888,1
2024-07-10,2.3998338541251583,1
2024-07-11,2.331864418964716,1
2024-07-12,2.231642859754809,1
2024-07-15,2.1676996305825402,1
2024-07-16,2.1025498668970055,1
2024-07-17,2.0481063665192423,1
2024-07-18,2.027582785143202,1
2024-07-19,1.9538831288333443,1
2024-07-22,1.9488663987710118,1
2024-07-23,1.9569615748822156,1
2024-07-24,1.8628220738641532,1
2024-07-25,1.5466396366728237,1
2024-07-26,1.548742872975376,1
2024-07-29,1.5762043731197897,1
2024-07-30,1.5629873592275283,1
2024-07-31,1.5599944660229896,1
2024-08-01,1.6062265682251584,1
2024-08-02,0.9545056574973521,1
2024-08-05,0.6216671034771798,1
2024-08-06,0.8038258752594639,1
2024-08-07,0.9091798367839397,1
2024-08-08,0.831172736389797,1
2024-08-09,0.9224073823865333,1
2024-08-12,1.011277884318386,1
2024-08-13,1.1900780915849591,1
2024-08-14,1.378340220068943,1
2024-08-15,1.3824099464530906,1
2024-08-16,1.5046767791262088,1
2024-08-19,1.5565810478938285,1
2024-08-20,1.6768689281571998,1
2024-08-21,1.6311543347004782,1
2024-08-22,1.6507643002135786,1
2024-08-23,1.5583756726995044,1
2024-08-26,1.5063171996424067,1
2024-08-27,1.4867189084343457,1
2024-08-28,1.459166977005661,1
2024-08-29,1.429450161874756,1
2024-08-30,1.4206891646778603,1
2024-09-03,1.3591215311813736,1
2024-09-04,1.1342208712091226,1
2024-09-05,1.193209458164714,1
2024-09-06,1.1871679595198956,1
2024-09-09,1.2414103847614846,1
2024-09-10,1.2470063298042964,1
2024-09-11,1.2740592579277799,1
2024-09-12,1.4014249843981603,1
2024-09-13,1.4598244845584583,1
2024-09-16,1.4354233799179574,1
2024-09-17,1.4970880876780541,1
2024-09-18,1.5113838370219201,1
2024-09-19,1.614623847892751,1
2024-09-20,1.5900545976782927,1
2024-09-23,1.643935002227929,1
2024-09-24,1.6872514386464992,1
2024-09-25,1.7094919947443123,1
2024-09-26,1.8450192277588071,1
2024-09-27,1.8439500538519071,1
2024-09-30,1.7712296883401306,1
2024-10-01,1.6429563404584426,1
2024-10-02,1.5771781062675907,1
2024-10-03,1.5868754752730005,1
2024-10-04,1.7066185300984282,1
2024-10-07,1.6247175604301656,1
2024-10-08,1.6601897393072524,1
2024-10-09,1.62092285183806,1
2024-10-10,1.5545412670969374,1
2024-10-11,1.4905570929453054,1
2024-10-14,1.543143037476805,1
2024-10-15,1.5901889392441872,1
2024-10-16,1.5265905609416057,1
2024-10-17,1.618960987204158,1
2024-10-18,1.6063433226390247,1
2024-10-21,1.5853486546577686,1
2024-10-22,1.675902964678217,1
2024-10-23,1.80778275010337,1
2024-10-24,1.744315794216453,1
2024-10-25,1.792854319224255,1
2024-10-28,1.9452731934060505,1
2024-10-29,1.9347504362456855,1
2024-10-30,1.9651304429296028,1
2024-10-31,1.8663084188111128,1
2024-11-01,1.8166715053937204,1
2024-11-04,1.777009263089063,1
2024-11-05,1.7045906725271887,1
2024-11-06,1.7640516140762894,1
2024-11-07,1.8542964131895914,1
2024-11-08,1.816900942451992,1
2024-11-11,1.7822796497488136,1
2024-11-12,1.7607121550602094,1
2024-11-13,1.6293229213385974,1
2024-11-14,1.525536327238268,1
2024-11-15,1.3542287658286278,1
2024-11-18,1.3077949628984855,1
2024-11-19,1.3136530241707827,1
2024-11-20,1.32029518466147,1
2024-11-21,1.3423290549313844,1
2024-11-22,1.3443983858070052,1
2024-11-25,1.4130505670474176,1
2024-11-26,1.4206050825880108,1
2024-11-27,1.3955382990121206,1
2024-11-29,1.3583395892505947,1
2024-12-02,1.4093585865617202,1
2024-12-03,1.4764432407784704,1
2024-12-04,1.5536329097636083,1
2024-12-05,1.567190109472342,1
2024-12-06,1.498248590681424,1
2024-12-09,1.5429270513059896,1
2024-12-10,1.5008564322764404,1
2024-12-11,1.4562511875600168,1
2024-12-12,1.450017154101524,1
2024-12-13,1.448814467349088,1
2024-12-16,1.4661556709185506,1
2024-12-17,1.4802884008136241,1
2024-12-18,1.475618612196583,1
2024-12-19,1.4087762926255585,1
2024-12-20,1.3608862551195826,1
2024-12-23,1.3609381447118654,1
2024-12-24,1.3477662024169148,1
2024-12-26,1.360339820225886,1
2024-12-27,1.3463295372440145,1
2024-12-30,1.301696701577108,1
2024-12-31,1.3065717640680943,1
2025-01-02,1.2909524427231405,1
2025-01-03,1.32283109837806,1
2025-01-06,1.4275044623489648,1
2025-01-07,1.4317450792046824,1
2025-01-08,1.3212883236285322,1
2025-01-10,1.2290601667313001,1
2025-01-13,1.135356303324872,1
2025-01-14,1.1424651023378376,1
2025-01-15,1.177039737133046,1
2025-01-16,1.277458066829236,1
2025-01-17,1.3271903063957542,1
2025-01-21,1.262387817903839,1
2025-01-22,1.2356815686504665,1
2025-01-23,1.0577418088693302,1
2025-01-24,1.1190983283413862,1
2025-01-27,0.7818173635910148,1
2025-01-28,0.7603799611890544,1
2025-01-29,0.7919763497362453,1
2025-01-30,0.8060757239713847,1
2025-01-31,0.8275527399216634,1
2025-02-03,0.7573320256406183,1
2025-02-04,0.7828042261816968,1
2025-02-05,0.7709700358041472,1
2025-02-06,0.6711529248535918,1
2025-02-07,0.7080305100675474,1
2025-02-10,0.6568337948848545,1
2025-02-11,0.5982325321768581,1
2025-02-12,0.5499754041251316,1
2025-02-13,0.6238868697822726,1
2025-02-14,0.7294801591938606,1
2025-02-18,0.7556373896610363,1
2025-02-19,0.7520713058477319,1
2025-02-20,0.7822434023313826,1
2025-02-21,0.8037263474738435,1
2025-02-24,0.7094653341052959,1
2025-02-25,0.6403686663341357,1
2025-02-26,0.5874642361655267,1
2025-02-27,0.6127204821883675,1
2025-02-28,0.4223094419174029,1
2025-03-03,0.4495737691387181,1
2025-03-04,0.27301808920860815,1
2025-03-05,0.2655943014653585,1
2025-03-06,0.20664072984918058,1
2025-03-07,0.21097782411235494,1
2025-03-10,0.2135140813779672,1
2025-03-11,0.16748116268842714,1
2025-03-12,0.20024308931310453,1
2025-03-13,0.21353969901292622,1
2025-03-14,0.19975385683488983,1
2025-03-17,0.22583075139271516,1
2025-03-18,0.25107261022710003,1
2025-03-19,0.32810817167698375,1
2025-03-20,0.2547059922903554,1
2025-03-21,0.328982363174441,1
2025-03-24,0.23916600747846867,1
2025-03-25,0.12259800067261081,1
2025-03-26,0.15394276681245306,1
2025-03-27,0.07062500763991429,1
2025-03-28,0.057204158460181134,1
2025-03-31,0.18264073752559348,1
2025-04-01,0.1536119341846604,1
2025-04-02,0.1596928986785101,1
2025-04-03,0.19017649725017235,1
2025-04-04,0.24141998627465178,1
2025-04-07,0.0708549469619394,1
2025-04-08,0.4659834355143844,1
2025-04-09,0.21341332989052594,1
2025-04-10,0.5026729293004947,1
2025-04-11,0.49773750706965747,1
2025-04-14,0.46253885846617343,1
2025-04-15,0.4893203278647404,1
2025-04-16,0.4981449311939541,1
2025-04-17,0.5560997293945271,1
2025-04-21,0.5577261633496972,1
2025-04-22,0.6469545315051938,1
2025-04-23,0.6347072178400303,1
2025-04-24,0.7126146758664657,1
2025-04-25,0.6114750557394842,1
2025-04-28,0.5590025663559124,1
2025-04-29,0.6144244013864348,1
2025-04-30,0.5217430705119527,1
2025-05-01,0.5300044387054708,1
2025-05-02,0.5464386601471146,1
2025-05-05,0.5633852425107426,1
2025-05-06,0.5225640243546199,1
2025-05-07,0.44841868484669223,1
2025-05-08,0.4642725705242951,1
2025-05-09,0.42843775817791185,1
2025-05-12,0.6295722939811556,1
2025-05-13,0.6077005771871661,1
2025-05-14,0.6763768017800249,1
2025-05-15,0.6546488952208712,1
2025-05-16,0.6848236584248146,1
2025-05-19,0.5732099887029648,1
2025-05-20,0.5074587667331346,1
2025-05-21,0.5115716260660921,1
2025-05-22,0.5057189296127735,1
2025-05-23,0.38588941884609734,1
2025-05-27,0.45962119562820264,1
2025-05-28,0.5036380782679778,1
2025-05-29,0.6115759902933416,1
2025-05-30,0.4743629498436724,1
2025-06-02,0.4509302948503502,1
2025-06-03,0.5200252918971044,1
2025-06-04,0.6283507506151844,1
2025-06-05,0.6579831028769914,1
2025-06-06,0.6876219700466051,1
2025-06-09,0.6557164226603653,1
2025-06-10,0.6180129215649993,1
2025-06-11,0.6600611725988185,1
2025-06-12,0.6696843742721211,1
2025-06-13,0.6177012164689216,1
2025-06-16,0.5955108509462952,1
2025-06-17,0.6209566272313927,1
2025-06-18,0.6118023086723143,1
2025-06-20,0.6327621686770152,1
2025-06-23,0.581804553986423,1
2025-06-24,0.6744674214308359,1
2025-06-25,0.7401733845458832,1
2025-06-26,0.7580149845813311,1
2025-06-27,0.7745861668110263,1
2025-06-30,0.7707199398550532,1
2025-07-01,0.7674265198865362,1
2025-07-02,0.7595616578846687,1
2025-07-03,0.7887782139693752,1
2025-07-07,0.8009986064764808,1
2025-07-08,0.732022771877892,1
2025-07-09,0.7367514201429405,1
2025-07-10,0.7502628987729447,1
2025-07-11,0.7406430254387567,1
2025-07-14,0.7415240634879536,1
2025-07-15,0.7694934137559076,1
2025-07-16,0.7332948830012762,1
2025-07-17,0.7266703442461087,1
2025-07-18,0.7362437747083106,1
2025-07-21,0.7651875233228824,1
2025-07-22,0.7830112687110693,1
2025-07-23,0.8219961140508579,1
2025-07-24,0.8318558581197742,1
2025-07-25,0.8286754182384028,1
2025-07-28,0.9024472438568826,1
2025-07-29,1.0624364212978008,1
2025-07-30,1.0593718533351892,1
2025-07-31,1.0228871273755604,1
2025-08-01,1.044163504391028,1
2025-08-04,1.0535351892339948,1
2025-08-05,1.0777708984407521,1
2025-08-06,1.4387050589285857,1
2025-08-07,1.8375458159167002,1
2025-08-08,1.6752300919338385,1
2025-08-11,1.6232503495201622,1
2025-08-12,1.726376895971684,1
2025-08-13,1.7332689187662353,1
2025-08-14,1.6512440077615276,1
2025-08-15,1.5942097406884255,1
2025-08-18,1.4168878039855057,1
2025-08-19,1.3521094101289102,1
2025-08-20,1.2253053576344393,1
2025-08-21,1.1802194540458564,1
2025-08-22,1.1079665503499614,1
2025-08-25,1.1625023435508077,1
2025-08-26,1.1093082608399443,1
2025-08-27,1.2050710529292281,1
2025-08-28,1.2137739229068467,1
2025-08-29,1.3024431331889503,1
2025-09-02,1.2059763751827421,1
2025-09-03,1.2725002769447682,1
2025-09-04,1.2468016785816898,1
2025-09-05,1.3206418743538906,1
2025-09-08,1.4501764579826943,1
2025-09-09,1.4586703919666983,1
2025-09-10,1.4781106956083214,1
2025-09-11,1.5742131907250347,1
2025-09-12,1.5685602798319884,1
2025-09-15,1.5419897403799698,1
2025-09-16,1.4527581434843164,1
2025-09-17,1.4024011651787383,1
2025-09-18,1.4324084104658594,1
2025-09-19,1.3918498222817113,1
2025-09-22,1.4157125250777247,1
2025-09-23,1.317812661661172,1
2025-09-24,1.3352274648654952,1
2025-09-25,1.3238105684177666,1
2025-09-26,1.2876647746139662,1
2025-09-29,1.3219422643823133,1
2025-09-30,1.17501430100748,1
2025-10-01,1.1931785845923912,1
2025-10-02,1.3675080813289793,1
2025-10-03,1.3532197077204533,1
2025-10-06,1.4315309956174795,1
2025-10-07,1.4326049861269499,1
2025-10-08,1.3309915952662912,1
2025-10-09,1.361534912167355,1
2025-10-10,1.353871070514281,1
2025-10-13,1.2912529728855306,1
2025-10-14,1.261632183843581,1
2025-10-15,1.3423258769466355,1
2025-10-16,1.2704034848950214,1
2025-10-17,1.2079887398369438,1
2025-10-20,1.3965041311921496,1
2025-10-21,1.3528260899270106,1
2025-10-22,1.3508024766992959,1
2025-10-23,1.33946268326947,1
2025-10-24,1.4671080690275375,1
2025-10-27,1.527364072694228,1
2025-10-28,1.5713358847423116,1
2025-10-29,1.5973100676499596,1
2025-10-30,1.5677755736758192,1
2025-10-31,1.5771988441346834,1
2025-11-03,1.5815158501169038,1
2025-11-04,1.5584968261736007,1
2025-11-05,1.5988153997263805,1
2025-11-06,1.654739463728809,1
2025-11-07,1.4930218860004154,1
2025-11-10,1.4516706842200342,1
2025-11-11,1.3440815952334402,1
2025-11-12,1.3542758312877607,1
2025-11-13,1.3331644974932346,1
2025-11-14,1.2935499943029471,1
2025-11-17,1.3492778543765354,1
2025-11-18,1.2866703021493708,1
2025-11-19,1.3573266845287308,1
2025-11-20,1.5411760310815366,1
2025-11-21,1.2103266473485492,1
2025-11-24,1.2633640303867932,1
2025-11-25,1.2908838779089433,1
2025-11-26,1.403149902661527,1
2025-11-28,1.3891838645897328,1
2025-12-01,1.3718863703603594,1
2025-12-02,1.4217094216984607,1
2025-12-03,1.4454819580470655,1
2025-12-04,1.427946425412754,1
2025-12-05,1.4024603999487684,1
2025-12-08,1.3464229606896714,1
2025-12-09,1.314742113663421,1
2025-12-10,1.3336829939115513,1
2025-12-11,1.3274447909270473,1
2025-12-12,1.3067473192556303,1
2025-12-15,1.2869457582017456,1
2025-12-16,1.2535044715459018,1
2025-12-17,1.2464447054022871,1
2025-12-18,1.2193280653861687,1
2025-12-19,1.207959953275863,1
2025-12-22,1.2341350903169255,1
2025-12-23,1.2811674994571887,1
2025-12-24,1.3357483154473795,1
2025-12-26,1.3446460305604713,1
2025-12-29,1.2948033786677515,1
2025-12-30,1.2906421989795929,1
2025-12-31,1.2962048630090235,1
2026-01-02,1.3431957769663567,1
2026-01-05,1.3576362433984908,1
2026-01-06,1.3713642062209428,1
2026-01-07,1.3835582997629718,1
2026-01-08,1.3331219246741366,1
2026-01-09,1.3132850529728874,1
2026-01-12,1.3806961744561894,1
2026-01-13,1.4248035613244139,1
2026-01-14,1.461864009339431,1
2026-01-15,1.4622701269905911,1
2026-01-16,1.4160174196970159,1
2026-01-20,1.319149391781006,1
2026-01-21,1.2788091086070552,1
2026-01-22,1.2899762137191584,1
2026-01-23,1.2377388686286521,1
2026-01-26,1.2754427415063117,1
2026-01-27,1.2443971567136678,1
2026-01-28,1.6188370099272078,1
2026-01-29,1.634494351934094,1
2026-01-30,1.6010040548781734,1
2026-02-02,1.5951069120364716,1
2026-02-03,1.5967698684380947,1
2026-02-04,1.5823077439678934,1
2026-02-05,1.470445067960822,1
2026-02-06,1.4971031024967676,1
2026-02-09,1.5232835389153645,1
2026-02-10,1.5419771858553601,1
2026-02-11,1.6074751139360677,1
2026-02-12,1.630900123029634,1
2026-02-13,1.5788449253288808,1
2026-02-17,1.4851421784875285,1
2026-02-18,1.463424488902729,1
2026-02-19,1.4142066667630568,1
2026-02-20,1.3854325777515295,1
2026-02-23,1.3657070674390108,1
2026-02-24,1.370844482481432,1
2026-02-25,1.5127275337961006,1
2026-02-26,1.5594571312840666,1
2026-02-27,1.5620802193985128,1
2026-03-02,1.5351075187927377,1
2026-03-03,1.7318628264933742,1
2026-03-04,1.7371377651637538,1
2026-03-05,1.9193670461829326,1
2026-03-06,1.8864659373590567,1
2026-03-09,1.8940699804800145,1
2026-03-10,1.9063079898240127,1
2026-03-11,1.9308911983776493,1
2026-03-12,1.9392495554942313,1
2026-03-13,1.8758982989012511,1
2026-03-16,1.9022997263154502,1
2026-03-17,1.9030331086421348,1
2026-03-18,1.8624889458209233,1
2026-03-19,1.8780352604313126,1
2026-03-20,1.8650497671539616,1
2026-03-23,1.8504856261749147,1
2026-03-24,1.8662517156536196,1
2026-03-25,1.89255815455623,1
2026-03-26,1.929853110822496,1
2026-03-27,1.9813781333635567,1
2026-03-30,2.125544281408925,1
2026-03-31,2.088083662687809,1
2026-04-01,2.125797737377879,1
2026-04-02,2.1922278469563894,1
2026-04-06,2.1328414012473593,1
2026-04-07,2.1408235885533635,1
2026-04-08,2.014644295253768,1
2026-04-09,2.1847501090772985,1
2026-04-10,2.037920142263867,1
2026-04-13,2.449964835894931,1
2026-04-14,2.3728704111768835,1
2026-04-15,2.4728046603735714,1
2026-04-16,2.571502873990722,1
2026-04-17,2.529965695238118,1
2026-04-20,2.5208023912902946,1
2026-04-21,2.4991021579509316,1
2026-04-22,2.458817959301353,1
2026-04-23,2.4667805155872853,1
2026-04-24,2.5768548904600443,1
2026-04-27,2.5719288190163208,1
2026-04-28,2.67543465467714,1
2026-04-29,2.602398883892037,1
2026-04-30,2.7110920603295963,1
2026-05-01,2.730462616518184,1
2026-05-04,2.631824957203728,1
2026-05-05,2.6163676751788985,1
2026-05-06,2.636642179432027,1
2026-05-07,2.708814741786292,1
2026-05-08,2.6775032258326337,1
2026-05-11,2.5943994318372208,1
2026-05-12,2.5712401732364025,1
2026-05-13,2.4008925451355485,1
2026-05-14,2.370067540571641,1
2026-05-15,2.233781872249276,1
2026-05-18,2.236578817360975,1
2026-05-19,2.08353129152099,1
2026-05-20,2.2585859283792025,1
2026-05-21,2.346016312269518,1
2026-05-22,2.432200363344273,1
2026-05-26,2.5264576075377323,1
2026-05-27,2.820493021337702,1
2026-05-28,2.671028701041058,1
2026-05-29,2.5784274574617276,1
2026-06-01,2.5023342565753066,1
2026-06-02,2.674955169561917,1
2026-06-03,2.7574623644046667,1
2026-06-04,2.6539253025535974,1
2026-06-05,2.5287194373685296,1
2026-06-08,2.466159420791974,1
2026-06-09,2.5745976386865785,1
2026-06-10,2.1846729855613303,1
2026-06-11,2.1271489695566856,1
2026-06-12,2.258245229230326,1
2026-06-15,2.4771914309815433,1
2026-06-16,2.529905984370517,1
2026-06-17,2.3835398896460194,1
2026-06-18,2.3808380975431738,1
2026-06-22,2.5171837357150553,1
2026-06-23,2.049948794065377,1
2026-06-24,2.118858643488628,1
2026-06-25,2.138334246142971,1
2026-06-26,1.7847909894410086,1
2026-06-29,1.7443897875037957,1
2026-06-30,1.839998879950601,1
2026-07-01,1.8170184227122492,1
2026-07-02,1.7267672171215906,1
2026-07-06,1.613513573727432,1
2026-07-07,1.4929296884613614,1
2026-07-08,1.4403397377630478,1
2026-07-09,1.5660827777713209,1
2026-07-10,1.4566437470817437,1
2026-07-13,1.3876087197289404,1
2026-07-14,1.466807040148522,1
2026-07-15,1.471071813499021,1
2026-07-16,1.1995163299944893,1
2026-07-17,1.1069523941179351,1
2026-07-20,1.1797730548133136,1
2026-07-21,1.2200301457222307,1
2026-07-22,1.1583877179081625,1
2026-07-23,1.1465180337787324,1
2026-07-24,1.140800924639996,1
2026-07-27,1.1181576740967956,1
2026-07-28,1.0849239202301135,1
2026-07-29,1.076127385979281,1
2026-07-30,1.071638311082803,1
2026-07-31,1.206924604729487,1
2026-08-03,1.020751033804954,1
2026-08-04,1.225366990536317,1
2026-08-05,1.2818845115728534,1
2026-08-06,1.1106718566263916,1
2026-08-07,1.2958487755275885,1
2026-08-10,1.216259459519175,1
2026-08-11,1.2056744632690277,1
2026-08-12,1.2371398843925163,1
2026-08-13,1.2262735786384662,1
2026-08-14,1.168132778848219,1
