table,basis,axis,axis_value,sleeve,terminal,count,is_canonical_value,classification,n_values,n_terminals_switching_reachability,n_order_of_magnitude_movers,terminals_switching,canonical_value,counts_by_value,dead_at,live_at,min_nonzero,max_count,ratio,n_axis_values_dead,canonical_count,member_count,is_unanimity,note
positive_control,session_13_5_basis,oversold,20,,_t11_bond_baller:L204,0,,,,,,,,,,,,,,,,,,"synthetic panel, full window from warm-up, as scripts/s13_5_diagnostics.py line 374 measured it"
positive_control,session_13_5_basis,oversold,20,,_t11_feaver_bear:L233,0,,,,,,,,,,,,,,,,,,"synthetic panel, full window from warm-up, as scripts/s13_5_diagnostics.py line 374 measured it"
positive_control,session_13_5_basis,oversold,25,,_t11_bond_baller:L204,0,,,,,,,,,,,,,,,,,,"synthetic panel, full window from warm-up, as scripts/s13_5_diagnostics.py line 374 measured it"
positive_control,session_13_5_basis,oversold,25,,_t11_feaver_bear:L233,0,,,,,,,,,,,,,,,,,,"synthetic panel, full window from warm-up, as scripts/s13_5_diagnostics.py line 374 measured it"
positive_control,session_13_5_basis,oversold,30,,_t11_bond_baller:L204,0,,,,,,,,,,,,,,,,,,"synthetic panel, full window from warm-up, as scripts/s13_5_diagnostics.py line 374 measured it"
positive_control,session_13_5_basis,oversold,30,,_t11_feaver_bear:L233,0,,,,,,,,,,,,,,,,,,"synthetic panel, full window from warm-up, as scripts/s13_5_diagnostics.py line 374 measured it"
positive_control,session_13_5_basis,oversold,35,,_t11_bond_baller:L204,1,,,,,,,,,,,,,,,,,,"synthetic panel, full window from warm-up, as scripts/s13_5_diagnostics.py line 374 measured it"
positive_control,session_13_5_basis,oversold,35,,_t11_feaver_bear:L233,23,,,,,,,,,,,,,,,,,,"synthetic panel, full window from warm-up, as scripts/s13_5_diagnostics.py line 374 measured it"
positive_control,session_13_5_basis,oversold,40,,_t11_bond_baller:L204,10,,,,,,,,,,,,,,,,,,"synthetic panel, full window from warm-up, as scripts/s13_5_diagnostics.py line 374 measured it"
positive_control,session_13_5_basis,oversold,40,,_t11_feaver_bear:L233,113,,,,,,,,,,,,,,,,,,"synthetic panel, full window from warm-up, as scripts/s13_5_diagnostics.py line 374 measured it"
positive_control,session_18_basis,oversold,20,,_t11_bond_baller:L204,0,,,,,,,,,,,,,,,,,,"realized panel, primary window from 2011-10-04, the panel and window of the designated cell 4.1b"
positive_control,session_18_basis,oversold,20,,_t11_feaver_bear:L233,0,,,,,,,,,,,,,,,,,,"realized panel, primary window from 2011-10-04, the panel and window of the designated cell 4.1b"
positive_control,session_18_basis,oversold,25,,_t11_bond_baller:L204,0,,,,,,,,,,,,,,,,,,"realized panel, primary window from 2011-10-04, the panel and window of the designated cell 4.1b"
positive_control,session_18_basis,oversold,25,,_t11_feaver_bear:L233,0,,,,,,,,,,,,,,,,,,"realized panel, primary window from 2011-10-04, the panel and window of the designated cell 4.1b"
positive_control,session_18_basis,oversold,30,,_t11_bond_baller:L204,0,,,,,,,,,,,,,,,,,,"realized panel, primary window from 2011-10-04, the panel and window of the designated cell 4.1b"
positive_control,session_18_basis,oversold,30,,_t11_feaver_bear:L233,0,,,,,,,,,,,,,,,,,,"realized panel, primary window from 2011-10-04, the panel and window of the designated cell 4.1b"
positive_control,session_18_basis,oversold,35,,_t11_bond_baller:L204,0,,,,,,,,,,,,,,,,,,"realized panel, primary window from 2011-10-04, the panel and window of the designated cell 4.1b"
positive_control,session_18_basis,oversold,35,,_t11_feaver_bear:L233,3,,,,,,,,,,,,,,,,,,"realized panel, primary window from 2011-10-04, the panel and window of the designated cell 4.1b"
positive_control,session_18_basis,oversold,40,,_t11_bond_baller:L204,0,,,,,,,,,,,,,,,,,,"realized panel, primary window from 2011-10-04, the panel and window of the designated cell 4.1b"
positive_control,session_18_basis,oversold,40,,_t11_feaver_bear:L233,39,,,,,,,,,,,,,,,,,,"realized panel, primary window from 2011-10-04, the panel and window of the designated cell 4.1b"
positive_control,verdict,,,,,1,,,,,,,,,,,,,,,,,,"reproduces session 13.5 exactly on that session's own basis; the session 18 prompt named the primary window, on which the figures differ because session 13.5 measured the synthetic panel over the full window from warm-up"
census,,sma_long,50,S2,"s2_weights:L288 return {""UVXY"": 1.0}",321,0,,,,,,,,,,,,,,,,,
census,,sma_long,50,S2,"s2_weights:L289 return {""TQQQ"": 1.0}",1469,0,,,,,,,,,,,,,,,,,
census,,sma_long,50,S2,"s2_weights:L293 return {""TECL"": 1.0}",28,0,,,,,,,,,,,,,,,,,
census,,sma_long,50,S2,"s2_weights:L295 return {""SOXL"": 1.0}",26,0,,,,,,,,,,,,,,,,,
census,,sma_long,50,S2,"s2_weights:L300 return {""SQQQ"": 1.0}",222,0,,,,,,,,,,,,,,,,,
census,,sma_long,50,S2,"s2_weights:L301 return {""BSV"": 1.0}",266,0,,,,,,,,,,,,,,,,,
census,,sma_long,50,S2,"s2_weights:L303 return {""TQQQ"": 1.0}",140,0,,,,,,,,,,,,,,,,,
census,,sma_long,50,S3,s3_weights:L325 return {vol: 1.0},513,0,,,,,,,,,,,,,,,,,
census,,sma_long,50,S3,"s3_weights:L326 return {""TQQQ"": 0.5, ""SOXL"": 0.5}",1185,0,,,,,,,,,,,,,,,,,
census,,sma_long,50,S3,"s3_weights:L330 return {""SOXL"": 1.0}",43,0,,,,,,,,,,,,,,,,,
census,,sma_long,50,S3,s3_weights:L332 return {}  # cash,731,0,,,,,,,,,,,,,,,,,
census,,sma_long,50,T10,"t10_weights:L170 return {""UVXY"": 1.0}",756,0,,,,,,,,,,,,,,,,,
census,,sma_long,50,T10,"t10_weights:L174 return {""TECL"": 1.0}",28,0,,,,,,,,,,,,,,,,,
census,,sma_long,50,T10,"t10_weights:L176 return {""SOXL"": 1.0}",27,0,,,,,,,,,,,,,,,,,
census,,sma_long,50,T10,"t10_weights:L178 return {""SPXL"": 1.0}",13,0,,,,,,,,,,,,,,,,,
census,,sma_long,50,T10,"t10_weights:L180 return {""LABU"": 1.0}",22,0,,,,,,,,,,,,,,,,,
census,,sma_long,50,T10,"t10_weights:L189 return {""TECL"": 1 / 3, ""SOXL"": 1 / 3, vol_short: 1 / 3}",1114,0,,,,,,,,,,,,,,,,,
census,,sma_long,50,T10,"t10_weights:L190 return {""SQQQ"": 0.5, ""TLT"": 0.5}",512,0,,,,,,,,,,,,,,,,,
census,,sma_long,50,T11,"_t11_bond_baller:L201 return ""QQQ""",321,0,,,,,,,,,,,,,,,,,
census,,sma_long,50,T11,"_t11_bond_baller:L206 return ""TQQQ""",2,0,,,,,,,,,,,,,,,,,
census,,sma_long,50,T11,"_t11_bond_baller:L207 return ""PSQ""",30,0,,,,,,,,,,,,,,,,,
census,,sma_long,50,T11,"_t11_bond_baller:L209 return ""PSQ""",22,0,,,,,,,,,,,,,,,,,
census,,sma_long,50,T11,"_t11_bond_baller:L210 return ""SQQQ""",161,0,,,,,,,,,,,,,,,,,
census,,sma_long,50,T11,"_t11_feaver_bear:L229 return ""QLD""",9,0,,,,,,,,,,,,,,,,,
census,,sma_long,50,T11,"_t11_feaver_bear:L230 return ""BTAL""",2,0,,,,,,,,,,,,,,,,,
census,,sma_long,50,T11,"_t11_feaver_bear:L233 return ""PSQ""",0,0,,,,,,,,,,,,,,,,,
census,,sma_long,50,T11,"_t11_feaver_bear:L235 return ""TQQQ""",76,0,,,,,,,,,,,,,,,,,
census,,sma_long,50,T11,"_t11_feaver_bear:L236 return ""PSQ""",41,0,,,,,,,,,,,,,,,,,
census,,sma_long,50,T11,"_t11_feaver_bear:L238 return ""PSQ""",233,0,,,,,,,,,,,,,,,,,
census,,sma_long,50,T11,"_t11_feaver_bear:L239 return ""SQQQ""",175,0,,,,,,,,,,,,,,,,,
census,,sma_long,50,T11,"t11_weights:L248 return {""UVXY"": 1.0}",55,0,,,,,,,,,,,,,,,,,
census,,sma_long,50,T11,"t11_weights:L249 return {""UVXY"": 1 / 3, ""BIL"": 1 / 3, ""BTAL"": 1 / 3}",478,0,,,,,,,,,,,,,,,,,
census,,sma_long,50,T11,"t11_weights:L253 return {""TQQQ"": 1.0}",28,0,,,,,,,,,,,,,,,,,
census,,sma_long,50,T11,"t11_weights:L255 return {""SPXL"": 1.0}",14,0,,,,,,,,,,,,,,,,,
census,,sma_long,50,T11,"t11_weights:L261 return {""TECL"": 1 / 3, ""SOXL"": 1 / 3, ""TQQQ"": 1 / 3}",1003,0,,,,,,,,,,,,,,,,,
census,,sma_long,50,T11,"t11_weights:L265 return {""TECL"": 1 / 3, ""SOXL"": 1 / 3, ""TQQQ"": 1 / 3}",33,0,,,,,,,,,,,,,,,,,
census,,sma_long,50,T11,"t11_weights:L266 return {""TECS"": 1 / 3, ""SOXS"": 1 / 3, ""SQQQ"": 1 / 3}",325,0,,,,,,,,,,,,,,,,,
census,,sma_long,50,T11,t11_weights:L275 return w,536,0,,,,,,,,,,,,,,,,,
census,,sma_long,100,S2,"s2_weights:L288 return {""UVXY"": 1.0}",321,0,,,,,,,,,,,,,,,,,
census,,sma_long,100,S2,"s2_weights:L289 return {""TQQQ"": 1.0}",1597,0,,,,,,,,,,,,,,,,,
census,,sma_long,100,S2,"s2_weights:L293 return {""TECL"": 1.0}",28,0,,,,,,,,,,,,,,,,,
census,,sma_long,100,S2,"s2_weights:L295 return {""SOXL"": 1.0}",23,0,,,,,,,,,,,,,,,,,
census,,sma_long,100,S2,"s2_weights:L300 return {""SQQQ"": 1.0}",135,0,,,,,,,,,,,,,,,,,
census,,sma_long,100,S2,"s2_weights:L301 return {""BSV"": 1.0}",179,0,,,,,,,,,,,,,,,,,
census,,sma_long,100,S2,"s2_weights:L303 return {""TQQQ"": 1.0}",189,0,,,,,,,,,,,,,,,,,
census,,sma_long,100,S3,s3_weights:L325 return {vol: 1.0},523,0,,,,,,,,,,,,,,,,,
census,,sma_long,100,S3,"s3_weights:L326 return {""TQQQ"": 0.5, ""SOXL"": 0.5}",1380,0,,,,,,,,,,,,,,,,,
census,,sma_long,100,S3,"s3_weights:L330 return {""SOXL"": 1.0}",43,0,,,,,,,,,,,,,,,,,
census,,sma_long,100,S3,s3_weights:L332 return {}  # cash,526,0,,,,,,,,,,,,,,,,,
census,,sma_long,100,T10,"t10_weights:L170 return {""UVXY"": 1.0}",756,0,,,,,,,,,,,,,,,,,
census,,sma_long,100,T10,"t10_weights:L174 return {""TECL"": 1.0}",28,0,,,,,,,,,,,,,,,,,
census,,sma_long,100,T10,"t10_weights:L176 return {""SOXL"": 1.0}",27,0,,,,,,,,,,,,,,,,,
census,,sma_long,100,T10,"t10_weights:L178 return {""SPXL"": 1.0}",13,0,,,,,,,,,,,,,,,,,
census,,sma_long,100,T10,"t10_weights:L180 return {""LABU"": 1.0}",22,0,,,,,,,,,,,,,,,,,
census,,sma_long,100,T10,"t10_weights:L189 return {""TECL"": 1 / 3, ""SOXL"": 1 / 3, vol_short: 1 / 3}",1114,0,,,,,,,,,,,,,,,,,
census,,sma_long,100,T10,"t10_weights:L190 return {""SQQQ"": 0.5, ""TLT"": 0.5}",512,0,,,,,,,,,,,,,,,,,
census,,sma_long,100,T11,"_t11_bond_baller:L201 return ""QQQ""",244,0,,,,,,,,,,,,,,,,,
census,,sma_long,100,T11,"_t11_bond_baller:L206 return ""TQQQ""",0,0,,,,,,,,,,,,,,,,,
census,,sma_long,100,T11,"_t11_bond_baller:L207 return ""PSQ""",10,0,,,,,,,,,,,,,,,,,
census,,sma_long,100,T11,"_t11_bond_baller:L209 return ""PSQ""",17,0,,,,,,,,,,,,,,,,,
census,,sma_long,100,T11,"_t11_bond_baller:L210 return ""SQQQ""",86,0,,,,,,,,,,,,,,,,,
census,,sma_long,100,T11,"_t11_feaver_bear:L229 return ""QLD""",9,0,,,,,,,,,,,,,,,,,
census,,sma_long,100,T11,"_t11_feaver_bear:L230 return ""BTAL""",2,0,,,,,,,,,,,,,,,,,
census,,sma_long,100,T11,"_t11_feaver_bear:L233 return ""PSQ""",0,0,,,,,,,,,,,,,,,,,
census,,sma_long,100,T11,"_t11_feaver_bear:L235 return ""TQQQ""",105,0,,,,,,,,,,,,,,,,,
census,,sma_long,100,T11,"_t11_feaver_bear:L236 return ""PSQ""",14,0,,,,,,,,,,,,,,,,,
census,,sma_long,100,T11,"_t11_feaver_bear:L238 return ""PSQ""",136,0,,,,,,,,,,,,,,,,,
census,,sma_long,100,T11,"_t11_feaver_bear:L239 return ""SQQQ""",91,0,,,,,,,,,,,,,,,,,
census,,sma_long,100,T11,"t11_weights:L248 return {""UVXY"": 1.0}",55,0,,,,,,,,,,,,,,,,,
census,,sma_long,100,T11,"t11_weights:L249 return {""UVXY"": 1 / 3, ""BIL"": 1 / 3, ""BTAL"": 1 / 3}",478,0,,,,,,,,,,,,,,,,,
census,,sma_long,100,T11,"t11_weights:L253 return {""TQQQ"": 1.0}",28,0,,,,,,,,,,,,,,,,,
census,,sma_long,100,T11,"t11_weights:L255 return {""SPXL"": 1.0}",14,0,,,,,,,,,,,,,,,,,
census,,sma_long,100,T11,"t11_weights:L261 return {""TECL"": 1 / 3, ""SOXL"": 1 / 3, ""TQQQ"": 1 / 3}",1085,0,,,,,,,,,,,,,,,,,
census,,sma_long,100,T11,"t11_weights:L265 return {""TECL"": 1 / 3, ""SOXL"": 1 / 3, ""TQQQ"": 1 / 3}",73,0,,,,,,,,,,,,,,,,,
census,,sma_long,100,T11,"t11_weights:L266 return {""TECS"": 1 / 3, ""SOXS"": 1 / 3, ""SQQQ"": 1 / 3}",382,0,,,,,,,,,,,,,,,,,
census,,sma_long,100,T11,t11_weights:L275 return w,357,0,,,,,,,,,,,,,,,,,
census,,sma_long,150,S2,"s2_weights:L288 return {""UVXY"": 1.0}",321,0,,,,,,,,,,,,,,,,,
census,,sma_long,150,S2,"s2_weights:L289 return {""TQQQ"": 1.0}",1698,0,,,,,,,,,,,,,,,,,
census,,sma_long,150,S2,"s2_weights:L293 return {""TECL"": 1.0}",26,0,,,,,,,,,,,,,,,,,
census,,sma_long,150,S2,"s2_weights:L295 return {""SOXL"": 1.0}",17,0,,,,,,,,,,,,,,,,,
census,,sma_long,150,S2,"s2_weights:L300 return {""SQQQ"": 1.0}",91,0,,,,,,,,,,,,,,,,,
census,,sma_long,150,S2,"s2_weights:L301 return {""BSV"": 1.0}",150,0,,,,,,,,,,,,,,,,,
census,,sma_long,150,S2,"s2_weights:L303 return {""TQQQ"": 1.0}",169,0,,,,,,,,,,,,,,,,,
census,,sma_long,150,S3,s3_weights:L325 return {vol: 1.0},518,0,,,,,,,,,,,,,,,,,
census,,sma_long,150,S3,"s3_weights:L326 return {""TQQQ"": 0.5, ""SOXL"": 0.5}",1429,0,,,,,,,,,,,,,,,,,
census,,sma_long,150,S3,"s3_weights:L330 return {""SOXL"": 1.0}",40,0,,,,,,,,,,,,,,,,,
census,,sma_long,150,S3,s3_weights:L332 return {}  # cash,485,0,,,,,,,,,,,,,,,,,
census,,sma_long,150,T10,"t10_weights:L170 return {""UVXY"": 1.0}",756,0,,,,,,,,,,,,,,,,,
census,,sma_long,150,T10,"t10_weights:L174 return {""TECL"": 1.0}",28,0,,,,,,,,,,,,,,,,,
census,,sma_long,150,T10,"t10_weights:L176 return {""SOXL"": 1.0}",27,0,,,,,,,,,,,,,,,,,
census,,sma_long,150,T10,"t10_weights:L178 return {""SPXL"": 1.0}",13,0,,,,,,,,,,,,,,,,,
census,,sma_long,150,T10,"t10_weights:L180 return {""LABU"": 1.0}",22,0,,,,,,,,,,,,,,,,,
census,,sma_long,150,T10,"t10_weights:L189 return {""TECL"": 1 / 3, ""SOXL"": 1 / 3, vol_short: 1 / 3}",1114,0,,,,,,,,,,,,,,,,,
census,,sma_long,150,T10,"t10_weights:L190 return {""SQQQ"": 0.5, ""TLT"": 0.5}",512,0,,,,,,,,,,,,,,,,,
census,,sma_long,150,T11,"_t11_bond_baller:L201 return ""QQQ""",190,0,,,,,,,,,,,,,,,,,
census,,sma_long,150,T11,"_t11_bond_baller:L206 return ""TQQQ""",0,0,,,,,,,,,,,,,,,,,
census,,sma_long,150,T11,"_t11_bond_baller:L207 return ""PSQ""",4,0,,,,,,,,,,,,,,,,,
census,,sma_long,150,T11,"_t11_bond_baller:L209 return ""PSQ""",16,0,,,,,,,,,,,,,,,,,
census,,sma_long,150,T11,"_t11_bond_baller:L210 return ""SQQQ""",58,0,,,,,,,,,,,,,,,,,
census,,sma_long,150,T11,"_t11_feaver_bear:L229 return ""QLD""",9,0,,,,,,,,,,,,,,,,,
census,,sma_long,150,T11,"_t11_feaver_bear:L230 return ""BTAL""",2,0,,,,,,,,,,,,,,,,,
census,,sma_long,150,T11,"_t11_feaver_bear:L233 return ""PSQ""",0,0,,,,,,,,,,,,,,,,,
census,,sma_long,150,T11,"_t11_feaver_bear:L235 return ""TQQQ""",104,0,,,,,,,,,,,,,,,,,
census,,sma_long,150,T11,"_t11_feaver_bear:L236 return ""PSQ""",5,0,,,,,,,,,,,,,,,,,
census,,sma_long,150,T11,"_t11_feaver_bear:L238 return ""PSQ""",86,0,,,,,,,,,,,,,,,,,
census,,sma_long,150,T11,"_t11_feaver_bear:L239 return ""SQQQ""",62,0,,,,,,,,,,,,,,,,,
census,,sma_long,150,T11,"t11_weights:L248 return {""UVXY"": 1.0}",55,0,,,,,,,,,,,,,,,,,
census,,sma_long,150,T11,"t11_weights:L249 return {""UVXY"": 1 / 3, ""BIL"": 1 / 3, ""BTAL"": 1 / 3}",478,0,,,,,,,,,,,,,,,,,
census,,sma_long,150,T11,"t11_weights:L253 return {""TQQQ"": 1.0}",28,0,,,,,,,,,,,,,,,,,
census,,sma_long,150,T11,"t11_weights:L255 return {""SPXL"": 1.0}",14,0,,,,,,,,,,,,,,,,,
census,,sma_long,150,T11,"t11_weights:L261 return {""TECL"": 1 / 3, ""SOXL"": 1 / 3, ""TQQQ"": 1 / 3}",1120,0,,,,,,,,,,,,,,,,,
census,,sma_long,150,T11,"t11_weights:L265 return {""TECL"": 1 / 3, ""SOXL"": 1 / 3, ""TQQQ"": 1 / 3}",87,0,,,,,,,,,,,,,,,,,
census,,sma_long,150,T11,"t11_weights:L266 return {""TECS"": 1 / 3, ""SOXS"": 1 / 3, ""SQQQ"": 1 / 3}",422,0,,,,,,,,,,,,,,,,,
census,,sma_long,150,T11,t11_weights:L275 return w,268,0,,,,,,,,,,,,,,,,,
census,,sma_long,200,S2,"s2_weights:L288 return {""UVXY"": 1.0}",321,1,,,,,,,,,,,,,,,,,
census,,sma_long,200,S2,"s2_weights:L289 return {""TQQQ"": 1.0}",1730,1,,,,,,,,,,,,,,,,,
census,,sma_long,200,S2,"s2_weights:L293 return {""TECL"": 1.0}",22,1,,,,,,,,,,,,,,,,,
census,,sma_long,200,S2,"s2_weights:L295 return {""SOXL"": 1.0}",15,1,,,,,,,,,,,,,,,,,
census,,sma_long,200,S2,"s2_weights:L300 return {""SQQQ"": 1.0}",73,1,,,,,,,,,,,,,,,,,
census,,sma_long,200,S2,"s2_weights:L301 return {""BSV"": 1.0}",122,1,,,,,,,,,,,,,,,,,
census,,sma_long,200,S2,"s2_weights:L303 return {""TQQQ"": 1.0}",189,1,,,,,,,,,,,,,,,,,
census,,sma_long,200,S3,s3_weights:L325 return {vol: 1.0},519,1,,,,,,,,,,,,,,,,,
census,,sma_long,200,S3,"s3_weights:L326 return {""TQQQ"": 0.5, ""SOXL"": 0.5}",1448,1,,,,,,,,,,,,,,,,,
census,,sma_long,200,S3,"s3_weights:L330 return {""SOXL"": 1.0}",39,1,,,,,,,,,,,,,,,,,
census,,sma_long,200,S3,s3_weights:L332 return {}  # cash,466,1,,,,,,,,,,,,,,,,,
census,,sma_long,200,T10,"t10_weights:L170 return {""UVXY"": 1.0}",756,1,,,,,,,,,,,,,,,,,
census,,sma_long,200,T10,"t10_weights:L174 return {""TECL"": 1.0}",28,1,,,,,,,,,,,,,,,,,
census,,sma_long,200,T10,"t10_weights:L176 return {""SOXL"": 1.0}",27,1,,,,,,,,,,,,,,,,,
census,,sma_long,200,T10,"t10_weights:L178 return {""SPXL"": 1.0}",13,1,,,,,,,,,,,,,,,,,
census,,sma_long,200,T10,"t10_weights:L180 return {""LABU"": 1.0}",22,1,,,,,,,,,,,,,,,,,
census,,sma_long,200,T10,"t10_weights:L189 return {""TECL"": 1 / 3, ""SOXL"": 1 / 3, vol_short: 1 / 3}",1114,1,,,,,,,,,,,,,,,,,
census,,sma_long,200,T10,"t10_weights:L190 return {""SQQQ"": 0.5, ""TLT"": 0.5}",512,1,,,,,,,,,,,,,,,,,
census,,sma_long,200,T11,"_t11_bond_baller:L201 return ""QQQ""",194,1,,,,,,,,,,,,,,,,,
census,,sma_long,200,T11,"_t11_bond_baller:L206 return ""TQQQ""",0,1,,,,,,,,,,,,,,,,,
census,,sma_long,200,T11,"_t11_bond_baller:L207 return ""PSQ""",4,1,,,,,,,,,,,,,,,,,
census,,sma_long,200,T11,"_t11_bond_baller:L209 return ""PSQ""",17,1,,,,,,,,,,,,,,,,,
census,,sma_long,200,T11,"_t11_bond_baller:L210 return ""SQQQ""",43,1,,,,,,,,,,,,,,,,,
census,,sma_long,200,T11,"_t11_feaver_bear:L229 return ""QLD""",9,1,,,,,,,,,,,,,,,,,
census,,sma_long,200,T11,"_t11_feaver_bear:L230 return ""BTAL""",2,1,,,,,,,,,,,,,,,,,
census,,sma_long,200,T11,"_t11_feaver_bear:L233 return ""PSQ""",0,1,,,,,,,,,,,,,,,,,
census,,sma_long,200,T11,"_t11_feaver_bear:L235 return ""TQQQ""",111,1,,,,,,,,,,,,,,,,,
census,,sma_long,200,T11,"_t11_feaver_bear:L236 return ""PSQ""",5,1,,,,,,,,,,,,,,,,,
census,,sma_long,200,T11,"_t11_feaver_bear:L238 return ""PSQ""",82,1,,,,,,,,,,,,,,,,,
census,,sma_long,200,T11,"_t11_feaver_bear:L239 return ""SQQQ""",49,1,,,,,,,,,,,,,,,,,
census,,sma_long,200,T11,"t11_weights:L248 return {""UVXY"": 1.0}",55,1,,,,,,,,,,,,,,,,,
census,,sma_long,200,T11,"t11_weights:L249 return {""UVXY"": 1 / 3, ""BIL"": 1 / 3, ""BTAL"": 1 / 3}",478,1,,,,,,,,,,,,,,,,,
census,,sma_long,200,T11,"t11_weights:L253 return {""TQQQ"": 1.0}",28,1,,,,,,,,,,,,,,,,,
census,,sma_long,200,T11,"t11_weights:L255 return {""SPXL"": 1.0}",14,1,,,,,,,,,,,,,,,,,
census,,sma_long,200,T11,"t11_weights:L261 return {""TECL"": 1 / 3, ""SOXL"": 1 / 3, ""TQQQ"": 1 / 3}",1120,1,,,,,,,,,,,,,,,,,
census,,sma_long,200,T11,"t11_weights:L265 return {""TECL"": 1 / 3, ""SOXL"": 1 / 3, ""TQQQ"": 1 / 3}",94,1,,,,,,,,,,,,,,,,,
census,,sma_long,200,T11,"t11_weights:L266 return {""TECS"": 1 / 3, ""SOXS"": 1 / 3, ""SQQQ"": 1 / 3}",425,1,,,,,,,,,,,,,,,,,
census,,sma_long,200,T11,t11_weights:L275 return w,258,1,,,,,,,,,,,,,,,,,
census,,crash_threshold,-5.0,S2,"s2_weights:L288 return {""UVXY"": 1.0}",321,0,,,,,,,,,,,,,,,,,
census,,crash_threshold,-5.0,S2,"s2_weights:L289 return {""TQQQ"": 1.0}",1730,0,,,,,,,,,,,,,,,,,
census,,crash_threshold,-5.0,S2,"s2_weights:L293 return {""TECL"": 1.0}",22,0,,,,,,,,,,,,,,,,,
census,,crash_threshold,-5.0,S2,"s2_weights:L295 return {""SOXL"": 1.0}",15,0,,,,,,,,,,,,,,,,,
census,,crash_threshold,-5.0,S2,"s2_weights:L300 return {""SQQQ"": 1.0}",73,0,,,,,,,,,,,,,,,,,
census,,crash_threshold,-5.0,S2,"s2_weights:L301 return {""BSV"": 1.0}",122,0,,,,,,,,,,,,,,,,,
census,,crash_threshold,-5.0,S2,"s2_weights:L303 return {""TQQQ"": 1.0}",189,0,,,,,,,,,,,,,,,,,
census,,crash_threshold,-5.0,S3,s3_weights:L325 return {vol: 1.0},519,0,,,,,,,,,,,,,,,,,
census,,crash_threshold,-5.0,S3,"s3_weights:L326 return {""TQQQ"": 0.5, ""SOXL"": 0.5}",1448,0,,,,,,,,,,,,,,,,,
census,,crash_threshold,-5.0,S3,"s3_weights:L330 return {""SOXL"": 1.0}",39,0,,,,,,,,,,,,,,,,,
census,,crash_threshold,-5.0,S3,s3_weights:L332 return {}  # cash,466,0,,,,,,,,,,,,,,,,,
census,,crash_threshold,-5.0,T10,"t10_weights:L170 return {""UVXY"": 1.0}",756,0,,,,,,,,,,,,,,,,,
census,,crash_threshold,-5.0,T10,"t10_weights:L174 return {""TECL"": 1.0}",28,0,,,,,,,,,,,,,,,,,
census,,crash_threshold,-5.0,T10,"t10_weights:L176 return {""SOXL"": 1.0}",27,0,,,,,,,,,,,,,,,,,
census,,crash_threshold,-5.0,T10,"t10_weights:L178 return {""SPXL"": 1.0}",13,0,,,,,,,,,,,,,,,,,
census,,crash_threshold,-5.0,T10,"t10_weights:L180 return {""LABU"": 1.0}",22,0,,,,,,,,,,,,,,,,,
census,,crash_threshold,-5.0,T10,"t10_weights:L189 return {""TECL"": 1 / 3, ""SOXL"": 1 / 3, vol_short: 1 / 3}",1114,0,,,,,,,,,,,,,,,,,
census,,crash_threshold,-5.0,T10,"t10_weights:L190 return {""SQQQ"": 0.5, ""TLT"": 0.5}",512,0,,,,,,,,,,,,,,,,,
census,,crash_threshold,-5.0,T11,"_t11_bond_baller:L201 return ""QQQ""",194,0,,,,,,,,,,,,,,,,,
census,,crash_threshold,-5.0,T11,"_t11_bond_baller:L206 return ""TQQQ""",0,0,,,,,,,,,,,,,,,,,
census,,crash_threshold,-5.0,T11,"_t11_bond_baller:L207 return ""PSQ""",4,0,,,,,,,,,,,,,,,,,
census,,crash_threshold,-5.0,T11,"_t11_bond_baller:L209 return ""PSQ""",17,0,,,,,,,,,,,,,,,,,
census,,crash_threshold,-5.0,T11,"_t11_bond_baller:L210 return ""SQQQ""",43,0,,,,,,,,,,,,,,,,,
census,,crash_threshold,-5.0,T11,"_t11_feaver_bear:L229 return ""QLD""",106,0,,,,,,,,,,,,,,,,,
census,,crash_threshold,-5.0,T11,"_t11_feaver_bear:L230 return ""BTAL""",19,0,,,,,,,,,,,,,,,,,
census,,crash_threshold,-5.0,T11,"_t11_feaver_bear:L233 return ""PSQ""",0,0,,,,,,,,,,,,,,,,,
census,,crash_threshold,-5.0,T11,"_t11_feaver_bear:L235 return ""TQQQ""",66,0,,,,,,,,,,,,,,,,,
census,,crash_threshold,-5.0,T11,"_t11_feaver_bear:L236 return ""PSQ""",5,0,,,,,,,,,,,,,,,,,
census,,crash_threshold,-5.0,T11,"_t11_feaver_bear:L238 return ""PSQ""",34,0,,,,,,,,,,,,,,,,,
census,,crash_threshold,-5.0,T11,"_t11_feaver_bear:L239 return ""SQQQ""",28,0,,,,,,,,,,,,,,,,,
census,,crash_threshold,-5.0,T11,"t11_weights:L248 return {""UVXY"": 1.0}",55,0,,,,,,,,,,,,,,,,,
census,,crash_threshold,-5.0,T11,"t11_weights:L249 return {""UVXY"": 1 / 3, ""BIL"": 1 / 3, ""BTAL"": 1 / 3}",478,0,,,,,,,,,,,,,,,,,
census,,crash_threshold,-5.0,T11,"t11_weights:L253 return {""TQQQ"": 1.0}",28,0,,,,,,,,,,,,,,,,,
census,,crash_threshold,-5.0,T11,"t11_weights:L255 return {""SPXL"": 1.0}",14,0,,,,,,,,,,,,,,,,,
census,,crash_threshold,-5.0,T11,"t11_weights:L261 return {""TECL"": 1 / 3, ""SOXL"": 1 / 3, ""TQQQ"": 1 / 3}",1120,0,,,,,,,,,,,,,,,,,
census,,crash_threshold,-5.0,T11,"t11_weights:L265 return {""TECL"": 1 / 3, ""SOXL"": 1 / 3, ""TQQQ"": 1 / 3}",94,0,,,,,,,,,,,,,,,,,
census,,crash_threshold,-5.0,T11,"t11_weights:L266 return {""TECS"": 1 / 3, ""SOXS"": 1 / 3, ""SQQQ"": 1 / 3}",425,0,,,,,,,,,,,,,,,,,
census,,crash_threshold,-5.0,T11,t11_weights:L275 return w,258,0,,,,,,,,,,,,,,,,,
census,,crash_threshold,-10.0,S2,"s2_weights:L288 return {""UVXY"": 1.0}",321,0,,,,,,,,,,,,,,,,,
census,,crash_threshold,-10.0,S2,"s2_weights:L289 return {""TQQQ"": 1.0}",1730,0,,,,,,,,,,,,,,,,,
census,,crash_threshold,-10.0,S2,"s2_weights:L293 return {""TECL"": 1.0}",22,0,,,,,,,,,,,,,,,,,
census,,crash_threshold,-10.0,S2,"s2_weights:L295 return {""SOXL"": 1.0}",15,0,,,,,,,,,,,,,,,,,
census,,crash_threshold,-10.0,S2,"s2_weights:L300 return {""SQQQ"": 1.0}",73,0,,,,,,,,,,,,,,,,,
census,,crash_threshold,-10.0,S2,"s2_weights:L301 return {""BSV"": 1.0}",122,0,,,,,,,,,,,,,,,,,
census,,crash_threshold,-10.0,S2,"s2_weights:L303 return {""TQQQ"": 1.0}",189,0,,,,,,,,,,,,,,,,,
census,,crash_threshold,-10.0,S3,s3_weights:L325 return {vol: 1.0},519,0,,,,,,,,,,,,,,,,,
census,,crash_threshold,-10.0,S3,"s3_weights:L326 return {""TQQQ"": 0.5, ""SOXL"": 0.5}",1448,0,,,,,,,,,,,,,,,,,
census,,crash_threshold,-10.0,S3,"s3_weights:L330 return {""SOXL"": 1.0}",39,0,,,,,,,,,,,,,,,,,
census,,crash_threshold,-10.0,S3,s3_weights:L332 return {}  # cash,466,0,,,,,,,,,,,,,,,,,
census,,crash_threshold,-10.0,T10,"t10_weights:L170 return {""UVXY"": 1.0}",756,0,,,,,,,,,,,,,,,,,
census,,crash_threshold,-10.0,T10,"t10_weights:L174 return {""TECL"": 1.0}",28,0,,,,,,,,,,,,,,,,,
census,,crash_threshold,-10.0,T10,"t10_weights:L176 return {""SOXL"": 1.0}",27,0,,,,,,,,,,,,,,,,,
census,,crash_threshold,-10.0,T10,"t10_weights:L178 return {""SPXL"": 1.0}",13,0,,,,,,,,,,,,,,,,,
census,,crash_threshold,-10.0,T10,"t10_weights:L180 return {""LABU"": 1.0}",22,0,,,,,,,,,,,,,,,,,
census,,crash_threshold,-10.0,T10,"t10_weights:L189 return {""TECL"": 1 / 3, ""SOXL"": 1 / 3, vol_short: 1 / 3}",1114,0,,,,,,,,,,,,,,,,,
census,,crash_threshold,-10.0,T10,"t10_weights:L190 return {""SQQQ"": 0.5, ""TLT"": 0.5}",512,0,,,,,,,,,,,,,,,,,
census,,crash_threshold,-10.0,T11,"_t11_bond_baller:L201 return ""QQQ""",194,0,,,,,,,,,,,,,,,,,
census,,crash_threshold,-10.0,T11,"_t11_bond_baller:L206 return ""TQQQ""",0,0,,,,,,,,,,,,,,,,,
census,,crash_threshold,-10.0,T11,"_t11_bond_baller:L207 return ""PSQ""",4,0,,,,,,,,,,,,,,,,,
census,,crash_threshold,-10.0,T11,"_t11_bond_baller:L209 return ""PSQ""",17,0,,,,,,,,,,,,,,,,,
census,,crash_threshold,-10.0,T11,"_t11_bond_baller:L210 return ""SQQQ""",43,0,,,,,,,,,,,,,,,,,
census,,crash_threshold,-10.0,T11,"_t11_feaver_bear:L229 return ""QLD""",47,0,,,,,,,,,,,,,,,,,
census,,crash_threshold,-10.0,T11,"_t11_feaver_bear:L230 return ""BTAL""",2,0,,,,,,,,,,,,,,,,,
census,,crash_threshold,-10.0,T11,"_t11_feaver_bear:L233 return ""PSQ""",0,0,,,,,,,,,,,,,,,,,
census,,crash_threshold,-10.0,T11,"_t11_feaver_bear:L235 return ""TQQQ""",105,0,,,,,,,,,,,,,,,,,
census,,crash_threshold,-10.0,T11,"_t11_feaver_bear:L236 return ""PSQ""",5,0,,,,,,,,,,,,,,,,,
census,,crash_threshold,-10.0,T11,"_t11_feaver_bear:L238 return ""PSQ""",53,0,,,,,,,,,,,,,,,,,
census,,crash_threshold,-10.0,T11,"_t11_feaver_bear:L239 return ""SQQQ""",46,0,,,,,,,,,,,,,,,,,
census,,crash_threshold,-10.0,T11,"t11_weights:L248 return {""UVXY"": 1.0}",55,0,,,,,,,,,,,,,,,,,
census,,crash_threshold,-10.0,T11,"t11_weights:L249 return {""UVXY"": 1 / 3, ""BIL"": 1 / 3, ""BTAL"": 1 / 3}",478,0,,,,,,,,,,,,,,,,,
census,,crash_threshold,-10.0,T11,"t11_weights:L253 return {""TQQQ"": 1.0}",28,0,,,,,,,,,,,,,,,,,
census,,crash_threshold,-10.0,T11,"t11_weights:L255 return {""SPXL"": 1.0}",14,0,,,,,,,,,,,,,,,,,
census,,crash_threshold,-10.0,T11,"t11_weights:L261 return {""TECL"": 1 / 3, ""SOXL"": 1 / 3, ""TQQQ"": 1 / 3}",1120,0,,,,,,,,,,,,,,,,,
census,,crash_threshold,-10.0,T11,"t11_weights:L265 return {""TECL"": 1 / 3, ""SOXL"": 1 / 3, ""TQQQ"": 1 / 3}",94,0,,,,,,,,,,,,,,,,,
census,,crash_threshold,-10.0,T11,"t11_weights:L266 return {""TECS"": 1 / 3, ""SOXS"": 1 / 3, ""SQQQ"": 1 / 3}",425,0,,,,,,,,,,,,,,,,,
census,,crash_threshold,-10.0,T11,t11_weights:L275 return w,258,0,,,,,,,,,,,,,,,,,
census,,crash_threshold,-15.0,S2,"s2_weights:L288 return {""UVXY"": 1.0}",321,1,,,,,,,,,,,,,,,,,
census,,crash_threshold,-15.0,S2,"s2_weights:L289 return {""TQQQ"": 1.0}",1730,1,,,,,,,,,,,,,,,,,
census,,crash_threshold,-15.0,S2,"s2_weights:L293 return {""TECL"": 1.0}",22,1,,,,,,,,,,,,,,,,,
census,,crash_threshold,-15.0,S2,"s2_weights:L295 return {""SOXL"": 1.0}",15,1,,,,,,,,,,,,,,,,,
census,,crash_threshold,-15.0,S2,"s2_weights:L300 return {""SQQQ"": 1.0}",73,1,,,,,,,,,,,,,,,,,
census,,crash_threshold,-15.0,S2,"s2_weights:L301 return {""BSV"": 1.0}",122,1,,,,,,,,,,,,,,,,,
census,,crash_threshold,-15.0,S2,"s2_weights:L303 return {""TQQQ"": 1.0}",189,1,,,,,,,,,,,,,,,,,
census,,crash_threshold,-15.0,S3,s3_weights:L325 return {vol: 1.0},519,1,,,,,,,,,,,,,,,,,
census,,crash_threshold,-15.0,S3,"s3_weights:L326 return {""TQQQ"": 0.5, ""SOXL"": 0.5}",1448,1,,,,,,,,,,,,,,,,,
census,,crash_threshold,-15.0,S3,"s3_weights:L330 return {""SOXL"": 1.0}",39,1,,,,,,,,,,,,,,,,,
census,,crash_threshold,-15.0,S3,s3_weights:L332 return {}  # cash,466,1,,,,,,,,,,,,,,,,,
census,,crash_threshold,-15.0,T10,"t10_weights:L170 return {""UVXY"": 1.0}",756,1,,,,,,,,,,,,,,,,,
census,,crash_threshold,-15.0,T10,"t10_weights:L174 return {""TECL"": 1.0}",28,1,,,,,,,,,,,,,,,,,
census,,crash_threshold,-15.0,T10,"t10_weights:L176 return {""SOXL"": 1.0}",27,1,,,,,,,,,,,,,,,,,
census,,crash_threshold,-15.0,T10,"t10_weights:L178 return {""SPXL"": 1.0}",13,1,,,,,,,,,,,,,,,,,
census,,crash_threshold,-15.0,T10,"t10_weights:L180 return {""LABU"": 1.0}",22,1,,,,,,,,,,,,,,,,,
census,,crash_threshold,-15.0,T10,"t10_weights:L189 return {""TECL"": 1 / 3, ""SOXL"": 1 / 3, vol_short: 1 / 3}",1114,1,,,,,,,,,,,,,,,,,
census,,crash_threshold,-15.0,T10,"t10_weights:L190 return {""SQQQ"": 0.5, ""TLT"": 0.5}",512,1,,,,,,,,,,,,,,,,,
census,,crash_threshold,-15.0,T11,"_t11_bond_baller:L201 return ""QQQ""",194,1,,,,,,,,,,,,,,,,,
census,,crash_threshold,-15.0,T11,"_t11_bond_baller:L206 return ""TQQQ""",0,1,,,,,,,,,,,,,,,,,
census,,crash_threshold,-15.0,T11,"_t11_bond_baller:L207 return ""PSQ""",4,1,,,,,,,,,,,,,,,,,
census,,crash_threshold,-15.0,T11,"_t11_bond_baller:L209 return ""PSQ""",17,1,,,,,,,,,,,,,,,,,
census,,crash_threshold,-15.0,T11,"_t11_bond_baller:L210 return ""SQQQ""",43,1,,,,,,,,,,,,,,,,,
census,,crash_threshold,-15.0,T11,"_t11_feaver_bear:L229 return ""QLD""",9,1,,,,,,,,,,,,,,,,,
census,,crash_threshold,-15.0,T11,"_t11_feaver_bear:L230 return ""BTAL""",2,1,,,,,,,,,,,,,,,,,
census,,crash_threshold,-15.0,T11,"_t11_feaver_bear:L233 return ""PSQ""",0,1,,,,,,,,,,,,,,,,,
census,,crash_threshold,-15.0,T11,"_t11_feaver_bear:L235 return ""TQQQ""",111,1,,,,,,,,,,,,,,,,,
census,,crash_threshold,-15.0,T11,"_t11_feaver_bear:L236 return ""PSQ""",5,1,,,,,,,,,,,,,,,,,
census,,crash_threshold,-15.0,T11,"_t11_feaver_bear:L238 return ""PSQ""",82,1,,,,,,,,,,,,,,,,,
census,,crash_threshold,-15.0,T11,"_t11_feaver_bear:L239 return ""SQQQ""",49,1,,,,,,,,,,,,,,,,,
census,,crash_threshold,-15.0,T11,"t11_weights:L248 return {""UVXY"": 1.0}",55,1,,,,,,,,,,,,,,,,,
census,,crash_threshold,-15.0,T11,"t11_weights:L249 return {""UVXY"": 1 / 3, ""BIL"": 1 / 3, ""BTAL"": 1 / 3}",478,1,,,,,,,,,,,,,,,,,
census,,crash_threshold,-15.0,T11,"t11_weights:L253 return {""TQQQ"": 1.0}",28,1,,,,,,,,,,,,,,,,,
census,,crash_threshold,-15.0,T11,"t11_weights:L255 return {""SPXL"": 1.0}",14,1,,,,,,,,,,,,,,,,,
census,,crash_threshold,-15.0,T11,"t11_weights:L261 return {""TECL"": 1 / 3, ""SOXL"": 1 / 3, ""TQQQ"": 1 / 3}",1120,1,,,,,,,,,,,,,,,,,
census,,crash_threshold,-15.0,T11,"t11_weights:L265 return {""TECL"": 1 / 3, ""SOXL"": 1 / 3, ""TQQQ"": 1 / 3}",94,1,,,,,,,,,,,,,,,,,
census,,crash_threshold,-15.0,T11,"t11_weights:L266 return {""TECS"": 1 / 3, ""SOXS"": 1 / 3, ""SQQQ"": 1 / 3}",425,1,,,,,,,,,,,,,,,,,
census,,crash_threshold,-15.0,T11,t11_weights:L275 return w,258,1,,,,,,,,,,,,,,,,,
census,,crash_threshold,-20.0,S2,"s2_weights:L288 return {""UVXY"": 1.0}",321,0,,,,,,,,,,,,,,,,,
census,,crash_threshold,-20.0,S2,"s2_weights:L289 return {""TQQQ"": 1.0}",1730,0,,,,,,,,,,,,,,,,,
census,,crash_threshold,-20.0,S2,"s2_weights:L293 return {""TECL"": 1.0}",22,0,,,,,,,,,,,,,,,,,
census,,crash_threshold,-20.0,S2,"s2_weights:L295 return {""SOXL"": 1.0}",15,0,,,,,,,,,,,,,,,,,
census,,crash_threshold,-20.0,S2,"s2_weights:L300 return {""SQQQ"": 1.0}",73,0,,,,,,,,,,,,,,,,,
census,,crash_threshold,-20.0,S2,"s2_weights:L301 return {""BSV"": 1.0}",122,0,,,,,,,,,,,,,,,,,
census,,crash_threshold,-20.0,S2,"s2_weights:L303 return {""TQQQ"": 1.0}",189,0,,,,,,,,,,,,,,,,,
census,,crash_threshold,-20.0,S3,s3_weights:L325 return {vol: 1.0},519,0,,,,,,,,,,,,,,,,,
census,,crash_threshold,-20.0,S3,"s3_weights:L326 return {""TQQQ"": 0.5, ""SOXL"": 0.5}",1448,0,,,,,,,,,,,,,,,,,
census,,crash_threshold,-20.0,S3,"s3_weights:L330 return {""SOXL"": 1.0}",39,0,,,,,,,,,,,,,,,,,
census,,crash_threshold,-20.0,S3,s3_weights:L332 return {}  # cash,466,0,,,,,,,,,,,,,,,,,
census,,crash_threshold,-20.0,T10,"t10_weights:L170 return {""UVXY"": 1.0}",756,0,,,,,,,,,,,,,,,,,
census,,crash_threshold,-20.0,T10,"t10_weights:L174 return {""TECL"": 1.0}",28,0,,,,,,,,,,,,,,,,,
census,,crash_threshold,-20.0,T10,"t10_weights:L176 return {""SOXL"": 1.0}",27,0,,,,,,,,,,,,,,,,,
census,,crash_threshold,-20.0,T10,"t10_weights:L178 return {""SPXL"": 1.0}",13,0,,,,,,,,,,,,,,,,,
census,,crash_threshold,-20.0,T10,"t10_weights:L180 return {""LABU"": 1.0}",22,0,,,,,,,,,,,,,,,,,
census,,crash_threshold,-20.0,T10,"t10_weights:L189 return {""TECL"": 1 / 3, ""SOXL"": 1 / 3, vol_short: 1 / 3}",1114,0,,,,,,,,,,,,,,,,,
census,,crash_threshold,-20.0,T10,"t10_weights:L190 return {""SQQQ"": 0.5, ""TLT"": 0.5}",512,0,,,,,,,,,,,,,,,,,
census,,crash_threshold,-20.0,T11,"_t11_bond_baller:L201 return ""QQQ""",194,0,,,,,,,,,,,,,,,,,
census,,crash_threshold,-20.0,T11,"_t11_bond_baller:L206 return ""TQQQ""",0,0,,,,,,,,,,,,,,,,,
census,,crash_threshold,-20.0,T11,"_t11_bond_baller:L207 return ""PSQ""",4,0,,,,,,,,,,,,,,,,,
census,,crash_threshold,-20.0,T11,"_t11_bond_baller:L209 return ""PSQ""",17,0,,,,,,,,,,,,,,,,,
census,,crash_threshold,-20.0,T11,"_t11_bond_baller:L210 return ""SQQQ""",43,0,,,,,,,,,,,,,,,,,
census,,crash_threshold,-20.0,T11,"_t11_feaver_bear:L229 return ""QLD""",0,0,,,,,,,,,,,,,,,,,
census,,crash_threshold,-20.0,T11,"_t11_feaver_bear:L230 return ""BTAL""",0,0,,,,,,,,,,,,,,,,,
census,,crash_threshold,-20.0,T11,"_t11_feaver_bear:L233 return ""PSQ""",0,0,,,,,,,,,,,,,,,,,
census,,crash_threshold,-20.0,T11,"_t11_feaver_bear:L235 return ""TQQQ""",111,0,,,,,,,,,,,,,,,,,
census,,crash_threshold,-20.0,T11,"_t11_feaver_bear:L236 return ""PSQ""",5,0,,,,,,,,,,,,,,,,,
census,,crash_threshold,-20.0,T11,"_t11_feaver_bear:L238 return ""PSQ""",90,0,,,,,,,,,,,,,,,,,
census,,crash_threshold,-20.0,T11,"_t11_feaver_bear:L239 return ""SQQQ""",52,0,,,,,,,,,,,,,,,,,
census,,crash_threshold,-20.0,T11,"t11_weights:L248 return {""UVXY"": 1.0}",55,0,,,,,,,,,,,,,,,,,
census,,crash_threshold,-20.0,T11,"t11_weights:L249 return {""UVXY"": 1 / 3, ""BIL"": 1 / 3, ""BTAL"": 1 / 3}",478,0,,,,,,,,,,,,,,,,,
census,,crash_threshold,-20.0,T11,"t11_weights:L253 return {""TQQQ"": 1.0}",28,0,,,,,,,,,,,,,,,,,
census,,crash_threshold,-20.0,T11,"t11_weights:L255 return {""SPXL"": 1.0}",14,0,,,,,,,,,,,,,,,,,
census,,crash_threshold,-20.0,T11,"t11_weights:L261 return {""TECL"": 1 / 3, ""SOXL"": 1 / 3, ""TQQQ"": 1 / 3}",1120,0,,,,,,,,,,,,,,,,,
census,,crash_threshold,-20.0,T11,"t11_weights:L265 return {""TECL"": 1 / 3, ""SOXL"": 1 / 3, ""TQQQ"": 1 / 3}",94,0,,,,,,,,,,,,,,,,,
census,,crash_threshold,-20.0,T11,"t11_weights:L266 return {""TECS"": 1 / 3, ""SOXS"": 1 / 3, ""SQQQ"": 1 / 3}",425,0,,,,,,,,,,,,,,,,,
census,,crash_threshold,-20.0,T11,t11_weights:L275 return w,258,0,,,,,,,,,,,,,,,,,
census,,crash_threshold,-25.0,S2,"s2_weights:L288 return {""UVXY"": 1.0}",321,0,,,,,,,,,,,,,,,,,
census,,crash_threshold,-25.0,S2,"s2_weights:L289 return {""TQQQ"": 1.0}",1730,0,,,,,,,,,,,,,,,,,
census,,crash_threshold,-25.0,S2,"s2_weights:L293 return {""TECL"": 1.0}",22,0,,,,,,,,,,,,,,,,,
census,,crash_threshold,-25.0,S2,"s2_weights:L295 return {""SOXL"": 1.0}",15,0,,,,,,,,,,,,,,,,,
census,,crash_threshold,-25.0,S2,"s2_weights:L300 return {""SQQQ"": 1.0}",73,0,,,,,,,,,,,,,,,,,
census,,crash_threshold,-25.0,S2,"s2_weights:L301 return {""BSV"": 1.0}",122,0,,,,,,,,,,,,,,,,,
census,,crash_threshold,-25.0,S2,"s2_weights:L303 return {""TQQQ"": 1.0}",189,0,,,,,,,,,,,,,,,,,
census,,crash_threshold,-25.0,S3,s3_weights:L325 return {vol: 1.0},519,0,,,,,,,,,,,,,,,,,
census,,crash_threshold,-25.0,S3,"s3_weights:L326 return {""TQQQ"": 0.5, ""SOXL"": 0.5}",1448,0,,,,,,,,,,,,,,,,,
census,,crash_threshold,-25.0,S3,"s3_weights:L330 return {""SOXL"": 1.0}",39,0,,,,,,,,,,,,,,,,,
census,,crash_threshold,-25.0,S3,s3_weights:L332 return {}  # cash,466,0,,,,,,,,,,,,,,,,,
census,,crash_threshold,-25.0,T10,"t10_weights:L170 return {""UVXY"": 1.0}",756,0,,,,,,,,,,,,,,,,,
census,,crash_threshold,-25.0,T10,"t10_weights:L174 return {""TECL"": 1.0}",28,0,,,,,,,,,,,,,,,,,
census,,crash_threshold,-25.0,T10,"t10_weights:L176 return {""SOXL"": 1.0}",27,0,,,,,,,,,,,,,,,,,
census,,crash_threshold,-25.0,T10,"t10_weights:L178 return {""SPXL"": 1.0}",13,0,,,,,,,,,,,,,,,,,
census,,crash_threshold,-25.0,T10,"t10_weights:L180 return {""LABU"": 1.0}",22,0,,,,,,,,,,,,,,,,,
census,,crash_threshold,-25.0,T10,"t10_weights:L189 return {""TECL"": 1 / 3, ""SOXL"": 1 / 3, vol_short: 1 / 3}",1114,0,,,,,,,,,,,,,,,,,
census,,crash_threshold,-25.0,T10,"t10_weights:L190 return {""SQQQ"": 0.5, ""TLT"": 0.5}",512,0,,,,,,,,,,,,,,,,,
census,,crash_threshold,-25.0,T11,"_t11_bond_baller:L201 return ""QQQ""",194,0,,,,,,,,,,,,,,,,,
census,,crash_threshold,-25.0,T11,"_t11_bond_baller:L206 return ""TQQQ""",0,0,,,,,,,,,,,,,,,,,
census,,crash_threshold,-25.0,T11,"_t11_bond_baller:L207 return ""PSQ""",4,0,,,,,,,,,,,,,,,,,
census,,crash_threshold,-25.0,T11,"_t11_bond_baller:L209 return ""PSQ""",17,0,,,,,,,,,,,,,,,,,
census,,crash_threshold,-25.0,T11,"_t11_bond_baller:L210 return ""SQQQ""",43,0,,,,,,,,,,,,,,,,,
census,,crash_threshold,-25.0,T11,"_t11_feaver_bear:L229 return ""QLD""",0,0,,,,,,,,,,,,,,,,,
census,,crash_threshold,-25.0,T11,"_t11_feaver_bear:L230 return ""BTAL""",0,0,,,,,,,,,,,,,,,,,
census,,crash_threshold,-25.0,T11,"_t11_feaver_bear:L233 return ""PSQ""",0,0,,,,,,,,,,,,,,,,,
census,,crash_threshold,-25.0,T11,"_t11_feaver_bear:L235 return ""TQQQ""",111,0,,,,,,,,,,,,,,,,,
census,,crash_threshold,-25.0,T11,"_t11_feaver_bear:L236 return ""PSQ""",5,0,,,,,,,,,,,,,,,,,
census,,crash_threshold,-25.0,T11,"_t11_feaver_bear:L238 return ""PSQ""",90,0,,,,,,,,,,,,,,,,,
census,,crash_threshold,-25.0,T11,"_t11_feaver_bear:L239 return ""SQQQ""",52,0,,,,,,,,,,,,,,,,,
census,,crash_threshold,-25.0,T11,"t11_weights:L248 return {""UVXY"": 1.0}",55,0,,,,,,,,,,,,,,,,,
census,,crash_threshold,-25.0,T11,"t11_weights:L249 return {""UVXY"": 1 / 3, ""BIL"": 1 / 3, ""BTAL"": 1 / 3}",478,0,,,,,,,,,,,,,,,,,
census,,crash_threshold,-25.0,T11,"t11_weights:L253 return {""TQQQ"": 1.0}",28,0,,,,,,,,,,,,,,,,,
census,,crash_threshold,-25.0,T11,"t11_weights:L255 return {""SPXL"": 1.0}",14,0,,,,,,,,,,,,,,,,,
census,,crash_threshold,-25.0,T11,"t11_weights:L261 return {""TECL"": 1 / 3, ""SOXL"": 1 / 3, ""TQQQ"": 1 / 3}",1120,0,,,,,,,,,,,,,,,,,
census,,crash_threshold,-25.0,T11,"t11_weights:L265 return {""TECL"": 1 / 3, ""SOXL"": 1 / 3, ""TQQQ"": 1 / 3}",94,0,,,,,,,,,,,,,,,,,
census,,crash_threshold,-25.0,T11,"t11_weights:L266 return {""TECS"": 1 / 3, ""SOXS"": 1 / 3, ""SQQQ"": 1 / 3}",425,0,,,,,,,,,,,,,,,,,
census,,crash_threshold,-25.0,T11,t11_weights:L275 return w,258,0,,,,,,,,,,,,,,,,,
census,,rsi_exhaustion,7,S2,"s2_weights:L288 return {""UVXY"": 1.0}",598,0,,,,,,,,,,,,,,,,,
census,,rsi_exhaustion,7,S2,"s2_weights:L289 return {""TQQQ"": 1.0}",1453,0,,,,,,,,,,,,,,,,,
census,,rsi_exhaustion,7,S2,"s2_weights:L293 return {""TECL"": 1.0}",22,0,,,,,,,,,,,,,,,,,
census,,rsi_exhaustion,7,S2,"s2_weights:L295 return {""SOXL"": 1.0}",15,0,,,,,,,,,,,,,,,,,
census,,rsi_exhaustion,7,S2,"s2_weights:L300 return {""SQQQ"": 1.0}",73,0,,,,,,,,,,,,,,,,,
census,,rsi_exhaustion,7,S2,"s2_weights:L301 return {""BSV"": 1.0}",122,0,,,,,,,,,,,,,,,,,
census,,rsi_exhaustion,7,S2,"s2_weights:L303 return {""TQQQ"": 1.0}",189,0,,,,,,,,,,,,,,,,,
census,,rsi_exhaustion,7,S3,s3_weights:L325 return {vol: 1.0},886,0,,,,,,,,,,,,,,,,,
census,,rsi_exhaustion,7,S3,"s3_weights:L326 return {""TQQQ"": 0.5, ""SOXL"": 0.5}",1081,0,,,,,,,,,,,,,,,,,
census,,rsi_exhaustion,7,S3,"s3_weights:L330 return {""SOXL"": 1.0}",39,0,,,,,,,,,,,,,,,,,
census,,rsi_exhaustion,7,S3,s3_weights:L332 return {}  # cash,466,0,,,,,,,,,,,,,,,,,
census,,rsi_exhaustion,7,T10,"t10_weights:L170 return {""UVXY"": 1.0}",1304,0,,,,,,,,,,,,,,,,,
census,,rsi_exhaustion,7,T10,"t10_weights:L174 return {""TECL"": 1.0}",28,0,,,,,,,,,,,,,,,,,
census,,rsi_exhaustion,7,T10,"t10_weights:L176 return {""SOXL"": 1.0}",26,0,,,,,,,,,,,,,,,,,
census,,rsi_exhaustion,7,T10,"t10_weights:L178 return {""SPXL"": 1.0}",13,0,,,,,,,,,,,,,,,,,
census,,rsi_exhaustion,7,T10,"t10_weights:L180 return {""LABU"": 1.0}",21,0,,,,,,,,,,,,,,,,,
census,,rsi_exhaustion,7,T10,"t10_weights:L189 return {""TECL"": 1 / 3, ""SOXL"": 1 / 3, vol_short: 1 / 3}",666,0,,,,,,,,,,,,,,,,,
census,,rsi_exhaustion,7,T10,"t10_weights:L190 return {""SQQQ"": 0.5, ""TLT"": 0.5}",414,0,,,,,,,,,,,,,,,,,
census,,rsi_exhaustion,7,T11,"_t11_bond_baller:L201 return ""QQQ""",157,0,,,,,,,,,,,,,,,,,
census,,rsi_exhaustion,7,T11,"_t11_bond_baller:L206 return ""TQQQ""",0,0,,,,,,,,,,,,,,,,,
census,,rsi_exhaustion,7,T11,"_t11_bond_baller:L207 return ""PSQ""",4,0,,,,,,,,,,,,,,,,,
census,,rsi_exhaustion,7,T11,"_t11_bond_baller:L209 return ""PSQ""",17,0,,,,,,,,,,,,,,,,,
census,,rsi_exhaustion,7,T11,"_t11_bond_baller:L210 return ""SQQQ""",43,0,,,,,,,,,,,,,,,,,
census,,rsi_exhaustion,7,T11,"_t11_feaver_bear:L229 return ""QLD""",9,0,,,,,,,,,,,,,,,,,
census,,rsi_exhaustion,7,T11,"_t11_feaver_bear:L230 return ""BTAL""",2,0,,,,,,,,,,,,,,,,,
census,,rsi_exhaustion,7,T11,"_t11_feaver_bear:L233 return ""PSQ""",0,0,,,,,,,,,,,,,,,,,
census,,rsi_exhaustion,7,T11,"_t11_feaver_bear:L235 return ""TQQQ""",74,0,,,,,,,,,,,,,,,,,
census,,rsi_exhaustion,7,T11,"_t11_feaver_bear:L236 return ""PSQ""",5,0,,,,,,,,,,,,,,,,,
census,,rsi_exhaustion,7,T11,"_t11_feaver_bear:L238 return ""PSQ""",82,0,,,,,,,,,,,,,,,,,
census,,rsi_exhaustion,7,T11,"_t11_feaver_bear:L239 return ""SQQQ""",49,0,,,,,,,,,,,,,,,,,
census,,rsi_exhaustion,7,T11,"t11_weights:L248 return {""UVXY"": 1.0}",371,0,,,,,,,,,,,,,,,,,
census,,rsi_exhaustion,7,T11,"t11_weights:L249 return {""UVXY"": 1 / 3, ""BIL"": 1 / 3, ""BTAL"": 1 / 3}",646,0,,,,,,,,,,,,,,,,,
census,,rsi_exhaustion,7,T11,"t11_weights:L253 return {""TQQQ"": 1.0}",28,0,,,,,,,,,,,,,,,,,
census,,rsi_exhaustion,7,T11,"t11_weights:L255 return {""SPXL"": 1.0}",14,0,,,,,,,,,,,,,,,,,
census,,rsi_exhaustion,7,T11,"t11_weights:L261 return {""TECL"": 1 / 3, ""SOXL"": 1 / 3, ""TQQQ"": 1 / 3}",735,0,,,,,,,,,,,,,,,,,
census,,rsi_exhaustion,7,T11,"t11_weights:L265 return {""TECL"": 1 / 3, ""SOXL"": 1 / 3, ""TQQQ"": 1 / 3}",88,0,,,,,,,,,,,,,,,,,
census,,rsi_exhaustion,7,T11,"t11_weights:L266 return {""TECS"": 1 / 3, ""SOXS"": 1 / 3, ""SQQQ"": 1 / 3}",369,0,,,,,,,,,,,,,,,,,
census,,rsi_exhaustion,7,T11,t11_weights:L275 return w,221,0,,,,,,,,,,,,,,,,,
census,,rsi_exhaustion,14,S2,"s2_weights:L288 return {""UVXY"": 1.0}",321,1,,,,,,,,,,,,,,,,,
census,,rsi_exhaustion,14,S2,"s2_weights:L289 return {""TQQQ"": 1.0}",1730,1,,,,,,,,,,,,,,,,,
census,,rsi_exhaustion,14,S2,"s2_weights:L293 return {""TECL"": 1.0}",22,1,,,,,,,,,,,,,,,,,
census,,rsi_exhaustion,14,S2,"s2_weights:L295 return {""SOXL"": 1.0}",15,1,,,,,,,,,,,,,,,,,
census,,rsi_exhaustion,14,S2,"s2_weights:L300 return {""SQQQ"": 1.0}",73,1,,,,,,,,,,,,,,,,,
census,,rsi_exhaustion,14,S2,"s2_weights:L301 return {""BSV"": 1.0}",122,1,,,,,,,,,,,,,,,,,
census,,rsi_exhaustion,14,S2,"s2_weights:L303 return {""TQQQ"": 1.0}",189,1,,,,,,,,,,,,,,,,,
census,,rsi_exhaustion,14,S3,s3_weights:L325 return {vol: 1.0},519,1,,,,,,,,,,,,,,,,,
census,,rsi_exhaustion,14,S3,"s3_weights:L326 return {""TQQQ"": 0.5, ""SOXL"": 0.5}",1448,1,,,,,,,,,,,,,,,,,
census,,rsi_exhaustion,14,S3,"s3_weights:L330 return {""SOXL"": 1.0}",39,1,,,,,,,,,,,,,,,,,
census,,rsi_exhaustion,14,S3,s3_weights:L332 return {}  # cash,466,1,,,,,,,,,,,,,,,,,
census,,rsi_exhaustion,14,T10,"t10_weights:L170 return {""UVXY"": 1.0}",756,1,,,,,,,,,,,,,,,,,
census,,rsi_exhaustion,14,T10,"t10_weights:L174 return {""TECL"": 1.0}",28,1,,,,,,,,,,,,,,,,,
census,,rsi_exhaustion,14,T10,"t10_weights:L176 return {""SOXL"": 1.0}",27,1,,,,,,,,,,,,,,,,,
census,,rsi_exhaustion,14,T10,"t10_weights:L178 return {""SPXL"": 1.0}",13,1,,,,,,,,,,,,,,,,,
census,,rsi_exhaustion,14,T10,"t10_weights:L180 return {""LABU"": 1.0}",22,1,,,,,,,,,,,,,,,,,
census,,rsi_exhaustion,14,T10,"t10_weights:L189 return {""TECL"": 1 / 3, ""SOXL"": 1 / 3, vol_short: 1 / 3}",1114,1,,,,,,,,,,,,,,,,,
census,,rsi_exhaustion,14,T10,"t10_weights:L190 return {""SQQQ"": 0.5, ""TLT"": 0.5}",512,1,,,,,,,,,,,,,,,,,
census,,rsi_exhaustion,14,T11,"_t11_bond_baller:L201 return ""QQQ""",194,1,,,,,,,,,,,,,,,,,
census,,rsi_exhaustion,14,T11,"_t11_bond_baller:L206 return ""TQQQ""",0,1,,,,,,,,,,,,,,,,,
census,,rsi_exhaustion,14,T11,"_t11_bond_baller:L207 return ""PSQ""",4,1,,,,,,,,,,,,,,,,,
census,,rsi_exhaustion,14,T11,"_t11_bond_baller:L209 return ""PSQ""",17,1,,,,,,,,,,,,,,,,,
census,,rsi_exhaustion,14,T11,"_t11_bond_baller:L210 return ""SQQQ""",43,1,,,,,,,,,,,,,,,,,
census,,rsi_exhaustion,14,T11,"_t11_feaver_bear:L229 return ""QLD""",9,1,,,,,,,,,,,,,,,,,
census,,rsi_exhaustion,14,T11,"_t11_feaver_bear:L230 return ""BTAL""",2,1,,,,,,,,,,,,,,,,,
census,,rsi_exhaustion,14,T11,"_t11_feaver_bear:L233 return ""PSQ""",0,1,,,,,,,,,,,,,,,,,
census,,rsi_exhaustion,14,T11,"_t11_feaver_bear:L235 return ""TQQQ""",111,1,,,,,,,,,,,,,,,,,
census,,rsi_exhaustion,14,T11,"_t11_feaver_bear:L236 return ""PSQ""",5,1,,,,,,,,,,,,,,,,,
census,,rsi_exhaustion,14,T11,"_t11_feaver_bear:L238 return ""PSQ""",82,1,,,,,,,,,,,,,,,,,
census,,rsi_exhaustion,14,T11,"_t11_feaver_bear:L239 return ""SQQQ""",49,1,,,,,,,,,,,,,,,,,
census,,rsi_exhaustion,14,T11,"t11_weights:L248 return {""UVXY"": 1.0}",55,1,,,,,,,,,,,,,,,,,
census,,rsi_exhaustion,14,T11,"t11_weights:L249 return {""UVXY"": 1 / 3, ""BIL"": 1 / 3, ""BTAL"": 1 / 3}",478,1,,,,,,,,,,,,,,,,,
census,,rsi_exhaustion,14,T11,"t11_weights:L253 return {""TQQQ"": 1.0}",28,1,,,,,,,,,,,,,,,,,
census,,rsi_exhaustion,14,T11,"t11_weights:L255 return {""SPXL"": 1.0}",14,1,,,,,,,,,,,,,,,,,
census,,rsi_exhaustion,14,T11,"t11_weights:L261 return {""TECL"": 1 / 3, ""SOXL"": 1 / 3, ""TQQQ"": 1 / 3}",1120,1,,,,,,,,,,,,,,,,,
census,,rsi_exhaustion,14,T11,"t11_weights:L265 return {""TECL"": 1 / 3, ""SOXL"": 1 / 3, ""TQQQ"": 1 / 3}",94,1,,,,,,,,,,,,,,,,,
census,,rsi_exhaustion,14,T11,"t11_weights:L266 return {""TECS"": 1 / 3, ""SOXS"": 1 / 3, ""SQQQ"": 1 / 3}",425,1,,,,,,,,,,,,,,,,,
census,,rsi_exhaustion,14,T11,t11_weights:L275 return w,258,1,,,,,,,,,,,,,,,,,
census,,rsi_exhaustion,28,S2,"s2_weights:L288 return {""UVXY"": 1.0}",86,0,,,,,,,,,,,,,,,,,
census,,rsi_exhaustion,28,S2,"s2_weights:L289 return {""TQQQ"": 1.0}",1965,0,,,,,,,,,,,,,,,,,
census,,rsi_exhaustion,28,S2,"s2_weights:L293 return {""TECL"": 1.0}",22,0,,,,,,,,,,,,,,,,,
census,,rsi_exhaustion,28,S2,"s2_weights:L295 return {""SOXL"": 1.0}",15,0,,,,,,,,,,,,,,,,,
census,,rsi_exhaustion,28,S2,"s2_weights:L300 return {""SQQQ"": 1.0}",73,0,,,,,,,,,,,,,,,,,
census,,rsi_exhaustion,28,S2,"s2_weights:L301 return {""BSV"": 1.0}",122,0,,,,,,,,,,,,,,,,,
census,,rsi_exhaustion,28,S2,"s2_weights:L303 return {""TQQQ"": 1.0}",189,0,,,,,,,,,,,,,,,,,
census,,rsi_exhaustion,28,S3,s3_weights:L325 return {vol: 1.0},137,0,,,,,,,,,,,,,,,,,
census,,rsi_exhaustion,28,S3,"s3_weights:L326 return {""TQQQ"": 0.5, ""SOXL"": 0.5}",1830,0,,,,,,,,,,,,,,,,,
census,,rsi_exhaustion,28,S3,"s3_weights:L330 return {""SOXL"": 1.0}",39,0,,,,,,,,,,,,,,,,,
census,,rsi_exhaustion,28,S3,s3_weights:L332 return {}  # cash,466,0,,,,,,,,,,,,,,,,,
census,,rsi_exhaustion,28,T10,"t10_weights:L170 return {""UVXY"": 1.0}",183,0,,,,,,,,,,,,,,,,,
census,,rsi_exhaustion,28,T10,"t10_weights:L174 return {""TECL"": 1.0}",28,0,,,,,,,,,,,,,,,,,
census,,rsi_exhaustion,28,T10,"t10_weights:L176 return {""SOXL"": 1.0}",27,0,,,,,,,,,,,,,,,,,
census,,rsi_exhaustion,28,T10,"t10_weights:L178 return {""SPXL"": 1.0}",13,0,,,,,,,,,,,,,,,,,
census,,rsi_exhaustion,28,T10,"t10_weights:L180 return {""LABU"": 1.0}",23,0,,,,,,,,,,,,,,,,,
census,,rsi_exhaustion,28,T10,"t10_weights:L189 return {""TECL"": 1 / 3, ""SOXL"": 1 / 3, vol_short: 1 / 3}",1579,0,,,,,,,,,,,,,,,,,
census,,rsi_exhaustion,28,T10,"t10_weights:L190 return {""SQQQ"": 0.5, ""TLT"": 0.5}",619,0,,,,,,,,,,,,,,,,,
census,,rsi_exhaustion,28,T11,"_t11_bond_baller:L201 return ""QQQ""",194,0,,,,,,,,,,,,,,,,,
census,,rsi_exhaustion,28,T11,"_t11_bond_baller:L206 return ""TQQQ""",0,0,,,,,,,,,,,,,,,,,
census,,rsi_exhaustion,28,T11,"_t11_bond_baller:L207 return ""PSQ""",4,0,,,,,,,,,,,,,,,,,
census,,rsi_exhaustion,28,T11,"_t11_bond_baller:L209 return ""PSQ""",17,0,,,,,,,,,,,,,,,,,
census,,rsi_exhaustion,28,T11,"_t11_bond_baller:L210 return ""SQQQ""",43,0,,,,,,,,,,,,,,,,,
census,,rsi_exhaustion,28,T11,"_t11_feaver_bear:L229 return ""QLD""",9,0,,,,,,,,,,,,,,,,,
census,,rsi_exhaustion,28,T11,"_t11_feaver_bear:L230 return ""BTAL""",2,0,,,,,,,,,,,,,,,,,
census,,rsi_exhaustion,28,T11,"_t11_feaver_bear:L233 return ""PSQ""",0,0,,,,,,,,,,,,,,,,,
census,,rsi_exhaustion,28,T11,"_t11_feaver_bear:L235 return ""TQQQ""",111,0,,,,,,,,,,,,,,,,,
census,,rsi_exhaustion,28,T11,"_t11_feaver_bear:L236 return ""PSQ""",5,0,,,,,,,,,,,,,,,,,
census,,rsi_exhaustion,28,T11,"_t11_feaver_bear:L238 return ""PSQ""",82,0,,,,,,,,,,,,,,,,,
census,,rsi_exhaustion,28,T11,"_t11_feaver_bear:L239 return ""SQQQ""",49,0,,,,,,,,,,,,,,,,,
census,,rsi_exhaustion,28,T11,"t11_weights:L248 return {""UVXY"": 1.0}",1,0,,,,,,,,,,,,,,,,,
census,,rsi_exhaustion,28,T11,"t11_weights:L249 return {""UVXY"": 1 / 3, ""BIL"": 1 / 3, ""BTAL"": 1 / 3}",150,0,,,,,,,,,,,,,,,,,
census,,rsi_exhaustion,28,T11,"t11_weights:L253 return {""TQQQ"": 1.0}",28,0,,,,,,,,,,,,,,,,,
census,,rsi_exhaustion,28,T11,"t11_weights:L255 return {""SPXL"": 1.0}",14,0,,,,,,,,,,,,,,,,,
census,,rsi_exhaustion,28,T11,"t11_weights:L261 return {""TECL"": 1 / 3, ""SOXL"": 1 / 3, ""TQQQ"": 1 / 3}",1443,0,,,,,,,,,,,,,,,,,
census,,rsi_exhaustion,28,T11,"t11_weights:L265 return {""TECL"": 1 / 3, ""SOXL"": 1 / 3, ""TQQQ"": 1 / 3}",95,0,,,,,,,,,,,,,,,,,
census,,rsi_exhaustion,28,T11,"t11_weights:L266 return {""TECS"": 1 / 3, ""SOXS"": 1 / 3, ""SQQQ"": 1 / 3}",483,0,,,,,,,,,,,,,,,,,
census,,rsi_exhaustion,28,T11,t11_weights:L275 return w,258,0,,,,,,,,,,,,,,,,,
census,,rsi_dip,7,S2,"s2_weights:L288 return {""UVXY"": 1.0}",321,0,,,,,,,,,,,,,,,,,
census,,rsi_dip,7,S2,"s2_weights:L289 return {""TQQQ"": 1.0}",1730,0,,,,,,,,,,,,,,,,,
census,,rsi_dip,7,S2,"s2_weights:L293 return {""TECL"": 1.0}",71,0,,,,,,,,,,,,,,,,,
census,,rsi_dip,7,S2,"s2_weights:L295 return {""SOXL"": 1.0}",20,0,,,,,,,,,,,,,,,,,
census,,rsi_dip,7,S2,"s2_weights:L300 return {""SQQQ"": 1.0}",47,0,,,,,,,,,,,,,,,,,
census,,rsi_dip,7,S2,"s2_weights:L301 return {""BSV"": 1.0}",94,0,,,,,,,,,,,,,,,,,
census,,rsi_dip,7,S2,"s2_weights:L303 return {""TQQQ"": 1.0}",189,0,,,,,,,,,,,,,,,,,
census,,rsi_dip,7,S3,s3_weights:L325 return {vol: 1.0},519,0,,,,,,,,,,,,,,,,,
census,,rsi_dip,7,S3,"s3_weights:L326 return {""TQQQ"": 0.5, ""SOXL"": 0.5}",1448,0,,,,,,,,,,,,,,,,,
census,,rsi_dip,7,S3,"s3_weights:L330 return {""SOXL"": 1.0}",113,0,,,,,,,,,,,,,,,,,
census,,rsi_dip,7,S3,s3_weights:L332 return {}  # cash,392,0,,,,,,,,,,,,,,,,,
census,,rsi_dip,7,T10,"t10_weights:L170 return {""UVXY"": 1.0}",756,0,,,,,,,,,,,,,,,,,
census,,rsi_dip,7,T10,"t10_weights:L174 return {""TECL"": 1.0}",151,0,,,,,,,,,,,,,,,,,
census,,rsi_dip,7,T10,"t10_weights:L176 return {""SOXL"": 1.0}",84,0,,,,,,,,,,,,,,,,,
census,,rsi_dip,7,T10,"t10_weights:L178 return {""SPXL"": 1.0}",31,0,,,,,,,,,,,,,,,,,
census,,rsi_dip,7,T10,"t10_weights:L180 return {""LABU"": 1.0}",60,0,,,,,,,,,,,,,,,,,
census,,rsi_dip,7,T10,"t10_weights:L189 return {""TECL"": 1 / 3, ""SOXL"": 1 / 3, vol_short: 1 / 3}",1015,0,,,,,,,,,,,,,,,,,
census,,rsi_dip,7,T10,"t10_weights:L190 return {""SQQQ"": 0.5, ""TLT"": 0.5}",375,0,,,,,,,,,,,,,,,,,
census,,rsi_dip,7,T11,"_t11_bond_baller:L201 return ""QQQ""",178,0,,,,,,,,,,,,,,,,,
census,,rsi_dip,7,T11,"_t11_bond_baller:L206 return ""TQQQ""",0,0,,,,,,,,,,,,,,,,,
census,,rsi_dip,7,T11,"_t11_bond_baller:L207 return ""PSQ""",4,0,,,,,,,,,,,,,,,,,
census,,rsi_dip,7,T11,"_t11_bond_baller:L209 return ""PSQ""",15,0,,,,,,,,,,,,,,,,,
census,,rsi_dip,7,T11,"_t11_bond_baller:L210 return ""SQQQ""",29,0,,,,,,,,,,,,,,,,,
census,,rsi_dip,7,T11,"_t11_feaver_bear:L229 return ""QLD""",7,0,,,,,,,,,,,,,,,,,
census,,rsi_dip,7,T11,"_t11_feaver_bear:L230 return ""BTAL""",2,0,,,,,,,,,,,,,,,,,
census,,rsi_dip,7,T11,"_t11_feaver_bear:L233 return ""PSQ""",16,0,,,,,,,,,,,,,,,,,
census,,rsi_dip,7,T11,"_t11_feaver_bear:L235 return ""TQQQ""",95,0,,,,,,,,,,,,,,,,,
census,,rsi_dip,7,T11,"_t11_feaver_bear:L236 return ""PSQ""",5,0,,,,,,,,,,,,,,,,,
census,,rsi_dip,7,T11,"_t11_feaver_bear:L238 return ""PSQ""",68,0,,,,,,,,,,,,,,,,,
census,,rsi_dip,7,T11,"_t11_feaver_bear:L239 return ""SQQQ""",33,0,,,,,,,,,,,,,,,,,
census,,rsi_dip,7,T11,"t11_weights:L248 return {""UVXY"": 1.0}",55,0,,,,,,,,,,,,,,,,,
census,,rsi_dip,7,T11,"t11_weights:L249 return {""UVXY"": 1 / 3, ""BIL"": 1 / 3, ""BTAL"": 1 / 3}",478,0,,,,,,,,,,,,,,,,,
census,,rsi_dip,7,T11,"t11_weights:L253 return {""TQQQ"": 1.0}",151,0,,,,,,,,,,,,,,,,,
census,,rsi_dip,7,T11,"t11_weights:L255 return {""SPXL"": 1.0}",37,0,,,,,,,,,,,,,,,,,
census,,rsi_dip,7,T11,"t11_weights:L261 return {""TECL"": 1 / 3, ""SOXL"": 1 / 3, ""TQQQ"": 1 / 3}",1082,0,,,,,,,,,,,,,,,,,
census,,rsi_dip,7,T11,"t11_weights:L265 return {""TECL"": 1 / 3, ""SOXL"": 1 / 3, ""TQQQ"": 1 / 3}",57,0,,,,,,,,,,,,,,,,,
census,,rsi_dip,7,T11,"t11_weights:L266 return {""TECS"": 1 / 3, ""SOXS"": 1 / 3, ""SQQQ"": 1 / 3}",386,0,,,,,,,,,,,,,,,,,
census,,rsi_dip,7,T11,t11_weights:L275 return w,226,0,,,,,,,,,,,,,,,,,
census,,rsi_dip,14,S2,"s2_weights:L288 return {""UVXY"": 1.0}",321,1,,,,,,,,,,,,,,,,,
census,,rsi_dip,14,S2,"s2_weights:L289 return {""TQQQ"": 1.0}",1730,1,,,,,,,,,,,,,,,,,
census,,rsi_dip,14,S2,"s2_weights:L293 return {""TECL"": 1.0}",22,1,,,,,,,,,,,,,,,,,
census,,rsi_dip,14,S2,"s2_weights:L295 return {""SOXL"": 1.0}",15,1,,,,,,,,,,,,,,,,,
census,,rsi_dip,14,S2,"s2_weights:L300 return {""SQQQ"": 1.0}",73,1,,,,,,,,,,,,,,,,,
census,,rsi_dip,14,S2,"s2_weights:L301 return {""BSV"": 1.0}",122,1,,,,,,,,,,,,,,,,,
census,,rsi_dip,14,S2,"s2_weights:L303 return {""TQQQ"": 1.0}",189,1,,,,,,,,,,,,,,,,,
census,,rsi_dip,14,S3,s3_weights:L325 return {vol: 1.0},519,1,,,,,,,,,,,,,,,,,
census,,rsi_dip,14,S3,"s3_weights:L326 return {""TQQQ"": 0.5, ""SOXL"": 0.5}",1448,1,,,,,,,,,,,,,,,,,
census,,rsi_dip,14,S3,"s3_weights:L330 return {""SOXL"": 1.0}",39,1,,,,,,,,,,,,,,,,,
census,,rsi_dip,14,S3,s3_weights:L332 return {}  # cash,466,1,,,,,,,,,,,,,,,,,
census,,rsi_dip,14,T10,"t10_weights:L170 return {""UVXY"": 1.0}",756,1,,,,,,,,,,,,,,,,,
census,,rsi_dip,14,T10,"t10_weights:L174 return {""TECL"": 1.0}",28,1,,,,,,,,,,,,,,,,,
census,,rsi_dip,14,T10,"t10_weights:L176 return {""SOXL"": 1.0}",27,1,,,,,,,,,,,,,,,,,
census,,rsi_dip,14,T10,"t10_weights:L178 return {""SPXL"": 1.0}",13,1,,,,,,,,,,,,,,,,,
census,,rsi_dip,14,T10,"t10_weights:L180 return {""LABU"": 1.0}",22,1,,,,,,,,,,,,,,,,,
census,,rsi_dip,14,T10,"t10_weights:L189 return {""TECL"": 1 / 3, ""SOXL"": 1 / 3, vol_short: 1 / 3}",1114,1,,,,,,,,,,,,,,,,,
census,,rsi_dip,14,T10,"t10_weights:L190 return {""SQQQ"": 0.5, ""TLT"": 0.5}",512,1,,,,,,,,,,,,,,,,,
census,,rsi_dip,14,T11,"_t11_bond_baller:L201 return ""QQQ""",194,1,,,,,,,,,,,,,,,,,
census,,rsi_dip,14,T11,"_t11_bond_baller:L206 return ""TQQQ""",0,1,,,,,,,,,,,,,,,,,
census,,rsi_dip,14,T11,"_t11_bond_baller:L207 return ""PSQ""",4,1,,,,,,,,,,,,,,,,,
census,,rsi_dip,14,T11,"_t11_bond_baller:L209 return ""PSQ""",17,1,,,,,,,,,,,,,,,,,
census,,rsi_dip,14,T11,"_t11_bond_baller:L210 return ""SQQQ""",43,1,,,,,,,,,,,,,,,,,
census,,rsi_dip,14,T11,"_t11_feaver_bear:L229 return ""QLD""",9,1,,,,,,,,,,,,,,,,,
census,,rsi_dip,14,T11,"_t11_feaver_bear:L230 return ""BTAL""",2,1,,,,,,,,,,,,,,,,,
census,,rsi_dip,14,T11,"_t11_feaver_bear:L233 return ""PSQ""",0,1,,,,,,,,,,,,,,,,,
census,,rsi_dip,14,T11,"_t11_feaver_bear:L235 return ""TQQQ""",111,1,,,,,,,,,,,,,,,,,
census,,rsi_dip,14,T11,"_t11_feaver_bear:L236 return ""PSQ""",5,1,,,,,,,,,,,,,,,,,
census,,rsi_dip,14,T11,"_t11_feaver_bear:L238 return ""PSQ""",82,1,,,,,,,,,,,,,,,,,
census,,rsi_dip,14,T11,"_t11_feaver_bear:L239 return ""SQQQ""",49,1,,,,,,,,,,,,,,,,,
census,,rsi_dip,14,T11,"t11_weights:L248 return {""UVXY"": 1.0}",55,1,,,,,,,,,,,,,,,,,
census,,rsi_dip,14,T11,"t11_weights:L249 return {""UVXY"": 1 / 3, ""BIL"": 1 / 3, ""BTAL"": 1 / 3}",478,1,,,,,,,,,,,,,,,,,
census,,rsi_dip,14,T11,"t11_weights:L253 return {""TQQQ"": 1.0}",28,1,,,,,,,,,,,,,,,,,
census,,rsi_dip,14,T11,"t11_weights:L255 return {""SPXL"": 1.0}",14,1,,,,,,,,,,,,,,,,,
census,,rsi_dip,14,T11,"t11_weights:L261 return {""TECL"": 1 / 3, ""SOXL"": 1 / 3, ""TQQQ"": 1 / 3}",1120,1,,,,,,,,,,,,,,,,,
census,,rsi_dip,14,T11,"t11_weights:L265 return {""TECL"": 1 / 3, ""SOXL"": 1 / 3, ""TQQQ"": 1 / 3}",94,1,,,,,,,,,,,,,,,,,
census,,rsi_dip,14,T11,"t11_weights:L266 return {""TECS"": 1 / 3, ""SOXS"": 1 / 3, ""SQQQ"": 1 / 3}",425,1,,,,,,,,,,,,,,,,,
census,,rsi_dip,14,T11,t11_weights:L275 return w,258,1,,,,,,,,,,,,,,,,,
census,,rsi_dip,28,S2,"s2_weights:L288 return {""UVXY"": 1.0}",321,0,,,,,,,,,,,,,,,,,
census,,rsi_dip,28,S2,"s2_weights:L289 return {""TQQQ"": 1.0}",1730,0,,,,,,,,,,,,,,,,,
census,,rsi_dip,28,S2,"s2_weights:L293 return {""TECL"": 1.0}",0,0,,,,,,,,,,,,,,,,,
census,,rsi_dip,28,S2,"s2_weights:L295 return {""SOXL"": 1.0}",0,0,,,,,,,,,,,,,,,,,
census,,rsi_dip,28,S2,"s2_weights:L300 return {""SQQQ"": 1.0}",96,0,,,,,,,,,,,,,,,,,
census,,rsi_dip,28,S2,"s2_weights:L301 return {""BSV"": 1.0}",136,0,,,,,,,,,,,,,,,,,
census,,rsi_dip,28,S2,"s2_weights:L303 return {""TQQQ"": 1.0}",189,0,,,,,,,,,,,,,,,,,
census,,rsi_dip,28,S3,s3_weights:L325 return {vol: 1.0},519,0,,,,,,,,,,,,,,,,,
census,,rsi_dip,28,S3,"s3_weights:L326 return {""TQQQ"": 0.5, ""SOXL"": 0.5}",1448,0,,,,,,,,,,,,,,,,,
census,,rsi_dip,28,S3,"s3_weights:L330 return {""SOXL"": 1.0}",1,0,,,,,,,,,,,,,,,,,
census,,rsi_dip,28,S3,s3_weights:L332 return {}  # cash,504,0,,,,,,,,,,,,,,,,,
census,,rsi_dip,28,T10,"t10_weights:L170 return {""UVXY"": 1.0}",756,0,,,,,,,,,,,,,,,,,
census,,rsi_dip,28,T10,"t10_weights:L174 return {""TECL"": 1.0}",0,0,,,,,,,,,,,,,,,,,
census,,rsi_dip,28,T10,"t10_weights:L176 return {""SOXL"": 1.0}",0,0,,,,,,,,,,,,,,,,,
census,,rsi_dip,28,T10,"t10_weights:L178 return {""SPXL"": 1.0}",4,0,,,,,,,,,,,,,,,,,
census,,rsi_dip,28,T10,"t10_weights:L180 return {""LABU"": 1.0}",0,0,,,,,,,,,,,,,,,,,
census,,rsi_dip,28,T10,"t10_weights:L189 return {""TECL"": 1 / 3, ""SOXL"": 1 / 3, vol_short: 1 / 3}",1127,0,,,,,,,,,,,,,,,,,
census,,rsi_dip,28,T10,"t10_weights:L190 return {""SQQQ"": 0.5, ""TLT"": 0.5}",585,0,,,,,,,,,,,,,,,,,
census,,rsi_dip,28,T11,"_t11_bond_baller:L201 return ""QQQ""",202,0,,,,,,,,,,,,,,,,,
census,,rsi_dip,28,T11,"_t11_bond_baller:L206 return ""TQQQ""",0,0,,,,,,,,,,,,,,,,,
census,,rsi_dip,28,T11,"_t11_bond_baller:L207 return ""PSQ""",4,0,,,,,,,,,,,,,,,,,
census,,rsi_dip,28,T11,"_t11_bond_baller:L209 return ""PSQ""",20,0,,,,,,,,,,,,,,,,,
census,,rsi_dip,28,T11,"_t11_bond_baller:L210 return ""SQQQ""",55,0,,,,,,,,,,,,,,,,,
census,,rsi_dip,28,T11,"_t11_feaver_bear:L229 return ""QLD""",13,0,,,,,,,,,,,,,,,,,
census,,rsi_dip,28,T11,"_t11_feaver_bear:L230 return ""BTAL""",2,0,,,,,,,,,,,,,,,,,
census,,rsi_dip,28,T11,"_t11_feaver_bear:L233 return ""PSQ""",0,0,,,,,,,,,,,,,,,,,
census,,rsi_dip,28,T11,"_t11_feaver_bear:L235 return ""TQQQ""",111,0,,,,,,,,,,,,,,,,,
census,,rsi_dip,28,T11,"_t11_feaver_bear:L236 return ""PSQ""",5,0,,,,,,,,,,,,,,,,,
census,,rsi_dip,28,T11,"_t11_feaver_bear:L238 return ""PSQ""",89,0,,,,,,,,,,,,,,,,,
census,,rsi_dip,28,T11,"_t11_feaver_bear:L239 return ""SQQQ""",61,0,,,,,,,,,,,,,,,,,
census,,rsi_dip,28,T11,"t11_weights:L248 return {""UVXY"": 1.0}",55,0,,,,,,,,,,,,,,,,,
census,,rsi_dip,28,T11,"t11_weights:L249 return {""UVXY"": 1 / 3, ""BIL"": 1 / 3, ""BTAL"": 1 / 3}",478,0,,,,,,,,,,,,,,,,,
census,,rsi_dip,28,T11,"t11_weights:L253 return {""TQQQ"": 1.0}",0,0,,,,,,,,,,,,,,,,,
census,,rsi_dip,28,T11,"t11_weights:L255 return {""SPXL"": 1.0}",4,0,,,,,,,,,,,,,,,,,
census,,rsi_dip,28,T11,"t11_weights:L261 return {""TECL"": 1 / 3, ""SOXL"": 1 / 3, ""TQQQ"": 1 / 3}",1125,0,,,,,,,,,,,,,,,,,
census,,rsi_dip,28,T11,"t11_weights:L265 return {""TECL"": 1 / 3, ""SOXL"": 1 / 3, ""TQQQ"": 1 / 3}",99,0,,,,,,,,,,,,,,,,,
census,,rsi_dip,28,T11,"t11_weights:L266 return {""TECS"": 1 / 3, ""SOXS"": 1 / 3, ""SQQQ"": 1 / 3}",430,0,,,,,,,,,,,,,,,,,
census,,rsi_dip,28,T11,t11_weights:L275 return w,281,0,,,,,,,,,,,,,,,,,
census,,rsi_rs,7,S2,"s2_weights:L288 return {""UVXY"": 1.0}",321,0,,,,,,,,,,,,,,,,,
census,,rsi_rs,7,S2,"s2_weights:L289 return {""TQQQ"": 1.0}",1730,0,,,,,,,,,,,,,,,,,
census,,rsi_rs,7,S2,"s2_weights:L293 return {""TECL"": 1.0}",22,0,,,,,,,,,,,,,,,,,
census,,rsi_rs,7,S2,"s2_weights:L295 return {""SOXL"": 1.0}",15,0,,,,,,,,,,,,,,,,,
census,,rsi_rs,7,S2,"s2_weights:L300 return {""SQQQ"": 1.0}",87,0,,,,,,,,,,,,,,,,,
census,,rsi_rs,7,S2,"s2_weights:L301 return {""BSV"": 1.0}",108,0,,,,,,,,,,,,,,,,,
census,,rsi_rs,7,S2,"s2_weights:L303 return {""TQQQ"": 1.0}",189,0,,,,,,,,,,,,,,,,,
census,,rsi_rs,7,S3,s3_weights:L325 return {vol: 1.0},519,0,,,,,,,,,,,,,,,,,
census,,rsi_rs,7,S3,"s3_weights:L326 return {""TQQQ"": 0.5, ""SOXL"": 0.5}",1448,0,,,,,,,,,,,,,,,,,
census,,rsi_rs,7,S3,"s3_weights:L330 return {""SOXL"": 1.0}",39,0,,,,,,,,,,,,,,,,,
census,,rsi_rs,7,S3,s3_weights:L332 return {}  # cash,466,0,,,,,,,,,,,,,,,,,
census,,rsi_rs,7,T10,"t10_weights:L170 return {""UVXY"": 1.0}",756,0,,,,,,,,,,,,,,,,,
census,,rsi_rs,7,T10,"t10_weights:L174 return {""TECL"": 1.0}",28,0,,,,,,,,,,,,,,,,,
census,,rsi_rs,7,T10,"t10_weights:L176 return {""SOXL"": 1.0}",27,0,,,,,,,,,,,,,,,,,
census,,rsi_rs,7,T10,"t10_weights:L178 return {""SPXL"": 1.0}",13,0,,,,,,,,,,,,,,,,,
census,,rsi_rs,7,T10,"t10_weights:L180 return {""LABU"": 1.0}",22,0,,,,,,,,,,,,,,,,,
census,,rsi_rs,7,T10,"t10_weights:L189 return {""TECL"": 1 / 3, ""SOXL"": 1 / 3, vol_short: 1 / 3}",995,0,,,,,,,,,,,,,,,,,
census,,rsi_rs,7,T10,"t10_weights:L190 return {""SQQQ"": 0.5, ""TLT"": 0.5}",631,0,,,,,,,,,,,,,,,,,
census,,rsi_rs,7,T11,"_t11_bond_baller:L201 return ""QQQ""",192,0,,,,,,,,,,,,,,,,,
census,,rsi_rs,7,T11,"_t11_bond_baller:L206 return ""TQQQ""",5,0,,,,,,,,,,,,,,,,,
census,,rsi_rs,7,T11,"_t11_bond_baller:L207 return ""PSQ""",4,0,,,,,,,,,,,,,,,,,
census,,rsi_rs,7,T11,"_t11_bond_baller:L209 return ""PSQ""",17,0,,,,,,,,,,,,,,,,,
census,,rsi_rs,7,T11,"_t11_bond_baller:L210 return ""SQQQ""",40,0,,,,,,,,,,,,,,,,,
census,,rsi_rs,7,T11,"_t11_feaver_bear:L229 return ""QLD""",9,0,,,,,,,,,,,,,,,,,
census,,rsi_rs,7,T11,"_t11_feaver_bear:L230 return ""BTAL""",2,0,,,,,,,,,,,,,,,,,
census,,rsi_rs,7,T11,"_t11_feaver_bear:L233 return ""PSQ""",0,0,,,,,,,,,,,,,,,,,
census,,rsi_rs,7,T11,"_t11_feaver_bear:L235 return ""TQQQ""",109,0,,,,,,,,,,,,,,,,,
census,,rsi_rs,7,T11,"_t11_feaver_bear:L236 return ""PSQ""",7,0,,,,,,,,,,,,,,,,,
census,,rsi_rs,7,T11,"_t11_feaver_bear:L238 return ""PSQ""",82,0,,,,,,,,,,,,,,,,,
census,,rsi_rs,7,T11,"_t11_feaver_bear:L239 return ""SQQQ""",49,0,,,,,,,,,,,,,,,,,
census,,rsi_rs,7,T11,"t11_weights:L248 return {""UVXY"": 1.0}",55,0,,,,,,,,,,,,,,,,,
census,,rsi_rs,7,T11,"t11_weights:L249 return {""UVXY"": 1 / 3, ""BIL"": 1 / 3, ""BTAL"": 1 / 3}",478,0,,,,,,,,,,,,,,,,,
census,,rsi_rs,7,T11,"t11_weights:L253 return {""TQQQ"": 1.0}",28,0,,,,,,,,,,,,,,,,,
census,,rsi_rs,7,T11,"t11_weights:L255 return {""SPXL"": 1.0}",14,0,,,,,,,,,,,,,,,,,
census,,rsi_rs,7,T11,"t11_weights:L261 return {""TECL"": 1 / 3, ""SOXL"": 1 / 3, ""TQQQ"": 1 / 3}",1001,0,,,,,,,,,,,,,,,,,
census,,rsi_rs,7,T11,"t11_weights:L265 return {""TECL"": 1 / 3, ""SOXL"": 1 / 3, ""TQQQ"": 1 / 3}",152,0,,,,,,,,,,,,,,,,,
census,,rsi_rs,7,T11,"t11_weights:L266 return {""TECS"": 1 / 3, ""SOXS"": 1 / 3, ""SQQQ"": 1 / 3}",486,0,,,,,,,,,,,,,,,,,
census,,rsi_rs,7,T11,t11_weights:L275 return w,258,0,,,,,,,,,,,,,,,,,
census,,rsi_rs,14,S2,"s2_weights:L288 return {""UVXY"": 1.0}",321,1,,,,,,,,,,,,,,,,,
census,,rsi_rs,14,S2,"s2_weights:L289 return {""TQQQ"": 1.0}",1730,1,,,,,,,,,,,,,,,,,
census,,rsi_rs,14,S2,"s2_weights:L293 return {""TECL"": 1.0}",22,1,,,,,,,,,,,,,,,,,
census,,rsi_rs,14,S2,"s2_weights:L295 return {""SOXL"": 1.0}",15,1,,,,,,,,,,,,,,,,,
census,,rsi_rs,14,S2,"s2_weights:L300 return {""SQQQ"": 1.0}",73,1,,,,,,,,,,,,,,,,,
census,,rsi_rs,14,S2,"s2_weights:L301 return {""BSV"": 1.0}",122,1,,,,,,,,,,,,,,,,,
census,,rsi_rs,14,S2,"s2_weights:L303 return {""TQQQ"": 1.0}",189,1,,,,,,,,,,,,,,,,,
census,,rsi_rs,14,S3,s3_weights:L325 return {vol: 1.0},519,1,,,,,,,,,,,,,,,,,
census,,rsi_rs,14,S3,"s3_weights:L326 return {""TQQQ"": 0.5, ""SOXL"": 0.5}",1448,1,,,,,,,,,,,,,,,,,
census,,rsi_rs,14,S3,"s3_weights:L330 return {""SOXL"": 1.0}",39,1,,,,,,,,,,,,,,,,,
census,,rsi_rs,14,S3,s3_weights:L332 return {}  # cash,466,1,,,,,,,,,,,,,,,,,
census,,rsi_rs,14,T10,"t10_weights:L170 return {""UVXY"": 1.0}",756,1,,,,,,,,,,,,,,,,,
census,,rsi_rs,14,T10,"t10_weights:L174 return {""TECL"": 1.0}",28,1,,,,,,,,,,,,,,,,,
census,,rsi_rs,14,T10,"t10_weights:L176 return {""SOXL"": 1.0}",27,1,,,,,,,,,,,,,,,,,
census,,rsi_rs,14,T10,"t10_weights:L178 return {""SPXL"": 1.0}",13,1,,,,,,,,,,,,,,,,,
census,,rsi_rs,14,T10,"t10_weights:L180 return {""LABU"": 1.0}",22,1,,,,,,,,,,,,,,,,,
census,,rsi_rs,14,T10,"t10_weights:L189 return {""TECL"": 1 / 3, ""SOXL"": 1 / 3, vol_short: 1 / 3}",1114,1,,,,,,,,,,,,,,,,,
census,,rsi_rs,14,T10,"t10_weights:L190 return {""SQQQ"": 0.5, ""TLT"": 0.5}",512,1,,,,,,,,,,,,,,,,,
census,,rsi_rs,14,T11,"_t11_bond_baller:L201 return ""QQQ""",194,1,,,,,,,,,,,,,,,,,
census,,rsi_rs,14,T11,"_t11_bond_baller:L206 return ""TQQQ""",0,1,,,,,,,,,,,,,,,,,
census,,rsi_rs,14,T11,"_t11_bond_baller:L207 return ""PSQ""",4,1,,,,,,,,,,,,,,,,,
census,,rsi_rs,14,T11,"_t11_bond_baller:L209 return ""PSQ""",17,1,,,,,,,,,,,,,,,,,
census,,rsi_rs,14,T11,"_t11_bond_baller:L210 return ""SQQQ""",43,1,,,,,,,,,,,,,,,,,
census,,rsi_rs,14,T11,"_t11_feaver_bear:L229 return ""QLD""",9,1,,,,,,,,,,,,,,,,,
census,,rsi_rs,14,T11,"_t11_feaver_bear:L230 return ""BTAL""",2,1,,,,,,,,,,,,,,,,,
census,,rsi_rs,14,T11,"_t11_feaver_bear:L233 return ""PSQ""",0,1,,,,,,,,,,,,,,,,,
census,,rsi_rs,14,T11,"_t11_feaver_bear:L235 return ""TQQQ""",111,1,,,,,,,,,,,,,,,,,
census,,rsi_rs,14,T11,"_t11_feaver_bear:L236 return ""PSQ""",5,1,,,,,,,,,,,,,,,,,
census,,rsi_rs,14,T11,"_t11_feaver_bear:L238 return ""PSQ""",82,1,,,,,,,,,,,,,,,,,
census,,rsi_rs,14,T11,"_t11_feaver_bear:L239 return ""SQQQ""",49,1,,,,,,,,,,,,,,,,,
census,,rsi_rs,14,T11,"t11_weights:L248 return {""UVXY"": 1.0}",55,1,,,,,,,,,,,,,,,,,
census,,rsi_rs,14,T11,"t11_weights:L249 return {""UVXY"": 1 / 3, ""BIL"": 1 / 3, ""BTAL"": 1 / 3}",478,1,,,,,,,,,,,,,,,,,
census,,rsi_rs,14,T11,"t11_weights:L253 return {""TQQQ"": 1.0}",28,1,,,,,,,,,,,,,,,,,
census,,rsi_rs,14,T11,"t11_weights:L255 return {""SPXL"": 1.0}",14,1,,,,,,,,,,,,,,,,,
census,,rsi_rs,14,T11,"t11_weights:L261 return {""TECL"": 1 / 3, ""SOXL"": 1 / 3, ""TQQQ"": 1 / 3}",1120,1,,,,,,,,,,,,,,,,,
census,,rsi_rs,14,T11,"t11_weights:L265 return {""TECL"": 1 / 3, ""SOXL"": 1 / 3, ""TQQQ"": 1 / 3}",94,1,,,,,,,,,,,,,,,,,
census,,rsi_rs,14,T11,"t11_weights:L266 return {""TECS"": 1 / 3, ""SOXS"": 1 / 3, ""SQQQ"": 1 / 3}",425,1,,,,,,,,,,,,,,,,,
census,,rsi_rs,14,T11,t11_weights:L275 return w,258,1,,,,,,,,,,,,,,,,,
census,,rsi_rs,28,S2,"s2_weights:L288 return {""UVXY"": 1.0}",321,0,,,,,,,,,,,,,,,,,
census,,rsi_rs,28,S2,"s2_weights:L289 return {""TQQQ"": 1.0}",1730,0,,,,,,,,,,,,,,,,,
census,,rsi_rs,28,S2,"s2_weights:L293 return {""TECL"": 1.0}",22,0,,,,,,,,,,,,,,,,,
census,,rsi_rs,28,S2,"s2_weights:L295 return {""SOXL"": 1.0}",15,0,,,,,,,,,,,,,,,,,
census,,rsi_rs,28,S2,"s2_weights:L300 return {""SQQQ"": 1.0}",63,0,,,,,,,,,,,,,,,,,
census,,rsi_rs,28,S2,"s2_weights:L301 return {""BSV"": 1.0}",132,0,,,,,,,,,,,,,,,,,
census,,rsi_rs,28,S2,"s2_weights:L303 return {""TQQQ"": 1.0}",189,0,,,,,,,,,,,,,,,,,
census,,rsi_rs,28,S3,s3_weights:L325 return {vol: 1.0},519,0,,,,,,,,,,,,,,,,,
census,,rsi_rs,28,S3,"s3_weights:L326 return {""TQQQ"": 0.5, ""SOXL"": 0.5}",1448,0,,,,,,,,,,,,,,,,,
census,,rsi_rs,28,S3,"s3_weights:L330 return {""SOXL"": 1.0}",39,0,,,,,,,,,,,,,,,,,
census,,rsi_rs,28,S3,s3_weights:L332 return {}  # cash,466,0,,,,,,,,,,,,,,,,,
census,,rsi_rs,28,T10,"t10_weights:L170 return {""UVXY"": 1.0}",756,0,,,,,,,,,,,,,,,,,
census,,rsi_rs,28,T10,"t10_weights:L174 return {""TECL"": 1.0}",28,0,,,,,,,,,,,,,,,,,
census,,rsi_rs,28,T10,"t10_weights:L176 return {""SOXL"": 1.0}",27,0,,,,,,,,,,,,,,,,,
census,,rsi_rs,28,T10,"t10_weights:L178 return {""SPXL"": 1.0}",13,0,,,,,,,,,,,,,,,,,
census,,rsi_rs,28,T10,"t10_weights:L180 return {""LABU"": 1.0}",22,0,,,,,,,,,,,,,,,,,
census,,rsi_rs,28,T10,"t10_weights:L189 return {""TECL"": 1 / 3, ""SOXL"": 1 / 3, vol_short: 1 / 3}",1241,0,,,,,,,,,,,,,,,,,
census,,rsi_rs,28,T10,"t10_weights:L190 return {""SQQQ"": 0.5, ""TLT"": 0.5}",385,0,,,,,,,,,,,,,,,,,
census,,rsi_rs,28,T11,"_t11_bond_baller:L201 return ""QQQ""",198,0,,,,,,,,,,,,,,,,,
census,,rsi_rs,28,T11,"_t11_bond_baller:L206 return ""TQQQ""",2,0,,,,,,,,,,,,,,,,,
census,,rsi_rs,28,T11,"_t11_bond_baller:L207 return ""PSQ""",4,0,,,,,,,,,,,,,,,,,
census,,rsi_rs,28,T11,"_t11_bond_baller:L209 return ""PSQ""",12,0,,,,,,,,,,,,,,,,,
census,,rsi_rs,28,T11,"_t11_bond_baller:L210 return ""SQQQ""",42,0,,,,,,,,,,,,,,,,,
census,,rsi_rs,28,T11,"_t11_feaver_bear:L229 return ""QLD""",9,0,,,,,,,,,,,,,,,,,
census,,rsi_rs,28,T11,"_t11_feaver_bear:L230 return ""BTAL""",2,0,,,,,,,,,,,,,,,,,
census,,rsi_rs,28,T11,"_t11_feaver_bear:L233 return ""PSQ""",0,0,,,,,,,,,,,,,,,,,
census,,rsi_rs,28,T11,"_t11_feaver_bear:L235 return ""TQQQ""",111,0,,,,,,,,,,,,,,,,,
census,,rsi_rs,28,T11,"_t11_feaver_bear:L236 return ""PSQ""",5,0,,,,,,,,,,,,,,,,,
census,,rsi_rs,28,T11,"_t11_feaver_bear:L238 return ""PSQ""",89,0,,,,,,,,,,,,,,,,,
census,,rsi_rs,28,T11,"_t11_feaver_bear:L239 return ""SQQQ""",42,0,,,,,,,,,,,,,,,,,
census,,rsi_rs,28,T11,"t11_weights:L248 return {""UVXY"": 1.0}",55,0,,,,,,,,,,,,,,,,,
census,,rsi_rs,28,T11,"t11_weights:L249 return {""UVXY"": 1 / 3, ""BIL"": 1 / 3, ""BTAL"": 1 / 3}",478,0,,,,,,,,,,,,,,,,,
census,,rsi_rs,28,T11,"t11_weights:L253 return {""TQQQ"": 1.0}",28,0,,,,,,,,,,,,,,,,,
census,,rsi_rs,28,T11,"t11_weights:L255 return {""SPXL"": 1.0}",14,0,,,,,,,,,,,,,,,,,
census,,rsi_rs,28,T11,"t11_weights:L261 return {""TECL"": 1 / 3, ""SOXL"": 1 / 3, ""TQQQ"": 1 / 3}",1259,0,,,,,,,,,,,,,,,,,
census,,rsi_rs,28,T11,"t11_weights:L265 return {""TECL"": 1 / 3, ""SOXL"": 1 / 3, ""TQQQ"": 1 / 3}",70,0,,,,,,,,,,,,,,,,,
census,,rsi_rs,28,T11,"t11_weights:L266 return {""TECS"": 1 / 3, ""SOXS"": 1 / 3, ""SQQQ"": 1 / 3}",310,0,,,,,,,,,,,,,,,,,
census,,rsi_rs,28,T11,t11_weights:L275 return w,258,0,,,,,,,,,,,,,,,,,
census,,overbought_t1,60,S2,"s2_weights:L288 return {""UVXY"": 1.0}",930,0,,,,,,,,,,,,,,,,,
census,,overbought_t1,60,S2,"s2_weights:L289 return {""TQQQ"": 1.0}",1121,0,,,,,,,,,,,,,,,,,
census,,overbought_t1,60,S2,"s2_weights:L293 return {""TECL"": 1.0}",22,0,,,,,,,,,,,,,,,,,
census,,overbought_t1,60,S2,"s2_weights:L295 return {""SOXL"": 1.0}",15,0,,,,,,,,,,,,,,,,,
census,,overbought_t1,60,S2,"s2_weights:L300 return {""SQQQ"": 1.0}",73,0,,,,,,,,,,,,,,,,,
census,,overbought_t1,60,S2,"s2_weights:L301 return {""BSV"": 1.0}",122,0,,,,,,,,,,,,,,,,,
census,,overbought_t1,60,S2,"s2_weights:L303 return {""TQQQ"": 1.0}",189,0,,,,,,,,,,,,,,,,,
census,,overbought_t1,60,S3,s3_weights:L325 return {vol: 1.0},1305,0,,,,,,,,,,,,,,,,,
census,,overbought_t1,60,S3,"s3_weights:L326 return {""TQQQ"": 0.5, ""SOXL"": 0.5}",662,0,,,,,,,,,,,,,,,,,
census,,overbought_t1,60,S3,"s3_weights:L330 return {""SOXL"": 1.0}",39,0,,,,,,,,,,,,,,,,,
census,,overbought_t1,60,S3,s3_weights:L332 return {}  # cash,466,0,,,,,,,,,,,,,,,,,
census,,overbought_t1,60,T10,"t10_weights:L170 return {""UVXY"": 1.0}",1683,0,,,,,,,,,,,,,,,,,
census,,overbought_t1,60,T10,"t10_weights:L174 return {""TECL"": 1.0}",28,0,,,,,,,,,,,,,,,,,
census,,overbought_t1,60,T10,"t10_weights:L176 return {""SOXL"": 1.0}",23,0,,,,,,,,,,,,,,,,,
census,,overbought_t1,60,T10,"t10_weights:L178 return {""SPXL"": 1.0}",13,0,,,,,,,,,,,,,,,,,
census,,overbought_t1,60,T10,"t10_weights:L180 return {""LABU"": 1.0}",20,0,,,,,,,,,,,,,,,,,
census,,overbought_t1,60,T10,"t10_weights:L189 return {""TECL"": 1 / 3, ""SOXL"": 1 / 3, vol_short: 1 / 3}",410,0,,,,,,,,,,,,,,,,,
census,,overbought_t1,60,T10,"t10_weights:L190 return {""SQQQ"": 0.5, ""TLT"": 0.5}",295,0,,,,,,,,,,,,,,,,,
census,,overbought_t1,60,T11,"_t11_bond_baller:L201 return ""QQQ""",150,0,,,,,,,,,,,,,,,,,
census,,overbought_t1,60,T11,"_t11_bond_baller:L206 return ""TQQQ""",0,0,,,,,,,,,,,,,,,,,
census,,overbought_t1,60,T11,"_t11_bond_baller:L207 return ""PSQ""",4,0,,,,,,,,,,,,,,,,,
census,,overbought_t1,60,T11,"_t11_bond_baller:L209 return ""PSQ""",17,0,,,,,,,,,,,,,,,,,
census,,overbought_t1,60,T11,"_t11_bond_baller:L210 return ""SQQQ""",43,0,,,,,,,,,,,,,,,,,
census,,overbought_t1,60,T11,"_t11_feaver_bear:L229 return ""QLD""",9,0,,,,,,,,,,,,,,,,,
census,,overbought_t1,60,T11,"_t11_feaver_bear:L230 return ""BTAL""",2,0,,,,,,,,,,,,,,,,,
census,,overbought_t1,60,T11,"_t11_feaver_bear:L233 return ""PSQ""",0,0,,,,,,,,,,,,,,,,,
census,,overbought_t1,60,T11,"_t11_feaver_bear:L235 return ""TQQQ""",67,0,,,,,,,,,,,,,,,,,
census,,overbought_t1,60,T11,"_t11_feaver_bear:L236 return ""PSQ""",5,0,,,,,,,,,,,,,,,,,
census,,overbought_t1,60,T11,"_t11_feaver_bear:L238 return ""PSQ""",82,0,,,,,,,,,,,,,,,,,
census,,overbought_t1,60,T11,"_t11_feaver_bear:L239 return ""SQQQ""",49,0,,,,,,,,,,,,,,,,,
census,,overbought_t1,60,T11,"t11_weights:L248 return {""UVXY"": 1.0}",533,0,,,,,,,,,,,,,,,,,
census,,overbought_t1,60,T11,"t11_weights:L249 return {""UVXY"": 1 / 3, ""BIL"": 1 / 3, ""BTAL"": 1 / 3}",899,0,,,,,,,,,,,,,,,,,
census,,overbought_t1,60,T11,"t11_weights:L253 return {""TQQQ"": 1.0}",28,0,,,,,,,,,,,,,,,,,
census,,overbought_t1,60,T11,"t11_weights:L255 return {""SPXL"": 1.0}",14,0,,,,,,,,,,,,,,,,,
census,,overbought_t1,60,T11,"t11_weights:L261 return {""TECL"": 1 / 3, ""SOXL"": 1 / 3, ""TQQQ"": 1 / 3}",452,0,,,,,,,,,,,,,,,,,
census,,overbought_t1,60,T11,"t11_weights:L265 return {""TECL"": 1 / 3, ""SOXL"": 1 / 3, ""TQQQ"": 1 / 3}",78,0,,,,,,,,,,,,,,,,,
census,,overbought_t1,60,T11,"t11_weights:L266 return {""TECS"": 1 / 3, ""SOXS"": 1 / 3, ""SQQQ"": 1 / 3}",254,0,,,,,,,,,,,,,,,,,
census,,overbought_t1,60,T11,t11_weights:L275 return w,214,0,,,,,,,,,,,,,,,,,
census,,overbought_t1,65,S2,"s2_weights:L288 return {""UVXY"": 1.0}",611,0,,,,,,,,,,,,,,,,,
census,,overbought_t1,65,S2,"s2_weights:L289 return {""TQQQ"": 1.0}",1440,0,,,,,,,,,,,,,,,,,
census,,overbought_t1,65,S2,"s2_weights:L293 return {""TECL"": 1.0}",22,0,,,,,,,,,,,,,,,,,
census,,overbought_t1,65,S2,"s2_weights:L295 return {""SOXL"": 1.0}",15,0,,,,,,,,,,,,,,,,,
census,,overbought_t1,65,S2,"s2_weights:L300 return {""SQQQ"": 1.0}",73,0,,,,,,,,,,,,,,,,,
census,,overbought_t1,65,S2,"s2_weights:L301 return {""BSV"": 1.0}",122,0,,,,,,,,,,,,,,,,,
census,,overbought_t1,65,S2,"s2_weights:L303 return {""TQQQ"": 1.0}",189,0,,,,,,,,,,,,,,,,,
census,,overbought_t1,65,S3,s3_weights:L325 return {vol: 1.0},935,0,,,,,,,,,,,,,,,,,
census,,overbought_t1,65,S3,"s3_weights:L326 return {""TQQQ"": 0.5, ""SOXL"": 0.5}",1032,0,,,,,,,,,,,,,,,,,
census,,overbought_t1,65,S3,"s3_weights:L330 return {""SOXL"": 1.0}",39,0,,,,,,,,,,,,,,,,,
census,,overbought_t1,65,S3,s3_weights:L332 return {}  # cash,466,0,,,,,,,,,,,,,,,,,
census,,overbought_t1,65,T10,"t10_weights:L170 return {""UVXY"": 1.0}",1276,0,,,,,,,,,,,,,,,,,
census,,overbought_t1,65,T10,"t10_weights:L174 return {""TECL"": 1.0}",28,0,,,,,,,,,,,,,,,,,
census,,overbought_t1,65,T10,"t10_weights:L176 return {""SOXL"": 1.0}",26,0,,,,,,,,,,,,,,,,,
census,,overbought_t1,65,T10,"t10_weights:L178 return {""SPXL"": 1.0}",13,0,,,,,,,,,,,,,,,,,
census,,overbought_t1,65,T10,"t10_weights:L180 return {""LABU"": 1.0}",22,0,,,,,,,,,,,,,,,,,
census,,overbought_t1,65,T10,"t10_weights:L189 return {""TECL"": 1 / 3, ""SOXL"": 1 / 3, vol_short: 1 / 3}",702,0,,,,,,,,,,,,,,,,,
census,,overbought_t1,65,T10,"t10_weights:L190 return {""SQQQ"": 0.5, ""TLT"": 0.5}",405,0,,,,,,,,,,,,,,,,,
census,,overbought_t1,65,T11,"_t11_bond_baller:L201 return ""QQQ""",190,0,,,,,,,,,,,,,,,,,
census,,overbought_t1,65,T11,"_t11_bond_baller:L206 return ""TQQQ""",0,0,,,,,,,,,,,,,,,,,
census,,overbought_t1,65,T11,"_t11_bond_baller:L207 return ""PSQ""",4,0,,,,,,,,,,,,,,,,,
census,,overbought_t1,65,T11,"_t11_bond_baller:L209 return ""PSQ""",17,0,,,,,,,,,,,,,,,,,
census,,overbought_t1,65,T11,"_t11_bond_baller:L210 return ""SQQQ""",43,0,,,,,,,,,,,,,,,,,
census,,overbought_t1,65,T11,"_t11_feaver_bear:L229 return ""QLD""",9,0,,,,,,,,,,,,,,,,,
census,,overbought_t1,65,T11,"_t11_feaver_bear:L230 return ""BTAL""",2,0,,,,,,,,,,,,,,,,,
census,,overbought_t1,65,T11,"_t11_feaver_bear:L233 return ""PSQ""",0,0,,,,,,,,,,,,,,,,,
census,,overbought_t1,65,T11,"_t11_feaver_bear:L235 return ""TQQQ""",107,0,,,,,,,,,,,,,,,,,
census,,overbought_t1,65,T11,"_t11_feaver_bear:L236 return ""PSQ""",5,0,,,,,,,,,,,,,,,,,
census,,overbought_t1,65,T11,"_t11_feaver_bear:L238 return ""PSQ""",82,0,,,,,,,,,,,,,,,,,
census,,overbought_t1,65,T11,"_t11_feaver_bear:L239 return ""SQQQ""",49,0,,,,,,,,,,,,,,,,,
census,,overbought_t1,65,T11,"t11_weights:L248 return {""UVXY"": 1.0}",194,0,,,,,,,,,,,,,,,,,
census,,overbought_t1,65,T11,"t11_weights:L249 return {""UVXY"": 1 / 3, ""BIL"": 1 / 3, ""BTAL"": 1 / 3}",821,0,,,,,,,,,,,,,,,,,
census,,overbought_t1,65,T11,"t11_weights:L253 return {""TQQQ"": 1.0}",28,0,,,,,,,,,,,,,,,,,
census,,overbought_t1,65,T11,"t11_weights:L255 return {""SPXL"": 1.0}",14,0,,,,,,,,,,,,,,,,,
census,,overbought_t1,65,T11,"t11_weights:L261 return {""TECL"": 1 / 3, ""SOXL"": 1 / 3, ""TQQQ"": 1 / 3}",738,0,,,,,,,,,,,,,,,,,
census,,overbought_t1,65,T11,"t11_weights:L265 return {""TECL"": 1 / 3, ""SOXL"": 1 / 3, ""TQQQ"": 1 / 3}",86,0,,,,,,,,,,,,,,,,,
census,,overbought_t1,65,T11,"t11_weights:L266 return {""TECS"": 1 / 3, ""SOXS"": 1 / 3, ""SQQQ"": 1 / 3}",337,0,,,,,,,,,,,,,,,,,
census,,overbought_t1,65,T11,t11_weights:L275 return w,254,0,,,,,,,,,,,,,,,,,
census,,overbought_t1,70,S2,"s2_weights:L288 return {""UVXY"": 1.0}",321,1,,,,,,,,,,,,,,,,,
census,,overbought_t1,70,S2,"s2_weights:L289 return {""TQQQ"": 1.0}",1730,1,,,,,,,,,,,,,,,,,
census,,overbought_t1,70,S2,"s2_weights:L293 return {""TECL"": 1.0}",22,1,,,,,,,,,,,,,,,,,
census,,overbought_t1,70,S2,"s2_weights:L295 return {""SOXL"": 1.0}",15,1,,,,,,,,,,,,,,,,,
census,,overbought_t1,70,S2,"s2_weights:L300 return {""SQQQ"": 1.0}",73,1,,,,,,,,,,,,,,,,,
census,,overbought_t1,70,S2,"s2_weights:L301 return {""BSV"": 1.0}",122,1,,,,,,,,,,,,,,,,,
census,,overbought_t1,70,S2,"s2_weights:L303 return {""TQQQ"": 1.0}",189,1,,,,,,,,,,,,,,,,,
census,,overbought_t1,70,S3,s3_weights:L325 return {vol: 1.0},519,1,,,,,,,,,,,,,,,,,
census,,overbought_t1,70,S3,"s3_weights:L326 return {""TQQQ"": 0.5, ""SOXL"": 0.5}",1448,1,,,,,,,,,,,,,,,,,
census,,overbought_t1,70,S3,"s3_weights:L330 return {""SOXL"": 1.0}",39,1,,,,,,,,,,,,,,,,,
census,,overbought_t1,70,S3,s3_weights:L332 return {}  # cash,466,1,,,,,,,,,,,,,,,,,
census,,overbought_t1,70,T10,"t10_weights:L170 return {""UVXY"": 1.0}",756,1,,,,,,,,,,,,,,,,,
census,,overbought_t1,70,T10,"t10_weights:L174 return {""TECL"": 1.0}",28,1,,,,,,,,,,,,,,,,,
census,,overbought_t1,70,T10,"t10_weights:L176 return {""SOXL"": 1.0}",27,1,,,,,,,,,,,,,,,,,
census,,overbought_t1,70,T10,"t10_weights:L178 return {""SPXL"": 1.0}",13,1,,,,,,,,,,,,,,,,,
census,,overbought_t1,70,T10,"t10_weights:L180 return {""LABU"": 1.0}",22,1,,,,,,,,,,,,,,,,,
census,,overbought_t1,70,T10,"t10_weights:L189 return {""TECL"": 1 / 3, ""SOXL"": 1 / 3, vol_short: 1 / 3}",1114,1,,,,,,,,,,,,,,,,,
census,,overbought_t1,70,T10,"t10_weights:L190 return {""SQQQ"": 0.5, ""TLT"": 0.5}",512,1,,,,,,,,,,,,,,,,,
census,,overbought_t1,70,T11,"_t11_bond_baller:L201 return ""QQQ""",194,1,,,,,,,,,,,,,,,,,
census,,overbought_t1,70,T11,"_t11_bond_baller:L206 return ""TQQQ""",0,1,,,,,,,,,,,,,,,,,
census,,overbought_t1,70,T11,"_t11_bond_baller:L207 return ""PSQ""",4,1,,,,,,,,,,,,,,,,,
census,,overbought_t1,70,T11,"_t11_bond_baller:L209 return ""PSQ""",17,1,,,,,,,,,,,,,,,,,
census,,overbought_t1,70,T11,"_t11_bond_baller:L210 return ""SQQQ""",43,1,,,,,,,,,,,,,,,,,
census,,overbought_t1,70,T11,"_t11_feaver_bear:L229 return ""QLD""",9,1,,,,,,,,,,,,,,,,,
census,,overbought_t1,70,T11,"_t11_feaver_bear:L230 return ""BTAL""",2,1,,,,,,,,,,,,,,,,,
census,,overbought_t1,70,T11,"_t11_feaver_bear:L233 return ""PSQ""",0,1,,,,,,,,,,,,,,,,,
census,,overbought_t1,70,T11,"_t11_feaver_bear:L235 return ""TQQQ""",111,1,,,,,,,,,,,,,,,,,
census,,overbought_t1,70,T11,"_t11_feaver_bear:L236 return ""PSQ""",5,1,,,,,,,,,,,,,,,,,
census,,overbought_t1,70,T11,"_t11_feaver_bear:L238 return ""PSQ""",82,1,,,,,,,,,,,,,,,,,
census,,overbought_t1,70,T11,"_t11_feaver_bear:L239 return ""SQQQ""",49,1,,,,,,,,,,,,,,,,,
census,,overbought_t1,70,T11,"t11_weights:L248 return {""UVXY"": 1.0}",55,1,,,,,,,,,,,,,,,,,
census,,overbought_t1,70,T11,"t11_weights:L249 return {""UVXY"": 1 / 3, ""BIL"": 1 / 3, ""BTAL"": 1 / 3}",478,1,,,,,,,,,,,,,,,,,
census,,overbought_t1,70,T11,"t11_weights:L253 return {""TQQQ"": 1.0}",28,1,,,,,,,,,,,,,,,,,
census,,overbought_t1,70,T11,"t11_weights:L255 return {""SPXL"": 1.0}",14,1,,,,,,,,,,,,,,,,,
census,,overbought_t1,70,T11,"t11_weights:L261 return {""TECL"": 1 / 3, ""SOXL"": 1 / 3, ""TQQQ"": 1 / 3}",1120,1,,,,,,,,,,,,,,,,,
census,,overbought_t1,70,T11,"t11_weights:L265 return {""TECL"": 1 / 3, ""SOXL"": 1 / 3, ""TQQQ"": 1 / 3}",94,1,,,,,,,,,,,,,,,,,
census,,overbought_t1,70,T11,"t11_weights:L266 return {""TECS"": 1 / 3, ""SOXS"": 1 / 3, ""SQQQ"": 1 / 3}",425,1,,,,,,,,,,,,,,,,,
census,,overbought_t1,70,T11,t11_weights:L275 return w,258,1,,,,,,,,,,,,,,,,,
census,,overbought_t1,75,S2,"s2_weights:L288 return {""UVXY"": 1.0}",112,0,,,,,,,,,,,,,,,,,
census,,overbought_t1,75,S2,"s2_weights:L289 return {""TQQQ"": 1.0}",1939,0,,,,,,,,,,,,,,,,,
census,,overbought_t1,75,S2,"s2_weights:L293 return {""TECL"": 1.0}",22,0,,,,,,,,,,,,,,,,,
census,,overbought_t1,75,S2,"s2_weights:L295 return {""SOXL"": 1.0}",15,0,,,,,,,,,,,,,,,,,
census,,overbought_t1,75,S2,"s2_weights:L300 return {""SQQQ"": 1.0}",73,0,,,,,,,,,,,,,,,,,
census,,overbought_t1,75,S2,"s2_weights:L301 return {""BSV"": 1.0}",122,0,,,,,,,,,,,,,,,,,
census,,overbought_t1,75,S2,"s2_weights:L303 return {""TQQQ"": 1.0}",189,0,,,,,,,,,,,,,,,,,
census,,overbought_t1,75,S3,s3_weights:L325 return {vol: 1.0},186,0,,,,,,,,,,,,,,,,,
census,,overbought_t1,75,S3,"s3_weights:L326 return {""TQQQ"": 0.5, ""SOXL"": 0.5}",1781,0,,,,,,,,,,,,,,,,,
census,,overbought_t1,75,S3,"s3_weights:L330 return {""SOXL"": 1.0}",39,0,,,,,,,,,,,,,,,,,
census,,overbought_t1,75,S3,s3_weights:L332 return {}  # cash,466,0,,,,,,,,,,,,,,,,,
census,,overbought_t1,75,T10,"t10_weights:L170 return {""UVXY"": 1.0}",303,0,,,,,,,,,,,,,,,,,
census,,overbought_t1,75,T10,"t10_weights:L174 return {""TECL"": 1.0}",28,0,,,,,,,,,,,,,,,,,
census,,overbought_t1,75,T10,"t10_weights:L176 return {""SOXL"": 1.0}",27,0,,,,,,,,,,,,,,,,,
census,,overbought_t1,75,T10,"t10_weights:L178 return {""SPXL"": 1.0}",13,0,,,,,,,,,,,,,,,,,
census,,overbought_t1,75,T10,"t10_weights:L180 return {""LABU"": 1.0}",23,0,,,,,,,,,,,,,,,,,
census,,overbought_t1,75,T10,"t10_weights:L189 return {""TECL"": 1 / 3, ""SOXL"": 1 / 3, vol_short: 1 / 3}",1473,0,,,,,,,,,,,,,,,,,
census,,overbought_t1,75,T10,"t10_weights:L190 return {""SQQQ"": 0.5, ""TLT"": 0.5}",605,0,,,,,,,,,,,,,,,,,
census,,overbought_t1,75,T11,"_t11_bond_baller:L201 return ""QQQ""",194,0,,,,,,,,,,,,,,,,,
census,,overbought_t1,75,T11,"_t11_bond_baller:L206 return ""TQQQ""",0,0,,,,,,,,,,,,,,,,,
census,,overbought_t1,75,T11,"_t11_bond_baller:L207 return ""PSQ""",4,0,,,,,,,,,,,,,,,,,
census,,overbought_t1,75,T11,"_t11_bond_baller:L209 return ""PSQ""",17,0,,,,,,,,,,,,,,,,,
census,,overbought_t1,75,T11,"_t11_bond_baller:L210 return ""SQQQ""",43,0,,,,,,,,,,,,,,,,,
census,,overbought_t1,75,T11,"_t11_feaver_bear:L229 return ""QLD""",9,0,,,,,,,,,,,,,,,,,
census,,overbought_t1,75,T11,"_t11_feaver_bear:L230 return ""BTAL""",2,0,,,,,,,,,,,,,,,,,
census,,overbought_t1,75,T11,"_t11_feaver_bear:L233 return ""PSQ""",0,0,,,,,,,,,,,,,,,,,
census,,overbought_t1,75,T11,"_t11_feaver_bear:L235 return ""TQQQ""",111,0,,,,,,,,,,,,,,,,,
census,,overbought_t1,75,T11,"_t11_feaver_bear:L236 return ""PSQ""",5,0,,,,,,,,,,,,,,,,,
census,,overbought_t1,75,T11,"_t11_feaver_bear:L238 return ""PSQ""",82,0,,,,,,,,,,,,,,,,,
census,,overbought_t1,75,T11,"_t11_feaver_bear:L239 return ""SQQQ""",49,0,,,,,,,,,,,,,,,,,
census,,overbought_t1,75,T11,"t11_weights:L248 return {""UVXY"": 1.0}",6,0,,,,,,,,,,,,,,,,,
census,,overbought_t1,75,T11,"t11_weights:L249 return {""UVXY"": 1 / 3, ""BIL"": 1 / 3, ""BTAL"": 1 / 3}",188,0,,,,,,,,,,,,,,,,,
census,,overbought_t1,75,T11,"t11_weights:L253 return {""TQQQ"": 1.0}",28,0,,,,,,,,,,,,,,,,,
census,,overbought_t1,75,T11,"t11_weights:L255 return {""SPXL"": 1.0}",14,0,,,,,,,,,,,,,,,,,
census,,overbought_t1,75,T11,"t11_weights:L261 return {""TECL"": 1 / 3, ""SOXL"": 1 / 3, ""TQQQ"": 1 / 3}",1403,0,,,,,,,,,,,,,,,,,
census,,overbought_t1,75,T11,"t11_weights:L265 return {""TECL"": 1 / 3, ""SOXL"": 1 / 3, ""TQQQ"": 1 / 3}",95,0,,,,,,,,,,,,,,,,,
census,,overbought_t1,75,T11,"t11_weights:L266 return {""TECS"": 1 / 3, ""SOXS"": 1 / 3, ""SQQQ"": 1 / 3}",480,0,,,,,,,,,,,,,,,,,
census,,overbought_t1,75,T11,t11_weights:L275 return w,258,0,,,,,,,,,,,,,,,,,
census,,overbought_t1,80,S2,"s2_weights:L288 return {""UVXY"": 1.0}",28,0,,,,,,,,,,,,,,,,,
census,,overbought_t1,80,S2,"s2_weights:L289 return {""TQQQ"": 1.0}",2023,0,,,,,,,,,,,,,,,,,
census,,overbought_t1,80,S2,"s2_weights:L293 return {""TECL"": 1.0}",22,0,,,,,,,,,,,,,,,,,
census,,overbought_t1,80,S2,"s2_weights:L295 return {""SOXL"": 1.0}",15,0,,,,,,,,,,,,,,,,,
census,,overbought_t1,80,S2,"s2_weights:L300 return {""SQQQ"": 1.0}",73,0,,,,,,,,,,,,,,,,,
census,,overbought_t1,80,S2,"s2_weights:L301 return {""BSV"": 1.0}",122,0,,,,,,,,,,,,,,,,,
census,,overbought_t1,80,S2,"s2_weights:L303 return {""TQQQ"": 1.0}",189,0,,,,,,,,,,,,,,,,,
census,,overbought_t1,80,S3,s3_weights:L325 return {vol: 1.0},50,0,,,,,,,,,,,,,,,,,
census,,overbought_t1,80,S3,"s3_weights:L326 return {""TQQQ"": 0.5, ""SOXL"": 0.5}",1917,0,,,,,,,,,,,,,,,,,
census,,overbought_t1,80,S3,"s3_weights:L330 return {""SOXL"": 1.0}",39,0,,,,,,,,,,,,,,,,,
census,,overbought_t1,80,S3,s3_weights:L332 return {}  # cash,466,0,,,,,,,,,,,,,,,,,
census,,overbought_t1,80,T10,"t10_weights:L170 return {""UVXY"": 1.0}",83,0,,,,,,,,,,,,,,,,,
census,,overbought_t1,80,T10,"t10_weights:L174 return {""TECL"": 1.0}",28,0,,,,,,,,,,,,,,,,,
census,,overbought_t1,80,T10,"t10_weights:L176 return {""SOXL"": 1.0}",27,0,,,,,,,,,,,,,,,,,
census,,overbought_t1,80,T10,"t10_weights:L178 return {""SPXL"": 1.0}",13,0,,,,,,,,,,,,,,,,,
census,,overbought_t1,80,T10,"t10_weights:L180 return {""LABU"": 1.0}",23,0,,,,,,,,,,,,,,,,,
census,,overbought_t1,80,T10,"t10_weights:L189 return {""TECL"": 1 / 3, ""SOXL"": 1 / 3, vol_short: 1 / 3}",1657,0,,,,,,,,,,,,,,,,,
census,,overbought_t1,80,T10,"t10_weights:L190 return {""SQQQ"": 0.5, ""TLT"": 0.5}",641,0,,,,,,,,,,,,,,,,,
census,,overbought_t1,80,T11,"_t11_bond_baller:L201 return ""QQQ""",194,0,,,,,,,,,,,,,,,,,
census,,overbought_t1,80,T11,"_t11_bond_baller:L206 return ""TQQQ""",0,0,,,,,,,,,,,,,,,,,
census,,overbought_t1,80,T11,"_t11_bond_baller:L207 return ""PSQ""",4,0,,,,,,,,,,,,,,,,,
census,,overbought_t1,80,T11,"_t11_bond_baller:L209 return ""PSQ""",17,0,,,,,,,,,,,,,,,,,
census,,overbought_t1,80,T11,"_t11_bond_baller:L210 return ""SQQQ""",43,0,,,,,,,,,,,,,,,,,
census,,overbought_t1,80,T11,"_t11_feaver_bear:L229 return ""QLD""",9,0,,,,,,,,,,,,,,,,,
census,,overbought_t1,80,T11,"_t11_feaver_bear:L230 return ""BTAL""",2,0,,,,,,,,,,,,,,,,,
census,,overbought_t1,80,T11,"_t11_feaver_bear:L233 return ""PSQ""",0,0,,,,,,,,,,,,,,,,,
census,,overbought_t1,80,T11,"_t11_feaver_bear:L235 return ""TQQQ""",111,0,,,,,,,,,,,,,,,,,
census,,overbought_t1,80,T11,"_t11_feaver_bear:L236 return ""PSQ""",5,0,,,,,,,,,,,,,,,,,
census,,overbought_t1,80,T11,"_t11_feaver_bear:L238 return ""PSQ""",82,0,,,,,,,,,,,,,,,,,
census,,overbought_t1,80,T11,"_t11_feaver_bear:L239 return ""SQQQ""",49,0,,,,,,,,,,,,,,,,,
census,,overbought_t1,80,T11,"t11_weights:L248 return {""UVXY"": 1.0}",0,0,,,,,,,,,,,,,,,,,
census,,overbought_t1,80,T11,"t11_weights:L249 return {""UVXY"": 1 / 3, ""BIL"": 1 / 3, ""BTAL"": 1 / 3}",55,0,,,,,,,,,,,,,,,,,
census,,overbought_t1,80,T11,"t11_weights:L253 return {""TQQQ"": 1.0}",28,0,,,,,,,,,,,,,,,,,
census,,overbought_t1,80,T11,"t11_weights:L255 return {""SPXL"": 1.0}",14,0,,,,,,,,,,,,,,,,,
census,,overbought_t1,80,T11,"t11_weights:L261 return {""TECL"": 1 / 3, ""SOXL"": 1 / 3, ""TQQQ"": 1 / 3}",1517,0,,,,,,,,,,,,,,,,,
census,,overbought_t1,80,T11,"t11_weights:L265 return {""TECL"": 1 / 3, ""SOXL"": 1 / 3, ""TQQQ"": 1 / 3}",95,0,,,,,,,,,,,,,,,,,
census,,overbought_t1,80,T11,"t11_weights:L266 return {""TECS"": 1 / 3, ""SOXS"": 1 / 3, ""SQQQ"": 1 / 3}",505,0,,,,,,,,,,,,,,,,,
census,,overbought_t1,80,T11,t11_weights:L275 return w,258,0,,,,,,,,,,,,,,,,,
census,,oversold,20,S2,"s2_weights:L288 return {""UVXY"": 1.0}",321,0,,,,,,,,,,,,,,,,,
census,,oversold,20,S2,"s2_weights:L289 return {""TQQQ"": 1.0}",1730,0,,,,,,,,,,,,,,,,,
census,,oversold,20,S2,"s2_weights:L293 return {""TECL"": 1.0}",1,0,,,,,,,,,,,,,,,,,
census,,oversold,20,S2,"s2_weights:L295 return {""SOXL"": 1.0}",0,0,,,,,,,,,,,,,,,,,
census,,oversold,20,S2,"s2_weights:L300 return {""SQQQ"": 1.0}",95,0,,,,,,,,,,,,,,,,,
census,,oversold,20,S2,"s2_weights:L301 return {""BSV"": 1.0}",136,0,,,,,,,,,,,,,,,,,
census,,oversold,20,S2,"s2_weights:L303 return {""TQQQ"": 1.0}",189,0,,,,,,,,,,,,,,,,,
census,,oversold,20,S3,s3_weights:L325 return {vol: 1.0},519,0,,,,,,,,,,,,,,,,,
census,,oversold,20,S3,"s3_weights:L326 return {""TQQQ"": 0.5, ""SOXL"": 0.5}",1448,0,,,,,,,,,,,,,,,,,
census,,oversold,20,S3,"s3_weights:L330 return {""SOXL"": 1.0}",2,0,,,,,,,,,,,,,,,,,
census,,oversold,20,S3,s3_weights:L332 return {}  # cash,503,0,,,,,,,,,,,,,,,,,
census,,oversold,20,T10,"t10_weights:L170 return {""UVXY"": 1.0}",756,0,,,,,,,,,,,,,,,,,
census,,oversold,20,T10,"t10_weights:L174 return {""TECL"": 1.0}",1,0,,,,,,,,,,,,,,,,,
census,,oversold,20,T10,"t10_weights:L176 return {""SOXL"": 1.0}",0,0,,,,,,,,,,,,,,,,,
census,,oversold,20,T10,"t10_weights:L178 return {""SPXL"": 1.0}",2,0,,,,,,,,,,,,,,,,,
census,,oversold,20,T10,"t10_weights:L180 return {""LABU"": 1.0}",0,0,,,,,,,,,,,,,,,,,
census,,oversold,20,T10,"t10_weights:L189 return {""TECL"": 1 / 3, ""SOXL"": 1 / 3, vol_short: 1 / 3}",1127,0,,,,,,,,,,,,,,,,,
census,,oversold,20,T10,"t10_weights:L190 return {""SQQQ"": 0.5, ""TLT"": 0.5}",586,0,,,,,,,,,,,,,,,,,
census,,oversold,20,T11,"_t11_bond_baller:L201 return ""QQQ""",201,0,,,,,,,,,,,,,,,,,
census,,oversold,20,T11,"_t11_bond_baller:L206 return ""TQQQ""",0,0,,,,,,,,,,,,,,,,,
census,,oversold,20,T11,"_t11_bond_baller:L207 return ""PSQ""",4,0,,,,,,,,,,,,,,,,,
census,,oversold,20,T11,"_t11_bond_baller:L209 return ""PSQ""",20,0,,,,,,,,,,,,,,,,,
census,,oversold,20,T11,"_t11_bond_baller:L210 return ""SQQQ""",55,0,,,,,,,,,,,,,,,,,
census,,oversold,20,T11,"_t11_feaver_bear:L229 return ""QLD""",13,0,,,,,,,,,,,,,,,,,
census,,oversold,20,T11,"_t11_feaver_bear:L230 return ""BTAL""",2,0,,,,,,,,,,,,,,,,,
census,,oversold,20,T11,"_t11_feaver_bear:L233 return ""PSQ""",0,0,,,,,,,,,,,,,,,,,
census,,oversold,20,T11,"_t11_feaver_bear:L235 return ""TQQQ""",111,0,,,,,,,,,,,,,,,,,
census,,oversold,20,T11,"_t11_feaver_bear:L236 return ""PSQ""",5,0,,,,,,,,,,,,,,,,,
census,,oversold,20,T11,"_t11_feaver_bear:L238 return ""PSQ""",88,0,,,,,,,,,,,,,,,,,
census,,oversold,20,T11,"_t11_feaver_bear:L239 return ""SQQQ""",61,0,,,,,,,,,,,,,,,,,
census,,oversold,20,T11,"t11_weights:L248 return {""UVXY"": 1.0}",55,0,,,,,,,,,,,,,,,,,
census,,oversold,20,T11,"t11_weights:L249 return {""UVXY"": 1 / 3, ""BIL"": 1 / 3, ""BTAL"": 1 / 3}",478,0,,,,,,,,,,,,,,,,,
census,,oversold,20,T11,"t11_weights:L253 return {""TQQQ"": 1.0}",1,0,,,,,,,,,,,,,,,,,
census,,oversold,20,T11,"t11_weights:L255 return {""SPXL"": 1.0}",4,0,,,,,,,,,,,,,,,,,
census,,oversold,20,T11,"t11_weights:L261 return {""TECL"": 1 / 3, ""SOXL"": 1 / 3, ""TQQQ"": 1 / 3}",1125,0,,,,,,,,,,,,,,,,,
census,,oversold,20,T11,"t11_weights:L265 return {""TECL"": 1 / 3, ""SOXL"": 1 / 3, ""TQQQ"": 1 / 3}",99,0,,,,,,,,,,,,,,,,,
census,,oversold,20,T11,"t11_weights:L266 return {""TECS"": 1 / 3, ""SOXS"": 1 / 3, ""SQQQ"": 1 / 3}",430,0,,,,,,,,,,,,,,,,,
census,,oversold,20,T11,t11_weights:L275 return w,280,0,,,,,,,,,,,,,,,,,
census,,oversold,25,S2,"s2_weights:L288 return {""UVXY"": 1.0}",321,0,,,,,,,,,,,,,,,,,
census,,oversold,25,S2,"s2_weights:L289 return {""TQQQ"": 1.0}",1730,0,,,,,,,,,,,,,,,,,
census,,oversold,25,S2,"s2_weights:L293 return {""TECL"": 1.0}",4,0,,,,,,,,,,,,,,,,,
census,,oversold,25,S2,"s2_weights:L295 return {""SOXL"": 1.0}",1,0,,,,,,,,,,,,,,,,,
census,,oversold,25,S2,"s2_weights:L300 return {""SQQQ"": 1.0}",91,0,,,,,,,,,,,,,,,,,
census,,oversold,25,S2,"s2_weights:L301 return {""BSV"": 1.0}",136,0,,,,,,,,,,,,,,,,,
census,,oversold,25,S2,"s2_weights:L303 return {""TQQQ"": 1.0}",189,0,,,,,,,,,,,,,,,,,
census,,oversold,25,S3,s3_weights:L325 return {vol: 1.0},519,0,,,,,,,,,,,,,,,,,
census,,oversold,25,S3,"s3_weights:L326 return {""TQQQ"": 0.5, ""SOXL"": 0.5}",1448,0,,,,,,,,,,,,,,,,,
census,,oversold,25,S3,"s3_weights:L330 return {""SOXL"": 1.0}",10,0,,,,,,,,,,,,,,,,,
census,,oversold,25,S3,s3_weights:L332 return {}  # cash,495,0,,,,,,,,,,,,,,,,,
census,,oversold,25,T10,"t10_weights:L170 return {""UVXY"": 1.0}",756,0,,,,,,,,,,,,,,,,,
census,,oversold,25,T10,"t10_weights:L174 return {""TECL"": 1.0}",6,0,,,,,,,,,,,,,,,,,
census,,oversold,25,T10,"t10_weights:L176 return {""SOXL"": 1.0}",4,0,,,,,,,,,,,,,,,,,
census,,oversold,25,T10,"t10_weights:L178 return {""SPXL"": 1.0}",4,0,,,,,,,,,,,,,,,,,
census,,oversold,25,T10,"t10_weights:L180 return {""LABU"": 1.0}",0,0,,,,,,,,,,,,,,,,,
census,,oversold,25,T10,"t10_weights:L189 return {""TECL"": 1 / 3, ""SOXL"": 1 / 3, vol_short: 1 / 3}",1127,0,,,,,,,,,,,,,,,,,
census,,oversold,25,T10,"t10_weights:L190 return {""SQQQ"": 0.5, ""TLT"": 0.5}",575,0,,,,,,,,,,,,,,,,,
census,,oversold,25,T11,"_t11_bond_baller:L201 return ""QQQ""",199,0,,,,,,,,,,,,,,,,,
census,,oversold,25,T11,"_t11_bond_baller:L206 return ""TQQQ""",0,0,,,,,,,,,,,,,,,,,
census,,oversold,25,T11,"_t11_bond_baller:L207 return ""PSQ""",4,0,,,,,,,,,,,,,,,,,
census,,oversold,25,T11,"_t11_bond_baller:L209 return ""PSQ""",20,0,,,,,,,,,,,,,,,,,
census,,oversold,25,T11,"_t11_bond_baller:L210 return ""SQQQ""",54,0,,,,,,,,,,,,,,,,,
census,,oversold,25,T11,"_t11_feaver_bear:L229 return ""QLD""",12,0,,,,,,,,,,,,,,,,,
census,,oversold,25,T11,"_t11_feaver_bear:L230 return ""BTAL""",2,0,,,,,,,,,,,,,,,,,
census,,oversold,25,T11,"_t11_feaver_bear:L233 return ""PSQ""",0,0,,,,,,,,,,,,,,,,,
census,,oversold,25,T11,"_t11_feaver_bear:L235 return ""TQQQ""",111,0,,,,,,,,,,,,,,,,,
census,,oversold,25,T11,"_t11_feaver_bear:L236 return ""PSQ""",5,0,,,,,,,,,,,,,,,,,
census,,oversold,25,T11,"_t11_feaver_bear:L238 return ""PSQ""",87,0,,,,,,,,,,,,,,,,,
census,,oversold,25,T11,"_t11_feaver_bear:L239 return ""SQQQ""",60,0,,,,,,,,,,,,,,,,,
census,,oversold,25,T11,"t11_weights:L248 return {""UVXY"": 1.0}",55,0,,,,,,,,,,,,,,,,,
census,,oversold,25,T11,"t11_weights:L249 return {""UVXY"": 1 / 3, ""BIL"": 1 / 3, ""BTAL"": 1 / 3}",478,0,,,,,,,,,,,,,,,,,
census,,oversold,25,T11,"t11_weights:L253 return {""TQQQ"": 1.0}",6,0,,,,,,,,,,,,,,,,,
census,,oversold,25,T11,"t11_weights:L255 return {""SPXL"": 1.0}",5,0,,,,,,,,,,,,,,,,,
census,,oversold,25,T11,"t11_weights:L261 return {""TECL"": 1 / 3, ""SOXL"": 1 / 3, ""TQQQ"": 1 / 3}",1125,0,,,,,,,,,,,,,,,,,
census,,oversold,25,T11,"t11_weights:L265 return {""TECL"": 1 / 3, ""SOXL"": 1 / 3, ""TQQQ"": 1 / 3}",99,0,,,,,,,,,,,,,,,,,
census,,oversold,25,T11,"t11_weights:L266 return {""TECS"": 1 / 3, ""SOXS"": 1 / 3, ""SQQQ"": 1 / 3}",427,0,,,,,,,,,,,,,,,,,
census,,oversold,25,T11,t11_weights:L275 return w,277,0,,,,,,,,,,,,,,,,,
census,,oversold,30,S2,"s2_weights:L288 return {""UVXY"": 1.0}",321,1,,,,,,,,,,,,,,,,,
census,,oversold,30,S2,"s2_weights:L289 return {""TQQQ"": 1.0}",1730,1,,,,,,,,,,,,,,,,,
census,,oversold,30,S2,"s2_weights:L293 return {""TECL"": 1.0}",22,1,,,,,,,,,,,,,,,,,
census,,oversold,30,S2,"s2_weights:L295 return {""SOXL"": 1.0}",15,1,,,,,,,,,,,,,,,,,
census,,oversold,30,S2,"s2_weights:L300 return {""SQQQ"": 1.0}",73,1,,,,,,,,,,,,,,,,,
census,,oversold,30,S2,"s2_weights:L301 return {""BSV"": 1.0}",122,1,,,,,,,,,,,,,,,,,
census,,oversold,30,S2,"s2_weights:L303 return {""TQQQ"": 1.0}",189,1,,,,,,,,,,,,,,,,,
census,,oversold,30,S3,s3_weights:L325 return {vol: 1.0},519,1,,,,,,,,,,,,,,,,,
census,,oversold,30,S3,"s3_weights:L326 return {""TQQQ"": 0.5, ""SOXL"": 0.5}",1448,1,,,,,,,,,,,,,,,,,
census,,oversold,30,S3,"s3_weights:L330 return {""SOXL"": 1.0}",39,1,,,,,,,,,,,,,,,,,
census,,oversold,30,S3,s3_weights:L332 return {}  # cash,466,1,,,,,,,,,,,,,,,,,
census,,oversold,30,T10,"t10_weights:L170 return {""UVXY"": 1.0}",756,1,,,,,,,,,,,,,,,,,
census,,oversold,30,T10,"t10_weights:L174 return {""TECL"": 1.0}",28,1,,,,,,,,,,,,,,,,,
census,,oversold,30,T10,"t10_weights:L176 return {""SOXL"": 1.0}",27,1,,,,,,,,,,,,,,,,,
census,,oversold,30,T10,"t10_weights:L178 return {""SPXL"": 1.0}",13,1,,,,,,,,,,,,,,,,,
census,,oversold,30,T10,"t10_weights:L180 return {""LABU"": 1.0}",22,1,,,,,,,,,,,,,,,,,
census,,oversold,30,T10,"t10_weights:L189 return {""TECL"": 1 / 3, ""SOXL"": 1 / 3, vol_short: 1 / 3}",1114,1,,,,,,,,,,,,,,,,,
census,,oversold,30,T10,"t10_weights:L190 return {""SQQQ"": 0.5, ""TLT"": 0.5}",512,1,,,,,,,,,,,,,,,,,
census,,oversold,30,T11,"_t11_bond_baller:L201 return ""QQQ""",194,1,,,,,,,,,,,,,,,,,
census,,oversold,30,T11,"_t11_bond_baller:L206 return ""TQQQ""",0,1,,,,,,,,,,,,,,,,,
census,,oversold,30,T11,"_t11_bond_baller:L207 return ""PSQ""",4,1,,,,,,,,,,,,,,,,,
census,,oversold,30,T11,"_t11_bond_baller:L209 return ""PSQ""",17,1,,,,,,,,,,,,,,,,,
census,,oversold,30,T11,"_t11_bond_baller:L210 return ""SQQQ""",43,1,,,,,,,,,,,,,,,,,
census,,oversold,30,T11,"_t11_feaver_bear:L229 return ""QLD""",9,1,,,,,,,,,,,,,,,,,
census,,oversold,30,T11,"_t11_feaver_bear:L230 return ""BTAL""",2,1,,,,,,,,,,,,,,,,,
census,,oversold,30,T11,"_t11_feaver_bear:L233 return ""PSQ""",0,1,,,,,,,,,,,,,,,,,
census,,oversold,30,T11,"_t11_feaver_bear:L235 return ""TQQQ""",111,1,,,,,,,,,,,,,,,,,
census,,oversold,30,T11,"_t11_feaver_bear:L236 return ""PSQ""",5,1,,,,,,,,,,,,,,,,,
census,,oversold,30,T11,"_t11_feaver_bear:L238 return ""PSQ""",82,1,,,,,,,,,,,,,,,,,
census,,oversold,30,T11,"_t11_feaver_bear:L239 return ""SQQQ""",49,1,,,,,,,,,,,,,,,,,
census,,oversold,30,T11,"t11_weights:L248 return {""UVXY"": 1.0}",55,1,,,,,,,,,,,,,,,,,
census,,oversold,30,T11,"t11_weights:L249 return {""UVXY"": 1 / 3, ""BIL"": 1 / 3, ""BTAL"": 1 / 3}",478,1,,,,,,,,,,,,,,,,,
census,,oversold,30,T11,"t11_weights:L253 return {""TQQQ"": 1.0}",28,1,,,,,,,,,,,,,,,,,
census,,oversold,30,T11,"t11_weights:L255 return {""SPXL"": 1.0}",14,1,,,,,,,,,,,,,,,,,
census,,oversold,30,T11,"t11_weights:L261 return {""TECL"": 1 / 3, ""SOXL"": 1 / 3, ""TQQQ"": 1 / 3}",1120,1,,,,,,,,,,,,,,,,,
census,,oversold,30,T11,"t11_weights:L265 return {""TECL"": 1 / 3, ""SOXL"": 1 / 3, ""TQQQ"": 1 / 3}",94,1,,,,,,,,,,,,,,,,,
census,,oversold,30,T11,"t11_weights:L266 return {""TECS"": 1 / 3, ""SOXS"": 1 / 3, ""SQQQ"": 1 / 3}",425,1,,,,,,,,,,,,,,,,,
census,,oversold,30,T11,t11_weights:L275 return w,258,1,,,,,,,,,,,,,,,,,
census,,oversold,35,S2,"s2_weights:L288 return {""UVXY"": 1.0}",321,0,,,,,,,,,,,,,,,,,
census,,oversold,35,S2,"s2_weights:L289 return {""TQQQ"": 1.0}",1730,0,,,,,,,,,,,,,,,,,
census,,oversold,35,S2,"s2_weights:L293 return {""TECL"": 1.0}",68,0,,,,,,,,,,,,,,,,,
census,,oversold,35,S2,"s2_weights:L295 return {""SOXL"": 1.0}",13,0,,,,,,,,,,,,,,,,,
census,,oversold,35,S2,"s2_weights:L300 return {""SQQQ"": 1.0}",45,0,,,,,,,,,,,,,,,,,
census,,oversold,35,S2,"s2_weights:L301 return {""BSV"": 1.0}",106,0,,,,,,,,,,,,,,,,,
census,,oversold,35,S2,"s2_weights:L303 return {""TQQQ"": 1.0}",189,0,,,,,,,,,,,,,,,,,
census,,oversold,35,S3,s3_weights:L325 return {vol: 1.0},519,0,,,,,,,,,,,,,,,,,
census,,oversold,35,S3,"s3_weights:L326 return {""TQQQ"": 0.5, ""SOXL"": 0.5}",1448,0,,,,,,,,,,,,,,,,,
census,,oversold,35,S3,"s3_weights:L330 return {""SOXL"": 1.0}",101,0,,,,,,,,,,,,,,,,,
census,,oversold,35,S3,s3_weights:L332 return {}  # cash,404,0,,,,,,,,,,,,,,,,,
census,,oversold,35,T10,"t10_weights:L170 return {""UVXY"": 1.0}",756,0,,,,,,,,,,,,,,,,,
census,,oversold,35,T10,"t10_weights:L174 return {""TECL"": 1.0}",96,0,,,,,,,,,,,,,,,,,
census,,oversold,35,T10,"t10_weights:L176 return {""SOXL"": 1.0}",64,0,,,,,,,,,,,,,,,,,
census,,oversold,35,T10,"t10_weights:L178 return {""SPXL"": 1.0}",22,0,,,,,,,,,,,,,,,,,
census,,oversold,35,T10,"t10_weights:L180 return {""LABU"": 1.0}",55,0,,,,,,,,,,,,,,,,,
census,,oversold,35,T10,"t10_weights:L189 return {""TECL"": 1 / 3, ""SOXL"": 1 / 3, vol_short: 1 / 3}",1050,0,,,,,,,,,,,,,,,,,
census,,oversold,35,T10,"t10_weights:L190 return {""SQQQ"": 0.5, ""TLT"": 0.5}",429,0,,,,,,,,,,,,,,,,,
census,,oversold,35,T11,"_t11_bond_baller:L201 return ""QQQ""",182,0,,,,,,,,,,,,,,,,,
census,,oversold,35,T11,"_t11_bond_baller:L206 return ""TQQQ""",0,0,,,,,,,,,,,,,,,,,
census,,oversold,35,T11,"_t11_bond_baller:L207 return ""PSQ""",4,0,,,,,,,,,,,,,,,,,
census,,oversold,35,T11,"_t11_bond_baller:L209 return ""PSQ""",15,0,,,,,,,,,,,,,,,,,
census,,oversold,35,T11,"_t11_bond_baller:L210 return ""SQQQ""",25,0,,,,,,,,,,,,,,,,,
census,,oversold,35,T11,"_t11_feaver_bear:L229 return ""QLD""",7,0,,,,,,,,,,,,,,,,,
census,,oversold,35,T11,"_t11_feaver_bear:L230 return ""BTAL""",0,0,,,,,,,,,,,,,,,,,
census,,oversold,35,T11,"_t11_feaver_bear:L233 return ""PSQ""",3,0,,,,,,,,,,,,,,,,,
census,,oversold,35,T11,"_t11_feaver_bear:L235 return ""TQQQ""",108,0,,,,,,,,,,,,,,,,,
census,,oversold,35,T11,"_t11_feaver_bear:L236 return ""PSQ""",5,0,,,,,,,,,,,,,,,,,
census,,oversold,35,T11,"_t11_feaver_bear:L238 return ""PSQ""",70,0,,,,,,,,,,,,,,,,,
census,,oversold,35,T11,"_t11_feaver_bear:L239 return ""SQQQ""",33,0,,,,,,,,,,,,,,,,,
census,,oversold,35,T11,"t11_weights:L248 return {""UVXY"": 1.0}",55,0,,,,,,,,,,,,,,,,,
census,,oversold,35,T11,"t11_weights:L249 return {""UVXY"": 1 / 3, ""BIL"": 1 / 3, ""BTAL"": 1 / 3}",478,0,,,,,,,,,,,,,,,,,
census,,oversold,35,T11,"t11_weights:L253 return {""TQQQ"": 1.0}",96,0,,,,,,,,,,,,,,,,,
census,,oversold,35,T11,"t11_weights:L255 return {""SPXL"": 1.0}",14,0,,,,,,,,,,,,,,,,,
census,,oversold,35,T11,"t11_weights:L261 return {""TECL"": 1 / 3, ""SOXL"": 1 / 3, ""TQQQ"": 1 / 3}",1106,0,,,,,,,,,,,,,,,,,
census,,oversold,35,T11,"t11_weights:L265 return {""TECL"": 1 / 3, ""SOXL"": 1 / 3, ""TQQQ"": 1 / 3}",77,0,,,,,,,,,,,,,,,,,
census,,oversold,35,T11,"t11_weights:L266 return {""TECS"": 1 / 3, ""SOXS"": 1 / 3, ""SQQQ"": 1 / 3}",420,0,,,,,,,,,,,,,,,,,
census,,oversold,35,T11,t11_weights:L275 return w,226,0,,,,,,,,,,,,,,,,,
census,,oversold,40,S2,"s2_weights:L288 return {""UVXY"": 1.0}",321,0,,,,,,,,,,,,,,,,,
census,,oversold,40,S2,"s2_weights:L289 return {""TQQQ"": 1.0}",1730,0,,,,,,,,,,,,,,,,,
census,,oversold,40,S2,"s2_weights:L293 return {""TECL"": 1.0}",125,0,,,,,,,,,,,,,,,,,
census,,oversold,40,S2,"s2_weights:L295 return {""SOXL"": 1.0}",13,0,,,,,,,,,,,,,,,,,
census,,oversold,40,S2,"s2_weights:L300 return {""SQQQ"": 1.0}",28,0,,,,,,,,,,,,,,,,,
census,,oversold,40,S2,"s2_weights:L301 return {""BSV"": 1.0}",66,0,,,,,,,,,,,,,,,,,
census,,oversold,40,S2,"s2_weights:L303 return {""TQQQ"": 1.0}",189,0,,,,,,,,,,,,,,,,,
census,,oversold,40,S3,s3_weights:L325 return {vol: 1.0},519,0,,,,,,,,,,,,,,,,,
census,,oversold,40,S3,"s3_weights:L326 return {""TQQQ"": 0.5, ""SOXL"": 0.5}",1448,0,,,,,,,,,,,,,,,,,
census,,oversold,40,S3,"s3_weights:L330 return {""SOXL"": 1.0}",170,0,,,,,,,,,,,,,,,,,
census,,oversold,40,S3,s3_weights:L332 return {}  # cash,335,0,,,,,,,,,,,,,,,,,
census,,oversold,40,T10,"t10_weights:L170 return {""UVXY"": 1.0}",756,0,,,,,,,,,,,,,,,,,
census,,oversold,40,T10,"t10_weights:L174 return {""TECL"": 1.0}",231,0,,,,,,,,,,,,,,,,,
census,,oversold,40,T10,"t10_weights:L176 return {""SOXL"": 1.0}",117,0,,,,,,,,,,,,,,,,,
census,,oversold,40,T10,"t10_weights:L178 return {""SPXL"": 1.0}",39,0,,,,,,,,,,,,,,,,,
census,,oversold,40,T10,"t10_weights:L180 return {""LABU"": 1.0}",98,0,,,,,,,,,,,,,,,,,
census,,oversold,40,T10,"t10_weights:L189 return {""TECL"": 1 / 3, ""SOXL"": 1 / 3, vol_short: 1 / 3}",919,0,,,,,,,,,,,,,,,,,
census,,oversold,40,T10,"t10_weights:L190 return {""SQQQ"": 0.5, ""TLT"": 0.5}",312,0,,,,,,,,,,,,,,,,,
census,,oversold,40,T11,"_t11_bond_baller:L201 return ""QQQ""",158,0,,,,,,,,,,,,,,,,,
census,,oversold,40,T11,"_t11_bond_baller:L206 return ""TQQQ""",0,0,,,,,,,,,,,,,,,,,
census,,oversold,40,T11,"_t11_bond_baller:L207 return ""PSQ""",4,0,,,,,,,,,,,,,,,,,
census,,oversold,40,T11,"_t11_bond_baller:L209 return ""PSQ""",10,0,,,,,,,,,,,,,,,,,
census,,oversold,40,T11,"_t11_bond_baller:L210 return ""SQQQ""",16,0,,,,,,,,,,,,,,,,,
census,,oversold,40,T11,"_t11_feaver_bear:L229 return ""QLD""",2,0,,,,,,,,,,,,,,,,,
census,,oversold,40,T11,"_t11_feaver_bear:L230 return ""BTAL""",0,0,,,,,,,,,,,,,,,,,
census,,oversold,40,T11,"_t11_feaver_bear:L233 return ""PSQ""",39,0,,,,,,,,,,,,,,,,,
census,,oversold,40,T11,"_t11_feaver_bear:L235 return ""TQQQ""",72,0,,,,,,,,,,,,,,,,,
census,,oversold,40,T11,"_t11_feaver_bear:L236 return ""PSQ""",5,0,,,,,,,,,,,,,,,,,
census,,oversold,40,T11,"_t11_feaver_bear:L238 return ""PSQ""",48,0,,,,,,,,,,,,,,,,,
census,,oversold,40,T11,"_t11_feaver_bear:L239 return ""SQQQ""",22,0,,,,,,,,,,,,,,,,,
census,,oversold,40,T11,"t11_weights:L248 return {""UVXY"": 1.0}",55,0,,,,,,,,,,,,,,,,,
census,,oversold,40,T11,"t11_weights:L249 return {""UVXY"": 1 / 3, ""BIL"": 1 / 3, ""BTAL"": 1 / 3}",478,0,,,,,,,,,,,,,,,,,
census,,oversold,40,T11,"t11_weights:L253 return {""TQQQ"": 1.0}",231,0,,,,,,,,,,,,,,,,,
census,,oversold,40,T11,"t11_weights:L255 return {""SPXL"": 1.0}",37,0,,,,,,,,,,,,,,,,,
census,,oversold,40,T11,"t11_weights:L261 return {""TECL"": 1 / 3, ""SOXL"": 1 / 3, ""TQQQ"": 1 / 3}",1065,0,,,,,,,,,,,,,,,,,
census,,oversold,40,T11,"t11_weights:L265 return {""TECL"": 1 / 3, ""SOXL"": 1 / 3, ""TQQQ"": 1 / 3}",40,0,,,,,,,,,,,,,,,,,
census,,oversold,40,T11,"t11_weights:L266 return {""TECS"": 1 / 3, ""SOXS"": 1 / 3, ""SQQQ"": 1 / 3}",378,0,,,,,,,,,,,,,,,,,
census,,oversold,40,T11,t11_weights:L275 return w,188,0,,,,,,,,,,,,,,,,,
census,,sma_short,10,S2,"s2_weights:L288 return {""UVXY"": 1.0}",321,0,,,,,,,,,,,,,,,,,
census,,sma_short,10,S2,"s2_weights:L289 return {""TQQQ"": 1.0}",1730,0,,,,,,,,,,,,,,,,,
census,,sma_short,10,S2,"s2_weights:L293 return {""TECL"": 1.0}",22,0,,,,,,,,,,,,,,,,,
census,,sma_short,10,S2,"s2_weights:L295 return {""SOXL"": 1.0}",15,0,,,,,,,,,,,,,,,,,
census,,sma_short,10,S2,"s2_weights:L300 return {""SQQQ"": 1.0}",67,0,,,,,,,,,,,,,,,,,
census,,sma_short,10,S2,"s2_weights:L301 return {""BSV"": 1.0}",111,0,,,,,,,,,,,,,,,,,
census,,sma_short,10,S2,"s2_weights:L303 return {""TQQQ"": 1.0}",206,0,,,,,,,,,,,,,,,,,
census,,sma_short,10,S3,s3_weights:L325 return {vol: 1.0},519,0,,,,,,,,,,,,,,,,,
census,,sma_short,10,S3,"s3_weights:L326 return {""TQQQ"": 0.5, ""SOXL"": 0.5}",1448,0,,,,,,,,,,,,,,,,,
census,,sma_short,10,S3,"s3_weights:L330 return {""SOXL"": 1.0}",39,0,,,,,,,,,,,,,,,,,
census,,sma_short,10,S3,s3_weights:L332 return {}  # cash,466,0,,,,,,,,,,,,,,,,,
census,,sma_short,10,T10,"t10_weights:L170 return {""UVXY"": 1.0}",756,0,,,,,,,,,,,,,,,,,
census,,sma_short,10,T10,"t10_weights:L174 return {""TECL"": 1.0}",28,0,,,,,,,,,,,,,,,,,
census,,sma_short,10,T10,"t10_weights:L176 return {""SOXL"": 1.0}",27,0,,,,,,,,,,,,,,,,,
census,,sma_short,10,T10,"t10_weights:L178 return {""SPXL"": 1.0}",13,0,,,,,,,,,,,,,,,,,
census,,sma_short,10,T10,"t10_weights:L180 return {""LABU"": 1.0}",22,0,,,,,,,,,,,,,,,,,
census,,sma_short,10,T10,"t10_weights:L189 return {""TECL"": 1 / 3, ""SOXL"": 1 / 3, vol_short: 1 / 3}",1114,0,,,,,,,,,,,,,,,,,
census,,sma_short,10,T10,"t10_weights:L190 return {""SQQQ"": 0.5, ""TLT"": 0.5}",512,0,,,,,,,,,,,,,,,,,
census,,sma_short,10,T11,"_t11_bond_baller:L201 return ""QQQ""",194,0,,,,,,,,,,,,,,,,,
census,,sma_short,10,T11,"_t11_bond_baller:L206 return ""TQQQ""",0,0,,,,,,,,,,,,,,,,,
census,,sma_short,10,T11,"_t11_bond_baller:L207 return ""PSQ""",10,0,,,,,,,,,,,,,,,,,
census,,sma_short,10,T11,"_t11_bond_baller:L209 return ""PSQ""",14,0,,,,,,,,,,,,,,,,,
census,,sma_short,10,T11,"_t11_bond_baller:L210 return ""SQQQ""",40,0,,,,,,,,,,,,,,,,,
census,,sma_short,10,T11,"_t11_feaver_bear:L229 return ""QLD""",9,0,,,,,,,,,,,,,,,,,
census,,sma_short,10,T11,"_t11_feaver_bear:L230 return ""BTAL""",2,0,,,,,,,,,,,,,,,,,
census,,sma_short,10,T11,"_t11_feaver_bear:L233 return ""PSQ""",0,0,,,,,,,,,,,,,,,,,
census,,sma_short,10,T11,"_t11_feaver_bear:L235 return ""TQQQ""",115,0,,,,,,,,,,,,,,,,,
census,,sma_short,10,T11,"_t11_feaver_bear:L236 return ""PSQ""",14,0,,,,,,,,,,,,,,,,,
census,,sma_short,10,T11,"_t11_feaver_bear:L238 return ""PSQ""",72,0,,,,,,,,,,,,,,,,,
census,,sma_short,10,T11,"_t11_feaver_bear:L239 return ""SQQQ""",46,0,,,,,,,,,,,,,,,,,
census,,sma_short,10,T11,"t11_weights:L248 return {""UVXY"": 1.0}",55,0,,,,,,,,,,,,,,,,,
census,,sma_short,10,T11,"t11_weights:L249 return {""UVXY"": 1 / 3, ""BIL"": 1 / 3, ""BTAL"": 1 / 3}",478,0,,,,,,,,,,,,,,,,,
census,,sma_short,10,T11,"t11_weights:L253 return {""TQQQ"": 1.0}",28,0,,,,,,,,,,,,,,,,,
census,,sma_short,10,T11,"t11_weights:L255 return {""SPXL"": 1.0}",14,0,,,,,,,,,,,,,,,,,
census,,sma_short,10,T11,"t11_weights:L261 return {""TECL"": 1 / 3, ""SOXL"": 1 / 3, ""TQQQ"": 1 / 3}",1120,0,,,,,,,,,,,,,,,,,
census,,sma_short,10,T11,"t11_weights:L265 return {""TECL"": 1 / 3, ""SOXL"": 1 / 3, ""TQQQ"": 1 / 3}",134,0,,,,,,,,,,,,,,,,,
census,,sma_short,10,T11,"t11_weights:L266 return {""TECS"": 1 / 3, ""SOXS"": 1 / 3, ""SQQQ"": 1 / 3}",385,0,,,,,,,,,,,,,,,,,
census,,sma_short,10,T11,t11_weights:L275 return w,258,0,,,,,,,,,,,,,,,,,
census,,sma_short,20,S2,"s2_weights:L288 return {""UVXY"": 1.0}",321,1,,,,,,,,,,,,,,,,,
census,,sma_short,20,S2,"s2_weights:L289 return {""TQQQ"": 1.0}",1730,1,,,,,,,,,,,,,,,,,
census,,sma_short,20,S2,"s2_weights:L293 return {""TECL"": 1.0}",22,1,,,,,,,,,,,,,,,,,
census,,sma_short,20,S2,"s2_weights:L295 return {""SOXL"": 1.0}",15,1,,,,,,,,,,,,,,,,,
census,,sma_short,20,S2,"s2_weights:L300 return {""SQQQ"": 1.0}",73,1,,,,,,,,,,,,,,,,,
census,,sma_short,20,S2,"s2_weights:L301 return {""BSV"": 1.0}",122,1,,,,,,,,,,,,,,,,,
census,,sma_short,20,S2,"s2_weights:L303 return {""TQQQ"": 1.0}",189,1,,,,,,,,,,,,,,,,,
census,,sma_short,20,S3,s3_weights:L325 return {vol: 1.0},519,1,,,,,,,,,,,,,,,,,
census,,sma_short,20,S3,"s3_weights:L326 return {""TQQQ"": 0.5, ""SOXL"": 0.5}",1448,1,,,,,,,,,,,,,,,,,
census,,sma_short,20,S3,"s3_weights:L330 return {""SOXL"": 1.0}",39,1,,,,,,,,,,,,,,,,,
census,,sma_short,20,S3,s3_weights:L332 return {}  # cash,466,1,,,,,,,,,,,,,,,,,
census,,sma_short,20,T10,"t10_weights:L170 return {""UVXY"": 1.0}",756,1,,,,,,,,,,,,,,,,,
census,,sma_short,20,T10,"t10_weights:L174 return {""TECL"": 1.0}",28,1,,,,,,,,,,,,,,,,,
census,,sma_short,20,T10,"t10_weights:L176 return {""SOXL"": 1.0}",27,1,,,,,,,,,,,,,,,,,
census,,sma_short,20,T10,"t10_weights:L178 return {""SPXL"": 1.0}",13,1,,,,,,,,,,,,,,,,,
census,,sma_short,20,T10,"t10_weights:L180 return {""LABU"": 1.0}",22,1,,,,,,,,,,,,,,,,,
census,,sma_short,20,T10,"t10_weights:L189 return {""TECL"": 1 / 3, ""SOXL"": 1 / 3, vol_short: 1 / 3}",1114,1,,,,,,,,,,,,,,,,,
census,,sma_short,20,T10,"t10_weights:L190 return {""SQQQ"": 0.5, ""TLT"": 0.5}",512,1,,,,,,,,,,,,,,,,,
census,,sma_short,20,T11,"_t11_bond_baller:L201 return ""QQQ""",194,1,,,,,,,,,,,,,,,,,
census,,sma_short,20,T11,"_t11_bond_baller:L206 return ""TQQQ""",0,1,,,,,,,,,,,,,,,,,
census,,sma_short,20,T11,"_t11_bond_baller:L207 return ""PSQ""",4,1,,,,,,,,,,,,,,,,,
census,,sma_short,20,T11,"_t11_bond_baller:L209 return ""PSQ""",17,1,,,,,,,,,,,,,,,,,
census,,sma_short,20,T11,"_t11_bond_baller:L210 return ""SQQQ""",43,1,,,,,,,,,,,,,,,,,
census,,sma_short,20,T11,"_t11_feaver_bear:L229 return ""QLD""",9,1,,,,,,,,,,,,,,,,,
census,,sma_short,20,T11,"_t11_feaver_bear:L230 return ""BTAL""",2,1,,,,,,,,,,,,,,,,,
census,,sma_short,20,T11,"_t11_feaver_bear:L233 return ""PSQ""",0,1,,,,,,,,,,,,,,,,,
census,,sma_short,20,T11,"_t11_feaver_bear:L235 return ""TQQQ""",111,1,,,,,,,,,,,,,,,,,
census,,sma_short,20,T11,"_t11_feaver_bear:L236 return ""PSQ""",5,1,,,,,,,,,,,,,,,,,
census,,sma_short,20,T11,"_t11_feaver_bear:L238 return ""PSQ""",82,1,,,,,,,,,,,,,,,,,
census,,sma_short,20,T11,"_t11_feaver_bear:L239 return ""SQQQ""",49,1,,,,,,,,,,,,,,,,,
census,,sma_short,20,T11,"t11_weights:L248 return {""UVXY"": 1.0}",55,1,,,,,,,,,,,,,,,,,
census,,sma_short,20,T11,"t11_weights:L249 return {""UVXY"": 1 / 3, ""BIL"": 1 / 3, ""BTAL"": 1 / 3}",478,1,,,,,,,,,,,,,,,,,
census,,sma_short,20,T11,"t11_weights:L253 return {""TQQQ"": 1.0}",28,1,,,,,,,,,,,,,,,,,
census,,sma_short,20,T11,"t11_weights:L255 return {""SPXL"": 1.0}",14,1,,,,,,,,,,,,,,,,,
census,,sma_short,20,T11,"t11_weights:L261 return {""TECL"": 1 / 3, ""SOXL"": 1 / 3, ""TQQQ"": 1 / 3}",1120,1,,,,,,,,,,,,,,,,,
census,,sma_short,20,T11,"t11_weights:L265 return {""TECL"": 1 / 3, ""SOXL"": 1 / 3, ""TQQQ"": 1 / 3}",94,1,,,,,,,,,,,,,,,,,
census,,sma_short,20,T11,"t11_weights:L266 return {""TECS"": 1 / 3, ""SOXS"": 1 / 3, ""SQQQ"": 1 / 3}",425,1,,,,,,,,,,,,,,,,,
census,,sma_short,20,T11,t11_weights:L275 return w,258,1,,,,,,,,,,,,,,,,,
census,,sma_short,50,S2,"s2_weights:L288 return {""UVXY"": 1.0}",321,0,,,,,,,,,,,,,,,,,
census,,sma_short,50,S2,"s2_weights:L289 return {""TQQQ"": 1.0}",1730,0,,,,,,,,,,,,,,,,,
census,,sma_short,50,S2,"s2_weights:L293 return {""TECL"": 1.0}",22,0,,,,,,,,,,,,,,,,,
census,,sma_short,50,S2,"s2_weights:L295 return {""SOXL"": 1.0}",15,0,,,,,,,,,,,,,,,,,
census,,sma_short,50,S2,"s2_weights:L300 return {""SQQQ"": 1.0}",75,0,,,,,,,,,,,,,,,,,
census,,sma_short,50,S2,"s2_weights:L301 return {""BSV"": 1.0}",186,0,,,,,,,,,,,,,,,,,
census,,sma_short,50,S2,"s2_weights:L303 return {""TQQQ"": 1.0}",123,0,,,,,,,,,,,,,,,,,
census,,sma_short,50,S3,s3_weights:L325 return {vol: 1.0},519,0,,,,,,,,,,,,,,,,,
census,,sma_short,50,S3,"s3_weights:L326 return {""TQQQ"": 0.5, ""SOXL"": 0.5}",1448,0,,,,,,,,,,,,,,,,,
census,,sma_short,50,S3,"s3_weights:L330 return {""SOXL"": 1.0}",39,0,,,,,,,,,,,,,,,,,
census,,sma_short,50,S3,s3_weights:L332 return {}  # cash,466,0,,,,,,,,,,,,,,,,,
census,,sma_short,50,T10,"t10_weights:L170 return {""UVXY"": 1.0}",756,0,,,,,,,,,,,,,,,,,
census,,sma_short,50,T10,"t10_weights:L174 return {""TECL"": 1.0}",28,0,,,,,,,,,,,,,,,,,
census,,sma_short,50,T10,"t10_weights:L176 return {""SOXL"": 1.0}",27,0,,,,,,,,,,,,,,,,,
census,,sma_short,50,T10,"t10_weights:L178 return {""SPXL"": 1.0}",13,0,,,,,,,,,,,,,,,,,
census,,sma_short,50,T10,"t10_weights:L180 return {""LABU"": 1.0}",22,0,,,,,,,,,,,,,,,,,
census,,sma_short,50,T10,"t10_weights:L189 return {""TECL"": 1 / 3, ""SOXL"": 1 / 3, vol_short: 1 / 3}",1114,0,,,,,,,,,,,,,,,,,
census,,sma_short,50,T10,"t10_weights:L190 return {""SQQQ"": 0.5, ""TLT"": 0.5}",512,0,,,,,,,,,,,,,,,,,
census,,sma_short,50,T11,"_t11_bond_baller:L201 return ""QQQ""",194,0,,,,,,,,,,,,,,,,,
census,,sma_short,50,T11,"_t11_bond_baller:L206 return ""TQQQ""",0,0,,,,,,,,,,,,,,,,,
census,,sma_short,50,T11,"_t11_bond_baller:L207 return ""PSQ""",3,0,,,,,,,,,,,,,,,,,
census,,sma_short,50,T11,"_t11_bond_baller:L209 return ""PSQ""",19,0,,,,,,,,,,,,,,,,,
census,,sma_short,50,T11,"_t11_bond_baller:L210 return ""SQQQ""",42,0,,,,,,,,,,,,,,,,,
census,,sma_short,50,T11,"_t11_feaver_bear:L229 return ""QLD""",9,0,,,,,,,,,,,,,,,,,
census,,sma_short,50,T11,"_t11_feaver_bear:L230 return ""BTAL""",2,0,,,,,,,,,,,,,,,,,
census,,sma_short,50,T11,"_t11_feaver_bear:L233 return ""PSQ""",0,0,,,,,,,,,,,,,,,,,
census,,sma_short,50,T11,"_t11_feaver_bear:L235 return ""TQQQ""",66,0,,,,,,,,,,,,,,,,,
census,,sma_short,50,T11,"_t11_feaver_bear:L236 return ""PSQ""",4,0,,,,,,,,,,,,,,,,,
census,,sma_short,50,T11,"_t11_feaver_bear:L238 return ""PSQ""",129,0,,,,,,,,,,,,,,,,,
census,,sma_short,50,T11,"_t11_feaver_bear:L239 return ""SQQQ""",48,0,,,,,,,,,,,,,,,,,
census,,sma_short,50,T11,"t11_weights:L248 return {""UVXY"": 1.0}",55,0,,,,,,,,,,,,,,,,,
census,,sma_short,50,T11,"t11_weights:L249 return {""UVXY"": 1 / 3, ""BIL"": 1 / 3, ""BTAL"": 1 / 3}",478,0,,,,,,,,,,,,,,,,,
census,,sma_short,50,T11,"t11_weights:L253 return {""TQQQ"": 1.0}",28,0,,,,,,,,,,,,,,,,,
census,,sma_short,50,T11,"t11_weights:L255 return {""SPXL"": 1.0}",14,0,,,,,,,,,,,,,,,,,
census,,sma_short,50,T11,"t11_weights:L261 return {""TECL"": 1 / 3, ""SOXL"": 1 / 3, ""TQQQ"": 1 / 3}",1120,0,,,,,,,,,,,,,,,,,
census,,sma_short,50,T11,"t11_weights:L265 return {""TECL"": 1 / 3, ""SOXL"": 1 / 3, ""TQQQ"": 1 / 3}",105,0,,,,,,,,,,,,,,,,,
census,,sma_short,50,T11,"t11_weights:L266 return {""TECS"": 1 / 3, ""SOXS"": 1 / 3, ""SQQQ"": 1 / 3}",414,0,,,,,,,,,,,,,,,,,
census,,sma_short,50,T11,t11_weights:L275 return w,258,0,,,,,,,,,,,,,,,,,
census,,vote,2,S2,"s2_weights:L288 return {""UVXY"": 1.0}",321,0,,,,,,,,,,,,,,,,,
census,,vote,2,S2,"s2_weights:L289 return {""TQQQ"": 1.0}",1730,0,,,,,,,,,,,,,,,,,
census,,vote,2,S2,"s2_weights:L293 return {""TECL"": 1.0}",22,0,,,,,,,,,,,,,,,,,
census,,vote,2,S2,"s2_weights:L295 return {""SOXL"": 1.0}",15,0,,,,,,,,,,,,,,,,,
census,,vote,2,S2,"s2_weights:L300 return {""SQQQ"": 1.0}",73,0,,,,,,,,,,,,,,,,,
census,,vote,2,S2,"s2_weights:L301 return {""BSV"": 1.0}",122,0,,,,,,,,,,,,,,,,,
census,,vote,2,S2,"s2_weights:L303 return {""TQQQ"": 1.0}",189,0,,,,,,,,,,,,,,,,,
census,,vote,2,S3,s3_weights:L325 return {vol: 1.0},523,0,,,,,,,,,,,,,,,,,
census,,vote,2,S3,"s3_weights:L326 return {""TQQQ"": 0.5, ""SOXL"": 0.5}",1683,0,,,,,,,,,,,,,,,,,
census,,vote,2,S3,"s3_weights:L330 return {""SOXL"": 1.0}",26,0,,,,,,,,,,,,,,,,,
census,,vote,2,S3,s3_weights:L332 return {}  # cash,240,0,,,,,,,,,,,,,,,,,
census,,vote,2,T10,"t10_weights:L170 return {""UVXY"": 1.0}",756,0,,,,,,,,,,,,,,,,,
census,,vote,2,T10,"t10_weights:L174 return {""TECL"": 1.0}",28,0,,,,,,,,,,,,,,,,,
census,,vote,2,T10,"t10_weights:L176 return {""SOXL"": 1.0}",27,0,,,,,,,,,,,,,,,,,
census,,vote,2,T10,"t10_weights:L178 return {""SPXL"": 1.0}",13,0,,,,,,,,,,,,,,,,,
census,,vote,2,T10,"t10_weights:L180 return {""LABU"": 1.0}",22,0,,,,,,,,,,,,,,,,,
census,,vote,2,T10,"t10_weights:L189 return {""TECL"": 1 / 3, ""SOXL"": 1 / 3, vol_short: 1 / 3}",1114,0,,,,,,,,,,,,,,,,,
census,,vote,2,T10,"t10_weights:L190 return {""SQQQ"": 0.5, ""TLT"": 0.5}",512,0,,,,,,,,,,,,,,,,,
census,,vote,2,T11,"_t11_bond_baller:L201 return ""QQQ""",194,0,,,,,,,,,,,,,,,,,
census,,vote,2,T11,"_t11_bond_baller:L206 return ""TQQQ""",0,0,,,,,,,,,,,,,,,,,
census,,vote,2,T11,"_t11_bond_baller:L207 return ""PSQ""",4,0,,,,,,,,,,,,,,,,,
census,,vote,2,T11,"_t11_bond_baller:L209 return ""PSQ""",17,0,,,,,,,,,,,,,,,,,
census,,vote,2,T11,"_t11_bond_baller:L210 return ""SQQQ""",43,0,,,,,,,,,,,,,,,,,
census,,vote,2,T11,"_t11_feaver_bear:L229 return ""QLD""",9,0,,,,,,,,,,,,,,,,,
census,,vote,2,T11,"_t11_feaver_bear:L230 return ""BTAL""",2,0,,,,,,,,,,,,,,,,,
census,,vote,2,T11,"_t11_feaver_bear:L233 return ""PSQ""",0,0,,,,,,,,,,,,,,,,,
census,,vote,2,T11,"_t11_feaver_bear:L235 return ""TQQQ""",111,0,,,,,,,,,,,,,,,,,
census,,vote,2,T11,"_t11_feaver_bear:L236 return ""PSQ""",5,0,,,,,,,,,,,,,,,,,
census,,vote,2,T11,"_t11_feaver_bear:L238 return ""PSQ""",82,0,,,,,,,,,,,,,,,,,
census,,vote,2,T11,"_t11_feaver_bear:L239 return ""SQQQ""",49,0,,,,,,,,,,,,,,,,,
census,,vote,2,T11,"t11_weights:L248 return {""UVXY"": 1.0}",55,0,,,,,,,,,,,,,,,,,
census,,vote,2,T11,"t11_weights:L249 return {""UVXY"": 1 / 3, ""BIL"": 1 / 3, ""BTAL"": 1 / 3}",478,0,,,,,,,,,,,,,,,,,
census,,vote,2,T11,"t11_weights:L253 return {""TQQQ"": 1.0}",28,0,,,,,,,,,,,,,,,,,
census,,vote,2,T11,"t11_weights:L255 return {""SPXL"": 1.0}",14,0,,,,,,,,,,,,,,,,,
census,,vote,2,T11,"t11_weights:L261 return {""TECL"": 1 / 3, ""SOXL"": 1 / 3, ""TQQQ"": 1 / 3}",1120,0,,,,,,,,,,,,,,,,,
census,,vote,2,T11,"t11_weights:L265 return {""TECL"": 1 / 3, ""SOXL"": 1 / 3, ""TQQQ"": 1 / 3}",94,0,,,,,,,,,,,,,,,,,
census,,vote,2,T11,"t11_weights:L266 return {""TECS"": 1 / 3, ""SOXS"": 1 / 3, ""SQQQ"": 1 / 3}",425,0,,,,,,,,,,,,,,,,,
census,,vote,2,T11,t11_weights:L275 return w,258,0,,,,,,,,,,,,,,,,,
census,,vote,3,S2,"s2_weights:L288 return {""UVXY"": 1.0}",321,1,,,,,,,,,,,,,,,,,
census,,vote,3,S2,"s2_weights:L289 return {""TQQQ"": 1.0}",1730,1,,,,,,,,,,,,,,,,,
census,,vote,3,S2,"s2_weights:L293 return {""TECL"": 1.0}",22,1,,,,,,,,,,,,,,,,,
census,,vote,3,S2,"s2_weights:L295 return {""SOXL"": 1.0}",15,1,,,,,,,,,,,,,,,,,
census,,vote,3,S2,"s2_weights:L300 return {""SQQQ"": 1.0}",73,1,,,,,,,,,,,,,,,,,
census,,vote,3,S2,"s2_weights:L301 return {""BSV"": 1.0}",122,1,,,,,,,,,,,,,,,,,
census,,vote,3,S2,"s2_weights:L303 return {""TQQQ"": 1.0}",189,1,,,,,,,,,,,,,,,,,
census,,vote,3,S3,s3_weights:L325 return {vol: 1.0},519,1,,,,,,,,,,,,,,,,,
census,,vote,3,S3,"s3_weights:L326 return {""TQQQ"": 0.5, ""SOXL"": 0.5}",1448,1,,,,,,,,,,,,,,,,,
census,,vote,3,S3,"s3_weights:L330 return {""SOXL"": 1.0}",39,1,,,,,,,,,,,,,,,,,
census,,vote,3,S3,s3_weights:L332 return {}  # cash,466,1,,,,,,,,,,,,,,,,,
census,,vote,3,T10,"t10_weights:L170 return {""UVXY"": 1.0}",756,1,,,,,,,,,,,,,,,,,
census,,vote,3,T10,"t10_weights:L174 return {""TECL"": 1.0}",28,1,,,,,,,,,,,,,,,,,
census,,vote,3,T10,"t10_weights:L176 return {""SOXL"": 1.0}",27,1,,,,,,,,,,,,,,,,,
census,,vote,3,T10,"t10_weights:L178 return {""SPXL"": 1.0}",13,1,,,,,,,,,,,,,,,,,
census,,vote,3,T10,"t10_weights:L180 return {""LABU"": 1.0}",22,1,,,,,,,,,,,,,,,,,
census,,vote,3,T10,"t10_weights:L189 return {""TECL"": 1 / 3, ""SOXL"": 1 / 3, vol_short: 1 / 3}",1114,1,,,,,,,,,,,,,,,,,
census,,vote,3,T10,"t10_weights:L190 return {""SQQQ"": 0.5, ""TLT"": 0.5}",512,1,,,,,,,,,,,,,,,,,
census,,vote,3,T11,"_t11_bond_baller:L201 return ""QQQ""",194,1,,,,,,,,,,,,,,,,,
census,,vote,3,T11,"_t11_bond_baller:L206 return ""TQQQ""",0,1,,,,,,,,,,,,,,,,,
census,,vote,3,T11,"_t11_bond_baller:L207 return ""PSQ""",4,1,,,,,,,,,,,,,,,,,
census,,vote,3,T11,"_t11_bond_baller:L209 return ""PSQ""",17,1,,,,,,,,,,,,,,,,,
census,,vote,3,T11,"_t11_bond_baller:L210 return ""SQQQ""",43,1,,,,,,,,,,,,,,,,,
census,,vote,3,T11,"_t11_feaver_bear:L229 return ""QLD""",9,1,,,,,,,,,,,,,,,,,
census,,vote,3,T11,"_t11_feaver_bear:L230 return ""BTAL""",2,1,,,,,,,,,,,,,,,,,
census,,vote,3,T11,"_t11_feaver_bear:L233 return ""PSQ""",0,1,,,,,,,,,,,,,,,,,
census,,vote,3,T11,"_t11_feaver_bear:L235 return ""TQQQ""",111,1,,,,,,,,,,,,,,,,,
census,,vote,3,T11,"_t11_feaver_bear:L236 return ""PSQ""",5,1,,,,,,,,,,,,,,,,,
census,,vote,3,T11,"_t11_feaver_bear:L238 return ""PSQ""",82,1,,,,,,,,,,,,,,,,,
census,,vote,3,T11,"_t11_feaver_bear:L239 return ""SQQQ""",49,1,,,,,,,,,,,,,,,,,
census,,vote,3,T11,"t11_weights:L248 return {""UVXY"": 1.0}",55,1,,,,,,,,,,,,,,,,,
census,,vote,3,T11,"t11_weights:L249 return {""UVXY"": 1 / 3, ""BIL"": 1 / 3, ""BTAL"": 1 / 3}",478,1,,,,,,,,,,,,,,,,,
census,,vote,3,T11,"t11_weights:L253 return {""TQQQ"": 1.0}",28,1,,,,,,,,,,,,,,,,,
census,,vote,3,T11,"t11_weights:L255 return {""SPXL"": 1.0}",14,1,,,,,,,,,,,,,,,,,
census,,vote,3,T11,"t11_weights:L261 return {""TECL"": 1 / 3, ""SOXL"": 1 / 3, ""TQQQ"": 1 / 3}",1120,1,,,,,,,,,,,,,,,,,
census,,vote,3,T11,"t11_weights:L265 return {""TECL"": 1 / 3, ""SOXL"": 1 / 3, ""TQQQ"": 1 / 3}",94,1,,,,,,,,,,,,,,,,,
census,,vote,3,T11,"t11_weights:L266 return {""TECS"": 1 / 3, ""SOXS"": 1 / 3, ""SQQQ"": 1 / 3}",425,1,,,,,,,,,,,,,,,,,
census,,vote,3,T11,t11_weights:L275 return w,258,1,,,,,,,,,,,,,,,,,
census,,vote,4,S2,"s2_weights:L288 return {""UVXY"": 1.0}",321,0,,,,,,,,,,,,,,,,,
census,,vote,4,S2,"s2_weights:L289 return {""TQQQ"": 1.0}",1730,0,,,,,,,,,,,,,,,,,
census,,vote,4,S2,"s2_weights:L293 return {""TECL"": 1.0}",22,0,,,,,,,,,,,,,,,,,
census,,vote,4,S2,"s2_weights:L295 return {""SOXL"": 1.0}",15,0,,,,,,,,,,,,,,,,,
census,,vote,4,S2,"s2_weights:L300 return {""SQQQ"": 1.0}",73,0,,,,,,,,,,,,,,,,,
census,,vote,4,S2,"s2_weights:L301 return {""BSV"": 1.0}",122,0,,,,,,,,,,,,,,,,,
census,,vote,4,S2,"s2_weights:L303 return {""TQQQ"": 1.0}",189,0,,,,,,,,,,,,,,,,,
census,,vote,4,S3,s3_weights:L325 return {vol: 1.0},494,0,,,,,,,,,,,,,,,,,
census,,vote,4,S3,"s3_weights:L326 return {""TQQQ"": 0.5, ""SOXL"": 0.5}",1269,0,,,,,,,,,,,,,,,,,
census,,vote,4,S3,"s3_weights:L330 return {""SOXL"": 1.0}",41,0,,,,,,,,,,,,,,,,,
census,,vote,4,S3,s3_weights:L332 return {}  # cash,668,0,,,,,,,,,,,,,,,,,
census,,vote,4,T10,"t10_weights:L170 return {""UVXY"": 1.0}",756,0,,,,,,,,,,,,,,,,,
census,,vote,4,T10,"t10_weights:L174 return {""TECL"": 1.0}",28,0,,,,,,,,,,,,,,,,,
census,,vote,4,T10,"t10_weights:L176 return {""SOXL"": 1.0}",27,0,,,,,,,,,,,,,,,,,
census,,vote,4,T10,"t10_weights:L178 return {""SPXL"": 1.0}",13,0,,,,,,,,,,,,,,,,,
census,,vote,4,T10,"t10_weights:L180 return {""LABU"": 1.0}",22,0,,,,,,,,,,,,,,,,,
census,,vote,4,T10,"t10_weights:L189 return {""TECL"": 1 / 3, ""SOXL"": 1 / 3, vol_short: 1 / 3}",1114,0,,,,,,,,,,,,,,,,,
census,,vote,4,T10,"t10_weights:L190 return {""SQQQ"": 0.5, ""TLT"": 0.5}",512,0,,,,,,,,,,,,,,,,,
census,,vote,4,T11,"_t11_bond_baller:L201 return ""QQQ""",194,0,,,,,,,,,,,,,,,,,
census,,vote,4,T11,"_t11_bond_baller:L206 return ""TQQQ""",0,0,,,,,,,,,,,,,,,,,
census,,vote,4,T11,"_t11_bond_baller:L207 return ""PSQ""",4,0,,,,,,,,,,,,,,,,,
census,,vote,4,T11,"_t11_bond_baller:L209 return ""PSQ""",17,0,,,,,,,,,,,,,,,,,
census,,vote,4,T11,"_t11_bond_baller:L210 return ""SQQQ""",43,0,,,,,,,,,,,,,,,,,
census,,vote,4,T11,"_t11_feaver_bear:L229 return ""QLD""",9,0,,,,,,,,,,,,,,,,,
census,,vote,4,T11,"_t11_feaver_bear:L230 return ""BTAL""",2,0,,,,,,,,,,,,,,,,,
census,,vote,4,T11,"_t11_feaver_bear:L233 return ""PSQ""",0,0,,,,,,,,,,,,,,,,,
census,,vote,4,T11,"_t11_feaver_bear:L235 return ""TQQQ""",111,0,,,,,,,,,,,,,,,,,
census,,vote,4,T11,"_t11_feaver_bear:L236 return ""PSQ""",5,0,,,,,,,,,,,,,,,,,
census,,vote,4,T11,"_t11_feaver_bear:L238 return ""PSQ""",82,0,,,,,,,,,,,,,,,,,
census,,vote,4,T11,"_t11_feaver_bear:L239 return ""SQQQ""",49,0,,,,,,,,,,,,,,,,,
census,,vote,4,T11,"t11_weights:L248 return {""UVXY"": 1.0}",55,0,,,,,,,,,,,,,,,,,
census,,vote,4,T11,"t11_weights:L249 return {""UVXY"": 1 / 3, ""BIL"": 1 / 3, ""BTAL"": 1 / 3}",478,0,,,,,,,,,,,,,,,,,
census,,vote,4,T11,"t11_weights:L253 return {""TQQQ"": 1.0}",28,0,,,,,,,,,,,,,,,,,
census,,vote,4,T11,"t11_weights:L255 return {""SPXL"": 1.0}",14,0,,,,,,,,,,,,,,,,,
census,,vote,4,T11,"t11_weights:L261 return {""TECL"": 1 / 3, ""SOXL"": 1 / 3, ""TQQQ"": 1 / 3}",1120,0,,,,,,,,,,,,,,,,,
census,,vote,4,T11,"t11_weights:L265 return {""TECL"": 1 / 3, ""SOXL"": 1 / 3, ""TQQQ"": 1 / 3}",94,0,,,,,,,,,,,,,,,,,
census,,vote,4,T11,"t11_weights:L266 return {""TECS"": 1 / 3, ""SOXS"": 1 / 3, ""SQQQ"": 1 / 3}",425,0,,,,,,,,,,,,,,,,,
census,,vote,4,T11,t11_weights:L275 return w,258,0,,,,,,,,,,,,,,,,,
classification,,sma_long,,,,,,structural,4,1,0,"_t11_bond_baller:L206 return ""TQQQ""",200,,,,,,,,,,,
reachability_switch,,sma_long,,T11,"_t11_bond_baller:L206 return ""TQQQ""",,,,,,,,,50=2; 100=0; 150=0; 200=0,100; 150; 200,50,,,,,,,,
classification,,crash_threshold,,,,,,structural,5,2,1,"_t11_feaver_bear:L229 return ""QLD""; _t11_feaver_bear:L230 return ""BTAL""",-15.0,,,,,,,,,,,
order_of_magnitude_mover,,crash_threshold,,T11,"_t11_feaver_bear:L229 return ""QLD""",,,,,,,,,,,,9,106,11.78,,,,,
reachability_switch,,crash_threshold,,T11,"_t11_feaver_bear:L229 return ""QLD""",,,,,,,,,-5.0=106; -10.0=47; -15.0=9; -20.0=0; -25.0=0,-20.0; -25.0,-5.0; -10.0; -15.0,,,,,,,,
reachability_switch,,crash_threshold,,T11,"_t11_feaver_bear:L230 return ""BTAL""",,,,,,,,,-5.0=19; -10.0=2; -15.0=2; -20.0=0; -25.0=0,-20.0; -25.0,-5.0; -10.0; -15.0,,,,,,,,
classification,,rsi_exhaustion,,,,,,smooth,3,0,1,,14,,,,,,,,,,,
order_of_magnitude_mover,,rsi_exhaustion,,T11,"t11_weights:L248 return {""UVXY"": 1.0}",,,,,,,,,,,,1,371,371.0,,,,,
classification,,rsi_dip,,,,,,structural,3,7,1,"s2_weights:L293 return {""TECL"": 1.0}; s2_weights:L295 return {""SOXL"": 1.0}; t10_weights:L174 return {""TECL"": 1.0}; t10_weights:L176 return {""SOXL"": 1.0}; t10_weights:L180 return {""LABU"": 1.0}; _t11_feaver_bear:L233 return ""PSQ""; t11_weights:L253 return {""TQQQ"": 1.0}",14,,,,,,,,,,,
order_of_magnitude_mover,,rsi_dip,,S3,"s3_weights:L330 return {""SOXL"": 1.0}",,,,,,,,,,,,1,113,113.0,,,,,
reachability_switch,,rsi_dip,,S2,"s2_weights:L293 return {""TECL"": 1.0}",,,,,,,,,7=71; 14=22; 28=0,28,7; 14,,,,,,,,
reachability_switch,,rsi_dip,,S2,"s2_weights:L295 return {""SOXL"": 1.0}",,,,,,,,,7=20; 14=15; 28=0,28,7; 14,,,,,,,,
reachability_switch,,rsi_dip,,T10,"t10_weights:L174 return {""TECL"": 1.0}",,,,,,,,,7=151; 14=28; 28=0,28,7; 14,,,,,,,,
reachability_switch,,rsi_dip,,T10,"t10_weights:L176 return {""SOXL"": 1.0}",,,,,,,,,7=84; 14=27; 28=0,28,7; 14,,,,,,,,
reachability_switch,,rsi_dip,,T10,"t10_weights:L180 return {""LABU"": 1.0}",,,,,,,,,7=60; 14=22; 28=0,28,7; 14,,,,,,,,
reachability_switch,,rsi_dip,,T11,"_t11_feaver_bear:L233 return ""PSQ""",,,,,,,,,7=16; 14=0; 28=0,14; 28,7,,,,,,,,
reachability_switch,,rsi_dip,,T11,"t11_weights:L253 return {""TQQQ"": 1.0}",,,,,,,,,7=151; 14=28; 28=0,28,7; 14,,,,,,,,
classification,,rsi_rs,,,,,,structural,3,1,0,"_t11_bond_baller:L206 return ""TQQQ""",14,,,,,,,,,,,
reachability_switch,,rsi_rs,,T11,"_t11_bond_baller:L206 return ""TQQQ""",,,,,,,,,7=5; 14=0; 28=2,14,7; 28,,,,,,,,
classification,,overbought_t1,,,,,,structural,5,1,5,"t11_weights:L248 return {""UVXY"": 1.0}",70,,,,,,,,,,,
order_of_magnitude_mover,,overbought_t1,,S2,"s2_weights:L288 return {""UVXY"": 1.0}",,,,,,,,,,,,28,930,33.21,,,,,
order_of_magnitude_mover,,overbought_t1,,S3,s3_weights:L325 return {vol: 1.0},,,,,,,,,,,,50,1305,26.1,,,,,
order_of_magnitude_mover,,overbought_t1,,T10,"t10_weights:L170 return {""UVXY"": 1.0}",,,,,,,,,,,,83,1683,20.28,,,,,
order_of_magnitude_mover,,overbought_t1,,T11,"t11_weights:L248 return {""UVXY"": 1.0}",,,,,,,,,,,,6,533,88.83,,,,,
order_of_magnitude_mover,,overbought_t1,,T11,"t11_weights:L249 return {""UVXY"": 1 / 3, ""BIL"": 1 / 3, ""BTAL"": 1 / 3}",,,,,,,,,,,,55,899,16.35,,,,,
reachability_switch,,overbought_t1,,T11,"t11_weights:L248 return {""UVXY"": 1.0}",,,,,,,,,60=533; 65=194; 70=55; 75=6; 80=0,80,60; 65; 70; 75,,,,,,,,
classification,,oversold,,,,,,structural,5,5,8,"s2_weights:L295 return {""SOXL"": 1.0}; t10_weights:L176 return {""SOXL"": 1.0}; t10_weights:L180 return {""LABU"": 1.0}; _t11_feaver_bear:L230 return ""BTAL""; _t11_feaver_bear:L233 return ""PSQ""",30,,,,,,,,,,,
order_of_magnitude_mover,,oversold,,S2,"s2_weights:L293 return {""TECL"": 1.0}",,,,,,,,,,,,1,125,125.0,,,,,
order_of_magnitude_mover,,oversold,,S2,"s2_weights:L295 return {""SOXL"": 1.0}",,,,,,,,,,,,1,15,15.0,,,,,
order_of_magnitude_mover,,oversold,,S3,"s3_weights:L330 return {""SOXL"": 1.0}",,,,,,,,,,,,2,170,85.0,,,,,
order_of_magnitude_mover,,oversold,,T10,"t10_weights:L174 return {""TECL"": 1.0}",,,,,,,,,,,,1,231,231.0,,,,,
order_of_magnitude_mover,,oversold,,T10,"t10_weights:L176 return {""SOXL"": 1.0}",,,,,,,,,,,,4,117,29.25,,,,,
order_of_magnitude_mover,,oversold,,T10,"t10_weights:L178 return {""SPXL"": 1.0}",,,,,,,,,,,,2,39,19.5,,,,,
order_of_magnitude_mover,,oversold,,T11,"_t11_feaver_bear:L233 return ""PSQ""",,,,,,,,,,,,3,39,13.0,,,,,
order_of_magnitude_mover,,oversold,,T11,"t11_weights:L253 return {""TQQQ"": 1.0}",,,,,,,,,,,,1,231,231.0,,,,,
reachability_switch,,oversold,,S2,"s2_weights:L295 return {""SOXL"": 1.0}",,,,,,,,,20=0; 25=1; 30=15; 35=13; 40=13,20,25; 30; 35; 40,,,,,,,,
reachability_switch,,oversold,,T10,"t10_weights:L176 return {""SOXL"": 1.0}",,,,,,,,,20=0; 25=4; 30=27; 35=64; 40=117,20,25; 30; 35; 40,,,,,,,,
reachability_switch,,oversold,,T10,"t10_weights:L180 return {""LABU"": 1.0}",,,,,,,,,20=0; 25=0; 30=22; 35=55; 40=98,20; 25,30; 35; 40,,,,,,,,
reachability_switch,,oversold,,T11,"_t11_feaver_bear:L230 return ""BTAL""",,,,,,,,,20=2; 25=2; 30=2; 35=0; 40=0,35; 40,20; 25; 30,,,,,,,,
reachability_switch,,oversold,,T11,"_t11_feaver_bear:L233 return ""PSQ""",,,,,,,,,20=0; 25=0; 30=0; 35=3; 40=39,20; 25; 30,35; 40,,,,,,,,
classification,,sma_short,,,,,,smooth,3,0,0,,20,,,,,,,,,,,
classification,,vote,,,,,,smooth,3,0,0,,3,,,,,,,,,,,
dead_terminal,,,,S2,"s2_weights:L293 return {""TECL"": 1.0}",,,,,,,,,,rsi_dip=28,,,,,1,22,,,
dead_terminal,,,,S2,"s2_weights:L295 return {""SOXL"": 1.0}",,,,,,,,,,rsi_dip=28; oversold=20,,,,,2,15,,,
dead_terminal,,,,T10,"t10_weights:L174 return {""TECL"": 1.0}",,,,,,,,,,rsi_dip=28,,,,,1,28,,,
dead_terminal,,,,T10,"t10_weights:L176 return {""SOXL"": 1.0}",,,,,,,,,,rsi_dip=28; oversold=20,,,,,2,27,,,
dead_terminal,,,,T10,"t10_weights:L180 return {""LABU"": 1.0}",,,,,,,,,,rsi_dip=28; oversold=20; oversold=25,,,,,3,22,,,
dead_terminal,,,,T11,"_t11_bond_baller:L206 return ""TQQQ""",,,,,,,,,,sma_long=100; sma_long=150; sma_long=200; crash_threshold=-5.0; crash_threshold=-10.0; crash_threshold=-15.0; crash_threshold=-20.0; crash_threshold=-25.0; rsi_exhaustion=7; rsi_exhaustion=14; rsi_exhaustion=28; rsi_dip=7; rsi_dip=14; rsi_dip=28; rsi_rs=14; overbought_t1=60; overbought_t1=65; overbought_t1=70; overbought_t1=75; overbought_t1=80; oversold=20; oversold=25; oversold=30; oversold=35; oversold=40; sma_short=10; sma_short=20; sma_short=50; vote=2; vote=3; vote=4,,,,,31,0,,,
dead_terminal,,,,T11,"_t11_feaver_bear:L229 return ""QLD""",,,,,,,,,,crash_threshold=-20.0; crash_threshold=-25.0,,,,,2,9,,,
dead_terminal,,,,T11,"_t11_feaver_bear:L230 return ""BTAL""",,,,,,,,,,crash_threshold=-20.0; crash_threshold=-25.0; oversold=35; oversold=40,,,,,4,2,,,
dead_terminal,,,,T11,"_t11_feaver_bear:L233 return ""PSQ""",,,,,,,,,,sma_long=50; sma_long=100; sma_long=150; sma_long=200; crash_threshold=-5.0; crash_threshold=-10.0; crash_threshold=-15.0; crash_threshold=-20.0; crash_threshold=-25.0; rsi_exhaustion=7; rsi_exhaustion=14; rsi_exhaustion=28; rsi_dip=14; rsi_dip=28; rsi_rs=7; rsi_rs=14; rsi_rs=28; overbought_t1=60; overbought_t1=65; overbought_t1=70; overbought_t1=75; overbought_t1=80; oversold=20; oversold=25; oversold=30; sma_short=10; sma_short=20; sma_short=50; vote=2; vote=3; vote=4,,,,,31,0,,,
dead_terminal,,,,T11,"t11_weights:L248 return {""UVXY"": 1.0}",,,,,,,,,,overbought_t1=80,,,,,1,55,,,
dead_terminal,,,,T11,"t11_weights:L253 return {""TQQQ"": 1.0}",,,,,,,,,,rsi_dip=28,,,,,1,28,,,
s3_vote,,vote,2,,,,,,,,,,,,,,,,,,,4,0,s3_weights:L325=523; s3_weights:L326=1683; s3_weights:L330=26; s3_weights:L332=240
s3_vote,,vote,3,,,,,,,,,,,,,,,,,,,4,0,s3_weights:L325=519; s3_weights:L326=1448; s3_weights:L330=39; s3_weights:L332=466
s3_vote,,vote,4,,,,,,,,,,,,,,,,,,,4,1,s3_weights:L325=494; s3_weights:L326=1269; s3_weights:L330=41; s3_weights:L332=668
