table,arm,level,panel,convention,window,vs_line,alpha_ann,beta,tracking_error_ann,information_ratio,r_squared,alpha_t_newey_west,newey_west_lag,andrews_bandwidth,up_capture,down_capture,n_up_days,n_down_days,short_notional,n_sessions,total_return,ann_return,ann_vol,sharpe_naive,sharpe_lo,max_drawdown,calmar,arith_mean_excess_ann,ann_turnover,downside_deviation_ann,sortino_mar_dtb3,skewness,excess_kurtosis,var_95_daily,cvar_95_daily,var_95_annualised,cvar_95_annualised,var_99_daily,cvar_99_daily,var_99_annualised,cvar_99_annualised,n_drawdowns_gt_20pct,mean_duration_drawdowns_gt_20pct_sessions,max_dd_duration_sessions,max_dd_duration_calendar_days,time_to_recovery_sessions,recovered_within_window,ulcer_index,pain_ratio,rolling_12m_sharpe_min,rolling_12m_sharpe_max,rolling_12m_sharpe_frac_below_zero,pct_positive_months,split_half_first_sharpe_lo,split_half_first_ann_return,split_half_second_sharpe_lo,split_half_second_ann_return,return_per_unit_turnover,turnover_adjusted_sharpe,d_ann_return,d_ann_vol,d_sharpe_lo,d_max_drawdown,d_calmar,d_ann_turnover,d_ulcer_index,d_sortino_mar_dtb3
relative,A,portfolio,realized,c2c,full,buy_hold_QQQ,0.1681584777512441,0.7149718857734139,0.423135883599937,0.2852061521641387,0.1270898270823232,1.4741327658437908,21.0,3.1275352864212698,0.8125223186152878,0.6732734190466773,1923.0,1536.0,,,,,,,,,,,,,,,,,,,,,,,,,,,,,,,,,,,,,,,,,,,,,,,,,
relative,A,portfolio,realized,c2c,full,buy_hold_TQQQ,0.17082034360891774,0.5175405874551069,0.4440969873843273,0.14024107969471858,0.12380650605114785,1.5635776064393927,21.0,3.729619717295859,0.7390757180582425,0.6293000062257096,2204.0,1252.0,,,,,,,,,,,,,,,,,,,,,,,,,,,,,,,,,,,,,,,,,,,,,,,,,
relative,A,portfolio,realized,c2c,full,vol_targeted_QQQ_matched,0.14243603539187857,0.6363361861422624,0.4266838129174457,0.1398554523884642,0.13640183499556602,1.2625851363043412,21.0,3.2133087975484154,0.688509464150236,0.5797107805502748,2199.0,1257.0,,,,,,,,,,,,,,,,,,,,,,,,,,,,,,,,,,,,,,,,,,,,,,,,,
relative,A,portfolio,realized,c2c,full,naive_fast_1d_momentum,0.22120020992179557,0.2756292109940578,0.5120215632924409,0.09298660230625243,0.0520997635992797,1.8705079094905843,21.0,2.816453921732238,0.3613830756563994,0.1983173263160191,2023.0,1429.0,,,,,,,,,,,,,,,,,,,,,,,,,,,,,,,,,,,,,,,,,,,,,,,,,
relative,A,portfolio,realized,c2c,full,sleeve_T10_standalone,0.13499253806277303,0.5060939905595735,0.441821175393164,-0.0307827095764459,0.5521197322460923,1.7103545927553754,21.0,3.028858731350386,0.5473388287231059,0.5039230182304463,1868.0,1590.0,,,,,,,,,,,,,,,,,,,,,,,,,,,,,,,,,,,,,,,,,,,,,,,,,
relative,A,portfolio,realized,c2c,full,sleeve_T11_standalone,0.16257456351694108,0.6718722067641966,0.33406849404918837,0.30438265944189097,0.5821605366064058,2.3033734659341354,21.0,5.890564384779155,0.7205942228771376,0.6561461112333377,1796.0,1663.0,,,,,,,,,,,,,,,,,,,,,,,,,,,,,,,,,,,,,,,,,,,,,,,,,
relative,A,portfolio,realized,c2c,full,sleeve_S2_standalone,0.041629260447789765,0.6474361445856063,0.33435297092548866,-0.27553433798719656,0.6288321815081137,0.6557939245162066,21.0,4.626136779996649,0.6094638935986227,0.5843155919847356,2167.0,1288.0,,,,,,,,,,,,,,,,,,,,,,,,,,,,,,,,,,,,,,,,,,,,,,,,,
relative,A,portfolio,realized,c2c,full,sleeve_S3_standalone,0.11736193211706264,0.6429589916595804,0.3312539364065945,0.06949426148158742,0.6544643640967021,1.6550119816362265,21.0,1.099293276400071,0.6378183750818062,0.5859424210222423,2330.0,1117.0,,,,,,,,,,,,,,,,,,,,,,,,,,,,,,,,,,,,,,,,,,,,,,,,,
relative,A,portfolio,realized,c2c,full,matched_exposure_levered_QQQ_1.70,0.11616330463200396,0.6037015614156538,0.4263630201281428,0.0090353376234002,0.163803833597984,1.0681406343996664,21.0,3.3441759764578727,0.6132943601749309,0.5265221819260196,2203.0,1253.0,,,,,,,,,,,,,,,,,,,,,,,,,,,,,,,,,,,,,,,,,,,,,,,,,
relative,A,portfolio,realized,c2c,full,long_legs_only,-0.05613638104772505,0.952017581273379,0.110346151058553,-0.6655731530098772,0.9416542718470117,-1.9306161668946544,21.0,0.5803059774219741,0.8928279040177286,0.9101402603755802,1851.0,1608.0,,,,,,,,,,,,,,,,,,,,,,,,,,,,,,,,,,,,,,,,,,,,,,,,,
relative,A,portfolio,realized,c2c,full,equal_weight_universe,0.22713997770629865,0.4363058222976091,0.4587400784883959,0.32584163866030813,0.07431440744457429,2.0090345766272115,21.0,3.4027204152361676,0.5678627638041962,0.3083749780106668,2752.0,699.0,,,,,,,,,,,,,,,,,,,,,,,,,,,,,,,,,,,,,,,,,,,,,,,,,
metrics,A,portfolio,realized,c2c,full,,,,,,,,,,,,,,-0.375,3459.0,13.262738415091864,0.21363372588570795,0.4477492464362563,0.6415576887184707,0.7161422278493822,-0.6890367908200289,0.3100469071200981,0.28725231693106906,37.473613666387436,0.35117835477595466,0.8179670330602544,1.0655483555168483,35.34960062862203,-0.039118048773616874,-0.06429150734836964,-0.6209797729745127,-1.0205960391436064,-0.07819290915704093,-0.11105731083495472,-1.2412739515091729,-1.7629801544693353,12.0,185.83333333333334,736.0,1069.0,518.0,True,25.821340827639457,0.827353340447108,-1.396332865336504,2.6140194999178834,0.2048004987531172,0.5515151515151515,0.29983219841623193,0.041093020647127165,1.2367409293875815,0.4146442615761803,0.005700910720476637,0.01911057295474382,,,,,,,,
relative,A,T10_standalone,realized,c2c,full,buy_hold_QQQ,0.23540452686630736,0.3929141426166858,0.6654447069512058,0.201791987716282,0.017805627102428834,1.4351434574658153,21.0,5.453868674808611,0.22948113086730926,-0.01367695375353564,1923.0,1536.0,,,,,,,,,,,,,,,,,,,,,,,,,,,,,,,,,,,,,,,,,,,,,,,,,
relative,A,T10_standalone,realized,c2c,full,buy_hold_TQQQ,0.24213769889930037,0.2609887254278068,0.6902445124516002,0.10993364316260658,0.014605863034381383,1.4273595572163886,21.0,5.432295901929284,0.19876090432922638,-0.034201724920603686,2204.0,1252.0,,,,,,,,,,,,,,,,,,,,,,,,,,,,,,,,,,,,,,,,,,,,,,,,,
relative,A,T10_standalone,realized,c2c,full,vol_targeted_QQQ_matched,0.26357886270815933,0.16378500860679202,0.6910512955931442,0.1060333886594668,0.004192029782181028,1.5927000598497978,21.0,5.626078862268931,0.18745322251069457,-0.028005800947050977,2199.0,1257.0,,,,,,,,,,,,,,,,,,,,,,,,,,,,,,,,,,,,,,,,,,,,,,,,,
relative,A,T10_standalone,realized,c2c,full,naive_fast_1d_momentum,0.265206713088586,0.14874763194157792,0.7271332368863803,0.08418209387190524,0.007039057001950733,1.6131688579911168,21.0,5.53999909667702,0.10112396411225429,-0.12394102332505201,2023.0,1429.0,,,,,,,,,,,,,,,,,,,,,,,,,,,,,,,,,,,,,,,,,,,,,,,,,
relative,A,T10_standalone,realized,c2c,full,sleeve_T10_standalone,1.0928757898653885e-16,0.9999999999999994,0.0,,1.0,1.2180558403178605,21.0,5.822361734961447,1.0,1.0,1868.0,1590.0,,,,,,,,,,,,,,,,,,,,,,,,,,,,,,,,,,,,,,,,,,,,,,,,,
relative,A,T10_standalone,realized,c2c,full,sleeve_T11_standalone,0.18127640426929484,0.6443814908824672,0.5979011305753476,0.19281634318094504,0.2484188900168769,1.3952979372776648,21.0,7.566714049750406,0.7627938750108938,0.6960541795763194,1796.0,1663.0,,,,,,,,,,,,,,,,,,,,,,,,,,,,,,,,,,,,,,,,,,,,,,,,,
relative,A,T10_standalone,realized,c2c,full,sleeve_S2_standalone,0.14676956560800966,0.40614687046592474,0.6989946751435141,-0.11234030009603825,0.11479849418164179,1.0224634903671896,21.0,6.152685774343189,0.30624029437211064,0.2254981253308235,2167.0,1288.0,,,,,,,,,,,,,,,,,,,,,,,,,,,,,,,,,,,,,,,,,,,,,,,,,
relative,A,T10_standalone,realized,c2c,full,sleeve_S3_standalone,0.17965284448964697,0.45868741712083727,0.6770268744632425,0.054090468165433156,0.15451911102046445,1.2311122148803422,21.0,4.9761486517682565,0.40033620869276526,0.31943422040409336,2330.0,1117.0,,,,,,,,,,,,,,,,,,,,,,,,,,,,,,,,,,,,,,,,,,,,,,,,,
relative,A,T10_standalone,realized,c2c,full,matched_exposure_levered_QQQ_1.70,0.21033049604293974,0.3194152407021524,0.6816775113426139,0.025602702852067862,0.021272563286158452,1.2278692859409037,21.0,5.370750855008325,0.16499803315219114,-0.028523902313605996,2203.0,1253.0,,,,,,,,,,,,,,,,,,,,,,,,,,,,,,,,,,,,,,,,,,,,,,,,,
relative,A,T10_standalone,realized,c2c,full,long_legs_only,-0.06817956494440044,1.0231125044536833,0.4628493351160296,-0.1292925758242513,0.5045188776582832,-0.6100664388603352,21.0,4.850205515254891,0.9648441692223273,0.9886478525843677,1851.0,1608.0,,,,,,,,,,,,,,,,,,,,,,,,,,,,,,,,,,,,,,,,,,,,,,,,,
relative,A,T10_standalone,realized,c2c,full,equal_weight_universe,0.27362936633201296,0.1975922017723832,0.692441833745031,0.2355101379976947,0.007070655790694436,1.6577769289907278,21.0,5.521365364231508,0.14382923849793766,-0.2064474265183162,2752.0,699.0,,,,,,,,,,,,,,,,,,,,,,,,,,,,,,,,,,,,,,,,,,,,,,,,,
metrics,A,T10_standalone,realized,c2c,full,,,,,,,,,,,,,,-0.375,3459.0,2.7623511543230097,0.10134702610962276,0.6573818360845008,0.45765765836721195,0.6103297095935613,-0.7925501735559286,0.1278745869866003,0.30085276985792075,44.83040307564577,0.46550358218580723,0.6462952840131624,1.4915525912277983,18.26998580574018,-0.05738940092062559,-0.08902688328668007,-0.9110284963617395,-1.4132579590543686,-0.10932325527764433,-0.14793925903437105,-1.7354528758840586,-2.348462931288668,6.0,452.3333333333333,1211.0,1756.0,698.0,True,42.00136543910046,0.24129459852101726,-1.511906613283704,2.1571320905321256,0.2864713216957606,0.5333333333333333,0.47169269134839253,0.034296525874809136,0.7568354096363354,0.17270164046705738,0.0022606762187395942,0.013614191881427103,,,,,,,,
relative,B,portfolio,realized,c2c,full,buy_hold_QQQ,0.17996818244880486,0.7284824337885202,0.4226493252212457,0.3188012477830665,0.13132568687861568,1.5742503506465262,21.0,3.312917717438343,0.8457875910648351,0.698966727801423,1923.0,1536.0,,,,,,,,,,,,,,,,,,,,,,,,,,,,,,,,,,,,,,,,,,,,,,,,,
relative,B,portfolio,realized,c2c,full,buy_hold_TQQQ,0.1777523005055182,0.549225545683695,0.4385034486477623,0.1740939923881092,0.13878251407093478,1.6520137283323988,21.0,3.890519248076172,0.7851193469768325,0.67230581760508,2204.0,1252.0,,,,,,,,,,,,,,,,,,,,,,,,,,,,,,,,,,,,,,,,,,,,,,,,,
relative,B,portfolio,realized,c2c,full,vol_targeted_QQQ_matched,0.14709072646510118,0.6776647559666491,0.4212035186285813,0.1750560702189115,0.15397684766707864,1.3195654027478416,21.0,3.397426193236594,0.7312780110338755,0.6191645633197856,2199.0,1257.0,,,,,,,,,,,,,,,,,,,,,,,,,,,,,,,,,,,,,,,,,,,,,,,,,
relative,B,portfolio,realized,c2c,full,naive_fast_1d_momentum,0.23103550378339435,0.29325924160974326,0.5081867299473127,0.12135562952536574,0.058703951690908474,1.964679719797713,21.0,2.9556821553496575,0.379338829756973,0.20903155581720065,2023.0,1429.0,,,,,,,,,,,,,,,,,,,,,,,,,,,,,,,,,,,,,,,,,,,,,,,,,
relative,B,portfolio,realized,c2c,full,sleeve_T10_standalone,0.15149069938919504,0.4979904046212425,0.4507160880930911,0.0010199816167791645,0.5320978586805908,1.8843264906146522,21.0,3.1983655368371595,0.5342951584382402,0.48464250219952215,1868.0,1590.0,,,,,,,,,,,,,,,,,,,,,,,,,,,,,,,,,,,,,,,,,,,,,,,,,
relative,B,portfolio,realized,c2c,full,sleeve_T11_standalone,0.17859310898239095,0.6613188031623132,0.3435024293802133,0.336954914451036,0.5613966363113465,2.4730656394650357,21.0,5.7322913498486505,0.7100957165116624,0.6389739037169907,1796.0,1663.0,,,,,,,,,,,,,,,,,,,,,,,,,,,,,,,,,,,,,,,,,,,,,,,,,
relative,B,portfolio,realized,c2c,full,sleeve_S2_standalone,0.05158425345714175,0.6582569660181744,0.3259118923783605,-0.23952961297983275,0.6470092032474117,0.8320479730324244,21.0,4.788958960138712,0.6244329518022639,0.5957251292481566,2167.0,1288.0,,,,,,,,,,,,,,,,,,,,,,,,,,,,,,,,,,,,,,,,,,,,,,,,,
relative,B,portfolio,realized,c2c,full,sleeve_S3_standalone,0.12833795411030208,0.6546311292109348,0.3213339077519954,0.11539530012237889,0.6752917060526404,1.852090592747232,21.0,1.1360156238622094,0.6541182942976882,0.5983010361129989,2330.0,1117.0,,,,,,,,,,,,,,,,,,,,,,,,,,,,,,,,,,,,,,,,,,,,,,,,,
relative,B,portfolio,realized,c2c,full,matched_exposure_levered_QQQ_1.70,0.11929754526452034,0.6422546138869025,0.41925319289447205,0.04272480017246361,0.18453237996310912,1.1164482762318377,21.0,3.565984652838482,0.6514996517842604,0.5625011881686293,2203.0,1253.0,,,,,,,,,,,,,,,,,,,,,,,,,,,,,,,,,,,,,,,,,,,,,,,,,
relative,B,portfolio,realized,c2c,full,long_legs_only,-0.045492556883380844,0.9614891396768094,0.09573898508322122,-0.6202620654463074,0.9560243711944449,-1.7818619430858043,21.0,1.5719793390430714,0.9125482003663425,0.9263981009529674,1851.0,1608.0,,,,,,,,,,,,,,,,,,,,,,,,,,,,,,,,,,,,,,,,,,,,,,,,,
relative,B,portfolio,realized,c2c,full,equal_weight_universe,0.2374419448999008,0.4635835491466151,0.45509133466141766,0.3593493909669362,0.0835075396256918,2.121832302113638,21.0,3.495126918869823,0.602536463333816,0.33281161640136436,2752.0,699.0,,,,,,,,,,,,,,,,,,,,,,,,,,,,,,,,,,,,,,,,,,,,,,,,,
metrics,B,portfolio,realized,c2c,full,,,,,,,,,,,,,,-0.125,3459.0,16.185636837802736,0.23022924723358673,0.448792610419596,0.6713958276345596,0.7321768276824722,-0.6871205377729103,0.3350638418985466,0.30131249198216237,37.618049688965684,0.3513780604358532,0.8575165211180547,1.0544771650758558,34.97093977164447,-0.039337625701319476,-0.06435596394701763,-0.6244654486406048,-1.0216192559258845,-0.07819534493058986,-0.11094374509219528,-1.241312618215536,-1.7611773541925484,12.0,184.33333333333334,726.0,1055.0,508.0,True,25.315522739774924,0.9094390410191215,-1.3863254842691008,2.6657206842646026,0.19576059850374064,0.5393939393939394,0.3279276863908156,0.05227371931469027,1.2340897431112858,0.4381498735739635,0.006120180316023101,0.01946344464256577,,,,,,,,
relative,B,T10_standalone,realized,c2c,full,buy_hold_QQQ,0.27067136214926435,0.44940630340104826,0.6473540252509915,0.2764456765064515,0.02431315868433992,1.6853285352131644,21.0,5.6792373467856585,0.3601776173885087,0.09688326770032431,1923.0,1536.0,,,,,,,,,,,,,,,,,,,,,,,,,,,,,,,,,,,,,,,,,,,,,,,,,
relative,B,T10_standalone,realized,c2c,full,buy_hold_TQQQ,0.2596713929967125,0.38163999012132604,0.6602721549241543,0.1825882014657612,0.032598123190642814,1.6106737303711558,21.0,5.522224155978948,0.36968059828821304,0.13218170416815297,2204.0,1252.0,,,,,,,,,,,,,,,,,,,,,,,,,,,,,,,,,,,,,,,,,,,,,,,,,
relative,B,T10_standalone,realized,c2c,full,vol_targeted_QQQ_matched,0.27238799605396125,0.32139091565316436,0.6619268855920771,0.1781938828825084,0.016847845511099302,1.714850624113992,21.0,5.813041748006928,0.3462208835687684,0.12464186219185695,2199.0,1257.0,,,,,,,,,,,,,,,,,,,,,,,,,,,,,,,,,,,,,,,,,,,,,,,,,
relative,B,T10_standalone,realized,c2c,full,naive_fast_1d_momentum,0.2933989165561862,0.21753634529652494,0.7012063812682752,0.1510089077229345,0.015713724365159387,1.8436700211587373,21.0,5.710218412256118,0.16769276215324305,-0.07818645523536723,2023.0,1429.0,,,,,,,,,,,,,,,,,,,,,,,,,,,,,,,,,,,,,,,,,,,,,,,,,
relative,B,T10_standalone,realized,c2c,full,sleeve_T10_standalone,0.05483588750872804,0.9662323993400377,0.10519816048223925,0.4246919443640371,0.9744606488745696,2.379726073195399,21.0,4.927438861875594,0.9405295358924128,0.9188022365249209,1868.0,1590.0,,,,,,,,,,,,,,,,,,,,,,,,,,,,,,,,,,,,,,,,,,,,,,,,,
relative,B,T10_standalone,realized,c2c,full,sleeve_T11_standalone,0.23376515147667154,0.6022839838221901,0.6009453027652896,0.26618382765276316,0.2265177530753214,1.8300781684621927,21.0,7.521272423746069,0.7174056545772337,0.6285033102779474,1796.0,1663.0,,,,,,,,,,,,,,,,,,,,,,,,,,,,,,,,,,,,,,,,,,,,,,,,,
relative,B,T10_standalone,realized,c2c,full,sleeve_S2_standalone,0.1759282330020925,0.4470510405285469,0.6677365228495618,-0.0506913417106269,0.14517281666650894,1.279234501257457,21.0,6.419303544639795,0.3604873354668892,0.26953849751722336,2167.0,1288.0,,,,,,,,,,,,,,,,,,,,,,,,,,,,,,,,,,,,,,,,,,,,,,,,,
relative,B,T10_standalone,realized,c2c,full,sleeve_S3_standalone,0.21252307463820058,0.5033700372257317,0.6417825096825001,0.12667455203669872,0.19423361066191047,1.525259121614773,21.0,5.08091378237988,0.46019769895882695,0.36732783494705845,2330.0,1117.0,,,,,,,,,,,,,,,,,,,,,,,,,,,,,,,,,,,,,,,,,,,,,,,,,
relative,B,T10_standalone,realized,c2c,full,matched_exposure_levered_QQQ_1.70,0.2130791929269868,0.46736201888088147,0.6480011085456786,0.09587884536494533,0.04753532864747989,1.309420329518845,21.0,5.503243619283392,0.3068208573183838,0.11067382632292844,2203.0,1253.0,,,,,,,,,,,,,,,,,,,,,,,,,,,,,,,,,,,,,,,,,,,,,,,,,
relative,B,T10_standalone,realized,c2c,full,long_legs_only,-0.035935165370702404,1.0575803673407247,0.4263251179918077,-0.0355741916132251,0.5626761533030391,-0.3514249708198215,21.0,5.000675429003015,1.0353621789373688,1.0496240099863163,1851.0,1608.0,,,,,,,,,,,,,,,,,,,,,,,,,,,,,,,,,,,,,,,,,,,,,,,,,
relative,B,T10_standalone,realized,c2c,full,equal_weight_universe,0.303862410456335,0.302427578403862,0.6670445660327053,0.31145427714826024,0.017288765847547016,1.9221071700799863,21.0,5.6043582557682345,0.26838626364281193,-0.1114294373825923,2752.0,699.0,,,,,,,,,,,,,,,,,,,,,,,,,,,,,,,,,,,,,,,,,,,,,,,,,
metrics,B,T10_standalone,realized,c2c,full,,,,,,,,,,,,,,-0.125,3459.0,6.863366226997241,0.16211243323761448,0.6434537315811778,0.5369978051408835,0.6675075698979014,-0.7728150365450255,0.20976873581854738,0.345529581176643,47.96959788817956,0.4661156934565724,0.7412957470157261,1.5834025826984575,20.03526756909549,-0.05625168231201953,-0.08836613288317496,-0.8929677733596871,-1.402768871576208,-0.10932297537853948,-0.1476231610907438,-1.735448432623517,-2.343445031996008,11.0,249.72727272727272,940.0,1360.0,550.0,True,37.62968172225419,0.43081000374696554,-1.4930472761146267,2.3625158016185472,0.2683915211970075,0.5393939393939394,0.5568969220261138,0.06845062728172424,0.8089717026291532,0.2639233649603474,0.003379482846937966,0.013915221291908838,,,,,,,,
relative,C,portfolio,realized,c2c,full,buy_hold_QQQ,0.17515042034090963,0.7569167550527872,0.41950273027056445,0.3209984202399838,0.14164789294594593,1.5480751766955179,21.0,3.30643911291164,0.8614897522167155,0.7172081007113028,1923.0,1536.0,,,,,,,,,,,,,,,,,,,,,,,,,,,,,,,,,,,,,,,,,,,,,,,,,
relative,C,portfolio,realized,c2c,full,buy_hold_TQQQ,0.17764217328654522,0.5493531558233317,0.4386868073087661,0.17383562994949064,0.13871994491803097,1.6501797508318725,21.0,3.8852571664376963,0.7851391592597591,0.6723817711779548,2204.0,1252.0,,,,,,,,,,,,,,,,,,,,,,,,,,,,,,,,,,,,,,,,,,,,,,,,,
relative,C,portfolio,realized,c2c,full,vol_targeted_QQQ_matched,0.1469314624579339,0.6780068161240258,0.42136764820894457,0.17479465852343298,0.15399127434066218,1.3176412698587403,21.0,3.3912790655902576,0.7312963358535093,0.61923415044413,2199.0,1257.0,,,,,,,,,,,,,,,,,,,,,,,,,,,,,,,,,,,,,,,,,,,,,,,,,
relative,C,portfolio,realized,c2c,full,naive_fast_1d_momentum,0.2309188928754518,0.29340609599096695,0.5083284995017345,0.12116161505320046,0.05870898283945836,1.9628762988005903,21.0,2.9515796444901756,0.379249615759106,0.2089780323894047,2023.0,1429.0,,,,,,,,,,,,,,,,,,,,,,,,,,,,,,,,,,,,,,,,,,,,,,,,,
relative,C,portfolio,realized,c2c,full,sleeve_T10_standalone,0.1515036042307629,0.49767688451103836,0.45122106849545784,0.0008383996197473657,0.5309417399060161,1.8823537337143141,21.0,3.20256562412186,0.5315979804456368,0.4816876916096068,1868.0,1590.0,,,,,,,,,,,,,,,,,,,,,,,,,,,,,,,,,,,,,,,,,,,,,,,,,
relative,C,portfolio,realized,c2c,full,sleeve_T11_standalone,0.17792263615203024,0.6644931400995222,0.3413752086850097,0.3388160891913613,0.5662802764936747,2.4749156486820003,21.0,5.749290966867653,0.713246361227222,0.6424089371536282,1796.0,1663.0,,,,,,,,,,,,,,,,,,,,,,,,,,,,,,,,,,,,,,,,,,,,,,,,,
relative,C,portfolio,realized,c2c,full,sleeve_S2_standalone,0.05149314780060345,0.6582825001911821,0.3261712636520938,-0.23958875813861083,0.6464672350851426,0.8295491335049798,21.0,4.779743020252075,0.6243828585432875,0.5956912254692519,2167.0,1288.0,,,,,,,,,,,,,,,,,,,,,,,,,,,,,,,,,,,,,,,,,,,,,,,,,
relative,C,portfolio,realized,c2c,full,sleeve_S3_standalone,0.12823150717716766,0.654725850420255,0.3215273639581611,0.11507264488182051,0.6748689606467304,1.8487476859274006,21.0,1.1471162871085245,0.6541169666609464,0.5983281522538755,2330.0,1117.0,,,,,,,,,,,,,,,,,,,,,,,,,,,,,,,,,,,,,,,,,,,,,,,,,
relative,C,portfolio,realized,c2c,full,matched_exposure_levered_QQQ_1.70,0.11913384508087166,0.6425449513483137,0.41941078886886757,0.04251462005586532,0.1845302270584399,1.114480935621238,21.0,3.559430560941553,0.6515160950885162,0.562564736164963,2203.0,1253.0,,,,,,,,,,,,,,,,,,,,,,,,,,,,,,,,,,,,,,,,,,,,,,,,,
relative,C,portfolio,realized,c2c,full,long_legs_only,-0.045950021274266915,0.9625316965579706,0.09442534757849046,-0.6297533523402216,0.957221941331902,-1.8238217658284765,21.0,1.437944014271144,0.9160518304160996,0.9305942585280168,1851.0,1608.0,,,,,,,,,,,,,,,,,,,,,,,,,,,,,,,,,,,,,,,,,,,,,,,,,
relative,C,portfolio,realized,c2c,full,equal_weight_universe,0.23735437801870146,0.4636281747902791,0.4552863144114791,0.3590166675758888,0.0834471799337736,2.119975360582951,21.0,3.490851293896447,0.6023743789604529,0.3327012943958405,2752.0,699.0,,,,,,,,,,,,,,,,,,,,,,,,,,,,,,,,,,,,,,,,,,,,,,,,,
metrics,C,portfolio,realized,c2c,full,,,,,,,,,,,,,,-0.125,3459.0,16.144902534652743,0.23001657619640348,0.4489974056828378,0.6709072021336117,0.7312676180657984,-0.6870892234460546,0.33476958791868283,0.30123107343016936,36.19603383570231,0.35149778586016006,0.856992804927685,1.0531664023912646,34.90385731571661,-0.03933829129220924,-0.06436418750988591,-0.6244760145684202,-1.0217498009393269,-0.07819444947177728,-0.11094886698114538,-1.2412984032475718,-1.7612586616589776,12.0,184.33333333333334,726.0,1055.0,508.0,True,25.292279192667433,0.9094339598429244,-1.396332865336504,2.6724066184662183,0.20511221945137156,0.5515151515151515,0.3241688611169935,0.05115555389254034,1.2375534036635136,0.4391812481937305,0.006354745308297408,0.020202976419601684,,,,,,,,
relative,C,T10_standalone,realized,c2c,full,buy_hold_QQQ,0.2551036509565477,0.5450488767779036,0.6369539389093712,0.28153028468460584,0.03609630936251029,1.6212988265497308,21.0,5.629640133052163,0.4029962166000117,0.14609320236203846,1923.0,1536.0,,,,,,,,,,,,,,,,,,,,,,,,,,,,,,,,,,,,,,,,,,,,,,,,,
relative,C,T10_standalone,realized,c2c,full,buy_hold_TQQQ,0.2607229602732966,0.37858198305761337,0.6578016569868848,0.1838266995280406,0.03237677334580069,1.6217254916738437,21.0,5.525379158774912,0.36222750724830943,0.12275831237219902,2204.0,1252.0,,,,,,,,,,,,,,,,,,,,,,,,,,,,,,,,,,,,,,,,,,,,,,,,,
relative,C,T10_standalone,realized,c2c,full,vol_targeted_QQQ_matched,0.27501770573804335,0.31143342942793356,0.6600523056278477,0.17925083091390373,0.015967483296735363,1.736116958669199,21.0,5.821889029347306,0.33929782344998316,0.11599665796413607,2199.0,1257.0,,,,,,,,,,,,,,,,,,,,,,,,,,,,,,,,,,,,,,,,,,,,,,,,,
relative,C,T10_standalone,realized,c2c,full,naive_fast_1d_momentum,0.29456629542918905,0.2141822614983277,0.6991348932759563,0.1519764112019316,0.015374865010828742,1.8574632830195477,21.0,5.716397928668518,0.16435703747164465,-0.08253687461346267,2023.0,1429.0,,,,,,,,,,,,,,,,,,,,,,,,,,,,,,,,,,,,,,,,,,,,,,,,,
relative,C,T10_standalone,realized,c2c,full,sleeve_T10_standalone,0.05553543672389827,0.9651157504460373,0.09060200295952414,0.4971238179060479,0.981270532239648,2.713322105581555,21.0,4.543095569572323,0.9333230183790936,0.9107067041240245,1868.0,1590.0,,,,,,,,,,,,,,,,,,,,,,,,,,,,,,,,,,,,,,,,,,,,,,,,,
relative,C,T10_standalone,realized,c2c,full,sleeve_T11_standalone,0.23203055202729142,0.6135909203255862,0.5928454016935084,0.27043394912819224,0.23729375119728113,1.8369211815843716,21.0,7.607694250224105,0.7292760889606223,0.6411668364058222,1796.0,1663.0,,,,,,,,,,,,,,,,,,,,,,,,,,,,,,,,,,,,,,,,,,,,,,,,,
relative,C,T10_standalone,realized,c2c,full,sleeve_S2_standalone,0.17702106064941447,0.44512888040002807,0.665736574807184,-0.05029745881046062,0.14526850429248273,1.2928993302977687,21.0,6.433860150950348,0.3582564707670287,0.2667296612761517,2167.0,1288.0,,,,,,,,,,,,,,,,,,,,,,,,,,,,,,,,,,,,,,,,,,,,,,,,,
relative,C,T10_standalone,realized,c2c,full,sleeve_S3_standalone,0.2135534275628586,0.5008466848405355,0.6400495797244139,0.1275856071284841,0.19408327201599085,1.53953437016989,21.0,5.0896534387148975,0.45728411429165894,0.3637232704070341,2330.0,1117.0,,,,,,,,,,,,,,,,,,,,,,,,,,,,,,,,,,,,,,,,,,,,,,,,,
relative,C,T10_standalone,realized,c2c,full,matched_exposure_levered_QQQ_1.70,0.2153790159223392,0.4605299059366183,0.6459981274844097,0.09673898069700511,0.04658586690358535,1.326449182073432,21.0,5.510356821574648,0.3006365388207013,0.1027901162874467,2203.0,1253.0,,,,,,,,,,,,,,,,,,,,,,,,,,,,,,,,,,,,,,,,,,,,,,,,,
relative,C,T10_standalone,realized,c2c,full,long_legs_only,-0.035848582516554324,1.05834838150861,0.4214381842837385,-0.03512393913635947,0.5687453857331789,-0.35486424703543584,21.0,5.0194402946867624,1.0455457849823078,1.061516199520187,1851.0,1608.0,,,,,,,,,,,,,,,,,,,,,,,,,,,,,,,,,,,,,,,,,,,,,,,,,
relative,C,T10_standalone,realized,c2c,full,equal_weight_universe,0.3042036763726463,0.3025896997827287,0.6641536309113348,0.3133574458612372,0.01746860907524972,1.9311122897791342,21.0,5.60625450642948,0.2686513620877044,-0.11167087610675888,2752.0,699.0,,,,,,,,,,,,,,,,,,,,,,,,,,,,,,,,,,,,,,,,,,,,,,,,,
metrics,C,T10_standalone,realized,c2c,full,,,,,,,,,,,,,,-0.125,3459.0,7.113752141457727,0.16476930810425738,0.6404750653790668,0.5400620973048473,0.6717228460661452,-0.7710440773246131,0.21369635400868106,0.34589318347909453,42.92365660388431,0.4672126882441194,0.7403334545109032,1.607351954639589,20.443257742893366,-0.05580897303787778,-0.08814821418638767,-0.8859399815048012,-1.3993095195098253,-0.10932209110746456,-0.14744433645891108,-1.735434395255382,-2.3406062789712756,11.0,244.54545454545453,940.0,1360.0,550.0,True,37.319765189210436,0.44150681889042015,-1.4920319971187022,2.3545409116680096,0.2509351620947631,0.5333333333333333,0.570265265135616,0.0725888538510524,0.8098339897828835,0.2648116574719124,0.0038386596376168668,0.015649245642445072,,,,,,,,
relative,D,portfolio,realized,c2c,full,buy_hold_QQQ,0.17167124980917947,0.7359122089948656,0.4211641043505526,0.3031639830062309,0.13436010076331129,1.511550123190102,21.0,3.214846518691389,0.8369885938802467,0.6952101592242858,1923.0,1536.0,,,,,,,,,,,,,,,,,,,,,,,,,,,,,,,,,,,,,,,,,,,,,,,,,
relative,D,portfolio,realized,c2c,full,buy_hold_TQQQ,0.17425134802727538,0.5334084772102153,0.44125274345723575,0.15701085647010551,0.13123809296167988,1.6072413558968017,21.0,3.8062276601178695,0.76209134654239,0.6508112621661069,2204.0,1252.0,,,,,,,,,,,,,,,,,,,,,,,,,,,,,,,,,,,,,,,,,,,,,,,,,
relative,D,portfolio,realized,c2c,full,vol_targeted_QQQ_matched,0.1447047740848716,0.6571294354301527,0.42387888665864537,0.1572970250489327,0.14515575523391566,1.2905025388507152,21.0,3.299901004075992,0.7098879190372701,0.5994452460495264,2199.0,1257.0,,,,,,,,,,,,,,,,,,,,,,,,,,,,,,,,,,,,,,,,,,,,,,,,,
relative,D,portfolio,realized,c2c,full,naive_fast_1d_momentum,0.2260764625727466,0.28449487254220496,0.5100499776631163,0.10707181264543657,0.055388499663918345,1.9172481391928162,21.0,2.8821597736027247,0.3703207019158193,0.20364378438647357,2023.0,1429.0,,,,,,,,,,,,,,,,,,,,,,,,,,,,,,,,,,,,,,,,,,,,,,,,,
relative,D,portfolio,realized,c2c,full,sleeve_T10_standalone,0.14325657191522392,0.5018952468252449,0.4463826467604434,-0.014784675893413606,0.5418542932039726,1.79829391901368,21.0,3.116367831139467,0.5394781828722254,0.4928122147611125,1868.0,1590.0,,,,,,,,,,,,,,,,,,,,,,,,,,,,,,,,,,,,,,,,,,,,,,,,,
relative,D,portfolio,realized,c2c,full,sleeve_T11_standalone,0.17025669756810338,0.6682007487089943,0.33752450741651085,0.3220076896234804,0.5746041673140653,2.3917687497032243,21.0,5.820507204796741,0.7169352029259055,0.64928886535711,1796.0,1663.0,,,,,,,,,,,,,,,,,,,,,,,,,,,,,,,,,,,,,,,,,,,,,,,,,
relative,D,portfolio,realized,c2c,full,sleeve_S2_standalone,0.046578357902361714,0.6528442929005535,0.33009329703851,-0.2578813174689259,0.6380365325404516,0.742625916415623,21.0,4.701265065048749,0.6169142851293243,0.5899879177851285,2167.0,1288.0,,,,,,,,,,,,,,,,,,,,,,,,,,,,,,,,,,,,,,,,,,,,,,,,,
relative,D,portfolio,realized,c2c,full,sleeve_S3_standalone,0.12280918020160478,0.6488386038121756,0.32622028536077835,0.09202701116608401,0.6650867000280954,1.7522491406675142,21.0,1.137046969813808,0.645965377806951,0.5921277461943802,2330.0,1117.0,,,,,,,,,,,,,,,,,,,,,,,,,,,,,,,,,,,,,,,,,,,,,,,,,
relative,D,portfolio,realized,c2c,full,matched_exposure_levered_QQQ_1.70,0.1176685599640347,0.6230931463339899,0.42274529783152925,0.025673056714565653,0.17412890035069728,1.0916064396812761,21.0,3.4491000342196867,0.6323918613099401,0.5445186566120175,2203.0,1253.0,,,,,,,,,,,,,,,,,,,,,,,,,,,,,,,,,,,,,,,,,,,,,,,,,
relative,D,portfolio,realized,c2c,full,long_legs_only,-0.051030687327201896,0.9572716948463811,0.10203028751746039,-0.651204726842709,0.9500739802071106,-1.8851259661302255,21.0,0.9184714384105439,0.9044410982347442,0.9203629135452316,1851.0,1608.0,,,,,,,,,,,,,,,,,,,,,,,,,,,,,,,,,,,,,,,,,,,,,,,,,
relative,D,portfolio,realized,c2c,full,equal_weight_universe,0.23226424248980881,0.4499262605409127,0.4568732469362019,0.3424964147347466,0.07886042837840512,2.0649927019459597,21.0,3.446179969161153,0.5850926270210423,0.3204940191474023,2752.0,699.0,,,,,,,,,,,,,,,,,,,,,,,,,,,,,,,,,,,,,,,,,,,,,,,,,
metrics,D,portfolio,realized,c2c,full,,,,,,,,,,,,,,-0.25,3459.0,14.654836254052729,0.22189598577482372,0.44822067825255485,0.6565019387134546,0.7240172444322491,-0.6880167746913548,0.3225153716264644,0.29425314710112344,36.844946187351894,0.3510303474635522,0.8382555788333258,1.0605701724117935,35.17314544078081,-0.03894457934471278,-0.06430180772234861,-0.6182260311607969,-1.0207595525113624,-0.07819414593240663,-0.11100170006738942,-1.2412935847094446,-1.7620973609021642,12.0,184.91666666666666,730.0,1061.0,512.0,True,25.548047517312774,0.8685438119075625,-1.396332865336504,2.6432539772324035,0.20542394014962592,0.5515151515151515,0.31212104371246313,0.04613634693627344,1.2377421981898133,0.4270566001655658,0.006022426648325409,0.019650381377970073,,,,,,,,
relative,D,T10_standalone,realized,c2c,full,buy_hold_QQQ,0.2458699602203305,0.46701066082705084,0.6500209475024469,0.24166790605425564,0.025928694883116665,1.533347854188756,21.0,5.544778601593718,0.31528361596074955,0.06484143583882115,1923.0,1536.0,,,,,,,,,,,,,,,,,,,,,,,,,,,,,,,,,,,,,,,,,,,,,,,,,
relative,D,T10_standalone,realized,c2c,full,buy_hold_TQQQ,0.2518093692676624,0.3193788348521457,0.6728394138523831,0.14667524380759647,0.022545564385339945,1.5273680301907595,21.0,5.485889432584868,0.2796002938558479,0.0429435752041313,2204.0,1252.0,,,,,,,,,,,,,,,,,,,,,,,,,,,,,,,,,,,,,,,,,,,,,,,,,
relative,D,T10_standalone,realized,c2c,full,vol_targeted_QQQ_matched,0.27017824248253763,0.23500627298630555,0.6745586055968738,0.14243729300228233,0.008896108886927157,1.671464214384422,21.0,5.727773715818667,0.2625455194747743,0.04277133610538752,2199.0,1257.0,,,,,,,,,,,,,,,,,,,,,,,,,,,,,,,,,,,,,,,,,,,,,,,,,
relative,D,T10_standalone,realized,c2c,full,naive_fast_1d_momentum,0.2803009101397471,0.18093573236450386,0.7120175341407979,0.1180018546168192,0.010735645509643676,1.7395168463774442,21.0,5.632786797208148,0.13240571807903484,-0.10386036803328093,2023.0,1429.0,,,,,,,,,,,,,,,,,,,,,,,,,,,,,,,,,,,,,,,,,,,,,,,,,
relative,D,T10_standalone,realized,c2c,full,sleeve_T10_standalone,0.0280080876956501,0.9827148124487967,0.04512213644192609,0.5054678909699116,0.9954515352890481,2.723434317412489,21.0,4.505158585426482,0.966871781550697,0.9554865975252088,1868.0,1590.0,,,,,,,,,,,,,,,,,,,,,,,,,,,,,,,,,,,,,,,,,,,,,,,,,
relative,D,T10_standalone,realized,c2c,full,sleeve_T11_standalone,0.20703645490984837,0.6284721482050009,0.5939771101402743,0.23248858982467524,0.24357667096525626,1.6221477607625745,21.0,7.607821031091965,0.7458794875022569,0.6683232223116695,1796.0,1663.0,,,,,,,,,,,,,,,,,,,,,,,,,,,,,,,,,,,,,,,,,,,,,,,,,
relative,D,T10_standalone,realized,c2c,full,sleeve_S2_standalone,0.16218987900289342,0.4256194728354382,0.6811591036415786,-0.08179804120641444,0.12995053277567248,1.1604413750054812,21.0,6.30163138710879,0.3324858397408584,0.24626748542402144,2167.0,1288.0,,,,,,,,,,,,,,,,,,,,,,,,,,,,,,,,,,,,,,,,,,,,,,,,,
relative,D,T10_standalone,realized,c2c,full,sleeve_S3_standalone,0.19703047459345183,0.4792381438165349,0.6575845469478088,0.09037391772585325,0.17386670303475715,1.3884629386850071,21.0,5.039037358861926,0.4284031707767157,0.3409899021551578,2330.0,1117.0,,,,,,,,,,,,,,,,,,,,,,,,,,,,,,,,,,,,,,,,,,,,,,,,,
relative,D,T10_standalone,realized,c2c,full,matched_exposure_levered_QQQ_1.70,0.21365016398474593,0.3881806760024128,0.6628643124734762,0.06073728385974928,0.03238482062520209,1.282641155276122,21.0,5.441961504838237,0.23207555112063669,0.03601647083032774,2203.0,1253.0,,,,,,,,,,,,,,,,,,,,,,,,,,,,,,,,,,,,,,,,,,,,,,,,,
relative,D,T10_standalone,realized,c2c,full,long_legs_only,-0.051505457911126415,1.0401176509397123,0.44072937216851815,-0.08403159387837612,0.5374779907017785,-0.48613990233189147,21.0,4.941561923193955,1.0046585220880357,1.0243000596138379,1851.0,1608.0,,,,,,,,,,,,,,,,,,,,,,,,,,,,,,,,,,,,,,,,,,,,,,,,,
relative,D,T10_standalone,realized,c2c,full,equal_weight_universe,0.2891885334482388,0.25020397678346845,0.6770062497972544,0.27456890245798116,0.011686208408500542,1.7970343244507663,21.0,5.575005570842995,0.20650482823012065,-0.159083335135832,2752.0,699.0,,,,,,,,,,,,,,,,,,,,,,,,,,,,,,,,,,,,,,,,,,,,,,,,,
metrics,D,T10_standalone,realized,c2c,full,,,,,,,,,,,,,,-0.25,3459.0,4.621783898734205,0.1340465992844735,0.6474927328410521,0.49987228764452396,0.6442383070327217,-0.7787328305791371,0.17213425968542273,0.32366056100127777,44.052716930813624,0.4643593464737871,0.6970045148419302,1.559455689288383,19.498724216908208,-0.05637804152114782,-0.08842095848257801,-0.8949736636189847,-1.4036392009852112,-0.10931784664168714,-0.14765636703471505,-1.7353670164500097,-2.3439721600147907,8.0,315.625,977.0,1416.0,587.0,True,39.366272131323875,0.3405112854915519,-1.5030142450587203,2.2484269340762015,0.26870324189526185,0.5333333333333333,0.5228991325507695,0.05422631202081907,0.7866443401663515,0.21985898048986674,0.0030428679233337297,0.014624258205107328,,,,,,,,
relative,E,portfolio,realized,c2c,full,buy_hold_QQQ,0.1762466417280178,0.6944081089903108,0.426168673780491,0.29411778160297847,0.1195706529224595,1.5256002316059372,21.0,3.272116680735481,0.8172650048496776,0.6745176293413162,1923.0,1536.0,,,,,,,,,,,,,,,,,,,,,,,,,,,,,,,,,,,,,,,,,,,,,,,,,
relative,E,portfolio,realized,c2c,full,buy_hold_TQQQ,0.17129868137777435,0.536140662023228,0.44079580459951534,0.1518695686717387,0.13251782682056912,1.582507432023182,21.0,3.8539370598239193,0.7667897782831674,0.6586444080618725,2204.0,1252.0,,,,,,,,,,,,,,,,,,,,,,,,,,,,,,,,,,,,,,,,,,,,,,,,,
relative,E,portfolio,realized,c2c,full,vol_targeted_QQQ_matched,0.14092940915296262,0.663445339609622,0.422993593583301,0.15209895935841103,0.14788340477974193,1.2593513756825403,21.0,3.3498505436634773,0.7142521363688938,0.6066314043861628,2199.0,1257.0,,,,,,,,,,,,,,,,,,,,,,,,,,,,,,,,,,,,,,,,,,,,,,,,,
relative,E,portfolio,realized,c2c,full,naive_fast_1d_momentum,0.22321969881368692,0.2866596145301962,0.5095675299263409,0.10258497672044904,0.05620571385128492,1.8946199472270597,21.0,2.909111831385195,0.370438952231785,0.20568830355914716,2023.0,1429.0,,,,,,,,,,,,,,,,,,,,,,,,,,,,,,,,,,,,,,,,,,,,,,,,,
relative,E,portfolio,realized,c2c,full,sleeve_T10_standalone,0.14121342327969313,0.5009151866523822,0.44744589061732004,-0.01997476208269643,0.5394627715856131,1.7647977530131684,21.0,3.104427730701458,0.537722133797014,0.4916774334218549,1868.0,1590.0,,,,,,,,,,,,,,,,,,,,,,,,,,,,,,,,,,,,,,,,,,,,,,,,,
relative,E,portfolio,realized,c2c,full,sleeve_T11_standalone,0.16899690373290144,0.6623904226190133,0.34209718674905515,0.31086921638248105,0.564364480927309,2.3455604699908306,21.0,5.765641297558689,0.7107840084190856,0.6436193475360007,1796.0,1663.0,,,,,,,,,,,,,,,,,,,,,,,,,,,,,,,,,,,,,,,,,,,,,,,,,
relative,E,portfolio,realized,c2c,full,sleeve_S2_standalone,0.04381158724879038,0.6539744800847992,0.32921892203676645,-0.2656678912621817,0.6399184818779431,0.7020760938663559,21.0,4.7220806176536065,0.6173256570856087,0.5915210317843386,2167.0,1288.0,,,,,,,,,,,,,,,,,,,,,,,,,,,,,,,,,,,,,,,,,,,,,,,,,
relative,E,portfolio,realized,c2c,full,sleeve_S3_standalone,0.12011174219681083,0.6501989063395704,0.32505311105371254,0.08516477599797884,0.6675350883226616,1.7199965907365535,21.0,0.9332287850017631,0.6471746969808373,0.5945131699203924,2330.0,1117.0,,,,,,,,,,,,,,,,,,,,,,,,,,,,,,,,,,,,,,,,,,,,,,,,,
relative,E,portfolio,realized,c2c,full,matched_exposure_levered_QQQ_1.70,0.11382144351581963,0.6284181783914198,0.42173131311654366,0.02019096350933698,0.17702683970278243,1.0590551706558342,21.0,3.520927950498094,0.6362904526299766,0.5510719379876695,2203.0,1253.0,,,,,,,,,,,,,,,,,,,,,,,,,,,,,,,,,,,,,,,,,,,,,,,,,
relative,E,portfolio,realized,c2c,full,long_legs_only,-0.05317715952467086,0.9567406925977902,0.10360832970685716,-0.6638521068745945,0.948532485977344,-1.9448531679386813,21.0,1.9515605309440058,0.8980427663307534,0.9139605564001515,1851.0,1608.0,,,,,,,,,,,,,,,,,,,,,,,,,,,,,,,,,,,,,,,,,,,,,,,,,
relative,E,portfolio,realized,c2c,full,equal_weight_universe,0.22976419508564805,0.45110241100362364,0.45678482573564383,0.3374443237304764,0.07923252071680364,2.0437292384010384,21.0,3.481880285480326,0.5841070131377878,0.3222103168819679,2752.0,699.0,,,,,,,,,,,,,,,,,,,,,,,,,,,,,,,,,,,,,,,,,,,,,,,,,
metrics,E,portfolio,realized,c2c,full,,,,,,,,,,,,,,-0.25,3459.0,14.149899721692636,0.21898088316217934,0.44833670335320946,0.6511182792332326,0.7139673332493983,-0.6885409282178274,0.3180361169363956,0.2919151446479596,37.37217225459012,0.351500862386526,0.8304820155091304,1.0602105162682864,35.149010934426514,-0.0389717719773375,-0.0643522116026588,-0.6186577008213058,-1.021559689305843,-0.07819327544943311,-0.11106298623808186,-1.2412797662206339,-1.763070248700922,12.0,185.16666666666666,733.0,1064.0,515.0,True,25.659618856355273,0.8534066089915557,-1.3877683981464644,2.633438506095395,0.19046134663341646,0.5393939393939394,0.3095990533933982,0.045373631565769124,1.21040161410939,0.4212932016637505,0.005859463604909498,0.019104250306501987,,,,,,,,
relative,E,T10_standalone,realized,c2c,full,buy_hold_QQQ,0.24527224037263712,0.4293979677960385,0.65200796399643,0.23040559671182206,0.021981261644067773,1.5162556210706621,21.0,5.674360803251117,0.3297368487483783,0.08780878172520237,1923.0,1536.0,,,,,,,,,,,,,,,,,,,,,,,,,,,,,,,,,,,,,,,,,,,,,,,,,
relative,E,T10_standalone,realized,c2c,full,buy_hold_TQQQ,0.2391176825775534,0.3452877382601989,0.6683929002646867,0.13738321841080764,0.02642510598238157,1.4607525016953775,21.0,5.564832073987453,0.33363217995971284,0.11450236845458965,2204.0,1252.0,,,,,,,,,,,,,,,,,,,,,,,,,,,,,,,,,,,,,,,,,,,,,,,,,
relative,E,T10_standalone,realized,c2c,full,vol_targeted_QQQ_matched,0.24830396930125168,0.3009675645524829,0.6670519388114778,0.13375178047262393,0.01463140885737213,1.5476701718477364,21.0,5.8004159368585775,0.31273503082562615,0.1084208926198897,2199.0,1257.0,,,,,,,,,,,,,,,,,,,,,,,,,,,,,,,,,,,,,,,,,,,,,,,,,
relative,E,T10_standalone,realized,c2c,full,naive_fast_1d_momentum,0.26809718083562417,0.20322243711928098,0.7068796404516559,0.10915079154090226,0.013580894215599049,1.6691099350845804,21.0,5.6921433410097615,0.146685307940836,-0.08120691588630237,2023.0,1429.0,,,,,,,,,,,,,,,,,,,,,,,,,,,,,,,,,,,,,,,,,,,,,,,,,
relative,E,T10_standalone,realized,c2c,full,sleeve_T10_standalone,0.024052030752669058,0.9730527431008777,0.09604483304198214,0.16601490542989816,0.9786861836599035,1.0645898971709544,21.0,3.2181537682495924,0.9369486805535261,0.9247632012977945,1868.0,1590.0,,,,,,,,,,,,,,,,,,,,,,,,,,,,,,,,,,,,,,,,,,,,,,,,,
relative,E,T10_standalone,realized,c2c,full,sleeve_T11_standalone,0.20323735092408088,0.6119616566757818,0.6001531711430185,0.21866081821387848,0.2315888362479358,1.5820871370089433,21.0,7.533205687801244,0.7256679018890051,0.649354105905988,1796.0,1663.0,,,,,,,,,,,,,,,,,,,,,,,,,,,,,,,,,,,,,,,,,,,,,,,,,
relative,E,T10_standalone,realized,c2c,full,sleeve_S2_standalone,0.15007100475393068,0.43947361410387414,0.67415314466618,-0.09282816254999153,0.13893327536109334,1.0813396898141616,21.0,6.39197126999305,0.3460198043249175,0.2651582822201576,2167.0,1288.0,,,,,,,,,,,,,,,,,,,,,,,,,,,,,,,,,,,,,,,,,,,,,,,,,
relative,E,T10_standalone,realized,c2c,full,sleeve_S3_standalone,0.18598019665440998,0.49508542791775967,0.6489962608325396,0.08099518848900615,0.18607135915777462,1.3193855737093105,21.0,5.143864313956775,0.4465439807498222,0.36452018771723005,2330.0,1117.0,,,,,,,,,,,,,,,,,,,,,,,,,,,,,,,,,,,,,,,,,,,,,,,,,
relative,E,T10_standalone,realized,c2c,full,matched_exposure_levered_QQQ_1.70,0.19236499610198304,0.43907076589036265,0.6550239031978683,0.05098693417948198,0.04154782505387533,1.1687203862558655,21.0,5.531580183794273,0.27690920640737243,0.09588313549449287,2203.0,1253.0,,,,,,,,,,,,,,,,,,,,,,,,,,,,,,,,,,,,,,,,,,,,,,,,,
relative,E,T10_standalone,realized,c2c,full,long_legs_only,-0.06241326286817431,1.0513317771357562,0.4340607662050733,-0.1011335561723143,0.5506566815905247,-0.5990261947373946,21.0,5.146738052325653,1.008109412260666,1.0318716694852805,1851.0,1608.0,,,,,,,,,,,,,,,,,,,,,,,,,,,,,,,,,,,,,,,,,,,,,,,,,
relative,E,T10_standalone,realized,c2c,full,equal_weight_universe,0.2812750998374078,0.2578288072647133,0.6752642699748683,0.26511390229758014,0.012443818507216986,1.7523407489423335,21.0,5.648920221654196,0.20966380158655218,-0.14693970796520273,2752.0,699.0,,,,,,,,,,,,,,,,,,,,,,,,,,,,,,,,,,,,,,,,,,,,,,,,,
metrics,E,T10_standalone,realized,c2c,full,,,,,,,,,,,,,,-0.25,3459.0,4.156818323078562,0.12693653002742322,0.6465948488219446,0.4899525361184693,0.6240439241032628,-0.781206950601736,0.16248771203283396,0.3167976437324158,43.15994368309714,0.46696133676404766,0.6784237126091908,1.5661316253830389,19.651487433934534,-0.05697862200576918,-0.08861664297291072,-0.9045075832465054,-1.4067455959663278,-0.10932998897470299,-0.14800741317295443,-1.7355597700109862,-2.3495448446977365,8.0,358.0,1165.0,1686.0,775.0,True,39.35726184894029,0.32252378357678113,-1.5034438834706154,2.3364355490452873,0.2786783042394015,0.5272727272727272,0.5168260375792346,0.057615869497940064,0.7472667942208298,0.2007566977599109,0.002941072651981605,0.014458867895781316,,,,,,,,
relative,F,portfolio,realized,c2c,full,buy_hold_QQQ,0.18292158491687807,0.7653507202194803,0.4193927573976885,0.3429618961886206,0.1442864114428032,1.6173017769552043,21.0,3.3721491606405176,0.87669115566384,0.7264460894398994,1923.0,1536.0,,,,,,,,,,,,,,,,,,,,,,,,,,,,,,,,,,,,,,,,,,,,,,,,,
relative,F,portfolio,realized,c2c,full,buy_hold_TQQQ,0.18386086015288058,0.5624985206480323,0.43675894626109496,0.1956122933533478,0.1449002017867348,1.7169340377028857,21.0,3.93519809105004,0.8032906643411695,0.6860488126362885,2204.0,1252.0,,,,,,,,,,,,,,,,,,,,,,,,,,,,,,,,,,,,,,,,,,,,,,,,,
relative,F,portfolio,realized,c2c,full,vol_targeted_QQQ_matched,0.15287410706876461,0.6922145749034381,0.41997646515743436,0.19722256525048157,0.15991898790543813,1.3752608961307342,21.0,3.456171773799948,0.7481568190788312,0.6317724840110918,2199.0,1257.0,,,,,,,,,,,,,,,,,,,,,,,,,,,,,,,,,,,,,,,,,,,,,,,,,
relative,F,portfolio,realized,c2c,full,naive_fast_1d_momentum,0.23851653063189474,0.29999254295106736,0.5072822787216094,0.13950009012183506,0.06114736827265976,2.029858533841924,21.0,3.0137618524266108,0.3880270656085371,0.21236389486610496,2023.0,1429.0,,,,,,,,,,,,,,,,,,,,,,,,,,,,,,,,,,,,,,,,,,,,,,,,,
relative,F,portfolio,realized,c2c,full,sleeve_T10_standalone,0.16146084825982646,0.4950801910926658,0.4545252422472712,0.021020450144163875,0.5234721607450346,1.9946258381973145,21.0,3.3089308852304296,0.5304883874064307,0.47729205371316435,1868.0,1590.0,,,,,,,,,,,,,,,,,,,,,,,,,,,,,,,,,,,,,,,,,,,,,,,,,
relative,F,portfolio,realized,c2c,full,sleeve_T11_standalone,0.18786242705301123,0.6603772867327873,0.34556288516738676,0.3612640133929406,0.5572181417746462,2.5886979012660376,21.0,5.699929081788719,0.7094852537463646,0.634538198749674,1796.0,1663.0,,,,,,,,,,,,,,,,,,,,,,,,,,,,,,,,,,,,,,,,,,,,,,,,,
relative,F,portfolio,realized,c2c,full,sleeve_S2_standalone,0.059035176281846936,0.6625895316004742,0.3233350125605082,-0.2133110974621881,0.6525316773767909,0.9549701638693742,21.0,4.873844673552707,0.631403097675681,0.5999000623314413,2167.0,1288.0,,,,,,,,,,,,,,,,,,,,,,,,,,,,,,,,,,,,,,,,,,,,,,,,,
relative,F,portfolio,realized,c2c,full,sleeve_S3_standalone,0.1362570895934548,0.6590797473890044,0.3183781660585302,0.14503201135259622,0.6813448398017187,1.9745344455587401,21.0,1.2555862192302414,0.6609252398751877,0.6020678685420129,2330.0,1117.0,,,,,,,,,,,,,,,,,,,,,,,,,,,,,,,,,,,,,,,,,,,,,,,,,
relative,F,portfolio,realized,c2c,full,matched_exposure_levered_QQQ_1.70,0.12439867259031909,0.656345919398931,0.4173330545703347,0.06471357028158249,0.19183004329857622,1.1695496250624038,21.0,3.621857363509128,0.6665775203180121,0.5739986696405144,2203.0,1253.0,,,,,,,,,,,,,,,,,,,,,,,,,,,,,,,,,,,,,,,,,,,,,,,,,
relative,F,portfolio,realized,c2c,full,long_legs_only,-0.03815089555363398,0.9663490298397305,0.08985780349675826,-0.5596470824438194,0.9612606309161549,-1.5796133488134445,21.0,1.493426714844542,0.9272217208128267,0.9391884569616682,1851.0,1608.0,,,,,,,,,,,,,,,,,,,,,,,,,,,,,,,,,,,,,,,,,,,,,,,,,
relative,F,portfolio,realized,c2c,full,equal_weight_universe,0.24480604875958867,0.47614381365367936,0.45395496666210494,0.38028308905602864,0.08768773996980139,2.195093286842639,21.0,3.5154574665286544,0.6204600495828305,0.34318493606713124,2752.0,699.0,,,,,,,,,,,,,,,,,,,,,,,,,,,,,,,,,,,,,,,,,,,,,,,,,
metrics,F,portfolio,realized,c2c,full,,,,,,,,,,,,,,0.0,3459.0,18.344600086456328,0.24088143129492612,0.4498301577456745,0.6900643705986111,0.7480059214926863,-0.6857580581846806,0.35126299781672365,0.31040709505184355,37.81169455316477,0.3512571861544416,0.8837031875423695,1.0449380324136421,34.61285183209269,-0.039321147054732664,-0.06440655421578642,-0.6242038582357351,-1.0224223515454174,-0.07836344106043547,-0.1108756255624559,-1.2439810615510796,-1.7600959901818463,13.0,166.92307692307693,724.0,1050.0,506.0,True,24.98735769344483,0.9640132192053217,-1.3845259888017218,2.6999343266580427,0.1935785536159601,0.5757575757575758,0.34168070493744346,0.05768485866934947,1.2578585064735353,0.45567419660268693,0.00637055371734893,0.019782396169549073,,,,,,,,
relative,F,T10_standalone,realized,c2c,full,buy_hold_QQQ,0.2792457345490076,0.5703125094207715,0.6335220476246826,0.3278056474343769,0.03969831411948943,1.7805833641515147,21.0,5.6703248721109745,0.44961273396844686,0.17423020642865647,1923.0,1536.0,,,,,,,,,,,,,,,,,,,,,,,,,,,,,,,,,,,,,,,,,,,,,,,,,
relative,F,T10_standalone,realized,c2c,full,buy_hold_TQQQ,0.27873689289377945,0.4245270940150774,0.6498817764453603,0.22969068250823677,0.04089581556783228,1.7576566771241109,21.0,5.500366288521271,0.4215705616048897,0.16889142523203943,2204.0,1252.0,,,,,,,,,,,,,,,,,,,,,,,,,,,,,,,,,,,,,,,,,,,,,,,,,
relative,F,T10_standalone,realized,c2c,full,vol_targeted_QQQ_matched,0.29264248895840617,0.35856226347592884,0.6538057386853215,0.2243253565788061,0.021261286621167108,1.863167989077948,21.0,5.85944454605385,0.394422419166191,0.1583225490405807,2199.0,1257.0,,,,,,,,,,,,,,,,,,,,,,,,,,,,,,,,,,,,,,,,,,,,,,,,,
relative,F,T10_standalone,realized,c2c,full,naive_fast_1d_momentum,0.31751389262275403,0.23672715229110278,0.6933605411804226,0.19413030489216238,0.018866651429154335,2.013479290752598,21.0,5.751570276584911,0.19393875239150704,-0.06900024810446774,2023.0,1429.0,,,,,,,,,,,,,,,,,,,,,,,,,,,,,,,,,,,,,,,,,,,,,,,,,
relative,F,T10_standalone,realized,c2c,full,sleeve_T10_standalone,0.08762765916649343,0.9526779683011779,0.13083082695993503,0.5609587324329407,0.9604539802056661,2.9775862891623586,21.0,5.674661724762964,0.9247427781509141,0.8914280769191802,1868.0,1590.0,,,,,,,,,,,,,,,,,,,,,,,,,,,,,,,,,,,,,,,,,,,,,,,,,
relative,F,T10_standalone,realized,c2c,full,sleeve_T11_standalone,0.26341682015994095,0.5972303815619946,0.5984008101972745,0.3153000484302305,0.2258221845435533,2.0790227442200866,21.0,7.55008290103518,0.7120357298458592,0.6107823677176564,1796.0,1663.0,,,,,,,,,,,,,,,,,,,,,,,,,,,,,,,,,,,,,,,,,,,,,,,,,
relative,F,T10_standalone,realized,c2c,full,sleeve_S2_standalone,0.20004826086845023,0.45915995345406563,0.6579695112681586,-0.007803669666487005,0.1552681192666412,1.4696409621630442,21.0,6.505018333110416,0.3809950625523652,0.2809182562042546,2167.0,1288.0,,,,,,,,,,,,,,,,,,,,,,,,,,,,,,,,,,,,,,,,,,,,,,,,,
relative,F,T10_standalone,realized,c2c,full,sleeve_S3_standalone,0.23792915221068278,0.5158886008228286,0.6310893438312839,0.17431984318896354,0.20684485755707527,1.7298822284075732,21.0,5.067348091143662,0.4801041578713502,0.37656538966358183,2330.0,1117.0,,,,,,,,,,,,,,,,,,,,,,,,,,,,,,,,,,,,,,,,,,,,,,,,,
relative,F,T10_standalone,realized,c2c,full,matched_exposure_levered_QQQ_1.70,0.23033159507663242,0.5078047925927831,0.6379284033522523,0.14240388285122105,0.056896619459152475,1.4351856900760835,21.0,5.516634256457863,0.34987720448100595,0.14138545469127847,2203.0,1253.0,,,,,,,,,,,,,,,,,,,,,,,,,,,,,,,,,,,,,,,,,,,,,,,,,
relative,F,T10_standalone,realized,c2c,full,long_legs_only,-0.01144923722606786,1.0693020340379502,0.4137697339403087,0.03274215339505573,0.5831976140916211,-0.11518918319218632,21.0,5.014298788181403,1.0823954577833397,1.090842795880218,1851.0,1608.0,,,,,,,,,,,,,,,,,,,,,,,,,,,,,,,,,,,,,,,,,,,,,,,,,
relative,F,T10_standalone,realized,c2c,full,equal_weight_universe,0.3261761151300765,0.3488811907122115,0.6572766478835788,0.35976900660732486,0.023327034049998363,2.095633883671316,21.0,5.562478081508296,0.33273589758963684,-0.06946406867505536,2752.0,699.0,,,,,,,,,,,,,,,,,,,,,,,,,,,,,,,,,,,,,,,,,,,,,,,,,
metrics,F,T10_standalone,realized,c2c,full,,,,,,,,,,,,,,0.0,3459.0,11.117080492626059,0.1993039258918483,0.639036108030342,0.5856431980821254,0.7082311064941497,-0.763060170611159,0.2611903144311929,0.3742434647125193,50.05244119364312,0.4672322230933552,0.800979569077674,1.6068597101536422,20.59130558126269,-0.05567863947390472,-0.08793146453378138,-0.8838710003182566,-1.39586872544449,-0.10931849514160964,-0.14705916962351825,-1.735377311067131,-2.3344919450129606,13.0,209.46153846153845,818.0,1185.0,428.0,True,35.8423391264822,0.5560572517003839,-1.4836736421539085,2.461210520642112,0.2387780548628429,0.5272727272727272,0.6293397712314357,0.09282623721897787,0.8437631996659787,0.3160853579965357,0.003981902203746274,0.014149781501248697,,,,,,,,
relative,B_all,portfolio,realized,c2c,full,buy_hold_QQQ,0.19637225339172595,0.7705150778374109,0.4173915302961973,0.3788927814563972,0.147083251245134,1.7657857788647844,21.0,4.251444945086263,0.8910167234159175,0.7299981449552012,1923.0,1536.0,,,,,,,,,,,,,,,,,,,,,,,,,,,,,,,,,,,,,,,,,,,,,,,,,
relative,B_all,portfolio,realized,c2c,full,buy_hold_TQQQ,0.18941805433344827,0.6014087893677951,0.42706841084573915,0.23356052363736282,0.16659511363775903,1.836342396767233,21.0,4.6155612660619285,0.84028092422366,0.7179489087087736,2204.0,1252.0,,,,,,,,,,,,,,,,,,,,,,,,,,,,,,,,,,,,,,,,,,,,,,,,,
relative,B_all,portfolio,realized,c2c,full,vol_targeted_QQQ_matched,0.15813262718930826,0.7319915837210867,0.41212628647489447,0.23570381588479197,0.17985695045675176,1.4893831557134412,21.0,4.414733635136502,0.7824787558347649,0.660993496907959,2199.0,1257.0,,,,,,,,,,,,,,,,,,,,,,,,,,,,,,,,,,,,,,,,,,,,,,,,,
relative,B_all,portfolio,realized,c2c,full,naive_fast_1d_momentum,0.24531350899786283,0.33134743966542224,0.49754812867535786,0.17099215380582505,0.07502751906513261,2.1456968667152334,21.0,4.112503577037478,0.4026258913971152,0.2190364351367035,2023.0,1429.0,,,,,,,,,,,,,,,,,,,,,,,,,,,,,,,,,,,,,,,,,,,,,,,,,
relative,B_all,portfolio,realized,c2c,full,sleeve_T10_standalone,0.17319579004111096,0.5036423883605018,0.44500924093955374,0.05362861159673602,0.5448582560853332,2.261106677778401,21.0,3.7661209493977426,0.5345071064295733,0.4767949353990953,1868.0,1590.0,,,,,,,,,,,,,,,,,,,,,,,,,,,,,,,,,,,,,,,,,,,,,,,,,
relative,B_all,portfolio,realized,c2c,full,sleeve_T11_standalone,0.20694665743821217,0.6346544434706459,0.362704553946315,0.38364651286179585,0.5176212997506113,2.8240659019188774,21.0,6.377429462773729,0.6944922433555096,0.6124099097052774,1796.0,1663.0,,,,,,,,,,,,,,,,,,,,,,,,,,,,,,,,,,,,,,,,,,,,,,,,,
relative,B_all,portfolio,realized,c2c,full,sleeve_S2_standalone,0.08073714390993875,0.6431074734010394,0.3392697198772845,-0.16111088207818938,0.6182670026389703,1.2479279126622558,21.0,6.071800310596291,0.6251748478714447,0.586578788025858,2167.0,1288.0,,,,,,,,,,,,,,,,,,,,,,,,,,,,,,,,,,,,,,,,,,,,,,,,,
relative,B_all,portfolio,realized,c2c,full,sleeve_S3_standalone,0.14978274618929496,0.6620515514994932,0.3135577997083552,0.19290200529491294,0.6914665082825093,2.3275568483465685,21.0,1.9514408336467983,0.6655826690853281,0.6014115521924892,2330.0,1117.0,,,,,,,,,,,,,,,,,,,,,,,,,,,,,,,,,,,,,,,,,,,,,,,,,
relative,B_all,portfolio,realized,c2c,full,matched_exposure_levered_QQQ_1.70,0.1258462185081726,0.701735324462019,0.40598979468225443,0.10177106677148139,0.22054347836685473,1.2324337269593106,21.0,4.390679212983439,0.6972706797754668,0.6006865661761489,2203.0,1253.0,,,,,,,,,,,,,,,,,,,,,,,,,,,,,,,,,,,,,,,,,,,,,,,,,
relative,B_all,portfolio,realized,c2c,full,long_legs_only,-0.026289554896585757,0.9731402434056932,0.06391881108186415,-0.5628664614914278,0.9804387956151077,-1.606698131182852,21.0,1.909176437707437,0.934235341004389,0.9402506074388122,1851.0,1608.0,,,,,,,,,,,,,,,,,,,,,,,,,,,,,,,,,,,,,,,,,,,,,,,,,
relative,B_all,portfolio,realized,c2c,full,equal_weight_universe,0.2548341742588603,0.5072289549893688,0.447269258190234,0.41796366760459036,0.10008457636651269,2.367990773958733,21.0,4.2676881602248615,0.6406775077276254,0.3506361158824201,2752.0,699.0,,,,,,,,,,,,,,,,,,,,,,,,,,,,,,,,,,,,,,,,,,,,,,,,,
metrics,B_all,portfolio,realized,c2c,full,,,,,,,,,,,,,,-0.125,3459.0,22.731997889567815,0.2594989666345622,0.44854000702316565,0.7239566693762951,0.767428694017445,-0.6675926158773338,0.3887085633706943,0.32471799759722647,37.09513743725963,0.349811763273721,0.9282649461480256,1.0579557280455816,34.96444724725482,-0.03882703644168991,-0.06389123440791986,-0.6163600954221223,-1.0142419032017342,-0.07758472452613302,-0.11065155869856831,-1.2316193198016092,-1.7565390389884659,12.0,166.91666666666666,714.0,1036.0,496.0,True,23.71242731780948,1.0943585114952048,-1.3131789109031233,2.6758621989047766,0.17643391521197008,0.5515151515151515,0.3750083926304138,0.06594852727599454,1.256727366135808,0.48804995759817893,0.006995498185536105,0.020688121059409075,,,,,,,,
relative,B_all,T10_standalone,realized,c2c,full,buy_hold_QQQ,0.27067136214926435,0.44940630340104826,0.6473540252509915,0.2764456765064515,0.02431315868433992,1.6853285352131644,21.0,5.6792373467856585,0.3601776173885087,0.09688326770032431,1923.0,1536.0,,,,,,,,,,,,,,,,,,,,,,,,,,,,,,,,,,,,,,,,,,,,,,,,,
relative,B_all,T10_standalone,realized,c2c,full,buy_hold_TQQQ,0.2596713929967125,0.38163999012132604,0.6602721549241543,0.1825882014657612,0.032598123190642814,1.6106737303711558,21.0,5.522224155978948,0.36968059828821304,0.13218170416815297,2204.0,1252.0,,,,,,,,,,,,,,,,,,,,,,,,,,,,,,,,,,,,,,,,,,,,,,,,,
relative,B_all,T10_standalone,realized,c2c,full,vol_targeted_QQQ_matched,0.27238799605396125,0.32139091565316436,0.6619268855920771,0.1781938828825084,0.016847845511099302,1.714850624113992,21.0,5.813041748006928,0.3462208835687684,0.12464186219185695,2199.0,1257.0,,,,,,,,,,,,,,,,,,,,,,,,,,,,,,,,,,,,,,,,,,,,,,,,,
relative,B_all,T10_standalone,realized,c2c,full,naive_fast_1d_momentum,0.2933989165561862,0.21753634529652494,0.7012063812682752,0.1510089077229345,0.015713724365159387,1.8436700211587373,21.0,5.710218412256118,0.16769276215324305,-0.07818645523536723,2023.0,1429.0,,,,,,,,,,,,,,,,,,,,,,,,,,,,,,,,,,,,,,,,,,,,,,,,,
relative,B_all,T10_standalone,realized,c2c,full,sleeve_T10_standalone,0.05483588750872804,0.9662323993400377,0.10519816048223925,0.4246919443640371,0.9744606488745696,2.379726073195399,21.0,4.927438861875594,0.9405295358924128,0.9188022365249209,1868.0,1590.0,,,,,,,,,,,,,,,,,,,,,,,,,,,,,,,,,,,,,,,,,,,,,,,,,
relative,B_all,T10_standalone,realized,c2c,full,sleeve_T11_standalone,0.23376515147667154,0.6022839838221901,0.6009453027652896,0.26618382765276316,0.2265177530753214,1.8300781684621927,21.0,7.521272423746069,0.7174056545772337,0.6285033102779474,1796.0,1663.0,,,,,,,,,,,,,,,,,,,,,,,,,,,,,,,,,,,,,,,,,,,,,,,,,
relative,B_all,T10_standalone,realized,c2c,full,sleeve_S2_standalone,0.1759282330020925,0.4470510405285469,0.6677365228495618,-0.0506913417106269,0.14517281666650894,1.279234501257457,21.0,6.419303544639795,0.3604873354668892,0.26953849751722336,2167.0,1288.0,,,,,,,,,,,,,,,,,,,,,,,,,,,,,,,,,,,,,,,,,,,,,,,,,
relative,B_all,T10_standalone,realized,c2c,full,sleeve_S3_standalone,0.21252307463820058,0.5033700372257317,0.6417825096825001,0.12667455203669872,0.19423361066191047,1.525259121614773,21.0,5.08091378237988,0.46019769895882695,0.36732783494705845,2330.0,1117.0,,,,,,,,,,,,,,,,,,,,,,,,,,,,,,,,,,,,,,,,,,,,,,,,,
relative,B_all,T10_standalone,realized,c2c,full,matched_exposure_levered_QQQ_1.70,0.2130791929269868,0.46736201888088147,0.6480011085456786,0.09587884536494533,0.04753532864747989,1.309420329518845,21.0,5.503243619283392,0.3068208573183838,0.11067382632292844,2203.0,1253.0,,,,,,,,,,,,,,,,,,,,,,,,,,,,,,,,,,,,,,,,,,,,,,,,,
relative,B_all,T10_standalone,realized,c2c,full,long_legs_only,-0.035935165370702404,1.0575803673407247,0.4263251179918077,-0.0355741916132251,0.5626761533030391,-0.3514249708198215,21.0,5.000675429003015,1.0353621789373688,1.0496240099863163,1851.0,1608.0,,,,,,,,,,,,,,,,,,,,,,,,,,,,,,,,,,,,,,,,,,,,,,,,,
relative,B_all,T10_standalone,realized,c2c,full,equal_weight_universe,0.303862410456335,0.302427578403862,0.6670445660327053,0.31145427714826024,0.017288765847547016,1.9221071700799863,21.0,5.6043582557682345,0.26838626364281193,-0.1114294373825923,2752.0,699.0,,,,,,,,,,,,,,,,,,,,,,,,,,,,,,,,,,,,,,,,,,,,,,,,,
metrics,B_all,T10_standalone,realized,c2c,full,,,,,,,,,,,,,,-0.125,3459.0,6.863366226997241,0.16211243323761448,0.6434537315811778,0.5369978051408835,0.6675075698979014,-0.7728150365450255,0.20976873581854738,0.345529581176643,47.96959788817956,0.4661156934565724,0.7412957470157261,1.5834025826984575,20.03526756909549,-0.05625168231201953,-0.08836613288317496,-0.8929677733596871,-1.402768871576208,-0.10932297537853948,-0.1476231610907438,-1.735448432623517,-2.343445031996008,11.0,249.72727272727272,940.0,1360.0,550.0,True,37.62968172225419,0.43081000374696554,-1.4930472761146267,2.3625158016185472,0.2683915211970075,0.5393939393939394,0.5568969220261138,0.06845062728172424,0.8089717026291532,0.2639233649603474,0.003379482846937966,0.013915221291908838,,,,,,,,
relative,A,portfolio,realized,c2c,primary,buy_hold_QQQ,0.16449871798097876,0.982602678635214,0.46991362395870157,0.34188031042513156,0.1412456483597856,1.0935624253621559,21.0,2.764132515173104,0.9782333836632731,0.7997218700347136,1398.0,1075.0,,,,,,,,,,,,,,,,,,,,,,,,,,,,,,,,,,,,,,,,,,,,,,,,,
relative,A,portfolio,realized,c2c,primary,buy_hold_TQQQ,0.1687075824619277,0.3322258144578403,0.6061585390538085,-0.42774292352626814,0.14110873656480516,1.1258640625065472,21.0,2.8498735810346982,0.33756769514419854,0.2763505688001035,1395.0,1078.0,,,,,,,,,,,,,,,,,,,,,,,,,,,,,,,,,,,,,,,,,,,,,,,,,
relative,A,portfolio,realized,c2c,primary,vol_targeted_QQQ_matched,0.20731247251700263,0.6111765956062342,0.48993772282752734,0.19677903396317986,0.11163306431722009,1.3359136215492713,21.0,2.6454097951603646,0.6727974023459382,0.5379522649123123,1396.0,1077.0,,,,,,,,,,,,,,,,,,,,,,,,,,,,,,,,,,,,,,,,,,,,,,,,,
relative,A,portfolio,realized,c2c,primary,naive_fast_1d_momentum,0.2856115246376657,0.24815841855992654,0.5816118132613488,-0.009137098385637294,0.03858589642942423,1.747359287299918,21.0,1.886322125197327,0.3235549883622059,0.14202281511066145,1237.0,1232.0,,,,,,,,,,,,,,,,,,,,,,,,,,,,,,,,,,,,,,,,,,,,,,,,,
relative,A,portfolio,realized,c2c,primary,sleeve_T10_standalone,0.1954555796809813,0.5032030674933282,0.5034676072426837,0.023129058955427183,0.5604246118579845,1.8810253205826923,21.0,2.4486669726638715,0.5581331635005344,0.5088539418671435,1266.0,1207.0,,,,,,,,,,,,,,,,,,,,,,,,,,,,,,,,,,,,,,,,,,,,,,,,,
relative,A,portfolio,realized,c2c,primary,sleeve_T11_standalone,0.21408259113733144,0.7042621396662022,0.3660030016674379,0.3926807044810342,0.5815681811955202,2.2865107361161887,21.0,5.439201939517809,0.7720737768693224,0.7000073874887025,1240.0,1233.0,,,,,,,,,,,,,,,,,,,,,,,,,,,,,,,,,,,,,,,,,,,,,,,,,
relative,A,portfolio,realized,c2c,primary,sleeve_S2_standalone,0.05957487463465779,0.6477777639875363,0.3755953090372049,-0.3076257036798071,0.6408054295600425,0.7211807201275326,21.0,3.722656167145208,0.6112251387337063,0.584265837835838,1352.0,1120.0,,,,,,,,,,,,,,,,,,,,,,,,,,,,,,,,,,,,,,,,,,,,,,,,,
relative,A,portfolio,realized,c2c,primary,sleeve_S3_standalone,0.11825110632085609,0.6478190110859613,0.36747506801603846,-0.06785787507149636,0.6740202465323253,1.2487977532792671,21.0,1.5940924047700658,0.6308813236282556,0.5900385099955522,1470.0,995.0,,,,,,,,,,,,,,,,,,,,,,,,,,,,,,,,,,,,,,,,,,,,,,,,,
relative,A,portfolio,realized,c2c,primary,matched_exposure_levered_QQQ_1.70,0.16901411079053205,0.5861665774662383,0.4888027490282501,0.038671359788900905,0.14110139343698636,1.1280677676234736,21.0,2.8498219913369565,0.5935183866092867,0.48574651492640125,1400.0,1073.0,,,,,,,,,,,,,,,,,,,,,,,,,,,,,,,,,,,,,,,,,,,,,,,,,
relative,A,portfolio,realized,c2c,primary,long_legs_only,-0.08087644099621055,0.9552700166256027,0.12329137190230881,-0.8316344897895876,0.9429493195110287,-2.0643940723419383,21.0,1.697544010698684,0.8988402789482759,0.9211292197093572,1323.0,1150.0,,,,,,,,,,,,,,,,,,,,,,,,,,,,,,,,,,,,,,,,,,,,,,,,,
relative,A,portfolio,realized,c2c,primary,equal_weight_universe,0.2976562690892856,0.4358136450225667,0.5207434373981046,0.362825005146125,0.08083759938900126,1.9675915694414026,21.0,2.3938302050145563,0.5476551594601127,0.3083749780106668,1770.0,699.0,,,,,,,,,,,,,,,,,,,,,,,,,,,,,,,,,,,,,,,,,,,,,,,,,
metrics,A,portfolio,realized,c2c,primary,,,,,,,,,,,,,,-0.375,2473.0,11.843571107576869,0.2971065884533939,0.507083635943046,0.7526233787485628,0.928624610696173,-0.6458725044002493,0.4600081075277915,0.3816366455341612,40.74278678317462,0.3785474198324292,1.008160736383039,1.040811789131052,28.936616506717577,-0.044016879998596645,-0.0704464706282258,-0.698746307791559,-1.1183030521470096,-0.08155785516149126,-0.11876605127807961,-1.2946908133267891,-1.8853526152736613,11.0,169.27272727272728,134.0,190.0,104.0,True,23.84328580327064,1.2460807243800227,-0.7651261466320128,2.6140194999178905,0.10396039603960396,0.559322033898305,0.5012317032839684,0.07910966639646877,1.5017247925453034,0.5589103763116336,0.0072922500376456515,0.02279236851514691,,,,,,,,
relative,A,T10_standalone,realized,c2c,primary,buy_hold_QQQ,0.2504823277001199,0.5408103527365923,0.7523380224020136,0.19806188073040393,0.019332078170255285,1.0459883546202355,21.0,4.876482353818292,0.16857840293869877,-0.19553321705263205,1398.0,1075.0,,,,,,,,,,,,,,,,,,,,,,,,,,,,,,,,,,,,,,,,,,,,,,,,,
relative,A,T10_standalone,realized,c2c,primary,buy_hold_TQQQ,0.25434660213958266,0.18043735891143364,0.8827110117238851,-0.3069235049603048,0.018806563172288238,1.0669428117268909,21.0,4.904472119389797,0.06573742810059231,-0.054863300108247845,1395.0,1078.0,,,,,,,,,,,,,,,,,,,,,,,,,,,,,,,,,,,,,,,,,,,,,,,,,
relative,A,T10_standalone,realized,c2c,primary,vol_targeted_QQQ_matched,0.33024734583327725,0.13934355275658158,0.790259772888256,0.10726186848693738,0.0026218179640894457,1.441812705365992,21.0,5.073225120916321,0.1316030297400959,-0.10592698855483525,1396.0,1077.0,,,,,,,,,,,,,,,,,,,,,,,,,,,,,,,,,,,,,,,,,,,,,,,,,
relative,A,T10_standalone,realized,c2c,primary,naive_fast_1d_momentum,0.31620064178800134,0.13901317500731575,0.8278876310790415,-0.020484635466745678,0.005470812792195523,1.3627471427383038,21.0,4.970991826260129,0.0627004262326614,-0.18288001292843667,1237.0,1232.0,,,,,,,,,,,,,,,,,,,,,,,,,,,,,,,,,,,,,,,,,,,,,,,,,
relative,A,T10_standalone,realized,c2c,primary,sleeve_T10_standalone,1.0928757898653885e-16,0.9999999999999999,0.0,,1.0,3.147604882795009,21.0,4.7974086067251305,1.0,1.0,1266.0,1207.0,,,,,,,,,,,,,,,,,,,,,,,,,,,,,,,,,,,,,,,,,,,,,,,,,
relative,A,T10_standalone,realized,c2c,primary,sleeve_T11_standalone,0.2042157820453897,0.6967891854914114,0.6711346431293715,0.1967974473065888,0.25721963456811947,1.1625707945098978,21.0,7.02530635056605,0.8445841044775289,0.7831235304701069,1240.0,1233.0,,,,,,,,,,,,,,,,,,,,,,,,,,,,,,,,,,,,,,,,,,,,,,,,,
relative,A,T10_standalone,realized,c2c,primary,sleeve_S2_standalone,0.16779801720537818,0.40668195330779794,0.8014783709243974,-0.15869112358549986,0.11411776894850034,0.8594830884805907,21.0,5.627106176533521,0.3016057287173301,0.22614712653231803,1352.0,1120.0,,,,,,,,,,,,,,,,,,,,,,,,,,,,,,,,,,,,,,,,,,,,,,,,,
relative,A,T10_standalone,realized,c2c,primary,sleeve_S3_standalone,0.17380066719649082,0.4825489644769555,0.7638690455903465,-0.0478888488001433,0.16897315016756087,0.8699948317299889,21.0,4.631453417427184,0.40258498329659126,0.338797410708191,1470.0,995.0,,,,,,,,,,,,,,,,,,,,,,,,,,,,,,,,,,,,,,,,,,,,,,,,,
relative,A,T10_standalone,realized,c2c,primary,matched_exposure_levered_QQQ_1.70,0.25451074624994713,0.31836324728213977,0.7793854734828072,0.009312381678065121,0.018806345507030753,1.067879386234787,21.0,4.904255055224903,0.11360946691645017,-0.09971971152666669,1400.0,1073.0,,,,,,,,,,,,,,,,,,,,,,,,,,,,,,,,,,,,,,,,,,,,,,,,,
relative,A,T10_standalone,realized,c2c,primary,long_legs_only,-0.14169329332457414,1.0568296342886683,0.5226765255082224,-0.21844885615721535,0.5214532561344436,-0.9567674105328835,21.0,4.754793172169319,1.0057007451655633,1.0549460794194512,1323.0,1150.0,,,,,,,,,,,,,,,,,,,,,,,,,,,,,,,,,,,,,,,,,,,,,,,,,
relative,A,T10_standalone,realized,c2c,primary,equal_weight_universe,0.3319948224061379,0.19718476504656543,0.797094656497006,0.22242528781069576,0.007477007829263305,1.4689903295217344,21.0,4.915925167592913,0.1001542915048661,-0.2064474265183162,1770.0,699.0,,,,,,,,,,,,,,,,,,,,,,,,,,,,,,,,,,,,,,,,,,,,,,,,,
metrics,A,T10_standalone,realized,c2c,primary,,,,,,,,,,,,,,-0.375,2473.0,1.6536403739894734,0.10456106185541802,0.7543838856857419,0.4904610766854494,0.6634021483259559,-0.792550173555929,0.13192989585288295,0.36999191356409733,55.62159365971672,0.49532029264541133,0.7469750766479625,1.3422693740541336,13.924669330777983,-0.06502885634139881,-0.0986831205084978,-1.032301091533721,-1.5665459727918183,-0.11822670473414817,-0.16099701075995967,-1.8767907543193127,-2.55574831377386,5.0,474.0,1211.0,1756.0,698.0,True,48.18856533429207,0.21698313931958876,-1.5119066132837067,2.1571320905321323,0.2578757875787579,0.5254237288135594,0.3056031631878935,-0.07166643621682667,1.0635437827139855,0.31405754111246864,0.0018798645449661958,0.011927061140760104,,,,,,,,
relative,B,portfolio,realized,c2c,primary,buy_hold_QQQ,0.16970710156576047,1.042163081958999,0.46631876870668604,0.38390992145939185,0.15820168991889338,1.1479924846387501,21.0,2.958097834435677,1.0401638012589638,0.8570060286645947,1398.0,1075.0,,,,,,,,,,,,,,,,,,,,,,,,,,,,,,,,,,,,,,,,,,,,,,,,,
relative,B,portfolio,realized,c2c,primary,buy_hold_TQQQ,0.17410567302709073,0.3524657243493972,0.5960172903493537,-0.40419941380702956,0.15813991268556293,1.1822328071290276,21.0,3.0446132912352426,0.3585363263216678,0.29558194363888046,1395.0,1078.0,,,,,,,,,,,,,,,,,,,,,,,,,,,,,,,,,,,,,,,,,,,,,,,,,
relative,B,portfolio,realized,c2c,primary,vol_targeted_QQQ_matched,0.2147281632234142,0.6495828084063773,0.48502743831547235,0.2366457007792836,0.12555933925494378,1.400253410672809,21.0,2.8202968125777974,0.7145673333004359,0.575358798818663,1396.0,1077.0,,,,,,,,,,,,,,,,,,,,,,,,,,,,,,,,,,,,,,,,,,,,,,,,,
relative,B,portfolio,realized,c2c,primary,naive_fast_1d_momentum,0.2977695154857025,0.26421264030079566,0.5781129079923393,0.022583723173639693,0.04355101798988659,1.8327231524969412,21.0,2.031962681193732,0.3394238649571772,0.14994906051391912,1237.0,1232.0,,,,,,,,,,,,,,,,,,,,,,,,,,,,,,,,,,,,,,,,,,,,,,,,,
relative,B,portfolio,realized,c2c,primary,sleeve_T10_standalone,0.21644728766928092,0.4961177187195614,0.5125027500112429,0.05856537980845984,0.5424012432844434,2.052410689470907,21.0,2.7143143097810243,0.5437105233217682,0.4878367835882117,1266.0,1207.0,,,,,,,,,,,,,,,,,,,,,,,,,,,,,,,,,,,,,,,,,,,,,,,,,
relative,B,portfolio,realized,c2c,primary,sleeve_T11_standalone,0.23469860969850273,0.6948224714738211,0.3751870419445889,0.43203118618927855,0.563637948239152,2.461132086644755,21.0,5.334397057679574,0.7629390633141445,0.6834252666908961,1240.0,1233.0,,,,,,,,,,,,,,,,,,,,,,,,,,,,,,,,,,,,,,,,,,,,,,,,,
relative,B,portfolio,realized,c2c,primary,sleeve_S2_standalone,0.07246658681617509,0.6587968727254595,0.365422228289653,-0.2659186482962277,0.6599297832475166,0.8997266216216004,21.0,3.8705226681685114,0.6272372158842487,0.5967786919890288,1352.0,1120.0,,,,,,,,,,,,,,,,,,,,,,,,,,,,,,,,,,,,,,,,,,,,,,,,,
relative,B,portfolio,realized,c2c,primary,sleeve_S3_standalone,0.13251012518159572,0.6579307749747388,0.3574933731531593,-0.018366469180071423,0.6922238003975951,1.4338027817881362,21.0,1.7059772924931893,0.6458616856554623,0.6011066870795014,1470.0,995.0,,,,,,,,,,,,,,,,,,,,,,,,,,,,,,,,,,,,,,,,,,,,,,,,,
relative,B,portfolio,realized,c2c,primary,matched_exposure_levered_QQQ_1.70,0.17443029305927835,0.6218787101423091,0.48218397368908633,0.07730006645706901,0.1581325001819296,1.1846074327152385,21.0,3.0445772068919363,0.6304945410568615,0.5197002792688187,1400.0,1073.0,,,,,,,,,,,,,,,,,,,,,,,,,,,,,,,,,,,,,,,,,,,,,,,,,
relative,B,portfolio,realized,c2c,primary,long_legs_only,-0.06702264385977129,0.9645981226123109,0.10657893032105749,-0.7896792609634732,0.9573030512975162,-1.972423387131639,21.0,2.026634417600253,0.9203677608459441,0.9393657450601374,1323.0,1150.0,,,,,,,,,,,,,,,,,,,,,,,,,,,,,,,,,,,,,,,,,,,,,,,,,
relative,B,portfolio,realized,c2c,primary,equal_weight_universe,0.31077388080189344,0.4630717229954425,0.5160648092002615,0.4017110310471792,0.09087174025986078,2.0805756868694676,21.0,2.5034848403581136,0.5814649539884252,0.33281161640136436,1770.0,699.0,,,,,,,,,,,,,,,,,,,,,,,,,,,,,,,,,,,,,,,,,,,,,,,,,
metrics,B,portfolio,realized,c2c,primary,,,,,,,,,,,,,,-0.125,2473.0,14.293742110987635,0.32039105971745396,0.5081813508377329,0.7871460559652709,0.9503504998504735,-0.6406885788335476,0.5000730000537318,0.40000683177138585,40.51960154451731,0.3777116678342509,1.0590269399538872,1.0290550393621256,28.633082806982095,-0.04420392063082734,-0.07040311084260695,-0.7017154857792393,-1.1176147368891183,-0.08155974076470306,-0.1186519974726842,-1.2947207463498076,-1.8835420672427206,11.0,167.27272727272728,133.0,189.0,103.0,True,23.192922499611342,1.3814173686943634,-0.7696977630377518,2.665720684264602,0.10711071107110712,0.559322033898305,0.5302067528821149,0.09011791600455177,1.5271343742283354,0.5990586383617913,0.007907063433618734,0.023454092923553566,,,,,,,,
relative,B,T10_standalone,realized,c2c,primary,buy_hold_QQQ,0.2650459541305936,0.7667900545149344,0.7243055947053523,0.29477979358534323,0.040603921969083134,1.1645053044368396,21.0,4.934882304696609,0.399249721655193,0.022060137323618,1398.0,1075.0,,,,,,,,,,,,,,,,,,,,,,,,,,,,,,,,,,,,,,,,,,,,,,,,,
relative,B,T10_standalone,realized,c2c,primary,buy_hold_TQQQ,0.2696118923961481,0.2572583904086332,0.8392136206714819,-0.2459726373151188,0.03994129141194036,1.1896816732026265,21.0,4.972352773979593,0.143901119328891,0.018262428462059974,1395.0,1078.0,,,,,,,,,,,,,,,,,,,,,,,,,,,,,,,,,,,,,,,,,,,,,,,,,
relative,B,T10_standalone,realized,c2c,primary,vol_targeted_QQQ_matched,0.3532577979554818,0.284809068445844,0.7601060209768239,0.1963751184028915,0.011443605969875037,1.6069662426523483,21.0,5.211776461707101,0.28730669178287677,0.03630833418921007,1396.0,1077.0,,,,,,,,,,,,,,,,,,,,,,,,,,,,,,,,,,,,,,,,,,,,,,,,,
relative,B,T10_standalone,realized,c2c,primary,naive_fast_1d_momentum,0.35676307326106305,0.2008782312461126,0.8006689458938547,0.05937809122203469,0.011935267930118676,1.588744242998021,21.0,5.058949395259514,0.12247101950588618,-0.1496727603373391,1237.0,1232.0,,,,,,,,,,,,,,,,,,,,,,,,,,,,,,,,,,,,,,,,,,,,,,,,,
relative,B,T10_standalone,realized,c2c,primary,sleeve_T10_standalone,0.07554452502442428,0.9701524423060304,0.0978678478989588,0.6590639461553303,0.983346226101723,2.8575687732081225,21.0,5.839528970862378,0.9377910751020507,0.9134308212558458,1266.0,1207.0,,,,,,,,,,,,,,,,,,,,,,,,,,,,,,,,,,,,,,,,,,,,,,,,,
relative,B,T10_standalone,realized,c2c,primary,sleeve_T11_standalone,0.2776845407485485,0.6590966736408703,0.6698928247461466,0.29344806712833355,0.24045070020259907,1.611901573572348,21.0,6.950682743516406,0.8045249098278464,0.7162107393608796,1240.0,1233.0,,,,,,,,,,,,,,,,,,,,,,,,,,,,,,,,,,,,,,,,,,,,,,,,,
relative,B,T10_standalone,realized,c2c,primary,sleeve_S2_standalone,0.21163548662837858,0.4482438119000755,0.7650717062762811,-0.08193523908831371,0.1448433527316454,1.1312668942710293,21.0,5.804577861175002,0.3614439986216981,0.2742997855764216,1352.0,1120.0,,,,,,,,,,,,,,,,,,,,,,,,,,,,,,,,,,,,,,,,,,,,,,,,,
relative,B,T10_standalone,realized,c2c,primary,sleeve_S3_standalone,0.2227250961282154,0.5208612767229539,0.7262640738434658,0.038443813780948986,0.20568639179346038,1.1662078445150412,21.0,4.624534947459313,0.4586732550559773,0.3811167832597987,1470.0,995.0,,,,,,,,,,,,,,,,,,,,,,,,,,,,,,,,,,,,,,,,,,,,,,,,,
relative,B,T10_standalone,realized,c2c,primary,matched_exposure_levered_QQQ_1.70,0.2698446689682814,0.4539095435369791,0.7445958463774897,0.09637322769196449,0.03994143644043302,1.1909864014374216,21.0,4.972038462244287,0.2514378649617244,0.02937963312559851,1400.0,1073.0,,,,,,,,,,,,,,,,,,,,,,,,,,,,,,,,,,,,,,,,,,,,,,,,,
relative,B,T10_standalone,realized,c2c,primary,long_legs_only,-0.09352535181554615,1.0905641251448812,0.4804907340238069,-0.10338788155906453,0.5801420233769703,-0.6912775458714304,21.0,4.660888723317489,1.0846780347152947,1.123067889128967,1323.0,1150.0,,,,,,,,,,,,,,,,,,,,,,,,,,,,,,,,,,,,,,,,,,,,,,,,,
relative,B,T10_standalone,realized,c2c,primary,equal_weight_universe,0.3763133800465732,0.3019218268152937,0.7668394465579184,0.315313954579499,0.01831456612804927,1.7411981167708737,21.0,4.924317157024648,0.22651318565278475,-0.1114294373825923,1770.0,699.0,,,,,,,,,,,,,,,,,,,,,,,,,,,,,,,,,,,,,,,,,,,,,,,,,
metrics,B,T10_standalone,realized,c2c,primary,,,,,,,,,,,,,,-0.125,2473.0,4.631128342305838,0.19257600910058126,0.738037532494596,0.5887195104711679,0.7555392284944932,-0.7728150365450257,0.24918770985812905,0.43449308360211464,55.843035063868044,0.5029953137172675,0.8638113949632983,1.4276276780775663,15.362877599321427,-0.06380807904117991,-0.09795738713536659,-1.0129218526782886,-1.5550253126511469,-0.1182254894643215,-0.16047014323313832,-1.8767714625088894,-2.5473845510747903,9.0,256.77777777777777,940.0,1360.0,550.0,True,43.54111797027347,0.4422854030345692,-1.4930472761146274,2.3625158016185503,0.21962196219621963,0.5254237288135594,0.39664481174662025,-0.03133619547619926,1.1760450424206284,0.46799999866061204,0.0034485233275793627,0.013529694932060516,,,,,,,,
relative,C,portfolio,realized,c2c,primary,buy_hold_QQQ,0.17074318075803321,1.0424534519232207,0.4663465288090086,0.3862463567205633,0.15826060489987015,1.1549291112835784,21.0,2.955598603392622,1.0410386262095719,0.8569088969623266,1398.0,1075.0,,,,,,,,,,,,,,,,,,,,,,,,,,,,,,,,,,,,,,,,,,,,,,,,,
relative,C,portfolio,realized,c2c,primary,buy_hold_TQQQ,0.17514260025760184,0.35256451819402035,0.5960028473668206,-0.40236316753354556,0.1581993332439795,1.1891983979702494,21.0,3.0421696933751567,0.35882995145996466,0.29554640183104425,1395.0,1078.0,,,,,,,,,,,,,,,,,,,,,,,,,,,,,,,,,,,,,,,,,,,,,,,,,
relative,C,portfolio,realized,c2c,primary,vol_targeted_QQQ_matched,0.21577261977083667,0.6497784044443852,0.4850456587967936,0.23890514591416934,0.12561174580015966,1.4069858467199359,21.0,2.818346975615058,0.7151522415855449,0.575289668455383,1396.0,1077.0,,,,,,,,,,,,,,,,,,,,,,,,,,,,,,,,,,,,,,,,,,,,,,,,,
relative,C,portfolio,realized,c2c,primary,naive_fast_1d_momentum,0.2988417632565122,0.26428499594710264,0.5781340293543302,0.024485996345092013,0.043566821185950344,1.839215684013877,21.0,2.031177060363981,0.339894250504211,0.149793718564263,1237.0,1232.0,,,,,,,,,,,,,,,,,,,,,,,,,,,,,,,,,,,,,,,,,,,,,,,,,
relative,C,portfolio,realized,c2c,primary,sleeve_T10_standalone,0.21753317970548702,0.49615651366562546,0.51250624314746,0.06071177566294092,0.5423858153162598,2.062865559940491,21.0,2.7151815081005375,0.5439174884607269,0.48776038104671937,1266.0,1207.0,,,,,,,,,,,,,,,,,,,,,,,,,,,,,,,,,,,,,,,,,,,,,,,,,
relative,C,portfolio,realized,c2c,primary,sleeve_T11_standalone,0.23577468487598546,0.694924065502042,0.3751690183156313,0.43498460869551125,0.5636985865447348,2.4721222298701395,21.0,5.334376453153679,0.7632028567994575,0.6833145369680012,1240.0,1233.0,,,,,,,,,,,,,,,,,,,,,,,,,,,,,,,,,,,,,,,,,,,,,,,,,
relative,C,portfolio,realized,c2c,primary,sleeve_S2_standalone,0.0735585729473476,0.6588134858857911,0.3654696892707622,-0.2628736170798207,0.6598410959496339,0.9130910896985887,21.0,3.868275831473012,0.6274832550629715,0.5966952337183279,1352.0,1120.0,,,,,,,,,,,,,,,,,,,,,,,,,,,,,,,,,,,,,,,,,,,,,,,,,
relative,C,portfolio,realized,c2c,primary,sleeve_S3_standalone,0.1335891444600286,0.6579829835291111,0.3574998280979615,-0.015288525302627351,0.6922057105971431,1.4452312595467367,21.0,1.7069087418601612,0.6461391859336351,0.6010534540342729,1470.0,995.0,,,,,,,,,,,,,,,,,,,,,,,,,,,,,,,,,,,,,,,,,,,,,,,,,
relative,C,portfolio,realized,c2c,primary,matched_exposure_levered_QQQ_1.70,0.17546730436322755,0.622053037755175,0.48219529714944914,0.07957999443396364,0.15819192765170043,1.191574451296032,21.0,3.042133775168243,0.6310124079957096,0.5196376371641499,1400.0,1073.0,,,,,,,,,,,,,,,,,,,,,,,,,,,,,,,,,,,,,,,,,,,,,,,,,
relative,C,portfolio,realized,c2c,primary,long_legs_only,-0.06595908486970428,0.964673895300138,0.10661397347547416,-0.7790997968646352,0.9572765045629312,-1.939645317743121,21.0,2.008865963280023,0.9207345600104597,0.9393450427396347,1323.0,1150.0,,,,,,,,,,,,,,,,,,,,,,,,,,,,,,,,,,,,,,,,,,,,,,,,,
relative,C,portfolio,realized,c2c,primary,equal_weight_universe,0.3118671163789547,0.46310810260978846,0.5161033427949935,0.4038128707225285,0.09086922174955026,2.0877029993231266,21.0,2.501822157210064,0.5821646313721411,0.3327012943958405,1770.0,699.0,,,,,,,,,,,,,,,,,,,,,,,,,,,,,,,,,,,,,,,,,,,,,,,,,
metrics,C,portfolio,realized,c2c,primary,,,,,,,,,,,,,,-0.125,2473.0,14.45595206793343,0.3218113699202787,0.5082283134248554,0.7892382127432525,0.9535925347633798,-0.6408038257812136,0.5021995140680591,0.4011070776239225,39.01150348257081,0.37785488667275835,1.0615373567242012,1.0285257355545883,28.62190501346727,-0.04418536172997687,-0.07040599992682778,-0.7014208723616969,-1.1176605996793085,-0.08155531950965877,-0.11865674570131592,-1.2946505611018277,-1.883617443035486,11.0,167.27272727272728,133.0,189.0,103.0,True,23.165410113389118,1.3891891762118147,-0.7671947261587239,2.6724066184662276,0.10531053105310531,0.559322033898305,0.534260844877367,0.0919107981854892,1.5303469711020514,0.5998701006491955,0.008249140412239035,0.02444388064124257,,,,,,,,
relative,C,T10_standalone,realized,c2c,primary,buy_hold_QQQ,0.26663170492790683,0.7588297760913426,0.7243045329161133,0.2945409190932556,0.039809135180876254,1.171239493950337,21.0,4.953893408513475,0.3895692770166483,0.010197373075498029,1398.0,1075.0,,,,,,,,,,,,,,,,,,,,,,,,,,,,,,,,,,,,,,,,,,,,,,,,,
relative,C,T10_standalone,realized,c2c,primary,buy_hold_TQQQ,0.2711822328776448,0.2545378006168286,0.8399212793947659,-0.24597176364865322,0.039144121793813214,1.1963984297238568,21.0,4.991173986364722,0.14062469267041314,0.014282162838638063,1395.0,1078.0,,,,,,,,,,,,,,,,,,,,,,,,,,,,,,,,,,,,,,,,,,,,,,,,,
relative,C,T10_standalone,realized,c2c,primary,vol_targeted_QQQ_matched,0.35520536112693507,0.2773732620494282,0.7604627198185557,0.19605507950766857,0.010865843113986196,1.6160830128723087,21.0,5.230162477557357,0.28077997594652704,0.028566394114167674,1396.0,1077.0,,,,,,,,,,,,,,,,,,,,,,,,,,,,,,,,,,,,,,,,,,,,,,,,,
relative,C,T10_standalone,realized,c2c,primary,naive_fast_1d_momentum,0.35767105852147574,0.1980837780995178,0.8008562797953825,0.059147769745413754,0.01161831684576331,1.594021657104606,21.0,5.0794145450393575,0.11970324222343781,-0.1530505404736975,1237.0,1232.0,,,,,,,,,,,,,,,,,,,,,,,,,,,,,,,,,,,,,,,,,,,,,,,,,
relative,C,T10_standalone,realized,c2c,primary,sleeve_T10_standalone,0.07545496126627367,0.9699260397544927,0.09610101662504582,0.669377301361686,0.9839719175974931,2.84351043083711,21.0,5.726744398671773,0.9383134275674009,0.9140556532411724,1266.0,1207.0,,,,,,,,,,,,,,,,,,,,,,,,,,,,,,,,,,,,,,,,,,,,,,,,,
relative,C,T10_standalone,realized,c2c,primary,sleeve_T11_standalone,0.27744440532547315,0.6593774661090124,0.6693180776987574,0.2934410862003692,0.24092118023387632,1.6117310330981616,21.0,6.9690328969785185,0.8050502160498786,0.7168450469437155,1240.0,1233.0,,,,,,,,,,,,,,,,,,,,,,,,,,,,,,,,,,,,,,,,,,,,,,,,,
relative,C,T10_standalone,realized,c2c,primary,sleeve_S2_standalone,0.2124213239711866,0.4463145924234156,0.7656692394148359,-0.08209767456887984,0.1437576979299484,1.1363884875252461,21.0,5.823590831777252,0.35853940026042663,0.27095894769538115,1352.0,1120.0,,,,,,,,,,,,,,,,,,,,,,,,,,,,,,,,,,,,,,,,,,,,,,,,,
relative,C,T10_standalone,realized,c2c,primary,sleeve_S3_standalone,0.2232576604002706,0.5191250679122927,0.7268377317929502,0.038174999350619805,0.20454289214779142,1.1705123555900747,21.0,4.651997169760635,0.4562134759394588,0.3782138853638672,1470.0,995.0,,,,,,,,,,,,,,,,,,,,,,,,,,,,,,,,,,,,,,,,,,,,,,,,,
relative,C,T10_standalone,realized,c2c,primary,matched_exposure_levered_QQQ_1.70,0.27141224159874194,0.4491101489260906,0.7448732394136988,0.09610463953080846,0.03914441106166755,1.1976938605823855,21.0,4.9908623019394955,0.24566028388758046,0.022352415389832663,1400.0,1073.0,,,,,,,,,,,,,,,,,,,,,,,,,,,,,,,,,,,,,,,,,,,,,,,,,
relative,C,T10_standalone,realized,c2c,primary,long_legs_only,-0.09265232308135501,1.0884029842237533,0.4810606547006021,-0.10362570599737858,0.5784826417201525,-0.685521587166449,21.0,4.693011549092902,1.081047808963874,1.1187614255107097,1323.0,1150.0,,,,,,,,,,,,,,,,,,,,,,,,,,,,,,,,,,,,,,,,,,,,,,,,,
relative,C,T10_standalone,realized,c2c,primary,equal_weight_universe,0.37610807401645213,0.30208776094239964,0.7664241808392528,0.3152586434390943,0.018354934838189063,1.7418304319127242,21.0,4.941964699036203,0.22615559467914426,-0.11167087610675888,1770.0,699.0,,,,,,,,,,,,,,,,,,,,,,,,,,,,,,,,,,,,,,,,,,,,,,,,,
metrics,C,T10_standalone,realized,c2c,primary,,,,,,,,,,,,,,-0.125,2473.0,4.638026187433813,0.19272478813521987,0.7376308096255346,0.5888092569332306,0.7558537930414333,-0.7710440773246131,0.24995301021433286,0.434319752730685,50.523460109076495,0.5025612140311926,0.86421263839061,1.429654976974565,15.39673039323892,-0.06370637392208545,-0.09790799858810875,-1.0113073339651717,-1.554241293769193,-0.11822308487232759,-0.1603809042425239,-1.8767332907943666,-2.545967926016293,9.0,256.77777777777777,940.0,1360.0,550.0,True,43.411495992812235,0.44394873691321274,-1.4920319971187008,2.3545409116680056,0.21737173717371738,0.5254237288135594,0.3917236217208821,-0.03351860983498267,1.182870485086956,0.4716791904578834,0.0038145603590716273,0.014960451865521475,,,,,,,,
relative,D,portfolio,realized,c2c,primary,buy_hold_QQQ,0.16764810518707152,1.012475880995714,0.4679779594954283,0.3641305156089067,0.14971303805133762,1.1244491762199995,21.0,2.856975976704767,1.0096135228603167,0.8282705566131329,1398.0,1075.0,,,,,,,,,,,,,,,,,,,,,,,,,,,,,,,,,,,,,,,,,,,,,,,,,
relative,D,portfolio,realized,c2c,primary,buy_hold_TQQQ,0.17195223781126556,0.3423771882576024,0.6009876031944869,-0.41519855690244917,0.149612492236337,1.1577362926413224,21.0,2.943236028628693,0.3481913757168679,0.2859336455711648,1395.0,1078.0,,,,,,,,,,,,,,,,,,,,,,,,,,,,,,,,,,,,,,,,,,,,,,,,,
relative,D,portfolio,realized,c2c,primary,vol_targeted_QQQ_matched,0.2115709858185472,0.6304325685881484,0.4873515489671751,0.21783107507871327,0.11857899354181611,1.371776923761606,21.0,2.729099580168678,0.6939599845679094,0.5565921002120355,1396.0,1077.0,,,,,,,,,,,,,,,,,,,,,,,,,,,,,,,,,,,,,,,,,,,,,,,,,
relative,D,portfolio,realized,c2c,primary,naive_fast_1d_momentum,0.29225216063841236,0.2561961415194964,0.5797537076488101,0.007652552513462386,0.04105696094845335,1.7937671578334098,21.0,1.9558068740533567,0.33173116324623464,0.1459057269947919,1237.0,1232.0,,,,,,,,,,,,,,,,,,,,,,,,,,,,,,,,,,,,,,,,,,,,,,,,,
relative,D,portfolio,realized,c2c,primary,sleeve_T10_standalone,0.20650640946340676,0.4996895049475209,0.5078489727405148,0.042129792854126456,0.551698950187496,1.9738418463498366,21.0,2.5819866593757723,0.5510352060160606,0.4983137409401435,1266.0,1207.0,,,,,,,,,,,,,,,,,,,,,,,,,,,,,,,,,,,,,,,,,,,,,,,,,
relative,D,portfolio,realized,c2c,primary,sleeve_T11_standalone,0.2249387039249174,0.6996164643108358,0.3703935788554815,0.4143515583176431,0.5729583565307736,2.381821477414398,21.0,5.385175767663211,0.7676570146420345,0.6916756604393227,1240.0,1233.0,,,,,,,,,,,,,,,,,,,,,,,,,,,,,,,,,,,,,,,,,,,,,,,,,
relative,D,portfolio,realized,c2c,primary,sleeve_S2_standalone,0.06658996243831519,0.6532803092593421,0.37038154382774924,-0.2856295972402172,0.650645317582682,0.8169362441909643,21.0,3.790050995017618,0.6193441080820624,0.5904634690901132,1352.0,1120.0,,,,,,,,,,,,,,,,,,,,,,,,,,,,,,,,,,,,,,,,,,,,,,,,,
relative,D,portfolio,realized,c2c,primary,sleeve_S3_standalone,0.1259369786014901,0.6528979739781671,0.3623189460408495,-0.04191124248560549,0.6834822936573071,1.3469012250477166,21.0,1.6644995621679222,0.6385087264843459,0.5955388778123212,1470.0,995.0,,,,,,,,,,,,,,,,,,,,,,,,,,,,,,,,,,,,,,,,,,,,,,,,,
relative,D,portfolio,realized,c2c,primary,matched_exposure_levered_QQQ_1.70,0.17226784172144916,0.6040780759906894,0.485363175928773,0.059035189415266004,0.14960510338545774,1.1600259116834588,21.0,2.943191786839504,0.6122522818410823,0.5026658976792903,1400.0,1073.0,,,,,,,,,,,,,,,,,,,,,,,,,,,,,,,,,,,,,,,,,,,,,,,,,
relative,D,portfolio,realized,c2c,primary,long_legs_only,-0.07340123052718905,0.959970079766557,0.11460865201133702,-0.8095594484924399,0.9506540752213049,-2.0100791033911514,21.0,1.7764620137163831,0.9097910697347631,0.9302349571391407,1323.0,1150.0,,,,,,,,,,,,,,,,,,,,,,,,,,,,,,,,,,,,,,,,,,,,,,,,,
relative,D,portfolio,realized,c2c,primary,equal_weight_universe,0.3047851755030577,0.44942009101090524,0.5182929822246716,0.3833537925858397,0.08581985750095267,2.0279645979342353,21.0,2.4456336462570563,0.5648836211733644,0.3204940191474023,1770.0,699.0,,,,,,,,,,,,,,,,,,,,,,,,,,,,,,,,,,,,,,,,,,,,,,,,,
metrics,D,portfolio,realized,c2c,primary,,,,,,,,,,,,,,-0.25,2473.0,13.1019454036496,0.30952000454646256,0.5075090314550669,0.7712054692091538,0.941625122005557,-0.6432702767720913,0.48116633975321166,0.39138748558683606,39.879706488206615,0.37790248760419787,1.0356838031634286,1.0357713441083232,28.81217700007751,-0.04401384054661423,-0.07040014171577391,-0.6986980579871547,-1.117567603461851,-0.08156314931301434,-0.11870969325464528,-1.294774855376788,-1.884457959387319,11.0,167.9090909090909,134.0,190.0,104.0,True,23.49561172265057,1.3173523983973345,-0.7662455868550266,2.643253977232397,0.10486048604860486,0.559322033898305,0.518125730323858,0.0855662447552279,1.5166845931899444,0.5794362241353757,0.007761341088054273,0.023611636216129578,,,,,,,,
relative,D,T10_standalone,realized,c2c,primary,buy_hold_QQQ,0.25903590610070876,0.6492216881987543,0.7368758131187583,0.24633738707425396,0.02860711390448234,1.1108241561671375,21.0,4.914394990305878,0.2788323097668485,-0.0933422604931992,1398.0,1075.0,,,,,,,,,,,,,,,,,,,,,,,,,,,,,,,,,,,,,,,,,,,,,,,,,
relative,D,T10_standalone,realized,c2c,primary,buy_hold_TQQQ,0.26323978739190573,0.2172867568921044,0.8602798633479273,-0.2771356031949487,0.028004155885502313,1.1338842291880555,21.0,4.947189010974179,0.10310263311080137,-0.020512699444336247,1395.0,1078.0,,,,,,,,,,,,,,,,,,,,,,,,,,,,,,,,,,,,,,,,,,,,,,,,,
relative,D,T10_standalone,realized,c2c,primary,vol_targeted_QQQ_matched,0.3431850404481273,0.20796564043801824,0.7740113441314421,0.15151627874603485,0.005996687380149024,1.5320458459442947,21.0,5.152065286178942,0.20603527921677448,-0.03911235305622257,1396.0,1077.0,,,,,,,,,,,,,,,,,,,,,,,,,,,,,,,,,,,,,,,,,,,,,,,,,
relative,D,T10_standalone,realized,c2c,primary,naive_fast_1d_momentum,0.33731284389948035,0.16847008265674365,0.8130410719004767,0.019127695939790697,0.00825058918709598,1.4809653340223496,21.0,5.025931094061777,0.09125012351848222,-0.16813657803858698,1237.0,1232.0,,,,,,,,,,,,,,,,,,,,,,,,,,,,,,,,,,,,,,,,,,,,,,,,,
relative,D,T10_standalone,realized,c2c,primary,sleeve_T10_standalone,0.038098375531361584,0.9848975164414296,0.048150037215799205,0.6751932214351036,0.99605092110485,2.8591880407673886,21.0,5.695825468423592,0.9690540032444219,0.956818333422042,1266.0,1207.0,,,,,,,,,,,,,,,,,,,,,,,,,,,,,,,,,,,,,,,,,,,,,,,,,
relative,D,T10_standalone,realized,c2c,primary,sleeve_T11_standalone,0.24120233908154964,0.677975781880667,0.6685022185534968,0.24620436363393045,0.2500513086279572,1.3916048532006102,21.0,7.004339642497627,0.8247772917830237,0.7498155700164358,1240.0,1233.0,,,,,,,,,,,,,,,,,,,,,,,,,,,,,,,,,,,,,,,,,,,,,,,,,
relative,D,T10_standalone,realized,c2c,primary,sleeve_S2_standalone,0.19047613322451626,0.42645844120946064,0.7822825141978472,-0.12102651248519188,0.12885354101465774,0.9999489299255893,21.0,5.727740355427336,0.3301017391246004,0.24847037601494495,1352.0,1120.0,,,,,,,,,,,,,,,,,,,,,,,,,,,,,,,,,,,,,,,,,,,,,,,,,
relative,D,T10_standalone,realized,c2c,primary,sleeve_S3_standalone,0.19891456210784267,0.5007417339717194,0.7440425855688333,-0.005470426782518789,0.18683660162000226,1.0214340972891283,21.0,4.641798047132549,0.4293750268257491,0.35834849164855537,1470.0,995.0,,,,,,,,,,,,,,,,,,,,,,,,,,,,,,,,,,,,,,,,,,,,,,,,,
relative,D,T10_standalone,realized,c2c,primary,matched_exposure_levered_QQQ_1.70,0.2634366722704333,0.38338239109947,0.7608153019304162,0.052270917320488164,0.028004146384660866,1.1349980616017088,21.0,4.946924299966502,0.1794962392497966,-0.03907624535498625,1400.0,1073.0,,,,,,,,,,,,,,,,,,,,,,,,,,,,,,,,,,,,,,,,,,,,,,,,,
relative,D,T10_standalone,realized,c2c,primary,long_legs_only,-0.1167461224017571,1.072451023005309,0.5000190521263238,-0.1633287972733304,0.5513911746786737,-0.827773046558954,21.0,4.723938748962848,1.043257883920805,1.0865673949811963,1323.0,1150.0,,,,,,,,,,,,,,,,,,,,,,,,,,,,,,,,,,,,,,,,,,,,,,,,,
relative,D,T10_standalone,realized,c2c,primary,equal_weight_universe,0.35437639868721627,0.24974891954215162,0.7803745707585462,0.26885113250132414,0.012316514252116106,1.6070266200853578,21.0,4.9335366135668925,0.1633794195251595,-0.159083335135832,1770.0,699.0,,,,,,,,,,,,,,,,,,,,,,,,,,,,,,,,,,,,,,,,,,,,,,,,,
metrics,D,T10_standalone,realized,c2c,primary,,,,,,,,,,,,,,-0.25,2473.0,2.9274337037645015,0.1495821333282632,0.744461729962746,0.540667938919417,0.7133019795498489,-0.7787328305791364,0.19208402093054217,0.40250249230405283,53.11762169657655,0.4968537297083097,0.8101025880199226,1.3955978000309568,14.77342354038222,-0.0644524761037129,-0.09812674617846583,-1.0231513389165456,-1.5577138041130696,-0.11822396022234959,-0.16064997490316096,-1.8767471865451766,-2.5502392903351905,7.0,330.57142857142856,977.0,1416.0,587.0,True,45.52317822071502,0.32858455664722647,-1.503014245058723,2.248426934076211,0.23987398739873989,0.5254237288135594,0.3499376545307859,-0.05114393365799941,1.1264385306367424,0.3925548170662432,0.0028160547959530315,0.01342872584967074,,,,,,,,
relative,E,portfolio,realized,c2c,primary,buy_hold_QQQ,0.1636611454332629,1.0192675457317726,0.4676216790859719,0.359091423724282,0.15162376221028773,1.1001780870861169,21.0,2.8932860725298872,1.014650827854912,0.8372207054567085,1398.0,1075.0,,,,,,,,,,,,,,,,,,,,,,,,,,,,,,,,,,,,,,,,,,,,,,,,,
relative,E,portfolio,realized,c2c,primary,buy_hold_TQQQ,0.16797780134232598,0.3446993548645605,0.5998641498021587,-0.42012063368528235,0.1515443614467895,1.1335349531149108,21.0,2.979335303989901,0.34994529954331216,0.2889969055361646,1395.0,1078.0,,,,,,,,,,,,,,,,,,,,,,,,,,,,,,,,,,,,,,,,,,,,,,,,,
relative,E,portfolio,realized,c2c,primary,vol_targeted_QQQ_matched,0.20764237131529742,0.6354899174620721,0.4867359585336707,0.21299883203157824,0.12040608411820708,1.3482312773833571,21.0,2.750582551515509,0.6974538410315486,0.5625503884286034,1396.0,1077.0,,,,,,,,,,,,,,,,,,,,,,,,,,,,,,,,,,,,,,,,,,,,,,,,,
relative,E,portfolio,realized,c2c,primary,naive_fast_1d_momentum,0.28916772277115443,0.2577423756942464,0.5794771321525659,0.003365921461056256,0.04152540818156558,1.7754818467004378,21.0,1.956982475825925,0.3315058051876588,0.14731866011912986,1237.0,1232.0,,,,,,,,,,,,,,,,,,,,,,,,,,,,,,,,,,,,,,,,,,,,,,,,,
relative,E,portfolio,realized,c2c,primary,sleeve_T10_standalone,0.20433783056699562,0.49883126380953624,0.5089842865208092,0.03715134503393424,0.5494265681721785,1.9456863078539115,21.0,2.5736615025198564,0.5480453936848204,0.4957013662054348,1266.0,1207.0,,,,,,,,,,,,,,,,,,,,,,,,,,,,,,,,,,,,,,,,,,,,,,,,,
relative,E,portfolio,realized,c2c,primary,sleeve_T11_standalone,0.22258851549320735,0.6990451126557404,0.3710977288309037,0.406865964628589,0.5716287298894421,2.351227144950686,21.0,5.364512995314412,0.7663949685181483,0.6912011470986034,1240.0,1233.0,,,,,,,,,,,,,,,,,,,,,,,,,,,,,,,,,,,,,,,,,,,,,,,,,
relative,E,portfolio,realized,c2c,primary,sleeve_S2_standalone,0.06354327726377872,0.6544077976031244,0.36942475403312547,-0.293099071418409,0.6524432297251188,0.7820787201796674,21.0,3.7763290517906154,0.6202371654776195,0.5923624718339203,1352.0,1120.0,,,,,,,,,,,,,,,,,,,,,,,,,,,,,,,,,,,,,,,,,,,,,,,,,
relative,E,portfolio,realized,c2c,primary,sleeve_S3_standalone,0.12307423841426399,0.6538243002877303,0.3615073272307831,-0.048882434879996745,0.6849507841249225,1.3198828674235308,21.0,1.6100362439929823,0.6396331519327056,0.597654082240878,1470.0,995.0,,,,,,,,,,,,,,,,,,,,,,,,,,,,,,,,,,,,,,,,,,,,,,,,,
relative,E,portfolio,realized,c2c,primary,matched_exposure_levered_QQQ_1.70,0.16829552243934473,0.608175288252546,0.4846542536090439,0.05399186255756102,0.1515369093219766,1.1358400593108284,21.0,2.9792835537740348,0.6153451866806955,0.5080742407882153,1400.0,1073.0,,,,,,,,,,,,,,,,,,,,,,,,,,,,,,,,,,,,,,,,,,,,,,,,,
relative,E,portfolio,realized,c2c,primary,long_legs_only,-0.07633930724316167,0.9609035443267265,0.11321093947841973,-0.8415144219368786,0.9518474174082229,-2.132813713780855,21.0,2.2469993790783285,0.9108910921275436,0.9326086567156723,1323.0,1150.0,,,,,,,,,,,,,,,,,,,,,,,,,,,,,,,,,,,,,,,,,,,,,,,,,
relative,E,portfolio,realized,c2c,primary,equal_weight_universe,0.30207212600536676,0.45059772872380643,0.5182156599158771,0.3786135279295684,0.0862107541963294,2.0104604845313045,21.0,2.4596484213366168,0.5645607002868456,0.3222103168819679,1770.0,699.0,,,,,,,,,,,,,,,,,,,,,,,,,,,,,,,,,,,,,,,,,,,,,,,,,
metrics,E,portfolio,realized,c2c,primary,,,,,,,,,,,,,,-0.25,2473.0,12.750542847727537,0.3061570246995031,0.5076838398826206,0.7660426415219425,0.9282351346167497,-0.642854480608602,0.4762462329105317,0.3889013644094828,40.56495856167222,0.37752213410609553,1.030141889111565,1.0355592293973428,28.780139534665103,-0.04401575764662693,-0.07040880554543842,-0.6987284910063869,-1.1177051374940132,-0.08155555579221704,-0.11876939028119059,-1.2946543119711578,-1.8854056203048124,11.0,167.9090909090909,134.0,190.0,104.0,True,23.58900408129991,1.2978802481203855,-0.7831972007457463,2.633438506095395,0.11026102610261027,0.5508474576271186,0.5068307940162254,0.08139212133672613,1.4941747243319359,0.577397980716672,0.007547327436167418,0.02288268415720242,,,,,,,,
relative,E,T10_standalone,realized,c2c,primary,buy_hold_QQQ,0.24309838591312874,0.7099507024766016,0.7314457867930914,0.24472433991287518,0.03442075206419948,1.052792064123844,21.0,4.920786077691563,0.3424109748387044,-0.01148967671189419,1398.0,1075.0,,,,,,,,,,,,,,,,,,,,,,,,,,,,,,,,,,,,,,,,,,,,,,,,,
relative,E,T10_standalone,realized,c2c,primary,buy_hold_TQQQ,0.24744754028752952,0.2379989222250336,0.8503292924794439,-0.2833392381318188,0.03380507579616232,1.0763104548586997,21.0,4.9554380009697265,0.12481466305479726,0.007189186309665306,1395.0,1078.0,,,,,,,,,,,,,,,,,,,,,,,,,,,,,,,,,,,,,,,,,,,,,,,,,
relative,E,T10_standalone,realized,c2c,primary,vol_targeted_QQQ_matched,0.3266032067544958,0.25727496276734046,0.7668839938548807,0.14964172474935028,0.009234199302869506,1.4673658013139077,21.0,5.1515681034405345,0.2492860723185625,0.014769989959460448,1396.0,1077.0,,,,,,,,,,,,,,,,,,,,,,,,,,,,,,,,,,,,,,,,,,,,,,,,,
relative,E,T10_standalone,realized,c2c,primary,naive_fast_1d_momentum,0.3289040973500101,0.18369493846256232,0.8079144519642874,0.0161330538540134,0.009869831261189455,1.4482023140929359,21.0,5.002487056370906,0.10224265563458251,-0.15249636471145683,1237.0,1232.0,,,,,,,,,,,,,,,,,,,,,,,,,,,,,,,,,,,,,,,,,,,,,,,,,
relative,E,T10_standalone,realized,c2c,primary,sleeve_T10_standalone,0.03796858274692372,0.978444180098319,0.0791140873826088,0.3791120479972896,0.9891166856385055,1.6666560639332908,21.0,3.16923648606639,0.9476789789494263,0.9339133101087602,1266.0,1207.0,,,,,,,,,,,,,,,,,,,,,,,,,,,,,,,,,,,,,,,,,,,,,,,,,
relative,E,T10_standalone,realized,c2c,primary,sleeve_T11_standalone,0.24101576522654491,0.6681785527616056,0.6703718740790716,0.24176236284164213,0.24437782555046617,1.3872840419577954,21.0,6.929800562197102,0.8099215304524455,0.7345596584438391,1240.0,1233.0,,,,,,,,,,,,,,,,,,,,,,,,,,,,,,,,,,,,,,,,,,,,,,,,,
relative,E,T10_standalone,realized,c2c,primary,sleeve_S2_standalone,0.18156498843250274,0.4393183254471895,0.7736035198216669,-0.12563851770066506,0.13758704056471371,0.958980873073083,21.0,5.734557057091883,0.34663725598864475,0.26872534167078344,1352.0,1120.0,,,,,,,,,,,,,,,,,,,,,,,,,,,,,,,,,,,,,,,,,,,,,,,,,
relative,E,T10_standalone,realized,c2c,primary,sleeve_S3_standalone,0.19217384586061145,0.5111291529095584,0.7359455111069715,-0.008951349569915312,0.19587168012593448,0.9919527960213759,21.0,4.636618544989107,0.4446332382172673,0.3768148833765855,1470.0,995.0,,,,,,,,,,,,,,,,,,,,,,,,,,,,,,,,,,,,,,,,,,,,,,,,,
relative,E,T10_standalone,realized,c2c,primary,matched_exposure_levered_QQQ_1.70,0.24766375246887895,0.4199255481735694,0.7534707629458287,0.049439262315672534,0.03380481581673678,1.0774992132513534,21.0,4.9551418866203045,0.2177823535779748,0.009831359129826505,1400.0,1073.0,,,,,,,,,,,,,,,,,,,,,,,,,,,,,,,,,,,,,,,,,,,,,,,,,
relative,E,T10_standalone,realized,c2c,primary,long_legs_only,-0.12421638134207966,1.082680454539251,0.4910997008152487,-0.17142137391794451,0.5654333639598832,-0.8959178413509762,21.0,4.796741211178117,1.063402708026911,1.1119295829430682,1323.0,1150.0,,,,,,,,,,,,,,,,,,,,,,,,,,,,,,,,,,,,,,,,,,,,,,,,,
relative,E,T10_standalone,realized,c2c,primary,equal_weight_universe,0.3503949253883043,0.2573462945662515,0.7771211495515078,0.2667371904578857,0.01315807565135485,1.5935045486398178,21.0,4.919539785795098,0.17201862522096065,-0.14693970796520273,1770.0,699.0,,,,,,,,,,,,,,,,,,,,,,,,,,,,,,,,,,,,,,,,,,,,,,,,,
metrics,E,T10_standalone,realized,c2c,primary,,,,,,,,,,,,,,-0.25,2473.0,2.8964218808333917,0.14865385167774314,0.7421711479517634,0.5389441326937094,0.706147477082452,-0.7812069506017365,0.1902874155986967,0.39998501725715463,52.61496302984545,0.5011910703522225,0.798068922050141,1.410615286887519,15.00444543555817,-0.06460310836058487,-0.09820244975402288,-1.0255425518631915,-1.5589155611187637,-0.11822496283329331,-0.16081717221739442,-1.8767631025004898,-2.552893465415228,6.0,391.5,1165.0,1686.0,775.0,True,45.51857191875224,0.32657846107975624,-1.5034438834706139,2.3364355490452837,0.23177317731773178,0.5254237288135594,0.3524206460368871,-0.04897597697431355,1.1028354707701138,0.3871408817795092,0.002825315140740864,0.013421039119269076,,,,,,,,
relative,F,portfolio,realized,c2c,primary,buy_hold_QQQ,0.17631098645514245,1.0653827656178672,0.4653626812441766,0.4099156132698362,0.16478352579618116,1.1996269025353588,21.0,3.029447838848983,1.066198122652789,0.8767616313517735,1398.0,1075.0,,,,,,,,,,,,,,,,,,,,,,,,,,,,,,,,,,,,,,,,,,,,,,,,,
relative,F,portfolio,realized,c2c,primary,buy_hold_TQQQ,0.1807904829166324,0.36034540254107106,0.5923784140484679,-0.3868723217072427,0.16474353954076015,1.2347452173314521,21.0,3.116177646568696,0.36730365232116424,0.30215687072676545,1395.0,1078.0,,,,,,,,,,,,,,,,,,,,,,,,,,,,,,,,,,,,,,,,,,,,,,,,,
relative,F,portfolio,realized,c2c,primary,vol_targeted_QQQ_matched,0.22237268716855713,0.6639240193337393,0.48363584724340364,0.261590793495403,0.13073125958130893,1.4556951949947632,21.0,2.8967677342241287,0.7320320199897814,0.5881475458497192,1396.0,1077.0,,,,,,,,,,,,,,,,,,,,,,,,,,,,,,,,,,,,,,,,,,,,,,,,,
relative,F,portfolio,realized,c2c,primary,naive_fast_1d_momentum,0.30695512576337364,0.27080111649968547,0.5770161957001246,0.042964078075840496,0.04559893899900458,1.892939634641169,21.0,2.1142801863112632,0.3476145641360054,0.15249046428450838,1237.0,1232.0,,,,,,,,,,,,,,,,,,,,,,,,,,,,,,,,,,,,,,,,,,,,,,,,,
relative,F,portfolio,realized,c2c,primary,sleeve_T10_standalone,0.2291711351791138,0.49344517246191616,0.5162915142468297,0.08086506181313391,0.5348003917863098,2.162526699450767,21.0,2.861802685468205,0.539537551132984,0.4799764872183609,1266.0,1207.0,,,,,,,,,,,,,,,,,,,,,,,,,,,,,,,,,,,,,,,,,,,,,,,,,
relative,F,portfolio,realized,c2c,primary,sleeve_T11_standalone,0.24741482030663395,0.6906983667745008,0.3796157926373095,0.45790384159839875,0.5551266533361323,2.5728863647223683,21.0,5.312743459029386,0.7596954474637531,0.6756527848516104,1240.0,1233.0,,,,,,,,,,,,,,,,,,,,,,,,,,,,,,,,,,,,,,,,,,,,,,,,,
relative,F,portfolio,realized,c2c,primary,sleeve_S2_standalone,0.08199633976135541,0.6632324426350105,0.36180948718302025,-0.2361396287960905,0.6666362142664795,1.025371149786909,21.0,3.9822811148186146,0.634392363480704,0.6011642164220061,1352.0,1120.0,,,,,,,,,,,,,,,,,,,,,,,,,,,,,,,,,,,,,,,,,,,,,,,,,
relative,F,portfolio,realized,c2c,primary,sleeve_S3_standalone,0.1425806824670527,0.6620246790344926,0.3539439446637677,0.014604391638034663,0.6985495084037299,1.5534478737778616,21.0,1.7679697910636445,0.6522086249510856,0.604480625830602,1470.0,995.0,,,,,,,,,,,,,,,,,,,,,,,,,,,,,,,,,,,,,,,,,,,,,,,,,
relative,F,portfolio,realized,c2c,primary,matched_exposure_levered_QQQ_1.70,0.1811221266943684,0.6357819937299105,0.48002215893552064,0.10209503729006147,0.1647361509746169,1.2371904315577764,21.0,3.116158030311267,0.6459548366579246,0.5313085340253249,1400.0,1073.0,,,,,,,,,,,,,,,,,,,,,,,,,,,,,,,,,,,,,,,,,,,,,,,,,
relative,F,portfolio,realized,c2c,primary,long_legs_only,-0.057106744255640336,0.9683553306004075,0.10108707573908993,-0.7164926217795885,0.9615875267469847,-1.7595559989464817,21.0,1.9598610150500269,0.9299788066118325,0.946019899644111,1323.0,1150.0,,,,,,,,,,,,,,,,,,,,,,,,,,,,,,,,,,,,,,,,,,,,,,,,,
relative,F,portfolio,realized,c2c,primary,equal_weight_universe,0.32009119832088473,0.47561835387149476,0.5142303607783647,0.42596464601064155,0.09554594045578979,2.1545006172861383,21.0,2.5522953453243007,0.598633402994068,0.34318493606713124,1770.0,699.0,,,,,,,,,,,,,,,,,,,,,,,,,,,,,,,,,,,,,,,,,,,,,,,,,
metrics,F,portfolio,realized,c2c,primary,,,,,,,,,,,,,,0.0,2473.0,16.086059448794742,0.33538612323437533,0.5090227121234693,0.8088989831990427,0.973014812776816,-0.6391901160882716,0.524704801893493,0.41174185877726366,40.4326034462864,0.3776524426443489,1.0902666374781487,1.020619256414532,28.412002532051723,-0.0441852518610556,-0.07042158877940095,-0.701419128246642,-1.1179080650421092,-0.08155757581733007,-0.11855386580126036,-1.2946863788757048,-1.881984275252761,12.0,149.91666666666666,133.0,189.0,114.0,True,22.804893190939968,1.4706761414152076,-0.7560439770687116,2.6999343266580484,0.09855985598559856,0.5847457627118644,0.5557288972515665,0.09983655662775504,1.5584468257078479,0.6211284799598351,0.008294942562378565,0.024065104144714286,,,,,,,,
relative,F,T10_standalone,realized,c2c,primary,buy_hold_QQQ,0.2815533634841445,0.8363327760743205,0.7171462704726089,0.3421697814645178,0.04875837278319706,1.2563201054822486,21.0,4.986657090344987,0.4700977767786423,0.07588615774076855,1398.0,1075.0,,,,,,,,,,,,,,,,,,,,,,,,,,,,,,,,,,,,,,,,,,,,,,,,,
relative,F,T10_standalone,realized,c2c,primary,buy_hold_TQQQ,0.28639151760482773,0.2808113800820036,0.8268654850746903,-0.21109655893523427,0.048038378706658724,1.2833038455128685,21.0,5.02720486248093,0.16774732019015182,0.03616105079228904,1395.0,1078.0,,,,,,,,,,,,,,,,,,,,,,,,,,,,,,,,,,,,,,,,,,,,,,,,,
relative,F,T10_standalone,realized,c2c,primary,vol_targeted_QQQ_matched,0.37416506061802207,0.3232621588005527,0.7528368852370907,0.2406112696733522,0.014881302124255202,1.723588775095429,21.0,5.304429553203388,0.33480880405762253,0.0711225640619593,1396.0,1077.0,,,,,,,,,,,,,,,,,,,,,,,,,,,,,,,,,,,,,,,,,,,,,,,,,
relative,F,T10_standalone,realized,c2c,primary,naive_fast_1d_momentum,0.381143879185365,0.22024586475511185,0.7935629386115328,0.10007690479175195,0.01448297811879018,1.7150675533757311,21.0,5.141687334743833,0.14496459843839507,-0.14217291995995407,1237.0,1232.0,,,,,,,,,,,,,,,,,,,,,,,,,,,,,,,,,,,,,,,,,,,,,,,,,
relative,F,T10_standalone,realized,c2c,primary,sleeve_T10_standalone,0.11218656761807598,0.9572686103271667,0.13839782887610055,0.6963714659862988,0.9664292289124728,3.0243029811702864,21.0,6.618384744515424,0.9171041994868485,0.8817536100143322,1266.0,1207.0,,,,,,,,,,,,,,,,,,,,,,,,,,,,,,,,,,,,,,,,,,,,,,,,,
relative,F,T10_standalone,realized,c2c,primary,sleeve_T11_standalone,0.3133817367225291,0.6430317857279118,0.673316566665751,0.3392963946839278,0.23103012641775433,1.8252252995005651,21.0,6.957006379917737,0.7887183904702871,0.6874856588912854,1240.0,1233.0,,,,,,,,,,,,,,,,,,,,,,,,,,,,,,,,,,,,,,,,,,,,,,,,,
relative,F,T10_standalone,realized,c2c,primary,sleeve_S2_standalone,0.23717060966383186,0.4609957595800862,0.7551372179918598,-0.040802126413043156,0.15464637767237666,1.2830002274647971,21.0,5.922284047708678,0.38098504515615034,0.2862981225967902,1352.0,1120.0,,,,,,,,,,,,,,,,,,,,,,,,,,,,,,,,,,,,,,,,,,,,,,,,,
relative,F,T10_standalone,realized,c2c,primary,sleeve_S3_standalone,0.2496442578690142,0.5330508972437985,0.7157539466334668,0.0835419630413943,0.21745765579883358,1.3260587886578006,21.0,4.6592393918470085,0.4762686756853144,0.3897996254946658,1470.0,995.0,,,,,,,,,,,,,,,,,,,,,,,,,,,,,,,,,,,,,,,,,,,,,,,,,
relative,F,T10_standalone,realized,c2c,primary,matched_exposure_levered_QQQ_1.70,0.28664468769179785,0.49546922945902755,0.7352265548104487,0.14095550998413103,0.04803904392459979,1.284739952882631,21.0,5.026868526731923,0.29348568805578773,0.060977104237623606,1400.0,1073.0,,,,,,,,,,,,,,,,,,,,,,,,,,,,,,,,,,,,,,,,,,,,,,,,,
relative,F,T10_standalone,realized,c2c,primary,long_legs_only,-0.06579892284816995,1.0991328096053563,0.47035090249813455,-0.03784789198697948,0.5948509808337574,-0.4984701712485044,21.0,4.648602841314074,1.1098841114313773,1.1400566405661234,1323.0,1150.0,,,,,,,,,,,,,,,,,,,,,,,,,,,,,,,,,,,,,,,,,,,,,,,,,
relative,F,T10_standalone,realized,c2c,primary,equal_weight_universe,0.39923781437004874,0.348371188129831,0.7568277685885404,0.3616018316530215,0.024613195433428436,1.879599761477296,21.0,4.941746160261373,0.284636653354284,-0.06946406867505536,1770.0,699.0,,,,,,,,,,,,,,,,,,,,,,,,,,,,,,,,,,,,,,,,,,,,,,,,,
metrics,F,T10_standalone,realized,c2c,primary,,,,,,,,,,,,,,0.0,2473.0,6.887262370296578,0.2342333016870719,0.7345823751144347,0.6348811988323185,0.7930755421809735,-0.7630601706111598,0.3069657029791855,0.46636821254786837,56.48940706319183,0.5058056427280726,0.9220304661539604,1.4361439340973987,15.654755121620722,-0.06312466058439099,-0.0977273044422195,-1.0020729210099586,-1.551372863128864,-0.11822277067995354,-0.1600524441552836,-1.8767283031450532,-2.540753783777603,10.0,226.8,818.0,1185.0,428.0,True,41.692971418686795,0.561805248503081,-1.4836736421539103,2.461210520642119,0.20252025202520252,0.5169491525423728,0.425292718513731,-0.017701671357914117,1.2443710314243681,0.5504971012809461,0.004146499562741861,0.014039367439169618,,,,,,,,
relative,B_all,portfolio,realized,c2c,primary,buy_hold_QQQ,0.17600369441067568,1.15202715290327,0.4564962165427451,0.4591473411493678,0.19391501264877642,1.2485837232827206,21.0,3.7929821558795926,1.1199592346121054,0.9233711271918544,1398.0,1075.0,,,,,,,,,,,,,,,,,,,,,,,,,,,,,,,,,,,,,,,,,,,,,,,,,
relative,B_all,portfolio,realized,c2c,primary,buy_hold_TQQQ,0.1808522811158591,0.3896437463684236,0.5744516495562432,-0.366149557302901,0.1938605263698907,1.2882086595267794,21.0,3.885284674234798,0.38553358874372273,0.317839092383825,1395.0,1078.0,,,,,,,,,,,,,,,,,,,,,,,,,,,,,,,,,,,,,,,,,,,,,,,,,
relative,B_all,portfolio,realized,c2c,primary,vol_targeted_QQQ_matched,0.22805209593553663,0.7100633343785859,0.4745074702945875,0.3063266425462785,0.15049442233413413,1.56541341647493,21.0,3.8392198791083954,0.7683464256741577,0.618650708766704,1396.0,1077.0,,,,,,,,,,,,,,,,,,,,,,,,,,,,,,,,,,,,,,,,,,,,,,,,,
relative,B_all,portfolio,realized,c2c,primary,naive_fast_1d_momentum,0.3116239932034808,0.3074226313358802,0.5652365627657736,0.07718991826155096,0.059143776583512775,1.9646682111300375,21.0,3.2506500398462177,0.36257006114414425,0.15909291817931265,1237.0,1232.0,,,,,,,,,,,,,,,,,,,,,,,,,,,,,,,,,,,,,,,,,,,,,,,,,
relative,B_all,portfolio,realized,c2c,primary,sleeve_T10_standalone,0.24472381016527847,0.5023289347512544,0.5047676770853677,0.12003450925833505,0.5577940052961291,2.457903719109619,21.0,3.34434711116339,0.5432569675509239,0.4788620714108893,1266.0,1207.0,,,,,,,,,,,,,,,,,,,,,,,,,,,,,,,,,,,,,,,,,,,,,,,,,
relative,B_all,portfolio,realized,c2c,primary,sleeve_T11_standalone,0.27221457419553524,0.6656466655223015,0.3969365525529462,0.48538519251031015,0.5189031275628826,2.8235568344944433,21.0,5.891103521907227,0.7462735845400874,0.6542356578149218,1240.0,1233.0,,,,,,,,,,,,,,,,,,,,,,,,,,,,,,,,,,,,,,,,,,,,,,,,,
relative,B_all,portfolio,realized,c2c,primary,sleeve_S2_standalone,0.11070802204292887,0.6433762564108242,0.38058417481292145,-0.1749887862147538,0.6313511596487709,1.3138673361945699,21.0,5.286925264480781,0.6281702112811546,0.5875699587146042,1352.0,1120.0,,,,,,,,,,,,,,,,,,,,,,,,,,,,,,,,,,,,,,,,,,,,,,,,,
relative,B_all,portfolio,realized,c2c,primary,sleeve_S3_standalone,0.1605356323233205,0.6642005390698237,0.34903279329820974,0.0687864625961183,0.7076700653335308,1.8796867854784092,21.0,1.242930166118396,0.6561626849936435,0.6028975608932552,1470.0,995.0,,,,,,,,,,,,,,,,,,,,,,,,,,,,,,,,,,,,,,,,,,,,,,,,,
relative,B_all,portfolio,realized,c2c,primary,matched_exposure_levered_QQQ_1.70,0.18121139278390372,0.6874736747246459,0.46674341407270215,0.1453635410081116,0.19385104964862576,1.2909858998561916,21.0,3.8850786880997434,0.6781407270541793,0.559044506694318,1400.0,1073.0,,,,,,,,,,,,,,,,,,,,,,,,,,,,,,,,,,,,,,,,,,,,,,,,,
relative,B_all,portfolio,realized,c2c,primary,long_legs_only,-0.04237851559339525,0.9768469069270275,0.06364711920591304,-0.8419634603683422,0.9848177841916502,-2.2103853007861076,21.0,1.3137040776140154,0.9442240270541733,0.9552736220744237,1323.0,1150.0,,,,,,,,,,,,,,,,,,,,,,,,,,,,,,,,,,,,,,,,,,,,,,,,,
relative,B_all,portfolio,realized,c2c,primary,equal_weight_universe,0.3329445558240855,0.5066837548494718,0.5059429280474832,0.4701786221425365,0.10913210554627051,2.3289044539867665,21.0,3.3254167620751724,0.6180914073267954,0.3506361158824201,1770.0,699.0,,,,,,,,,,,,,,,,,,,,,,,,,,,,,,,,,,,,,,,,,,,,,,,,,
metrics,B_all,portfolio,realized,c2c,primary,,,,,,,,,,,,,,-0.125,2473.0,19.722862834342802,0.3619053370327876,0.5073939238749656,0.8486260543540964,0.9945070526462987,-0.5976775373046834,0.6055193887072519,0.4305814539725091,39.47404563540846,0.3755380256533122,1.146572183265435,1.0337942635636383,28.746324715897877,-0.043365159158315736,-0.06990021504418817,-0.688400560185831,-1.109631513581146,-0.08125298400538,-0.11842855768858966,-1.2898511337608662,-1.8799950706324478,11.0,149.0909090909091,96.0,136.0,77.0,True,22.158504294682707,1.6332570656388241,-0.7396923766536446,2.6758621989047797,0.09945994599459947,0.5677966101694916,0.553347534636546,0.0934431058836811,1.6709817009095294,0.6959793913515717,0.00916818459337637,0.02519394798880761,,,,,,,,
relative,B_all,T10_standalone,realized,c2c,primary,buy_hold_QQQ,0.2650459541305936,0.7667900545149344,0.7243055947053523,0.29477979358534323,0.040603921969083134,1.1645053044368396,21.0,4.934882304696609,0.399249721655193,0.022060137323618,1398.0,1075.0,,,,,,,,,,,,,,,,,,,,,,,,,,,,,,,,,,,,,,,,,,,,,,,,,
relative,B_all,T10_standalone,realized,c2c,primary,buy_hold_TQQQ,0.2696118923961481,0.2572583904086332,0.8392136206714819,-0.2459726373151188,0.03994129141194036,1.1896816732026265,21.0,4.972352773979593,0.143901119328891,0.018262428462059974,1395.0,1078.0,,,,,,,,,,,,,,,,,,,,,,,,,,,,,,,,,,,,,,,,,,,,,,,,,
relative,B_all,T10_standalone,realized,c2c,primary,vol_targeted_QQQ_matched,0.3532577979554818,0.284809068445844,0.7601060209768239,0.1963751184028915,0.011443605969875037,1.6069662426523483,21.0,5.211776461707101,0.28730669178287677,0.03630833418921007,1396.0,1077.0,,,,,,,,,,,,,,,,,,,,,,,,,,,,,,,,,,,,,,,,,,,,,,,,,
relative,B_all,T10_standalone,realized,c2c,primary,naive_fast_1d_momentum,0.35676307326106305,0.2008782312461126,0.8006689458938547,0.05937809122203469,0.011935267930118676,1.588744242998021,21.0,5.058949395259514,0.12247101950588618,-0.1496727603373391,1237.0,1232.0,,,,,,,,,,,,,,,,,,,,,,,,,,,,,,,,,,,,,,,,,,,,,,,,,
relative,B_all,T10_standalone,realized,c2c,primary,sleeve_T10_standalone,0.07554452502442428,0.9701524423060304,0.0978678478989588,0.6590639461553303,0.983346226101723,2.8575687732081225,21.0,5.839528970862378,0.9377910751020507,0.9134308212558458,1266.0,1207.0,,,,,,,,,,,,,,,,,,,,,,,,,,,,,,,,,,,,,,,,,,,,,,,,,
relative,B_all,T10_standalone,realized,c2c,primary,sleeve_T11_standalone,0.2776845407485485,0.6590966736408703,0.6698928247461466,0.29344806712833355,0.24045070020259907,1.611901573572348,21.0,6.950682743516406,0.8045249098278464,0.7162107393608796,1240.0,1233.0,,,,,,,,,,,,,,,,,,,,,,,,,,,,,,,,,,,,,,,,,,,,,,,,,
relative,B_all,T10_standalone,realized,c2c,primary,sleeve_S2_standalone,0.21163548662837858,0.4482438119000755,0.7650717062762811,-0.08193523908831371,0.1448433527316454,1.1312668942710293,21.0,5.804577861175002,0.3614439986216981,0.2742997855764216,1352.0,1120.0,,,,,,,,,,,,,,,,,,,,,,,,,,,,,,,,,,,,,,,,,,,,,,,,,
relative,B_all,T10_standalone,realized,c2c,primary,sleeve_S3_standalone,0.2227250961282154,0.5208612767229539,0.7262640738434658,0.038443813780948986,0.20568639179346038,1.1662078445150412,21.0,4.624534947459313,0.4586732550559773,0.3811167832597987,1470.0,995.0,,,,,,,,,,,,,,,,,,,,,,,,,,,,,,,,,,,,,,,,,,,,,,,,,
relative,B_all,T10_standalone,realized,c2c,primary,matched_exposure_levered_QQQ_1.70,0.2698446689682814,0.4539095435369791,0.7445958463774897,0.09637322769196449,0.03994143644043302,1.1909864014374216,21.0,4.972038462244287,0.2514378649617244,0.02937963312559851,1400.0,1073.0,,,,,,,,,,,,,,,,,,,,,,,,,,,,,,,,,,,,,,,,,,,,,,,,,
relative,B_all,T10_standalone,realized,c2c,primary,long_legs_only,-0.09352535181554615,1.0905641251448812,0.4804907340238069,-0.10338788155906453,0.5801420233769703,-0.6912775458714304,21.0,4.660888723317489,1.0846780347152947,1.123067889128967,1323.0,1150.0,,,,,,,,,,,,,,,,,,,,,,,,,,,,,,,,,,,,,,,,,,,,,,,,,
relative,B_all,T10_standalone,realized,c2c,primary,equal_weight_universe,0.3763133800465732,0.3019218268152937,0.7668394465579184,0.315313954579499,0.01831456612804927,1.7411981167708737,21.0,4.924317157024648,0.22651318565278475,-0.1114294373825923,1770.0,699.0,,,,,,,,,,,,,,,,,,,,,,,,,,,,,,,,,,,,,,,,,,,,,,,,,
metrics,B_all,T10_standalone,realized,c2c,primary,,,,,,,,,,,,,,-0.125,2473.0,4.631128342305838,0.19257600910058126,0.738037532494596,0.5887195104711679,0.7555392284944932,-0.7728150365450257,0.24918770985812905,0.43449308360211464,55.843035063868044,0.5029953137172675,0.8638113949632983,1.4276276780775663,15.362877599321427,-0.06380807904117991,-0.09795738713536659,-1.0129218526782886,-1.5550253126511469,-0.1182254894643215,-0.16047014323313832,-1.8767714625088894,-2.5473845510747903,9.0,256.77777777777777,940.0,1360.0,550.0,True,43.54111797027347,0.4422854030345692,-1.4930472761146274,2.3625158016185503,0.21962196219621963,0.5254237288135594,0.39664481174662025,-0.03133619547619926,1.1760450424206284,0.46799999866061204,0.0034485233275793627,0.013529694932060516,,,,,,,,
relative,A,portfolio,realized,o2o,primary,buy_hold_QQQ,0.2872632919552906,1.103343049085339,0.440998889778628,0.7036140676623026,0.18539779032128467,2.3470066595382106,21.0,2.5613736292158764,1.0783681424664717,0.7669415105879785,1442.0,1031.0,,,,,,,,,,,,,,,,,,,,,,,,,,,,,,,,,,,,,,,,,,,,,,,,,
relative,A,portfolio,realized,o2o,primary,buy_hold_TQQQ,0.29103677846614173,0.3769870469453802,0.5622950093547402,-0.19396649081629505,0.18888480202972524,2.419074158436007,21.0,2.788493189411977,0.36277009259415566,0.25478548787885624,1436.0,1037.0,,,,,,,,,,,,,,,,,,,,,,,,,,,,,,,,,,,,,,,,,,,,,,,,,
relative,A,portfolio,realized,o2o,primary,vol_targeted_QQQ_matched,0.3396357869515811,0.6336010701149238,0.466001793662884,0.4887017446786569,0.1331050783988741,2.6047566626054457,21.0,3.0333689247495883,0.7126000300761878,0.4934594904686405,1437.0,1036.0,,,,,,,,,,,,,,,,,,,,,,,,,,,,,,,,,,,,,,,,,,,,,,,,,
relative,A,portfolio,realized,o2o,primary,naive_fast_1d_momentum,0.42968565116461893,0.33939243448804923,0.5348450932287256,0.4268842736045882,0.07192943231277871,3.1920026460366526,21.0,2.528688251483612,0.39112004039146203,0.1159796346588269,1258.0,1213.0,,,,,,,,,,,,,,,,,,,,,,,,,,,,,,,,,,,,,,,,,,,,,,,,,
relative,A,portfolio,realized,o2o,primary,sleeve_T10_standalone,0.38235985080117796,0.5271737348337016,0.45968258933686523,0.537596090969588,0.5785765540714481,4.479975345377681,21.0,3.7350621526970356,0.583456643525328,0.4813361308027782,1235.0,1238.0,,,,,,,,,,,,,,,,,,,,,,,,,,,,,,,,,,,,,,,,,,,,,,,,,
relative,A,portfolio,realized,o2o,primary,sleeve_T11_standalone,0.23051241495462163,0.7018422019020555,0.35093191266616114,0.290510673048599,0.5895214960626285,2.4681857053557557,21.0,2.4256009201663,0.7461148753599622,0.6675541156821189,1259.0,1214.0,,,,,,,,,,,,,,,,,,,,,,,,,,,,,,,,,,,,,,,,,,,,,,,,,
relative,A,portfolio,realized,o2o,primary,sleeve_S2_standalone,0.06459211285649359,0.6652234653195217,0.3546180902581894,-0.48279211792905075,0.6323702082588307,0.7622658607325025,21.0,2.7956881472939763,0.6284345988201724,0.5956612215382402,1374.0,1099.0,,,,,,,,,,,,,,,,,,,,,,,,,,,,,,,,,,,,,,,,,,,,,,,,,
relative,A,portfolio,realized,o2o,primary,sleeve_S3_standalone,0.09590416727112447,0.66633142714425,0.33711500819209145,-0.3649909683293615,0.6980733987202214,1.102481938783206,21.0,0.5723432660063251,0.663431175471931,0.6257182752693974,1484.0,981.0,,,,,,,,,,,,,,,,,,,,,,,,,,,,,,,,,,,,,,,,,,,,,,,,,
relative,A,portfolio,realized,o2o,primary,matched_exposure_levered_QQQ_1.70,0.29163573200802656,0.6651647822093928,0.45240046703363646,0.3759179080989377,0.18888279412275166,2.4244451260569138,21.0,2.788444664761012,0.6398465387830834,0.44984556449745056,1439.0,1034.0,,,,,,,,,,,,,,,,,,,,,,,,,,,,,,,,,,,,,,,,,,,,,,,,,
relative,A,portfolio,realized,o2o,primary,long_legs_only,-0.04332999776463693,0.979383840523744,0.11230421433039922,-0.4938797438337267,0.9474865394289979,-1.2502544235111377,21.0,1.2724188378209138,0.9349055223833613,0.9423199623149751,1337.0,1136.0,,,,,,,,,,,,,,,,,,,,,,,,,,,,,,,,,,,,,,,,,,,,,,,,,
relative,A,portfolio,realized,o2o,primary,equal_weight_universe,0.42897753191146104,0.560041444208366,0.47533344009932316,0.7303273640865175,0.13510538460861188,3.4223574355019144,21.0,2.946430489364162,0.7158960219391418,0.3726499934207736,1789.0,680.0,,,,,,,,,,,,,,,,,,,,,,,,,,,,,,,,,,,,,,,,,,,,,,,,,
metrics,A,portfolio,realized,o2o,primary,,,,,,,,,,,,,,-0.375,2473.0,60.91321752183336,0.5225924351843778,0.488123344434799,1.0922198074109173,1.3846209839337436,-0.5306024012913015,0.9849040145927906,0.5331404315708892,37.874114183011926,0.3483027922637449,1.5306809001036659,0.417111041252278,8.230087655400679,-0.042180949107293975,-0.06724497014380601,-0.6696018084154308,-1.0674808075228441,-0.07533764965739496,-0.1149546547807957,-1.1959481121214652,-1.8248485715956058,13.0,97.15384615384616,70.0,99.0,59.0,True,14.976258834231999,3.4894725109174907,-0.237233527054237,2.944058617769524,0.01755175517551755,0.5932203389830508,1.4490627179615834,0.38146379351388715,1.4812777572608433,0.6780066510079099,0.013798142780558593,0.03655850476774457,,,,,,,,
relative,A,T10_standalone,realized,o2o,primary,buy_hold_QQQ,0.17344624291763444,0.5051466655818357,0.7040356513069089,0.08972480220307105,0.018666595068568936,0.837038058419837,21.0,4.66786273428606,0.10283685013191057,-0.18320642219565572,1442.0,1031.0,,,,,,,,,,,,,,,,,,,,,,,,,,,,,,,,,,,,,,,,,,,,,,,,,
relative,A,T10_standalone,realized,o2o,primary,buy_hold_TQQQ,0.17557428737056477,0.17197354094711148,0.8389232188951653,-0.4245799196634737,0.018880527505765743,0.851950076064199,21.0,4.725398408166998,0.03424019240749595,-0.061613870029531656,1436.0,1037.0,,,,,,,,,,,,,,,,,,,,,,,,,,,,,,,,,,,,,,,,,,,,,,,,,
relative,A,T10_standalone,realized,o2o,primary,vol_targeted_QQQ_matched,0.25340273347372433,0.10678994742831198,0.7471055718642007,-0.025950380050660804,0.0018162275752896528,1.2404865448544735,21.0,4.793047370107395,0.06609474847831634,-0.12143138997584402,1437.0,1036.0,,,,,,,,,,,,,,,,,,,,,,,,,,,,,,,,,,,,,,,,,,,,,,,,,
relative,A,T10_standalone,realized,o2o,primary,naive_fast_1d_momentum,0.2674319881858644,0.060969321427080274,0.7916337322963971,-0.02375669862601679,0.0011149919704201983,1.3429786239566548,21.0,4.782270201998898,-0.01277870617546382,-0.20931691831997745,1258.0,1213.0,,,,,,,,,,,,,,,,,,,,,,,,,,,,,,,,,,,,,,,,,,,,,,,,,
relative,A,T10_standalone,realized,o2o,primary,sleeve_T10_standalone,-1.6393136847980827e-16,1.0000000000000004,0.0,,1.0,-1.8636428988509957,21.0,4.795461888894359,1.0,1.0,1235.0,1238.0,,,,,,,,,,,,,,,,,,,,,,,,,,,,,,,,,,,,,,,,,,,,,,,,,
relative,A,T10_standalone,realized,o2o,primary,sleeve_T11_standalone,-0.012023680384780291,0.6912031390675126,0.6220883647146778,-0.23336571652161184,0.27464948553577095,-0.07626267887254823,21.0,6.0535408499835155,0.7583939911868941,0.7729783838993911,1259.0,1214.0,,,,,,,,,,,,,,,,,,,,,,,,,,,,,,,,,,,,,,,,,,,,,,,,,
relative,A,T10_standalone,realized,o2o,primary,sleeve_S2_standalone,-0.014713588162010047,0.42696334292238547,0.7387662998095778,-0.5662553666481691,0.12513078228058427,-0.07900779886060395,21.0,5.263352114796061,0.28782807448947273,0.2568773591684507,1374.0,1099.0,,,,,,,,,,,,,,,,,,,,,,,,,,,,,,,,,,,,,,,,,,,,,,,,,
relative,A,T10_standalone,realized,o2o,primary,sleeve_S3_standalone,-0.06550974733011715,0.5357131846130943,0.6850419062205936,-0.5403574482543698,0.21673640389873094,-0.35272374751068364,21.0,4.565181454343617,0.4275615712847772,0.4218407154106883,1484.0,981.0,,,,,,,,,,,,,,,,,,,,,,,,,,,,,,,,,,,,,,,,,,,,,,,,,
relative,A,T10_standalone,realized,o2o,primary,matched_exposure_levered_QQQ_1.70,0.17584597395788037,0.3034383975869079,0.7321388831264308,-0.105250694506145,0.018880855801006624,0.8534965271376258,21.0,4.725301823537091,0.06124905774088466,-0.10771435841884626,1439.0,1034.0,,,,,,,,,,,,,,,,,,,,,,,,,,,,,,,,,,,,,,,,,,,,,,,,,
relative,A,T10_standalone,realized,o2o,primary,long_legs_only,-0.32722888396201455,1.0418625997536726,0.49089257029801364,-0.6164043989004065,0.5150326665506924,-2.3024412867598376,21.0,4.819308063417669,0.934054084294223,1.050594461455277,1337.0,1136.0,,,,,,,,,,,,,,,,,,,,,,,,,,,,,,,,,,,,,,,,,,,,,,,,,
relative,A,T10_standalone,realized,o2o,primary,equal_weight_universe,0.2464333095058939,0.21282465824347369,0.7449752936859037,0.13426680871622407,0.00937179784514075,1.2262547165332984,21.0,4.740141996322489,0.1418537404589635,-0.08509650388906978,1789.0,680.0,,,,,,,,,,,,,,,,,,,,,,,,,,,,,,,,,,,,,,,,,,,,,,,,,
metrics,A,T10_standalone,realized,o2o,primary,,,,,,,,,,,,,,-0.375,2473.0,0.5902274171992856,0.04840432080003243,0.7043046703560462,0.4061004077058746,0.5070328106599319,-0.8661090614058049,0.05588709662206521,0.28601686845661195,52.680765170325905,0.46309627415874677,0.6176185912447376,0.6660756832147856,6.299660621226819,-0.06257890594541873,-0.09537633026192761,-0.993409334700476,-1.5140523050101462,-0.11061996010145327,-0.1546345967091164,-1.756037426809996,-2.4547481218745335,5.0,457.6,1435.0,2082.0,,False,54.1018833963383,0.0894688276292217,-1.9983038670563968,3.2467165971815484,0.2623762376237624,0.5338983050847458,0.6193629999387285,0.07513914525580234,0.44141438131150185,0.022355105978875356,0.0009188234195827073,0.009624628818898287,,,,,,,,
relative,B,portfolio,realized,o2o,primary,buy_hold_QQQ,0.29031152785199105,1.1600585370621344,0.4358983080604317,0.7478353370054585,0.20525503223252173,2.4211746662563485,21.0,2.674037923772821,1.1373910640872449,0.8236453552016277,1442.0,1031.0,,,,,,,,,,,,,,,,,,,,,,,,,,,,,,,,,,,,,,,,,,,,,,,,,
relative,B,portfolio,realized,o2o,primary,buy_hold_TQQQ,0.29419789219222087,0.39649170073368417,0.5508774189851694,-0.16951004182254636,0.2092487819498824,2.5000169691443954,21.0,2.894647795486804,0.38266148432726826,0.2736850370726304,1436.0,1037.0,,,,,,,,,,,,,,,,,,,,,,,,,,,,,,,,,,,,,,,,,,,,,,,,,
relative,B,portfolio,realized,o2o,primary,vol_targeted_QQQ_matched,0.3439567436948014,0.6708178666291704,0.4592611180131013,0.530031860908097,0.14942478557099792,2.6808714320772666,21.0,3.1253476319133537,0.751803102282682,0.5302606399018228,1437.0,1036.0,,,,,,,,,,,,,,,,,,,,,,,,,,,,,,,,,,,,,,,,,,,,,,,,,
relative,B,portfolio,realized,o2o,primary,naive_fast_1d_momentum,0.4397222497022982,0.35792951384600746,0.5293264175199015,0.46097093678784906,0.08012128708814936,3.2892928084224513,21.0,2.5099869293147172,0.4106820626142047,0.12972570661336377,1258.0,1213.0,,,,,,,,,,,,,,,,,,,,,,,,,,,,,,,,,,,,,,,,,,,,,,,,,
relative,B,portfolio,realized,o2o,primary,sleeve_T10_standalone,0.4012442228800722,0.5159952450496389,0.47121266320845345,0.557732673739284,0.5551307421259513,4.581943246035021,21.0,3.702253085399873,0.5649889826439275,0.45703088640195283,1235.0,1238.0,,,,,,,,,,,,,,,,,,,,,,,,,,,,,,,,,,,,,,,,,,,,,,,,,
relative,B,portfolio,realized,o2o,primary,sleeve_T11_standalone,0.25078550773112007,0.6912066420053775,0.3589737518825181,0.32770251574872816,0.5726471070196066,2.6182001797732757,21.0,2.0857789344822164,0.733851138492732,0.6475252281583629,1259.0,1214.0,,,,,,,,,,,,,,,,,,,,,,,,,,,,,,,,,,,,,,,,,,,,,,,,,
relative,B,portfolio,realized,o2o,primary,sleeve_S2_standalone,0.07283910741174536,0.6757866369327661,0.34380823801637483,-0.4523442611852632,0.653590992274029,0.8937896515238931,21.0,2.7460774292688153,0.6399104474450162,0.604474696947844,1374.0,1099.0,,,,,,,,,,,,,,,,,,,,,,,,,,,,,,,,,,,,,,,,,,,,,,,,,
relative,B,portfolio,realized,o2o,primary,sleeve_S3_standalone,0.10656991770242212,0.6739838267966529,0.327958050526541,-0.3273491767293013,0.7152700206351165,1.2664863030323372,21.0,0.24857590657988776,0.6739343882180341,0.6332318511328127,1484.0,981.0,,,,,,,,,,,,,,,,,,,,,,,,,,,,,,,,,,,,,,,,,,,,,,,,,
relative,B,portfolio,realized,o2o,primary,matched_exposure_levered_QQQ_1.70,0.2948273488108094,0.6995805883855135,0.44419378921025326,0.4181791306837156,0.20924735787470172,2.505794592771167,21.0,2.8945988735466504,0.6749625078920118,0.48325280099067486,1439.0,1034.0,,,,,,,,,,,,,,,,,,,,,,,,,,,,,,,,,,,,,,,,,,,,,,,,,
relative,B,portfolio,realized,o2o,primary,long_legs_only,-0.03188164858497533,0.9865852485273487,0.09415810845337835,-0.4224558226746748,0.962912874745277,-1.1157925569333116,21.0,1.797914777825986,0.9518366613150493,0.9567647532695401,1337.0,1136.0,,,,,,,,,,,,,,,,,,,,,,,,,,,,,,,,,,,,,,,,,,,,,,,,,
relative,B,portfolio,realized,o2o,primary,equal_weight_universe,0.43903300887033264,0.5903205758144343,0.46836932395446906,0.7746795856382119,0.15033452991234153,3.5669260739757616,21.0,2.9860879915801597,0.7496844753006132,0.39905218381581214,1789.0,680.0,,,,,,,,,,,,,,,,,,,,,,,,,,,,,,,,,,,,,,,,,,,,,,,,,
metrics,B,portfolio,realized,o2o,primary,,,,,,,,,,,,,,-0.125,2473.0,71.28506620449285,0.5468137639369881,0.4877565516271035,1.1251997712282469,1.4006711766758262,-0.5328198449588459,1.026263884708016,0.5488275670076714,36.592676502203624,0.3481365572744342,1.5764720927455877,0.3897765892442917,8.15463970232328,-0.042201783688042484,-0.06732495772359445,-0.6699325471314159,-1.068750570987409,-0.07482280284952536,-0.1149634989070991,-1.1877751724199548,-1.8249889677481805,13.0,97.53846153846153,75.0,106.0,59.0,True,14.805063220018184,3.693424038862811,-0.1947964042779556,2.9570886154704437,0.0144014401440144,0.6016949152542372,1.5035746748631753,0.3973666042457009,1.4863716254732164,0.7121035304700281,0.014943256853705653,0.03827736341154158,,,,,,,,
relative,B,T10_standalone,realized,o2o,primary,buy_hold_QQQ,0.20715518065597682,0.7089828089575635,0.6751567469988254,0.210769949822181,0.038725240706972364,1.056044361627469,21.0,4.869329247193179,0.3320720806672415,0.017627099646843756,1442.0,1031.0,,,,,,,,,,,,,,,,,,,,,,,,,,,,,,,,,,,,,,,,,,,,,,,,,
relative,B,T10_standalone,realized,o2o,primary,buy_hold_TQQQ,0.20965313651564493,0.24212920340272392,0.7964441142068659,-0.3478670427850553,0.03941647604895748,1.0767669667290065,21.0,4.93970755380234,0.11148412151456977,0.005308459250662199,1436.0,1037.0,,,,,,,,,,,,,,,,,,,,,,,,,,,,,,,,,,,,,,,,,,,,,,,,,
relative,B,T10_standalone,realized,o2o,primary,vol_targeted_QQQ_matched,0.2916166120760112,0.24077425316736317,0.7155143297109031,0.08350024328083555,0.009723490622894349,1.4975458976387235,21.0,5.0070021583889375,0.21820279919531016,0.008739042957723854,1437.0,1036.0,,,,,,,,,,,,,,,,,,,,,,,,,,,,,,,,,,,,,,,,,,,,,,,,,
relative,B,T10_standalone,realized,o2o,primary,naive_fast_1d_momentum,0.3282435380966082,0.12107540207501884,0.7640428166071905,0.07895721132116529,0.004630772525114457,1.7108759774943114,21.0,4.937385069289923,0.06156746457944421,-0.16975140797811739,1258.0,1213.0,,,,,,,,,,,,,,,,,,,,,,,,,,,,,,,,,,,,,,,,,,,,,,,,,
relative,B,T10_standalone,realized,o2o,primary,sleeve_T10_standalone,0.08911084712013595,0.9651155085909815,0.09783492087355546,0.8088450772286179,0.980959731553399,3.1631621419128293,21.0,2.2731888606611386,0.9324800092696748,0.9051061359044156,1235.0,1238.0,,,,,,,,,,,,,,,,,,,,,,,,,,,,,,,,,,,,,,,,,,,,,,,,,
relative,B,T10_standalone,realized,o2o,primary,sleeve_T11_standalone,0.08090674819801742,0.6592054035874212,0.6166086012703381,-0.107103278653127,0.2630882757663613,0.5175909975903402,21.0,5.898919155585588,0.7219269885333955,0.7014368178352984,1259.0,1214.0,,,,,,,,,,,,,,,,,,,,,,,,,,,,,,,,,,,,,,,,,,,,,,,,,
relative,B,T10_standalone,realized,o2o,primary,sleeve_S2_standalone,0.03284780952229305,0.4717876769797432,0.7001535572013626,-0.48446099337435017,0.16090470982365135,0.18804096016290653,21.0,5.471514903174195,0.3453732656803649,0.30090583958538775,1374.0,1099.0,,,,,,,,,,,,,,,,,,,,,,,,,,,,,,,,,,,,,,,,,,,,,,,,,
relative,B,T10_standalone,realized,o2o,primary,sleeve_S3_standalone,-0.012670686333858566,0.5757845952438668,0.6436018191704453,-0.4521960528920877,0.2636816253534112,-0.07246628990641672,21.0,4.76489457603263,0.4822936189917077,0.4617593983436368,1484.0,981.0,,,,,,,,,,,,,,,,,,,,,,,,,,,,,,,,,,,,,,,,,,,,,,,,,
relative,B,T10_standalone,realized,o2o,primary,matched_exposure_levered_QQQ_1.70,0.21003600543403708,0.42722346499464814,0.6969996667566994,0.002977287227801328,0.0394169839092916,1.0790275553528093,21.0,4.939572455705377,0.19749910069493695,0.010451318206915952,1439.0,1034.0,,,,,,,,,,,,,,,,,,,,,,,,,,,,,,,,,,,,,,,,,,,,,,,,,
relative,B,T10_standalone,realized,o2o,primary,long_legs_only,-0.2691718957818483,1.0776698023687818,0.4461882176038596,-0.5008089339283869,0.5803338423268382,-2.1180119390543473,21.0,5.085843239097083,1.0138153483797931,1.116327430893458,1337.0,1136.0,,,,,,,,,,,,,,,,,,,,,,,,,,,,,,,,,,,,,,,,,,,,,,,,,
relative,B,T10_standalone,realized,o2o,primary,equal_weight_universe,0.30650467540275117,0.31531287479448283,0.7133820286582496,0.2511399813676718,0.02166481685665078,1.602363869886578,21.0,4.8948597645668,0.2755619467252236,0.004912932266753984,1789.0,680.0,,,,,,,,,,,,,,,,,,,,,,,,,,,,,,,,,,,,,,,,,,,,,,,,,
metrics,B,T10_standalone,realized,o2o,primary,,,,,,,,,,,,,,-0.125,2473.0,2.910341891498221,0.14907133919565574,0.6862980933857753,0.5320587282759291,0.6432909990001382,-0.8121454449030376,0.18355251529293923,0.36515016258623867,52.102935370970336,0.4717220332930741,0.7740790906821521,0.7196088869985032,7.1896029703023405,-0.0614585819754894,-0.09422822152461595,-0.9756247430269303,-1.495826643828224,-0.11061703927581075,-0.15377114472653777,-1.7559910601403577,-2.4410412465848412,6.0,363.0,1296.0,1882.0,765.0,True,44.74262719814912,0.33317520344854135,-1.8591472308653882,3.416299633323991,0.21422142214221424,0.5338983050847458,0.7678413716197715,0.14635614768058858,0.5860630612207803,0.1517907589717351,0.002861092914137661,0.012346540447672246,,,,,,,,
relative,C,portfolio,realized,o2o,primary,buy_hold_QQQ,0.29197404481310596,1.160109056506973,0.43604408202331,0.7514238736519847,0.20516013878771033,2.434811332824522,21.0,2.677465571915789,1.1383050681384475,0.8229992549816618,1442.0,1031.0,,,,,,,,,,,,,,,,,,,,,,,,,,,,,,,,,,,,,,,,,,,,,,,,,
relative,C,portfolio,realized,o2o,primary,buy_hold_TQQQ,0.29587102616600763,0.3964926990331232,0.5509955275154998,-0.16643597754102557,0.20913487969015143,2.5138945757831017,21.0,2.898763480687074,0.3829677275991387,0.2734672887776881,1436.0,1037.0,,,,,,,,,,,,,,,,,,,,,,,,,,,,,,,,,,,,,,,,,,,,,,,,,
relative,C,portfolio,realized,o2o,primary,vol_targeted_QQQ_matched,0.3455855680368227,0.6709650509054188,0.45937815829796647,0.5335403864646461,0.14940823760967903,2.693433484450155,21.0,3.1299202430703748,0.7524066648086732,0.5298378811964952,1437.0,1036.0,,,,,,,,,,,,,,,,,,,,,,,,,,,,,,,,,,,,,,,,,,,,,,,,,
relative,C,portfolio,realized,o2o,primary,naive_fast_1d_momentum,0.4414422235057349,0.3577779549303893,0.5294925204232929,0.4639874222260964,0.08000947046147922,3.301585387165609,21.0,2.5210392410492783,0.41119056278394045,0.12924217638151358,1258.0,1213.0,,,,,,,,,,,,,,,,,,,,,,,,,,,,,,,,,,,,,,,,,,,,,,,,,
relative,C,portfolio,realized,o2o,primary,sleeve_T10_standalone,0.40280574842385836,0.5163877028277967,0.4709382098981248,0.5616118379877713,0.5556700732022823,4.602123179591302,21.0,3.725767062704048,0.5658229012215857,0.45746875864787334,1235.0,1238.0,,,,,,,,,,,,,,,,,,,,,,,,,,,,,,,,,,,,,,,,,,,,,,,,,
relative,C,portfolio,realized,o2o,primary,sleeve_T11_standalone,0.25229995723312043,0.6915761432224026,0.3588623632841491,0.33246834685109494,0.5729445827330644,2.6346306232360175,21.0,2.1116818586667008,0.7347351831903118,0.647934407934453,1259.0,1214.0,,,,,,,,,,,,,,,,,,,,,,,,,,,,,,,,,,,,,,,,,,,,,,,,,
relative,C,portfolio,realized,o2o,primary,sleeve_S2_standalone,0.07455904801374409,0.6757210932489157,0.3440632366528858,-0.44714428028716474,0.6531052216690441,0.914116622046402,21.0,2.7465396650000473,0.6402807230232322,0.6043464955202488,1374.0,1099.0,,,,,,,,,,,,,,,,,,,,,,,,,,,,,,,,,,,,,,,,,,,,,,,,,
relative,C,portfolio,realized,o2o,primary,sleeve_S3_standalone,0.10818237709003568,0.6740772695913416,0.32805067575602015,-0.3221545650212646,0.715075309839593,1.2855112665528325,21.0,0.2343882280609597,0.6744773132335824,0.6332968365998558,1484.0,981.0,,,,,,,,,,,,,,,,,,,,,,,,,,,,,,,,,,,,,,,,,,,,,,,,,
relative,C,portfolio,realized,o2o,primary,matched_exposure_levered_QQQ_1.70,0.2965005126148256,0.6995822720169658,0.44434058189654313,0.4218078549466937,0.20913340987810147,2.519672558301552,21.0,2.8987149248176984,0.6755031129429335,0.4828689890443705,1439.0,1034.0,,,,,,,,,,,,,,,,,,,,,,,,,,,,,,,,,,,,,,,,,,,,,,,,,
relative,C,portfolio,realized,o2o,primary,long_legs_only,-0.030311306072642687,0.9867609734015548,0.09441295184906112,-0.4035872762519176,0.9627267365885152,-1.0598127741410854,21.0,1.808523908882583,0.9524691464380861,0.9568230328574973,1337.0,1136.0,,,,,,,,,,,,,,,,,,,,,,,,,,,,,,,,,,,,,,,,,,,,,,,,,
relative,C,portfolio,realized,o2o,primary,equal_weight_universe,0.4408565789972087,0.5895151889645696,0.468685308315034,0.7777285151216726,0.1498422362279449,3.5793817252393247,21.0,2.9919910130934864,0.7504353185337037,0.39850273678268516,1789.0,680.0,,,,,,,,,,,,,,,,,,,,,,,,,,,,,,,,,,,,,,,,,,,,,,,,,
metrics,C,portfolio,realized,o2o,primary,,,,,,,,,,,,,,-0.125,2473.0,72.43550920772446,0.5493046114456601,0.4878906273689723,1.1283212633457742,1.4074683746406151,-0.5327994556539851,1.030978176904133,0.5505013420961685,35.47136864906735,0.3482278142602099,1.5808655126118436,0.390628235498593,8.150224893878347,-0.04218311263948784,-0.06732096117004771,-0.6696361534242615,-1.0686871276666927,-0.07487659084648861,-0.11495398532608321,-1.188629030400865,-1.8248379443315064,13.0,97.46153846153847,75.0,106.0,59.0,True,14.776500339407725,3.7174202201363564,-0.19036522430258246,2.9709599421676463,0.012601260126012601,0.6016949152542372,1.5058000796933249,0.4003986812194331,1.4942631503025106,0.7139038601025107,0.015485858943875372,0.03967899825251377,,,,,,,,
relative,C,T10_standalone,realized,o2o,primary,buy_hold_QQQ,0.214683240870235,0.694020941496591,0.6758982764724449,0.2167435627590466,0.03711464511405982,1.0935036243368619,21.0,4.860452301816404,0.3166126668705566,-0.006069174596284788,1442.0,1031.0,,,,,,,,,,,,,,,,,,,,,,,,,,,,,,,,,,,,,,,,,,,,,,,,,
relative,C,T10_standalone,realized,o2o,primary,buy_hold_TQQQ,0.2171101446782399,0.23704803447726128,0.7984092642114019,-0.3417580734160538,0.037786234105273375,1.1141112029390712,21.0,4.930464293333452,0.10627009028228496,-0.0025957188478483426,1436.0,1037.0,,,,,,,,,,,,,,,,,,,,,,,,,,,,,,,,,,,,,,,,,,,,,,,,,
relative,C,T10_standalone,realized,o2o,primary,vol_targeted_QQQ_matched,0.29966225377982414,0.2281621457622231,0.7168469010940893,0.08919542976678009,0.008733065983251853,1.5383324507113199,21.0,4.996070815337163,0.20794573914837475,-0.0066216233071999435,1437.0,1036.0,,,,,,,,,,,,,,,,,,,,,,,,,,,,,,,,,,,,,,,,,,,,,,,,,
relative,C,T10_standalone,realized,o2o,primary,naive_fast_1d_momentum,0.33395105649802675,0.11610967036502108,0.764954322596739,0.08434560736716439,0.0042594726874909394,1.7421528776520747,21.0,4.9321255251730305,0.05643598237543019,-0.17867431441407655,1258.0,1213.0,,,,,,,,,,,,,,,,,,,,,,,,,,,,,,,,,,,,,,,,,,,,,,,,,
relative,C,T10_standalone,realized,o2o,primary,sleeve_T10_standalone,0.09306100748001914,0.9659675088933384,0.09296470067046025,0.896330976671358,0.982867725457442,3.357588734331885,21.0,2.026045511696396,0.9361612173874657,0.907923735225513,1235.0,1238.0,,,,,,,,,,,,,,,,,,,,,,,,,,,,,,,,,,,,,,,,,,,,,,,,,
relative,C,T10_standalone,realized,o2o,primary,sleeve_T11_standalone,0.08398043004271163,0.6618032432069996,0.6153377928863365,-0.10050895091845702,0.26521324245047406,0.5384403687358558,21.0,5.9031394744772605,0.7258450610174536,0.7044397487316022,1259.0,1214.0,,,,,,,,,,,,,,,,,,,,,,,,,,,,,,,,,,,,,,,,,,,,,,,,,
relative,C,T10_standalone,realized,o2o,primary,sleeve_S2_standalone,0.03992349296450035,0.46769617719438755,0.7020806344680234,-0.47715778583168933,0.15815417329707127,0.22832216845830855,21.0,5.457864444249744,0.34091620130469336,0.29384810406563067,1374.0,1099.0,,,,,,,,,,,,,,,,,,,,,,,,,,,,,,,,,,,,,,,,,,,,,,,,,
relative,C,T10_standalone,realized,o2o,primary,sleeve_S3_standalone,-0.0065619165828892404,0.5728663255695783,0.6452331089888852,-0.44455306376675147,0.2610620945500435,-0.03756974666242855,21.0,4.760478175150402,0.47898528077827585,0.45613343924733113,1484.0,981.0,,,,,,,,,,,,,,,,,,,,,,,,,,,,,,,,,,,,,,,,,,,,,,,,,
relative,C,T10_standalone,realized,o2o,primary,matched_exposure_levered_QQQ_1.70,0.21748460200420427,0.4182590642447917,0.6982465394584606,0.00897822569771128,0.037786908552017495,1.1163400459870223,21.0,4.930331041778284,0.18831120766299725,-0.003492964007831069,1439.0,1034.0,,,,,,,,,,,,,,,,,,,,,,,,,,,,,,,,,,,,,,,,,,,,,,,,,
relative,C,T10_standalone,realized,o2o,primary,long_legs_only,-0.2630144327026199,1.074333752613078,0.44785073208247994,-0.489585442345392,0.576849281941619,-2.068869794511321,21.0,5.069179727447906,1.0084637503011022,1.1077119335600878,1337.0,1136.0,,,,,,,,,,,,,,,,,,,,,,,,,,,,,,,,,,,,,,,,,,,,,,,,,
relative,C,T10_standalone,realized,o2o,primary,equal_weight_universe,0.31059208228375645,0.315885158941639,0.7132408161644326,0.25706969097696947,0.021747408073268804,1.6252123434743257,21.0,4.888741819119102,0.2760814986859246,0.001947624699571806,1789.0,680.0,,,,,,,,,,,,,,,,,,,,,,,,,,,,,,,,,,,,,,,,,,,,,,,,,
metrics,C,T10_standalone,realized,o2o,primary,,,,,,,,,,,,,,-0.125,2473.0,3.076669300648067,0.1539591882836755,0.6862369578243874,0.5382175511141309,0.651085069215053,-0.8133888555073514,0.18928116268281478,0.36934400940452605,47.72324045931428,0.47029565645384686,0.7853442921192961,0.7209358773567008,7.194930623423756,-0.06135801781087886,-0.09415807644965861,-0.9740283364047435,-1.4947131252840253,-0.1106168167063577,-0.15369580024117127,-1.7559875269598244,-2.439845189959202,6.0,364.8333333333333,1307.0,1898.0,765.0,True,44.73586346572537,0.344151596406834,-1.864317334333529,3.387208843666594,0.21062106210621062,0.5338983050847458,0.7786526086930664,0.14807478415853348,0.5950795841597115,0.15986895904918352,0.003226084121737941,0.013642935034349263,,,,,,,,
relative,D,portfolio,realized,o2o,primary,buy_hold_QQQ,0.28956239919325805,1.1317965767958085,0.43832432414376443,0.7276185857515446,0.19531847708849892,2.390843367302936,21.0,2.616420879070801,1.1083723130148018,0.7950579955907083,1442.0,1031.0,,,,,,,,,,,,,,,,,,,,,,,,,,,,,,,,,,,,,,,,,,,,,,,,,
relative,D,portfolio,realized,o2o,primary,buy_hold_TQQQ,0.2933974909747995,0.3867645663440961,0.556503670523175,-0.1804597039069934,0.1990493057356808,2.466408711810611,21.0,2.8410548173067154,0.3728800065630914,0.264154443755928,1436.0,1037.0,,,,,,,,,,,,,,,,,,,,,,,,,,,,,,,,,,,,,,,,,,,,,,,,,
relative,D,portfolio,realized,o2o,primary,vol_targeted_QQQ_matched,0.3425466611347645,0.6523598873279144,0.46250074980321776,0.5110819644060995,0.1412734235783355,2.6491230209668695,21.0,3.0798906323488633,0.7325259886930255,0.5117042103721062,1437.0,1036.0,,,,,,,,,,,,,,,,,,,,,,,,,,,,,,,,,,,,,,,,,,,,,,,,,
relative,D,portfolio,realized,o2o,primary,naive_fast_1d_momentum,0.4354992203282745,0.34866446651317606,0.5319899551486966,0.44541604401154256,0.07600476973024228,3.247483452140587,21.0,2.523462099496832,0.4012193447914534,0.12271442038122746,1258.0,1213.0,,,,,,,,,,,,,,,,,,,,,,,,,,,,,,,,,,,,,,,,,,,,,,,,,
relative,D,portfolio,realized,o2o,primary,sleeve_T10_standalone,0.3925553587102566,0.5217348746881934,0.4652064288421439,0.549784889931845,0.5673828273344759,4.544919113183715,21.0,3.732084637711955,0.5746386599377006,0.46941247202067093,1235.0,1238.0,,,,,,,,,,,,,,,,,,,,,,,,,,,,,,,,,,,,,,,,,,,,,,,,,
relative,D,portfolio,realized,o2o,primary,sleeve_T11_standalone,0.24137898239096967,0.6966782131996231,0.35469910948478434,0.31178360855149034,0.5815784382693384,2.5537530045579375,21.0,2.2610961975844335,0.7404423886047445,0.6577793813221559,1259.0,1214.0,,,,,,,,,,,,,,,,,,,,,,,,,,,,,,,,,,,,,,,,,,,,,,,,,
relative,D,portfolio,realized,o2o,primary,sleeve_S2_standalone,0.06954790234111967,0.6704539999392714,0.3491493924798926,-0.4656084764597755,0.6431279788330995,0.8370670139785513,21.0,2.770130844761584,0.6342966356595736,0.5999418442660169,1374.0,1099.0,,,,,,,,,,,,,,,,,,,,,,,,,,,,,,,,,,,,,,,,,,,,,,,,,
relative,D,portfolio,realized,o2o,primary,sleeve_S3_standalone,0.10201487359731574,0.6701858253463112,0.3323730816806192,-0.34420365974774253,0.7070239432986334,1.1931195348116703,21.0,0.30812023544072037,0.6689786765863635,0.6295525883055243,1484.0,981.0,,,,,,,,,,,,,,,,,,,,,,,,,,,,,,,,,,,,,,,,,,,,,,,,,
relative,D,portfolio,realized,o2o,primary,matched_exposure_levered_QQQ_1.70,0.29401173559983657,0.6824171368673132,0.44818477889481834,0.3987313888553405,0.1990475807713592,2.4719830889079817,21.0,2.8410060431787376,0.6576951083722229,0.4664076827938027,1439.0,1034.0,,,,,,,,,,,,,,,,,,,,,,,,,,,,,,,,,,,,,,,,,,,,,,,,,
relative,D,portfolio,realized,o2o,primary,long_legs_only,-0.03684848444623896,0.9830507955793715,0.10295287289530318,-0.4548185312932061,0.9557454719129638,-1.1677458641422225,21.0,1.484388704545852,0.9436979748454277,0.9496028822110195,1337.0,1136.0,,,,,,,,,,,,,,,,,,,,,,,,,,,,,,,,,,,,,,,,,,,,,,,,,
relative,D,portfolio,realized,o2o,primary,equal_weight_universe,0.4348606164208367,0.5748637287722903,0.47181825564514934,0.7540804457549196,0.14252310977090543,3.501041543723624,21.0,2.967912289495118,0.7332302327917161,0.38568584783322163,1789.0,680.0,,,,,,,,,,,,,,,,,,,,,,,,,,,,,,,,,,,,,,,,,,,,,,,,,
metrics,D,portfolio,realized,o2o,primary,,,,,,,,,,,,,,-0.25,2473.0,66.45846313821211,0.5359595374027939,0.48782878989601186,1.1105886750857354,1.397128720502678,-0.5309882682931659,1.0093622955656023,0.5417803337331767,36.68622501211387,0.34827500295031794,1.5556107361815532,0.40358347589806026,8.195347295377521,-0.042161060873823944,-0.06727602767738267,-0.6692860924967623,-1.0679738305839173,-0.0748862494311689,-0.11495445548184319,-1.1887823556793504,-1.8248454078228165,13.0,99.38461538461539,75.0,106.0,59.0,True,14.855517812047664,3.6078145789582408,-0.21476338087532695,2.9579401377368186,0.01575157515751575,0.5932203389830508,1.4779532910518192,0.39097910763898724,1.4890205058481873,0.6959152039195358,0.014609285562246289,0.038083196623292334,,,,,,,,
relative,D,T10_standalone,realized,o2o,primary,buy_hold_QQQ,0.19472652901175447,0.5986735876126766,0.6884997997371646,0.15292956937478783,0.02702759677917521,0.9672394361368855,21.0,4.77134878784257,0.20918095269497028,-0.09580308620067786,1442.0,1031.0,,,,,,,,,,,,,,,,,,,,,,,,,,,,,,,,,,,,,,,,,,,,,,,,,
relative,D,T10_standalone,realized,o2o,primary,buy_hold_TQQQ,0.1969962003981636,0.2042070903514165,0.8176372555911479,-0.3841158562720496,0.02744287458143091,0.9848590631974782,21.0,4.835827924464668,0.07007321315048569,-0.032491624788258226,1436.0,1037.0,,,,,,,,,,,,,,,,,,,,,,,,,,,,,,,,,,,,,,,,,,,,,,,,,
relative,D,T10_standalone,realized,o2o,primary,vol_targeted_QQQ_matched,0.277206681571771,0.16677127617323684,0.7306456313996259,0.031116103109542027,0.004566139055417029,1.3926760955974171,21.0,4.9043596080533725,0.13666267825465606,-0.06477801908134387,1437.0,1036.0,,,,,,,,,,,,,,,,,,,,,,,,,,,,,,,,,,,,,,,,,,,,,,,,,
relative,D,T10_standalone,realized,o2o,primary,naive_fast_1d_momentum,0.3012065671164358,0.08835546506343207,0.7769735397178361,0.03000863367769574,0.0024138649043133897,1.5460156232494264,21.0,4.872694063188588,0.02190650132503225,-0.19419759891974306,1258.0,1213.0,,,,,,,,,,,,,,,,,,,,,,,,,,,,,,,,,,,,,,,,,,,,,,,,,
relative,D,T10_standalone,realized,o2o,primary,sleeve_T10_standalone,0.047030601955603275,0.9828398805599173,0.046664009617503124,0.9026767883060317,0.9957782823661587,3.3802642833526924,21.0,2.0118988515634246,0.9678698499581222,0.9536069745412342,1235.0,1238.0,,,,,,,,,,,,,,,,,,,,,,,,,,,,,,,,,,,,,,,,,,,,,,,,,
relative,D,T10_standalone,realized,o2o,primary,sleeve_T11_standalone,0.036446355027570126,0.6764822437096047,0.6168815046067299,-0.1670524693491756,0.2711922653932287,0.2333787623089611,21.0,6.00240082752887,0.7420747725742459,0.7384877870042295,1259.0,1214.0,,,,,,,,,,,,,,,,,,,,,,,,,,,,,,,,,,,,,,,,,,,,,,,,,
relative,D,T10_standalone,realized,o2o,primary,sleeve_S2_standalone,0.013142101823301774,0.4472187330543662,0.7191214191710941,-0.5231492952450447,0.14152073079239902,0.07302314256662276,21.0,5.375369656062878,0.31432984389358065,0.27514765373829414,1374.0,1099.0,,,,,,,,,,,,,,,,,,,,,,,,,,,,,,,,,,,,,,,,,,,,,,,,,
relative,D,T10_standalone,realized,o2o,primary,sleeve_S3_standalone,-0.035496588874590375,0.5541673882243978,0.6637841120416552,-0.49420432353022875,0.23908164307864677,-0.19762564994516899,21.0,4.678386618304813,0.45316633899954273,0.4386900035571825,1484.0,981.0,,,,,,,,,,,,,,,,,,,,,,,,,,,,,,,,,,,,,,,,,,,,,,,,,
relative,D,T10_standalone,realized,o2o,primary,matched_exposure_levered_QQQ_1.70,0.19731875965792514,0.3603129633117976,0.7138699874194627,-0.048938333602296234,0.027443372909488173,0.9867401470297632,21.0,4.835712675237792,0.12445982150010614,-0.056285896024255766,1439.0,1034.0,,,,,,,,,,,,,,,,,,,,,,,,,,,,,,,,,,,,,,,,,,,,,,,,,
relative,D,T10_standalone,realized,o2o,primary,long_legs_only,-0.29453202290562447,1.0578761469389426,0.46753715107079263,-0.5571018704966495,0.5473695547316278,-2.1980408199956987,21.0,4.96357526700737,0.9710281690079132,1.0786586523670965,1337.0,1136.0,,,,,,,,,,,,,,,,,,,,,,,,,,,,,,,,,,,,,,,,,,,,,,,,,
relative,D,T10_standalone,realized,o2o,primary,equal_weight_universe,0.27892986970460787,0.2645795106134272,0.7276797363225692,0.19534414178552245,0.014930988109456034,1.4263841525453915,21.0,4.826972588314906,0.2091503950816254,-0.0417454535623028,1789.0,680.0,,,,,,,,,,,,,,,,,,,,,,,,,,,,,,,,,,,,,,,,,,,,,,,,,
metrics,D,T10_standalone,realized,o2o,primary,,,,,,,,,,,,,,-0.25,2473.0,1.587135827010549,0.10170798354212462,0.6936834441402073,0.47304090293678325,0.5826419193992937,-0.8409926079415379,0.12093802321410525,0.32813938678762145,50.208730507862285,0.46440976670978623,0.7065729670424409,0.7002585599145897,6.805353895841256,-0.062340992462155895,-0.09448457997187637,-0.9896325752389004,-1.4998962080158744,-0.11061743176902342,-0.1541161389630096,-1.7559972907769497,-2.4465178603055717,5.0,452.2,1427.0,2072.0,885.0,True,49.20366403479504,0.20670814976340063,-1.9187677796403957,3.3274854208688502,0.23222322232223222,0.5423728813559322,0.6978170815522495,0.11220451970295864,0.5240752440993447,0.09131887508047987,0.0020257031498973664,0.011604394564567942,,,,,,,,
relative,E,portfolio,realized,o2o,primary,buy_hold_QQQ,0.2878701027430857,1.1449156158543972,0.43806712068278747,0.7308564307365708,0.19926426455529023,2.380960264226587,21.0,2.6568508857048716,1.121603537116851,0.8102037871371153,1442.0,1031.0,,,,,,,,,,,,,,,,,,,,,,,,,,,,,,,,,,,,,,,,,,,,,,,,,
relative,E,portfolio,realized,o2o,primary,buy_hold_TQQQ,0.29175749065199263,0.3912354745292534,0.5546092392123195,-0.1788560903445594,0.20305778661773877,2.4572470411690923,21.0,2.8798968616512237,0.37732228635928305,0.26918224457495527,1436.0,1037.0,,,,,,,,,,,,,,,,,,,,,,,,,,,,,,,,,,,,,,,,,,,,,,,,,
relative,E,portfolio,realized,o2o,primary,vol_targeted_QQQ_matched,0.3410633229481305,0.6612483785739075,0.46176752372898094,0.5145598747205514,0.14470751897572076,2.6399491258138807,21.0,3.1114229961911084,0.7413108021645606,0.52152847737077,1437.0,1036.0,,,,,,,,,,,,,,,,,,,,,,,,,,,,,,,,,,,,,,,,,,,,,,,,,
relative,E,portfolio,realized,o2o,primary,naive_fast_1d_momentum,0.4354874415462211,0.35274232240568854,0.5315322450603027,0.4481160097078757,0.07755619507105826,3.244556259451984,21.0,2.5354963217120567,0.4052006270892174,0.12688210668522537,1258.0,1213.0,,,,,,,,,,,,,,,,,,,,,,,,,,,,,,,,,,,,,,,,,,,,,,,,,
relative,E,portfolio,realized,o2o,primary,sleeve_T10_standalone,0.39426504860407313,0.5200620975365627,0.4677640747101586,0.5494109671570825,0.562034200960474,4.52536896740699,21.0,3.7135999709771124,0.5702716755438707,0.46435135121693677,1235.0,1238.0,,,,,,,,,,,,,,,,,,,,,,,,,,,,,,,,,,,,,,,,,,,,,,,,,
relative,E,portfolio,realized,o2o,primary,sleeve_T11_standalone,0.24318529539660488,0.6953445451952786,0.35678950070394605,0.313407809074609,0.577590216001258,2.5541830733852953,21.0,2.252995402752988,0.7379058866740983,0.6543795345767885,1259.0,1214.0,,,,,,,,,,,,,,,,,,,,,,,,,,,,,,,,,,,,,,,,,,,,,,,,,
relative,E,portfolio,realized,o2o,primary,sleeve_S2_standalone,0.0685822028544888,0.673573124627547,0.34714253738696677,-0.46475338485612794,0.6471497953853824,0.8316250754795834,21.0,2.819431678498502,0.6377124238798398,0.6037799914683003,1374.0,1099.0,,,,,,,,,,,,,,,,,,,,,,,,,,,,,,,,,,,,,,,,,,,,,,,,,
relative,E,portfolio,realized,o2o,primary,sleeve_S3_standalone,0.10108870562819686,0.673473644282527,0.3297502416572795,-0.3432075838247529,0.7118045177790285,1.1886658217936172,21.0,0.42698561866379914,0.6722820021702662,0.6332436436483008,1484.0,981.0,,,,,,,,,,,,,,,,,,,,,,,,,,,,,,,,,,,,,,,,,,,,,,,,,
relative,E,portfolio,realized,o2o,primary,matched_exposure_levered_QQQ_1.70,0.2923788950621733,0.6903055565967703,0.4472040816883238,0.4023589992392814,0.20305593089323637,2.462891375490192,21.0,2.8798544632656293,0.6655640720918523,0.47532593671790685,1439.0,1034.0,,,,,,,,,,,,,,,,,,,,,,,,,,,,,,,,,,,,,,,,,,,,,,,,,
relative,E,portfolio,realized,o2o,primary,long_legs_only,-0.037309672103108656,0.9859261270318337,0.09986243366538924,-0.4565643491540379,0.9584180137078695,-1.2258199896612991,21.0,1.71551124348443,0.947975141473677,0.9544606784068809,1337.0,1136.0,,,,,,,,,,,,,,,,,,,,,,,,,,,,,,,,,,,,,,,,,,,,,,,,,
relative,E,portfolio,realized,o2o,primary,equal_weight_universe,0.4348328718790303,0.5816328152124656,0.47111533240087805,0.7578190379074544,0.145455170052044,3.503508157056852,21.0,2.9956838759163684,0.7384859836710981,0.39084748442159023,1789.0,680.0,,,,,,,,,,,,,,,,,,,,,,,,,,,,,,,,,,,,,,,,,,,,,,,,,
metrics,E,portfolio,realized,o2o,primary,,,,,,,,,,,,,,-0.25,2473.0,67.03875545194464,0.5373007413802378,0.48857264319577864,1.1114170095635547,1.3740470361123882,-0.5319122078920933,1.0101304941082263,0.543011581144458,35.57990254732845,0.3481849785551743,1.5595491321817923,0.4043097005925556,8.160247153201778,-0.042242960426278085,-0.06737107070958535,-0.6705862075864492,-1.0694825919462643,-0.07484848558191473,-0.11491539313230105,-1.1881828731573,-1.82422531224773,13.0,99.53846153846153,75.0,106.0,59.0,True,15.028016471263783,3.575327072655606,-0.21662251338626481,2.949938106153889,0.016201620162016202,0.5932203389830508,1.4676749923820924,0.3870162183170882,1.4643121848522596,0.7037270412503713,0.015101242637343353,0.03861862843172851,,,,,,,,
relative,E,T10_standalone,realized,o2o,primary,buy_hold_QQQ,0.18186725502023723,0.6723401634087157,0.6814543701137613,0.15973059123146724,0.03439607463549621,0.9145161781206295,21.0,4.8377533489744495,0.29019311992011954,0.0011728872870905053,1442.0,1031.0,,,,,,,,,,,,,,,,,,,,,,,,,,,,,,,,,,,,,,,,,,,,,,,,,
relative,E,T10_standalone,realized,o2o,primary,buy_hold_TQQQ,0.18439980305558382,0.2293602471740223,0.8051673580945272,-0.3856469091581856,0.03493234972805159,0.9335561382296589,21.0,4.9057339009384435,0.09732535918587996,-0.00022805880673327827,1436.0,1037.0,,,,,,,,,,,,,,,,,,,,,,,,,,,,,,,,,,,,,,,,,,,,,,,,,
relative,E,T10_standalone,realized,o2o,primary,vol_targeted_QQQ_matched,0.26337866441183083,0.2236962603076605,0.7214868131750583,0.03644138169978422,0.00828948621836656,1.3353605335262078,21.0,4.973750826167252,0.190453336754188,-0.0018720685994337808,1437.0,1036.0,,,,,,,,,,,,,,,,,,,,,,,,,,,,,,,,,,,,,,,,,,,,,,,,,
relative,E,T10_standalone,realized,o2o,primary,naive_fast_1d_momentum,0.2975641508315436,0.11197420995196569,0.7696452795969279,0.03491614460603832,0.003911881381380988,1.5347223761480622,21.0,4.917920907129895,0.0500643690673253,-0.16190914700415598,1258.0,1213.0,,,,,,,,,,,,,,,,,,,,,,,,,,,,,,,,,,,,,,,,,,,,,,,,,
relative,E,T10_standalone,realized,o2o,primary,sleeve_T10_standalone,0.0532398989182465,0.9735671218242214,0.08409012969456625,0.5432224928660946,0.9858990419540749,2.212948154708992,21.0,2.378854046623779,0.9426416700956396,0.9253534044860623,1235.0,1238.0,,,,,,,,,,,,,,,,,,,,,,,,,,,,,,,,,,,,,,,,,,,,,,,,,
relative,E,T10_standalone,realized,o2o,primary,sleeve_T11_standalone,0.04665837576635319,0.6610485038466384,0.6205152467751854,-0.16034166381947135,0.2612971579857495,0.29659260309953095,21.0,5.975503233098518,0.7216023256836183,0.7134009267186564,1259.0,1214.0,,,,,,,,,,,,,,,,,,,,,,,,,,,,,,,,,,,,,,,,,,,,,,,,,
relative,E,T10_standalone,realized,o2o,primary,sleeve_S2_standalone,0.005732624166624918,0.46278862304428653,0.7086799414593359,-0.5258378434141853,0.15291460735279205,0.03232488209179457,21.0,5.458652250125915,0.3339469771853278,0.2984320910204205,1374.0,1099.0,,,,,,,,,,,,,,,,,,,,,,,,,,,,,,,,,,,,,,,,,,,,,,,,,
relative,E,T10_standalone,realized,o2o,primary,sleeve_S3_standalone,-0.04073463751605571,0.5675709081186753,0.6528869507941354,-0.49700464394312804,0.25305102066411367,-0.22922750409333628,21.0,4.738285547706197,0.4701997761154825,0.45868125296353396,1484.0,981.0,,,,,,,,,,,,,,,,,,,,,,,,,,,,,,,,,,,,,,,,,,,,,,,,,
relative,E,T10_standalone,realized,o2o,primary,matched_exposure_levered_QQQ_1.70,0.18476408630682703,0.40468893287061963,0.7044693124272597,-0.04454200558116529,0.03493203648675258,0.9356505295788795,21.0,4.905604444179921,0.1726428000565758,0.0008189867747254863,1439.0,1034.0,,,,,,,,,,,,,,,,,,,,,,,,,,,,,,,,,,,,,,,,,,,,,,,,,
relative,E,T10_standalone,realized,o2o,primary,long_legs_only,-0.2985031188071887,1.0706660905957464,0.45636043291103984,-0.5629512799835289,0.565747472165228,-2.2832678762971343,21.0,5.10438987549678,0.9961964994913658,1.1088754955804647,1337.0,1136.0,,,,,,,,,,,,,,,,,,,,,,,,,,,,,,,,,,,,,,,,,,,,,,,,,
relative,E,T10_standalone,realized,o2o,primary,equal_weight_universe,0.2810578708951608,0.272263361883532,0.7236261753246067,0.20135411086862998,0.015953577081989634,1.4451882350291376,21.0,4.870035496118484,0.22273160831645408,-0.028588075138376006,1789.0,680.0,,,,,,,,,,,,,,,,,,,,,,,,,,,,,,,,,,,,,,,,,,,,,,,,,
metrics,E,T10_standalone,realized,o2o,primary,,,,,,,,,,,,,,-0.25,2473.0,1.7360012239533376,0.10800668195647356,0.6905720600033793,0.4803225922809379,0.5934790918129174,-0.8210765704855971,0.1315427645104972,0.33169651833472746,47.88465040906287,0.47076042917834815,0.7045972808582512,0.7091025710632695,6.983409201991474,-0.06239012833463953,-0.0945379807410635,-0.9904125830331636,-1.5007439189464067,-0.1106189651421126,-0.15433158368224079,-1.756021632320116,-2.4499379391957787,5.0,452.8,1418.0,2059.0,876.0,True,46.80325406694621,0.23076746288192587,-1.8908495168249944,3.4135942694267754,0.2448244824482448,0.5338983050847458,0.7217031051379657,0.12542467427877968,0.520259461442469,0.09087201988314209,0.002255559579819585,0.012393931807855337,,,,,,,,
relative,F,portfolio,realized,o2o,primary,buy_hold_QQQ,0.2948095838988427,1.1802666380724747,0.434115668784243,0.7716412034663245,0.21254372045196201,2.476138946160172,21.0,2.69472094381645,1.1596694523348432,0.8417672427292926,1442.0,1031.0,,,,,,,,,,,,,,,,,,,,,,,,,,,,,,,,,,,,,,,,,,,,,,,,,
relative,F,portfolio,realized,o2o,primary,buy_hold_TQQQ,0.29871574589981503,0.40347313590255585,0.5467723028821491,-0.15431995163383352,0.21675942729298903,2.5581948513269865,21.0,2.912720960523496,0.39018567194763865,0.2797445048386639,1436.0,1037.0,,,,,,,,,,,,,,,,,,,,,,,,,,,,,,,,,,,,,,,,,,,,,,,,,
relative,F,portfolio,realized,o2o,primary,vol_targeted_QQQ_matched,0.34893177715917506,0.6840015131631845,0.4568954040378676,0.5524774418568581,0.15541092132929613,2.7348515112251928,21.0,3.1429046740439213,0.766601034684363,0.5420244091507004,1437.0,1036.0,,,,,,,,,,,,,,,,,,,,,,,,,,,,,,,,,,,,,,,,,,,,,,,,,
relative,F,portfolio,realized,o2o,primary,naive_fast_1d_momentum,0.446668265680556,0.36467231157399926,0.5273477213955383,0.4797697293105724,0.08319792352778077,3.347840716728894,21.0,2.48346265223496,0.4185128008962546,0.1333120817358857,1258.0,1213.0,,,,,,,,,,,,,,,,,,,,,,,,,,,,,,,,,,,,,,,,,,,,,,,,,
relative,F,portfolio,realized,o2o,primary,sleeve_T10_standalone,0.41154909979218884,0.5114378288267029,0.47589740412497367,0.5711568821154135,0.545561338090886,4.65527725745331,21.0,3.6986306008867524,0.558703079845478,0.44774399697827566,1235.0,1238.0,,,,,,,,,,,,,,,,,,,,,,,,,,,,,,,,,,,,,,,,,,,,,,,,,
relative,F,portfolio,realized,o2o,primary,sleeve_T11_standalone,0.26180015377561144,0.6865375575158317,0.3625474368643804,0.34930044374527563,0.5651371769739332,2.7050234999609155,21.0,1.9216105127568877,0.7293436701461524,0.6389700783236868,1259.0,1214.0,,,,,,,,,,,,,,,,,,,,,,,,,,,,,,,,,,,,,,,,,,,,,,,,,
relative,F,portfolio,realized,o2o,primary,sleeve_S2_standalone,0.07916867954661504,0.6795799460701362,0.3399067706000358,-0.43105438635569615,0.6611834573836926,0.9835306623750469,21.0,2.6801812273215813,0.6442563764438635,0.6067309189991088,1374.0,1099.0,,,,,,,,,,,,,,,,,,,,,,,,,,,,,,,,,,,,,,,,,,,,,,,,,
relative,F,portfolio,realized,o2o,primary,sleeve_S3_standalone,0.11427019061589802,0.6759666629506383,0.3255557314029252,-0.3021154578418415,0.7197400003290546,1.371431231965318,21.0,0.6228604220793057,0.6775247831618001,0.6344669110666152,1484.0,981.0,,,,,,,,,,,,,,,,,,,,,,,,,,,,,,,,,,,,,,,,,,,,,,,,,
relative,F,portfolio,realized,o2o,primary,matched_exposure_levered_QQQ_1.70,0.29935589553702363,0.7118998952471586,0.44126815286928583,0.4413505718834859,0.21675860700524652,2.564126589800574,21.0,2.912670539467773,0.6882176571156166,0.4939316426164642,1439.0,1034.0,,,,,,,,,,,,,,,,,,,,,,,,,,,,,,,,,,,,,,,,,,,,,,,,,
relative,F,portfolio,realized,o2o,primary,long_legs_only,-0.024057099877274578,0.9885846027154054,0.0885452703082537,-0.34757657936151753,0.9671625096190866,-0.9006510963715945,21.0,2.0804682197486457,0.958149961648942,0.9607562345180379,1337.0,1136.0,,,,,,,,,,,,,,,,,,,,,,,,,,,,,,,,,,,,,,,,,,,,,,,,,
relative,F,portfolio,realized,o2o,primary,equal_weight_universe,0.4457835870204058,0.6024222143092925,0.46561933686075213,0.798586964427722,0.15661698864092155,3.6487801768652197,21.0,2.9817521144382324,0.7654004753071642,0.4098053477696257,1789.0,680.0,,,,,,,,,,,,,,,,,,,,,,,,,,,,,,,,,,,,,,,,,,,,,,,,,
metrics,F,portfolio,realized,o2o,primary,,,,,,,,,,,,,,0.0,2473.0,77.95763154705587,0.5607935349864881,0.48766957248016657,1.1438570931763061,1.4237548680293322,-0.534761042775782,1.0486806070905603,0.5578289460034508,36.61374405645837,0.3480479280868088,1.602736005554727,0.3746062611792881,8.113684076511378,-0.04254263637537279,-0.06733741593372977,-0.6753434157977203,-1.0689483389422032,-0.07410256815899705,-0.11503353126263974,-1.1763418011595177,-1.826100696927112,13.0,97.07692307692308,75.0,106.0,59.0,True,14.610383576350687,3.838321780231868,-0.17614113924779537,2.9746960539024028,0.011701170117011701,0.6101694915254238,1.5400999846189765,0.40991087395844317,1.504518849494238,0.7276810139021681,0.015316476078538834,0.038885803807278026,,,,,,,,
relative,F,T10_standalone,realized,o2o,primary,buy_hold_QQQ,0.23933638441088984,0.7559104241233691,0.6687770677730724,0.2765370761041625,0.04450974497691107,1.2382356116154067,21.0,4.922547849151156,0.38863981922107294,0.042567160862236074,1442.0,1031.0,,,,,,,,,,,,,,,,,,,,,,,,,,,,,,,,,,,,,,,,,,,,,,,,,
relative,F,T10_standalone,realized,o2o,primary,buy_hold_TQQQ,0.24177734873853948,0.2585019491104296,0.7866292176743858,-0.29800286117684965,0.04542582389507366,1.2610870024923087,21.0,4.993990176259677,0.13057735962305037,0.01365313479009889,1436.0,1037.0,,,,,,,,,,,,,,,,,,,,,,,,,,,,,,,,,,,,,,,,,,,,,,,,,
relative,F,T10_standalone,realized,o2o,primary,vol_targeted_QQQ_matched,0.3263632398145709,0.2666162835791871,0.7090201327671256,0.14440284142938933,0.012054998827578878,1.698631117634132,21.0,5.056938520793602,0.25566904062055973,0.024812607523052862,1437.0,1036.0,,,,,,,,,,,,,,,,,,,,,,,,,,,,,,,,,,,,,,,,,,,,,,,,,
relative,F,T10_standalone,realized,o2o,primary,naive_fast_1d_momentum,0.3671579635633381,0.1332938697136191,0.7582594188041393,0.1357920373637984,0.005674840787236901,1.9339975429452358,21.0,4.963096803605353,0.07940537723916018,-0.17600451656291077,1258.0,1213.0,,,,,,,,,,,,,,,,,,,,,,,,,,,,,,,,,,,,,,,,,,,,,,,,,
relative,F,T10_standalone,realized,o2o,primary,sleeve_T10_standalone,0.13555623745591272,0.9518068909703287,0.1326902415497234,0.9177177907572508,0.9646771715489789,3.5092524414426016,21.0,2.444255083040794,0.9123127141020397,0.8715004883832719,1235.0,1238.0,,,,,,,,,,,,,,,,,,,,,,,,,,,,,,,,,,,,,,,,,,,,,,,,,
relative,F,T10_standalone,realized,o2o,primary,sleeve_T11_standalone,0.12776434108553258,0.6494215907867599,0.6169423253118422,-0.037932073520019295,0.258169625333472,0.8153094975944568,21.0,5.783174254568384,0.712997996539072,0.6753379860855149,1259.0,1214.0,,,,,,,,,,,,,,,,,,,,,,,,,,,,,,,,,,,,,,,,,,,,,,,,,
relative,F,T10_standalone,realized,o2o,primary,sleeve_S2_standalone,0.06744984830266268,0.4831980465314658,0.6908521414952031,-0.429264337219956,0.17065445532946477,0.39239032544535113,21.0,5.504813534654617,0.36080153974313384,0.3051405591184706,1374.0,1099.0,,,,,,,,,,,,,,,,,,,,,,,,,,,,,,,,,,,,,,,,,,,,,,,,,
relative,F,T10_standalone,realized,o2o,primary,sleeve_S3_standalone,0.02349561931194072,0.5856485845452859,0.633770268911294,-0.39193271323583956,0.27581996625050675,0.13658035708807664,21.0,4.826833936829361,0.4970199169119043,0.4647711944582394,1484.0,981.0,,,,,,,,,,,,,,,,,,,,,,,,,,,,,,,,,,,,,,,,,,,,,,,,,
relative,F,T10_standalone,realized,o2o,primary,matched_exposure_levered_QQQ_1.70,0.2421850001023359,0.45611531019050716,0.689030280360084,0.06489420085091265,0.04542701656103454,1.2635654344445215,21.0,4.993846693679284,0.23105922759022163,0.02504241970239658,1439.0,1034.0,,,,,,,,,,,,,,,,,,,,,,,,,,,,,,,,,,,,,,,,,,,,,,,,,
relative,F,T10_standalone,realized,o2o,primary,long_legs_only,-0.2305693066033862,1.084527220492006,0.43667819026784127,-0.4140718460847771,0.5942635659401257,-1.8629605747691445,21.0,5.122281751737303,1.0353475983172218,1.1246581012759098,1337.0,1136.0,,,,,,,,,,,,,,,,,,,,,,,,,,,,,,,,,,,,,,,,,,,,,,,,,
relative,F,T10_standalone,realized,o2o,primary,equal_weight_universe,0.3410332786008663,0.358918640580844,0.7034165099968568,0.31531482049900594,0.02838280823695849,1.8151685983588677,21.0,4.929847400645496,0.3349071812074594,0.03815860500988221,1789.0,680.0,,,,,,,,,,,,,,,,,,,,,,,,,,,,,,,,,,,,,,,,,,,,,,,,,
metrics,F,T10_standalone,realized,o2o,primary,,,,,,,,,,,,,,0.0,2473.0,5.09348684971674,0.20220421300510094,0.6825219882099607,0.5974746846315133,0.7145280396810691,-0.7917787063329608,0.25537970570285773,0.40778906378667,53.68800757104703,0.47346294833147196,0.8612903400862878,0.7269613586786831,7.377476703509577,-0.061362898725273514,-0.09376818292215648,-0.9741058185186966,-1.4885237574146393,-0.10978711440827324,-0.15349319880508985,-1.742816411302123,-2.436628991868386,7.0,307.57142857142856,1242.0,1800.0,711.0,True,41.69571704171078,0.48495199831393637,-1.837615657512296,3.4133229207107467,0.19666966696669666,0.5677966101694916,0.8441874902556747,0.1772520809782725,0.6692042492614184,0.22766439565486385,0.003766282679377098,0.013308894704939678,,,,,,,,
relative,B_all,portfolio,realized,o2o,primary,buy_hold_QQQ,0.2772559476690047,1.2557217608434497,0.4266709468011405,0.7833738902965126,0.24153533171165242,2.412664536812646,21.0,2.9721679709607294,1.208841792741659,0.903715991215202,1442.0,1031.0,,,,,,,,,,,,,,,,,,,,,,,,,,,,,,,,,,,,,,,,,,,,,,,,,
relative,B_all,portfolio,realized,o2o,primary,buy_hold_TQQQ,0.28221628428469403,0.42801476869011335,0.5314926587403627,-0.16014620628886017,0.24489057357041188,2.5038231610729835,21.0,3.1921382458891445,0.40650315419045224,0.3000814878209792,1436.0,1037.0,,,,,,,,,,,,,,,,,,,,,,,,,,,,,,,,,,,,,,,,,,,,,,,,,
relative,B_all,portfolio,realized,o2o,primary,vol_targeted_QQQ_matched,0.33568106661802993,0.7249702978043311,0.44871824725682147,0.5608992902015633,0.17527244682645604,2.7151990352080153,21.0,3.5409688932425647,0.7987737639118443,0.5816289398080562,1437.0,1036.0,,,,,,,,,,,,,,,,,,,,,,,,,,,,,,,,,,,,,,,,,,,,,,,,,
relative,B_all,portfolio,realized,o2o,primary,naive_fast_1d_momentum,0.4401569535974531,0.3836100082166414,0.5210834418113995,0.4841198082161166,0.09242566361713611,3.34830649025499,21.0,2.946312641421704,0.4299915257252415,0.14848833592660834,1258.0,1213.0,,,,,,,,,,,,,,,,,,,,,,,,,,,,,,,,,,,,,,,,,,,,,,,,,
relative,B_all,portfolio,realized,o2o,primary,sleeve_T10_standalone,0.4096847204333404,0.5153736866408485,0.4707880224468939,0.5757865684555745,0.5561708005984511,4.693463903382551,21.0,3.770939924460461,0.5579681585880464,0.4471541819763581,1235.0,1238.0,,,,,,,,,,,,,,,,,,,,,,,,,,,,,,,,,,,,,,,,,,,,,,,,,
relative,B_all,portfolio,realized,o2o,primary,sleeve_T11_standalone,0.27099210925028155,0.6635068961545278,0.3790027079954734,0.33218581368233435,0.5299342272929847,2.7690294895657837,21.0,2.8345555125892576,0.7106605524913571,0.6175458918506627,1259.0,1214.0,,,,,,,,,,,,,,,,,,,,,,,,,,,,,,,,,,,,,,,,,,,,,,,,,
relative,B_all,portfolio,realized,o2o,primary,sleeve_S2_standalone,0.08647446856600867,0.6681588087735495,0.34983109737376056,-0.42093731276831264,0.6416616420194461,1.0930022975229663,21.0,3.587880563295217,0.6389548325240021,0.6003596077109611,1374.0,1099.0,,,,,,,,,,,,,,,,,,,,,,,,,,,,,,,,,,,,,,,,,,,,,,,,,
relative,B_all,portfolio,realized,o2o,primary,sleeve_S3_standalone,0.11018257401207822,0.6810703489740519,0.3181672820399797,-0.311452754798133,0.733524867943298,1.3665529069378322,21.0,1.6455566594402946,0.6801300695099163,0.6384377107332779,1484.0,981.0,,,,,,,,,,,,,,,,,,,,,,,,,,,,,,,,,,,,,,,,,,,,,,,,,
relative,B_all,portfolio,realized,o2o,primary,matched_exposure_levered_QQQ_1.70,0.2828962717473593,0.7551993964544145,0.43008909227643566,0.4511048930903167,0.24488803898958367,2.5102834591981487,21.0,3.1919179866294716,0.7170362382705711,0.5298837385149545,1439.0,1034.0,,,,,,,,,,,,,,,,,,,,,,,,,,,,,,,,,,,,,,,,,,,,,,,,,
relative,B_all,portfolio,realized,o2o,primary,long_legs_only,-0.029088112550151906,0.995877020419326,0.058951699061510175,-0.5345888296053518,0.9853465578846369,-1.536882253154052,21.0,1.7105701551443417,0.9705382327710618,0.9767310655584819,1337.0,1136.0,,,,,,,,,,,,,,,,,,,,,,,,,,,,,,,,,,,,,,,,,,,,,,,,,
relative,B_all,portfolio,realized,o2o,primary,equal_weight_universe,0.4416526714467685,0.6206610022355696,0.4605705129385367,0.8057373729868901,0.16689819570505426,3.667399514517037,21.0,3.2092721481536657,0.7768776773881223,0.42487252629812716,1789.0,680.0,,,,,,,,,,,,,,,,,,,,,,,,,,,,,,,,,,,,,,,,,,,,,,,,,
metrics,B_all,portfolio,realized,o2o,primary,,,,,,,,,,,,,,-0.125,2473.0,77.76315129957023,0.5604013561948153,0.4867121885757475,1.1445880749330344,1.3894692840701202,-0.5106491033746241,1.097429433423859,0.557090288371295,34.55415992721048,0.34727522414303974,1.6041751603386316,0.385822282494843,8.195133824827264,-0.04258016892681031,-0.0670971194653089,-0.6759392265807608,-1.0651337507639909,-0.07382651891475255,-0.1147993893252562,-1.171959655260248,-1.8223838089002657,14.0,98.42857142857143,75.0,106.0,60.0,True,14.537491020359791,3.8548698355856033,-0.12897609048560477,2.985115634020248,0.0067506750675067504,0.6016949152542372,1.56462579150508,0.39777572679387463,1.4702145992465074,0.7417928475793356,0.016218057605084886,0.04021134610122442,,,,,,,,
relative,B_all,T10_standalone,realized,o2o,primary,buy_hold_QQQ,0.20715518065597682,0.7089828089575635,0.6751567469988254,0.210769949822181,0.038725240706972364,1.056044361627469,21.0,4.869329247193179,0.3320720806672415,0.017627099646843756,1442.0,1031.0,,,,,,,,,,,,,,,,,,,,,,,,,,,,,,,,,,,,,,,,,,,,,,,,,
relative,B_all,T10_standalone,realized,o2o,primary,buy_hold_TQQQ,0.20965313651564493,0.24212920340272392,0.7964441142068659,-0.3478670427850553,0.03941647604895748,1.0767669667290065,21.0,4.93970755380234,0.11148412151456977,0.005308459250662199,1436.0,1037.0,,,,,,,,,,,,,,,,,,,,,,,,,,,,,,,,,,,,,,,,,,,,,,,,,
relative,B_all,T10_standalone,realized,o2o,primary,vol_targeted_QQQ_matched,0.2916166120760112,0.24077425316736317,0.7155143297109031,0.08350024328083555,0.009723490622894349,1.4975458976387235,21.0,5.0070021583889375,0.21820279919531016,0.008739042957723854,1437.0,1036.0,,,,,,,,,,,,,,,,,,,,,,,,,,,,,,,,,,,,,,,,,,,,,,,,,
relative,B_all,T10_standalone,realized,o2o,primary,naive_fast_1d_momentum,0.3282435380966082,0.12107540207501884,0.7640428166071905,0.07895721132116529,0.004630772525114457,1.7108759774943114,21.0,4.937385069289923,0.06156746457944421,-0.16975140797811739,1258.0,1213.0,,,,,,,,,,,,,,,,,,,,,,,,,,,,,,,,,,,,,,,,,,,,,,,,,
relative,B_all,T10_standalone,realized,o2o,primary,sleeve_T10_standalone,0.08911084712013595,0.9651155085909815,0.09783492087355546,0.8088450772286179,0.980959731553399,3.1631621419128293,21.0,2.2731888606611386,0.9324800092696748,0.9051061359044156,1235.0,1238.0,,,,,,,,,,,,,,,,,,,,,,,,,,,,,,,,,,,,,,,,,,,,,,,,,
relative,B_all,T10_standalone,realized,o2o,primary,sleeve_T11_standalone,0.08090674819801742,0.6592054035874212,0.6166086012703381,-0.107103278653127,0.2630882757663613,0.5175909975903402,21.0,5.898919155585588,0.7219269885333955,0.7014368178352984,1259.0,1214.0,,,,,,,,,,,,,,,,,,,,,,,,,,,,,,,,,,,,,,,,,,,,,,,,,
relative,B_all,T10_standalone,realized,o2o,primary,sleeve_S2_standalone,0.03284780952229305,0.4717876769797432,0.7001535572013626,-0.48446099337435017,0.16090470982365135,0.18804096016290653,21.0,5.471514903174195,0.3453732656803649,0.30090583958538775,1374.0,1099.0,,,,,,,,,,,,,,,,,,,,,,,,,,,,,,,,,,,,,,,,,,,,,,,,,
relative,B_all,T10_standalone,realized,o2o,primary,sleeve_S3_standalone,-0.012670686333858566,0.5757845952438668,0.6436018191704453,-0.4521960528920877,0.2636816253534112,-0.07246628990641672,21.0,4.76489457603263,0.4822936189917077,0.4617593983436368,1484.0,981.0,,,,,,,,,,,,,,,,,,,,,,,,,,,,,,,,,,,,,,,,,,,,,,,,,
relative,B_all,T10_standalone,realized,o2o,primary,matched_exposure_levered_QQQ_1.70,0.21003600543403708,0.42722346499464814,0.6969996667566994,0.002977287227801328,0.0394169839092916,1.0790275553528093,21.0,4.939572455705377,0.19749910069493695,0.010451318206915952,1439.0,1034.0,,,,,,,,,,,,,,,,,,,,,,,,,,,,,,,,,,,,,,,,,,,,,,,,,
relative,B_all,T10_standalone,realized,o2o,primary,long_legs_only,-0.2691718957818483,1.0776698023687818,0.4461882176038596,-0.5008089339283869,0.5803338423268382,-2.1180119390543473,21.0,5.085843239097083,1.0138153483797931,1.116327430893458,1337.0,1136.0,,,,,,,,,,,,,,,,,,,,,,,,,,,,,,,,,,,,,,,,,,,,,,,,,
relative,B_all,T10_standalone,realized,o2o,primary,equal_weight_universe,0.30650467540275117,0.31531287479448283,0.7133820286582496,0.2511399813676718,0.02166481685665078,1.602363869886578,21.0,4.8948597645668,0.2755619467252236,0.004912932266753984,1789.0,680.0,,,,,,,,,,,,,,,,,,,,,,,,,,,,,,,,,,,,,,,,,,,,,,,,,
metrics,B_all,T10_standalone,realized,o2o,primary,,,,,,,,,,,,,,-0.125,2473.0,2.910341891498221,0.14907133919565574,0.6862980933857753,0.5320587282759291,0.6432909990001382,-0.8121454449030376,0.18355251529293923,0.36515016258623867,52.102935370970336,0.4717220332930741,0.7740790906821521,0.7196088869985032,7.1896029703023405,-0.0614585819754894,-0.09422822152461595,-0.9756247430269303,-1.495826643828224,-0.11061703927581075,-0.15377114472653777,-1.7559910601403577,-2.4410412465848412,6.0,363.0,1296.0,1882.0,765.0,True,44.74262719814912,0.33317520344854135,-1.8591472308653882,3.416299633323991,0.21422142214221424,0.5338983050847458,0.7678413716197715,0.14635614768058858,0.5860630612207803,0.1517907589717351,0.002861092914137661,0.012346540447672246,,,,,,,,
relative,A,portfolio,synthetic,c2c,early,buy_hold_QQQ,0.019745382064071833,0.8562297253667891,0.5161423768322358,0.029517403668004552,0.181712673995159,0.0803671114577956,21.0,2.227901451916375,0.8127721332053379,0.798199895194975,525.0,461.0,,,,,,,,,,,,,,,,,,,,,,,,,,,,,,,,,,,,,,,,,,,,,,,,,
relative,A,portfolio,synthetic,c2c,early,buy_hold_TQQQ,0.0267414105375461,0.2853278877069975,0.7959536333653549,-0.02891419631777418,0.18168980885122543,0.10898225865767164,21.0,2.228674111218078,0.271926858938327,0.2649828966121297,525.0,461.0,,,,,,,,,,,,,,,,,,,,,,,,,,,,,,,,,,,,,,,,,,,,,,,,,
relative,A,portfolio,synthetic,c2c,early,vol_targeted_QQQ_matched,0.017063322917185715,0.7515445045124834,0.5247193223647213,0.01390590343158781,0.16727835471577712,0.07023216600109343,21.0,1.5795143593695173,0.7054694472554943,0.6937300644845397,525.0,461.0,,,,,,,,,,,,,,,,,,,,,,,,,,,,,,,,,,,,,,,,,,,,,,,,,
relative,A,portfolio,synthetic,c2c,early,naive_fast_1d_momentum,0.10603480746927085,0.2641793541923481,0.6793655815417162,0.3997290104398144,0.06311715579381094,0.4492672643824027,21.0,3.126516375022345,0.36049529903610955,0.3051046080760468,497.0,489.0,,,,,,,,,,,,,,,,,,,,,,,,,,,,,,,,,,,,,,,,,,,,,,,,,
relative,A,portfolio,synthetic,c2c,early,sleeve_T10_standalone,0.0748687826269922,0.5549623903633584,0.49999167774903386,0.19506992305318308,0.6368806160782418,0.5092328080324978,21.0,3.194746372159903,0.5136056876620827,0.4970596099570747,484.0,502.0,,,,,,,,,,,,,,,,,,,,,,,,,,,,,,,,,,,,,,,,,,,,,,,,,
relative,A,portfolio,synthetic,c2c,early,sleeve_T11_standalone,-0.21677421915098455,0.6891300439096475,0.4035150404001027,-0.8316576211045231,0.6236436351479957,-1.2828379456337362,21.0,2.395812957337603,0.6836420525149501,0.7527674099833422,482.0,504.0,,,,,,,,,,,,,,,,,,,,,,,,,,,,,,,,,,,,,,,,,,,,,,,,,
relative,A,portfolio,synthetic,c2c,early,sleeve_S2_standalone,-0.04886611290191426,0.6084570313834762,0.43284749213946194,-0.25483014811118615,0.7183892124304375,-0.31896019414216265,21.0,2.123829901494722,0.5688699077356558,0.5791788187989007,505.0,481.0,,,,,,,,,,,,,,,,,,,,,,,,,,,,,,,,,,,,,,,,,,,,,,,,,
relative,A,portfolio,synthetic,c2c,early,sleeve_S3_standalone,0.22349911999486977,0.711000079592606,0.4244421392545325,0.6959741879315545,0.5308934890650308,1.1851958672143155,21.0,2.0673916759328206,0.7332894341634387,0.631914134852311,687.0,295.0,,,,,,,,,,,,,,,,,,,,,,,,,,,,,,,,,,,,,,,,,,,,,,,,,
relative,A,portfolio,synthetic,c2c,early,matched_exposure_levered_QQQ_1.70,0.0307006325568539,0.5040163699430245,0.5671700909196572,0.02653295803209094,0.18123127599236832,0.12524137868024066,21.0,2.2283421716214393,0.48207872106037497,0.4688215866688727,525.0,461.0,,,,,,,,,,,,,,,,,,,,,,,,,,,,,,,,,,,,,,,,,,,,,,,,,
relative,A,portfolio,synthetic,c2c,early,long_legs_only,0.09378642164815071,0.9380507006181716,0.2041526044946366,0.47465588233468364,0.8749949827846613,0.9576129903199864,21.0,3.7195742197103874,0.8806870828925855,0.8478929483764759,485.0,501.0,,,,,,,,,,,,,,,,,,,,,,,,,,,,,,,,,,,,,,,,,,,,,,,,,
relative,A,portfolio,synthetic,c2c,early,equal_weight_universe,0.057884214370872385,6.311302914986019,0.5685070167614833,0.08512302079853463,0.003556766915673748,0.2303941302234244,21.0,3.1043553455104207,10.453410894404247,5.887200012216165,976.0,7.0,,,,,,,,,,,,,,,,,,,,,,,,,,,,,,,,,,,,,,,,,,,,,,,,,
metrics,A,portfolio,synthetic,c2c,early,,,,,,,,,,,,,,-0.375,986.0,-0.3377438660489658,-0.09996755878248287,0.568778647513248,0.08193718810334125,0.12992780442397467,-0.6453735749855631,-0.15489874803863657,0.04660605693224465,43.944845573631504,0.39701654176743517,0.11739071809140285,1.4323226330450438,15.375317257157525,-0.05612975865456685,-0.0799723899380157,-0.8910322953003558,-1.2695223331648422,-0.09013390020463169,-0.11975695238089741,-1.4308313078266157,-1.9010826826251546,4.0,237.25,507.0,731.0,,False,32.493910425357996,-0.30765013343690684,-1.5062403213568638,1.3772386525751286,0.3333333333333333,0.425531914893617,0.7841822824815137,0.0995471140743065,-0.4720995872366618,-0.2632799587437955,-0.0022748415082033424,0.0029566107862701433,,,,,,,,
relative,A,T10_standalone,synthetic,c2c,early,buy_hold_QQQ,-0.0728897789310113,0.7000919938006462,0.798092079626861,-0.1031186216721924,0.05874675910445781,-0.1856489415227218,21.0,2.511674510890998,0.43274898377757876,0.472999711574834,525.0,461.0,,,,,,,,,,,,,,,,,,,,,,,,,,,,,,,,,,,,,,,,,,,,,,,,,
relative,A,T10_standalone,synthetic,c2c,early,buy_hold_TQQQ,-0.06717121467844739,0.23332140642881036,1.02671833921077,-0.11741067936253233,0.058751690839374704,-0.1712628615369566,21.0,2.5119628667864484,0.14478359562268658,0.15702436748527207,525.0,461.0,,,,,,,,,,,,,,,,,,,,,,,,,,,,,,,,,,,,,,,,,,,,,,,,,
relative,A,T10_standalone,synthetic,c2c,early,vol_targeted_QQQ_matched,-0.06917065597884328,0.46409746883057673,0.8221450906138724,-0.10975756336739405,0.030847346665359154,-0.17708469895618206,21.0,2.4421943909715544,0.37561719196986404,0.41109266286213364,525.0,461.0,,,,,,,,,,,,,,,,,,,,,,,,,,,,,,,,,,,,,,,,,,,,,,,,,
relative,A,T10_standalone,synthetic,c2c,early,naive_fast_1d_momentum,-0.006783682617742618,0.19623208047960283,0.9202208386160525,0.1891163362400382,0.01684064658118023,-0.017768908991652847,21.0,2.9971970579525644,0.13677235049397865,0.14319286411562637,497.0,489.0,,,,,,,,,,,,,,,,,,,,,,,,,,,,,,,,,,,,,,,,,,,,,,,,,
relative,A,T10_standalone,synthetic,c2c,early,sleeve_T10_standalone,6.830473686658678e-18,1.0000000000000004,0.0,,1.0,0.04044251192112894,21.0,3.3710590772296194,1.0,1.0,484.0,502.0,,,,,,,,,,,,,,,,,,,,,,,,,,,,,,,,,,,,,,,,,,,,,,,,,
relative,A,T10_standalone,synthetic,c2c,early,sleeve_T11_standalone,-0.2931628653395063,0.633805314639635,0.7452129469878992,-0.5812025924072061,0.25510263951894085,-0.897939073338033,21.0,3.6914729226579,0.6257437564136252,0.7192481202943336,482.0,504.0,,,,,,,,,,,,,,,,,,,,,,,,,,,,,,,,,,,,,,,,,,,,,,,,,
relative,A,T10_standalone,synthetic,c2c,early,sleeve_S2_standalone,-0.13436413752382853,0.5317543532432802,0.7932032255579742,-0.26202103312299263,0.26533293126346114,-0.3854204006594618,21.0,3.0265939936599398,0.35141018142810265,0.3776655476909079,505.0,481.0,,,,,,,,,,,,,,,,,,,,,,,,,,,,,,,,,,,,,,,,,,,,,,,,,
relative,A,T10_standalone,synthetic,c2c,early,sleeve_S3_standalone,0.10447606988420441,0.6246248047152767,0.7644302402631329,0.25884302407732973,0.19814158237955626,0.3014598792374892,21.0,2.799553862358589,0.5221724299140875,0.4726056475684963,687.0,295.0,,,,,,,,,,,,,,,,,,,,,,,,,,,,,,,,,,,,,,,,,,,,,,,,,
relative,A,T10_standalone,synthetic,c2c,early,matched_exposure_levered_QQQ_1.70,-0.06396550525397074,0.4131595747746618,0.8420989319214031,-0.09795124392107192,0.058890952779722894,-0.1632397004373561,21.0,2.5118280912648556,0.256675971181417,0.27781571584930576,525.0,461.0,,,,,,,,,,,,,,,,,,,,,,,,,,,,,,,,,,,,,,,,,,,,,,,,,
relative,A,T10_standalone,synthetic,c2c,early,long_legs_only,0.002606270188503968,1.0643661969142988,0.5530900047648122,-0.0011410502503636378,0.5447586794738408,0.00953700577693284,21.0,1.9567815960541255,0.9521071378099967,0.9530976644262084,485.0,501.0,,,,,,,,,,,,,,,,,,,,,,,,,,,,,,,,,,,,,,,,,,,,,,,,,
relative,A,T10_standalone,synthetic,c2c,early,equal_weight_universe,-0.032852301843472695,10.114832174903487,0.8176103623095009,-0.06010234918626629,0.004417777019587565,-0.08528219105581944,21.0,3.320847954637517,3.543397402875503,11.509141388632962,976.0,7.0,,,,,,,,,,,,,,,,,,,,,,,,,,,,,,,,,,,,,,,,,,,,,,,,,
metrics,A,T10_standalone,synthetic,c2c,early,,,,,,,,,,,,,,-0.375,986.0,-0.7664771666536893,-0.3104610233096745,0.8179402519468534,-0.06226209395590255,-0.07538768473834835,-0.9084735241068208,-0.3417392087622024,-0.050927281173491296,58.72205847511922,0.5092214782167483,-0.10001008078416966,1.0336068146369017,7.9047819930790375,-0.0784182563363428,-0.10698538707282962,-1.2448512270796688,-1.69834036867615,-0.11730216101779999,-0.14780284159400256,-1.8621140778213243,-2.3462973715584257,2.0,480.5,690.0,996.0,,False,57.71351264287112,-0.5379347211645126,-2.2478889500665282,1.3998213904472132,0.5782312925170068,0.44680851063829785,0.8288210023335879,-0.004648411999578439,-0.6887519891750252,-0.5223155253810281,-0.005286957429144248,-0.0012838052121468193,,,,,,,,
relative,B,portfolio,synthetic,c2c,early,buy_hold_QQQ,0.004661508697631793,0.9593409422966832,0.4964197144419996,0.006820838135797269,0.23055985101325915,0.019623630329191823,21.0,1.9847088203091983,0.9006798894670204,0.8960350393859807,525.0,461.0,,,,,,,,,,,,,,,,,,,,,,,,,,,,,,,,,,,,,,,,,,,,,,,,,
relative,B,portfolio,synthetic,c2c,early,buy_hold_TQQQ,0.012499890248302526,0.3196904503056896,0.7618965306314867,-0.04575889583532847,0.23053377325824997,0.052684361987235945,21.0,1.9855805088831915,0.30133790670922317,0.2974617782234402,525.0,461.0,,,,,,,,,,,,,,,,,,,,,,,,,,,,,,,,,,,,,,,,,,,,,,,,,
relative,B,portfolio,synthetic,c2c,early,vol_targeted_QQQ_matched,0.0020108083621906254,0.8330347686609914,0.5062415554145687,-0.00899271917389859,0.20772544788141367,0.008553727570541384,21.0,1.2750599694832125,0.781771566491332,0.7787603699218786,525.0,461.0,,,,,,,,,,,,,,,,,,,,,,,,,,,,,,,,,,,,,,,,,,,,,,,,,
relative,B,portfolio,synthetic,c2c,early,naive_fast_1d_momentum,0.1009883040131873,0.294419395144127,0.663632449707059,0.39135058477578816,0.07923473518832813,0.43868533089132905,21.0,3.080195315989949,0.39048202533874815,0.3373156511660816,497.0,489.0,,,,,,,,,,,,,,,,,,,,,,,,,,,,,,,,,,,,,,,,,,,,,,,,,
relative,B,portfolio,synthetic,c2c,early,sleeve_T10_standalone,0.06198467922001521,0.5346408845684868,0.5232116141044283,0.16376577168476486,0.5974318429408647,0.4001470633642832,21.0,2.97203504124559,0.48135798020741066,0.46772657427570685,484.0,502.0,,,,,,,,,,,,,,,,,,,,,,,,,,,,,,,,,,,,,,,,,,,,,,,,,
relative,B,portfolio,synthetic,c2c,early,sleeve_T11_standalone,-0.22650067501382282,0.6835759606298553,0.4051058449891308,-0.8576413972892926,0.6202129004732956,-1.3193141624238738,21.0,2.2514901464442967,0.676810934762716,0.7489236163337283,482.0,504.0,,,,,,,,,,,,,,,,,,,,,,,,,,,,,,,,,,,,,,,,,,,,,,,,,
relative,B,portfolio,synthetic,c2c,early,sleeve_S2_standalone,-0.06089630836656645,0.6096106395502997,0.42717127782270126,-0.2859550284409499,0.7288499974602716,-0.4158725732790762,21.0,2.2150321764871106,0.5718203586127422,0.5852916689844087,505.0,481.0,,,,,,,,,,,,,,,,,,,,,,,,,,,,,,,,,,,,,,,,,,,,,,,,,
relative,B,portfolio,synthetic,c2c,early,sleeve_S3_standalone,0.21461859510389394,0.7229322440740344,0.41062082784424664,0.6905436100568835,0.5547488338479634,1.19520265326213,21.0,1.9392863508444675,0.7376135024686002,0.640474485267953,687.0,295.0,,,,,,,,,,,,,,,,,,,,,,,,,,,,,,,,,,,,,,,,,,,,,,,,,
relative,B,portfolio,synthetic,c2c,early,matched_exposure_levered_QQQ_1.70,0.01693471032444043,0.5647545959726523,0.5387114168497358,0.005939201865528814,0.2299834148904828,0.0714388463482884,21.0,1.9846169133316345,0.534219360458026,0.5262849211139383,525.0,461.0,,,,,,,,,,,,,,,,,,,,,,,,,,,,,,,,,,,,,,,,,,,,,,,,,
relative,B,portfolio,synthetic,c2c,early,long_legs_only,0.08266810623273088,0.9525820027113289,0.1699857134023572,0.5003541094569017,0.9119914968738497,1.0208457366439594,21.0,4.086546783516956,0.9156376959931731,0.8865285861540589,485.0,501.0,,,,,,,,,,,,,,,,,,,,,,,,,,,,,,,,,,,,,,,,,,,,,,,,,
relative,B,portfolio,synthetic,c2c,early,equal_weight_universe,0.04602898165571231,6.3079182349555545,0.5654796614175295,0.06462451744559763,0.0035910592673934483,0.18532381626564232,21.0,3.0379246601557433,9.101056288259267,5.887108987989187,976.0,7.0,,,,,,,,,,,,,,,,,,,,,,,,,,,,,,,,,,,,,,,,,,,,,,,,,
metrics,B,portfolio,synthetic,c2c,early,,,,,,,,,,,,,,-0.125,986.0,-0.3636869909495969,-0.10911313066588291,0.565749105563247,0.06143218173587125,0.10090656818426387,-0.632901115783572,-0.17240154574667463,0.0347568725647518,43.890003866126186,0.3961021317971334,0.08774724944563739,1.435303482729748,15.686076104047691,-0.05572053393204229,-0.07978721167434358,-0.8845360542235194,-1.2665827193614951,-0.09013765585922519,-0.11975727240445515,-1.4308909269950036,-1.9010877628416392,3.0,318.6666666666667,507.0,731.0,,False,31.70734021703442,-0.34412577629978275,-1.454708542113993,1.3696349970312784,0.3197278911564626,0.44680851063829785,0.6787950488915638,0.07024859410851869,-0.45709083130430905,-0.25841583131155343,-0.0024860588073471373,0.0022990785895588045,,,,,,,,
relative,B,T10_standalone,synthetic,c2c,early,buy_hold_QQQ,-0.1376255603983238,1.1325271416315588,0.7052125587544948,-0.18925934666615007,0.17177645637948358,-0.38901930913528215,21.0,1.9148996144629287,0.8034407196733575,0.8863445639715709,525.0,461.0,,,,,,,,,,,,,,,,,,,,,,,,,,,,,,,,,,,,,,,,,,,,,,,,,
relative,B,T10_standalone,synthetic,c2c,early,buy_hold_TQQQ,-0.1283743373335249,0.37743444453809644,0.8807763505414166,-0.19496165005699376,0.1717856853833043,-0.36311428233638154,21.0,1.915342695892788,0.2688048744760903,0.29424477674258726,525.0,461.0,,,,,,,,,,,,,,,,,,,,,,,,,,,,,,,,,,,,,,,,,,,,,,,,,
relative,B,T10_standalone,synthetic,c2c,early,vol_targeted_QQQ_matched,-0.13377039358822443,0.80574191320461,0.7349688074782162,-0.192398035608415,0.10389246157538079,-0.37600666452095294,21.0,1.7870430645709043,0.6973699727809487,0.7703382012714026,525.0,461.0,,,,,,,,,,,,,,,,,,,,,,,,,,,,,,,,,,,,,,,,,,,,,,,,,
relative,B,T10_standalone,synthetic,c2c,early,naive_fast_1d_momentum,-0.029282567063261346,0.3236837552307454,0.837825087120457,0.14664025046210544,0.051198031593090665,-0.08330404649472552,21.0,2.887433920313222,0.26120056668456426,0.2776951304746348,497.0,489.0,,,,,,,,,,,,,,,,,,,,,,,,,,,,,,,,,,,,,,,,,,,,,,,,,
relative,B,T10_standalone,synthetic,c2c,early,sleeve_T10_standalone,-0.055231772081282715,0.9202419788438891,0.1909236102266955,-0.26801249385168746,0.946230172473528,-0.6539288737404828,21.0,2.501320328160821,0.8706995263245068,0.8831877190779384,484.0,502.0,,,,,,,,,,,,,,,,,,,,,,,,,,,,,,,,,,,,,,,,,,,,,,,,,
relative,B,T10_standalone,synthetic,c2c,early,sleeve_T11_standalone,-0.33501901583437427,0.609436012583506,0.7111812664430679,-0.6809650822482313,0.2635433958828193,-1.093337041091801,21.0,3.848715902986868,0.5966412309353164,0.7030961887586822,482.0,504.0,,,,,,,,,,,,,,,,,,,,,,,,,,,,,,,,,,,,,,,,,,,,,,,,,
relative,B,T10_standalone,synthetic,c2c,early,sleeve_S2_standalone,-0.18645258068814968,0.5376082705840021,0.7426641310647699,-0.3487523238504514,0.3030355923259773,-0.592437747212896,21.0,3.4084421136977054,0.363760983641483,0.40365667057167254,505.0,481.0,,,,,,,,,,,,,,,,,,,,,,,,,,,,,,,,,,,,,,,,,,,,,,,,,
relative,B,T10_standalone,synthetic,c2c,early,sleeve_S3_standalone,0.06504627776613942,0.6718127875248495,0.694273653262318,0.21129639801903582,0.2561099296264434,0.21505586625953854,21.0,2.928926807807043,0.5377952589336313,0.50690314797947,687.0,295.0,,,,,,,,,,,,,,,,,,,,,,,,,,,,,,,,,,,,,,,,,,,,,,,,,
relative,B,T10_standalone,synthetic,c2c,early,matched_exposure_levered_QQQ_1.70,-0.12317537996243369,0.6679325543244204,0.7219750362062858,-0.18512350717919188,0.17197719855479843,-0.3487272952857026,21.0,1.914959662589691,0.4765439891011949,0.5205932339980818,525.0,461.0,,,,,,,,,,,,,,,,,,,,,,,,,,,,,,,,,,,,,,,,,,,,,,,,,
relative,B,T10_standalone,synthetic,c2c,early,long_legs_only,-0.04539464232049277,1.1273729809063047,0.44169735944470717,-0.11727717019988049,0.6828887637283236,-0.21379272303563468,21.0,2.1008095489906418,1.0972670672496752,1.1142632684330431,485.0,501.0,,,,,,,,,,,,,,,,,,,,,,,,,,,,,,,,,,,,,,,,,,,,,,,,,
relative,B,T10_standalone,synthetic,c2c,early,equal_weight_universe,-0.08404361466135989,10.102856700275801,0.7734444073009421,-0.12969285892945823,0.0049245610514679905,-0.23491105210386792,21.0,3.401934761919143,-2.32268839319279,11.509671420849076,976.0,7.0,,,,,,,,,,,,,,,,,,,,,,,,,,,,,,,,,,,,,,,,,,,,,,,,,
metrics,B,T10_standalone,synthetic,c2c,early,,,,,,,,,,,,,,-0.125,986.0,-0.7809944690517594,-0.32167977288571903,0.7737812522321422,-0.13194210035763876,-0.1758582549918615,-0.8909714213774989,-0.36104387320120945,-0.1020971940855155,57.62892392686944,0.5183408119170826,-0.19696923672266747,1.1879622009123323,10.346253186207402,-0.07567703142137494,-0.10608993653611287,-1.201335630603474,-1.6841255320870792,-0.11731528857404688,-0.14780494856088763,-1.862322471316232,-2.346330818620817,1.0,964.0,964.0,1395.0,,False,56.00295910773567,-0.5743978139920922,-2.1661643974360207,1.4493469224364974,0.5292517006802722,0.44680851063829785,0.5181562044398511,-0.0856794957820386,-0.6906225368486228,-0.496764724853328,-0.005581915312073632,-0.0030515623580794943,,,,,,,,
relative,C,portfolio,synthetic,c2c,early,buy_hold_QQQ,0.006520100382966717,0.9569292257434961,0.4966713413398026,0.010407148789371282,0.22950024312046524,0.02745841779067416,21.0,1.9845854417137248,0.899113239822479,0.8932587626162859,525.0,461.0,,,,,,,,,,,,,,,,,,,,,,,,,,,,,,,,,,,,,,,,,,,,,,,,,
relative,C,portfolio,synthetic,c2c,early,buy_hold_TQQQ,0.014338779749909067,0.318886728132378,0.7625680709776647,-0.04338053376787784,0.22947422395049866,0.06045868465403822,21.0,1.9854567246497805,0.3008137571973336,0.29654012205102115,525.0,461.0,,,,,,,,,,,,,,,,,,,,,,,,,,,,,,,,,,,,,,,,,,,,,,,,,
relative,C,portfolio,synthetic,c2c,early,vol_targeted_QQQ_matched,0.0038896647553381338,0.830594577258472,0.5065680984045038,-0.005467288843516835,0.20659862149089103,0.0165506225545285,21.0,1.2748364743712886,0.7804117469138337,0.7763474572241178,525.0,461.0,,,,,,,,,,,,,,,,,,,,,,,,,,,,,,,,,,,,,,,,,,,,,,,,,
relative,C,portfolio,synthetic,c2c,early,naive_fast_1d_momentum,0.10265890633575782,0.29392004563027413,0.6637494537406803,0.39396775368243436,0.07899997976357986,0.44603808566351155,21.0,3.069401233771761,0.390253966263956,0.3363568451435961,497.0,489.0,,,,,,,,,,,,,,,,,,,,,,,,,,,,,,,,,,,,,,,,,,,,,,,,,
relative,C,portfolio,synthetic,c2c,early,sleeve_T10_standalone,0.06379204720975218,0.5351206659363822,0.5224667417213665,0.16741178104309265,0.5987606744625635,0.4122901748533259,21.0,2.9529650790390516,0.4822515681584848,0.46822079682907225,484.0,502.0,,,,,,,,,,,,,,,,,,,,,,,,,,,,,,,,,,,,,,,,,,,,,,,,,
relative,C,portfolio,synthetic,c2c,early,sleeve_T11_standalone,-0.22482016810405117,0.6838439594576282,0.4046555412227382,-0.8541897335026599,0.6209648984802675,-1.3099607098487416,21.0,2.2493709136350617,0.6773337318945437,0.7489332918048871,482.0,504.0,,,,,,,,,,,,,,,,,,,,,,,,,,,,,,,,,,,,,,,,,,,,,,,,,
relative,C,portfolio,synthetic,c2c,early,sleeve_S2_standalone,-0.059024217956356546,0.6090424338934497,0.42784557118714334,-0.28133712015727447,0.7278032217955096,-0.4023975039843934,21.0,2.186253813013811,0.5714416418510196,0.5844398305338276,505.0,481.0,,,,,,,,,,,,,,,,,,,,,,,,,,,,,,,,,,,,,,,,,,,,,,,,,
relative,C,portfolio,synthetic,c2c,early,sleeve_S3_standalone,0.2162708754538634,0.7224070975552206,0.4108885713504009,0.6944328529641548,0.5541801988818564,1.2058873807268091,21.0,1.9546662009456304,0.7377787350241848,0.639923560458542,687.0,295.0,,,,,,,,,,,,,,,,,,,,,,,,,,,,,,,,,,,,,,,,,,,,,,,,,
relative,C,portfolio,synthetic,c2c,early,matched_exposure_levered_QQQ_1.70,0.018762568831260686,0.5633310142032182,0.5391940777409249,0.0092405500852737,0.22892334504665535,0.0791812050162476,21.0,1.9845116634512625,0.5332901351239686,0.5246542788549811,525.0,461.0,,,,,,,,,,,,,,,,,,,,,,,,,,,,,,,,,,,,,,,,,,,,,,,,,
relative,C,portfolio,synthetic,c2c,early,long_legs_only,0.08442415260009437,0.9520474161286819,0.17059368756316776,0.5090222593775116,0.9113579600118166,1.0430543118661961,21.0,4.0785810021485505,0.9148882645623956,0.8851526845338082,485.0,501.0,,,,,,,,,,,,,,,,,,,,,,,,,,,,,,,,,,,,,,,,,,,,,,,,,
relative,C,portfolio,synthetic,c2c,early,equal_weight_universe,0.04781110310777575,6.3074635135238495,0.565358616122066,0.06779198756430563,0.0035920778881608495,0.1925873307911599,21.0,3.0312183432741096,9.304463954451762,5.886086148879639,976.0,7.0,,,,,,,,,,,,,,,,,,,,,,,,,,,,,,,,,,,,,,,,,,,,,,,,,
metrics,C,portfolio,synthetic,c2c,early,,,,,,,,,,,,,,-0.125,986.0,-0.35906699217912563,-0.10746441057327749,0.5656286393063275,0.064597303046577,0.10642996259020064,-0.6323037649372875,-0.16995693610006565,0.03653980659386416,42.58761225025907,0.39610579890881364,0.09224759317970975,1.4349962504716196,15.693171801104855,-0.05571627220494285,-0.07979919230559444,-0.884468401403155,-1.2667729059865314,-0.09013073576515931,-0.11974928486113448,-1.4307810739073188,-1.9009609645223622,3.0,318.6666666666667,507.0,731.0,,False,31.606246282436338,-0.34001003982872746,-1.4537174093522174,1.368802578456241,0.3197278911564626,0.44680851063829785,0.6909797769086303,0.07279099619724105,-0.4533066566949282,-0.25743245309001117,-0.0025233725230186803,0.0024990826432057882,,,,,,,,
relative,C,T10_standalone,synthetic,c2c,early,buy_hold_QQQ,-0.11822622387620657,1.1094100584695181,0.7086610631733646,-0.16198707771335075,0.16451448368872967,-0.33395698356337605,21.0,1.8987627333534143,0.7863100312017205,0.8565268664934541,525.0,461.0,,,,,,,,,,,,,,,,,,,,,,,,,,,,,,,,,,,,,,,,,,,,,,,,,
relative,C,T10_standalone,synthetic,c2c,early,buy_hold_TQQQ,-0.10916391944954482,0.3697314675576839,0.8877268473609032,-0.17239928889135211,0.16452438570141836,-0.30858015597642313,21.0,1.899195677538897,0.2630735087990065,0.28434602845206586,525.0,461.0,,,,,,,,,,,,,,,,,,,,,,,,,,,,,,,,,,,,,,,,,,,,,,,,,
relative,C,T10_standalone,synthetic,c2c,early,vol_targeted_QQQ_matched,-0.11417282042080909,0.7822503139299736,0.7388160911095081,-0.1661203956589603,0.09773208338034867,-0.320779513099372,21.0,1.7934793896468244,0.6825008885278611,0.744423097399807,525.0,461.0,,,,,,,,,,,,,,,,,,,,,,,,,,,,,,,,,,,,,,,,,,,,,,,,,
relative,C,T10_standalone,synthetic,c2c,early,naive_fast_1d_momentum,-0.011645398615214166,0.3190741221222994,0.8401289145063966,0.1684658289851678,0.04965330502371146,-0.03314280463816076,21.0,2.8477019984310052,0.2609832284476341,0.2696233413282214,497.0,489.0,,,,,,,,,,,,,,,,,,,,,,,,,,,,,,,,,,,,,,,,,,,,,,,,,
relative,C,T10_standalone,synthetic,c2c,early,sleeve_T10_standalone,-0.03635124640101716,0.9242946645078322,0.17943567344374137,-0.18109988315262449,0.9527240803121437,-0.45211329577739995,21.0,2.839312385038585,0.8798177675334578,0.888125465222212,484.0,502.0,,,,,,,,,,,,,,,,,,,,,,,,,,,,,,,,,,,,,,,,,,,,,,,,,
relative,C,T10_standalone,synthetic,c2c,early,sleeve_T11_standalone,-0.3181768262880493,0.614229262782295,0.7091360537872917,-0.6565954074569139,0.26718400485760574,-1.0424228371945798,21.0,3.8635972402266754,0.6031954408108164,0.704411911539716,482.0,504.0,,,,,,,,,,,,,,,,,,,,,,,,,,,,,,,,,,,,,,,,,,,,,,,,,
relative,C,T10_standalone,synthetic,c2c,early,sleeve_S2_standalone,-0.1674909744094363,0.5357761672206122,0.7449956906240482,-0.3225947628367486,0.3003876541178544,-0.5316488457653801,21.0,3.3438724854340762,0.36393977598989913,0.3990529885976769,505.0,481.0,,,,,,,,,,,,,,,,,,,,,,,,,,,,,,,,,,,,,,,,,,,,,,,,,
relative,C,T10_standalone,synthetic,c2c,early,sleeve_S3_standalone,0.0830152685157456,0.6689785526224937,0.6964984411647248,0.23743291559310742,0.25345905590322226,0.27448788024888526,21.0,2.921803409213827,0.5416910366611374,0.5030547606553311,687.0,295.0,,,,,,,,,,,,,,,,,,,,,,,,,,,,,,,,,,,,,,,,,,,,,,,,,
relative,C,T10_standalone,synthetic,c2c,early,matched_exposure_levered_QQQ_1.70,-0.10407055234163753,0.6542845733871868,0.7271289277556232,-0.15812933991676464,0.16469960159910135,-0.2944552221182385,21.0,1.8987483549716608,0.4663832810110663,0.5030798512894954,525.0,461.0,,,,,,,,,,,,,,,,,,,,,,,,,,,,,,,,,,,,,,,,,,,,,,,,,
relative,C,T10_standalone,synthetic,c2c,early,long_legs_only,-0.02691584899043375,1.1234891850219695,0.4458292321823221,-0.0743039724432814,0.6768712284453366,-0.126093119920139,21.0,2.0432180467976573,1.0932688902865733,1.1036420748728664,485.0,501.0,,,,,,,,,,,,,,,,,,,,,,,,,,,,,,,,,,,,,,,,,,,,,,,,,
relative,C,T10_standalone,synthetic,c2c,early,equal_weight_universe,-0.06536211602848811,10.106978304594339,0.7741990601863025,-0.10544585648071515,0.004918983276224864,-0.18296951639974066,21.0,3.3761789000346893,-0.1788577280749297,11.509125182227805,976.0,7.0,,,,,,,,,,,,,,,,,,,,,,,,,,,,,,,,,,,,,,,,,,,,,,,,,
metrics,C,T10_standalone,synthetic,c2c,early,,,,,,,,,,,,,,-0.125,986.0,-0.7649033290970626,-0.30927627404139113,0.7745385670851204,-0.10770415941481488,-0.14443178652808009,-0.8865844901149411,-0.3488401584842693,-0.08342306066756537,52.28314019221906,0.5163303480538571,-0.16156916009682956,1.1823030059054531,10.279382264607284,-0.0756740052184485,-0.10591087580787803,-1.2012875911213128,-1.6812830311481541,-0.11723674914482907,-0.14777587728968372,-1.8610756965292923,-2.3458693264974046,1.0,964.0,964.0,1395.0,,False,54.99565954050496,-0.562364878656661,-2.1589127979523957,1.454096967268742,0.5183673469387755,0.46808510638297873,0.6218551194599683,-0.05572728609859312,-0.6870722380358076,-0.4947441998711002,-0.005915411218689932,-0.002762492574032018,,,,,,,,
relative,D,portfolio,synthetic,c2c,early,buy_hold_QQQ,0.013143252698559326,0.9065191238881751,0.5060004740917418,0.020179182493366806,0.20514371544620702,0.05442990661255602,21.0,2.110826436612271,0.8558847790696074,0.8456643479695379,525.0,461.0,,,,,,,,,,,,,,,,,,,,,,,,,,,,,,,,,,,,,,,,,,,,,,,,,
relative,D,portfolio,synthetic,c2c,early,buy_hold_TQQQ,0.020550113296141936,0.30208719942297685,0.7791272530022367,-0.03598753154330255,0.2051192548542694,0.08521009223484527,21.0,2.111648107430755,0.28635093413903207,0.2807399372457182,525.0,461.0,,,,,,,,,,,,,,,,,,,,,,,,,,,,,,,,,,,,,,,,,,,,,,,,,
relative,D,portfolio,synthetic,c2c,early,vol_targeted_QQQ_matched,0.010487543981440644,0.791007673822829,0.5152346767225443,0.00441000838928887,0.18663427055006288,0.04390693494717668,21.0,1.4306623110277545,0.7428903346174188,0.7349822847394393,525.0,461.0,,,,,,,,,,,,,,,,,,,,,,,,,,,,,,,,,,,,,,,,,,,,,,,,,
relative,D,portfolio,synthetic,c2c,early,naive_fast_1d_momentum,0.10434546984531465,0.27900522346091955,0.6712381142695072,0.39708356690667507,0.07090453267778896,0.44801610630046934,21.0,3.098745966570861,0.3753419819372182,0.3206974603170767,497.0,489.0,,,,,,,,,,,,,,,,,,,,,,,,,,,,,,,,,,,,,,,,,,,,,,,,,
relative,D,portfolio,synthetic,c2c,early,sleeve_T10_standalone,0.0693394778920616,0.5450502618419499,0.5108365822677717,0.18109280802945973,0.6187335858527803,0.46043113416582265,21.0,3.0697657778199665,0.4979452715121315,0.482654794532732,484.0,502.0,,,,,,,,,,,,,,,,,,,,,,,,,,,,,,,,,,,,,,,,,,,,,,,,,
relative,D,portfolio,synthetic,c2c,early,sleeve_T11_standalone,-0.22079342907630956,0.6864997011488597,0.4034334757610927,-0.844280125527914,0.6233249197407489,-1.2990306880506899,21.0,2.3221280157528774,0.6805081275169834,0.750870336565683,482.0,504.0,,,,,,,,,,,,,,,,,,,,,,,,,,,,,,,,,,,,,,,,,,,,,,,,,
relative,D,portfolio,synthetic,c2c,early,sleeve_S2_standalone,-0.05393267574031595,0.608725059056829,0.4297900482178412,-0.26833356888639154,0.7241724413894591,-0.36049885470563486,21.0,2.1493639338923614,0.5701400579151117,0.5817907416135149,505.0,481.0,,,,,,,,,,,,,,,,,,,,,,,,,,,,,,,,,,,,,,,,,,,,,,,,,
relative,D,portfolio,synthetic,c2c,early,sleeve_S3_standalone,0.21988888067218312,0.7166845558438302,0.4171178738444116,0.6961491808937075,0.5432801668161663,1.1969552526465779,21.0,2.0095804417751717,0.7355225092630744,0.6359042570527325,687.0,295.0,,,,,,,,,,,,,,,,,,,,,,,,,,,,,,,,,,,,,,,,,,,,,,,,,
relative,D,portfolio,synthetic,c2c,early,matched_exposure_levered_QQQ_1.70,0.024741341633333046,0.5336381140369513,0.5529074243694958,0.01812996678814078,0.2046148756507119,0.10268526867562928,21.0,2.1110354672325315,0.5076500815077504,0.4966997663004358,525.0,461.0,,,,,,,,,,,,,,,,,,,,,,,,,,,,,,,,,,,,,,,,,,,,,,,,,
relative,D,portfolio,synthetic,c2c,early,long_legs_only,0.0891131719555167,0.9450344775615879,0.18677189588299647,0.4919248005930684,0.8944331841926058,0.9990637155479308,21.0,3.8820520182678036,0.8977728096418917,0.8665051036479634,485.0,501.0,,,,,,,,,,,,,,,,,,,,,,,,,,,,,,,,,,,,,,,,,,,,,,,,,
relative,D,portfolio,synthetic,c2c,early,equal_weight_universe,0.05285756374388636,6.310103320655673,0.5664798037418906,0.07655794142480656,0.003580881549549386,0.21183989169751608,21.0,3.0685126601813493,9.880261085609789,5.887254608913536,976.0,7.0,,,,,,,,,,,,,,,,,,,,,,,,,,,,,,,,,,,,,,,,,,,,,,,,,
metrics,D,portfolio,synthetic,c2c,early,,,,,,,,,,,,,,-0.25,986.0,-0.34782370032061416,-0.10348870858243031,0.566750890768001,0.07336504657473296,0.11865952959761425,-0.6389018951286751,-0.16197902897374822,0.0415815499535516,43.26382670985889,0.39623957898123174,0.10494042533676615,1.4356766165529273,15.576337700672825,-0.056124706151638615,-0.0798635485345022,-0.8909520893028766,-1.2677945294485786,-0.09013440080400352,-0.11975155652612408,-1.4308392545952817,-1.9009970260861095,4.0,238.5,507.0,731.0,,False,31.996012286868627,-0.32344252044465793,-1.4805530786667922,1.374752898772237,0.32789115646258504,0.44680851063829785,0.7392435358161565,0.08657657783444783,-0.46302161632561917,-0.26030754570373604,-0.0023920377935234163,0.002742696118708665,,,,,,,,
relative,D,T10_standalone,synthetic,c2c,early,buy_hold_QQQ,-0.09521869099846547,0.9035393794606024,0.7496794654043155,-0.131049000952342,0.10445614439392126,-0.2556437833623988,21.0,2.236771110994285,0.6090150603264974,0.6640383412924153,525.0,461.0,,,,,,,,,,,,,,,,,,,,,,,,,,,,,,,,,,,,,,,,,,,,,,,,,
relative,D,T10_standalone,synthetic,c2c,early,buy_hold_TQQQ,-0.08783815341779853,0.3011226236054411,0.9560005931549361,-0.14277636275032318,0.10446338633222596,-0.23603998013585292,21.0,2.237139236376796,0.20375643508791563,0.220444533000342,525.0,461.0,,,,,,,,,,,,,,,,,,,,,,,,,,,,,,,,,,,,,,,,,,,,,,,,,
relative,D,T10_standalone,synthetic,c2c,early,vol_targeted_QQQ_matched,-0.09132814862658806,0.6220980768021024,0.7767504680637185,-0.1367018572927842,0.059167505809734844,-0.24546676118179575,21.0,2.1340671040445165,0.5286125107223151,0.5771278148470173,525.0,461.0,,,,,,,,,,,,,,,,,,,,,,,,,,,,,,,,,,,,,,,,,,,,,,,,,
relative,D,T10_standalone,synthetic,c2c,early,naive_fast_1d_momentum,-0.008933093312300555,0.2575648499132995,0.8767054098623789,0.18031393669455342,0.030971202207797588,-0.024484938623254165,21.0,2.925293896552782,0.1990351606734135,0.20642387222561795,497.0,489.0,,,,,,,,,,,,,,,,,,,,,,,,,,,,,,,,,,,,,,,,,,,,,,,,,
relative,D,T10_standalone,synthetic,c2c,early,sleeve_T10_standalone,-0.017858881164933556,0.9624505498082022,0.08911839627500329,-0.17893712660512381,0.9888330646851684,-0.4437812068712234,21.0,2.796105957399939,0.9401956555096582,0.9442806707169701,484.0,502.0,,,,,,,,,,,,,,,,,,,,,,,,,,,,,,,,,,,,,,,,,,,,,,,,,
relative,D,T10_standalone,synthetic,c2c,early,sleeve_T11_standalone,-0.3054889748869425,0.6243323893205225,0.7218653782877162,-0.6220914590849111,0.2642415213992272,-0.9754161054619306,21.0,3.786238304122464,0.6149151549577798,0.7122338554272083,482.0,504.0,,,,,,,,,,,,,,,,,,,,,,,,,,,,,,,,,,,,,,,,,,,,,,,,,
relative,D,T10_standalone,synthetic,c2c,early,sleeve_S2_standalone,-0.15068386818446775,0.5341324306122773,0.7641224943467078,-0.2928621000558568,0.2857808161756068,-0.4574585762808083,21.0,3.1814537866951316,0.35795995246614076,0.38857884533797277,505.0,481.0,,,,,,,,,,,,,,,,,,,,,,,,,,,,,,,,,,,,,,,,,,,,,,,,,
relative,D,T10_standalone,synthetic,c2c,early,sleeve_S3_standalone,0.09395287718742401,0.6464234873475548,0.7261116124158358,0.25054115953812783,0.22653617297910822,0.291324013851123,21.0,2.8527138556845273,0.5317709223028425,0.4875603758474464,687.0,295.0,,,,,,,,,,,,,,,,,,,,,,,,,,,,,,,,,,,,,,,,,,,,,,,,,
relative,D,T10_standalone,synthetic,c2c,early,matched_exposure_levered_QQQ_1.70,-0.08369415529753271,0.5330067571883942,0.7819865707055736,-0.12587329671735986,0.10462717443190728,-0.2251160110200131,21.0,2.2369769549930085,0.36122449256578026,0.39002198653212306,525.0,461.0,,,,,,,,,,,,,,,,,,,,,,,,,,,,,,,,,,,,,,,,,,,,,,,,,
relative,D,T10_standalone,synthetic,c2c,early,long_legs_only,-0.011860168345096088,1.0937948988879052,0.49464210381605334,-0.033514521140887876,0.6141294570221739,-0.049139020654384274,21.0,1.958275225760708,1.0224453423291313,1.0280231822056523,485.0,501.0,,,,,,,,,,,,,,,,,,,,,,,,,,,,,,,,,,,,,,,,,,,,,,,,,
relative,D,T10_standalone,synthetic,c2c,early,equal_weight_universe,-0.048804462257139775,10.11171481276481,0.7913182903890195,-0.0822512180515174,0.004713051484792508,-0.13226313778468116,21.0,3.3508129668266475,1.7187412414068697,11.510011675666354,976.0,7.0,,,,,,,,,,,,,,,,,,,,,,,,,,,,,,,,,,,,,,,,,,,,,,,,,
metrics,D,T10_standalone,synthetic,c2c,early,,,,,,,,,,,,,,-0.25,986.0,-0.7618935928057347,-0.30702695577049,0.7916548491732849,-0.08447199649012299,-0.10741597490586066,-0.8921247227000357,-0.34415250240041095,-0.06687387093059718,55.46013182143559,0.5079738158047488,-0.13164826384732725,1.1142268905340047,9.206969513311561,-0.0764525836114848,-0.10580863586760765,-1.2136471399461668,-1.679660022412073,-0.11726719347486604,-0.14779292288031826,-1.861558985285951,-2.34613991686002,3.0,320.6666666666667,609.0,878.0,,False,55.07198423834957,-0.557501168727984,-2.2129016634168597,1.4386644893139988,0.5496598639455782,0.46808510638297873,0.7435630113062601,-0.024019868101834096,-0.6893149153920197,-0.5079698609286645,-0.005535993977782482,-0.0019368142732099298,,,,,,,,
relative,E,portfolio,synthetic,c2c,early,buy_hold_QQQ,-0.0011683204462285812,0.9279270052812941,0.5027551321075577,-0.00682104083399067,0.21484045258679385,-0.004898062136157948,21.0,2.147965859781459,0.8716288593385405,0.870754033483867,525.0,461.0,,,,,,,,,,,,,,,,,,,,,,,,,,,,,,,,,,,,,,,,,,,,,,,,,
relative,E,portfolio,synthetic,c2c,early,buy_hold_TQQQ,0.006413457826059533,0.30922111646459877,0.7725910570816202,-0.05394685248510821,0.21481481324685192,0.026920791514633526,21.0,2.1487923303446284,0.29161838625690906,0.2890691008834187,525.0,461.0,,,,,,,,,,,,,,,,,,,,,,,,,,,,,,,,,,,,,,,,,,,,,,,,,
relative,E,portfolio,synthetic,c2c,early,vol_targeted_QQQ_matched,-0.003908550654808434,0.8102424166073332,0.511801082283024,-0.02221136363472185,0.1957240097041183,-0.016576996037939513,21.0,1.467314133887106,0.7565558715509597,0.756788187314133,525.0,461.0,,,,,,,,,,,,,,,,,,,,,,,,,,,,,,,,,,,,,,,,,,,,,,,,,
relative,E,portfolio,synthetic,c2c,early,naive_fast_1d_momentum,0.0919532806479299,0.2845520841015442,0.6689351934192026,0.3780599943787545,0.07371519634091428,0.39891001509536633,21.0,3.15360298717192,0.3780498131216154,0.328906689172581,497.0,489.0,,,,,,,,,,,,,,,,,,,,,,,,,,,,,,,,,,,,,,,,,,,,,,,,,
relative,E,portfolio,synthetic,c2c,early,sleeve_T10_standalone,0.05545733694128507,0.5402954084281142,0.5171809198859414,0.1524975862419773,0.6076832887994993,0.361949968426715,21.0,3.0602956269078354,0.48877369131726145,0.47656160806371983,484.0,502.0,,,,,,,,,,,,,,,,,,,,,,,,,,,,,,,,,,,,,,,,,,,,,,,,,
relative,E,portfolio,synthetic,c2c,early,sleeve_T11_standalone,-0.2340697194973756,0.6855480894522258,0.4046317927327479,-0.8754894230116655,0.6212891777288317,-1.3758577798039997,21.0,2.340772067156916,0.6785118002778981,0.7530518858110279,482.0,504.0,,,,,,,,,,,,,,,,,,,,,,,,,,,,,,,,,,,,,,,,,,,,,,,,,
relative,E,portfolio,synthetic,c2c,early,sleeve_S2_standalone,-0.06792109311849051,0.6109456389278255,0.42672123434479164,-0.3022279566241912,0.7291030667261025,-0.4617473749841669,21.0,2.211850098891291,0.5695516803628774,0.5846764906825571,505.0,481.0,,,,,,,,,,,,,,,,,,,,,,,,,,,,,,,,,,,,,,,,,,,,,,,,,
relative,E,portfolio,synthetic,c2c,early,sleeve_S3_standalone,0.20713217081849938,0.7202347893601517,0.4144085640907996,0.6677860956518403,0.5484033560670939,1.1502633737925525,21.0,2.081487528838755,0.7332568358959204,0.6392797040835441,687.0,295.0,,,,,,,,,,,,,,,,,,,,,,,,,,,,,,,,,,,,,,,,,,,,,,,,,
relative,E,portfolio,synthetic,c2c,early,matched_exposure_levered_QQQ_1.70,0.010702966152953804,0.5462623109864394,0.5477577691077541,-0.006601085657234541,0.21430393837968964,0.044966781666184376,21.0,2.148278291990044,0.516988352063837,0.5114361578267433,525.0,461.0,,,,,,,,,,,,,,,,,,,,,,,,,,,,,,,,,,,,,,,,,,,,,,,,,
relative,E,portfolio,synthetic,c2c,early,long_legs_only,0.07564798415724748,0.9485099185157031,0.18112760928748936,0.43194816490080473,0.9005762816488602,0.893693513416625,21.0,4.127157642933316,0.900063692470904,0.8736436290381108,485.0,501.0,,,,,,,,,,,,,,,,,,,,,,,,,,,,,,,,,,,,,,,,,,,,,,,,,
relative,E,portfolio,synthetic,c2c,early,equal_weight_universe,0.039210485401588245,6.306136204363505,0.5666209419161976,0.05246636020659642,0.00357460338522253,0.1583218358979652,21.0,3.113242209408957,8.302454661340045,5.886720779870483,976.0,7.0,,,,,,,,,,,,,,,,,,,,,,,,,,,,,,,,,,,,,,,,,,,,,,,,,
metrics,E,portfolio,synthetic,c2c,early,,,,,,,,,,,,,,-0.25,986.0,-0.3819347910732418,-0.1157136031219611,0.5668905670369647,0.04928687266746517,0.08067829659199742,-0.6404747334579215,-0.1806684902263414,0.027941560759520194,43.576187603906334,0.39660216080477123,0.07045236642892251,1.435979546391273,15.576196777240368,-0.05613752980325851,-0.07998711491193966,-0.8911556584613923,-1.2697560848792306,-0.09012920495637955,-0.11976468650756251,-1.4307567730713024,-1.9012054580797393,3.0,318.6666666666667,507.0,731.0,,False,32.25024639281898,-0.35879912888890836,-1.4852815601589346,1.3384995178840178,0.32789115646258504,0.44680851063829785,0.6802851357321134,0.0659882534651608,-0.48938543787484834,-0.266443669372853,-0.002655432002766302,0.0018514308164205974,,,,,,,,
relative,E,T10_standalone,synthetic,c2c,early,buy_hold_QQQ,-0.1458763516253543,1.0384170078774893,0.7235379125352773,-0.19994968335952296,0.14178842833357885,-0.4120383821596026,21.0,2.283549452549763,0.7292621085791672,0.8177192991894995,525.0,461.0,,,,,,,,,,,,,,,,,,,,,,,,,,,,,,,,,,,,,,,,,,,,,,,,,
relative,E,T10_standalone,synthetic,c2c,early,buy_hold_TQQQ,-0.13739362157148036,0.34606686230074085,0.9122244085094016,-0.2005216230850785,0.14179298390328665,-0.38837975218839343,21.0,2.283986141938185,0.24398714772197325,0.2714628626478907,525.0,461.0,,,,,,,,,,,,,,,,,,,,,,,,,,,,,,,,,,,,,,,,,,,,,,,,,
relative,E,T10_standalone,synthetic,c2c,early,vol_targeted_QQQ_matched,-0.1426940269356522,0.7477538159425794,0.7499204194344682,-0.20350114387704457,0.08784968391040826,-0.40202930562569195,21.0,2.0927410037036744,0.6329844683709716,0.7106947339530987,525.0,461.0,,,,,,,,,,,,,,,,,,,,,,,,,,,,,,,,,,,,,,,,,,,,,,,,,
relative,E,T10_standalone,synthetic,c2c,early,naive_fast_1d_momentum,-0.04690303550241397,0.2951565857902711,0.8542444782366132,0.13070704591484975,0.04179720236543982,-0.13400175411455145,21.0,3.0717208253597805,0.2288651419924513,0.25307326020004617,497.0,489.0,,,,,,,,,,,,,,,,,,,,,,,,,,,,,,,,,,,,,,,,,,,,,,,,,
relative,E,T10_standalone,synthetic,c2c,early,sleeve_T10_standalone,-0.06562891268978845,0.936067833912567,0.16237063990202602,-0.384139776310909,0.9612539919070512,-0.8241407959027299,21.0,0.5980608873134726,0.8888924295510717,0.9036542804619581,484.0,502.0,,,,,,,,,,,,,,,,,,,,,,,,,,,,,,,,,,,,,,,,,,,,,,,,,
relative,E,T10_standalone,synthetic,c2c,early,sleeve_T11_standalone,-0.3477308318155981,0.6133835205417848,0.7165983281847711,-0.6914511219016466,0.2621144233353113,-1.1436348979568862,21.0,3.885722262993848,0.6021844430473848,0.7129756701691835,482.0,504.0,,,,,,,,,,,,,,,,,,,,,,,,,,,,,,,,,,,,,,,,,,,,,,,,,
relative,E,T10_standalone,synthetic,c2c,early,sleeve_S2_standalone,-0.1986251772796148,0.5437869498839446,0.7449031949864526,-0.3627437118638325,0.30440383636332524,-0.6311432459568292,21.0,3.4211178117988545,0.35545251649238097,0.3978752384460456,505.0,481.0,,,,,,,,,,,,,,,,,,,,,,,,,,,,,,,,,,,,,,,,,,,,,,,,,
relative,E,T10_standalone,synthetic,c2c,early,sleeve_S3_standalone,0.05177152996867683,0.6634860856993021,0.7062315749091037,0.19185550265418896,0.24525864541930864,0.17148235591406483,21.0,3.023130812447169,0.5273709737918991,0.5021608193867976,687.0,295.0,,,,,,,,,,,,,,,,,,,,,,,,,,,,,,,,,,,,,,,,,,,,,,,,,
relative,E,T10_standalone,synthetic,c2c,early,matched_exposure_levered_QQQ_1.70,-0.1326316575136721,0.6125783989033047,0.7469203213155616,-0.1939399090422269,0.14202336771905044,-0.37528586860281743,21.0,2.284624130703239,0.43254650382165477,0.4802862811728833,525.0,461.0,,,,,,,,,,,,,,,,,,,,,,,,,,,,,,,,,,,,,,,,,,,,,,,,,
relative,E,T10_standalone,synthetic,c2c,early,long_legs_only,-0.057203100288270005,1.1153372832402062,0.46252512654374794,-0.13621773426805317,0.6562328462578334,-0.264570260944713,21.0,2.2775356430128464,1.0472539631229711,1.069060165616158,485.0,501.0,,,,,,,,,,,,,,,,,,,,,,,,,,,,,,,,,,,,,,,,,,,,,,,,,
relative,E,T10_standalone,synthetic,c2c,early,equal_weight_universe,-0.09524729169232106,10.10253848054176,0.780579912871002,-0.14285958804026697,0.004834716005189144,-0.2681121210121632,21.0,3.5137776453487466,-3.684319764948846,11.512429581511546,976.0,7.0,,,,,,,,,,,,,,,,,,,,,,,,,,,,,,,,,,,,,,,,,,,,,,,,,
metrics,E,T10_standalone,synthetic,c2c,early,,,,,,,,,,,,,,-0.25,986.0,-0.7948309017259996,-0.3329000874818657,0.7809144884963727,-0.14508284280581302,-0.1909403948459592,-0.8957513309753371,-0.371643419295161,-0.1133003024649148,53.069047289965575,0.5167189114577,-0.21926873577219533,1.1667233803612893,9.90133011825352,-0.07568237696557872,-0.10608985046353636,-1.201420488486987,-1.6841241657272863,-0.1173778247290297,-0.14783004776446115,-1.8633152020004404,-2.346729256125385,1.0,960.0,960.0,1389.0,,False,55.69099246726359,-0.5977628925854604,-2.2243997063170635,1.3924369395037515,0.5319727891156463,0.44680851063829785,0.5924829386152624,-0.07537421812184386,-0.7488574977640222,-0.518700103324238,-0.006272961443285817,-0.0035979616103276584,,,,,,,,
relative,F,portfolio,synthetic,c2c,early,buy_hold_QQQ,0.0070618839606253585,0.9933052105870281,0.4904013160334579,0.013971949791270335,0.24755454985174097,0.02983272095361162,21.0,1.8110728508481526,0.9315667387149906,0.9253973070272675,525.0,461.0,,,,,,,,,,,,,,,,,,,,,,,,,,,,,,,,,,,,,,,,,,,,,,,,,
relative,F,portfolio,synthetic,c2c,early,buy_hold_TQQQ,0.015177723716550495,0.3310094083987136,0.7507655470700374,-0.04182088544077881,0.2475276219973841,0.06419336029841706,21.0,1.8119968204146972,0.31167163193843234,0.3072093349163514,525.0,461.0,,,,,,,,,,,,,,,,,,,,,,,,,,,,,,,,,,,,,,,,,,,,,,,,,
relative,F,portfolio,synthetic,c2c,early,vol_targeted_QQQ_matched,0.00447373880618428,0.858548630589528,0.5008984600991125,-0.002169350043961084,0.22098409091454552,0.01907701496371635,21.0,1.0687764619931241,0.808580714561526,0.8042796514287078,525.0,461.0,,,,,,,,,,,,,,,,,,,,,,,,,,,,,,,,,,,,,,,,,,,,,,,,,
relative,F,portfolio,synthetic,c2c,early,naive_fast_1d_momentum,0.1068003842455118,0.30484905875665147,0.658644678886614,0.3995763114028248,0.08507858474102559,0.46382116011026403,21.0,3.0019798614505255,0.4027751596862348,0.34701079447368266,497.0,489.0,,,,,,,,,,,,,,,,,,,,,,,,,,,,,,,,,,,,,,,,,,,,,,,,,
relative,F,portfolio,synthetic,c2c,early,sleeve_T10_standalone,0.06514513287249087,0.528643894624164,0.5303612613278229,0.1680930043054241,0.5850031930722901,0.41354771560905745,21.0,2.852135403907584,0.47274709345478566,0.45844183059971855,484.0,502.0,,,,,,,,,,,,,,,,,,,,,,,,,,,,,,,,,,,,,,,,,,,,,,,,,
relative,F,portfolio,synthetic,c2c,early,sleeve_T11_standalone,-0.22211272232186371,0.6811633312605343,0.4070246327950888,-0.845083199360418,0.6167902721065883,-1.2750105164971484,21.0,2.1037382295641405,0.6746990805739861,0.7454202616633175,482.0,504.0,,,,,,,,,,,,,,,,,,,,,,,,,,,,,,,,,,,,,,,,,,,,,,,,,
relative,F,portfolio,synthetic,c2c,early,sleeve_S2_standalone,-0.057330412033180816,0.6089731202711663,0.427532416740965,-0.27760681110011015,0.7284455405007386,-0.3935616238071149,21.0,2.289313814054422,0.5744317156912561,0.5871229567533072,505.0,481.0,,,,,,,,,,,,,,,,,,,,,,,,,,,,,,,,,,,,,,,,,,,,,,,,,
relative,F,portfolio,synthetic,c2c,early,sleeve_S3_standalone,0.21877282815888235,0.7256990593013565,0.4077222991918998,0.7039532874177885,0.5598634148271832,1.2184742713503058,21.0,1.7913623425777703,0.741025546863046,0.6421328003159757,687.0,295.0,,,,,,,,,,,,,,,,,,,,,,,,,,,,,,,,,,,,,,,,,,,,,,,,,
relative,F,portfolio,synthetic,c2c,early,matched_exposure_levered_QQQ_1.70,0.01976953397190252,0.5847512136819683,0.5296103239510319,0.012585441778730685,0.24693747086185658,0.08368479730258456,21.0,1.8104713899462974,0.5525392464072706,0.5435308077479145,525.0,461.0,,,,,,,,,,,,,,,,,,,,,,,,,,,,,,,,,,,,,,,,,,,,,,,,,
relative,F,portfolio,synthetic,c2c,early,long_legs_only,0.08636541923890986,0.9571837233840876,0.15950681471914413,0.554953808407869,0.9222409803520918,1.1136606790312604,21.0,4.072825059132613,0.9319972148418502,0.9013858906710164,485.0,501.0,,,,,,,,,,,,,,,,,,,,,,,,,,,,,,,,,,,,,,,,,,,,,,,,,
relative,F,portfolio,synthetic,c2c,early,equal_weight_universe,0.04949653682273837,6.308864593424676,0.5650445894007643,0.07080806548807642,0.0035976642984357765,0.19827910547825783,21.0,2.953157455199901,9.516031303001661,5.886949562596042,976.0,7.0,,,,,,,,,,,,,,,,,,,,,,,,,,,,,,,,,,,,,,,,,,,,,,,,,
metrics,F,portfolio,synthetic,c2c,early,,,,,,,,,,,,,,0.0,986.0,-0.3544294074962481,-0.10581828836580331,0.5653130329849804,0.06760999538834739,0.11082878332044287,-0.6262466951420558,-0.16897221045102656,0.03822273661031659,44.129331416204884,0.3954035658859926,0.09666765782617504,1.4317788949706753,15.72631721010577,-0.05560419075171397,-0.07971592619955899,-0.882689163492197,-1.265451097531268,-0.0901334317233927,-0.11975399329319339,-1.430823870917502,-1.9010357085641196,4.0,234.75,442.0,638.0,,False,31.378064310109217,-0.3372365080267598,-1.4231658856967044,1.3969917422359144,0.3183673469387755,0.44680851063829785,0.6459098162620361,0.0667501813842113,-0.42467863890360036,-0.2504703093806325,-0.002397912793370475,0.0025114539414876577,,,,,,,,
relative,F,T10_standalone,synthetic,c2c,early,buy_hold_QQQ,-0.11639365940149253,1.2586385507068,0.6877467622765001,-0.1574415874320371,0.21362629089015328,-0.3304764987543126,21.0,1.41710064830176,0.9181015323531299,0.9872497902617958,525.0,461.0,,,,,,,,,,,,,,,,,,,,,,,,,,,,,,,,,,,,,,,,,,,,,,,,,
relative,F,T10_standalone,synthetic,c2c,early,buy_hold_TQQQ,-0.10611232307863974,0.41946395278894255,0.8431900448296648,-0.17377990336182014,0.2136384602001925,-0.3014896681944232,21.0,1.417570060980321,0.3071666161765151,0.32774285072962395,525.0,461.0,,,,,,,,,,,,,,,,,,,,,,,,,,,,,,,,,,,,,,,,,,,,,,,,,
relative,F,T10_standalone,synthetic,c2c,early,vol_targeted_QQQ_matched,-0.11214280144782927,0.8963191681426931,0.7202207868256141,-0.16136500194325018,0.12945050025323523,-0.3148855036559762,21.0,1.366572363986447,0.7968931931749097,0.858036770968716,525.0,461.0,,,,,,,,,,,,,,,,,,,,,,,,,,,,,,,,,,,,,,,,,,,,,,,,,
relative,F,T10_standalone,synthetic,c2c,early,naive_fast_1d_momentum,0.004754257886840484,0.3630189847201011,0.8214797251636301,0.1802199156112751,0.06484199542432223,0.013472648470962734,21.0,2.677251787376259,0.31089806808015913,0.31217672665996365,497.0,489.0,,,,,,,,,,,,,,,,,,,,,,,,,,,,,,,,,,,,,,,,,,,,,,,,,
relative,F,T10_standalone,synthetic,c2c,early,sleeve_T10_standalone,-0.031187394387249084,0.8977835163814268,0.2498000710144527,-0.10401032585750232,0.9068223283527631,-0.28891372360992845,21.0,3.037512883225836,0.841471421549555,0.8487320945470523,484.0,502.0,,,,,,,,,,,,,,,,,,,,,,,,,,,,,,,,,,,,,,,,,,,,,,,,,
relative,F,T10_standalone,synthetic,c2c,early,sleeve_T11_standalone,-0.3072915987169415,0.6027920005942781,0.7122649897868836,-0.6445655620495805,0.2596074253979598,-0.9889224039194208,21.0,3.768396444788929,0.5915522130388461,0.689186726538224,482.0,504.0,,,,,,,,,,,,,,,,,,,,,,,,,,,,,,,,,,,,,,,,,,,,,,,,,
relative,F,T10_standalone,synthetic,c2c,early,sleeve_S2_standalone,-0.1606903176903145,0.5339492187692557,0.7429947920250402,-0.3146963046475175,0.3009871177587663,-0.5099815862525094,21.0,3.4317965309551655,0.3744879741370173,0.40837034047196086,505.0,481.0,,,,,,,,,,,,,,,,,,,,,,,,,,,,,,,,,,,,,,,,,,,,,,,,,
relative,F,T10_standalone,synthetic,c2c,early,sleeve_S3_standalone,0.09291991341321928,0.6826068653126453,0.6859866853795787,0.25056703280664794,0.2662302670430746,0.3064642385928843,21.0,2.8129040634966174,0.554425842042261,0.511804995501914,687.0,295.0,,,,,,,,,,,,,,,,,,,,,,,,,,,,,,,,,,,,,,,,,,,,,,,,,
relative,F,T10_standalone,synthetic,c2c,early,matched_exposure_levered_QQQ_1.70,-0.10032998010566795,0.7421696424030481,0.6948918069761496,-0.15609109732311285,0.21379535220438306,-0.285330160047293,21.0,1.415628222376809,0.5445526420485064,0.579859776849493,525.0,461.0,,,,,,,,,,,,,,,,,,,,,,,,,,,,,,,,,,,,,,,,,,,,,,,,,
relative,F,T10_standalone,synthetic,c2c,early,long_legs_only,-0.019365479745112886,1.1440946581292164,0.4245399321900299,-0.0626864241876278,0.7081493775602394,-0.09337736122324228,21.0,2.0270191492006653,1.1622911695042375,1.1692299791464495,485.0,501.0,,,,,,,,,,,,,,,,,,,,,,,,,,,,,,,,,,,,,,,,,,,,,,,,,
relative,F,T10_standalone,synthetic,c2c,early,equal_weight_universe,-0.0588465117530954,10.107880143927563,0.770787189445064,-0.097461518961363,0.004963471659804375,-0.16277304821087168,21.0,3.264492716648551,0.6254475813312538,11.508330333260139,976.0,7.0,,,,,,,,,,,,,,,,,,,,,,,,,,,,,,,,,,,,,,,,,,,,,,,,,
metrics,F,T10_standalone,synthetic,c2c,early,,,,,,,,,,,,,,0.0,986.0,-0.7563584356523241,-0.30294493572501857,0.7711229532865105,-0.09973331499156876,-0.1355870484517323,-0.8811290879350433,-0.3438144760774844,-0.07690906795893176,58.64726204970832,0.5204890268532403,-0.1477630919981286,1.1932683116687526,10.511065407162379,-0.07566954732048628,-0.10600865640527019,-1.201216824185044,-1.6828352500106358,-0.11725865031930999,-0.14778356410486165,-1.8614233668958726,-2.345991350905414,1.0,965.0,965.0,1396.0,,False,55.40113080762233,-0.5468208524063882,-2.0929447033252515,1.5235295973467702,0.507482993197279,0.425531914893617,0.5033995254100821,-0.07904546977391469,-0.6261840362775107,-0.472410692727557,-0.0051655426892435,-0.0023119075590743057,,,,,,,,
relative,B_all,portfolio,synthetic,c2c,early,buy_hold_QQQ,-0.052501014785389884,1.1356747721777407,0.45517937779060064,-0.10599069498815346,0.334565210902961,-0.2374956452540598,21.0,1.2477987798871637,1.033825338668084,1.0663481374670258,525.0,461.0,,,,,,,,,,,,,,,,,,,,,,,,,,,,,,,,,,,,,,,,,,,,,,,,,
relative,B_all,portfolio,synthetic,c2c,early,buy_hold_TQQQ,-0.04322224264218874,0.3784570589741102,0.6961742374369863,-0.1242423468826251,0.3345365324274011,-0.19571790214767837,21.0,1.24925891240486,0.3458840006315043,0.35400157274380567,525.0,461.0,,,,,,,,,,,,,,,,,,,,,,,,,,,,,,,,,,,,,,,,,,,,,,,,,
relative,B_all,portfolio,synthetic,c2c,early,vol_targeted_QQQ_matched,-0.054765622703235164,0.963936260239136,0.4692881265862946,-0.11972019336312408,0.28800178631841045,-0.24757381201341505,21.0,0.11302994572343544,0.8973390701187336,0.9267825849404168,525.0,461.0,,,,,,,,,,,,,,,,,,,,,,,,,,,,,,,,,,,,,,,,,,,,,,,,,
relative,B_all,portfolio,synthetic,c2c,early,naive_fast_1d_momentum,0.0599407030174424,0.3414649178493722,0.6339666609344313,0.32822257537394217,0.1103595850927348,0.2682212008864215,21.0,2.8800319243704613,0.4172643754298672,0.38339373935478327,497.0,489.0,,,,,,,,,,,,,,,,,,,,,,,,,,,,,,,,,,,,,,,,,,,,,,,,,
relative,B_all,portfolio,synthetic,c2c,early,sleeve_T10_standalone,0.009900546700147556,0.5257388699018362,0.5241170196697877,0.0649728502306018,0.5981902177971191,0.06281512437786253,21.0,2.2552654213678425,0.4528245631235092,0.45078441672437264,484.0,502.0,,,,,,,,,,,,,,,,,,,,,,,,,,,,,,,,,,,,,,,,,,,,,,,,,
relative,B_all,portfolio,synthetic,c2c,early,sleeve_T11_standalone,-0.25814417049982263,0.6312795758280006,0.4445061908996489,-0.8977744927574226,0.5477038685317868,-1.3831286033279213,21.0,3.076556059924063,0.6191889994313784,0.7008094515276653,482.0,504.0,,,,,,,,,,,,,,,,,,,,,,,,,,,,,,,,,,,,,,,,,,,,,,,,,
relative,B_all,portfolio,synthetic,c2c,early,sleeve_S2_standalone,-0.10525842357246663,0.5632864756019106,0.47924597118712264,-0.36261661539773754,0.6443574100627809,-0.6503696255416314,21.0,3.0148465985237407,0.5295596357271353,0.5545114588278837,505.0,481.0,,,,,,,,,,,,,,,,,,,,,,,,,,,,,,,,,,,,,,,,,,,,,,,,,
relative,B_all,portfolio,synthetic,c2c,early,sleeve_S3_standalone,0.1653500717043609,0.7324270346062136,0.3888365973103181,0.5964480023548168,0.5896102680862623,1.0515808329202596,21.0,1.990243784299039,0.7143045282470671,0.6397155687879706,687.0,295.0,,,,,,,,,,,,,,,,,,,,,,,,,,,,,,,,,,,,,,,,,,,,,,,,,
relative,B_all,portfolio,synthetic,c2c,early,matched_exposure_levered_QQQ_1.70,-0.03797956775489868,0.6688032649816444,0.4808475252742217,-0.10072062081711496,0.33397106271042687,-0.1721094799688883,21.0,1.2471824210944094,0.6131917873456513,0.6263180799172767,525.0,461.0,,,,,,,,,,,,,,,,,,,,,,,,,,,,,,,,,,,,,,,,,,,,,,,,,
relative,B_all,portfolio,synthetic,c2c,early,long_legs_only,0.031984250155481474,0.9714089013398512,0.07627478381982028,0.43818246948894113,0.9820312348746455,0.8182128821139021,21.0,2.1441412568743026,0.936649250104306,0.925692691913732,485.0,501.0,,,,,,,,,,,,,,,,,,,,,,,,,,,,,,,,,,,,,,,,,,,,,,,,,
relative,B_all,portfolio,synthetic,c2c,early,equal_weight_universe,-0.005586980211818955,6.31620890840158,0.5557007989557508,-0.027149370488348295,0.0037281942553069047,-0.022813570302700512,21.0,3.102700031560766,3.395164895472266,6.258078407417318,976.0,7.0,,,,,,,,,,,,,,,,,,,,,,,,,,,,,,,,,,,,,,,,,,,,,,,,,
metrics,B_all,portfolio,synthetic,c2c,early,,,,,,,,,,,,,,-0.125,986.0,-0.4691618758154259,-0.14943728847486515,0.5559746291510077,-0.03034858069776241,-0.05348292981534476,-0.6546165954749184,-0.22828215707921332,-0.0168739045511768,42.333987328229135,0.3981017955481395,-0.042385904157863474,1.4812274326374695,16.968281602772844,-0.05560835626276417,-0.08013588145715232,-0.8827552889301309,-1.2721176805714642,-0.09012514378252176,-0.11975562293543425,-1.4306923039349502,-1.9010615783326916,1.0,960.0,960.0,1389.0,,False,35.13063728948989,-0.4253759681142267,-1.4700497935413632,1.3255097597866101,0.39591836734693875,0.3829787234042553,0.3698593181038295,-0.02634479138501533,-0.4457041586062252,-0.25696805210326934,-0.0035299601550931024,-0.0012633567776329279,,,,,,,,
relative,B_all,T10_standalone,synthetic,c2c,early,buy_hold_QQQ,-0.1376255603983238,1.1325271416315588,0.7052125587544948,-0.18925934666615007,0.17177645637948358,-0.38901930913528215,21.0,1.9148996144629287,0.8034407196733575,0.8863445639715709,525.0,461.0,,,,,,,,,,,,,,,,,,,,,,,,,,,,,,,,,,,,,,,,,,,,,,,,,
relative,B_all,T10_standalone,synthetic,c2c,early,buy_hold_TQQQ,-0.1283743373335249,0.37743444453809644,0.8807763505414166,-0.19496165005699376,0.1717856853833043,-0.36311428233638154,21.0,1.915342695892788,0.2688048744760903,0.29424477674258726,525.0,461.0,,,,,,,,,,,,,,,,,,,,,,,,,,,,,,,,,,,,,,,,,,,,,,,,,
relative,B_all,T10_standalone,synthetic,c2c,early,vol_targeted_QQQ_matched,-0.13377039358822443,0.80574191320461,0.7349688074782162,-0.192398035608415,0.10389246157538079,-0.37600666452095294,21.0,1.7870430645709043,0.6973699727809487,0.7703382012714026,525.0,461.0,,,,,,,,,,,,,,,,,,,,,,,,,,,,,,,,,,,,,,,,,,,,,,,,,
relative,B_all,T10_standalone,synthetic,c2c,early,naive_fast_1d_momentum,-0.029282567063261346,0.3236837552307454,0.837825087120457,0.14664025046210544,0.051198031593090665,-0.08330404649472552,21.0,2.887433920313222,0.26120056668456426,0.2776951304746348,497.0,489.0,,,,,,,,,,,,,,,,,,,,,,,,,,,,,,,,,,,,,,,,,,,,,,,,,
relative,B_all,T10_standalone,synthetic,c2c,early,sleeve_T10_standalone,-0.055231772081282715,0.9202419788438891,0.1909236102266955,-0.26801249385168746,0.946230172473528,-0.6539288737404828,21.0,2.501320328160821,0.8706995263245068,0.8831877190779384,484.0,502.0,,,,,,,,,,,,,,,,,,,,,,,,,,,,,,,,,,,,,,,,,,,,,,,,,
relative,B_all,T10_standalone,synthetic,c2c,early,sleeve_T11_standalone,-0.33501901583437427,0.609436012583506,0.7111812664430679,-0.6809650822482313,0.2635433958828193,-1.093337041091801,21.0,3.848715902986868,0.5966412309353164,0.7030961887586822,482.0,504.0,,,,,,,,,,,,,,,,,,,,,,,,,,,,,,,,,,,,,,,,,,,,,,,,,
relative,B_all,T10_standalone,synthetic,c2c,early,sleeve_S2_standalone,-0.18645258068814968,0.5376082705840021,0.7426641310647699,-0.3487523238504514,0.3030355923259773,-0.592437747212896,21.0,3.4084421136977054,0.363760983641483,0.40365667057167254,505.0,481.0,,,,,,,,,,,,,,,,,,,,,,,,,,,,,,,,,,,,,,,,,,,,,,,,,
relative,B_all,T10_standalone,synthetic,c2c,early,sleeve_S3_standalone,0.06504627776613942,0.6718127875248495,0.694273653262318,0.21129639801903582,0.2561099296264434,0.21505586625953854,21.0,2.928926807807043,0.5377952589336313,0.50690314797947,687.0,295.0,,,,,,,,,,,,,,,,,,,,,,,,,,,,,,,,,,,,,,,,,,,,,,,,,
relative,B_all,T10_standalone,synthetic,c2c,early,matched_exposure_levered_QQQ_1.70,-0.12317537996243369,0.6679325543244204,0.7219750362062858,-0.18512350717919188,0.17197719855479843,-0.3487272952857026,21.0,1.914959662589691,0.4765439891011949,0.5205932339980818,525.0,461.0,,,,,,,,,,,,,,,,,,,,,,,,,,,,,,,,,,,,,,,,,,,,,,,,,
relative,B_all,T10_standalone,synthetic,c2c,early,long_legs_only,-0.04539464232049277,1.1273729809063047,0.44169735944470717,-0.11727717019988049,0.6828887637283236,-0.21379272303563468,21.0,2.1008095489906418,1.0972670672496752,1.1142632684330431,485.0,501.0,,,,,,,,,,,,,,,,,,,,,,,,,,,,,,,,,,,,,,,,,,,,,,,,,
relative,B_all,T10_standalone,synthetic,c2c,early,equal_weight_universe,-0.08404361466135989,10.102856700275801,0.7734444073009421,-0.12969285892945823,0.0049245610514679905,-0.23491105210386792,21.0,3.401934761919143,-2.32268839319279,11.509671420849076,976.0,7.0,,,,,,,,,,,,,,,,,,,,,,,,,,,,,,,,,,,,,,,,,,,,,,,,,
metrics,B_all,T10_standalone,synthetic,c2c,early,,,,,,,,,,,,,,-0.125,986.0,-0.7809944690517594,-0.32167977288571903,0.7737812522321422,-0.13194210035763876,-0.1758582549918615,-0.8909714213774989,-0.36104387320120945,-0.1020971940855155,57.62892392686944,0.5183408119170826,-0.19696923672266747,1.1879622009123323,10.346253186207402,-0.07567703142137494,-0.10608993653611287,-1.201335630603474,-1.6841255320870792,-0.11731528857404688,-0.14780494856088763,-1.862322471316232,-2.346330818620817,1.0,964.0,964.0,1395.0,,False,56.00295910773567,-0.5743978139920922,-2.1661643974360207,1.4493469224364974,0.5292517006802722,0.44680851063829785,0.5181562044398511,-0.0856794957820386,-0.6906225368486228,-0.496764724853328,-0.005581915312073632,-0.0030515623580794943,,,,,,,,
delta_vs_A,B,portfolio,realized,c2c,full,,,,,,,,,,,,,,,,,,,,,,,,,,,,,,,,,,,,,,,,,,,,,,,,,,,,,,,0.016595521347878783,0.0010433639833397068,0.01603459983308997,0.0019162530471186212,0.02501693477844852,0.1444360225782475,-0.5058180878645331,0.03954948805780023
delta_vs_A,B,T10_standalone,realized,c2c,full,,,,,,,,,,,,,,,,,,,,,,,,,,,,,,,,,,,,,,,,,,,,,,,,,,,,,,,0.06076540712799172,-0.013928104503323047,0.05717786030434013,0.019735137010903125,0.08189414883194707,3.1391948125337876,-4.37168371684627,0.0950004630025637
delta_vs_A,C,portfolio,realized,c2c,full,,,,,,,,,,,,,,,,,,,,,,,,,,,,,,,,,,,,,,,,,,,,,,,,,,,,,,,0.01638285031069553,0.001248159246581504,0.015125390216416235,0.0019475673739742794,0.02472268079858475,-1.2775798306851271,-0.5290616349720239,0.039025771867430614
delta_vs_A,C,T10_standalone,realized,c2c,full,,,,,,,,,,,,,,,,,,,,,,,,,,,,,,,,,,,,,,,,,,,,,,,,,,,,,,,0.06342228199463462,-0.016906770705434004,0.06139313647258393,0.021506096231315497,0.08582176702208075,-1.9067464717614584,-4.681600249890025,0.09403817049774077
delta_vs_A,D,portfolio,realized,c2c,full,,,,,,,,,,,,,,,,,,,,,,,,,,,,,,,,,,,,,,,,,,,,,,,,,,,,,,,0.008262259889115775,0.0004714318162985509,0.007875016582866934,0.0010200161286740839,0.012468464506366295,-0.628667479035542,-0.27329331032668236,0.020288545773071376
delta_vs_A,D,T10_standalone,realized,c2c,full,,,,,,,,,,,,,,,,,,,,,,,,,,,,,,,,,,,,,,,,,,,,,,,,,,,,,,,0.03269957317485073,-0.009889103243448716,0.033908597439160415,0.013817342976791491,0.044259672698822417,-0.7776861448321455,-2.635093307776586,0.05070923082876777
delta_vs_A,E,portfolio,realized,c2c,full,,,,,,,,,,,,,,,,,,,,,,,,,,,,,,,,,,,,,,,,,,,,,,,,,,,,,,,0.005347157276471393,0.0005874569169531663,-0.0021748945999838787,0.0004958626022014689,0.007989209816297527,-0.10144141179731747,-0.16172197128418375,0.012514982448875944
delta_vs_A,E,T10_standalone,realized,c2c,full,,,,,,,,,,,,,,,,,,,,,,,,,,,,,,,,,,,,,,,,,,,,,,,,,,,,,,,0.02558950391780046,-0.010786987262556225,0.013714214509701561,0.011343222954192655,0.03461312504623365,-1.6704593925486293,-2.644103590160171,0.03212842859602838
delta_vs_A,F,portfolio,realized,c2c,full,,,,,,,,,,,,,,,,,,,,,,,,,,,,,,,,,,,,,,,,,,,,,,,,,,,,,,,0.02724770540921817,0.0020809113094181764,0.0318636936433041,0.0032787326353482804,0.041216090696625574,0.33808088677733394,-0.8339831341946251,0.06573615448211512
delta_vs_A,F,T10_standalone,realized,c2c,full,,,,,,,,,,,,,,,,,,,,,,,,,,,,,,,,,,,,,,,,,,,,,,,,,,,,,,,0.09795689978222555,-0.018345728054158794,0.09790139690058841,0.029490002944769556,0.13331572744459258,5.22203811799735,-6.159026312618259,0.1546842850645116
delta_vs_A,B_all,portfolio,realized,c2c,full,,,,,,,,,,,,,,,,,,,,,,,,,,,,,,,,,,,,,,,,,,,,,,,,,,,,,,,0.04586524074885423,0.0007907605869093559,0.05128646616806276,0.021444174942695127,0.07866165625059623,-0.37847622912780565,-2.108913509829975,0.11029791308777115
delta_vs_A,B_all,T10_standalone,realized,c2c,full,,,,,,,,,,,,,,,,,,,,,,,,,,,,,,,,,,,,,,,,,,,,,,,,,,,,,,,0.06076540712799172,-0.013928104503323047,0.05717786030434013,0.019735137010903125,0.08189414883194707,3.1391948125337876,-4.37168371684627,0.0950004630025637
delta_vs_A,B,portfolio,realized,c2c,primary,,,,,,,,,,,,,,,,,,,,,,,,,,,,,,,,,,,,,,,,,,,,,,,,,,,,,,,0.02328447126406008,0.0010977148946869075,0.021725889154300515,0.005183925566701775,0.04006489252594031,-0.2231852386573152,-0.6503633036592973,0.050866203570848256
delta_vs_A,B,T10_standalone,realized,c2c,primary,,,,,,,,,,,,,,,,,,,,,,,,,,,,,,,,,,,,,,,,,,,,,,,,,,,,,,,0.08801494724516323,-0.016346353191145857,0.09213708016853728,0.019735137010903347,0.1172578140052461,0.22144140415132085,-4.647447364018603,0.11683631831533581
delta_vs_A,C,portfolio,realized,c2c,primary,,,,,,,,,,,,,,,,,,,,,,,,,,,,,,,,,,,,,,,,,,,,,,,,,,,,,,,0.024704781466884818,0.001144677481809464,0.024967924067206826,0.005068678619035705,0.042191406540267595,-1.7312833006038133,-0.677875689881521,0.053376620341162306
delta_vs_A,C,T10_standalone,realized,c2c,primary,,,,,,,,,,,,,,,,,,,,,,,,,,,,,,,,,,,,,,,,,,,,,,,,,,,,,,,0.08816372627980185,-0.01675307606020726,0.0924516447154774,0.02150609623131594,0.11802311436144991,-5.098133550640227,-4.777069341479837,0.11723756174264754
delta_vs_A,D,portfolio,realized,c2c,primary,,,,,,,,,,,,,,,,,,,,,,,,,,,,,,,,,,,,,,,,,,,,,,,,,,,,,,,0.012413416093068674,0.00042539551202092074,0.013000511309384066,0.0026022276281580936,0.02115823222542018,-0.8630802949680074,-0.3476740806200702,0.027523066780389627
delta_vs_A,D,T10_standalone,realized,c2c,primary,,,,,,,,,,,,,,,,,,,,,,,,,,,,,,,,,,,,,,,,,,,,,,,,,,,,,,,0.045021071472845176,-0.009922155722995929,0.049899831223892965,0.013817342976792601,0.060154125077659215,-2.503971963140174,-2.6653871135770544,0.06312751137196015
delta_vs_A,E,portfolio,realized,c2c,primary,,,,,,,,,,,,,,,,,,,,,,,,,,,,,,,,,,,,,,,,,,,,,,,,,,,,,,,0.00905043624610924,0.0006002039395746062,-0.000389476079423301,0.003018023791647395,0.01623812538274022,-0.17782822150240207,-0.2542817219707274,0.021981152728526077
delta_vs_A,E,T10_standalone,realized,c2c,primary,,,,,,,,,,,,,,,,,,,,,,,,,,,,,,,,,,,,,,,,,,,,,,,,,,,,,,,0.04409278982232512,-0.012212737733978463,0.04274532875649606,0.011343222954192544,0.05835751974581374,-3.0066306298712746,-2.6699934155398353,0.05109384540217854
delta_vs_A,F,portfolio,realized,c2c,primary,,,,,,,,,,,,,,,,,,,,,,,,,,,,,,,,,,,,,,,,,,,,,,,,,,,,,,,0.03827953478098145,0.001939076180423327,0.04439020208064304,0.0066823883119777605,0.06469669436570152,-0.3101833368882225,-1.0383926123306715,0.08210590109510973
delta_vs_A,F,T10_standalone,realized,c2c,primary,,,,,,,,,,,,,,,,,,,,,,,,,,,,,,,,,,,,,,,,,,,,,,,,,,,,,,,0.12967223983165388,-0.01980151057130719,0.12967339385501764,0.029490002944769222,0.17503580712630257,0.8678134034751039,-6.495593915605276,0.17505538950599797
delta_vs_A,B_all,portfolio,realized,c2c,primary,,,,,,,,,,,,,,,,,,,,,,,,,,,,,,,,,,,,,,,,,,,,,,,,,,,,,,,0.06479874857939372,0.00031028793191967274,0.06588244195012571,0.04819496709556592,0.14551128117946038,-1.268741147766164,-1.6847815085879319,0.13841144688239604
delta_vs_A,B_all,T10_standalone,realized,c2c,primary,,,,,,,,,,,,,,,,,,,,,,,,,,,,,,,,,,,,,,,,,,,,,,,,,,,,,,,0.08801494724516323,-0.016346353191145857,0.09213708016853728,0.019735137010903347,0.1172578140052461,0.22144140415132085,-4.647447364018603,0.11683631831533581
delta_vs_A,B,portfolio,realized,o2o,primary,,,,,,,,,,,,,,,,,,,,,,,,,,,,,,,,,,,,,,,,,,,,,,,,,,,,,,,0.024221328752610294,-0.00036679280769547074,0.016050192742082636,-0.0022174436675443943,0.04135987011522546,-1.2814376808083026,-0.1711956142138149,0.045791192641921885
delta_vs_A,B,T10_standalone,realized,o2o,primary,,,,,,,,,,,,,,,,,,,,,,,,,,,,,,,,,,,,,,,,,,,,,,,,,,,,,,,0.10066701839562331,-0.01800657697027086,0.1362581883402063,0.053963616502767264,0.12766541867087403,-0.5778297993555697,-9.359256198189179,0.15646049943741447
delta_vs_A,C,portfolio,realized,o2o,primary,,,,,,,,,,,,,,,,,,,,,,,,,,,,,,,,,,,,,,,,,,,,,,,,,,,,,,,0.026712176261282305,-0.00023271706582667084,0.022847390706871584,-0.0021970543626835815,0.046074162311342426,-2.402745533944575,-0.19975849482427321,0.05018461250817774
delta_vs_A,C,T10_standalone,realized,o2o,primary,,,,,,,,,,,,,,,,,,,,,,,,,,,,,,,,,,,,,,,,,,,,,,,,,,,,,,,0.10555486748364307,-0.01806771253165873,0.14405225855512116,0.0527202058984535,0.13339406606074958,-4.957524711011622,-9.366019930612929,0.16772570087455851
delta_vs_A,D,portfolio,realized,o2o,primary,,,,,,,,,,,,,,,,,,,,,,,,,,,,,,,,,,,,,,,,,,,,,,,,,,,,,,,0.013367102218416083,-0.00029455453878712845,0.012507736568934336,-0.0003858670018643817,0.024458280972811663,-1.1878891708980532,-0.12074102218433502,0.024929836077887346
delta_vs_A,D,T10_standalone,realized,o2o,primary,,,,,,,,,,,,,,,,,,,,,,,,,,,,,,,,,,,,,,,,,,,,,,,,,,,,,,,0.053303662742092195,-0.01062122621583883,0.07560910873936177,0.025116453464267052,0.06505092659204004,-2.4720346624636207,-4.898219361543262,0.08895437579770327
delta_vs_A,E,portfolio,realized,o2o,primary,,,,,,,,,,,,,,,,,,,,,,,,,,,,,,,,,,,,,,,,,,,,,,,,,,,,,,,0.014708306195859944,0.00044929876097965504,-0.010573947821355345,-0.0013098066007917186,0.025226479515435662,-2.2942116356834745,0.05175763703178404,0.028868232078126388
delta_vs_A,E,T10_standalone,realized,o2o,primary,,,,,,,,,,,,,,,,,,,,,,,,,,,,,,,,,,,,,,,,,,,,,,,,,,,,,,,0.05960236115644113,-0.013732610352666819,0.08644628115298547,0.04503249092020778,0.075655667888432,-4.796114761263034,-7.298629329392092,0.08697868961351363
delta_vs_A,F,portfolio,realized,o2o,primary,,,,,,,,,,,,,,,,,,,,,,,,,,,,,,,,,,,,,,,,,,,,,,,,,,,,,,,0.03820109980211028,-0.00045377195463242037,0.0391338840955886,-0.004158641484480419,0.06377659249776968,-1.2603701265535534,-0.3658752578813118,0.0720551054510612
delta_vs_A,F,T10_standalone,realized,o2o,primary,,,,,,,,,,,,,,,,,,,,,,,,,,,,,,,,,,,,,,,,,,,,,,,,,,,,,,,0.1537998922050685,-0.021782682146085475,0.20749522902113726,0.07433035507284413,0.19949260908079253,1.0072424007211254,-12.406166354627523,0.24367174884155018
delta_vs_A,B_all,portfolio,realized,o2o,primary,,,,,,,,,,,,,,,,,,,,,,,,,,,,,,,,,,,,,,,,,,,,,,,,,,,,,,,0.037808921010437535,-0.0014111558590514939,0.004848300136376604,0.019953297916677437,0.11252541883106837,-3.3199542558014485,-0.4387678138722073,0.07349426023496575
delta_vs_A,B_all,T10_standalone,realized,o2o,primary,,,,,,,,,,,,,,,,,,,,,,,,,,,,,,,,,,,,,,,,,,,,,,,,,,,,,,,0.10066701839562331,-0.01800657697027086,0.1362581883402063,0.053963616502767264,0.12766541867087403,-0.5778297993555697,-9.359256198189179,0.15646049943741447
delta_vs_A,B,portfolio,synthetic,c2c,early,,,,,,,,,,,,,,,,,,,,,,,,,,,,,,,,,,,,,,,,,,,,,,,,,,,,,,,-0.009145571883400039,-0.0030295419500010468,-0.0290212362397108,0.012472459201991137,-0.01750279770803806,-0.05484170750531803,-0.7865702083235746,-0.02964346864576546
delta_vs_A,B,T10_standalone,synthetic,c2c,early,,,,,,,,,,,,,,,,,,,,,,,,,,,,,,,,,,,,,,,,,,,,,,,,,,,,,,,-0.011218749576044518,-0.044158999714711156,-0.10047057025351315,0.017502102729321956,-0.01930466443900708,-1.093134548249779,-1.7105535351354533,-0.09695915593849781
delta_vs_A,C,portfolio,synthetic,c2c,early,,,,,,,,,,,,,,,,,,,,,,,,,,,,,,,,,,,,,,,,,,,,,,,,,,,,,,,-0.007496851790794623,-0.0031500082069205737,-0.023497841833774027,0.013069810048275676,-0.015058188061429084,-1.3572333233724336,-0.8876641429216576,-0.0251431249116931
delta_vs_A,C,T10_standalone,synthetic,c2c,early,,,,,,,,,,,,,,,,,,,,,,,,,,,,,,,,,,,,,,,,,,,,,,,,,,,,,,,0.0011847492682833805,-0.043401684861733014,-0.06904410178973173,0.02188903399187969,-0.007100949722066929,-6.438918282900161,-2.7178531023661634,-0.0615590793126599
delta_vs_A,D,portfolio,synthetic,c2c,early,,,,,,,,,,,,,,,,,,,,,,,,,,,,,,,,,,,,,,,,,,,,,,,,,,,,,,,-0.003521149799947443,-0.0020277567452470224,-0.01126827482636042,0.006471679856888013,-0.007080280935111649,-0.6810188637726142,-0.4978981384893686,-0.012450292754636702
delta_vs_A,D,T10_standalone,synthetic,c2c,early,,,,,,,,,,,,,,,,,,,,,,,,,,,,,,,,,,,,,,,,,,,,,,,,,,,,,,,0.0034340675391845155,-0.0262854027735685,-0.03202829016751231,0.016348801406785074,-0.00241329363820858,-3.2619266536836307,-2.6415284045215515,-0.03163818306315759
delta_vs_A,E,portfolio,synthetic,c2c,early,,,,,,,,,,,,,,,,,,,,,,,,,,,,,,,,,,,,,,,,,,,,,,,,,,,,,,,-0.015746044339478238,-0.0018880804762833048,-0.04924950783197725,0.00489884152764164,-0.025769742187704836,-0.3686579697251702,-0.2436640325390158,-0.04693835166248034
delta_vs_A,E,T10_standalone,synthetic,c2c,early,,,,,,,,,,,,,,,,,,,,,,,,,,,,,,,,,,,,,,,,,,,,,,,,,,,,,,,-0.022439064172191214,-0.0370257634504807,-0.11555271010761085,0.012722193131483706,-0.02990421053295861,-5.653011185153645,-2.022520175607532,-0.11925865498802567
delta_vs_A,F,portfolio,synthetic,c2c,early,,,,,,,,,,,,,,,,,,,,,,,,,,,,,,,,,,,,,,,,,,,,,,,,,,,,,,,-0.0058507295833204465,-0.0034656145282676576,-0.019099021103531802,0.01912687984350736,-0.014073462412389992,0.1844858425733804,-1.1158461152487789,-0.020723060265227813
delta_vs_A,F,T10_standalone,synthetic,c2c,early,,,,,,,,,,,,,,,,,,,,,,,,,,,,,,,,,,,,,,,,,,,,,,,,,,,,,,,0.007516087584655939,-0.0468172986603429,-0.060199363713383955,0.02734443617177751,-0.0020752673152820145,-0.07479642541090215,-2.312381835248793,-0.04775301121395893
delta_vs_A,B_all,portfolio,synthetic,c2c,early,,,,,,,,,,,,,,,,,,,,,,,,,,,,,,,,,,,,,,,,,,,,,,,,,,,,,,,-0.04946972969238228,-0.012804018362240321,-0.18341073423931942,-0.009243020489355214,-0.07338340904057675,-1.610858245402369,2.6367268641318944,-0.1597766222492663
delta_vs_A,B_all,T10_standalone,synthetic,c2c,early,,,,,,,,,,,,,,,,,,,,,,,,,,,,,,,,,,,,,,,,,,,,,,,,,,,,,,,-0.011218749576044518,-0.044158999714711156,-0.10047057025351315,0.017502102729321956,-0.01930466443900708,-1.093134548249779,-1.7105535351354533,-0.09695915593849781
