ticker,window,n,neg_rate,median_bp_zero,p10_bp_zero,p90_bp_zero,median_bp_unchanged,p10_bp_unchanged,p90_bp_unchanged,median_bp_exclude,p10_bp_exclude,p90_bp_exclude,ar_n,ar_neg_rate,ar_median_bp,ar_p10_bp,ar_p90_bp
AGG,full,5755,0.4090356211989574,4.484874421469644,0.0,22.330092053718552,4.484874421469644,-23.44092593837413,22.330092053718552,11.287626692486645,3.239137751836749,27.329433797412662,5755,0.45543006081668114,4.205784963332097,0.0,33.02803691363583
AGG,2003,66,0.3484848484848485,8.301534703863442,0.0,25.225357314521574,8.301534703863442,-28.94611822786724,25.225357314521574,15.316907265204584,3.986755991229033,29.7790685398088,66,0.3333333333333333,15.841620791406937,0.0,43.973883619055755
AGG,2004,252,0.3055555555555556,12.092713920239303,0.0,27.124421532862986,12.092713920239303,-20.7775429662648,27.124421532862986,17.3918777126586,5.459481280448178,29.523956301152204,252,0.38492063492063494,10.760530796117585,0.0,40.13026813023021
AGG,2005,252,0.3055555555555556,10.249209970911014,0.0,29.915542672379345,10.249209970911014,-13.84641104716632,29.915542672379345,16.126408509188156,4.047461760445328,30.801748225266564,252,0.4007936507936508,6.768744559747268,0.0,30.390143172556765
AGG,2006,251,0.3147410358565737,8.440119572856446,0.0,24.644682613659217,8.440119572856446,-20.009256942883777,24.644682613659217,12.960824858080557,4.6018951806911375,25.693526152098585,251,0.3705179282868526,9.130018707216555,0.0,32.74315106103919
AGG,2007,251,0.3545816733067729,7.985771500168206,0.0,23.97461951435219,7.985771500168206,-24.123348143812656,23.97461951435219,13.139028975185937,3.448308326760505,26.60760183323568,251,0.4581673306772908,2.8043645903659034,0.0,30.331912498625936
AGG,2008,253,0.34782608695652173,16.59590430854563,0.0,62.37019396219279,16.59590430854563,-38.0197099761115,62.37019396219279,27.414582984165065,11.612857984017891,75.78820903049626,253,0.4150197628458498,17.249270432693688,0.0,76.22485506241767
AGG,2009,252,0.34523809523809523,9.230527559252492,0.0,35.676651623115944,9.230527559252492,-24.289386465133372,35.676651623115944,18.75824848289535,4.955572974508849,41.814392824883534,252,0.44047619047619047,6.829180526820392,0.0,54.93518358136674
AGG,2010,252,0.4166666666666667,4.238475532874573,0.0,19.917133074325083,4.238475532874573,-23.859516107296642,19.917133074325083,11.804087907555225,3.000188498255524,23.167337333499106,252,0.47619047619047616,3.327864357482338,0.0,32.19439398639719
AGG,2011,252,0.4166666666666667,4.411675620707991,0.0,23.39406503718484,4.411675620707991,-23.8462159054315,23.39406503718484,12.585797387513054,3.227811814144797,25.6784751369026,252,0.5119047619047619,0.0,0.0,30.24426480941553
AGG,2012,250,0.42,3.096880557294797,0.0,12.702147768471338,3.096880557294797,-17.214389982456108,12.702147768471338,7.654162038678152,2.14652670437219,15.28406114396573,250,0.444,3.7006274102214087,0.0,22.024257427775037
AGG,2013,252,0.4246031746031746,2.8666967249526536,0.0,14.042496642487606,2.8666967249526536,-15.879336499123976,14.042496642487606,8.228659193262024,2.722977725806889,17.60414779875801,252,0.4365079365079365,4.179020190109908,0.0,22.855883976503947
AGG,2014,252,0.4603174603174603,1.8115596402232894,0.0,12.49603329593646,1.8115596402232894,-17.898167280800088,12.49603329593646,8.090716057859929,2.6635864083235155,16.16935000052817,252,0.47619047619047616,0.9496256621025704,0.0,21.384563330342157
AGG,2015,252,0.3968253968253968,4.581748083057044,0.0,16.87707112516448,4.581748083057044,-20.40266629257479,16.87707112516448,9.05956136206095,2.910164488914033,19.474586255561217,252,0.42063492063492064,4.956104438612363,0.0,27.958311005263322
AGG,2016,252,0.4126984126984127,4.457849067964336,0.0,15.36988052488172,4.457849067964336,-19.192928116391897,15.36988052488172,10.07013071313149,3.814411803850513,17.606460051401566,252,0.4603174603174603,3.270337217115926,0.0,23.818821298659238
AGG,2017,251,0.4063745019920319,3.7402873608413856,0.0,12.47458669140607,3.7402873608413856,-14.7400166943512,12.47458669140607,7.948879989608676,2.37949877994198,15.38824177915122,251,0.4541832669322709,3.301985112080531,0.0,20.80482214922001
AGG,2018,251,0.450199203187251,2.2676162489756604,0.0,13.336326500732397,2.2676162489756604,-16.84396555540505,13.336326500732397,8.205043812548936,2.3240057457815277,15.42143687251968,251,0.47808764940239046,1.6426260975215363,0.0,17.98649297435978
AGG,2019,252,0.4365079365079365,2.0527240554506325,0.0,12.911106117428522,2.0527240554506325,-15.667023011105027,12.911106117428522,8.022489704898545,1.8457424234214794,15.452868886059033,252,0.4444444444444444,5.133717400596039,0.0,25.45822049188118
AGG,2020,253,0.45849802371541504,0.9386641574566619,0.0,17.039073333462316,0.9386641574566619,-21.704014593997726,17.039073333462316,7.747311234151695,1.3457223617673737,23.071171499866768,253,0.5098814229249012,0.0,0.0,23.531388733054808
AGG,2021,252,0.4246031746031746,2.4836906146074136,0.0,14.552777213501136,2.4836906146074136,-21.43866474961504,14.552777213501136,6.8487949263287655,2.0560827512774327,18.198760510211468,252,0.48412698412698413,0.3845523900921694,0.0,26.04419044990057
AGG,2022,251,0.4262948207171315,6.921131436914016,0.0,31.514365685919728,6.921131436914016,-46.13850247690365,31.514365685919728,18.7585208660249,6.267872100960117,38.337908114216354,251,0.42231075697211157,11.545486620394817,0.0,58.09121300558048
AGG,2023,250,0.468,2.1274993537732194,0.0,24.61610126159895,2.1274993537732194,-44.10773089620011,24.61610126159895,15.717799284373802,3.6358828109114953,33.34875532980004,250,0.54,0.0,0.0,48.845960181836716
AGG,2024,252,0.49206349206349204,1.635234592252751,0.0,22.69325940107649,1.635234592252751,-32.843114951640885,22.69325940107649,12.418159630427576,3.4257753346223287,29.382149003112364,252,0.5436507936507936,0.0,0.0,30.941531116777888
AGG,2025,250,0.488,0.7327256984920356,0.0,20.470590306779417,0.7327256984920356,-29.0254693030837,20.470590306779417,11.256873200035603,3.8089062402121288,23.396386805541546,250,0.484,1.4659640559004394,0.0,31.040243423527077
AGG,2026,154,0.4805194805194805,1.3308482515188287,0.0,15.748812880539024,1.3308482515188287,-23.195734716828195,15.748812880539024,10.38665699263515,3.4393592299501985,17.212813918404102,154,0.44805194805194803,4.578252421534971,0.0,29.20678415492723
AGG,GFC_2008H2,146,0.2534246575342466,26.906415897478077,0.0,89.99544306830794,26.906415897478077,-19.90937538000231,89.99544306830794,37.49590284114106,10.851867570850803,108.04966124459234,146,0.3767123287671233,18.936973770871578,0.0,121.74647278906258
AGG,COVID_2020,52,0.4423076923076923,2.6791982484332633,0.0,35.954708637693564,2.6791982484332633,-87.0338162853657,35.954708637693564,19.056168385605613,3.4498341183144543,91.0748666932697,52,0.5,1.4585685794480496,0.0,67.20654886595203
BIL,full,4833,0.14132009104076143,1.2463773534635998,0.0,3.186731126111324,1.2463773534635998,-1.5435570472788809,3.186731126111324,2.1812531523972973,0.62334000851168,4.259999323498568,4833,0.1740120008276433,2.1812531610443386,0.0,3.7853131768736414
BIL,2007,150,0.18,3.4612778319719406,0.0,9.513517732218757,3.4612778319719406,-2.816627822712563,9.513517732218757,4.383137144315284,0.5204378460925841,9.530736728819177,150,0.18,4.36839938372435,0.0,13.125883636827666
BIL,2008,253,0.09486166007905138,5.264346670480748,0.0002634465216637361,11.132693091112897,5.264346670480748,0.0002634465216637361,11.132693091112897,5.630557817043908,1.8438126321873627,11.670026023905812,253,0.22134387351778656,5.335150981173068,0.0,13.76988456744454
BIL,2009,252,0.04365079365079365,3.1871887993255257,1.2421210784640424,6.527120611525708,3.1871887993255257,1.2421210784640424,6.527120611525708,3.188004584654488,1.2432273710939459,6.539243443460208,252,0.06746031746031746,3.7764973234358594,0.027871340839487307,8.415636959009221
BIL,2010,252,0.0,2.1812531523972973,1.2428540679338331,2.1812531523972973,2.1812531523972973,1.2428540679338331,2.1812531523972973,2.1812531523972973,1.2428540679338331,2.1812531523972973,252,0.023809523809523808,2.1812531610443386,2.180896874808269,3.0852369748946034
BIL,2011,252,0.003968253968253968,2.1812531523972973,1.2432273710939459,2.1812531523972973,2.1812531523972973,1.2432273710939459,2.1812531523972973,2.1812531523972973,1.2432273710939459,2.1812531523972973,252,0.03968253968253968,2.1812531610443386,2.1800409488861305,3.084422131585696
BIL,2012,250,0.008,2.182324875401618,2.181688683239654,2.182681083238564,2.182324875401618,2.181688683239654,2.182681083238564,2.182324875401618,2.182148307709225,2.182681083238564,250,0.016,2.18232488407466,2.1823248840568965,2.1826810919023387
BIL,2013,252,0.007936507936507936,2.1836341368474357,2.182324875401618,2.1845880231083568,2.1836341368474357,2.182324875401618,2.1845880231083568,2.1836341368474357,2.1826526208188195,2.1845880231083568,252,0.015873015873015872,2.1836341455205854,2.1832779902197785,2.1845880318061006
BIL,2014,252,0.011904761904761904,2.18518669360602,2.184231920594359,2.1856643020604176,2.18518669360602,2.184231920594359,2.1856643020604176,2.18518669360602,2.184231920594359,2.1856643020604176,252,0.027777777777777776,2.1851867023059413,2.1842319292808554,2.1856643107653895
BIL,2015,252,0.027777777777777776,2.187577190655173,1.2472041003532695,2.1885348911196107,2.187577190655173,1.2472041003532695,2.1885348911196107,2.187577190655173,1.2478242462569415,2.1885348911196107,252,0.06349206349206349,2.187577199386226,2.186620336708245,2.1888907620493114
BIL,2016,252,0.01984126984126984,2.187933106657728,1.246406033206589,2.1888907533139843,2.187933106657728,1.246406033206589,2.1888907533139843,2.187933106657728,1.2464890167805593,2.1888907533139843,252,0.09523809523809523,2.187933115394003,0.0004516022737988137,3.0951728510265024
BIL,2017,251,0.0398406374501992,2.186620328003135,1.0939067184612614,2.1882953417243005,2.186620328003135,1.0939067184612614,2.1882953417243005,2.186620328003135,1.2458608992225217,4.372640547387873,251,0.07569721115537849,2.1879331153762394,0.0013127786679945075,4.373596642999189
BIL,2018,251,0.22709163346613545,0.6230593306573663,0.0,1.285628970343766,0.6230593306573663,-1.5463428375001795,1.285628970343766,0.6234081696069753,0.622305854085628,2.185007092456721,251,0.30278884462151395,1.0929527999614663,0.0,2.6764641728512872
BIL,2019,252,0.2698412698412698,1.0912820806735177,0.0,1.0935359807126175,1.0912820806735177,-1.5456666773972192,1.0935359807126175,1.0920049177594116,0.6223970195917876,1.0936316563271369,252,0.30158730158730157,1.0927116684467109,0.0,2.4432790771373227
BIL,2020,253,0.07114624505928854,1.0927116673566817,0.42824494382389516,2.184875905878536,1.0927116673566817,0.42824494382389516,2.184875905878536,1.0927116673566817,0.6227261744243957,2.185161514241781,253,0.13043478260869565,1.0927116684555926,0.0,2.185542751806935
BIL,2021,252,0.003968253968253968,1.09318939256147,0.6235379390845102,1.0939067184612614,1.09318939256147,0.6235379390845102,1.0939067184612614,1.09318939256147,0.6235517876825261,1.0939067184612614,252,0.027777777777777776,1.0934283673336154,1.092116801881815,1.5460057171382506
BIL,2022,251,0.14741035856573706,0.6236881653996574,0.0,2.1859032757408725,0.6236881653996574,-1.0405708209802098,2.1859032757408725,1.0921755801558095,0.6227323525990378,2.186859510796559,251,0.1553784860557769,1.094026395822567,0.0,2.678150255880062
BIL,2023,250,0.396,0.6216702061604139,0.0,1.0923743292431036,0.6216702061604139,-1.5471700498432996,1.0923743292431036,1.0897414191031887,0.6211583297504114,1.0935479378758886,250,0.416,1.5456034000349073,0.0,3.297426774044235
BIL,2024,252,0.4801587301587302,0.621607326964657,0.0,1.0923536701227972,0.621607326964657,-1.9627377918228817,1.0923536701227972,1.0908124653182407,0.6224541744239963,1.092831082282688,252,0.4801587301587302,0.048371608819773926,0.0,3.0898203132452444
BIL,2025,250,0.488,0.0,0.0,1.0927116673566817,0.0,-1.5464257678135573,1.0927116673566817,1.0910468343196686,0.622826119370289,1.09318939256147,250,0.5,0.0,0.0,2.444140748997544
BIL,2026,154,0.44155844155844154,0.6218314540344994,0.0,1.0935479378758886,0.6218314540344994,-1.5465948861317815,1.0935479378758886,1.0917617961864388,0.6218314540344994,1.0936675356633863,154,0.45454545454545453,0.04260373057829943,0.0,2.6761728577864337
BIL,GFC_2008H2,146,0.1095890410958904,5.64126251891236,0.0,13.089940071168769,5.64126251891236,-0.1469347380377476,13.089940071168769,6.5389465386068535,2.485473810200122,13.977645552117592,146,0.18493150684931506,5.455077519132171,0.0,19.060471846962617
BIL,COVID_2020,52,0.15384615384615385,1.09158362722584,0.0,2.5890172935012306,1.09158362722584,-1.0374574953965188,2.5890172935012306,1.0918818591391763,0.4857199991984192,3.0840466616083266,52,0.3076923076923077,1.0934268460172092,0.0,3.730189909387553
BND,full,4868,0.4332374691865242,3.2823209676629914,0.0,21.273729304644185,3.2823209676629914,-23.797200775837823,21.273729304644185,10.574550661376042,2.807983845948437,27.596054615592294,4868,0.4745275267050123,2.7631612878392557,0.0,32.11262300179151
BND,2007,185,0.3837837837837838,4.8523491521861715,0.0,22.748847928653102,4.8523491521861715,-17.800272027817368,22.748847928653102,13.132143007115573,3.4392530449358456,25.64188996144714,185,0.43783783783783786,5.9470804783703635,0.0,33.64898788443137
BND,2008,253,0.3359683794466403,19.476834238406916,0.0,73.4999461573158,19.476834238406916,-35.67305606656087,73.4999461573158,30.29451703131957,9.77131107329493,85.92563862951458,253,0.4189723320158103,18.687923761455018,0.0,77.11008203101304
BND,2009,252,0.3611111111111111,11.351712273860592,0.0,36.01586233254208,11.351712273860592,-27.282551996841956,36.01586233254208,20.37278043882825,6.013163911676693,38.711760286548866,252,0.4365079365079365,6.625408197368017,0.0,43.22596786748109
BND,2010,252,0.4365079365079365,3.1700682735354992,0.0,18.365541607969313,3.1700682735354992,-25.332895986100514,18.365541607969313,10.491044713073743,3.169639030838985,21.14216345636951,252,0.503968253968254,0.0,0.0,27.542715944124666
BND,2011,252,0.46825396825396826,2.700505150089505,0.0,20.12251020931376,2.700505150089505,-24.848107485188002,20.12251020931376,12.624780326281098,3.774642413681881,25.491619885211183,252,0.5198412698412699,0.0,0.0,30.770295558420358
BND,2012,250,0.444,2.295821052908232,0.0,13.249958348172509,2.295821052908232,-15.960932194347645,13.249958348172509,8.148320992805996,2.367861463211889,16.021454235649333,250,0.488,0.27712398360784074,0.0,20.269946624975574
BND,2013,252,0.42857142857142855,2.4033535453224704,0.0,14.028229707059834,2.4033535453224704,-18.150684653798415,14.028229707059834,8.480246215299061,1.9230679337226013,15.853017158648711,252,0.4603174603174603,3.3782529843627347,0.0,22.64328525869801
BND,2014,252,0.4642857142857143,1.7229672962275908,0.0,11.140216418673639,1.7229672962275908,-19.070716740133754,11.140216418673639,7.377417687736565,2.166462651959394,12.997639984253842,252,0.5079365079365079,0.0,0.0,19.813536561498015
BND,2015,252,0.43253968253968256,3.495600230085096,0.0,17.365660306033398,3.495600230085096,-20.496879998297523,17.365660306033398,10.004209082560779,3.0713895506888833,19.7333670275015,252,0.4444444444444444,4.946499070537969,0.0,27.843847481168332
BND,2016,252,0.4166666666666667,3.6754848017174533,0.0,15.36327160824651,3.6754848017174533,-19.735306742493957,15.36327160824651,9.566907617288456,3.0573486895479034,18.56446622126288,252,0.44841269841269843,3.9774519242014126,0.0,23.488496167136706
BND,2017,251,0.40239043824701193,3.5626118047262048,0.0,13.9049546281512,3.5626118047262048,-17.029448339295374,13.9049546281512,7.300268512188006,2.0408732181711744,15.977316928143681,251,0.450199203187251,3.8958401120192065,0.0,21.573047125718922
BND,2018,251,0.450199203187251,2.1130193374498467,0.0,12.847781200315568,2.1130193374498467,-16.374001884176256,12.847781200315568,9.059534899367783,2.4728293028189827,15.730007799355247,251,0.47410358565737054,0.4083967012758469,0.0,20.535942881303747
BND,2019,252,0.4166666666666667,2.7598386647610607,0.0,13.892592066631579,2.7598386647610607,-16.763275964006546,13.892592066631579,8.039162048986705,2.2806556659491966,16.408890921428025,252,0.44047619047619047,5.3396305165078575,0.0,27.739416202947123
BND,2020,253,0.4505928853754941,1.6549921499089488,0.0,16.10728721612503,1.6549921499089488,-19.294992873693097,16.10728721612503,8.726811499500778,2.0912508559299434,22.018841355101564,253,0.5019762845849802,0.0,0.0,26.57202786654473
BND,2021,252,0.4523809523809524,1.6055680502819407,0.0,14.912089569284669,1.6055680502819407,-21.10260554207688,14.912089569284669,7.552099868223005,1.7624638093061222,18.29655407345295,252,0.5,0.07245611599364497,0.0,25.031221623171227
BND,2022,251,0.4342629482071713,7.448489597179265,0.0,33.604565357858846,7.448489597179265,-46.25290131592832,33.604565357858846,20.346688776571362,5.5009511078997315,37.43729945171899,251,0.43824701195219123,9.416540738623345,0.0,60.16762518553367
BND,2023,250,0.484,1.280921282578886,0.0,25.856183040238573,1.280921282578886,-40.686034844829976,25.856183040238573,16.37634721730446,3.8006890690359256,32.662536219218424,250,0.544,0.0,0.0,45.37491527283584
BND,2024,252,0.47619047619047616,2.1074753415949945,0.0,23.99706195965435,2.1074753415949945,-31.286823455166022,23.99706195965435,12.82268984007207,3.482691847278177,28.910814029504007,252,0.5277777777777778,0.0,0.0,32.700349862449734
BND,2025,250,0.464,2.58780636548384,0.0,19.84129899780096,2.58780636548384,-27.240066705976073,19.84129899780096,11.115414935396647,3.385212228818725,23.07377308440761,250,0.48,2.157424588928329,0.0,29.874329214040564
BND,2026,154,0.461038961038961,1.3483507754744095,0.0,14.002734307142045,1.3483507754744095,-20.933591848460626,14.002734307142045,9.04115028617884,1.9944421669623,17.436559790830092,154,0.44805194805194803,3.964601280633675,0.0,27.91961911851911
BND,GFC_2008H2,146,0.2876712328767123,28.894244752582537,0.0,93.1060748782109,28.894244752582537,-35.31138927795154,93.1060748782109,38.361577049248844,10.31885390836596,99.89653790438298,146,0.4383561643835616,19.58440050860258,0.0,84.73927096698347
BND,COVID_2020,52,0.46153846153846156,8.175030796560373,0.0,34.8848411532209,8.175030796560373,-72.13815363067205,34.8848411532209,16.089622777982616,9.352103873459983,66.03587942184839,52,0.5192307692307693,0.0,0.0,84.10589109258618
BSV,full,4868,0.38578471651602303,2.418020480310275,0.0,11.3669049428076,2.418020480310275,-10.545634257301401,11.3669049428076,5.386511396063707,1.4212263549240187,15.163461746944336,4868,0.43693508627773214,2.4136676249674704,0.0,17.06964835888115
BSV,2007,185,0.43243243243243246,1.2457855973874137,0.0,12.646001827816267,1.2457855973874137,-16.34437924074668,12.646001827816267,5.793551957581463,1.0850175215755957,15.783091096662002,185,0.5135135135135135,0.0,0.0,20.935285410882503
BSV,2008,253,0.30039525691699603,12.257816202371535,0.0,71.61699331571043,12.257816202371535,-24.994916772680913,71.61699331571043,18.93128783149322,5.347673554568708,83.48567275352198,253,0.41106719367588934,9.196941133988846,0.0,76.98278776135056
BSV,2009,252,0.24206349206349206,9.85930501515042,0.0,31.476407597991624,9.85930501515042,-10.014609882510282,31.476407597991624,14.020101611710887,4.324233031356281,35.09138522797889,252,0.32936507936507936,10.775590485898883,0.0,44.633251866778195
BSV,2010,252,0.42063492063492064,3.075240572349997,0.0,10.879791625055313,3.075240572349997,-12.648566433316525,10.879791625055313,7.286285712068435,2.6585493081331673,13.708728697785116,252,0.4365079365079365,2.325350899398376,0.0,16.001281366610815
BSV,2011,252,0.28174603174603174,4.815302800316976,0.0,11.865657098177143,4.815302800316976,-9.486896917852292,11.865657098177143,6.631607401675216,1.7851010857935035,13.192050512569775,252,0.35714285714285715,5.038256856037136,0.0,16.492438543639377
BSV,2012,250,0.292,3.1703496392929846,0.0,8.564767645124883,3.1703496392929846,-5.749327590285214,8.564767645124883,4.766825641648114,1.4459786118243816,9.85693141134786,250,0.364,2.4673432295970734,0.0,11.411206179035487
BSV,2013,252,0.30952380952380953,2.506376534940865,0.0,6.625248057443591,2.506376534940865,-7.136981893150829,6.625248057443591,4.067603916552866,1.0227526802614115,6.918162505391767,252,0.376984126984127,2.1390352954793577,0.0,8.96645702908307
BSV,2014,252,0.40476190476190477,1.3049374490077774,0.0,6.672854534055837,1.3049374490077774,-7.731696661801285,6.672854534055837,3.3511855769334415,0.9416425628554018,7.292178874258856,252,0.4880952380952381,0.05263348433333418,0.0,8.963741026564099
BSV,2015,252,0.42063492063492064,2.4507113515378838,0.0,7.942147844687977,2.4507113515378838,-8.420849528686738,7.942147844687977,5.10074575311607,1.855411386111177,9.633264698544902,252,0.42857142857142855,3.306703601775818,0.0,14.085769640135167
BSV,2016,252,0.39285714285714285,3.0207802616340413,0.0,9.80044151682139,3.0207802616340413,-8.962719433051976,9.80044151682139,5.532188725308807,1.8602358749454087,10.84140359111797,252,0.44047619047619047,1.7579362478164795,0.0,12.404473549863566
BSV,2017,251,0.3705179282868526,1.8591676509869957,0.0,6.188096430499356,1.8591676509869957,-7.065822012666289,6.188096430499356,3.815963611783841,1.2170058693720653,6.702537060951998,251,0.4262948207171315,1.2599427327941726,0.0,10.159049525039778
BSV,2018,251,0.3705179282868526,1.7323117777016717,0.0,6.798500594750004,1.7323117777016717,-7.289679974462379,6.798500594750004,3.7808507085315526,1.2254170578581554,7.4713100049596965,251,0.3745019920318725,2.5654833619882647,0.0,9.808433721241766
BSV,2019,252,0.4444444444444444,1.2489113786138357,0.0,6.759664202558771,1.2489113786138357,-10.050186728641306,6.759664202558771,3.629555970419716,1.2500894133504592,8.078354257548806,252,0.4603174603174603,0.1457190426113767,0.0,12.15217581784471
BSV,2020,253,0.3557312252964427,2.0638805362858004,0.0,8.972501250039276,2.0638805362858004,-7.333759366300329,8.972501250039276,3.598978927270616,1.254531305765834,11.734076277102035,253,0.4308300395256917,1.7046967816336158,0.0,14.809261671729432
BSV,2021,252,0.43253968253968256,1.3308584327533874,0.0,6.021725029391939,1.3308584327533874,-7.598409350156005,6.021725029391939,3.112686202858504,1.23244455860528,7.191843356799129,252,0.4880952380952381,0.04601013213804942,0.0,9.185969147104332
BSV,2022,251,0.43824701195219123,2.370911177732846,0.0,14.259313633150136,2.370911177732846,-16.900627908502727,14.259313633150136,7.391418466870694,2.2147395766358895,18.05226239218013,251,0.46215139442231074,0.8420706082598115,0.0,24.58719000131487
BSV,2023,250,0.488,0.4566555280985267,0.0,12.830579707603796,0.4566555280985267,-25.053698578883125,12.830579707603796,7.875734600945618,1.9440575425490743,17.01920237537326,250,0.508,0.0,0.0,22.731844721155504
BSV,2024,252,0.45634920634920634,0.9394411888828412,0.0,9.994642982193158,0.9394411888828412,-14.553373781233743,9.994642982193158,5.381724980006898,1.068624748037131,12.299611771445049,252,0.5357142857142857,0.0,0.0,18.43255942636762
BSV,2025,250,0.42,1.97798856481965,0.0,9.197253481855663,1.97798856481965,-11.253823807209159,9.197253481855663,5.554984084695921,1.8430470038005418,11.475815802096758,250,0.436,2.1610341809566327,0.0,15.295076488245643
BSV,2026,154,0.5,0.03835559088223099,0.0,8.578593296060959,0.037061051758061264,-12.044897621110579,8.578593296060959,5.386134833484962,1.8662695987961515,12.96545219384308,154,0.525974025974026,0.0,0.0,15.63594307143999
BSV,GFC_2008H2,146,0.19863013698630136,32.97306377689709,0.0,91.91053458049251,32.97306377689709,-9.899088883276036,91.91053458049251,45.700585078898484,8.799049455217043,97.93271231977907,146,0.3013698630136986,31.881183028854046,0.0,112.87029892744063
BSV,COVID_2020,52,0.40384615384615385,5.719895828905194,0.0,33.42590745897828,5.719895828905194,-33.586350356645895,33.42590745897828,11.745689017761269,3.598978927270616,42.869779648368564,52,0.40384615384615385,6.287959255622097,0.0,44.48223361607158
BTAL,full,3751,0.3183151159690749,0.0,0.0,77.75272109218888,0.0,-90.90541688296177,77.75272109218888,15.153521794420948,0.0,90.95717655218779,3751,0.39162889896027725,0.0,0.0,112.9023381166755
BTAL,2011,77,0.2727272727272727,0.0,0.0,50.79599638846195,0.0,-118.7523503809713,50.79599638846195,0.0,0.0,58.88933018640545,77,0.33766233766233766,0.0,0.0,170.09415265549248
BTAL,2012,250,0.256,0.0,0.0,26.20853886568739,0.0,-55.71478998414153,26.20853886568739,0.12239401795373683,0.0,34.70297555472217,250,0.372,0.0,0.0,107.12667499300386
BTAL,2013,252,0.0873015873015873,0.0,0.0,34.66728930693088,0.0,0.0,34.66728930693088,0.0,0.0,38.19354746904131,252,0.15476190476190477,0.0,0.0,69.75975946223235
BTAL,2014,252,0.07936507936507936,0.0,0.0,23.010691071520466,0.0,0.0,23.010691071520466,0.0,0.0,24.685795874131717,252,0.1746031746031746,0.0,0.0,52.213094267932085
BTAL,2015,252,0.11904761904761904,0.0,0.0,20.816515931832544,0.0,-10.282025511324697,20.816515931832544,0.0,0.0,24.595401800244026,252,0.15079365079365079,0.0,0.0,79.27877413989431
BTAL,2016,252,0.38492063492063494,6.793362551838844,0.0,85.70418588560703,6.793362551838844,-110.93602591362027,85.70418588560703,30.3583128682709,0.39862185029632824,98.1293115543175,252,0.4801587301587302,0.0,0.0,118.98753184761534
BTAL,2017,251,0.1952191235059761,0.0,0.0,11.38761572119109,0.0,-23.301606854501735,11.38761572119109,0.0,0.0,13.135537318674972,251,0.26294820717131473,0.0,0.0,53.176963851364995
BTAL,2018,251,0.1952191235059761,0.0,0.0,19.490189213464095,0.0,-22.11388192536687,19.490189213464095,0.0,0.0,29.363949307375478,251,0.27091633466135456,0.0,0.0,66.39480570729044
BTAL,2019,252,0.4126984126984127,11.635753641025111,0.0,60.45481690890433,11.635753641025111,-98.2034754047766,60.45481690890433,31.385164662522428,8.922064336291218,79.19069552570365,252,0.5277777777777778,0.0,0.0,82.15882086942331
BTAL,2020,253,0.4624505928853755,16.37548067380186,0.0,114.30279717265688,16.37548067380186,-162.1124129890939,114.30279717265688,62.11437328677423,20.193536088057773,155.83614276923626,253,0.525691699604743,0.0,0.0,154.20484021475366
BTAL,2021,252,0.38492063492063494,18.153004376303922,0.0,73.25635961358807,18.153004376303922,-80.68944614477097,73.25635961358807,42.73908845644796,12.699437065510612,98.09934103350251,252,0.4603174603174603,13.736812182336847,0.0,100.42351394743861
BTAL,2022,251,0.4900398406374502,2.710309816459194,0.0,107.94039351471461,2.710309816459194,-171.92503895666243,107.94039351471461,72.6114893118652,22.4025249825877,127.5149303645567,251,0.5657370517928287,0.0,0.0,132.98833726173083
BTAL,2023,250,0.424,24.17670474456581,0.0,90.27567103950464,24.17670474456581,-123.08597501869735,90.27567103950464,57.74498137433096,22.03440535797496,102.25715273407535,250,0.528,0.0,0.0,111.69650971394171
BTAL,2024,252,0.4246031746031746,28.189233124921948,0.0,89.38650644170738,28.189233124921948,-94.55718247245498,89.38650644170738,55.653308213645204,19.359388593047637,101.01490040586019,252,0.4801587301587302,14.233585031927825,0.0,114.46083088661426
BTAL,2025,250,0.476,15.257886074161682,0.0,93.90809888487061,15.257886074161682,-134.94947445849238,93.90809888487061,65.43376276289305,25.220887472306195,121.85627135267082,250,0.496,7.672114738032384,0.0,157.72107193060253
BTAL,2026,154,0.44805194805194803,19.5438606425189,0.0,114.64212501434751,19.5438606425189,-119.86197937025248,114.64212501434751,77.07130398173767,20.75179761679817,158.15026328941286,154,0.474025974025974,34.063398331257275,0.0,191.5930450635308
BTAL,COVID_2020,52,0.4230769230769231,42.081252770820534,0.0,117.0811584513161,42.081252770820534,-169.1212114524892,117.0811584513161,83.83243097204111,40.56934037089645,234.44101519168376,52,0.4807692307692308,23.061971668550076,0.0,161.15499372606774
FAS,full,4459,0.4301412872841444,47.863871253907945,0.0,281.0281105853248,47.863871253907945,-356.8142026235679,281.0281105853248,143.966182141312,39.91654972098774,370.0567816475009,4459,0.49719668087015023,8.578921319606382,0.0,393.0346730734713
FAS,2008,29,0.6206896551724138,0.0,0.0,940.2759563438144,-314.5818799371584,-1539.5606763601654,940.2759563438144,618.2247812699675,197.47514202660346,1366.0611517861887,29,0.5517241379310345,0.0,0.0,1511.8883869275815
FAS,2009,252,0.42857142857142855,110.24729662161292,0.0,745.4513005591143,110.24729662161292,-746.2737569000756,745.4513005591143,344.2962162490334,89.0241488135651,1036.4254369688185,252,0.5,14.475500433012575,0.0,1056.8172626144983
FAS,2010,252,0.3968253968253968,84.21415832864605,0.0,379.74804944967036,84.21415832864605,-458.30181130299763,379.74804944967036,191.78168969235645,64.78838843349571,444.58335508702584,252,0.5,3.197251202743928,0.0,475.9879375227924
FAS,2011,252,0.43253968253968256,54.68612697491141,0.0,401.85962662721687,54.68612697491141,-413.14324216379146,401.85962662721687,185.4779682125412,45.79346173532327,474.5407620132338,252,0.48412698412698413,29.360366085781216,0.0,590.5243180034058
FAS,2012,250,0.464,20.953102689141847,0.0,223.0238103124842,20.953102689141847,-331.32496247420795,223.0238103124842,136.33120137270774,26.725714073950073,266.3211868308995,250,0.536,0.0,0.0,322.89667500915954
FAS,2013,252,0.43253968253968256,39.021271542745104,0.0,195.81884539130854,39.021271542745104,-233.1599121482271,195.81884539130854,110.44330610921256,34.84034753996414,223.7382947941134,252,0.44841269841269843,43.72952480476269,0.0,284.74076849685775
FAS,2014,252,0.4722222222222222,19.138921814783348,0.0,183.69739218343125,19.138921814783348,-256.32060271911536,183.69739218343125,104.52340562776817,31.09315787855081,257.5998177780075,252,0.5277777777777778,0.0,0.0,239.76048241663145
FAS,2015,252,0.4365079365079365,45.54116446658329,0.0,210.7005072939559,45.54116446658329,-301.90106031652755,210.7005072939559,132.14121989439323,38.833931482363255,283.23097373390834,252,0.4523809523809524,49.55487670208751,0.0,329.648301794657
FAS,2016,252,0.38095238095238093,60.54845745668843,0.0,201.0584934536523,60.54845745668843,-279.384567774709,201.0584934536523,116.7506271445442,32.19269124659367,248.01133129892094,252,0.4642857142857143,46.2492309269103,0.0,317.9118917592943
FAS,2017,251,0.44223107569721115,36.03719943796962,0.0,151.95897734759566,36.03719943796962,-170.0585358006483,151.95897734759566,86.73958212223567,35.973537814531234,190.62063608254297,251,0.49800796812749004,5.200714037645002,0.0,197.24732043527044
FAS,2018,251,0.4541832669322709,35.309014661786925,0.0,286.8542424873475,35.309014661786925,-327.96657017936707,286.8542424873475,136.57206231835536,43.336006450937475,352.92132675716203,251,0.5258964143426295,0.0,0.0,317.4146822204868
FAS,2019,252,0.4444444444444444,20.034820891835743,0.0,185.5195838583429,20.034820891835743,-237.68649377867447,185.5195838583429,104.96873335583356,20.813634019469784,222.82802622139047,252,0.5396825396825397,0.0,0.0,239.03363596254363
FAS,2020,253,0.4031620553359684,81.26001466720746,0.0,471.02403192129015,81.26001466720746,-484.73697293433855,471.02403192129015,199.29837637076608,65.84251423501183,690.5917447391096,253,0.45849802371541504,59.44138126655702,0.0,742.3953220182591
FAS,2021,252,0.3968253968253968,74.63403972965874,0.0,315.84174036955454,74.63403972965874,-381.9746783970944,315.84174036955454,188.15452112179338,31.312372717663294,380.52242560242996,252,0.4523809523809524,58.17709801464664,0.0,391.1801871097133
FAS,2022,251,0.4581673306772908,39.91654972098774,0.0,365.4921693186859,39.91654972098774,-539.6610590917013,365.4921693186859,213.93027989191538,65.59097200272325,478.7197464308394,251,0.50199203187251,0.0,0.0,552.7667699865463
FAS,2023,250,0.416,58.27204728458378,0.0,235.27483637913127,58.27204728458378,-366.11431321107403,235.27483637913127,137.7867145379063,42.57843116333632,261.5215030246128,250,0.496,18.356365334964146,0.0,272.2660279532171
FAS,2024,252,0.42857142857142855,41.5027230321669,0.0,213.68233400466335,41.5027230321669,-282.6268834485801,213.68233400466335,129.7845570196105,35.035986730238385,259.418478603134,252,0.5317460317460317,0.0,0.0,274.925762787199
FAS,2025,250,0.412,60.99814049483834,0.0,241.2414228627415,60.99814049483834,-262.7392775212234,241.2414228627415,134.0603886924107,46.737162290775835,285.57292976846406,250,0.484,34.27502452978876,0.0,335.62142597554913
FAS,2026,154,0.4155844155844156,64.55354184532564,0.0,223.52170245816012,64.55354184532564,-286.76958615963315,223.52170245816012,155.21637790489373,50.13425910987624,285.7182913328796,154,0.5714285714285714,0.0,0.0,360.56809333699204
FAS,GFC_2008H2,90,0.4777777777777778,75.60250673515277,0.0,1307.4947603147325,75.60250673515277,-1607.2347405532387,1307.4947603147325,736.5018555617189,319.91877758601953,1593.400380954358,90,0.5333333333333333,0.0,0.0,1694.3913945065144
FAS,COVID_2020,52,0.38461538461538464,166.3508119470179,0.0,1208.959309729408,166.3508119470179,-1195.5480811043194,1208.959309729408,600.9697577364698,84.13641904734148,1484.652803301029,52,0.40384615384615385,305.7623125872257,0.0,1794.052565057459
IBB,full,6413,0.42211133634804304,24.26406780165546,0.0,132.53410594870581,24.26406780165546,-172.02125304992705,132.53410594870581,70.19330309635455,18.531899298349398,162.83985792641676,6413,0.49352876968657416,8.253001364717882,0.0,169.80168943737345
IBB,2001,220,0.5409090909090909,0.0,0.0,208.90162433599156,-19.229964766547763,-405.2387595110042,208.90162433599156,121.24600054319548,39.31503428176745,284.51968784640275,220,0.5318181818181819,0.0,0.0,297.15776894737866
IBB,2002,252,0.48412698412698413,9.775048138081647,0.0,234.28190557534236,9.775048138081647,-337.3791352994894,234.28190557534236,138.9125120522945,33.00499936079557,287.92348725054046,252,0.5238095238095238,0.0,0.0,291.73293397174666
IBB,2003,252,0.4801587301587302,10.72922472064427,0.0,130.85139319804549,10.72922472064427,-232.87028950317972,130.85139319804549,75.73027646726108,17.308247422856336,176.00605566493672,252,0.5238095238095238,0.0,0.0,192.00836791571552
IBB,2004,252,0.373015873015873,38.30531973218693,0.0,120.99714448173445,38.30531973218693,-153.1885925496668,120.99714448173445,65.96976464046378,20.750780572503086,141.8471638306523,252,0.45634920634920634,28.469268029128735,0.0,163.27048436259827
IBB,2005,252,0.36507936507936506,29.441645563665226,0.0,101.25761620332361,29.441645563665226,-125.27180598184688,101.25761620332361,56.626091137829064,19.065171879684254,115.31701781857446,252,0.45634920634920634,21.389407270749466,0.0,129.50250984521077
IBB,2006,251,0.44621513944223107,14.354784185450596,0.0,96.64046610749604,14.354784185450596,-137.30861537728015,96.64046610749604,55.81024933944456,15.850980431165386,120.14928428007998,251,0.50199203187251,0.0,0.0,124.5393956366753
IBB,2007,251,0.4541832669322709,11.68372060918553,0.0,91.21589230122838,11.68372060918553,-113.22366400368813,91.21589230122838,55.64345320605599,13.49067755964443,104.76597281906055,251,0.5298804780876494,0.0,0.0,110.35184787267404
IBB,2008,253,0.3794466403162055,49.02512127112134,0.0,172.33211747954405,49.02512127112134,-210.22023092075688,172.33211747954405,88.0843893714221,26.46443859566095,212.2630038482352,253,0.45454545454545453,30.968186443759613,0.0,239.15406622368494
IBB,2009,252,0.42063492063492064,25.779737139653975,0.0,141.931965036677,25.779737139653975,-156.3042587001182,141.931965036677,72.36667992416476,19.042626505173555,164.2848477286913,252,0.503968253968254,0.0,0.0,173.2308539985206
IBB,2010,252,0.3611111111111111,30.979620782938785,0.0,109.99271678290535,30.979620782938785,-122.14159870263421,109.99271678290535,54.31745970468723,17.622043081618482,128.0095426541349,252,0.4642857142857143,14.645074512200235,0.0,139.66107474414255
IBB,2011,252,0.43253968253968256,22.84851621476724,0.0,130.3402789116978,22.84851621476724,-133.9720744807451,130.3402789116978,76.76298641060748,22.25939136123631,147.85481091418956,252,0.5119047619047619,0.0,0.0,176.57328934343758
IBB,2012,250,0.484,5.898895469777046,0.0,96.44913848185962,5.898895469777046,-147.76293482345952,96.44913848185962,55.864153994813826,19.563539016705555,125.70448114565751,250,0.528,0.0,0.0,131.10238160802757
IBB,2013,252,0.38095238095238093,27.960040717413097,0.0,103.48178487978274,27.960040717413097,-143.90257425597744,103.48178487978274,64.45450668842352,17.52270930129766,123.27907475572826,252,0.45634920634920634,18.097384497913787,0.0,146.53192437016276
IBB,2014,252,0.4126984126984127,30.612756237727847,0.0,150.50083414811357,30.612756237727847,-174.05817069928153,150.50083414811357,83.92862001843275,15.82715656573404,188.56609995683942,252,0.5079365079365079,0.0,0.0,180.6398792426634
IBB,2015,252,0.4642857142857143,12.131498918439352,0.0,163.78540445215256,12.131498918439352,-196.0235102962186,163.78540445215256,92.74009572746915,17.53981819510693,190.07340166325457,252,0.5476190476190477,0.0,0.0,168.3676789780297
IBB,2016,252,0.42063492063492064,32.60809514247652,0.0,168.35510362821122,32.60809514247652,-206.4032622235978,168.35510362821122,94.4853059622724,25.97600744752928,206.2469909286537,252,0.5,3.784059851454738,0.0,216.12944433730814
IBB,2017,251,0.3545816733067729,30.232520559699818,0.0,94.37637944860751,30.232520559699818,-92.69557244821739,94.37637944860751,58.08058412192761,13.832613492323878,106.699764939432,251,0.4701195219123506,14.576470865881724,0.0,104.7170596242558
IBB,2018,251,0.450199203187251,16.12600341239141,0.0,119.19938879403512,16.12600341239141,-169.44343408025773,119.19938879403512,66.70338499994679,18.15473692291346,138.60007272506812,251,0.5099601593625498,0.0,0.0,159.15660658824504
IBB,2019,252,0.3611111111111111,33.37437506835594,0.0,120.7580243684635,33.37437506835594,-147.07641586641438,120.7580243684635,62.80197091196515,19.522364516756234,134.0187167503314,252,0.4801587301587302,17.994325439439525,0.0,143.93444187067266
IBB,2020,253,0.41106719367588934,26.023173601025874,0.0,158.48257165954482,26.023173601025874,-180.02874735968228,158.48257165954482,80.32482597225554,19.472543043931367,200.73133199982024,253,0.4743083003952569,13.308992311619862,0.0,221.33746535980302
IBB,2021,252,0.4126984126984127,27.047234452456955,0.0,136.75542659957986,27.047234452456955,-188.1127171597208,136.75542659957986,75.90357843971206,22.437637369915503,155.14916763164481,252,0.5079365079365079,0.0,0.0,162.58721419451456
IBB,2022,251,0.42231075697211157,34.410670260855476,0.0,158.1326959411843,34.410670260855476,-222.7221308019614,158.1326959411843,110.71574670303312,27.961213462803,190.71923084667898,251,0.47410358565737054,32.64568317194494,0.0,210.9164128289243
IBB,2023,250,0.436,15.538128288044811,0.0,96.30405088420783,15.538128288044811,-124.16818119099982,96.30405088420783,58.29740849006188,10.9741319464581,118.5094751036103,250,0.464,20.62031556874094,0.0,123.39223077137234
IBB,2024,252,0.4246031746031746,18.706656270669697,0.0,90.90318672581202,18.706656270669697,-115.00683341646503,90.90318672581202,58.32695217052913,14.183488302624806,107.02679145338662,252,0.49603174603174605,5.526264661023042,0.0,124.33491629568715
IBB,2025,250,0.388,35.34132035139532,0.0,119.55398334395753,35.34132035139532,-137.6653505919001,119.55398334395753,74.66313849511486,21.527191610160273,151.3325412021974,250,0.492,8.368431275769463,0.0,170.1282902431521
IBB,2026,154,0.43506493506493504,30.818232187666176,0.0,128.1258778637715,30.818232187666176,-170.21853141637,128.1258778637715,83.45683199923793,21.811184439340636,158.22482516219586,154,0.45454545454545453,18.448730004916943,0.0,162.47448769516603
IBB,GFC_2008H2,146,0.3972602739726027,67.08006818915614,0.0,235.8532869780325,67.08006818915614,-297.72521866844437,235.8532869780325,137.69317972240205,48.905720826789576,260.8977632018005,146,0.4589041095890411,40.66373822202181,0.0,348.4613990326399
IBB,COVID_2020,52,0.36538461538461536,92.67581078038464,0.0,325.5426499307241,92.67581078038464,-262.3234836334978,325.5426499307241,149.9433822707411,29.099038798549564,406.7614700403102,52,0.40384615384615385,84.74669040696138,0.0,380.6302098534435
IEF,full,6049,0.451148950239709,3.4757334632551866,0.0,26.684196910263452,3.4757334632551866,-37.770709942242746,26.684196910263452,14.516613397429975,3.910641114694765,33.63992761167182,6049,0.4799140353777484,3.9852519448545496,0.0,46.20662503618519
IEF,2002,108,0.4537037037037037,4.9168733104086755,0.0,31.914776596446078,4.9168733104086755,-55.306338897261305,31.914776596446078,21.333421712460265,5.808465511045337,33.758402728629065,108,0.4444444444444444,8.470011167037681,0.0,55.426110799043435
IEF,2003,252,0.4880952380952381,2.0221615504113792,0.0,34.816971136056445,2.0221615504113792,-52.58497129216547,34.816971136056445,22.182797532085885,6.455746682703669,43.73936610320275,252,0.5317460317460317,0.0,0.0,55.102492044021254
IEF,2004,252,0.42063492063492064,5.911325035411232,0.0,24.745267332201877,5.911325035411232,-33.987377666107065,24.745267332201877,15.631100823081104,4.665898689162094,28.601059204501784,252,0.4166666666666667,9.076226159342317,0.0,40.28253681975865
IEF,2005,252,0.42063492063492064,3.229848512661894,0.0,22.80419433318273,3.229848512661894,-29.926228507312274,22.80419433318273,14.558472933230162,2.658733174539206,26.73307249217823,252,0.4642857142857143,5.579328690432565,0.0,39.277474037669975
IEF,2006,251,0.4342629482071713,4.478981912714542,0.0,21.09307553448419,4.478981912714542,-27.60846695510612,21.09307553448419,12.238595353312459,4.337927598598208,23.8526363131719,251,0.47410358565737054,1.4423352542542605,0.0,33.86892753114902
IEF,2007,251,0.4262948207171315,4.2653346706584445,0.0,27.651325762521914,4.2653346706584445,-31.218092272189946,27.651325762521914,15.010566689312123,3.441188965740401,33.7326110267269,251,0.4860557768924303,2.478295740480887,0.0,41.408745562309875
IEF,2008,253,0.43478260869565216,6.899518522883223,0.0,42.25298903731393,6.899518522883223,-60.3092907114012,42.25298903731393,23.05253950703572,5.699142445119214,49.6494079557963,253,0.49407114624505927,4.4486401533833355,0.0,74.70576857069406
IEF,2009,252,0.49603174603174605,2.9622115302019063,0.0,36.66692142465677,2.9622115302019063,-62.04559105620972,36.66692142465677,25.518469310835766,8.589947754527984,49.01378447634896,252,0.5396825396825397,0.0,0.0,62.197804064692306
IEF,2010,252,0.44841269841269843,4.806129674976692,0.0,32.13079000417246,4.806129674976692,-48.276696184290934,32.13079000417246,18.707302601844987,4.919107040595814,37.696646272803505,252,0.45634920634920634,9.335862472340569,0.0,57.271952639138135
IEF,2011,252,0.43253968253968256,6.000170680323438,0.0,36.61289280659706,6.000170680323438,-54.340204302515794,36.61289280659706,22.196769814665025,5.412969895213045,44.58249178903523,252,0.44841269841269843,9.716074280423527,0.0,58.36398254700606
IEF,2012,250,0.468,2.241915301553468,0.0,21.297200418918326,2.241915301553468,-32.792331972433715,21.297200418918326,12.435610998818083,3.3454593439945306,26.0706102096016,250,0.52,0.0,0.0,37.913126982065975
IEF,2013,252,0.44841269841269843,3.0977661221536894,0.0,23.687368328629155,3.0977661221536894,-30.204815143664277,23.687368328629155,12.339048254712853,3.545687238741494,28.011814702831906,252,0.48412698412698413,3.1784577456570426,0.0,42.44640842198666
IEF,2014,252,0.4880952380952381,0.7055831161487174,0.0,18.30557862742225,0.7055831161487174,-30.752510318028296,18.30557862742225,11.552137461995036,2.585396491429958,22.205491898284507,252,0.49206349206349204,0.46789799796431647,0.0,33.88526756901644
IEF,2015,252,0.44047619047619047,4.017012979193831,0.0,27.922005665065665,4.017012979193831,-36.83220425329092,27.922005665065665,14.551990577123396,3.6820537827982482,31.7356114254389,252,0.4801587301587302,4.677644694610507,0.0,49.01867106151823
IEF,2016,252,0.42063492063492064,5.177665004364627,0.0,20.540610837303763,5.177665004364627,-33.25811182961063,20.540610837303763,12.677977059568894,3.1091303110945887,23.0818398285819,252,0.4642857142857143,2.3048226795964193,0.0,37.00670088447295
IEF,2017,251,0.44621513944223107,2.8098386828789224,0.0,18.706037737730334,2.8098386828789224,-21.542325636686083,18.706037737730334,10.882608167834762,3.3326675379880215,22.251759693222834,251,0.44223107569721115,4.9384546010680435,0.0,29.66147164706168
IEF,2018,251,0.44621513944223107,3.216725432326823,0.0,17.177079855341447,3.216725432326823,-19.892034704453817,17.177079855341447,10.090362707308369,3.493219368962075,20.23267289951672,251,0.44223107569721115,5.798894283249563,0.0,27.723519637159622
IEF,2019,252,0.4523809523809524,2.903149575429393,0.0,20.735395399908832,2.903149575429393,-27.593145990874003,20.735395399908832,11.63927109992044,3.478868596509696,23.5412925309538,252,0.47619047619047616,2.2264973621019535,0.0,37.51449925903415
IEF,2020,253,0.43873517786561267,3.0475055579581256,0.0,21.31966195373886,3.0475055579581256,-26.0017174602651,21.31966195373886,11.037769526057096,2.9532063715895016,28.493648829573303,253,0.48221343873517786,3.1102301147054034,0.0,36.833168375726345
IEF,2021,252,0.43253968253968256,4.0807819905467015,0.0,21.313223436174976,4.0807819905467015,-32.54422750530827,21.313223436174976,11.339932803576852,3.447230691991121,26.402758818635107,252,0.48412698412698413,4.0872821370195425,0.0,35.26634796979995
IEF,2022,251,0.46613545816733065,4.95247384019845,0.0,42.78044874856587,4.95247384019845,-54.61554783897307,42.78044874856587,24.0684839629308,7.323862951729455,48.17066923679117,251,0.4581673306772908,12.543632262373196,0.0,75.5224747933828
IEF,2023,250,0.456,5.652316179490546,0.0,31.886164887805005,5.652316179490546,-49.50781242490526,31.886164887805005,19.538299280640565,6.922041999321753,41.66850556458535,250,0.512,0.0,0.0,61.97243639278093
IEF,2024,252,0.4880952380952381,0.8142213178546288,0.0,26.54787337751087,0.8142213178546288,-39.81758416936103,26.54787337751087,12.365118512778485,3.9390973042516975,34.16137603553539,252,0.5238095238095238,0.0,0.0,40.0189806260281
IEF,2025,250,0.472,1.2282249623526305,0.0,23.930979161834717,1.2282249623526305,-33.896227072662334,23.930979161834717,13.446499060957725,3.305802873973355,29.03861943061043,250,0.488,0.7018819912488979,0.0,41.69554649127129
IEF,2026,154,0.4675324675324675,1.8508214377789136,0.0,18.607997827548335,1.8508214377789136,-27.47691117301679,18.607997827548335,11.828122400380257,3.1297802185492625,21.630349377003775,154,0.4675324675324675,6.477816447618536,0.0,36.61973335542407
IEF,GFC_2008H2,146,0.4863013698630137,7.1307050285020335,0.0,49.508846762728886,7.1307050285020335,-71.80223206779166,49.508846762728886,29.619145459218288,12.063995982133966,65.22561712372996,146,0.541095890410959,0.0,0.0,85.2644706986343
IEF,COVID_2020,52,0.34615384615384615,12.068885110300581,0.0,48.162802059504415,12.068885110300581,-35.38335674998811,48.162802059504415,21.15905426052155,7.013717370879825,59.53557726271989,52,0.40384615384615385,17.257982070243926,0.0,113.8647249039391
IOO,full,6456,0.43416976456009915,10.23666241793806,0.0,74.92134847036678,10.23666241793806,-99.61597765768295,74.92134847036678,36.57412759925442,8.96303108766819,95.0375820680045,6456,0.47444237918215615,10.754894538426509,0.0,122.17638044270862
IOO,2000,15,0.4666666666666667,0.0,0.0,39.92192954529756,0.0,-81.21858520107779,39.92192954529756,8.251735476079483,0.0,56.43065088122425,15,0.6,0.0,0.0,88.46241427293494
IOO,2001,248,0.4274193548387097,10.408812945400083,0.0,83.71904914652723,10.408812945400083,-132.4094778247874,83.71904914652723,42.87410386914589,8.218156916760865,95.49564395751591,248,0.4153225806451613,34.25825888646748,0.0,170.39120084402205
IOO,2002,252,0.47619047619047616,1.325209935458613,0.0,103.73292298443621,1.325209935458613,-197.41656126970574,103.73292298443621,54.32208729155055,8.967356756333423,121.36213179317707,252,0.49603174603174605,3.9228077197252658,0.0,209.3654419894355
IOO,2003,252,0.4087301587301587,16.672679045660907,0.0,87.22563772359493,16.672679045660907,-121.63121997280983,87.22563772359493,51.544267157418176,13.782517937194699,96.08898337948177,252,0.46825396825396826,11.33148691113087,0.0,149.6850267155296
IOO,2004,252,0.3611111111111111,24.99454838292561,0.0,63.479894614437896,24.99454838292561,-55.33775954858024,63.479894614437896,43.829341691293095,16.442503579315424,70.69819888841064,252,0.36507936507936506,37.67134416598663,0.0,108.1882172743064
IOO,2005,252,0.30952380952380953,21.944176781444185,0.0,71.65210665767194,21.944176781444185,-66.15542329153872,71.65210665767194,38.03604713051656,9.028411883879464,80.548957059884,252,0.4166666666666667,19.30330469169329,0.0,95.5397297104106
IOO,2006,251,0.3426294820717131,19.710412526589366,0.0,54.892822046472105,19.710412526589366,-74.42656164102468,54.892822046472105,32.005400722745655,9.315670137232942,61.60073917082908,251,0.4103585657370518,19.75737419764095,0.0,100.61371616301112
IOO,2007,251,0.4342629482071713,9.429395681769074,0.0,66.76807240770133,9.429395681769074,-95.05949305883753,66.76807240770133,36.592772964210006,8.647757073584886,87.25119190975487,251,0.4342629482071713,16.17123038314995,0.0,123.27459996310769
IOO,2008,253,0.4426877470355731,12.465541943100824,0.0,171.4764799490557,12.465541943100824,-201.84926551910974,171.4764799490557,73.61906514138036,12.465541943100824,246.81373501716,253,0.4743083003952569,24.36757354209412,0.0,243.9461782721854
IOO,2009,252,0.44047619047619047,15.78345411944983,0.0,144.2160907444081,15.78345411944983,-150.64127872483155,144.2160907444081,67.19803082357498,15.20694566741533,169.71786393050857,252,0.5238095238095238,0.0,0.0,213.97551619947777
IOO,2010,252,0.4087301587301587,17.30246906148466,0.0,80.34816589104464,17.30246906148466,-100.76242432038269,80.34816589104464,43.49768717234065,8.310325004766604,101.48828917619339,252,0.4365079365079365,23.341179572899765,0.0,156.75046579319638
IOO,2011,252,0.49206349206349204,1.217677413944484,0.0,103.34668724553735,1.217677413944484,-114.79163496770352,103.34668724553735,52.225440448960754,17.84992831263513,129.160908255797,252,0.5079365079365079,0.0,0.0,151.2306542508733
IOO,2012,250,0.432,7.810460852651987,0.0,49.43296675356536,7.810460852651987,-90.48854818857568,49.43296675356536,29.284448404399846,6.350564062073052,58.378247981759216,250,0.496,7.23056181733851,0.0,100.74880330704246
IOO,2013,252,0.46825396825396826,2.3632444315006675,0.0,43.35212537796789,2.3632444315006675,-64.44742583026826,43.35212537796789,26.542411036833,5.057836668123194,52.24424080674996,252,0.4801587301587302,8.817796124904778,0.0,87.64089198474827
IOO,2014,252,0.4246031746031746,8.66741459437264,0.0,49.873522107313555,8.66741459437264,-64.29560663683964,49.873522107313555,26.56218501250966,8.123793546473474,56.7997106318267,252,0.4603174603174603,9.396356078125109,0.0,79.8864169813894
IOO,2015,252,0.45634920634920634,10.425227142450181,0.0,58.07724131158649,10.425227142450181,-84.76229186842559,58.07724131158649,35.02604209662282,11.544648411105122,72.38791987803287,252,0.49603174603174605,5.425835239601864,0.0,101.02974905680067
IOO,2016,252,0.4880952380952381,2.3577598257908323,0.0,48.24342188891705,2.3577598257908323,-91.75558141234953,48.24342188891705,26.738203901314012,7.511093103327395,74.45983080985945,252,0.5,0.5034196424263085,0.0,94.6959711059061
IOO,2017,251,0.44223107569721115,6.805662696627084,0.0,30.406151734958957,6.805662696627084,-36.79518171175055,30.406151734958957,17.789289760512215,6.748161968472753,33.79867762252676,251,0.4900398406374502,3.946781735877556,0.0,51.966288378726986
IOO,2018,251,0.4581673306772908,6.686238650321512,0.0,72.56761499887294,6.686238650321512,-105.04264347749061,72.56761499887294,33.609653632890264,9.093541395796356,88.4771490881807,251,0.4820717131474104,2.3453146590010983,0.0,111.11239439141815
IOO,2019,252,0.4880952380952381,3.0834262059142032,0.0,38.391145119884854,3.0834262059142032,-71.1070048352309,38.391145119884854,25.56650101731562,7.882351603397808,53.25610003834701,252,0.5277777777777778,0.0,0.0,68.3470367949425
IOO,2020,253,0.4308300395256917,12.08444011946947,0.0,103.2152612468845,12.08444011946947,-115.94423886217962,103.2152612468845,43.74041291490565,10.669567236317418,162.64898015748312,253,0.466403162055336,20.974706143363505,0.0,210.30069165577436
IOO,2021,252,0.4007936507936508,11.688621379549616,0.0,55.570480594704165,11.688621379549616,-88.72440051833169,55.570480594704165,28.14223834278215,7.346916192009041,73.58830718335989,252,0.4722222222222222,8.830286234803586,0.0,98.62846708611407
IOO,2022,251,0.4860557768924303,7.185942199867354,0.0,113.61698648475512,7.185942199867354,-149.75452187125615,113.61698648475512,66.60104006094465,21.352507584232082,133.12834046452167,251,0.5059760956175299,0.0,0.0,165.49838268730988
IOO,2023,250,0.44,11.14994518659027,0.0,62.30122355535789,11.14994518659027,-96.5785140541112,62.30122355535789,37.311200509216384,10.76018160520304,73.39582039779523,250,0.496,2.2968840251296707,0.0,103.38500068913143
IOO,2024,252,0.4365079365079365,11.414555658806492,0.0,65.60353183667453,11.414555658806492,-87.4806881590407,65.60353183667453,37.31498603159883,11.16166210164766,77.86490829791336,252,0.503968253968254,0.0,0.0,98.72829315737108
IOO,2025,250,0.456,6.538164851495379,0.0,69.26887333192892,6.538164851495379,-90.58861167059835,69.26887333192892,39.9829225817782,7.026192242944348,87.66745072244152,250,0.512,0.0,0.0,97.35899302467972
IOO,2026,154,0.43506493506493504,9.970217076919951,0.0,67.04889451824099,9.970217076919951,-106.51554027673775,67.04889451824099,38.585046725245974,9.691174195349227,79.12816688279332,154,0.5,1.3770746327337888,0.0,108.72743823237354
IOO,GFC_2008H2,146,0.4383561643835616,36.13333399031699,0.0,297.3204366957052,36.13333399031699,-295.00112882920035,297.3204366957052,163.30725740519622,34.35952615436987,341.94603371547817,146,0.4794520547945205,31.156628876877704,0.0,415.1988622158824
IOO,COVID_2020,52,0.38461538461538464,41.92835459700784,0.0,245.84607740242603,41.92835459700784,-280.3153402307975,245.84607740242603,139.09270411548601,22.036128577252793,341.23944846445477,52,0.4423076923076923,94.79893278530956,0.0,402.71026408130626
KMLM,full,1430,0.3321678321678322,1.9910204791803938,0.0,64.8856247094009,1.9910204791803938,-70.68782263597039,64.8856247094009,25.502355253269464,0.0,74.92846266311993,1430,0.3916083916083916,2.6911123335818705,0.0,97.88397841543107
KMLM,2020,21,0.09523809523809523,0.0,0.0,0.0,0.0,0.0,0.0,0.0,0.0,0.0,21,0.23809523809523808,0.0,0.0,0.0
KMLM,2021,252,0.0992063492063492,0.0,0.0,8.162335264985098,0.0,0.0,8.162335264985098,0.0,0.0,10.001694895361766,252,0.19444444444444445,0.0,0.0,80.06418631541032
KMLM,2022,251,0.4342629482071713,1.4539727294517693,0.0,116.99128627694643,1.4539727294517693,-134.61519615966796,116.99128627694643,51.11115605025089,0.49053117201432356,139.92617884835613,251,0.4820717131474104,0.0,0.0,152.5468171457222
KMLM,2023,250,0.364,20.441025290585806,0.0,70.97702638067719,20.441025290585806,-84.31221583950517,70.97702638067719,42.25233114634301,9.20097554151252,81.55363943557613,250,0.416,22.586682190056806,0.0,97.73732982928496
KMLM,2024,252,0.38095238095238093,19.334234336216287,0.0,63.123314881742616,19.334234336216287,-54.59879685080725,63.123314881742616,38.3192213314571,14.321593393761514,72.29871124555689,252,0.42857142857142855,15.122626106342395,0.0,78.76332945898072
KMLM,2025,250,0.336,14.24781442772722,0.0,49.660663533649014,14.24781442772722,-57.66542300730791,49.660663533649014,28.117448185627122,6.2688108792749855,55.244734001762126,250,0.408,18.523379186234997,0.0,77.03463810574753
KMLM,2026,154,0.44155844155844154,7.654642560691309,0.0,60.1966548626866,7.654642560691309,-75.2070056687682,60.1966548626866,29.576038465632696,7.654642560691309,66.15192330083367,154,0.461038961038961,10.610118784603172,0.0,103.36530731932474
LABU,full,2820,0.4124113475177305,113.23249618305258,0.0,544.2200102818892,113.23249618305258,-649.9605258136643,544.2200102818892,314.0521079907044,78.45176797184595,654.7069586183999,2820,0.48333333333333334,55.72307094083387,0.0,666.421637060523
LABU,2015,152,0.42105263157894735,137.3637255029872,0.0,737.8063550475003,137.3637255029872,-680.4310572321583,737.8063550475003,355.04062891797446,104.83216700250182,839.4331485809587,152,0.48026315789473684,57.69257443780504,0.0,799.0061843777848
LABU,2016,252,0.4246031746031746,138.23135436583246,0.0,667.0347666530271,138.23135436583246,-849.391224793617,667.0347666530271,395.71575459961844,105.3163603572128,901.5249074764503,252,0.5158730158730159,0.0,0.0,876.4567580536072
LABU,2017,251,0.3944223107569721,117.07483679416929,0.0,414.2640693430195,117.07483679416929,-502.32772722279697,414.2640693430195,247.40224984953565,59.53357579090663,492.61625420850845,251,0.44621513944223107,72.2025996702164,0.0,451.91674985040606
LABU,2018,251,0.4701195219123506,51.35792468180358,0.0,462.2638924612342,51.35792468180358,-615.4456245586381,462.2638924612342,292.7123208910935,92.75264876129499,586.7762143792653,251,0.5298804780876494,0.0,0.0,642.1608043809018
LABU,2019,252,0.38492063492063494,89.21231621955589,0.0,448.92351636612153,89.21231621955589,-568.0629365178228,448.92351636612153,240.90697484907432,54.201355230339836,507.7705047133672,252,0.44047619047619047,127.6208732754499,0.0,569.9458526769208
LABU,2020,253,0.45849802371541504,60.64191228756821,0.0,591.621090653259,60.64191228756821,-742.6119132746442,591.621090653259,348.5354399667522,84.98277742077157,719.7439558781161,253,0.5059288537549407,0.0,0.0,781.2306036930686
LABU,2021,252,0.4246031746031746,103.9397989811431,0.0,522.9203542379856,103.9397989811431,-634.1166516025928,522.9203542379856,307.4156813057353,78.82884641803793,583.2953275919592,252,0.5436507936507936,0.0,0.0,656.0121033936124
LABU,2022,251,0.38645418326693226,266.28378954755067,0.0,816.1508296610169,266.28378954755067,-1008.7030313590078,816.1508296610169,486.44742121893887,164.41011688576523,892.7909008580605,251,0.44621513944223107,254.0906790870555,0.0,996.2567039021761
LABU,2023,250,0.348,139.37919287994615,0.0,479.3085550824347,139.37919287994615,-563.8761994863992,479.3085550824347,291.87555206006584,65.87449539264254,546.6303815868745,250,0.432,114.79742289436913,0.0,613.4550605333892
LABU,2024,252,0.40476190476190477,99.7500525593366,0.0,425.00428929623337,99.7500525593366,-502.0102843203338,425.00428929623337,286.3168214596692,56.72670257767405,486.32326343500023,252,0.48412698412698413,41.047804970037674,0.0,530.360450338151
LABU,2025,250,0.388,116.7832038619782,0.0,450.6441335599851,116.7832038619782,-517.6185590647202,450.6441335599851,246.31438123923107,71.41258769338761,555.7460266686503,250,0.484,38.92143814610641,0.0,578.1875594323069
LABU,2026,154,0.4675324675324675,49.866593575048356,0.0,537.400015259639,49.866593575048356,-633.8862616985634,537.400015259639,336.6473451153604,73.16411324757117,644.1605185531092,154,0.4935064935064935,74.14793889034165,0.0,664.8932833012354
LABU,COVID_2020,52,0.5,23.964727576571793,0.0,937.1980587397261,6.722048924809813,-1154.119466693629,937.1980587397261,621.8700767306485,269.5525268210465,1212.9495640701643,52,0.4423076923076923,240.220117533094,0.0,1154.0336812696112
PSQ,full,5068,0.4291633780584057,15.939736514616087,0.0,104.59483592455547,15.939736514616087,-120.65627949651044,104.59483592455547,49.30054001290543,13.64674399174321,134.02390300419927,5068,0.49230465666929757,4.767003460163591,0.0,142.46347453819988
PSQ,2006,134,0.44029850746268656,11.50583312528871,0.0,92.96848334118972,11.50583312528871,-111.90401447351651,92.96848334118972,58.81357172577774,11.125110037055084,105.9013877694847,134,0.4701492537313433,10.5423620164253,0.0,85.86863756293118
PSQ,2007,251,0.41832669322709165,20.526477337321115,0.0,92.54497487100821,20.526477337321115,-105.44461984662215,92.54497487100821,50.28228877375373,16.360445881342724,115.52941523045635,251,0.49800796812749004,0.9270898931862968,0.0,133.42354887726518
PSQ,2008,253,0.39920948616600793,35.58476688148402,0.0,187.49261483442191,35.58476688148402,-193.52464983589078,187.49261483442191,98.00399683224184,26.969987801690326,261.512774540928,253,0.47035573122529645,32.96813175060804,0.0,283.0907255294769
PSQ,2009,252,0.4007936507936508,27.444022628184047,0.0,148.11560421997086,27.444022628184047,-146.7052133879902,148.11560421997086,76.89502772700962,21.84030816009423,174.35105792287104,252,0.48412698412698413,16.109947258216692,0.0,171.8495341633572
PSQ,2010,252,0.43253968253968256,18.46988045069982,0.0,100.19473335217887,18.46988045069982,-102.67640121237785,100.19473335217887,53.01903525398209,16.180682196943152,114.48767468902126,252,0.4880952380952381,7.313690610342572,0.0,141.83433508035458
PSQ,2011,252,0.43253968253968256,17.876476958875173,0.0,112.08817235771579,17.876476958875173,-132.95127298572805,112.08817235771579,67.52296792021731,16.15772250192463,138.3375668649502,252,0.5,1.159172147169171,0.0,166.4442488861295
PSQ,2012,250,0.44,12.235336392045545,0.0,77.444786750997,12.235336392045545,-89.65194387678937,77.444786750997,46.36502567651041,11.155069396116591,90.0719823006429,250,0.456,17.727994551768905,0.0,95.0411672111652
PSQ,2013,252,0.4246031746031746,11.23320047353443,0.0,57.48173970686749,11.23320047353443,-71.68789899400896,57.48173970686749,33.10863627437003,9.659491985341647,66.9642952947012,252,0.4880952380952381,1.7277526395101142,0.0,85.79059820038587
PSQ,2014,252,0.4007936507936508,22.031138702064798,0.0,84.3128005250848,22.031138702064798,-102.41399966783068,84.3128005250848,41.250955719621814,17.120575908597736,100.07674070784137,252,0.503968253968254,0.0,0.0,97.24647678918849
PSQ,2015,252,0.4880952380952381,1.8529360246158464,0.0,78.09535139164686,1.8529360246158464,-106.4454536462979,78.09535139164686,37.85676361233892,7.8190418195625,93.69891897709279,252,0.5277777777777778,0.0,0.0,104.7436098304514
PSQ,2016,252,0.40476190476190477,17.482330877910545,0.0,73.28366716328793,17.482330877910545,-75.26822806751002,73.28366716328793,33.311203914238476,13.903149094774138,99.3154296784486,252,0.4801587301587302,10.85137150622595,0.0,114.92656794809325
PSQ,2017,251,0.3784860557768924,12.22147407901723,0.0,44.86090172896047,12.22147407901723,-58.149041454535286,44.86090172896047,27.214628781952577,7.6045750672333625,60.658437775529414,251,0.4860557768924303,3.9690612520375077,0.0,77.87779794906342
PSQ,2018,251,0.47410358565737054,7.484425588864846,0.0,95.30309423525048,7.484425588864846,-139.46108839235805,95.30309423525048,55.046016270561836,11.323344093606718,150.15221887225306,251,0.50199203187251,0.0,0.0,151.02007681962337
PSQ,2019,252,0.48412698412698413,6.307777284819284,0.0,64.98405974356184,6.307777284819284,-114.92643389225137,64.98405974356184,37.77078159944634,14.058492868758183,113.8651627538167,252,0.5476190476190477,0.0,0.0,110.83896829796763
PSQ,2020,253,0.44664031620553357,19.866750093488847,0.0,175.3532008089054,19.866750093488847,-174.9830438982423,175.3532008089054,68.73543648460956,21.256966734766372,209.54713069235464,253,0.4782608695652174,24.447884943837924,0.0,227.1802683062224
PSQ,2021,252,0.40476190476190477,17.98401049855928,0.0,108.75599855449869,17.98401049855928,-138.43123465583048,108.75599855449869,53.184565131073256,11.922919819740324,142.1764496230652,252,0.5119047619047619,0.0,0.0,142.99894779992866
PSQ,2022,251,0.4262948207171315,31.234589447563994,0.0,174.70194549064823,31.234589447563994,-198.09363730670844,174.70194549064823,97.35345504339365,26.420468996625267,204.35703442167718,251,0.47808764940239046,11.67417879198825,0.0,227.53271047593307
PSQ,2023,250,0.456,14.547321170712795,0.0,99.71466844215206,14.547321170712795,-133.90549663388248,99.71466844215206,60.22761512094658,15.505935697963677,120.31965387382495,250,0.516,0.0,0.0,143.2440087570036
PSQ,2024,252,0.42857142857142855,14.88711059464163,0.0,78.50335496511748,14.88711059464163,-124.79057432959732,78.50335496511748,43.36188290168747,13.80776463026903,96.21573100375751,252,0.4880952380952381,7.209910836500045,0.0,119.76555482088192
PSQ,2025,250,0.408,22.638908549250893,0.0,96.02733206953631,22.638908549250893,-117.41537747678254,96.02733206953631,47.568033327223795,12.777216590478627,128.29640314775165,250,0.472,11.5120645626701,0.0,119.57647873629874
PSQ,2026,154,0.42857142857142855,17.576929470928576,0.0,97.3272390027539,17.576929470928576,-117.07329396799467,97.3272390027539,49.49991894974402,14.592166922797162,114.66351873963397,154,0.474025974025974,23.92006087059028,0.0,144.1133808805372
PSQ,GFC_2008H2,146,0.3698630136986301,56.45176598750456,0.0,282.4004512580925,56.45176598750456,-293.1510619064765,282.4004512580925,146.22884001358267,31.380059208828815,318.26964114400647,146,0.4657534246575342,32.535453764116944,0.0,378.5316252136178
PSQ,COVID_2020,52,0.5,18.703606206986965,0.0,281.64438963364677,16.235619449269397,-306.5771938410027,281.64438963364677,200.3491368142882,68.8822663395124,537.6477314309641,52,0.4807692307692308,50.48416266801996,0.0,515.5957104086012
QLD,full,5068,0.4291633780584057,29.630523633281303,0.0,207.9128288026528,29.630523633281303,-239.5097320917422,207.9128288026528,99.2561373966256,25.46741302848878,266.1398421212209,5068,0.4950670876085241,9.921399903443834,0.0,278.8666453381395
QLD,2006,134,0.41044776119402987,46.874956411462456,0.0,180.55918641222829,46.874956411462456,-223.08320407237892,180.55918641222829,110.89994599618183,28.894537516157406,206.90223146104896,134,0.5074626865671642,0.0,0.0,180.1908885508711
QLD,2007,251,0.38247011952191234,36.87209721341441,0.0,205.4541664067978,36.87209721341441,-223.1019202550088,205.4541664067978,96.68012148838984,23.139249915954736,231.1330050086207,251,0.49800796812749004,16.00276558289547,0.0,263.3169215535457
QLD,2008,253,0.42292490118577075,80.10809613976596,0.0,399.42815116421065,80.10809613976596,-377.6701105404802,399.42815116421065,211.39489660205282,66.13961439472901,506.81926279457184,253,0.48221343873517786,26.560945731254055,0.0,521.1890103515407
QLD,2009,252,0.4007936507936508,62.558013711496294,0.0,294.19232147392677,62.558013711496294,-289.3948266851759,294.19232147392677,157.28908397486455,37.05014715043688,362.4665685670948,252,0.5,4.216981280216178,0.0,323.4714070719875
QLD,2010,252,0.43253968253968256,30.39143873975127,0.0,209.2362978605872,30.39143873975127,-206.59967868937736,209.2362978605872,107.11482099127261,28.261221230816687,237.6632294390273,252,0.49206349206349204,7.571135682680149,0.0,277.936376993299
QLD,2011,252,0.4444444444444444,44.73772580042622,0.0,226.41747169918693,44.73772580042622,-253.08822861656955,226.41747169918693,137.19689455545802,45.04434243330657,286.98891421221936,252,0.49603174603174605,20.885097769344362,0.0,313.81511104683403
QLD,2012,250,0.444,22.684175133448267,0.0,152.36869085269927,22.684175133448267,-183.55250602414566,152.36869085269927,95.4020440022001,22.873608361627163,172.56606373797123,250,0.44,43.414237343713886,0.0,192.4273092895734
QLD,2013,252,0.4126984126984127,21.373317524650968,0.0,118.8547192452211,21.373317524650968,-138.4701043231339,118.8547192452211,68.10152976984334,16.91328595857726,135.61790501727734,252,0.5158730158730159,0.0,0.0,165.59024859886512
QLD,2014,252,0.3968253968253968,43.256638107562445,0.0,166.83268409675017,43.256638107562445,-191.97046128950038,166.83268409675017,80.95521752601056,30.652474072751843,190.88504153913246,252,0.5119047619047619,0.0,0.0,211.5876730106615
QLD,2015,252,0.503968253968254,0.0,0.0,156.51102089356635,-1.3215216218411947,-217.324192655136,156.51102089356635,88.82873274089125,25.391214384126165,205.03147191365784,252,0.5357142857142857,0.0,0.0,198.0400091584178
QLD,2016,252,0.4007936507936508,36.54939483211707,0.0,146.15175972574585,36.54939483211707,-154.8301582608446,146.15175972574585,66.62743296251026,25.43606629644026,199.47672982968663,252,0.45634920634920634,27.982391153202908,0.0,229.22682599030125
QLD,2017,251,0.3705179282868526,24.00566213217957,0.0,97.24773025931043,24.00566213217957,-114.26001221190238,97.24773025931043,58.406416774534414,14.213106019019376,120.05957716870708,251,0.4701195219123506,11.579300890315436,0.0,150.87474910974797
QLD,2018,251,0.4820717131474104,12.424267787388453,0.0,188.2508150023738,12.424267787388453,-263.29418428639127,188.2508150023738,115.97242173375375,27.239732768532228,285.4427334598804,251,0.5059760956175299,0.0,0.0,289.9995938704374
QLD,2019,252,0.4722222222222222,12.12443424453203,0.0,136.80174707569677,12.12443424453203,-225.11151528228496,136.80174707569677,72.45010492463913,23.747810144160038,228.42798467847362,252,0.5476190476190477,0.0,0.0,204.2551435482989
QLD,2020,253,0.44664031620553357,44.28544182006587,0.0,338.8531032003889,44.28544182006587,-353.6190359410589,338.8531032003889,129.3155640130099,52.15061639772923,458.53161282760345,253,0.4743083003952569,45.93647874362523,0.0,477.48110674363966
QLD,2021,252,0.43253968253968256,32.50401421522832,0.0,209.57990864761317,32.50401421522832,-264.3568157072677,209.57990864761317,109.07751713449495,26.842763268241296,284.1321209215764,252,0.5119047619047619,0.0,0.0,286.42369089859216
QLD,2022,251,0.41832669322709165,54.46997389391032,0.0,333.02961933764743,54.46997389391032,-416.78005753381035,333.02961933764743,191.33933193362995,36.44119306445192,396.1898258271314,251,0.4900398406374502,26.17706005415236,0.0,458.8754911979534
QLD,2023,250,0.448,26.30895974921747,0.0,184.42819482942764,26.30895974921747,-270.0366788049449,184.42819482942764,111.89060940493128,26.930161894432896,223.36258508488123,250,0.504,0.0,0.0,289.729712749134
QLD,2024,252,0.4246031746031746,22.030420336718205,0.0,152.0127530307671,22.030420336718205,-238.4632527673375,152.0127530307671,89.33832762016581,15.04638627877923,180.9841154573475,252,0.5,5.835068405390312,0.0,245.4936988027835
QLD,2025,250,0.424,38.30530721698383,0.0,189.8026809849745,38.30530721698383,-224.28212024386102,189.8026809849745,99.29436141835532,32.156355832856335,252.1316574532762,250,0.472,22.578265049126657,0.0,240.59964569606626
QLD,2026,154,0.43506493506493504,33.69433273462982,0.0,187.41433414200742,33.69433273462982,-220.37034418056197,187.41433414200742,97.81589734993734,28.50968305458285,235.36017514448287,154,0.487012987012987,38.84302519710654,0.0,290.5263263962928
QLD,GFC_2008H2,146,0.363013698630137,147.07894358079886,0.0,567.9308960045555,147.07894358079886,-566.2085564758468,567.9308960045555,304.2133197605047,59.88273715411273,629.5101843501338,146,0.4520547945205479,106.4775077505081,0.0,735.9476744635543
QLD,COVID_2020,52,0.46153846153846156,115.1207994801626,0.0,675.6709870576697,115.1207994801626,-626.0506835893638,675.6709870576697,427.75249152091135,134.0257575714198,1215.7900026729194,52,0.4423076923076923,153.15068184637127,0.0,950.3064892203197
QQQ,full,6900,0.4143478260869565,20.044606964556397,0.0,130.3782082847641,20.044606964556397,-137.68150188169483,130.3782082847641,58.06141014372772,14.261982216680858,173.17864458804354,6900,0.4905797101449275,7.629719069898029,0.0,164.6601196417636
QQQ,1999,207,0.46859903381642515,22.479819383940786,0.0,182.99268874940336,22.479819383940786,-224.0250296597271,182.99268874940336,126.42519236982854,41.81108524523886,204.93607172853493,207,0.5072463768115942,0.0,0.0,221.05031166419192
QQQ,2000,252,0.44841269841269843,45.111727637150096,0.0,298.9283912586904,45.111727637150096,-377.3963382569432,298.9283912586904,168.07923257324475,47.555657976680195,362.3233653668701,252,0.5,5.26935187532421,0.0,377.71013624206813
QQQ,2001,248,0.41935483870967744,67.47627593277839,0.0,328.0336219104614,67.47627593277839,-386.260750206517,328.0336219104614,196.84234869938985,54.889959422432575,383.8785227923658,248,0.4879032258064516,34.9544075914722,0.0,380.1618568124679
QQQ,2002,252,0.38492063492063494,56.141328812784124,0.0,261.2333310000978,56.141328812784124,-307.1658840642225,261.2333310000978,137.8426360724465,42.91596600580477,304.8085520086806,252,0.5158730158730159,0.0,0.0,324.9186588061772
QQQ,2003,252,0.3531746031746032,48.39606846211023,0.0,159.4906280082388,48.39606846211023,-124.31908881573702,159.4906280082388,88.35337011489864,24.597043479908468,179.78608718796232,252,0.44841269841269843,39.66856822266109,0.0,181.79107901666998
QQQ,2004,252,0.35714285714285715,32.87035439088906,0.0,100.83306306049789,32.87035439088906,-101.37417701378124,100.83306306049789,61.10002125768066,13.959325707234248,117.62480736253787,252,0.44841269841269843,15.056639481777424,0.0,131.82069222236734
QQQ,2005,252,0.32936507936507936,28.646161324047153,0.0,76.56808729320292,28.646161324047153,-78.79922889474537,76.56808729320292,43.32189049220264,14.501343856790786,85.42250913439518,252,0.4801587301587302,3.272032581507219,0.0,101.54782741668696
QQQ,2006,251,0.40239043824701193,19.20621163066055,0.0,92.75051565230007,19.20621163066055,-102.51282171564358,92.75051565230007,51.24512467390268,9.952404650429331,106.67803010307671,251,0.5059760956175299,0.0,0.0,106.81509829871969
QQQ,2007,251,0.36254980079681276,21.757905220336653,0.0,99.41675540422362,21.757905220336653,-106.54203951231517,99.41675540422362,48.76451324908585,10.022622504490098,114.34958964910064,251,0.49800796812749004,1.263079032299121,0.0,126.15497536620053
QQQ,2008,253,0.38735177865612647,38.01813327489803,0.0,203.0670608059866,38.01813327489803,-192.79838097852064,203.0670608059866,103.17278001389984,25.87603171713638,262.20110447747567,253,0.45454545454545453,29.319754406068885,0.0,265.3181869126217
QQQ,2009,252,0.42063492063492064,26.75600604926077,0.0,148.85698631105606,26.75600604926077,-143.43629744268515,148.85698631105606,78.63979490302498,20.716501656569115,178.4952085996686,252,0.5,2.471540636120074,0.0,161.0171129544846
QQQ,2010,252,0.40476190476190477,22.204109989039516,0.0,104.51742561423428,22.204109989039516,-102.42713179561198,104.51742561423428,51.846553722306716,15.26574082401931,117.15835076316554,252,0.49206349206349204,2.591539934329732,0.0,143.96203220488022
QQQ,2011,252,0.43253968253968256,22.19352188399121,0.0,117.98145910390097,22.19352188399121,-126.01891072587698,117.98145910390097,71.07767165821568,18.791753436640477,147.1881635019199,252,0.5119047619047619,0.0,0.0,163.3464496487805
QQQ,2012,250,0.428,11.91169996079989,0.0,78.38915793767484,11.91169996079989,-95.0736835958272,78.38915793767484,48.754890590504914,10.96337166606631,90.97748890316655,250,0.456,21.28800955823524,0.0,96.22421717785602
QQQ,2013,252,0.43253968253968256,10.684866121945499,0.0,59.461702338145,10.684866121945499,-66.19037539751083,59.461702338145,35.97749678929352,10.034099908026228,66.76614481407799,252,0.49206349206349204,4.8577775743061515,0.0,85.98942652904437
QQQ,2014,252,0.4007936507936508,22.421841790061478,0.0,84.93725714781746,22.421841790061478,-93.58113762394522,84.93725714781746,40.911246271200476,16.478335451820858,95.62289365522808,252,0.503968253968254,0.0,0.0,105.22733496964476
QQQ,2015,252,0.503968253968254,0.0,0.0,83.16244483362362,-0.29609722780945613,-107.82609994280355,83.16244483362362,44.70102325389815,11.565429883228711,101.20662196385119,252,0.5357142857142857,0.0,0.0,97.48863605550716
QQQ,2016,252,0.3888888888888889,19.31608875137123,0.0,74.26289015593169,19.31608875137123,-73.90848022973036,74.26289015593169,35.612545959493566,12.610452121302725,96.14700559722057,252,0.4444444444444444,14.470463287918381,0.0,118.02169542741318
QQQ,2017,251,0.3705179282868526,13.213071244717344,0.0,47.17622157897996,13.213071244717344,-59.48353251538829,47.17622157897996,28.805102545562214,7.74370341040993,59.89235733776066,251,0.4701195219123506,8.252948877119087,0.0,75.4900143658918
QQQ,2018,251,0.46613545816733065,8.500722452420442,0.0,97.87496080725313,8.500722452420442,-134.98609328603447,97.87496080725313,56.212146116811255,10.276025598625969,145.14042396891452,251,0.49800796812749004,8.005579194828787,0.0,147.95599953096564
QQQ,2019,252,0.45634920634920634,5.634471466162443,0.0,68.60181253307844,5.634471466162443,-113.74089178163568,68.60181253307844,37.23749340276216,8.575954710024686,111.47824285521234,252,0.5277777777777778,0.0,0.0,103.063939214902
QQQ,2020,253,0.4505928853754941,16.48486769499199,0.0,174.92672319433944,16.48486769499199,-181.6343534015284,174.92672319433944,70.73042402557965,20.58824445738136,221.52832109511436,253,0.466403162055336,25.918651689024355,0.0,257.63819213302617
QQQ,2021,252,0.4166666666666667,16.061296238891757,0.0,110.11650669345293,16.061296238891757,-127.60706271923974,110.11650669345293,55.740604389276285,11.414985616207511,138.88416122684995,252,0.503968253968254,0.0,0.0,137.39041577061406
QQQ,2022,251,0.42231075697211157,31.124927544726393,0.0,176.5896694411758,31.124927544726393,-207.835377328426,176.5896694411758,97.52729384766018,20.042023565815825,201.19273852453355,251,0.4900398406374502,15.55822039830223,0.0,227.98077931717515
QQQ,2023,250,0.452,11.204371668978293,0.0,94.31881006725814,11.204371668978293,-134.89088924174501,94.31881006725814,57.01165284526571,13.325273319755313,112.34542302256999,250,0.516,0.0,0.0,144.53731022940536
QQQ,2024,252,0.42857142857142855,11.328993261056779,0.0,77.15165501687557,11.328993261056779,-118.8439382520342,77.15165501687557,45.15799439573003,9.477853309855817,89.17416273749859,252,0.5079365079365079,0.0,0.0,123.84579416885366
QQQ,2025,250,0.416,21.09468018868377,0.0,89.55372333454193,21.09468018868377,-108.54461295411663,89.55372333454193,49.64452633207854,15.12089779880124,123.40935222385274,250,0.488,8.046572367953697,0.0,119.35290484605811
QQQ,2026,154,0.4025974025974026,16.00211543193347,0.0,93.0830616239216,16.00211543193347,-104.10527247439846,93.0830616239216,48.94942025778239,6.2141259555243265,117.53449011802556,154,0.487012987012987,23.039037423864126,0.0,142.49067540503873
QQQ,GFC_2008H2,146,0.3904109589041096,65.57069903086155,0.0,285.2451799194996,65.57069903086155,-283.8479262687766,285.2451799194996,156.61559738693512,32.67837972274702,313.6618970781134,146,0.4178082191780822,53.21834259198883,0.0,361.0054228879478
QQQ,COVID_2020,52,0.4423076923076923,63.165918241250004,0.0,318.8090623982797,63.165918241250004,-318.30409567328167,318.8090623982797,212.95332188175948,64.82173685548176,619.1269129376732,52,0.4230769230769231,69.25477303263277,0.0,466.08582836330453
QQQE,full,3620,0.42790055248618786,2.2995249963649425,0.0,77.07075800974144,2.2995249963649425,-103.73055537037821,77.07075800974144,32.62031339598621,0.49021169478446663,101.60081919160463,3620,0.47292817679558014,0.0,0.0,120.16254382556825
QQQE,2012,196,0.15306122448979592,0.0,0.0,16.467836301403008,0.0,-35.49781181757999,16.467836301403008,0.0,0.0,22.74992790602453,196,0.20918367346938777,0.0,0.0,82.16201342457502
QQQE,2013,252,0.32936507936507936,0.0,0.0,36.106368926895016,0.0,-69.32247656754096,36.106368926895016,3.9083018197833215,0.0,41.66315483943787,252,0.4087301587301587,0.0,0.0,77.42929555476213
QQQE,2014,252,0.44047619047619047,1.4700260578866746,0.0,58.49492071698183,1.4700260578866746,-88.24277772108036,58.49492071698183,26.34695063020612,1.3065802475380555,77.38550164721988,252,0.5079365079365079,0.0,0.0,99.68737700924959
QQQE,2015,252,0.5436507936507936,0.0,0.0,60.7629222319871,-8.44160612787911,-92.02607381996276,60.7629222319871,29.543163722199374,8.71900714055192,92.95672885234032,252,0.5714285714285714,0.0,0.0,102.36500544971196
QQQE,2016,252,0.4007936507936508,10.825209712662913,0.0,65.78402654300343,10.825209712662913,-70.5010732135336,65.78402654300343,30.562851724914463,7.3383614165630355,77.69600309142592,252,0.4246031746031746,22.665149042118998,0.0,110.0621802152711
QQQE,2017,251,0.3944223107569721,12.632387674569983,0.0,46.289617981157846,12.632387674569983,-47.554180485099764,46.289617981157846,25.73070860441588,8.226005929005208,54.462600701830674,251,0.4581673306772908,8.487665358479232,0.0,80.26195506321913
QQQE,2018,251,0.4900398406374502,2.4429784402169474,0.0,84.01283857739628,2.4429784402169474,-128.9670814884067,84.01283857739628,43.12845493799967,10.98394009777437,114.97885703905143,251,0.5179282868525896,0.0,0.0,133.15534526818587
QQQE,2019,252,0.4603174603174603,9.3828893566805,0.0,69.59301119826212,9.3828893566805,-105.21761920566863,69.59301119826212,31.22032188721439,10.668058225930732,86.93706902604956,252,0.5317460317460317,0.0,0.0,106.81433480121007
QQQE,2020,253,0.43873517786561267,14.478984022375503,0.0,132.8211982008,14.478984022375503,-168.58423740673211,132.8211982008,58.63673261001699,14.418905691730483,223.82630400723338,253,0.4782608695652174,11.180146420811406,0.0,203.04311276696723
QQQE,2021,252,0.4603174603174603,8.121250585889017,0.0,81.48699475834034,8.121250585889017,-110.79590395863652,81.48699475834034,39.141851714803366,12.487089380104662,106.70269887691708,252,0.5198412698412699,0.0,0.0,125.87468915644662
QQQE,2022,251,0.4541832669322709,26.41352819770077,0.0,141.83578091297676,26.41352819770077,-211.56474385357615,141.83578091297676,83.71581666628857,29.031427894802686,164.59480968044585,251,0.46215139442231074,30.846286672825737,0.0,199.4274717978485
QQQE,2023,250,0.512,0.0,0.0,76.311007757032,-2.6271044547871174,-121.14975394462664,76.311007757032,46.25620374374778,11.072038127499871,97.08259698134007,250,0.496,5.220952186901065,0.0,123.86023236608936
QQQE,2024,252,0.4087301587301587,14.291723810961852,0.0,70.1476833495375,14.291723810961852,-88.98064036715405,70.1476833495375,35.26616346568166,10.554462121058117,79.06261444349761,252,0.4801587301587302,15.76139594416684,0.0,104.19335740704143
QQQE,2025,250,0.42,14.393518741977582,0.0,77.28967268179974,14.393518741977582,-97.26956350357096,77.28967268179974,41.30534695973247,12.940541727907721,112.08529959436613,250,0.492,6.042386931113495,0.0,104.7999437147023
QQQE,2026,154,0.4675324675324675,7.376518521966282,0.0,76.5319466405549,7.376518521966282,-107.87078510494541,76.5319466405549,45.89133609133333,11.225800265810363,105.68649554138861,154,0.4805194805194805,15.983060928851106,0.0,122.33894427920951
QQQE,COVID_2020,52,0.4423076923076923,57.57418004657037,0.0,296.42903012875064,57.57418004657037,-283.48266598690645,296.42903012875064,206.6958963262636,58.5076873121898,429.96443759935306,52,0.4230769230769231,83.29174756261983,0.0,522.3370097617463
RYMFX,full,4900,0.0,0.0,0.0,0.0,0.0,0.0,0.0,0.0,0.0,0.0,4900,0.0,0.0,0.0,0.0
RYMFX,2007,217,0.0,0.0,0.0,0.0,0.0,0.0,0.0,0.0,0.0,0.0,217,0.0,0.0,0.0,0.0
RYMFX,2008,253,0.0,0.0,0.0,0.0,0.0,0.0,0.0,0.0,0.0,0.0,253,0.0,0.0,0.0,0.0
RYMFX,2009,252,0.0,0.0,0.0,0.0,0.0,0.0,0.0,0.0,0.0,0.0,252,0.0,0.0,0.0,0.0
RYMFX,2010,252,0.0,0.0,0.0,0.0,0.0,0.0,0.0,0.0,0.0,0.0,252,0.0,0.0,0.0,0.0
RYMFX,2011,252,0.0,0.0,0.0,0.0,0.0,0.0,0.0,0.0,0.0,0.0,252,0.0,0.0,0.0,0.0
RYMFX,2012,250,0.0,0.0,0.0,0.0,0.0,0.0,0.0,0.0,0.0,0.0,250,0.0,0.0,0.0,0.0
RYMFX,2013,252,0.0,0.0,0.0,0.0,0.0,0.0,0.0,0.0,0.0,0.0,252,0.0,0.0,0.0,0.0
RYMFX,2014,252,0.0,0.0,0.0,0.0,0.0,0.0,0.0,0.0,0.0,0.0,252,0.0,0.0,0.0,0.0
RYMFX,2015,252,0.0,0.0,0.0,0.0,0.0,0.0,0.0,0.0,0.0,0.0,252,0.0,0.0,0.0,0.0
RYMFX,2016,252,0.0,0.0,0.0,0.0,0.0,0.0,0.0,0.0,0.0,0.0,252,0.0,0.0,0.0,0.0
RYMFX,2017,251,0.0,0.0,0.0,0.0,0.0,0.0,0.0,0.0,0.0,0.0,251,0.0,0.0,0.0,0.0
RYMFX,2018,251,0.0,0.0,0.0,0.0,0.0,0.0,0.0,0.0,0.0,0.0,251,0.0,0.0,0.0,0.0
RYMFX,2019,252,0.0,0.0,0.0,0.0,0.0,0.0,0.0,0.0,0.0,0.0,252,0.0,0.0,0.0,0.0
RYMFX,2020,253,0.0,0.0,0.0,0.0,0.0,0.0,0.0,0.0,0.0,0.0,253,0.0,0.0,0.0,0.0
RYMFX,2021,252,0.0,0.0,0.0,0.0,0.0,0.0,0.0,0.0,0.0,0.0,252,0.0,0.0,0.0,0.0
RYMFX,2022,251,0.0,0.0,0.0,0.0,0.0,0.0,0.0,0.0,0.0,0.0,251,0.0,0.0,0.0,0.0
RYMFX,2023,250,0.0,0.0,0.0,0.0,0.0,0.0,0.0,0.0,0.0,0.0,250,0.0,0.0,0.0,0.0
RYMFX,2024,252,0.0,0.0,0.0,0.0,0.0,0.0,0.0,0.0,0.0,0.0,252,0.0,0.0,0.0,0.0
RYMFX,2025,250,0.0,0.0,0.0,0.0,0.0,0.0,0.0,0.0,0.0,0.0,250,0.0,0.0,0.0,0.0
RYMFX,2026,154,0.0,0.0,0.0,0.0,0.0,0.0,0.0,0.0,0.0,0.0,154,0.0,0.0,0.0,0.0
RYMFX,GFC_2008H2,146,0.0,0.0,0.0,0.0,0.0,0.0,0.0,0.0,0.0,0.0,146,0.0,0.0,0.0,0.0
RYMFX,COVID_2020,52,0.0,0.0,0.0,0.0,0.0,0.0,0.0,0.0,0.0,0.0,52,0.0,0.0,0.0,0.0
SH,full,5068,0.4325177584846093,12.019327986843244,0.0,79.22274086370064,12.019327986843244,-96.50923573617922,79.22274086370064,38.32055340604342,10.68179874004793,105.02068740052864,5068,0.4903314917127072,2.6108182664723505,0.0,110.4180530047812
SH,2006,134,0.417910447761194,9.50545632221249,0.0,52.20373306383654,9.50545632221249,-58.95827300368925,52.20373306383654,28.859883569916263,8.27110864573668,59.656562433837145,134,0.5597014925373134,0.0,0.0,60.58707726826349
SH,2007,251,0.4262948207171315,10.94367709675497,0.0,75.43711137561569,10.94367709675497,-99.0340309299093,75.43711137561569,34.15405058739115,8.21588592183254,90.21204899081489,251,0.46613545816733065,15.621420910293297,0.0,131.57133593940037
SH,2008,253,0.4426877470355731,18.92896578276412,0.0,195.70068101696242,18.92896578276412,-205.36449400619978,195.70068101696242,83.78447452621738,18.92896578276412,258.5946776855394,253,0.48616600790513836,19.074501288306678,0.0,240.40874744760956
SH,2009,252,0.44841269841269843,21.715189487384222,0.0,127.09818135831406,21.715189487384222,-153.89105718198775,127.09818135831406,67.43543886436387,23.76055023770534,170.91578640806915,252,0.503968253968254,0.0,0.0,177.29677404076924
SH,2010,252,0.4365079365079365,17.29819173290506,0.0,85.54900054729407,17.29819173290506,-102.57513013622963,85.54900054729407,44.67142283907554,16.00446872791221,106.59122777926902,252,0.49206349206349204,8.508718000624164,0.0,126.71412277056423
SH,2011,252,0.4523809523809524,14.343819228931709,0.0,110.34766514450892,14.343819228931709,-116.21251030235007,110.34766514450892,52.5144129829695,15.702760180851412,124.80509106101903,252,0.5079365079365079,0.0,0.0,147.16133819485142
SH,2012,250,0.448,6.912358096486087,0.0,59.59868684800895,6.912358096486087,-74.16571966398985,59.59868684800895,36.36369069324428,6.994108178625593,70.7924885965891,250,0.5,1.3419012698257624,0.0,81.92201495487934
SH,2013,252,0.4365079365079365,9.463841470224422,0.0,53.42714007619178,9.463841470224422,-64.21077401681228,53.42714007619178,32.528163166085456,8.013350107744456,60.89954837329567,252,0.5119047619047619,0.0,0.0,80.38611067996108
SH,2014,252,0.42063492063492064,11.125423330464313,0.0,61.165252095918675,11.125423330464313,-74.68640493179282,61.165252095918675,33.498981895908216,8.277155432472528,74.16006005809184,252,0.4801587301587302,2.0790093387728414,0.0,76.17606031292296
SH,2015,252,0.45634920634920634,11.442986701161116,0.0,66.63784632208721,11.442986701161116,-88.60883271595428,66.63784632208721,37.75733851992464,12.118399592648052,78.01297995881833,252,0.4722222222222222,12.405959627202245,0.0,99.12672181558145
SH,2016,252,0.4166666666666667,14.67225367996049,0.0,61.74553959655785,14.67225367996049,-60.33789936166333,61.74553959655785,32.41243171437162,12.13238163528323,79.99840690386579,252,0.46825396825396826,8.9672613313945,0.0,83.10377573474169
SH,2017,251,0.3784860557768924,8.888487207276784,0.0,33.02660273976667,8.888487207276784,-37.258210496706475,33.02660273976667,17.87247059562001,6.26608042148747,40.04526187327053,251,0.44223107569721115,8.113468767579006,0.0,50.85639913098295
SH,2018,251,0.4581673306772908,7.055868482889759,0.0,70.63142108015113,7.055868482889759,-108.08628555141502,70.63142108015113,38.720068566996986,11.292918197598986,105.8601873557171,251,0.5059760956175299,0.0,0.0,101.37602005369122
SH,2019,252,0.47619047619047616,3.7283566746852834,0.0,55.025191447850226,3.7283566746852834,-76.04882523252734,55.025191447850226,27.328361352958897,9.880985143751387,87.17137862319876,252,0.5277777777777778,0.0,0.0,77.37989542736145
SH,2020,253,0.42292490118577075,21.135458756781023,0.0,121.24826853924768,21.135458756781023,-145.46147439728557,121.24826853924768,48.10716013590134,16.72776797718976,200.67448885457745,253,0.4624505928853755,21.39309222089742,0.0,211.23197883379376
SH,2021,252,0.4246031746031746,12.92043404168127,0.0,70.80315052154171,12.92043404168127,-82.3380197400303,70.80315052154171,35.81738562429577,11.011238603220292,94.41229650615615,252,0.49603174603174605,0.07751754467932445,0.0,100.18102125182324
SH,2022,251,0.43824701195219123,16.713938196984405,0.0,129.46493971970284,16.713938196984405,-158.39139284956536,129.46493971970284,77.66761716344335,15.32208823669012,159.73773041049463,251,0.4820717131474104,8.299489801928914,0.0,172.99827854826248
SH,2023,250,0.44,7.718231848584823,0.0,64.95312758273329,7.718231848584823,-100.09982216195978,64.95312758273329,35.96582349678343,7.660286950580241,78.15067852473035,250,0.532,0.0,0.0,93.02305822464758
SH,2024,252,0.42063492063492064,14.652925727559763,0.0,63.90187656456923,14.652925727559763,-76.98783916624113,63.90187656456923,39.62044588585035,12.096234328042874,73.00235459116085,252,0.47619047619047616,2.7191623090007075,0.0,90.26124716641196
SH,2025,250,0.4,15.726271856363699,0.0,79.91890526726513,15.726271856363699,-89.4569721550594,79.91890526726513,36.61159027913807,9.932773623280076,101.37686076876327,250,0.484,7.2008567089808615,0.0,88.58279687414942
SH,2026,154,0.4025974025974026,14.906231578579145,0.0,60.24397673805731,14.906231578579145,-75.370927396886,60.24397673805731,32.52575659811052,11.217527843953553,66.53757204251345,154,0.461038961038961,13.746712518662871,0.0,100.57986444342986
SH,GFC_2008H2,146,0.4520547945205479,27.561050881418353,0.0,278.63844299874864,27.561050881418353,-302.0188469096642,278.63844299874864,163.63087978799672,33.44515419995064,331.9655045267426,146,0.4726027397260274,45.84487040684383,0.0,397.3249896882173
SH,COVID_2020,52,0.4230769230769231,73.67008283590009,0.0,397.59077531223494,73.67008283590009,-374.96578299349875,397.59077531223494,172.25675503660383,66.28517594256517,477.4439304041381,52,0.4423076923076923,126.37641448980351,0.0,491.15342136179316
SMH,full,6587,0.4299377561864278,25.650139892144526,0.0,170.77344294777433,25.650139892144526,-190.56208216439762,170.77344294777433,83.33246095616386,21.304005630294892,227.89876740838352,6587,0.48868984363139517,12.709006395328672,0.0,230.98043602145802
SMH,2000,146,0.4178082191780822,89.3477582883561,0.0,381.1671876942853,89.3477582883561,-446.89352632833993,381.1671876942853,220.18223991424696,62.877318050777696,435.14682170701906,146,0.4657534246575342,70.2207559440868,0.0,463.32734361621374
SMH,2001,248,0.4717741935483871,51.80853312306844,0.0,374.98547365690695,51.80853312306844,-442.5709192229471,374.98547365690695,230.90537948028722,75.4227884411508,470.19345770264067,248,0.4879032258064516,46.202726535160345,0.0,437.69324453895956
SMH,2002,252,0.45634920634920634,33.55252698131732,0.0,388.318304653018,33.55252698131732,-431.7189252997107,388.318304653018,216.6506980948652,46.47617689496069,444.8394789198352,252,0.5396825396825397,0.0,0.0,419.14211016053815
SMH,2003,252,0.4365079365079365,39.230513260856966,0.0,204.0122849684391,39.230513260856966,-250.35300022897272,204.0122849684391,121.7063482863019,38.52006931074282,247.84226132917797,252,0.49603174603174605,6.941461555733554,0.0,272.5506317132874
SMH,2004,252,0.4126984126984127,36.18451909416607,0.0,163.5788615966234,36.18451909416607,-229.16674548666649,163.5788615966234,100.0942294350091,28.606263153566776,186.5643989989706,252,0.4642857142857143,31.09580142753374,0.0,200.70432325474204
SMH,2005,252,0.34523809523809523,46.311072501240695,0.0,129.24835885229044,46.311072501240695,-144.63759559898674,129.24835885229044,80.20428842382536,21.827988667438408,155.6646956368098,252,0.4722222222222222,18.420631606662912,0.0,164.70240123345096
SMH,2006,251,0.4262948207171315,27.844310177451817,0.0,150.45487975690506,27.844310177451817,-160.2213507799802,150.45487975690506,86.4906329162678,25.60717949867537,165.5145226534792,251,0.50199203187251,0.0,0.0,172.81407149667044
SMH,2007,251,0.36254980079681276,31.47523173226553,0.0,120.5864893132933,31.47523173226553,-127.98602981027713,120.5864893132933,68.32059019839078,19.71468824461385,133.46293330074968,251,0.47808764940239046,11.67403590227827,0.0,164.67834299654356
SMH,2008,253,0.3952569169960474,63.46512721112875,0.0,232.3220722180212,63.46512721112875,-234.38682949951829,232.3220722180212,131.19984685893834,47.62752453764369,286.37033531845725,253,0.47035573122529645,36.92914425497899,0.0,355.5454436105543
SMH,2009,252,0.4087301587301587,44.150770719097125,0.0,244.09889203173958,44.150770719097125,-228.2985816288081,244.09889203173958,124.62205202571135,22.105550849941185,298.2213611766509,252,0.47619047619047616,28.40769279844649,0.0,258.49994795350057
SMH,2010,252,0.3968253968253968,38.19012683850118,0.0,149.86551328144878,38.19012683850118,-147.54077924116945,149.86551328144878,83.51648503825835,22.400674443170395,171.03180618995557,252,0.4523809523809524,22.314751474885572,0.0,226.49460186635437
SMH,2011,252,0.44047619047619047,21.272411154686704,0.0,139.27399531634836,21.272411154686704,-169.97080012328004,139.27399531634836,82.92285922384954,21.096076374373453,165.15785343290858,252,0.5396825396825397,0.0,0.0,176.31359814259952
SMH,2012,250,0.452,19.2013669392704,0.0,99.79997591218586,19.2013669392704,-127.22349033081396,99.79997591218586,64.24643259554676,22.339040152205683,112.48685253285404,250,0.492,5.628931685040105,0.0,151.81508562294982
SMH,2013,252,0.38095238095238093,21.98879917452194,0.0,79.9436167231014,21.98879917452194,-86.08506375581233,79.9436167231014,43.71506255502895,11.853260456674606,87.43482893979818,252,0.4365079365079365,23.267091809256318,0.0,113.22782575575408
SMH,2014,252,0.42063492063492064,16.291679782603616,0.0,95.24413770690393,16.291679782603616,-102.4469013200087,95.24413770690393,44.64066831605614,13.332790908081776,110.19442930646842,252,0.47619047619047616,15.335154251754748,0.0,128.11513843790408
SMH,2015,252,0.5277777777777778,0.0,0.0,105.58972932969473,-8.719545128361833,-165.25813160951438,105.58972932969473,70.97996236917399,13.897259044908088,134.8603313661091,252,0.5357142857142857,0.0,0.0,149.11031452896415
SMH,2016,252,0.43253968253968256,14.643161370468627,0.0,98.81869586193568,14.643161370468627,-124.11994950727586,98.81869586193568,52.28161140075764,11.983233411254522,117.83921423881334,252,0.503968253968254,0.0,0.0,150.88863555744788
SMH,2017,251,0.3665338645418327,26.03431969103935,0.0,75.03534877581637,26.03431969103935,-89.92916750380144,75.03534877581637,47.19066246085802,17.21581479985117,84.18796674959026,251,0.4541832669322709,21.62694796854199,0.0,128.2544035443856
SMH,2018,251,0.44223107569721115,19.5278365522271,0.0,144.2164826730321,19.5278365522271,-174.67865615755088,144.2164826730321,68.60623010575759,19.516227030054214,194.26916545521144,251,0.46215139442231074,20.88234878776072,0.0,211.9376820126344
SMH,2019,252,0.48412698412698413,3.9914474292138387,0.0,108.51243172499618,3.9914474292138387,-155.32378565362671,108.51243172499618,61.5985505399362,12.832008088901805,149.67425815583923,252,0.5238095238095238,0.0,0.0,177.52822738405106
SMH,2020,253,0.40711462450592883,41.30162202506877,0.0,222.47564682121927,41.30162202506877,-219.35046782474765,222.47564682121927,100.72828151264584,30.311644580870322,282.90994152428476,253,0.4743083003952569,33.5380438389225,0.0,326.31954179215876
SMH,2021,252,0.44841269841269843,25.743071606233855,0.0,139.63409391156551,25.743071606233855,-212.84737354052928,139.63409391156551,70.2202085838321,26.967132900277054,197.4851043968242,252,0.4880952380952381,21.695271734020483,0.0,217.33314647575784
SMH,2022,251,0.42231075697211157,26.722300509929006,0.0,217.13952282296881,26.722300509929006,-300.69123165401135,217.13952282296881,114.80718394390604,22.375109734763214,258.87202305984755,251,0.47808764940239046,42.82067958049703,0.0,323.0653146065357
SMH,2023,250,0.436,28.43846510034328,0.0,140.1641640451478,28.43846510034328,-181.52299212470786,140.1641640451478,83.9951223164261,26.426995894203927,153.1557197431528,250,0.544,0.0,0.0,202.0085179706275
SMH,2024,252,0.4722222222222222,18.349055217951925,0.0,143.67818514663577,18.349055217951925,-224.88539681332443,143.67818514663577,89.69894145434327,26.14168530143611,183.02416997405504,252,0.48412698412698413,19.094578766859645,0.0,206.47908384318467
SMH,2025,250,0.488,10.652318120679283,0.0,139.48387085385377,10.652318120679283,-184.97088406009598,139.48387085385377,80.38857786735423,28.98480339995768,218.72677261878252,250,0.508,0.0,0.0,211.74213869218747
SMH,2026,154,0.4675324675324675,8.731838593293343,0.0,205.59679115172997,8.731838593293343,-221.44498147156446,205.59679115172997,113.51266495551072,17.936994673223523,238.48171107590224,154,0.474025974025974,62.62375019912368,0.0,309.977567381679
SMH,GFC_2008H2,146,0.3904109589041096,108.41848080814486,0.0,359.6002915210883,108.41848080814486,-347.14955938316234,359.6002915210883,198.99068631900926,77.22452450887269,419.47232975492216,146,0.4246575342465753,130.32043176469645,0.0,519.3146337496258
SMH,COVID_2020,52,0.34615384615384615,111.69000378649245,0.0,515.2222205407331,111.69000378649245,-371.0417284474902,515.2222205407331,263.1158100237925,51.88591376148097,729.3969282982803,52,0.40384615384615385,157.9055072108101,0.0,586.3505070700428
SOXL,full,4132,0.44022265246853826,58.67164385885707,0.0,410.1710108547192,58.67164385885707,-521.03470490514,410.1710108547192,214.66925669117302,55.493641539665894,536.3474706184476,4132,0.5043562439496612,0.0,0.0,606.7270875766717
SOXL,2010,206,0.4174757281553398,74.25715534482211,0.0,457.4898804513765,74.25715534482211,-518.1102625715583,457.4898804513765,226.32811137463105,60.99469838165312,624.1834915293027,206,0.4563106796116505,57.237020391872946,0.0,691.9017453191059
SOXL,2011,252,0.47619047619047616,57.99678661423408,0.0,483.1278303265165,57.99678661423408,-592.8528715028302,483.1278303265165,280.2299794381375,77.74216845758774,600.7583233202248,252,0.5515873015873016,0.0,0.0,626.8094536447348
SOXL,2012,250,0.472,38.694700237648206,0.0,319.64979620418876,38.694700237648206,-466.67430463050226,319.64979620418876,203.9709973149071,48.150222784408214,374.6309901956487,250,0.524,0.0,0.0,466.536341750602
SOXL,2013,252,0.38095238095238093,61.850948685212984,0.0,251.91810892011083,61.850948685212984,-331.8497887821089,251.91810892011083,140.56282755412587,27.995723432187376,282.92743278526706,252,0.4722222222222222,51.22083809709563,0.0,400.130968503206
SOXL,2014,252,0.4603174603174603,26.020064649412646,0.0,273.8058285684686,26.020064649412646,-405.61852432498256,273.8058285684686,147.69352362588322,44.22389482026145,315.7253122854977,252,0.5277777777777778,0.0,0.0,392.45221644594557
SOXL,2015,252,0.4801587301587302,22.468792244845115,0.0,330.9248780050069,22.468792244845115,-503.7195789321231,330.9248780050069,192.19014503884202,43.57400982450902,452.3626662299028,252,0.5198412698412699,0.0,0.0,454.0429732511965
SOXL,2016,252,0.4642857142857143,31.867241574788977,0.0,294.6492155414156,31.867241574788977,-394.08889294720467,294.6492155414156,169.4856002686719,50.21975766299874,384.8178386659588,252,0.5436507936507936,0.0,0.0,429.015963476077
SOXL,2017,251,0.38645418326693226,72.08163339957937,0.0,270.80175202359163,72.08163339957937,-330.15636083983514,270.80175202359163,146.74404521705577,56.734864864356766,305.5967804630747,251,0.4701195219123506,43.51697844695891,0.0,422.7426803509888
SOXL,2018,251,0.46613545816733065,51.38357593823225,0.0,402.77152092641563,51.38357593823225,-478.45142959306213,402.77152092641563,227.54502862475334,67.98975958461145,581.1485959710174,251,0.4940239043824701,23.758650376168312,0.0,614.6277190197858
SOXL,2019,252,0.4642857142857143,29.888010280953093,0.0,355.3618870068579,29.888010280953093,-484.42350359924677,355.3618870068579,176.57522898892378,50.817071731724745,466.8221677202244,252,0.503968253968254,0.0,0.0,550.3863246662471
SOXL,2020,253,0.38735177865612647,102.80850130903649,0.0,664.096701464188,102.80850130903649,-695.7597369657556,664.096701464188,290.94649521902335,71.29377628211437,836.4964737423613,253,0.48616600790513836,72.25178886767827,0.0,988.6951223251916
SOXL,2021,252,0.4444444444444444,69.98090710722676,0.0,418.2097936721859,69.98090710722676,-657.1096506315178,418.2097936721859,228.30890854292693,71.03376341071022,637.4804551393482,252,0.4880952380952381,43.14513768794319,0.0,643.3938105000891
SOXL,2022,251,0.4342629482071713,118.0661868374325,0.0,640.6538707639857,118.0661868374325,-897.7955872233649,640.6538707639857,375.68535501139047,103.36445076676847,747.5085356380173,251,0.47410358565737054,143.8750155662436,0.0,967.8279704765496
SOXL,2023,250,0.424,99.15146402091716,0.0,443.8497318055621,99.15146402091716,-551.4187723442544,443.8497318055621,268.583870355654,82.1099008938298,499.2794958730134,250,0.54,0.0,0.0,619.6293526366461
SOXL,2024,252,0.42063492063492064,83.357141745681,0.0,433.3234928286782,83.357141745681,-611.2972713986737,433.3234928286782,262.8749408088292,66.31172815985634,546.2878647862383,252,0.4722222222222222,105.24142117303445,0.0,667.7049376429624
SOXL,2025,250,0.456,58.61088954378476,0.0,439.87685997645707,58.61088954378476,-615.5010813152742,439.87685997645707,227.01382043777974,76.69314102474193,639.2528648738421,250,0.532,0.0,0.0,692.7533672572456
SOXL,2026,154,0.44805194805194803,29.96839495216956,0.0,709.6845588399686,29.96839495216956,-856.510470734105,709.6845588399686,342.26814342163203,30.609526520067675,817.7478313873942,154,0.512987012987013,0.0,0.0,1240.0363332165625
SOXL,COVID_2020,52,0.34615384615384615,288.4224084667893,0.0,1458.6041595002441,288.4224084667893,-1173.8213785385424,1458.6041595002441,719.7820566610391,124.61022278694163,1922.536394685482,52,0.4423076923076923,366.3393628954375,0.0,1724.9700957584646
SOXS,full,4132,0.43901258470474347,55.16129591358205,0.0,409.7300279105975,55.16129591358205,-536.593756109088,409.7300279105975,211.0833263955107,52.21821173084933,547.5028246736781,4132,0.49346563407550825,23.562632628558905,0.0,621.493824990798
SOXS,2010,206,0.38349514563106796,74.1897091574388,0.0,506.8968918238781,74.1897091574388,-541.1038781085036,506.8968918238781,223.22117557939396,40.42128569087667,633.5364908364138,206,0.4320388349514563,76.29004461400883,0.0,683.6020988159783
SOXS,2011,252,0.45634920634920634,47.72935680846486,0.0,467.4216611804829,47.72935680846486,-575.8390515874243,467.4216611804829,253.31932010167915,53.89794719239038,554.0556073482495,252,0.5238095238095238,0.0,0.0,669.9542968334484
SOXS,2012,250,0.456,28.002897193997804,0.0,327.96989258817257,28.002897193997804,-466.2308293283539,327.96989258817257,198.80682907531713,37.224213970131075,373.88652110382003,250,0.496,7.044503215953238,0.0,487.6122651826665
SOXS,2013,252,0.38095238095238093,73.57211342519696,0.0,246.96209402690926,73.57211342519696,-316.0827327028342,246.96209402690926,133.7578902004774,50.422435587267366,309.2171009975808,252,0.44047619047619047,58.35485452745825,0.0,394.790258359895
SOXS,2014,252,0.4603174603174603,28.512505896437546,0.0,274.3744326427758,28.512505896437546,-407.69724195047064,274.3744326427758,146.08890564926776,34.696022958563276,320.2251759776464,252,0.5277777777777778,0.0,0.0,387.26736210632544
SOXS,2015,252,0.49206349206349204,2.2363416541727346,0.0,301.10610119973467,2.2363416541727346,-474.2704145124309,301.10610119973467,187.18668701750914,43.264700125849075,423.40790695165884,252,0.49206349206349204,17.095755777276008,0.0,447.4332071805159
SOXS,2016,252,0.46825396825396826,38.85608063169906,0.0,313.93147263650286,38.85608063169906,-432.22783683977383,313.93147263650286,170.44083476911754,61.07960990059216,409.88820590814134,252,0.5515873015873016,0.0,0.0,438.3214484284304
SOXS,2017,251,0.3705179282868526,68.48639103764083,0.0,250.42160889124645,68.48639103764083,-350.3253879673966,250.42160889124645,141.4685544093362,37.042302665863055,310.4444780591113,251,0.47808764940239046,27.68325181965697,0.0,415.3469705622248
SOXS,2018,251,0.4541832669322709,51.38325313132482,0.0,420.86639956406844,51.38325313132482,-499.8234631633009,420.86639956406844,207.65397429229654,56.05474563742727,575.0872542324659,251,0.47808764940239046,59.160403189627765,0.0,606.9224197133695
SOXS,2019,252,0.45634920634920634,26.481554261952102,0.0,358.0792391359406,26.481554261952102,-495.00865313809163,358.0792391359406,176.91062004865384,37.09834786206386,430.49246203078303,252,0.49603174603174605,27.049431837030458,0.0,560.6300690819614
SOXS,2020,253,0.42292490118577075,114.92575145958526,0.0,644.21612488375,114.92575145958526,-708.3975702444484,644.21612488375,304.36335012945716,97.87489939953383,835.2471278691389,253,0.4624505928853755,101.44108023140855,0.0,954.9876775186469
SOXS,2021,252,0.44047619047619047,65.64266286989871,0.0,422.5175908315943,65.64266286989871,-635.8642461768233,422.5175908315943,222.14603642331488,62.70654241626188,666.0740076232055,252,0.49206349206349204,34.89504353251471,0.0,663.4878608689594
SOXS,2022,251,0.4342629482071713,124.98564531426528,0.0,681.8856586748211,124.98564531426528,-986.6902160562192,681.8856586748211,377.00150273168794,120.37125178659194,845.4209911742724,251,0.4701195219123506,133.89699071826837,0.0,1011.221920818611
SOXS,2023,250,0.428,88.4478971336105,0.0,421.13729189855354,88.4478971336105,-555.9198706872024,421.13729189855354,277.39432722460504,78.20161404110772,489.49849100903555,250,0.532,0.0,0.0,633.9855770403468
SOXS,2024,252,0.44047619047619047,88.7280650869919,0.0,445.28531015031564,88.7280650869919,-632.433457175355,445.28531015031564,268.9564839556246,87.76040102528903,590.1052735449889,252,0.46825396825396826,95.02645180633321,0.0,713.8954797564667
SOXS,2025,250,0.456,45.12831650618776,0.0,424.4930552641322,45.12831650618776,-605.0857017590829,424.4930552641322,221.15866023833684,61.90944563367735,624.0093527693754,250,0.536,0.0,0.0,672.7060065378794
SOXS,2026,154,0.461038961038961,43.010012758121476,0.0,722.7282247029461,43.010012758121476,-859.5202121230298,722.7282247029461,332.0752298722708,54.80703875269629,877.4788481582601,154,0.5064935064935064,0.0,0.0,1100.966178319452
SOXS,COVID_2020,52,0.38461538461538464,401.3031438886606,0.0,1183.0380771447105,401.3031438886606,-1099.0980576034913,1183.0380771447105,696.1911934661504,260.15819489081787,1337.7300593730401,52,0.40384615384615385,467.2783936570848,0.0,1823.0146765173135
SPXL,full,4469,0.4329827701946744,31.047908312545488,0.0,229.32621337618406,31.047908312545488,-279.86260056145886,229.32621337618406,110.5512015901685,26.93839655528335,301.090642481642,4469,0.49518908033117026,10.344247723706268,0.0,315.55076446533764
SPXL,2008,39,0.4358974358974359,133.42207242899266,0.0,650.540839336352,133.42207242899266,-1068.651736753838,650.540839336352,451.6680259908616,134.9432889141421,1207.492947361916,39,0.5384615384615384,0.0,0.0,1081.9176532364604
SPXL,2009,252,0.44841269841269843,38.02845682956848,0.0,395.5212351993881,38.02845682956848,-424.5624390015099,395.5212351993881,204.54549348254085,40.774716187426385,512.6378925040993,252,0.5396825396825397,0.0,0.0,510.8219718145297
SPXL,2010,252,0.42063492063492064,47.020452281015544,0.0,268.28563669833875,47.020452281015544,-307.550693381618,268.28563669833875,132.58648883098695,29.14305240397944,306.4866074144576,252,0.49206349206349204,19.418813674801324,0.0,399.0565107091032
SPXL,2011,252,0.46825396825396826,28.541436154148883,0.0,308.05770471223155,28.541436154148883,-357.72791091122184,308.05770471223155,159.76788520028876,52.29150033242339,377.36480924555457,252,0.5,10.889461705628381,0.0,460.9043165338064
SPXL,2012,250,0.432,23.922286305937533,0.0,176.63680410382435,23.922286305937533,-233.8621055386398,176.63680410382435,106.03252987030217,21.067594261411053,212.20389440673384,250,0.508,0.0,0.0,245.01844012194903
SPXL,2013,252,0.4523809523809524,23.96266673081726,0.0,152.99528255018015,23.96266673081726,-196.49541945229987,152.99528255018015,102.68168749170539,29.602507426170593,176.08929041055217,252,0.5,5.636693234580503,0.0,243.7621823082827
SPXL,2014,252,0.4166666666666667,27.122052299620876,0.0,171.06913883860167,27.122052299620876,-220.56626790213488,171.06913883860167,95.09637238727558,21.74419863504367,215.31701361443504,252,0.46825396825396826,22.15864714496763,0.0,233.0429398187224
SPXL,2015,252,0.4642857142857143,21.31093578275752,0.0,191.283120606194,21.31093578275752,-276.4086663434521,191.283120606194,107.43063489904878,35.81980218113702,242.509408851606,252,0.4880952380952381,20.19623511795501,0.0,288.52583610040614
SPXL,2016,252,0.4166666666666667,41.500788137817345,0.0,183.11387389672677,41.500788137817345,-190.12523824346502,183.11387389672677,90.7240721948095,32.10763521471721,230.26097915663547,252,0.49603174603174605,13.174807534615203,0.0,268.33046282282726
SPXL,2017,251,0.38645418326693226,25.831673876390123,0.0,101.42790747838448,25.831673876390123,-112.34338697144533,101.42790747838448,54.24471543187789,18.73412514913887,120.99938953341808,251,0.4701195219123506,15.281063674206267,0.0,148.4616612467571
SPXL,2018,251,0.46613545816733065,27.236060714668064,0.0,233.6356185162903,27.236060714668064,-332.2642042513949,233.6356185162903,120.76624175525556,43.60111239695099,309.44520883970455,251,0.5059760956175299,0.0,0.0,293.6254682809369
SPXL,2019,252,0.4722222222222222,10.49465025351367,0.0,165.64616446265748,10.49465025351367,-229.89882217168292,165.64616446265748,76.12443703316312,17.968159336693923,223.36291997482166,252,0.5079365079365079,0.0,0.0,213.56371683087508
SPXL,2020,253,0.4150197628458498,55.68385461633569,0.0,357.6320354309012,55.68385461633569,-440.4842493456714,357.6320354309012,142.66167820134146,45.86792450125181,688.8074581592301,253,0.47035573122529645,76.66744780040847,0.0,625.8095203728013
SPXL,2021,252,0.42063492063492064,35.07832755778762,0.0,211.05871082559534,35.07832755778762,-247.3986606600963,211.05871082559534,106.78974024647975,26.76270814602081,278.4925420484607,252,0.5079365079365079,0.0,0.0,302.5760027802571
SPXL,2022,251,0.450199203187251,45.90807129762048,0.0,373.02610103611,45.90807129762048,-481.2604330643392,373.02610103611,228.33985677960618,48.06911215942971,478.2308390561489,251,0.4940239043824701,11.486303000818312,0.0,526.1241883841218
SPXL,2023,250,0.444,27.480578368814303,0.0,189.06354324338233,27.480578368814303,-288.8636099854551,189.06354324338233,110.99654419683023,27.698669050408874,231.60726575385465,250,0.52,0.0,0.0,278.4541220449276
SPXL,2024,252,0.4007936507936508,40.23043956318168,0.0,177.63441707162926,40.23043956318168,-220.3862774119628,177.63441707162926,109.52061747810531,22.06985977158106,205.96183513229963,252,0.4722222222222222,32.84187959298577,0.0,263.94860884136
SPXL,2025,250,0.4,36.48655895146232,0.0,228.72141640060323,36.48655895146232,-260.7338401343433,228.72141640060323,108.55867273430832,27.491371569568628,301.87781202810385,250,0.476,20.935526797854124,0.0,269.767001220701
SPXL,2026,154,0.4090909090909091,36.49879695212532,0.0,193.77762290223075,36.49879695212532,-231.78001954079582,193.77762290223075,103.18303913775887,25.98317561008779,210.11267426336033,154,0.487012987012987,14.415661533061659,0.0,290.7398120634526
SPXL,GFC_2008H2,100,0.47,68.47322971320773,0.0,720.9147429190002,68.47322971320773,-871.7497490235186,720.9147429190002,435.3279638043756,87.38481595134503,921.2519975904517,100,0.51,0.0,0.0,1013.5759690190031
SPXL,COVID_2020,52,0.4230769230769231,226.399674161592,0.0,1211.672779547598,226.399674161592,-862.0158124962359,1211.672779547598,627.5383486030358,216.8072602866453,1327.8052328835665,52,0.4230769230769231,458.3822023082661,0.0,1604.7499131423253
SPY,full,7956,0.41704374057315236,14.621559453044386,0.0,87.54934024053385,14.621559453044386,-101.58921925281739,87.54934024053385,42.28718423657471,10.615231405356365,110.58842180539305,7956,0.4895676219205631,5.670434401442198,0.0,115.15591290455133
SPY,1995,252,0.4365079365079365,6.370777634513592,0.0,41.100129348273356,6.370777634513592,-68.46776336632973,41.100129348273356,22.85631866902618,5.83266069096091,56.8395837970767,252,0.5396825396825397,0.0,0.0,63.38241217422816
SPY,1996,254,0.4566929133858268,5.702820127351155,0.0,71.64968767564706,5.702820127351155,-87.6823954692207,71.64968767564706,38.373820134825166,6.9833431984649055,82.6548105158749,254,0.5511811023622047,0.0,0.0,69.5975319972374
SPY,1997,253,0.39920948616600793,27.79531887606714,0.0,99.13186234365708,27.79531887606714,-133.26440384673785,99.13186234365708,57.3551717784025,18.231513524824802,131.17559913218554,253,0.4624505928853755,14.841319223630855,0.0,124.86769486490827
SPY,1998,252,0.39285714285714285,26.017105010323704,0.0,105.25574728105713,26.017105010323704,-107.41646592278215,105.25574728105713,55.60152083942341,17.979670875605223,126.54547729329506,252,0.5079365079365079,0.0,0.0,129.80530837961942
SPY,1999,252,0.42063492063492064,28.253564154155033,0.0,110.62758653833687,28.253564154155033,-122.8996272339109,110.62758653833687,71.19525607477117,21.263160707083955,133.83635033993525,252,0.5198412698412699,0.0,0.0,132.37146483983736
SPY,2000,252,0.39285714285714285,29.200844518933586,0.0,119.14151583082877,29.200844518933586,-141.76724614465033,119.14151583082877,59.449282437118256,13.529887189738904,155.09722405010584,252,0.4722222222222222,13.902300822124142,0.0,171.9052132260866
SPY,2001,248,0.41935483870967744,22.90984717655611,0.0,113.92758139322426,22.90984717655611,-150.6903845480928,113.92758139322426,64.63365473597612,19.479068365785782,128.70061702573898,248,0.5241935483870968,0.0,0.0,155.8784415813444
SPY,2002,252,0.4126984126984127,33.140320771207115,0.0,150.09556865077306,33.140320771207115,-203.02514933320015,150.09556865077306,80.60993102164342,27.77387880694287,184.2126358916028,252,0.5119047619047619,0.0,0.0,195.07509589488853
SPY,2003,252,0.38095238095238093,30.455917030211033,0.0,110.02147666748824,30.455917030211033,-103.71140228582297,110.02147666748824,62.98806803589957,18.87300007695402,120.21124324405436,252,0.46825396825396826,10.776471059367607,0.0,119.96446891411959
SPY,2004,252,0.3055555555555556,21.377733595513668,0.0,60.99124820819717,21.377733595513668,-60.365766460875825,60.99124820819717,33.364944422532666,9.364253436519265,65.12229722444793,252,0.40476190476190477,21.537069823513292,0.0,80.01842285765534
SPY,2005,252,0.3412698412698413,21.40327643505152,0.0,63.96481621525075,21.40327643505152,-59.28633592168971,63.96481621525075,35.32169330787858,12.626754561654563,73.37125456202763,252,0.44841269841269843,11.972181779875024,0.0,82.92206634285151
SPY,2006,251,0.36254980079681276,15.784902811151396,0.0,56.83450379769717,15.784902811151396,-63.30154838793121,56.83450379769717,30.67393579892401,7.169046537521275,68.58239564005123,251,0.4820717131474104,6.972279890185129,0.0,73.32827779763372
SPY,2007,251,0.3944223107569721,17.836787347212052,0.0,82.42109771658248,17.836787347212052,-69.54452094237435,82.42109771658248,38.29434132320558,10.259302086106102,98.35230978659088,251,0.44621513944223107,15.880088369591288,0.0,111.95923654581824
SPY,2008,253,0.4505928853754941,23.296342146802466,0.0,228.08248185377764,23.296342146802466,-174.5711554840905,228.08248185377764,90.42350418851491,24.522063244306665,295.1623861631465,253,0.48221343873517786,13.935865819985645,0.0,225.6859218802744
SPY,2009,252,0.44841269841269843,18.87893835156042,0.0,131.78880578239537,18.87893835156042,-139.94919541877897,131.78880578239537,70.3603911942434,20.824200306344885,165.39588085384162,252,0.5158730158730159,0.0,0.0,167.38245808570713
SPY,2010,252,0.4087301587301587,20.23243177847747,0.0,89.66804785326212,20.23243177847747,-104.59648357799762,89.66804785326212,45.15828900700816,13.296947378622097,109.18441788511055,252,0.48412698412698413,12.653184908966727,0.0,127.13601536461888
SPY,2011,252,0.44047619047619047,14.85440343036849,0.0,103.73422282902547,14.85440343036849,-121.58647929100209,103.73422282902547,51.06254524671289,14.706865512581292,123.01700952570108,252,0.4880952380952381,6.007936674993823,0.0,152.95204428644814
SPY,2012,250,0.452,6.8342724058660655,0.0,61.72786357212221,6.8342724058660655,-81.50850581602609,61.72786357212221,39.087585757236575,8.191688430597907,74.663633454205,250,0.492,4.3158849443725185,0.0,83.92215603247045
SPY,2013,252,0.4365079365079365,10.52670455557378,0.0,53.91427296284486,10.52670455557378,-68.42400656680537,53.91427296284486,35.54358513187389,10.260554755642488,58.0027351120659,252,0.5,0.7717543714651895,0.0,81.15327315564151
SPY,2014,252,0.40476190476190477,9.917584145386426,0.0,60.80547052524693,9.917584145386426,-74.6454504795457,60.80547052524693,33.25964958808516,7.532534538282502,70.66822655101755,252,0.4801587301587302,7.144421727078491,0.0,78.05236869265393
SPY,2015,252,0.4722222222222222,8.476756173612872,0.0,67.93407003537018,8.476756173612872,-89.68808753904402,67.93407003537018,37.67491993796036,12.561598662460971,86.25765448456427,252,0.48412698412698413,8.660690816579892,0.0,97.69618266663613
SPY,2016,252,0.4246031746031746,14.91921860659732,0.0,62.11378131695467,14.91921860659732,-63.10475651097268,62.11378131695467,30.960005261962674,12.961870518311416,81.26492229609642,252,0.47619047619047616,9.016442620616525,0.0,91.8663952360982
SPY,2017,251,0.38247011952191234,8.12583668439207,0.0,34.061843609981096,8.12583668439207,-41.360535217723445,34.061843609981096,20.14373470868024,5.350945418494586,41.136866387368656,251,0.44621513944223107,6.453809839547776,0.0,50.280257165849996
SPY,2018,251,0.450199203187251,9.564330588530758,0.0,75.43140093281836,9.564330588530758,-109.1031394409188,75.43140093281836,38.48796748669251,12.37364349904705,101.22664894244285,251,0.5139442231075697,0.0,0.0,99.90093968242243
SPY,2019,252,0.4642857142857143,3.9138094895484588,0.0,56.69952590812742,3.9138094895484588,-79.59172561228787,56.69952590812742,27.301569625007538,8.177099125958103,83.34084590543571,252,0.5079365079365079,0.0,0.0,76.12904384943234
SPY,2020,253,0.42292490118577075,19.58345288845438,0.0,121.45998307850834,19.58345288845438,-151.83414898296576,121.45998307850834,50.33865593042705,17.348733098295202,214.98876733642592,253,0.47035573122529645,23.460512373282732,0.0,225.2382160325612
SPY,2021,252,0.4126984126984127,11.838217328218008,0.0,70.66372915327513,11.838217328218008,-92.44059936693789,70.66372915327513,33.55295486289183,8.49398432658591,90.60770769290181,252,0.503968253968254,0.0,0.0,105.40361250135003
SPY,2022,251,0.44223107569721115,15.000678353380055,0.0,123.60364627054372,15.000678353380055,-163.49752946708168,123.60364627054372,74.63363646808632,14.941365599255136,157.22341254145644,251,0.4940239043824701,6.2190987570495455,0.0,172.08956027452635
SPY,2023,250,0.452,7.423939603221404,0.0,65.91899404911673,7.423939603221404,-101.28209283382743,65.91899404911673,37.04502237010666,7.79008258546153,77.47648285954263,250,0.528,0.0,0.0,90.4317988849306
SPY,2024,252,0.42063492063492064,12.883000287346608,0.0,64.66097637584451,12.883000287346608,-77.4874322120784,64.66097637584451,39.357982366438904,9.411603009248513,75.2239665415257,252,0.47619047619047616,10.496984524997933,0.0,91.04624879598651
SPY,2025,250,0.42,14.073974435236225,0.0,78.58104238531502,14.073974435236225,-89.91212492178705,78.58104238531502,38.86730866315127,11.355459263386695,100.49022122502669,250,0.488,7.350069345046502,0.0,95.16337012364592
SPY,2026,154,0.42857142857142855,11.536189751471357,0.0,62.8589695191433,11.536189751471357,-76.51280298496467,62.8589695191433,34.071817548290774,10.53928169515248,70.32942342142414,154,0.5,0.8254972280366694,0.0,95.75587374273293
SPY,GFC_2008H2,146,0.4657534246575342,37.47615919421014,0.0,300.9805314178821,37.47615919421014,-335.1404741792688,300.9805314178821,172.9536403390397,48.45354273683487,380.56471773063373,146,0.4657534246575342,49.22741134822254,0.0,415.53532475518654
SPY,COVID_2020,52,0.4230769230769231,70.67044020370497,0.0,336.72079425778446,70.67044020370497,-361.25237542134784,336.72079425778446,208.93194782791224,66.36745778223766,513.3046130177324,52,0.40384615384615385,119.71070948578681,0.0,503.5522620672397
SQQQ,full,4151,0.4300168634064081,43.586931376259656,0.0,290.59755832233446,43.586931376259656,-351.3359675326626,290.59755832233446,142.96544619365613,35.614804390955754,371.5338765067196,4151,0.4902433148638882,17.627596891570487,0.0,395.24622345434204
SQQQ,2010,225,0.43555555555555553,53.30077679729055,0.0,291.6277593930996,53.30077679729055,-326.07366312983885,291.6277593930996,157.31751723711315,46.23521308210843,361.4829041277421,225,0.5111111111111111,0.0,0.0,387.45089035537853
SQQQ,2011,252,0.43253968253968256,58.004180015050665,0.0,345.36161886220833,58.004180015050665,-403.5713919442723,345.36161886220833,214.80854537131663,51.365586659001444,418.55044010483385,252,0.503968253968254,0.0,0.0,486.4613497231119
SQQQ,2012,250,0.456,37.10232977374389,0.0,226.5474354066583,37.10232977374389,-273.9863129362969,226.5474354066583,143.4079699432624,48.73557250812982,271.92442873845397,250,0.44,54.595190622493455,0.0,281.6511722181894
SQQQ,2013,252,0.4166666666666667,30.886881135224726,0.0,180.19424409029017,30.886881135224726,-210.31715798178274,180.19424409029017,104.64282333083855,27.053424340781092,200.06447827270898,252,0.4880952380952381,10.8667349217494,0.0,265.71081873152843
SQQQ,2014,252,0.4007936507936508,68.74789900698228,0.0,249.7646616097355,68.74789900698228,-287.0243939241638,249.7646616097355,123.78271276181489,46.63430825440797,304.3702420182391,252,0.48412698412698413,12.160438680670717,0.0,293.33920961779353
SQQQ,2015,252,0.49603174603174605,1.2069164940683157,0.0,231.38591415895857,1.2069164940683157,-317.3373518588176,231.38591415895857,126.96087990240046,23.04720475790483,285.2588434915447,252,0.5317460317460317,0.0,0.0,317.05371457648
SQQQ,2016,252,0.4007936507936508,58.871837166353764,0.0,217.64789110909206,58.871837166353764,-228.0216968499195,217.64789110909206,103.3165417476739,45.603181346057376,312.7629029982059,252,0.4642857142857143,34.16274642722779,0.0,345.29993337557505
SQQQ,2017,251,0.3665338645418327,37.50975247777271,0.0,142.51932126606226,37.50975247777271,-175.0779144270743,142.51932126606226,85.57944644341246,22.949919053613115,183.03445813985186,251,0.4860557768924303,14.373057425395205,0.0,226.74513076367512
SQQQ,2018,251,0.47808764940239046,20.619772840637186,0.0,297.3590515627163,20.619772840637186,-416.24009704406564,297.3590515627163,174.19780392503793,43.69046422169594,430.98996796575096,251,0.5059760956175299,0.0,0.0,429.6358437620963
SQQQ,2019,252,0.46825396825396826,15.849328285667571,0.0,202.66254342927797,15.849328285667571,-339.4253226528162,202.66254342927797,110.76691829412903,36.20826475490516,325.6692390533922,252,0.5158730158730159,0.0,0.0,316.292818166146
SQQQ,2020,253,0.44664031620553357,62.981410386140574,0.0,514.5837162062708,62.981410386140574,-556.9302973646054,514.5837162062708,215.8719480294741,66.03946425366914,617.1400197507178,253,0.4782608695652174,68.95759529481616,0.0,740.0402726922936
SQQQ,2021,252,0.4087301587301587,51.54211915798403,0.0,322.6102831776295,51.54211915798403,-405.10680830678854,322.6102831776295,170.5860789010024,39.15012816714531,418.6487748374234,252,0.49603174603174605,11.356580629181632,0.0,420.0821584027722
SQQQ,2022,251,0.42231075697211157,93.4596504980753,0.0,518.8398919613105,93.4596504980753,-576.4845298038063,518.8398919613105,279.4304879409079,68.19900870907726,598.1051921499592,251,0.4860557768924303,29.912538984889405,0.0,670.1543185388039
SQQQ,2023,250,0.44,38.06247554645707,0.0,289.4559490523357,38.06247554645707,-418.70439276686324,289.4559490523357,167.7131684761047,37.49973477483115,349.68238990598854,250,0.508,0.0,0.0,427.7429271627887
SQQQ,2024,252,0.4087301587301587,37.301821112749124,0.0,258.3908373510635,37.301821112749124,-363.0281018245491,258.3908373510635,126.47125599930918,23.048143065598083,287.08762638615303,252,0.49206349206349204,17.74712925954233,0.0,374.76573763606075
SQQQ,2025,250,0.404,65.80796770327518,0.0,271.61739814844714,65.80796770327518,-341.0161709116595,271.61739814844714,144.2324587489531,40.57650832219821,387.08293596127834,250,0.46,36.68675313875878,0.0,359.84683976723625
SQQQ,2026,154,0.42857142857142855,50.138664689369904,0.0,300.0681226740982,50.138664689369904,-347.52084116194993,300.0681226740982,149.9713679980354,43.10567878408775,335.3754440867084,154,0.4805194805194805,74.7933201590274,0.0,446.60823747838356
SQQQ,COVID_2020,52,0.46153846153846156,176.30480032807196,0.0,776.9961719505966,176.30480032807196,-882.8948180206553,776.9961719505966,557.8606575944945,208.9425435907699,1252.3113186663807,52,0.46153846153846156,160.29522518986406,0.0,1372.9475979277925
TECL,full,4432,0.4356949458483754,41.86897690022704,0.0,298.80011942047776,41.86897690022704,-384.1954328131992,298.80011942047776,148.65621378587278,37.65203786924114,393.6757921999849,4432,0.4918772563176895,17.464866923892163,0.0,423.5380323550179
TECL,2008,2,1.0,0.0,0.0,0.0,-459.9473036112727,-572.2214094595072,-347.6731977630381,,,,2,1.0,0.0,0.0,0.0
TECL,2009,252,0.44841269841269843,64.58730162494808,0.0,412.8589956947893,64.58730162494808,-465.2084020791126,412.8589956947893,229.77869796249783,68.86600026334024,552.3878477121489,252,0.5119047619047619,0.0,0.0,531.4659521102274
TECL,2010,252,0.44047619047619047,37.846865368243016,0.0,285.98939607631854,37.846865368243016,-320.8591408959614,285.98939607631854,168.5323380069051,32.61722687537689,350.52445649321197,252,0.49603174603174605,11.757172524791361,0.0,442.34034957818346
TECL,2011,252,0.4365079365079365,51.92697642407228,0.0,344.0796075542128,51.92697642407228,-456.7794179559692,344.0796075542128,190.7248669162869,51.2936299188558,408.5433983397699,252,0.49206349206349204,23.387546341668166,0.0,488.7853877513978
TECL,2012,250,0.456,16.145574811409517,0.0,215.62838814412083,16.145574811409517,-285.6205307355297,215.62838814412083,130.79613147416103,24.3970489351919,294.28456313900426,250,0.508,0.0,0.0,313.24721374225726
TECL,2013,252,0.3888888888888889,38.49632189779545,0.0,160.35930343935686,38.49632189779545,-214.8641666795632,160.35930343935686,89.41938436385965,25.61799491299308,181.4415113723943,252,0.47619047619047616,25.45753415199097,0.0,248.749429190215
TECL,2014,252,0.4365079365079365,18.205365205547455,0.0,213.06098128525696,18.205365205547455,-248.7294146358644,213.06098128525696,98.22595311511247,18.14647821143488,250.26470011406875,252,0.5119047619047619,0.0,0.0,260.2857914331619
TECL,2015,252,0.4603174603174603,31.66730588358896,0.0,225.10366694962298,31.66730588358896,-324.8663323607477,225.10366694962298,125.1299526211683,40.41710633674973,278.38574300849973,252,0.4801587301587302,21.54985565819797,0.0,303.6764192976835
TECL,2016,252,0.44047619047619047,35.758193915462876,0.0,199.95501768792442,35.758193915462876,-242.07895462418145,199.95501768792442,100.06230635190381,34.18214669474769,277.0241792343564,252,0.4603174603174603,30.106464769817425,0.0,320.69667122689935
TECL,2017,251,0.3944223107569721,34.793345040481384,0.0,140.77604098050944,34.793345040481384,-160.1084355453383,140.77604098050944,82.64878539414003,17.86312053644659,163.5540722615594,251,0.46613545816733065,29.801152903244347,0.0,219.60148471187557
TECL,2018,251,0.450199203187251,51.52651642811189,0.0,314.37036711955824,51.52651642811189,-357.2446637434619,314.37036711955824,163.12308282686905,52.910487141577455,392.93093199905275,251,0.49800796812749004,1.8966431392860292,0.0,490.328125767871
TECL,2019,252,0.4444444444444444,22.239364553664082,0.0,221.2168895439768,22.239364553664082,-305.46922538085255,221.2168895439768,106.37185650438057,22.263335706254857,319.24787696405957,252,0.5317460317460317,0.0,0.0,332.72000775253
TECL,2020,253,0.4308300395256917,82.03963433586918,0.0,504.6556677722825,82.03963433586918,-607.5215669767626,504.6556677722825,199.27520092213254,63.52295198686589,712.4050483614301,253,0.45849802371541504,99.980634756629,0.0,729.6348896409313
TECL,2021,252,0.39285714285714285,70.07331053562999,0.0,331.96044356475744,70.07331053562999,-423.5237855264994,331.96044356475744,154.459745245058,47.524910094211634,400.8032021809846,252,0.4444444444444444,67.50399210686592,0.0,422.0081250003576
TECL,2022,251,0.4342629482071713,73.54207980246137,0.0,460.78186705801966,73.54207980246137,-623.295243948585,460.78186705801966,297.3503460265083,70.05642301388916,587.467446452976,251,0.4900398406374502,65.75342405496552,0.0,745.1339181967874
TECL,2023,250,0.448,45.46881117136024,0.0,275.6090233964589,45.46881117136024,-405.00557306220736,275.6090233964589,192.4366293266029,48.3725559061918,339.96851184104935,250,0.508,0.0,0.0,407.2538315350232
TECL,2024,252,0.4523809523809524,44.54986240385069,0.0,283.8938116607797,44.54986240385069,-412.291859035021,283.8938116607797,155.40813320774183,50.57852562427393,350.805591419423,252,0.4801587301587302,30.21039044262124,0.0,441.2549867588293
TECL,2025,250,0.448,37.68479974987209,0.0,301.6647818597028,37.68479974987209,-439.53830367791033,301.6647818597028,178.79658074961813,39.03943842015451,438.3888601422649,250,0.528,0.0,0.0,433.5498230477718
TECL,2026,154,0.43506493506493504,74.33565502033535,0.0,412.3469515066985,74.33565502033535,-444.232184011073,412.3469515066985,238.89844752134528,66.70151405649386,485.67607124550216,154,0.5194805194805194,0.0,0.0,638.5981088715595
TECL,GFC_2008H2,63,0.4444444444444444,70.42389999146995,0.0,685.1301273687285,70.42389999146995,-599.0640919364753,685.1301273687285,317.1195225181268,90.3456615572448,833.5383330719138,63,0.5555555555555556,0.0,0.0,856.4851360885997
TECL,COVID_2020,52,0.46153846153846156,235.07813536952085,0.0,1077.8865680709416,235.07813536952085,-968.9227974085815,1077.8865680709416,649.5549668265852,309.2208266995429,1447.9727585748997,52,0.4230769230769231,369.3401769932186,0.0,1516.4770270270105
TECS,full,4432,0.440884476534296,39.56589938298542,0.0,301.37952790078197,39.56589938298542,-387.72212175695745,301.37952790078197,148.15647050197168,38.11019151190168,389.44456084713016,4432,0.4871389891696751,21.731300521480684,0.0,418.9270103989971
TECS,2008,2,1.0,0.0,0.0,0.0,-613.0643134753982,-768.8042351344967,-457.3243918162996,,,,2,1.0,0.0,0.0,0.0
TECS,2009,252,0.4444444444444444,72.16777973578304,0.0,386.31273599225636,72.16777973578304,-466.06696245980214,386.31273599225636,224.72050536720494,72.8117047753145,480.181537770965,252,0.503968253968254,0.0,0.0,495.78320894116985
TECS,2010,252,0.4642857142857143,23.822099058173947,0.0,288.3106179456774,23.822099058173947,-301.77011025614746,288.3106179456774,182.0116700269307,32.00125332543506,364.98230937448636,252,0.5317460317460317,0.0,0.0,415.62870463280916
TECS,2011,252,0.44047619047619047,53.12183243625427,0.0,333.516676538275,53.12183243625427,-445.9797286216324,333.516676538275,193.95075342212107,48.256156596591225,393.93494394283795,252,0.49603174603174605,13.05816642929644,0.0,490.34378193026106
TECS,2012,250,0.448,23.864107936115328,0.0,220.3202823084501,23.864107936115328,-291.45454294343597,220.3202823084501,127.4747223419663,26.5503403824155,280.49745929357556,250,0.48,25.786474876096452,0.0,322.81404759538896
TECS,2013,252,0.43253968253968256,29.22665465011261,0.0,150.97540307589378,29.22665465011261,-225.8297492658255,150.97540307589378,95.98556233880721,28.049326296196003,174.34934631583997,252,0.49206349206349204,16.05481651080465,0.0,255.61423540049893
TECS,2014,252,0.45634920634920634,18.89133050069872,0.0,205.39120132601607,18.89133050069872,-264.71450569965964,205.39120132601607,96.46102685119315,22.271461193299757,231.07838545733884,252,0.4642857142857143,24.524524161323967,0.0,277.9651442929441
TECS,2015,252,0.48412698412698413,19.33274335390948,0.0,200.85473423696303,19.33274335390948,-321.8018963701953,200.85473423696303,115.8534018998272,41.46946217359189,250.99297658814737,252,0.4801587301587302,15.921575800012373,0.0,330.57415789830617
TECS,2016,252,0.44047619047619047,33.693905536747415,0.0,200.68805371005448,33.693905536747415,-242.53249915778176,200.68805371005448,106.3370969728869,33.02663386755371,279.4760002277319,252,0.4523809523809524,36.639812204004144,0.0,322.1969637652179
TECS,2017,251,0.3944223107569721,35.26405729728279,0.0,129.09391967431006,35.26405729728279,-157.0517007940284,129.09391967431006,80.11593490444633,24.417448920690237,153.40654364097523,251,0.46613545816733065,28.026193830161517,0.0,220.08737301060677
TECS,2018,251,0.43824701195219123,61.098245107379775,0.0,327.25936527942196,61.098245107379775,-399.72960652645014,327.25936527942196,163.86353806591282,61.05719101701812,381.5274053673877,251,0.4860557768924303,17.911076818635827,0.0,516.7665881580335
TECS,2019,252,0.45634920634920634,22.98177463214534,0.0,215.90126877491159,22.98177463214534,-319.47884437179374,215.90126877491159,109.00092256707335,33.14349065619207,331.38225509130507,252,0.5357142857142857,0.0,0.0,333.8506172814392
TECS,2020,253,0.4189723320158103,89.62048860375647,0.0,543.6895109932053,89.62048860375647,-645.2945980242646,543.6895109932053,209.56368624831669,56.77608532153279,680.1344683752311,253,0.45454545454545453,127.93273444084656,0.0,758.5862172107986
TECS,2021,252,0.38095238095238093,77.67762473698971,0.0,361.12457491031347,77.67762473698971,-439.33681678343856,361.12457491031347,152.48888997147822,56.14187601933928,425.93386270868365,252,0.4444444444444444,77.58169922592262,0.0,424.06820697331466
TECS,2022,251,0.4262948207171315,83.47292340634121,0.0,473.1560598741407,83.47292340634121,-616.6738201914412,473.1560598741407,293.01559912667665,72.91421403067014,559.6079807036284,251,0.47808764940239046,106.74998488873287,0.0,720.6518131466073
TECS,2023,250,0.46,44.129923234326725,0.0,295.62841854122195,44.129923234326725,-415.0925311302414,295.62841854122195,186.07321974752267,50.20364525360255,354.374262456217,250,0.492,24.8572752548015,0.0,418.0339469657173
TECS,2024,252,0.45634920634920634,48.91770205285197,0.0,298.243154734283,48.91770205285197,-405.5510042717264,298.243154734283,159.89201436291478,60.587395264909254,381.06466954567856,252,0.4801587301587302,28.285327064807895,0.0,433.20999168229264
TECS,2025,250,0.444,42.765477767951474,0.0,285.30929835181684,42.765477767951474,-453.98802598924607,285.30929835181684,177.1258468139963,43.39276555935684,392.96071506070547,250,0.512,0.0,0.0,396.9150399433519
TECS,2026,154,0.44805194805194803,73.19343021039671,0.0,413.5039632996177,73.19343021039671,-468.75514662309126,413.5039632996177,235.59507985180988,74.71199383328377,487.8640647478534,154,0.5324675324675324,0.0,0.0,638.0292460395043
TECS,GFC_2008H2,63,0.42857142857142855,97.39605418526955,0.0,616.3190540569498,97.39605418526955,-517.1705472792534,616.3190540569498,340.8093402822578,95.0863377513455,728.6568459787384,63,0.5238095238095238,0.0,0.0,930.6471797692309
TECS,COVID_2020,52,0.4423076923076923,193.47877680362905,0.0,811.8956141434508,193.47877680362905,-1106.5321510150466,811.8956141434508,590.974662441121,195.03202532046137,1402.478540742057,52,0.40384615384615385,317.34400661388406,0.0,1473.989047856623
TLT,full,6049,0.44370970408331956,8.937020828467306,0.0,56.64919908352512,8.937020828467306,-78.13585642783138,56.64919908352512,32.31481758414939,8.858666504703786,70.71843657486816,6049,0.4857001157216069,6.506730879910331,0.0,96.30290706315463
TLT,2002,108,0.46296296296296297,2.897630915050053,0.0,50.33450516319188,2.897630915050053,-81.83740769939449,50.33450516319188,33.30163782107092,5.716408202667911,55.250323653414625,108,0.5462962962962963,0.0,0.0,85.84605647252447
TLT,2003,252,0.4880952380952381,4.705721664164821,0.0,60.66163724350421,4.705721664164821,-81.31202949360804,60.66163724350421,36.804446531416936,12.586285807261707,69.41222956251826,252,0.5436507936507936,0.0,0.0,89.26511667385257
TLT,2004,252,0.42063492063492064,6.541518856261648,0.0,43.45268950172723,6.541518856261648,-56.8240800177205,43.45268950172723,22.869322268378323,4.912587585804187,47.56718575291269,252,0.4801587301587302,5.2177658194289345,0.0,65.28491983145793
TLT,2005,252,0.4246031746031746,10.443755929486157,0.0,38.81115007698883,10.443755929486157,-55.4795503040451,38.81115007698883,25.39949596033063,8.507960261853698,46.38788774105283,252,0.45634920634920634,13.26580319479847,0.0,70.58221482277098
TLT,2006,251,0.43824701195219123,6.391415416224507,0.0,31.561522491088535,6.391415416224507,-50.02521927841143,31.561522491088535,19.031226477866504,6.313205565010134,39.517008489484574,251,0.49800796812749004,0.29315159355127074,0.0,51.90877510319102
TLT,2007,251,0.398406374501992,10.704692421646548,0.0,47.34301305815287,10.704692421646548,-51.236248715893275,47.34301305815287,25.865589790147855,6.1274145722427,55.50465015883032,251,0.4541832669322709,12.701532062852523,0.0,65.73846548482798
TLT,2008,253,0.4308300395256917,18.297532179214716,0.0,75.36970953763046,18.297532179214716,-103.60746878971653,75.36970953763046,43.54704079988135,16.37380090605123,100.11747682512808,253,0.5019762845849802,0.0,0.0,112.96899929314996
TLT,2009,252,0.4523809523809524,9.860567072186498,0.0,85.26658032260468,9.860567072186498,-140.34593500265456,85.26658032260468,44.024014036114195,12.782913863762756,110.25670623885344,252,0.5436507936507936,0.0,0.0,113.90723117716588
TLT,2010,252,0.4126984126984127,16.949930265726284,0.0,65.34301931767641,16.949930265726284,-100.8980498305481,65.34301931767641,37.233716024126274,12.21214254947067,73.74927332816823,252,0.4642857142857143,13.31016390906111,0.0,120.47895610596187
TLT,2011,252,0.4126984126984127,27.399657900283035,0.0,79.44812387639661,27.399657900283035,-127.07012580684719,79.44812387639661,50.88498561767102,20.22225465099862,100.03645416241773,252,0.4444444444444444,23.33445406956976,0.0,134.6536167646385
TLT,2012,250,0.484,4.001403323290272,0.0,54.84861828692812,4.001403323290272,-79.21194204085192,54.84861828692812,35.06296874994506,10.624579427285436,60.789656987950515,250,0.536,0.0,0.0,90.48783568359305
TLT,2013,252,0.4642857142857143,10.063622697071496,0.0,54.664981296697356,10.063622697071496,-69.82081488430337,54.664981296697356,32.706364980142645,12.53961336328516,62.27381942426601,252,0.45634920634920634,11.190563423936062,0.0,84.36026391611152
TLT,2014,252,0.4444444444444444,5.8863275442731355,0.0,46.42743250798668,5.8863275442731355,-64.53317292419669,46.42743250798668,30.207575412254297,6.221302270058586,54.38894710444124,252,0.49206349206349204,8.862906203363504,0.0,73.98097263514312
TLT,2015,252,0.4365079365079365,12.914216918663335,0.0,66.2767241097432,12.914216918663335,-84.69291519898559,66.2767241097432,39.99184737066914,10.960419453767852,75.00699517580973,252,0.45634920634920634,19.553084460115564,0.0,110.49473278838217
TLT,2016,252,0.4087301587301587,12.788276267065497,0.0,48.016419352170175,12.788276267065497,-71.33544558286846,48.016419352170175,31.301513145118452,8.222493235369111,56.33367119052668,252,0.46825396825396826,10.732935995711925,0.0,93.62138504559434
TLT,2017,251,0.41832669322709165,8.376833669449168,0.0,40.9664978436763,8.376833669449168,-49.84845823484962,40.9664978436763,25.410489282455288,7.2591356575240145,44.88403900765476,251,0.4820717131474104,8.378137945716926,0.0,68.7793516401867
TLT,2018,251,0.398406374501992,9.80008616640833,0.0,38.597208116563436,9.80008616640833,-53.14897498230102,38.597208116563436,23.489034776075005,7.393833833416546,43.7552713423571,251,0.44223107569721115,13.790276635808304,0.0,73.38637258750735
TLT,2019,252,0.4603174603174603,6.054087303201386,0.0,45.59785860095095,6.054087303201386,-62.759878373879694,45.59785860095095,28.45343196061517,9.78904349277405,55.779103595570504,252,0.4722222222222222,8.609797798126868,0.0,91.13455013299861
TLT,2020,253,0.4505928853754941,7.252293713568493,0.0,65.50633433790571,7.252293713568493,-82.39669099892502,65.50633433790571,35.48106697856524,8.333063421350529,81.46938790271385,253,0.47035573122529645,17.394094907590404,0.0,107.66361974060415
TLT,2021,252,0.4126984126984127,11.97317303961583,0.0,51.80800238760726,11.97317303961583,-85.2978514763119,51.80800238760726,30.999240357710264,7.743634062769832,66.0586153599113,252,0.4642857142857143,13.843221523606323,0.0,96.43414864053595
TLT,2022,251,0.43824701195219123,22.066965575179537,0.0,100.47360918830479,22.066965575179537,-123.85284885687066,100.47360918830479,57.54424282040893,21.894985497714153,112.30985620379826,251,0.44223107569721115,24.14143308318876,0.0,168.44753511160704
TLT,2023,250,0.468,11.788779941189704,0.0,71.99351835746667,11.788779941189704,-93.01258805923548,71.99351835746667,47.02211327318747,15.287574665416935,88.31622566617321,250,0.468,16.939132434857875,0.0,130.84827900480624
TLT,2024,252,0.5,0.25819045899111204,0.0,52.51418907222008,-1.2907828885892927,-87.15729383175906,52.51418907222008,30.090576040966614,11.787911458907068,66.6871386331998,252,0.5357142857142857,0.0,0.0,86.96386206285463
TLT,2025,250,0.488,0.6803086452592203,0.0,47.676031907425916,0.6803086452592203,-67.13407549938044,47.676031907425916,32.80930661145051,7.618487850860675,58.67297716804302,250,0.564,0.0,0.0,88.3064823867492
TLT,2026,154,0.5194805194805194,0.0,0.0,36.30420218324483,-2.0319255161137084,-52.63027210319771,36.30420218324483,27.665790749426105,8.830641634464515,41.08138969862799,154,0.5,2.617071250536613,0.0,70.74923860900103
TLT,GFC_2008H2,146,0.4726027397260274,11.988194688888099,0.0,107.90355123182934,11.988194688888099,-155.28911731723235,107.90355123182934,62.208779916181854,16.848425625930126,134.89257654177874,146,0.5547945205479452,0.0,0.0,162.91215396102868
TLT,COVID_2020,52,0.34615384615384615,33.12619778623251,0.0,126.20556024862924,33.12619778623251,-201.89132256055453,126.20556024862924,67.71717118020365,22.27545851757985,167.34671112720375,52,0.3269230769230769,55.12227772312514,0.0,352.68243285465786
TQQQ,full,4151,0.43266682727053724,41.233801970277355,0.0,282.40979402249224,41.233801970277355,-346.54866228094147,282.40979402249224,140.13299536299456,35.56125512215867,368.0003346265374,4151,0.4981932064562756,6.610095848000138,0.0,392.14120375213184
TQQQ,2010,225,0.44,40.59218233224705,0.0,297.02372501019596,40.59218233224705,-322.9285120304575,297.02372501019596,136.42962856538233,40.13870269402049,338.7807310691085,225,0.5111111111111111,0.0,0.0,388.4431628386681
TQQQ,2011,252,0.44047619047619047,63.19089326746046,0.0,344.7280936288659,63.19089326746046,-365.67913107139015,344.7280936288659,203.93860285454937,59.32779642162151,427.7781196960805,252,0.5,4.208405914157005,0.0,487.8353433534814
TQQQ,2012,250,0.424,41.321384193124686,0.0,232.06083654580874,41.321384193124686,-267.12087803939914,232.06083654580874,141.31948890528295,35.94684251968735,254.5736828309734,250,0.448,56.208697965170394,0.0,278.5986007620995
TQQQ,2013,252,0.4087301587301587,32.49015396817706,0.0,175.92724751420263,32.49015396817706,-208.4941789594866,175.92724751420263,100.97984129804338,23.390578845851053,194.76157284362927,252,0.5119047619047619,0.0,0.0,254.4453834962682
TQQQ,2014,252,0.40476190476190477,66.14791570021342,0.0,247.1295314274703,66.14791570021342,-282.82684935179105,247.1295314274703,123.59053526225826,47.467579056137325,285.22307317376516,252,0.503968253968254,0.0,0.0,319.20725158905225
TQQQ,2015,252,0.5119047619047619,0.0,0.0,237.63468580400607,-2.893207526158192,-328.19690229113485,237.63468580400607,131.64999623493406,43.90875557715194,317.4860425195547,252,0.5396825396825397,0.0,0.0,301.937878722395
TQQQ,2016,252,0.4007936507936508,54.7449820246965,0.0,229.20430624629594,54.7449820246965,-229.12434313652187,229.20430624629594,107.8902657307013,40.51286645252848,296.3610305979917,252,0.4523809523809524,43.00223677269368,0.0,348.61513649477064
TQQQ,2017,251,0.3745019920318725,35.95854521424934,0.0,147.68551872180058,35.95854521424934,-173.56735973815714,147.68551872180058,87.7100264245637,21.263621926431284,175.98461819987233,251,0.4860557768924303,13.15861880582492,0.0,220.96918747574165
TQQQ,2018,251,0.47410358565737054,22.34844277182894,0.0,292.60018300253194,22.34844277182894,-397.17660703790756,292.60018300253194,169.96058740951304,38.501866747964705,418.4396637842925,251,0.5099601593625498,0.0,0.0,430.93745286790096
TQQQ,2019,252,0.46825396825396826,19.017444112787953,0.0,203.41829238085919,19.017444112787953,-335.0155656378757,203.41829238085919,111.92016155002305,34.10086557263399,334.9900241229665,252,0.5436507936507936,0.0,0.0,296.603522687493
TQQQ,2020,253,0.43873517786561267,65.44372956260771,0.0,501.23642804301085,65.44372956260771,-520.2479637797634,501.23642804301085,201.8238820100684,63.25426538928586,673.3159163400778,253,0.48221343873517786,69.0258594359424,0.0,706.7070831987317
TQQQ,2021,252,0.4246031746031746,54.43528594881387,0.0,312.2210103429717,54.43528594881387,-378.1792359552978,312.2210103429717,163.0287882550111,41.6549807102379,413.2069461481977,252,0.5198412698412699,0.0,0.0,422.9087254011664
TQQQ,2022,251,0.4302788844621514,89.18026245082876,0.0,511.9424476646219,89.18026245082876,-635.2280865171942,511.9424476646219,299.93986950766674,73.41128243575002,591.7814805548404,251,0.4940239043824701,26.976994383576045,0.0,675.8782208459764
TQQQ,2023,250,0.448,39.52941851666855,0.0,275.22128177497524,39.52941851666855,-387.7981654157979,275.22128177497524,168.418790544698,40.88099667464989,333.3561585464684,250,0.496,13.259569928714258,0.0,424.44822696263236
TQQQ,2024,252,0.4087301587301587,33.06863357521278,0.0,231.5738506206849,33.06863357521278,-351.5487395383206,231.5738506206849,121.98200538949118,23.69462072834936,267.19159604649997,252,0.5,3.305047924000069,0.0,363.06715552284373
TQQQ,2025,250,0.424,52.8400720837145,0.0,294.74797840019227,52.8400720837145,-336.1619779584344,294.74797840019227,148.1214305924134,44.98337784646376,375.52947430041274,250,0.48,28.281240731444214,0.0,360.7517380424222
TQQQ,2026,154,0.43506493506493504,46.98310391685351,0.0,284.5645356970636,46.98310391685351,-344.2050098901024,284.5645356970636,152.0722527875332,44.84237074398779,356.56294627894766,154,0.487012987012987,57.13994864651753,0.0,432.0650183077908
TQQQ,COVID_2020,52,0.4423076923076923,188.15968199296464,0.0,1090.463276651738,188.15968199296464,-935.1511999130338,1090.463276651738,583.6481961959255,196.65785283883488,1457.4913861481093,52,0.4423076923076923,225.65654286441418,0.0,1440.3594377418974
VOOG,full,4006,0.4570644033949076,7.064372297847224,0.0,73.41678005667032,7.064372297847224,-104.90262575388962,73.41678005667032,34.09173202080448,8.451578167513656,100.35127877663669,4006,0.5117324013979031,0.0,0.0,114.70891805781078
VOOG,2010,80,0.375,4.442067861584626,0.0,42.94774580691233,4.442067861584626,-51.047197387025754,42.94774580691233,13.575191869729272,2.3817021828493297,61.57264020267712,80,0.5125,0.0,0.0,103.31042696069866
VOOG,2011,252,0.5119047619047619,0.0,0.0,69.95415419004719,-3.7591799288149708,-132.78279024795054,69.95415419004719,34.12025787492311,7.831250872598358,104.04767931436601,252,0.5396825396825397,0.0,0.0,133.85289513073525
VOOG,2012,250,0.524,0.0,0.0,37.97657488045521,-3.6445207950479985,-77.67530804491705,37.97657488045521,22.89745652813834,5.684124092451862,49.92944540469811,250,0.544,0.0,0.0,83.91624838232872
VOOG,2013,252,0.49206349206349204,0.5161783059445706,0.0,45.65438954954393,0.5161783059445706,-77.06696846740508,45.65438954954393,24.542095157861226,5.16100540894318,53.84032655911718,252,0.5357142857142857,0.0,0.0,75.0039848724322
VOOG,2014,252,0.4365079365079365,7.339145138006184,0.0,54.75792976915932,7.339145138006184,-74.99714816885157,54.75792976915932,27.74455468033796,6.53362684585298,71.6364273014286,252,0.5357142857142857,0.0,0.0,77.20570417956523
VOOG,2015,252,0.503968253968254,0.0,0.0,60.817691166762906,-0.9239581129423686,-92.71742268292361,60.817691166762906,31.879249933360924,7.414440014538652,78.86175567389958,252,0.5674603174603174,0.0,0.0,96.81661759983253
VOOG,2016,252,0.43253968253968256,11.008756156387708,0.0,57.889132311557724,11.008756156387708,-60.45161945721514,57.889132311557724,27.260829286761975,10.252330152933764,71.87096254532477,252,0.49206349206349204,7.732841881227326,0.0,87.06376487218785
VOOG,2017,251,0.4063745019920319,6.6788107984874125,0.0,32.05750083945431,6.6788107984874125,-43.236659821026784,32.05750083945431,15.81713134621228,3.3691802659602876,34.55220871279178,251,0.4900398406374502,4.186065870352554,0.0,53.72724319612254
VOOG,2018,251,0.4860557768924303,2.4717905624666905,0.0,80.47119493954507,2.4717905624666905,-123.10881458151893,80.47119493954507,41.89961058108101,11.467786382048532,102.67655891004355,251,0.5139442231075697,0.0,0.0,117.22153553242276
VOOG,2019,252,0.47619047619047616,7.337023288537105,0.0,52.422250458423896,7.337023288537105,-87.37599646721989,52.422250458423896,27.39108928450329,10.473341925825485,74.16469270139152,252,0.5119047619047619,0.0,0.0,79.7634145745206
VOOG,2020,253,0.4505928853754941,20.84333656662066,0.0,137.72131488004428,20.84333656662066,-162.89476739532913,137.72131488004428,62.255954970635244,21.49239466691903,203.89610769392252,253,0.45849802371541504,28.324146324705772,0.0,231.785248209438
VOOG,2021,252,0.4087301587301587,16.505643168493233,0.0,90.09256531857578,16.505643168493233,-116.3403260189784,90.09256531857578,45.54357993725939,13.69791944015793,111.52094775520288,252,0.46825396825396826,10.83613680072502,0.0,117.62840645722284
VOOG,2022,251,0.4262948207171315,25.053115515599032,0.0,146.99840764983352,25.053115515599032,-201.7745091942334,146.99840764983352,81.06764463076576,21.731852916618685,181.99081755932588,251,0.4900398406374502,10.146265633179096,0.0,218.58999556605806
VOOG,2023,250,0.46,10.106960341802074,0.0,68.70759817062782,10.106960341802074,-106.08419979739999,68.70759817062782,39.60996523505792,13.186974762181324,79.65221293882767,250,0.524,0.0,0.0,102.02606471232427
VOOG,2024,252,0.44047619047619047,16.443246081602314,0.0,72.95315967174587,16.443246081602314,-113.630714288399,72.95315967174587,46.0571604090111,16.305386675638385,91.65206536159886,252,0.4722222222222222,6.436157073305068,0.0,115.10861535345936
VOOG,2025,250,0.448,12.075688885085949,0.0,86.62157715067768,12.075688885085949,-115.30416596956582,86.62157715067768,43.06679552055345,12.915492975869928,129.1722812985127,250,0.532,0.0,0.0,124.7984633015791
VOOG,2026,154,0.42207792207792205,17.593696514380486,0.0,92.88447117785998,17.593696514380486,-130.61820174187568,92.88447117785998,59.52311748735068,12.220324547615911,106.93019689748425,154,0.512987012987013,0.0,0.0,142.67551257724264
VOOG,COVID_2020,52,0.4423076923076923,64.62738646983512,0.0,298.1362691317253,64.62738646983512,-309.9507215258612,298.1362691317253,186.99092141156441,72.58902080614627,612.9165468270617,52,0.38461538461538464,128.75164723420318,0.0,536.4888833713928
VOOV,full,4006,0.444583125312032,4.190928796019436,0.0,57.54532270899913,4.190928796019436,-82.41714190046277,57.54532270899913,26.48584507334696,4.198427233351649,78.03502997258528,4006,0.48776834747878184,0.0,0.0,97.14346801409236
VOOV,2010,80,0.25,0.0,0.0,25.319335098567933,0.0,-37.12799890524538,25.319335098567933,2.222218309033566,0.0,34.25260270507299,80,0.3125,0.0,0.0,84.6893323994924
VOOV,2011,252,0.4603174603174603,0.0,0.0,43.292320051599944,0.0,-93.07405064140556,43.292320051599944,17.307758967547755,0.0,79.25532434130675,252,0.49206349206349204,0.0,0.0,140.78449844011936
VOOV,2012,250,0.456,0.0,0.0,27.739669282847014,0.0,-69.0783877418722,27.739669282847014,9.444047202916101,0.0,35.94568828879518,250,0.5,0.0,0.0,84.98007095969717
VOOV,2013,252,0.4365079365079365,5.130705971324791,0.0,36.541376380802944,5.130705971324791,-68.87599191238711,36.541376380802944,19.055383832645205,4.826259330867248,46.68738752843402,252,0.46825396825396826,13.473169177039933,0.0,80.18927368762878
VOOV,2014,252,0.4246031746031746,6.159990429547605,0.0,43.35557850729432,6.159990429547605,-66.8375436289483,43.35557850729432,21.127870808081425,4.442302596235076,51.409523260239844,252,0.5079365079365079,0.0,0.0,69.70658358503033
VOOV,2015,252,0.42857142857142855,7.201072636928766,0.0,49.537589032468055,7.201072636928766,-92.3497029614519,49.537589032468055,26.47718776601439,6.820821155782084,59.447376814829795,252,0.4444444444444444,16.177856221090124,0.0,99.16712589559428
VOOV,2016,252,0.4642857142857143,6.22281202432794,0.0,53.129532530631614,6.22281202432794,-82.97410682490008,53.129532530631614,27.794957617518094,9.578748067356605,77.56465008635082,252,0.5079365079365079,0.0,0.0,92.24234510688224
VOOV,2017,251,0.4342629482071713,4.68712697276692,0.0,31.956288136725007,4.68712697276692,-50.234809026630806,31.956288136725007,16.47050652256368,4.468318803206542,39.03189634607762,251,0.5059760956175299,0.0,0.0,49.0872399876401
VOOV,2018,251,0.5139442231075697,0.0,0.0,61.9446812918702,-3.435130135479086,-113.05416019485745,61.9446812918702,29.12209928717941,5.846349412476639,86.80107867000221,251,0.5258964143426295,0.0,0.0,92.29487210345488
VOOV,2019,252,0.5277777777777778,0.0,0.0,43.827136751758125,-3.878875771107973,-71.87805246264837,43.827136751758125,24.97494147288076,8.484841952153962,78.1067430225519,252,0.5595238095238095,0.0,0.0,73.97101362467131
VOOV,2020,253,0.44664031620553357,8.074390826077462,0.0,122.06545513122133,8.074390826077462,-142.82713674908138,122.06545513122133,49.34630103709318,8.617507058726153,210.86423875966307,253,0.4743083003952569,12.203606727034822,0.0,206.1264963013081
VOOV,2021,252,0.43253968253968256,9.866298477638544,0.0,71.00170090380094,9.866298477638544,-85.1138701052398,71.00170090380094,33.523527264707006,9.506918219842026,81.4545081983014,252,0.49206349206349204,3.6698862826703014,0.0,89.95061450726024
VOOV,2022,251,0.43824701195219123,18.03779647933925,0.0,99.29938850367891,18.03779647933925,-127.20333789454855,99.29938850367891,55.51916283253788,17.01580404362214,135.4716669300707,251,0.4701195219123506,14.605187133873208,0.0,153.11671603566475
VOOV,2023,250,0.464,9.439150189170457,0.0,58.47005089558359,9.439150189170457,-100.60766800184754,58.47005089558359,35.332697236125725,15.269011649714319,72.69001570717892,250,0.52,0.0,0.0,101.57918167856529
VOOV,2024,252,0.4246031746031746,10.656117746702161,0.0,54.378253212146305,10.656117746702161,-70.7551059453612,54.378253212146305,29.018451485131962,8.355973798250485,64.91121753889595,252,0.4642857142857143,10.366671658268393,0.0,87.3847640862873
VOOV,2025,250,0.404,13.381861261196718,0.0,62.428335870518055,13.381861261196718,-72.74524735116272,62.428335870518055,36.45505700391757,9.784602891587257,76.70371707367852,250,0.444,13.048163431377123,0.0,86.74895795379206
VOOV,2026,154,0.4025974025974026,14.507675241070974,0.0,64.92153029280392,14.507675241070974,-58.292104080199366,64.92153029280392,35.83973512231366,5.367365434458202,74.98896573950154,154,0.4805194805194805,7.036676590149205,0.0,84.76781427741724
VOOV,COVID_2020,52,0.4230769230769231,35.91661243217885,0.0,370.6811679733191,35.91661243217885,-353.9552303089985,370.6811679733191,192.81652001408418,14.932224242203102,453.8524854865752,52,0.36538461538461536,82.42602153639093,0.0,541.1553063314294
VOX,full,5503,0.4488460839542068,6.952304742514828,0.0,87.1119287665691,6.952304742514828,-119.50398092560692,87.1119287665691,42.957290577403,7.812747519845312,111.18769118044843,5503,0.4980919498455388,0.0,0.0,124.24672306188492
VOX,2004,66,0.24242424242424243,0.0,0.0,20.919743334649926,0.0,-35.608297706494874,20.919743334649926,1.9742137148875114,0.0,22.514202049870832,66,0.36363636363636365,0.0,0.0,61.73636565180208
VOX,2005,252,0.3492063492063492,0.0,0.0,24.62607878662035,0.0,-46.08405032647348,24.62607878662035,2.58416895455997,0.0,31.653019347319358,252,0.44047619047619047,0.0,0.0,58.78842518117827
VOX,2006,251,0.49800796812749004,0.7629179064724271,0.0,53.880019908231134,0.7629179064724271,-89.08482038204451,53.880019908231134,32.59021135250525,7.788097549511856,64.77918574217837,251,0.5059760956175299,0.0,0.0,77.58992672753703
VOX,2007,251,0.44223107569721115,8.962116555619218,0.0,65.15460747066673,8.962116555619218,-96.14787390096065,65.15460747066673,33.440336793160775,8.92288020726795,79.56895597865096,251,0.46613545816733065,17.511655498366473,0.0,110.43886555590977
VOX,2008,253,0.4782608695652174,13.794475582667594,0.0,163.8967413532472,13.794475582667594,-299.6223403094044,163.8967413532472,92.44613611664572,26.666325351090364,254.92169310723224,253,0.5138339920948617,0.0,0.0,237.37688537069184
VOX,2009,252,0.4246031746031746,21.27841878889023,0.0,145.21319922697575,21.27841878889023,-157.9352530963388,145.21319922697575,69.77927593306023,18.996302464419966,178.06161223959808,252,0.47619047619047616,16.497486533583235,0.0,182.63796073456817
VOX,2010,252,0.4523809523809524,10.716157551232815,0.0,74.96116112606197,10.716157551232815,-101.56152556231726,74.96116112606197,48.513733718607774,13.592221453604802,93.60310647252986,252,0.45634920634920634,19.720952599059597,0.0,118.41764946014175
VOX,2011,252,0.48412698412698413,5.907293399532811,0.0,91.64235024294882,5.907293399532811,-138.19980400611882,91.64235024294882,44.249921359298064,13.236420370070368,123.57183539782419,252,0.5,2.707153509256873,0.0,140.02321160890503
VOX,2012,250,0.456,12.922626855405,0.0,70.85606003030843,12.922626855405,-100.76152981923744,70.85606003030843,40.45047508169389,15.399580965835277,83.68874620937679,250,0.524,0.0,0.0,100.69217801545177
VOX,2013,252,0.4087301587301587,15.700297462319588,0.0,64.28270489534978,15.700297462319588,-87.31690379528426,64.28270489534978,37.29213468181202,10.768384004630265,80.59349368410544,252,0.5238095238095238,0.0,0.0,93.48011324934288
VOX,2014,252,0.4801587301587302,3.378480506764245,0.0,62.853098185378514,3.378480506764245,-91.7865146156271,62.853098185378514,29.99012527455896,10.574427423004792,80.93015945750055,252,0.503968253968254,0.0,0.0,80.76409554614715
VOX,2015,252,0.44841269841269843,11.735586728470059,0.0,79.52106170411952,11.735586728470059,-110.06796130820724,79.52106170411952,42.72134737217758,12.383096833230463,93.61567390065534,252,0.47619047619047616,15.702839387635015,0.0,104.47259936428983
VOX,2016,252,0.4246031746031746,10.499437437486948,0.0,81.02610364678235,10.499437437486948,-89.93036024654215,81.02610364678235,41.44753499288249,8.476722496717237,106.16911591903678,252,0.4523809523809524,19.470375864398243,0.0,98.91235437070873
VOX,2017,251,0.4940239043824701,0.40589999472272914,0.0,60.765559065536266,0.40589999472272914,-103.669717275623,60.765559065536266,33.09133295880508,10.024550397309744,73.06484982989004,251,0.5378486055776892,0.0,0.0,91.95928019050554
VOX,2018,251,0.4820717131474104,2.1199788231973935,0.0,98.47639002939697,2.1199788231973935,-136.6819880623999,98.47639002939697,49.61392928872463,11.515075268738128,123.63480638636496,251,0.549800796812749,0.0,0.0,115.69308206265312
VOX,2019,252,0.49603174603174605,2.124081742386597,0.0,70.22681943893481,2.124081742386597,-96.78832493788005,70.22681943893481,39.14401437569585,10.984630620647808,92.47983286866857,252,0.5515873015873016,0.0,0.0,96.60118645990484
VOX,2020,253,0.4268774703557312,26.41804908950714,0.0,122.66369144496115,26.41804908950714,-162.36060723160088,122.66369144496115,63.08988697181894,22.359132076075483,201.8293791546725,253,0.48221343873517786,8.287473034655427,0.0,206.81494705529056
VOX,2021,252,0.47619047619047616,7.344336817599216,0.0,80.07676796465633,7.344336817599216,-117.69977173487578,80.07676796465633,47.22706434467824,13.979442542865394,98.37999358555864,252,0.5555555555555556,0.0,0.0,128.0006618201202
VOX,2022,251,0.4541832669322709,20.68454702082961,0.0,151.52597832895677,20.68454702082961,-214.81150279064258,151.52597832895677,91.97568576729185,26.058345389017717,167.63417043154402,251,0.49800796812749004,12.374754903023081,0.0,223.51688393024693
VOX,2023,250,0.432,19.902698225446617,0.0,91.07290769005357,19.902698225446617,-126.2748782886473,91.07290769005357,54.319682697067,15.143014041069907,104.97592283090898,250,0.516,0.0,0.0,127.12566970184176
VOX,2024,252,0.42857142857142855,17.53849744531922,0.0,73.72835901658723,17.53849744531922,-96.28927877097537,73.72835901658723,46.348611352337485,15.993542724545852,89.2586930655105,252,0.4642857142857143,19.644349620330633,0.0,120.0907640147586
VOX,2025,250,0.424,21.381540050318236,0.0,96.63773539866425,21.381540050318236,-116.20390666338561,96.63773539866425,50.873210281222526,18.872577660002968,111.2935207539551,250,0.468,15.407883802946701,0.0,113.01098866568545
VOX,2026,154,0.4805194805194805,3.3614109453027887,0.0,86.15376475884088,3.3614109453027887,-137.92399349067298,86.15376475884088,43.56388963209113,9.528580677092087,124.38704461089678,154,0.551948051948052,0.0,0.0,118.72455795687127
VOX,GFC_2008H2,146,0.4589041095890411,22.84909387333562,0.0,261.6535768205702,22.84909387333562,-488.50622654244796,261.6535768205702,147.5392699238739,31.67049834097858,340.7520810626559,146,0.4931506849315068,47.93230292268922,0.0,373.90499647987406
VOX,COVID_2020,52,0.46153846153846156,43.047699735043985,0.0,321.25570741213755,43.047699735043985,-293.32871174935644,321.25570741213755,182.90595033191016,69.69244400814695,367.8728656477729,52,0.4423076923076923,45.269544839348875,0.0,472.74140237266136
VTV,full,5670,0.4312169312169312,10.470052034875568,0.0,72.48614144592985,10.470052034875568,-91.43156923133569,72.48614144592985,35.0271137422241,8.77911559750986,97.42006681683979,5670,0.4855379188712522,6.001767239530362,0.0,106.03265982476385
VTV,2004,233,0.43776824034334766,4.4551791567583106,0.0,35.437312496328936,4.4551791567583106,-68.43836024768588,35.437312496328936,21.665048001771716,4.144701491338215,41.48309658032246,233,0.44206008583690987,14.635285411054948,0.0,78.5573593717575
VTV,2005,252,0.3968253968253968,10.929052290967762,0.0,50.061163529784295,10.929052290967762,-79.53856993782644,50.061163529784295,29.75063564762221,7.372423114748039,61.670270004281775,252,0.43253968253968256,18.14531694948461,0.0,75.804124017258
VTV,2006,251,0.43824701195219123,8.704470987647472,0.0,50.01733396921145,8.704470987647472,-60.9078662481494,50.01733396921145,30.76037019358241,8.01430906910068,62.01068506634611,251,0.50199203187251,0.0,0.0,63.56910324090067
VTV,2007,251,0.40239043824701193,15.390380984659519,0.0,84.87250329662334,15.390380984659519,-100.88299643731206,84.87250329662334,38.89499209773253,11.546628155315027,110.75885922459786,251,0.46613545816733065,14.854264472270527,0.0,122.07398826440303
VTV,2008,253,0.44664031620553357,14.404786902898449,0.0,197.01252174866474,14.404786902898449,-243.10769607200706,197.01252174866474,78.72175530461897,14.833561710635259,241.72040241653306,253,0.4782608695652174,17.311581356420128,0.0,271.60259191497096
VTV,2009,252,0.44047619047619047,12.510078618398058,0.0,144.1520471787221,12.510078618398058,-174.76155057532378,144.1520471787221,68.21540041344898,12.509959606508206,190.0632436855895,252,0.5,1.4304616783137705,0.0,213.5290072695574
VTV,2010,252,0.4087301587301587,17.75834739342591,0.0,80.90592433435053,17.75834739342591,-114.95455465374819,80.90592433435053,43.17619569879779,14.373440439553308,104.97642004395446,252,0.48412698412698413,8.681768660345206,0.0,130.15550589775074
VTV,2011,252,0.47619047619047616,4.892482317657891,0.0,108.11405342256148,4.892482317657891,-111.84451097921301,108.11405342256148,49.01232319636077,12.002829189838867,126.7950976551757,252,0.45634920634920634,14.457228890155271,0.0,162.66301769054212
VTV,2012,250,0.448,10.319886725793728,0.0,53.1186619087788,10.319886725793728,-79.37979458472937,53.1186619087788,34.453564149139716,11.177144482484838,62.48132356265239,250,0.492,5.061061988380207,0.0,83.30684693309706
VTV,2013,252,0.44841269841269843,6.907745644512396,0.0,51.564320498953194,6.907745644512396,-62.22993294295212,51.564320498953194,30.901431029148057,7.06146893338647,59.036839756511135,252,0.4722222222222222,9.486408028618587,0.0,81.57381183561245
VTV,2014,252,0.44841269841269843,7.649786572166566,0.0,49.360664225229414,7.649786572166566,-70.16020579992875,49.360664225229414,29.011645764419683,8.311248086973007,66.17149185506418,252,0.5238095238095238,0.0,0.0,70.25852962033278
VTV,2015,252,0.44047619047619047,9.05271190218782,0.0,58.7496224522274,9.05271190218782,-89.51188852195244,58.7496224522274,33.85643217797894,8.769547195145412,74.68983253623136,252,0.4444444444444444,12.658717380607426,0.0,98.9731242601124
VTV,2016,252,0.3968253968253968,13.30333756766089,0.0,58.37894552205169,13.30333756766089,-68.88053162731087,58.37894552205169,32.860188770639375,9.58282164752463,78.66231892321666,252,0.4722222222222222,10.274113194492138,0.0,92.74750965612922
VTV,2017,251,0.4103585657370518,7.5664214493745,0.0,32.69252076519462,7.5664214493745,-45.63366864505189,32.69252076519462,18.26534212674478,6.035504740994306,37.37529029154493,251,0.49800796812749004,1.2265973213480914,0.0,49.18562098911635
VTV,2018,251,0.4860557768924303,1.5442008367965965,0.0,72.72706134508964,1.5442008367965965,-106.25728451670263,72.72706134508964,34.31893196424182,5.538555770484992,90.67321630486195,251,0.5537848605577689,0.0,0.0,93.10244456690035
VTV,2019,252,0.49603174603174605,0.2908853384678316,0.0,52.21687801019303,0.2908853384678316,-68.11935497567814,52.21687801019303,28.501063175923555,7.264227409854708,68.33998838482289,252,0.5634920634920635,0.0,0.0,69.79306076477674
VTV,2020,253,0.4426877470355731,16.959973179237288,0.0,122.3569043893372,16.959973179237288,-145.08213250394982,122.3569043893372,61.51534860753483,16.959973179237288,211.5323810425778,253,0.47035573122529645,15.931618720552354,0.0,219.38377418152487
VTV,2021,252,0.4246031746031746,12.287368856297322,0.0,69.39681709677721,12.287368856297322,-84.06059923880703,69.39681709677721,37.881278760336954,9.385826430552903,82.20499742342321,252,0.4880952380952381,3.9478344407698596,0.0,87.51916775780282
VTV,2022,251,0.4103585657370518,22.89002029074838,0.0,104.11646436293039,22.89002029074838,-128.65873715945156,104.11646436293039,55.47469449890455,18.509512616162194,125.44627551036017,251,0.4860557768924303,18.980676365073066,0.0,150.89926665737028
VTV,2023,250,0.424,15.449092620024421,0.0,60.33201978433261,15.449092620024421,-93.02617808747057,60.33201978433261,38.03673082608989,10.7046091869417,73.73261652232348,250,0.536,0.0,0.0,74.17100373949846
VTV,2024,252,0.4166666666666667,12.022405809934838,0.0,58.63364145013407,12.022405809934838,-69.81011651616595,58.63364145013407,32.02786901124988,8.450273280483108,66.75740217740575,252,0.48412698412698413,4.004085985873995,0.0,78.11706264554066
VTV,2025,250,0.36,22.17498010433106,0.0,70.64012014232425,22.17498010433106,-78.29374511873938,70.64012014232425,41.670981695311774,12.637794305536492,84.66469393746996,250,0.44,16.9291359279692,0.0,92.81701829795063
VTV,2026,154,0.4090909090909091,18.68669710795932,0.0,68.17281026821335,18.68669710795932,-60.698172662649654,68.17281026821335,38.201784381259486,17.59235094442672,77.08073244348756,154,0.474025974025974,7.60143127213785,0.0,92.66729902981429
VTV,GFC_2008H2,146,0.4452054794520548,45.80627878973572,0.0,311.4931820169305,45.80627878973572,-398.2351468042742,311.4931820169305,178.40293583843987,50.6592275771283,344.7564725184889,146,0.4657534246575342,49.67970028323956,0.0,465.0436836777992
VTV,COVID_2020,52,0.38461538461538464,77.65963317249502,0.0,331.59194698527875,77.65963317249502,-355.17686194828156,331.59194698527875,176.55141892988198,30.158733235250057,562.6267691636162,52,0.3076923076923077,145.42940160953324,0.0,542.091623511434
XBI,full,5162,0.42774118558698176,26.343205382295256,0.0,165.65707977283378,26.343205382295256,-200.04528755847045,165.65707977283378,91.16764438440262,21.553214714260765,202.00826754994276,5162,0.5063928709802402,0.0,0.0,207.88779596673783
XBI,2006,228,0.5701754385964912,0.0,0.0,62.50748372181011,-18.031943514910225,-132.5469437274981,62.50748372181011,41.57134707428718,7.4826340336409745,103.57523953118016,228,0.6096491228070176,0.0,0.0,121.33496819527683
XBI,2007,251,0.4820717131474104,5.8281686564656106,0.0,97.39854170894554,5.8281686564656106,-135.42141492960363,97.39854170894554,51.78776714018637,13.49726606805668,119.81555479121745,251,0.4900398406374502,12.405331160182417,0.0,144.93193752785123
XBI,2008,253,0.42292490118577075,33.06211096702963,0.0,156.1803379023773,33.06211096702963,-246.99120559201836,156.1803379023773,74.44369718935518,24.677495111009474,189.67094871411263,253,0.47035573122529645,27.670235903765008,0.0,250.97477333158218
XBI,2009,252,0.43253968253968256,27.0878349953336,0.0,149.6917517762345,27.0878349953336,-191.60385166300657,149.6917517762345,85.97059500274571,26.199860413692182,181.8150664200973,252,0.5396825396825397,0.0,0.0,189.4469800961194
XBI,2010,252,0.43253968253968256,24.93540059458182,0.0,126.27552024000768,24.93540059458182,-156.95700496543455,126.27552024000768,70.62071651740783,21.174048543286435,150.40394588607407,252,0.49206349206349204,12.021455831689774,0.0,150.55886360134392
XBI,2011,252,0.4365079365079365,25.44106413183572,0.0,145.69114334532165,25.44106413183572,-163.3432354094429,145.69114334532165,85.14288203610724,24.05334749148389,166.26834625988477,252,0.503968253968254,0.0,0.0,188.34957240239655
XBI,2012,250,0.476,5.403238118589523,0.0,118.44814101851603,5.403238118589523,-160.6745912004682,118.44814101851603,67.99923515247214,18.438037645467556,150.48375438031846,250,0.552,0.0,0.0,153.5672519933808
XBI,2013,252,0.4166666666666667,28.210548303622293,0.0,132.39564854457117,28.210548303622293,-177.89147963769085,132.39564854457117,70.49087437723983,20.047926423264087,155.2800784419679,252,0.49603174603174605,4.497845219318437,0.0,170.78149105470737
XBI,2014,252,0.42063492063492064,44.26298708688103,0.0,207.51599718537642,44.26298708688103,-256.44422612767386,207.51599718537642,114.45445096067024,37.25418217002149,245.77361880882705,252,0.5238095238095238,0.0,0.0,245.44426747646327
XBI,2015,252,0.4126984126984127,52.58019477090816,0.0,209.73152929802168,52.58019477090816,-245.9346285062565,209.73152929802168,128.50385453420134,27.853271905987302,256.4859472935353,252,0.5119047619047619,0.0,0.0,260.0090726157576
XBI,2016,252,0.4087301587301587,45.50630227041847,0.0,228.0021001679091,45.50630227041847,-278.17096685918386,228.0021001679091,131.73670453067515,28.23068413659058,291.91460050782104,252,0.5079365079365079,0.0,0.0,287.92905572964065
XBI,2017,251,0.3904382470119522,34.924777520259035,0.0,137.2083109549217,34.924777520259035,-166.38640612501916,137.2083109549217,78.93609898566467,12.022419211235079,171.18801682367075,251,0.4581673306772908,19.965115044704127,0.0,147.9769455938735
XBI,2018,251,0.44223107569721115,26.584069463368287,0.0,158.92080942271198,26.584069463368287,-201.05331312878155,158.92080942271198,94.18798366746586,26.474681810485215,194.8137230361198,251,0.545816733067729,0.0,0.0,208.17954097502692
XBI,2019,252,0.38095238095238093,33.7186930399143,0.0,152.28957872568563,33.7186930399143,-182.37063576823726,152.28957872568563,82.76950232703858,17.05186631663217,169.76029873443406,252,0.4523809523809524,36.798425069269996,0.0,185.4040467767011
XBI,2020,253,0.4624505928853755,16.836329936327136,0.0,211.72736977739976,16.836329936327136,-238.12522457747065,211.72736977739976,118.86557241133762,25.613194688123137,261.15588996960435,253,0.5296442687747036,0.0,0.0,260.8630315253996
XBI,2021,252,0.4126984126984127,37.049661709621944,0.0,175.03481141318667,37.049661709621944,-218.49891874012818,175.03481141318667,107.3103429957024,21.157145960527867,197.705879108739,252,0.5476190476190477,0.0,0.0,226.92154759415018
XBI,2022,251,0.38247011952191234,91.5692076573682,0.0,278.04102654775136,91.5692076573682,-337.0287373034597,278.04102654775136,165.65599273080431,63.32640752417178,302.45851506832486,251,0.44621513944223107,75.6450939837844,0.0,349.1792876585757
XBI,2023,250,0.364,47.79544546118791,0.0,165.39038569563417,47.79544546118791,-194.95500741131198,165.39038569563417,101.64091945314159,17.943024338621694,180.15514519662435,250,0.456,31.59936663179641,0.0,219.3843426051407
XBI,2024,252,0.4126984126984127,35.28248859864797,0.0,144.17920701177903,35.28248859864797,-163.87475653260034,144.17920701177903,97.5037730607129,21.67084408229898,165.34445347388424,252,0.5,2.7591443887703533,0.0,181.13710565506523
XBI,2025,250,0.392,39.769343377167864,0.0,152.20741014250927,39.769343377167864,-167.26772807997358,152.20741014250927,83.9516398119116,29.35129705284835,185.0284569696755,250,0.508,0.0,0.0,187.3962250036574
XBI,2026,154,0.45454545454545453,14.879926655353422,0.0,179.62743385377047,14.879926655353422,-200.22971505336926,179.62743385377047,115.27073966080502,16.9247067007219,215.85631519996653,154,0.5,15.87206685003963,0.0,233.27888446252715
XBI,GFC_2008H2,146,0.410958904109589,48.02240449108531,0.0,229.29281294599042,48.02240449108531,-327.36135167436817,229.29281294599042,130.11685885567962,37.1212102783538,289.7685701553525,146,0.4863013698630137,23.28175725670543,0.0,336.8083664220811
XBI,COVID_2020,52,0.46153846153846156,41.329676436178325,0.0,315.972247633838,41.329676436178325,-385.5038006511901,315.972247633838,224.00630580999828,74.14101569723492,474.87215487746084,52,0.4423076923076923,110.92136132946477,0.0,405.8518766224109
XLF,full,6952,0.4079401611047181,22.734230715227916,0.0,113.0482444085197,22.734230715227916,-133.14373104876248,113.0482444085197,56.58823626737017,16.607333480522346,147.64109216757657,6952,0.4784234752589183,11.688966133105652,0.0,152.53951240527292
XLF,1998,7,0.14285714285714285,45.98030672208206,20.00062083293291,70.48029539186139,45.98030672208206,-19.829802931155,70.48029539186139,49.35720018784076,38.2174219735122,70.53842679678105,7,0.2857142857142857,37.297830983262166,0.0,132.88905341219
XLF,1999,252,0.42857142857142855,38.333004894903205,0.0,137.09775536443738,38.333004894903205,-161.621092098842,137.09775536443738,88.24841090059589,35.09227098686444,159.55036111474016,252,0.49206349206349204,5.2541119040148,0.0,196.16013550509425
XLF,2000,252,0.46825396825396826,11.965087621464223,0.0,174.8588262340745,11.965087621464223,-219.0905089069581,174.8588262340745,104.92281499647558,22.68440619030873,216.50584819451777,252,0.5317460317460317,0.0,0.0,216.26696836496234
XLF,2001,248,0.43951612903225806,17.446023993412833,0.0,126.45978312621617,17.446023993412833,-157.33882821776152,126.45978312621617,70.31856090283362,16.841853735917198,152.3974867189186,248,0.5040322580645161,0.0,0.0,171.82988486275804
XLF,2002,252,0.4126984126984127,28.186126605390964,0.0,154.7908134283938,28.186126605390964,-233.5955288700277,154.7908134283938,91.02719493975418,22.479636184728722,196.56125825335317,252,0.4722222222222222,20.569565470397105,0.0,221.67567620359287
XLF,2003,252,0.40476190476190477,28.786399870740862,0.0,111.6573748936833,28.786399870740862,-118.4573284085551,111.6573748936833,67.23139798486457,21.43951450986094,123.06087727530921,252,0.4126984126984127,30.370594338470458,0.0,134.51766009118387
XLF,2004,252,0.32142857142857145,22.65331397302249,0.0,78.0367686450594,22.65331397302249,-82.80343635739703,78.0367686450594,40.22947575917675,12.282854646126484,84.804728728717,252,0.3968253968253968,28.426023041696286,0.0,97.90117227693273
XLF,2005,252,0.3055555555555556,25.513067914527465,0.0,71.83033068533364,25.513067914527465,-65.02243853954053,71.83033068533364,42.62411626841881,13.496260824924846,78.77731822952214,252,0.38095238095238093,25.766676319786555,0.0,101.76660527839755
XLF,2006,251,0.3545816733067729,22.723523007715357,0.0,58.83276948100995,22.723523007715357,-64.64579340192617,58.83276948100995,34.95980241755767,12.75866695488057,64.25066633033912,251,0.46215139442231074,10.644716439629205,0.0,88.33338736234788
XLF,2007,251,0.38645418326693226,28.06071471158187,0.0,121.25757446013881,28.06071471158187,-106.14800879988381,121.25757446013881,57.47574758715065,18.76526280417741,164.19563961849198,251,0.4581673306772908,19.79158766031694,0.0,160.66571075117517
XLF,2008,253,0.4624505928853755,27.980986829187138,0.0,305.1742328528302,27.980986829187138,-369.2677593880963,305.1742328528302,170.4660987878679,43.039671689031714,454.3045516063146,253,0.4901185770750988,19.732984966530193,0.0,449.05828595729463
XLF,2009,252,0.43253968253968256,44.52706408940885,0.0,283.53196961983,44.52706408940885,-244.48056823860784,283.53196961983,142.0038189130573,39.45204115954316,395.49103088413557,252,0.5079365079365079,0.0,0.0,422.6703482680464
XLF,2010,252,0.38095238095238093,33.37928946832936,0.0,135.23513190720533,33.37928946832936,-161.22354278387945,135.23513190720533,69.8202706876978,22.525637438642878,171.38431035923807,252,0.4880952380952381,15.91487307114638,0.0,191.8081144390483
XLF,2011,252,0.40476190476190477,32.12919226546328,0.0,143.4838800733355,32.12919226546328,-158.84243148241268,143.4838800733355,70.59620671282063,21.559794700738593,156.91737517156963,252,0.4801587301587302,7.3573403023831485,0.0,211.83556095895887
XLF,2012,250,0.444,14.175042054780533,0.0,83.21663696001592,14.175042054780533,-121.15739219670915,83.21663696001592,54.36018099743833,14.440451580646265,97.8310213115493,250,0.52,0.0,0.0,118.77013934294256
XLF,2013,252,0.3888888888888889,21.678718275405426,0.0,72.35796972515794,21.678718275405426,-87.97635633987515,72.35796972515794,42.57860669743107,13.75072052974637,80.19282376790375,252,0.44047619047619047,18.774480161203087,0.0,102.48603797203613
XLF,2014,252,0.42857142857142855,9.520524446003359,0.0,72.5310961504934,9.520524446003359,-91.76992962546619,72.5310961504934,37.26676421453266,9.076811633002361,82.53224516821905,252,0.503968253968254,0.0,0.0,85.9677980116476
XLF,2015,252,0.40476190476190477,17.045685052509146,0.0,84.75725740739819,17.045685052509146,-105.2556922939635,84.75725740739819,46.647503196548726,11.772839093964647,93.04191136894264,252,0.45634920634920634,11.328572606404574,0.0,121.78020041690515
XLF,2016,252,0.40476190476190477,22.58806943479446,0.0,77.90308475624391,22.58806943479446,-110.7188114170302,77.90308475624391,50.1138269721817,17.098046637866616,87.21668465518967,252,0.4642857142857143,11.070408303644344,0.0,120.654687505328
XLF,2017,251,0.3944223107569721,21.173735509827445,0.0,71.86834631757523,21.173735509827445,-85.69422659497674,71.86834631757523,39.00010396383974,15.082410121752437,80.36747261355974,251,0.450199203187251,14.35045960665462,0.0,100.19233671867087
XLF,2018,251,0.4302788844621514,17.011264267302092,0.0,100.26745388915025,17.011264267302092,-129.64220580925368,100.26745388915025,54.641664870105146,13.354033683450641,122.83157509422944,251,0.49800796812749004,4.869598028265393,0.0,126.74965948295358
XLF,2019,252,0.43253968253968256,12.290300018801652,0.0,83.14098551673835,12.290300018801652,-94.17463106089814,83.14098551673835,47.24694152330274,10.476107142923519,100.34389002376244,252,0.49206349206349204,3.8464836125761717,0.0,93.76885721145798
XLF,2020,253,0.391304347826087,32.239938507293296,0.0,202.90206996205976,32.239938507293296,-154.62800960524459,202.90206996205976,84.7053472439011,21.10685023142601,282.49571965935627,253,0.466403162055336,16.7087936928048,0.0,280.1137225311064
XLF,2021,252,0.4007936507936508,28.89784944544437,0.0,100.98951795515842,28.89784944544437,-127.79131389077344,100.98951795515842,65.96321076433162,15.511378938266828,122.11380311853007,252,0.47619047619047616,15.246678611852273,0.0,136.72003965621303
XLF,2022,251,0.44223107569721115,22.66359057837427,0.0,115.68913839856629,22.66359057837427,-182.61836596912724,115.68913839856629,66.14373691037923,22.5886221644151,145.21859495171077,251,0.5139442231075697,0.0,0.0,180.51474774270352
XLF,2023,250,0.424,19.129210340464663,0.0,79.62709111901314,19.129210340464663,-122.35683731743207,79.62709111901314,49.45757898731014,13.709989847417559,86.20853788129799,250,0.504,0.0,0.0,94.14013521352608
XLF,2024,252,0.42857142857142855,18.72168485925883,0.0,75.37830007897067,18.72168485925883,-95.56151250766231,75.37830007897067,47.61155090402144,17.50627482083316,88.25727694150338,252,0.5158730158730159,0.0,0.0,99.41680646629258
XLF,2025,250,0.404,24.733407844151127,0.0,80.10260116626854,24.733407844151127,-86.4386593407436,80.10260116626854,47.52775685216287,17.75907246054215,97.98791150800453,250,0.488,10.733616856680731,0.0,111.27627950091772
XLF,2026,154,0.4090909090909091,20.191834997160903,0.0,78.51475035494724,20.191834997160903,-95.63717109262792,78.51475035494724,53.50166280561893,16.93770397106421,99.31072391866729,154,0.5714285714285714,0.0,0.0,118.5005590219197
XLF,GFC_2008H2,146,0.4657534246575342,60.35698383993778,0.0,484.09032540181516,60.35698383993778,-713.7933430812429,484.09032540181516,252.67096237206036,104.86744014798204,537.1576413223388,146,0.5342465753424658,0.0,0.0,722.4686881888798
XLF,COVID_2020,52,0.40384615384615385,74.5510245572223,0.0,449.3668777083908,74.5510245572223,-401.0668760638466,449.3668777083908,261.158839248939,57.98602246925562,599.6115624326086,52,0.38461538461538464,128.7946210086697,0.0,565.0890427009401
XLK,full,6952,0.4188722669735328,18.7617757214174,0.0,123.36903892218861,18.7617757214174,-142.88423242923255,123.36903892218861,57.428913375536844,14.280776308013008,161.77584704504346,6952,0.4830264672036824,9.571003710189142,0.0,162.71439956251695
XLK,1998,7,0.2857142857142857,33.78090982079339,0.0,79.79815124936145,33.78090982079339,-29.598220243366228,79.79815124936145,38.3698584955066,22.11754952161209,83.26301937913335,7,0.5714285714285714,0.0,0.0,124.2913838250216
XLK,1999,252,0.45634920634920634,16.346855395451502,0.0,176.4908317103043,16.346855395451502,-226.9072993333251,176.4908317103043,99.43054787578463,21.24159944591982,209.1353449613343,252,0.5317460317460317,0.0,0.0,199.24614540347144
XLK,2000,252,0.44047619047619047,23.0386619728789,0.0,231.54752247091864,23.0386619728789,-316.93197577296763,231.54752247091864,124.93783568232199,22.771393782893863,297.3280532728537,252,0.5317460317460317,0.0,0.0,280.4792804804429
XLK,2001,248,0.45161290322580644,26.263928660056337,0.0,259.07644098556915,26.263928660056337,-324.92687463880014,259.07644098556915,148.9712210314528,28.811167766367536,279.6991745801956,248,0.5080645161290323,0.0,0.0,282.5039985741054
XLK,2002,252,0.42857142857142855,52.113454553197975,0.0,240.33204513587745,52.113454553197975,-323.36772714506935,240.33204513587745,135.07576954780043,48.920071494268164,278.8561249179619,252,0.4880952380952381,15.753825638216925,0.0,292.18240507427396
XLK,2003,252,0.38095238095238093,39.31708257164676,0.0,153.69564703071572,39.31708257164676,-137.21497006394551,153.69564703071572,83.06905094789128,21.335896793554745,191.1494451499717,252,0.4444444444444444,40.19845409507795,0.0,197.16412412033372
XLK,2004,252,0.3888888888888889,26.558422185608443,0.0,95.72005479295198,26.558422185608443,-102.63169855124798,95.72005479295198,56.022883217208324,15.655239623186134,114.92843626668747,252,0.4126984126984127,28.32071097568744,0.0,132.0098417718889
XLK,2005,252,0.3492063492063492,29.116245089333173,0.0,78.16724738653825,29.116245089333173,-88.60891246722367,78.16724738653825,48.63612408065692,11.213572687081909,89.33693513557895,252,0.4801587301587302,8.308790870238317,0.0,105.98691070585251
XLK,2006,251,0.4262948207171315,21.94325954580059,0.0,80.33575058819564,21.94325954580059,-101.55836814783174,80.33575058819564,52.55778366739131,19.129986435252285,92.91323409093819,251,0.5099601593625498,0.0,0.0,107.11362858946856
XLK,2007,251,0.3466135458167331,31.38754620568903,0.0,93.27797737634008,31.38754620568903,-97.30590048012435,93.27797737634008,48.89647815467874,19.018164643668708,103.77521711798164,251,0.4342629482071713,22.420203465349633,0.0,127.75508576137675
XLK,2008,253,0.391304347826087,43.326642001749875,0.0,237.81524092533954,43.326642001749875,-198.49079373041565,237.81524092533954,102.97379982087388,25.481726445218396,300.14892716149586,253,0.48616600790513836,10.641487045916175,0.0,284.9126347789704
XLK,2009,252,0.4007936507936508,28.736846011178525,0.0,135.66682044706084,28.736846011178525,-161.32999382243477,135.66682044706084,70.48326217344335,16.917118262476077,162.417551135209,252,0.49603174603174605,4.595718599781091,0.0,191.80525016623648
XLK,2010,252,0.4365079365079365,12.794219097225918,0.0,102.02596961958724,12.794219097225918,-98.01147609158163,102.02596961958724,52.26465087841785,11.143155149874607,122.18272274964431,252,0.46825396825396826,7.363583939512268,0.0,138.1806128270485
XLK,2011,252,0.42857142857142855,21.454619584742492,0.0,103.83375857961734,21.454619584742492,-135.11212527971523,103.83375857961734,59.15454084427448,16.206428051309196,126.11878972370336,252,0.4523809523809524,12.624721213777482,0.0,152.24560465996885
XLK,2012,250,0.44,12.061863047174702,0.0,71.26398062067939,12.061863047174702,-86.34294246569328,71.26398062067939,42.895953589434534,11.672793309302387,88.21706991785092,250,0.456,15.516198730535129,0.0,101.314672514205
XLK,2013,252,0.376984126984127,15.23115033296437,0.0,59.20549668084865,15.23115033296437,-66.40651329698485,59.20549668084865,32.002932571048945,9.756991270685825,64.28067189270313,252,0.4722222222222222,7.9893439289990145,0.0,81.34143387758525
XLK,2014,252,0.4126984126984127,12.049242204993654,0.0,76.50528169721873,12.049242204993654,-79.57702597010802,76.50528169721873,39.08221307127051,9.137396912040117,86.30147968096452,252,0.49603174603174605,1.2568221102997015,0.0,89.92966952909676
XLK,2015,252,0.45634920634920634,14.189169357985708,0.0,72.28462199990005,14.189169357985708,-112.54657225534653,72.28462199990005,42.654930616013814,16.3589466682739,90.80991021273252,252,0.4603174603174603,9.83013724628714,0.0,111.39263347158223
XLK,2016,252,0.4087301587301587,14.737296241162417,0.0,71.86186512907456,14.737296241162417,-83.82994813644814,71.86186512907456,35.413167671331294,10.972133072429466,94.9555317544735,252,0.4523809523809524,10.450416279984124,0.0,102.99092587130716
XLK,2017,251,0.4063745019920319,12.315916801395478,0.0,45.540807620044006,12.315916801395478,-54.35360734931324,45.540807620044006,28.447133201602526,6.801626928930299,53.780457700381795,251,0.4701195219123506,10.7901262229767,0.0,74.92339915507944
XLK,2018,251,0.41832669322709165,18.142528788806345,0.0,108.39570018681947,18.142528788806345,-129.0147885417312,108.39570018681947,56.34234730648013,13.774221024684277,126.45059853634703,251,0.49800796812749004,2.5324484399803655,0.0,164.61366628842603
XLK,2019,252,0.46825396825396826,7.968662308823627,0.0,74.05962161418918,7.968662308823627,-110.77783026317512,74.05962161418918,40.81107873250379,12.627230932336952,116.75507250136276,252,0.5158730158730159,0.0,0.0,111.8758004159647
XLK,2020,253,0.4189723320158103,29.026294869292173,0.0,178.43078866680474,29.026294869292173,-208.48508813884763,178.43078866680474,71.06677070862396,20.34549674305871,254.19303582915296,253,0.45454545454545453,37.908513633116684,0.0,249.08311977011036
XLK,2021,252,0.38492063492063494,25.377684477045968,0.0,112.98354818580346,25.377684477045968,-139.1118212394108,112.98354818580346,50.46250754135574,15.306818444565485,140.26186133491981,252,0.4603174603174603,21.959692463718575,0.0,139.62321298325753
XLK,2022,251,0.4262948207171315,27.442228536653904,0.0,151.3311706587615,27.442228536653904,-209.24030117800828,151.3311706587615,99.79194610726928,23.45847603300248,189.54533975485927,251,0.4900398406374502,16.074202008648587,0.0,255.8684051385981
XLK,2023,250,0.464,11.073317141679729,0.0,95.31872578114637,11.073317141679729,-139.032530724125,95.31872578114637,64.24242033878143,14.67740097773824,120.6214793101584,250,0.512,0.0,0.0,137.12582230522332
XLK,2024,252,0.44841269841269843,12.178660845699262,0.0,101.14132290891492,12.178660845699262,-137.15434690583717,101.14132290891492,52.46649163555068,12.781350385786002,117.40130252101508,252,0.49603174603174605,7.988844690639395,0.0,149.20673273532424
XLK,2025,250,0.452,8.352338233276061,0.0,98.94712299701902,8.352338233276061,-149.10670640010846,98.94712299701902,60.009903971107335,12.459206162806083,140.00691701845622,250,0.54,0.0,0.0,138.95255285753404
XLK,2026,154,0.42857142857142855,26.44419304416755,0.0,144.92260265385832,26.44419304416755,-152.35709997858672,144.92260265385832,80.70834533045031,20.76125411989336,169.35171388345782,154,0.5194805194805194,0.0,0.0,211.9358396116897
XLK,GFC_2008H2,146,0.3561643835616438,60.771273775096866,0.0,307.8753380410816,60.771273775096866,-269.605938279614,307.8753380410816,141.677468704107,31.370377036454293,353.1331260632791,146,0.5,4.505933790045223,0.0,431.8964484491631
XLK,COVID_2020,52,0.4230769230769231,90.02763087966677,0.0,357.19357527302833,90.02763087966677,-297.8341135698187,357.19357527302833,233.3805051027167,82.3394477785571,665.8351521229355,52,0.38461538461538464,102.31071433263646,0.0,545.4844596240787
XLP,full,6952,0.38722669735327964,18.79948974937304,0.0,82.31652295990135,18.79948974937304,-82.32405507002203,82.31652295990135,42.453161975685006,11.274327135303356,102.03397520720043,6952,0.46375143843498273,12.975900610287406,0.0,106.76185265176302
XLP,1998,7,0.42857142857142855,4.277187434546274,0.0,43.09718776679672,4.277187434546274,-232.69026223410046,43.09718776679672,28.716739044209252,10.370495046398094,50.78612963111963,7,0.5714285714285714,0.0,0.0,90.85744280910808
XLP,1999,252,0.3611111111111111,34.0061448585326,0.0,114.61934924164123,34.0061448585326,-113.18898769046179,114.61934924164123,63.60482994397117,15.09004382549238,130.4456764141964,252,0.4444444444444444,28.635509894941297,0.0,164.50382225945825
XLP,2000,252,0.38492063492063494,37.992356841824865,0.0,142.383063220297,37.992356841824865,-161.10241942431142,142.383063220297,87.4687748002929,29.642995896062004,163.5268423471463,252,0.4166666666666667,41.00558391076927,0.0,173.4056178252671
XLP,2001,248,0.3629032258064516,37.43833484418096,0.0,115.0640288489518,37.43833484418096,-117.87862818966258,115.0640288489518,60.28721434854715,17.46261424738082,127.20493745996458,248,0.41935483870967744,39.308727723452584,0.0,145.07485799070528
XLP,2002,252,0.3531746031746032,34.7816015631299,0.0,121.76201527482563,34.7816015631299,-102.62597648192043,121.76201527482563,67.57254020308326,13.861628002755015,140.23903918739393,252,0.4246031746031746,26.547922651010396,0.0,155.38818049597194
XLP,2003,252,0.3373015873015873,28.085756337818932,0.0,90.41330837736986,28.085756337818932,-67.63504768792954,90.41330837736986,46.81434606898245,12.88978149060039,98.54444512302612,252,0.40476190476190477,29.575307523753892,0.0,112.58286693659694
XLP,2004,252,0.36904761904761907,20.573005483317765,0.0,60.88224983894989,20.573005483317765,-55.51631360920559,60.88224983894989,41.232212568812784,11.273046239039378,68.15870227248477,252,0.43253968253968256,16.95566910154075,0.0,76.15779974679893
XLP,2005,252,0.3253968253968254,21.64717418470562,0.0,60.117530099788716,21.64717418470562,-50.82433128489297,60.117530099788716,36.632665617602,9.52099787498519,69.51625388426743,252,0.4880952380952381,7.28734547198912,0.0,76.5701182308953
XLP,2006,251,0.3386454183266932,19.78191601155897,0.0,58.34422427154069,19.78191601155897,-48.55579032246412,58.34422427154069,34.19108335683897,10.095684914062268,65.74848297110375,251,0.4302788844621514,12.418593065286268,0.0,72.67788434606615
XLP,2007,251,0.3745019920318725,18.332708595011326,0.0,71.15868474337927,18.332708595011326,-65.11561337711566,71.15868474337927,33.51627033842786,11.852509339539782,88.05595145962509,251,0.4701195219123506,5.2428090689034015,0.0,93.01427190130912
XLP,2008,253,0.32806324110671936,35.697123641679006,0.0,130.4830341996358,35.697123641679006,-119.49805924701788,130.4830341996358,71.98405607491213,18.492298726328446,173.3274280882774,253,0.4189723320158103,38.47463266141556,0.0,174.28555496522648
XLP,2009,252,0.3253968253968254,33.87593835257306,0.0,115.84175960957262,33.87593835257306,-99.2684604302027,115.84175960957262,56.34305529629758,18.30321646829999,136.18938311132652,252,0.43253968253968256,26.886401874854073,0.0,139.3279746442936
XLP,2010,252,0.3492063492063492,20.46721146632789,0.0,65.69501641789486,20.46721146632789,-71.33488425268116,65.69501641789486,38.609524516761745,13.22666732970852,74.27474038560891,252,0.4087301587301587,23.26880455834084,0.0,96.89249827570744
XLP,2011,252,0.4642857142857143,8.762565333181973,0.0,76.66687623688132,8.762565333181973,-74.09837840330032,76.66687623688132,44.08686968803858,11.024846007464957,93.3395391961671,252,0.5357142857142857,0.0,0.0,88.3001909241452
XLP,2012,250,0.436,7.742198706254104,0.0,46.46304241353264,7.742198706254104,-58.70799127681126,46.46304241353264,31.357767887061403,6.955174840275443,56.30227232324291,250,0.508,0.0,0.0,69.24949228846633
XLP,2013,252,0.4166666666666667,14.426500196118306,0.0,57.36415184764297,14.426500196118306,-62.56785173380437,57.36415184764297,31.740560148382553,9.2822676807574,65.26185015812062,252,0.4722222222222222,9.760358422615807,0.0,83.49981215343763
XLP,2014,252,0.32936507936507936,16.841833089649484,0.0,60.66663175259744,16.841833089649484,-62.50926299892541,60.66663175259744,27.192174632260954,8.015720762092714,66.82733961578688,252,0.4365079365079365,19.197564534262753,0.0,80.53592252977357
XLP,2015,252,0.45634920634920634,3.9070414303247474,0.0,65.12550463651877,3.9070414303247474,-99.32234633740529,65.12550463651877,39.45816479102904,5.27149204399371,80.02493310364149,252,0.5,0.8974400886097295,0.0,100.64765660509516
XLP,2016,252,0.36904761904761907,17.99010380274907,0.0,66.82257019324572,17.99010380274907,-72.10167112751965,66.82257019324572,36.1572063206422,12.567298996413585,75.2598217859736,252,0.44841269841269843,15.113557761562395,0.0,83.06966458838284
XLP,2017,251,0.4103585657370518,8.59323313193067,0.0,39.51993811521077,8.59323313193067,-48.39431742551396,39.51993811521077,24.441143734870806,5.323842479304844,46.73338735304313,251,0.4820717131474104,5.175165796042802,0.0,55.76223394324096
XLP,2018,251,0.46215139442231074,8.019034633379624,0.0,78.8300837919658,8.019034633379624,-95.29690793564986,78.8300837919658,45.26409790983299,10.978677827291211,92.19920512735526,251,0.5418326693227091,0.0,0.0,85.06923406345513
XLP,2019,252,0.4087301587301587,15.329031959184373,0.0,64.11471371998547,15.329031959184373,-69.07446085365521,64.11471371998547,40.590360318458835,9.797736452097363,75.53091659917573,252,0.503968253968254,0.0,0.0,86.49615967312013
XLP,2020,253,0.4189723320158103,22.41103703185599,0.0,103.94984869966352,22.41103703185599,-120.38177196056604,103.94984869966352,50.38551504452292,17.29529481487921,147.36613514940677,253,0.4782608695652174,9.11286272534377,0.0,149.4949050745066
XLP,2021,252,0.4246031746031746,12.478733064105162,0.0,64.32034000855437,12.478733064105162,-83.67434251785222,64.32034000855437,38.788908554176125,10.035674227046382,74.82709646821397,252,0.4801587301587302,8.427320120713247,0.0,82.0836056327879
XLP,2022,251,0.3904382470119522,22.346708146253,0.0,113.98875918728832,22.346708146253,-106.8821915788897,113.98875918728832,54.64344802708274,17.421601966187488,133.5074584731579,251,0.47410358565737054,13.628743638626633,0.0,148.29069343984165
XLP,2023,250,0.44,16.273368997244674,0.0,65.03132179296583,16.273368997244674,-80.56257816895354,65.03132179296583,38.44652552601593,16.202361288122844,73.37780400784996,250,0.496,4.975850140509557,0.0,86.44074813863556
XLP,2024,252,0.3611111111111111,16.51659262992673,0.0,62.557283825531734,16.51659262992673,-72.86929507853327,62.557283825531734,36.07805711234631,7.026545572151799,69.04937087029433,252,0.45634920634920634,16.240929885079915,0.0,77.25697981714309
XLP,2025,250,0.42,15.909745288551964,0.0,75.85806358499346,15.909745288551964,-99.67195210465819,75.85806358499346,41.561990431143926,11.508053342548386,91.51191397492438,250,0.468,13.562115470040796,0.0,91.74979437673828
XLP,2026,154,0.44805194805194803,10.93092813767616,0.0,91.74019869401195,10.93092813767616,-124.28488523381316,91.74019869401195,54.6038182479594,13.169137044704799,111.11721740928982,154,0.538961038961039,0.0,0.0,105.8795678660479
XLP,GFC_2008H2,146,0.3561643835616438,50.085360162235446,0.0,211.54845394183144,50.085360162235446,-192.59807177067287,211.54845394183144,102.74738957812913,34.78599428371347,254.25737982513357,146,0.4520547945205479,49.51243817907271,0.0,284.08332990461366
XLP,COVID_2020,52,0.4807692307692308,28.661825793689097,0.0,235.2247217198977,28.661825793689097,-335.0455356815131,235.2247217198977,134.3550333102332,44.51994406478922,472.1705997392925,52,0.4423076923076923,26.723557577857765,0.0,392.7808139026965
XLY,full,6952,0.43685270425776757,15.777739986818279,0.0,102.4818197338297,15.777739986818279,-134.6260710410309,102.4818197338297,52.20407050384138,14.431641068340204,134.3818540828895,6952,0.4935270425776755,4.331342372799592,0.0,147.5619665383225
XLY,1998,7,0.2857142857142857,14.905541431105359,0.0,27.733144070853864,14.905541431105359,-44.853868857584615,27.733144070853864,20.9927229244195,12.81635685712082,28.148829731203627,7,0.14285714285714285,81.11415427003472,28.5630077124601,111.68574389461543
XLY,1999,252,0.4880952380952381,1.8837800518619046,0.0,90.99747877850757,1.8837800518619046,-142.54670039756587,90.99747877850757,44.89871854157286,10.904692719531278,110.85235531736492,252,0.5119047619047619,0.0,0.0,170.32314813432282
XLY,2000,252,0.49603174603174605,0.4720824861951875,0.0,105.42982263954278,0.4720824861951875,-224.41834538951255,105.42982263954278,73.08766230214712,24.276386134080987,127.50080563767514,252,0.5119047619047619,0.0,0.0,192.43130773652888
XLY,2001,248,0.4314516129032258,20.558852386801732,0.0,116.15698134904814,20.558852386801732,-200.97026242704578,116.15698134904814,74.05581303023774,17.935546268397545,144.92944257248885,248,0.45564516129032256,34.612875192201294,0.0,194.89861567594178
XLY,2002,252,0.4246031746031746,29.742163569038485,0.0,155.02890508451554,29.742163569038485,-194.4152439735765,155.02890508451554,84.26562834491138,26.31560618063855,184.7548241406484,252,0.4801587301587302,25.021726564817033,0.0,227.52950576683304
XLY,2003,252,0.43253968253968256,8.174705347324192,0.0,115.02116238156302,8.174705347324192,-136.28102849512706,115.02116238156302,57.65066883473265,7.543437463387857,136.62113489031256,252,0.49603174603174605,4.590808623883307,0.0,145.0901057735916
XLY,2004,252,0.3968253968253968,20.4174528503137,0.0,68.83767317316996,20.4174528503137,-88.39978783245066,68.83767317316996,43.70969679937827,15.271574227088903,74.92020179567608,252,0.45634920634920634,18.89435124557192,0.0,101.34526631676333
XLY,2005,252,0.4166666666666667,15.565655395399396,0.0,67.66970319362207,15.565655395399396,-102.6500941731174,67.66970319362207,39.47878673755846,12.530810324506414,84.38560166995019,252,0.49603174603174605,0.8147797011953858,0.0,96.41898341323548
XLY,2006,251,0.42231075697211157,15.620457211310242,0.0,59.770959672911204,15.620457211310242,-86.65779423253565,59.770959672911204,37.567385657470375,10.43944445170556,72.13477115060418,251,0.4701195219123506,10.261045666589537,0.0,84.23211060459364
XLY,2007,251,0.3745019920318725,19.27258205511181,0.0,88.09280028307656,19.27258205511181,-108.9250639259802,88.09280028307656,46.30952255755923,14.265451779496178,105.58713268218396,251,0.46215139442231074,11.394134023453166,0.0,141.26006199860825
XLY,2008,253,0.4268774703557312,39.01543480501182,0.0,255.43748622076205,39.01543480501182,-244.87248402424134,255.43748622076205,128.82515373120526,30.476612073430672,313.5845413684857,253,0.49407114624505927,6.727608318951328,0.0,281.0902535672713
XLY,2009,252,0.4087301587301587,43.24208802642138,0.0,178.71465995913098,43.24208802642138,-178.08129805385354,178.71465995913098,106.32473570956618,32.154866423491995,233.7768828712649,252,0.49603174603174605,15.260951023586484,0.0,230.88694271533538
XLY,2010,252,0.39285714285714285,33.27573978157074,0.0,110.90096279618447,33.27573978157074,-103.75769557285584,110.90096279618447,60.882566368938626,18.27444732630788,139.85901969722573,252,0.47619047619047616,12.627803200140544,0.0,165.6197947963723
XLY,2011,252,0.4365079365079365,9.01503819537965,0.0,119.42646514444586,9.01503819537965,-141.93545425061413,119.42646514444586,57.16313872435694,8.350416496461307,135.05229997113062,252,0.48412698412698413,9.701077226748664,0.0,153.78615406513794
XLY,2012,250,0.444,5.880744700911655,0.0,72.06930486842654,5.880744700911655,-104.28411804490435,72.06930486842654,42.66506116115422,6.260992503146272,81.37660727283208,250,0.492,2.624245001289848,0.0,93.2810601581493
XLY,2013,252,0.39285714285714285,14.653362720812648,0.0,61.78068211840628,14.653362720812648,-87.49161166163283,61.78068211840628,34.87246834159039,9.297408783561464,74.04534247040694,252,0.4722222222222222,10.751923268201407,0.0,87.33563430135845
XLY,2014,252,0.4444444444444444,13.291754337147504,0.0,67.70609226781005,13.291754337147504,-90.32788356383777,67.70609226781005,39.22417791465517,13.446390518273704,87.6567659042423,252,0.5198412698412699,0.0,0.0,95.15121945404145
XLY,2015,252,0.4523809523809524,15.511027727380345,0.0,82.95810825046276,15.511027727380345,-127.88661861279694,82.95810825046276,49.83523496266473,16.005790429419175,105.23593513846376,252,0.49603174603174605,5.022988259853636,0.0,112.03502861278253
XLY,2016,252,0.3968253968253968,16.76770980984103,0.0,68.15693674266657,16.76770980984103,-96.22836789180248,68.15693674266657,40.07622570802819,10.317913676356444,85.97476760548598,252,0.46825396825396826,16.437387555970048,0.0,97.74172837267047
XLY,2017,251,0.4262948207171315,9.479322800324633,0.0,42.5656848528666,9.479322800324633,-60.201296402468834,42.5656848528666,26.10561587164048,7.6329153610844465,48.582925530541594,251,0.4900398406374502,6.476649103620575,0.0,68.6243854602838
XLY,2018,251,0.4900398406374502,0.831640342797825,0.0,90.99371550332762,0.831640342797825,-146.88185731550112,90.99371550332762,50.074266914666985,18.725986584905414,126.18732159171009,251,0.545816733067729,0.0,0.0,119.54784297440432
XLY,2019,252,0.5317460317460317,0.0,0.0,68.86543328916348,-4.919928458534575,-93.64411211122308,68.86543328916348,44.46160376342193,16.5777939435024,91.18305659864373,252,0.5396825396825397,0.0,0.0,89.99358759746121
XLY,2020,253,0.4505928853754941,14.923112909501073,0.0,129.14424536270153,14.923112909501073,-165.8853486940265,129.14424536270153,60.71840019342967,18.09208652032481,196.26887215011274,253,0.5138339920948617,0.0,0.0,183.6198420378923
XLY,2021,252,0.44047619047619047,23.077457561699998,0.0,98.06349304849071,23.077457561699998,-136.77847134888688,98.06349304849071,54.44753101529207,23.015677363619883,121.09060438777334,252,0.503968253968254,0.0,0.0,132.3438002887542
XLY,2022,251,0.44621513944223107,26.58720522245352,0.0,162.86551904593549,26.58720522245352,-245.28525702396146,162.86551904593549,98.79665371664989,31.27802563614129,182.13764526139323,251,0.49800796812749004,2.111995739014446,0.0,221.17550304210872
XLY,2023,250,0.436,20.249553675964727,0.0,101.92915068503261,20.249553675964727,-144.95207533865232,101.92915068503261,67.5426514825706,17.35780933374354,126.99731586263715,250,0.528,0.0,0.0,146.754017587233
XLY,2024,252,0.4087301587301587,24.34238035698027,0.0,82.3817210805965,24.34238035698027,-119.1119096853843,82.3817210805965,50.206472194098275,17.795482390595296,100.49184489586649,252,0.4642857142857143,21.358778246778055,0.0,137.40821408334622
XLY,2025,250,0.48,6.920899400794763,0.0,100.71001450004299,6.920899400794763,-117.19593507235047,100.71001450004299,60.17339453593027,16.647021015115943,148.00503197298247,250,0.516,0.0,0.0,129.4319558899055
XLY,2026,154,0.45454545454545453,16.82046072641972,0.0,93.46321692274387,16.82046072641972,-122.49418208211169,93.46321692274387,57.98696173107238,19.51226235012768,114.49996926067992,154,0.487012987012987,13.560989343400317,0.0,145.01231164603777
XLY,GFC_2008H2,146,0.4041095890410959,66.87964328689196,0.0,317.38755950720827,66.87964328689196,-344.58886884298124,317.38755950720827,173.62645676528615,45.67693402834734,374.21088360886256,146,0.4794520547945205,27.606631466889723,0.0,389.3944653330397
XLY,COVID_2020,52,0.4807692307692308,6.08256216619172,0.0,340.69866186890766,6.08256216619172,-380.6262310596604,340.69866186890766,185.29887843997747,46.90940095245084,447.36149966914616,52,0.5,10.400353803722512,0.0,421.918706064432
