date,nav,cash,transition,ret
2012-08-02,1000000.0,1000000.0,False,
2012-08-03,999598.3329937358,249784.3204654482,True,-0.0004016670062642058
2012-08-06,1015085.1099154095,227.29653648813837,True,0.01549299994858111
2012-08-07,1045355.3049565352,227.29723100533317,False,0.02982035175715292
2012-08-08,1052715.913140029,227.2979255246501,False,0.007041250136287092
2012-08-09,1064732.058595049,227.29862004608918,False,0.011414423687372999
2012-08-10,1073408.1368674696,227.29925143114488,False,0.008148602460481102
2012-08-13,1073520.3160813604,36.16285444254754,True,0.00010450751213619824
2012-08-14,1092462.8548586895,-229.92329192525358,True,0.01764525411729001
2012-08-15,1101966.2305174104,-229.92386673348338,False,0.008699037790122599
2012-08-16,1146044.641195665,-229.92444154315018,False,0.03999978353017086
2012-08-17,1150397.1506196307,-1503.0863231689873,True,0.0037978533012681392
2012-08-20,1154298.4184475942,-1503.0984313967258,False,0.0033912356492382667
2012-08-21,1199637.637489371,-1503.1030241974884,False,0.039278594094197095
2012-08-22,1216940.205185439,-1503.1076170122844,False,0.014423161757644687
2012-08-23,1261551.1772031942,-1503.112209841114,False,0.03665831059543101
2012-08-24,1172397.0984798735,-1174.0347806419013,True,-0.07067020374153321
2012-08-27,1171855.2359362254,-1174.044890414834,False,-0.0004621834567406502
2012-08-28,1168072.5182075712,-1174.0481516506409,False,-0.0032279735693052647
2012-08-29,1169911.383905227,-1174.0520651444797,False,0.0015742735737653835
2012-08-30,1127839.5182880273,-1174.0553264002162,False,-0.03596158324125509
2012-08-31,1158334.7382555993,-1174.0582615385322,False,0.027038616286350292
2012-09-04,1149738.8766346623,-1174.070328294915,False,-0.007420878729651137
2012-09-05,1142020.7970686601,-1174.0739157320293,False,-0.006712897791708361
2012-09-06,1234187.0601057,308619.4669251834,True,0.08070453994674387
2012-09-07,1232372.0028265268,-1090.5634098274895,True,-0.0014706500641951115
2012-09-10,1347696.261226681,-216.57822940021288,True,0.09357909635698514
2012-09-11,1333820.4257584496,333194.6833293789,True,-0.01029596643356534
2012-09-12,1320570.768732234,-110.88547538894636,True,-0.009933613828624344
2012-09-13,1279565.2214603066,-110.88578340415577,False,-0.031051381904578457
2012-09-14,1321336.031809926,-304.57305215924225,True,0.03264453397846223
2012-09-17,1310711.8372358119,-191.43154722466716,True,-0.008040494104714191
2012-09-18,1260329.2968213842,-36.87718152900925,True,-0.038439067217612366
2012-09-19,1257474.8134624674,-36.87729420928614,False,-0.002264871066725127
2012-09-20,1243261.1044935666,-285.47407616348937,True,-0.011303374681329248
2012-09-21,1226193.9722936004,306281.5722023664,True,-0.013727713461218816
2012-09-24,1209625.9696600353,306284.37979202357,False,-0.013511730613529727
2012-09-25,1261564.5159047027,315400.2455583747,True,0.042937691110636944
2012-09-26,1269788.9693428306,317358.29874876334,True,0.006519249181822451
2012-09-27,1320299.0687011422,317359.0921445102,False,0.03977834158100513
2012-09-28,1294758.1786838314,317359.9736975439,False,-0.019344776212284254
2012-10-01,1288740.7790332676,317362.53021529963,False,-0.0046475085074809686
2012-10-02,1298622.8130205097,317363.32362162514,False,0.007667976483723082
2012-10-03,1307137.272693602,317364.1170299342,False,0.006556530185457099
2012-10-04,1321583.2121856434,317364.9985969259,False,0.011051585624417992
2012-10-05,1310841.9772605966,317365.9683233105,False,-0.00812755097522988
2012-10-08,1284219.9013821953,317368.87752024253,False,-0.020309142017282844
2012-10-09,1238817.6316483095,317369.7591004579,False,-0.03535396833908244
2012-10-10,1224456.0007341714,317370.64068312204,False,-0.011593014619132647
2012-10-11,1220804.240619711,305301.2183069653,True,-0.0029823530712991264
2012-10-12,1219096.9519388995,305302.151171799,False,-0.001398495044500292
2012-10-15,1229346.6785331387,305304.94978340255,False,0.008407638603260992
2012-10-16,1249393.0765543524,305305.713045777,False,0.016306545884301027
2012-10-17,1244565.0049391699,311190.1326208521,True,-0.003864333575865242
2012-10-18,1218000.5431782492,311190.99703788717,False,-0.021344374665443144
2012-10-19,1151395.2838587423,311191.86145732336,False,-0.05468409656510265
2012-10-22,1162208.5285130946,290528.3081725251,True,0.009391426911280476
2012-10-23,1154160.4943561084,288508.83868631185,True,-0.006924776371485364
2012-10-24,1137531.3640347586,284533.2006624905,True,-0.014407987799501698
2012-10-25,1144899.6091614042,284534.0700694925,False,0.006477399533416639
2012-10-26,1147551.1703012006,284535.01851639274,False,0.002315976980495682
2012-10-31,1146747.4507765884,284539.99791399343,False,-0.0007003779399233911
2012-11-01,1175411.8873670173,284540.7092639882,False,0.024996294145687603
2012-11-02,1158440.0396094518,289638.5446774499,True,-0.014439064246307143
2012-11-05,1177957.5657835372,294726.5321403273,True,0.01684811082726867
2012-11-06,1190999.4834024198,294727.35082513886,False,0.011071636192775403
2012-11-07,1165406.5634428868,294728.1695122245,False,-0.021488607103690605
2012-11-08,1160133.7144286959,290238.5717917943,True,-0.0045244716990555656
2012-11-09,1157425.3716053553,-543.9063735844684,True,-0.0023345091946356256
2012-11-12,1154310.4141054454,288440.958685224,True,-0.0026912815083615094
2012-11-13,1150304.1784404686,287742.5479024058,True,-0.003470674452921263
2012-11-14,1154819.3355094197,66.95119846172429,True,0.003925185314959556
2012-11-15,1140167.9637209584,-451.70600096622366,True,-0.012687154897695008
2012-11-16,1147170.085850221,-451.7067538095586,False,0.006141307554731856
2012-11-19,1228668.3535291671,-451.70938877064145,False,0.07104288081095134
2012-11-20,1218818.235570225,304580.92605864047,True,-0.00801690540059019
2012-11-21,1222149.1387968846,305712.5138167647,True,0.002732895791554446
2012-11-23,1237432.8672127565,305714.2122219781,False,0.012505616483858617
2012-11-26,1241633.951643645,310444.23822978983,True,0.0033949998761155786
2012-11-27,1228746.4049196339,306911.3612928452,True,-0.01037950573673585
2012-11-28,1224716.0287650558,305907.23600892606,True,-0.0032800715741192477
2012-11-29,1238029.064936628,305908.00077701604,False,0.010870304510504747
2012-11-30,1232901.5936501955,305908.6805725733,False,-0.004141640476506114
2012-12-03,1225560.9551890711,305910.88991833146,False,-0.005953953258662992
2012-12-04,1223032.0251600326,305911.7396708035,False,-0.0020634877590796075
2012-12-05,1204653.6833215535,305912.58942563593,False,-0.015026868847587416
2012-12-06,1221875.776107357,305913.43918282876,False,0.01429630193660092
2012-12-07,1216664.7636534898,305914.20396642666,False,-0.0042647645167893655
2012-12-10,1224580.5021062596,305916.49832869216,False,0.006506096575855436
2012-12-11,1264506.878115886,305917.1781431329,False,0.03260412520120437
2012-12-12,1254821.799830239,110.56000741786556,True,-0.007659174064816199
2012-12-13,1244302.7918971982,-195.18075564401806,True,-0.008382869929789205
2012-12-14,1213648.5409071385,303624.1138891163,True,-0.024635684489079157
2012-12-17,1242225.6375517717,310729.0798582247,True,0.023546435134568222
2012-12-18,1254353.637827372,-585.2476480806363,True,0.009763121858845647
2012-12-19,1282561.4704280288,-193.67035819243756,True,0.02248794259449416
2012-12-20,1302424.1113216043,-334.31072241524816,True,0.015486697013396666
2012-12-21,1315085.7880841764,-192.49485868126794,True,0.009721623434722826
2012-12-24,1294598.008514159,-932.0056901971111,True,-0.015579044162483235
2012-12-26,1306112.5715650045,326467.1287828244,True,0.008894315436234201
2012-12-27,1302513.4726338508,326467.8542653328,False,-0.002755580957957804
2012-12-28,1291829.9682959483,322576.85841942136,True,-0.008202221752300898
2012-12-31,1238560.2283465061,322577.48565247527,False,-0.04123587566226716
2013-01-02,1161269.269773088,-109.57144506985787,True,-0.062403875729646674
2013-01-03,1156211.3896808762,-569.0920338510186,True,-0.004355475705647538
2013-01-04,1139137.3586523433,-494.85817788526765,True,-0.014767222655751144
2013-01-07,1138309.4254488489,-514.6641340304036,True,-0.0007268071731699743
2013-01-08,1123786.3127571032,-514.6651347662197,False,-0.012758492872901428
2013-01-09,1131992.299669316,-411.22526658281276,True,0.007302088323250855
2013-01-10,1135325.2913395837,-411.2259519582571,False,0.0029443589600752773
2013-01-11,1136929.4587461313,-461.1153463758819,True,0.0014129583994864081
2013-01-14,1119220.0057073913,-461.1181643087269,False,-0.015576562734394228
2013-01-15,1108902.7262646793,-62.07455144534765,True,-0.009218276469415865
2013-01-16,1101581.2139005875,-62.074689388795306,False,-0.006602483870478126
2013-01-17,1111551.6528006792,22.515445915356395,True,0.009051024812585018
2013-01-18,1068723.2619823639,-85.50543355225818,True,-0.038530274963295086
2013-01-22,1037808.3836651992,-33.24393383633287,True,-0.028926925628830258
2013-01-23,1029590.0982461233,-235.02394922135863,True,-0.00791888517035444
2013-01-24,1024280.9604177237,-235.02447149680134,False,-0.005156554863380625
2013-01-25,1038444.3531422649,-235.02499377340467,False,0.01382764424202998
2013-01-28,1074115.2101209546,-235.02649532516767,False,0.03435028258447548
2013-01-29,1033570.4467950845,-235.02695232113078,False,-0.037747127071503184
2013-01-30,1110417.5991994073,-235.0274093179825,False,0.07435115104404533
2013-01-31,1112326.8186528475,-235.0278663157228,False,0.0017193706717335555
2013-02-01,1049492.0152358843,-38.556862485507736,True,-0.05648951581789896
2013-02-04,1071502.2747374922,-242.39509795602726,True,0.020972298199582573
2013-02-05,1032765.5180464659,-626.8393675239204,True,-0.036151819370160876
2013-02-06,1032217.4114357496,16.757650082902273,True,-0.0005307173807982402
2013-02-07,1030341.6557762512,16.75768266722188,False,-0.0018172098617182941
2013-02-08,1029642.0614837635,16.75771525160484,False,-0.0006789925347244763
2013-02-11,1019416.1408508155,-167.31530473522434,True,-0.009931529621286073
2013-02-12,1009298.1073054887,-0.2900054736091988,True,-0.009925322093568334
2013-02-13,1016440.2085548693,-241.12983975211682,True,0.007076305006107564
2013-02-14,1008192.8720159802,-241.13057653773828,False,-0.008113941646026412
2013-02-15,996913.9582010806,-181.30565432150615,True,-0.011187258041555403
2013-02-19,950869.3264166808,-461.87269705638755,True,-0.0461871673133023
2013-02-20,980022.6465904773,-451.93113905262726,True,0.030659649400680333
2013-02-21,990744.7442465313,-358.2905848923547,True,0.010940663150342811
2013-02-22,982527.0488571186,-358.29187871946675,False,-0.008294462763627664
2013-02-25,1034628.2027640681,-77.16920920836856,True,0.05302770439506377
2013-02-26,1033519.8522164463,-66.79710101734963,True,-0.001071254915206099
2013-02-27,1055065.7523533332,-31.023726818835712,True,0.020847108152475702
2013-02-28,1057294.2379043798,-31.023821613556546,False,0.0021121769388079414
2013-03-01,1050547.5714808707,-31.02391640856703,False,-0.0063810679956806116
2013-03-04,1061353.8333803252,-31.024200795336387,False,0.010286313721350027
2013-03-05,1110024.0020072036,-447.76805798438727,True,0.04585668520352715
2013-03-06,1110011.5199435616,42.49573475100624,True,-1.1244859227765858e-05
2013-03-07,1107454.9407869866,42.49585279471388,False,-0.0023032005620130525
2013-03-08,1101527.815475244,-135.0945128409221,True,-0.005352023900431213
2013-03-11,1081538.1230580749,-75.63634151240694,True,-0.0181472425265492
2013-03-12,1085443.1084847422,-75.63655161335559,False,0.003610585094888652
2013-03-13,1082050.7729665255,0.025661244333605282,True,-0.0031253001577874473
2013-03-14,1074175.480063824,54.416640712326625,True,-0.007278117718183208
2013-03-15,1055756.6961428833,-556.6800170609204,True,-0.017146904079253678
2013-03-18,1119972.3804729679,-221.66019911153126,True,0.0608243211382804
2013-03-19,1117458.6615107418,-326.61505813441386,True,-0.0022444472792843007
2013-03-20,1120255.836786214,-326.61569321924907,False,0.0025031577201171107
2013-03-21,1114274.3756031154,-389.274559860045,True,-0.0053393706925537465
2013-03-22,1135278.0357489267,-146.35511742183007,True,0.018849630401347683
2013-03-25,1124339.1943467786,-26.620737352903234,True,-0.009635385392558815
2013-03-26,1124989.5673596123,-26.620789115448083,False,0.0005784491158040694
2013-03-27,1133516.8505645483,-26.62085566742087,False,0.00757987758495382
2013-03-28,1139911.5528169035,-26.620907430195775,False,0.005641470834042206
2013-04-01,1115119.287172661,-26.621121877041542,False,-0.02174928886629568
2013-04-02,1104726.2030786008,-26.621173640334078,False,-0.009320154546345716
2013-04-03,1092387.1185333824,-26.621218008956813,False,-0.011169359892824526
2013-04-04,1092364.9337651483,-173.87065668980358,True,-2.0308522370671156e-05
2013-04-05,1070440.6088289109,-151.67708549525605,True,-0.02007051330425713
2013-04-08,1072658.8623561421,-151.6779702799751,False,0.0020722808056190534
2013-04-09,1083289.598102483,-151.67822307659225,False,0.00991063992422525
2013-04-10,1119231.5150545964,38.06298269717081,True,0.03317849355802016
2013-04-11,1116155.3853345215,-86.60252927411057,True,-0.0027484302208241607
2013-04-12,1100158.3984880026,-123.60374295357906,True,-0.014332222069353251
2013-04-15,1153550.3140838675,-5.317219769080111,True,0.048531116673057095
2013-04-16,1116085.5142965328,-5.31722863111306,False,-0.03247782028223767
2013-04-17,1149814.4680609584,-5.317237493160778,False,0.030220761162449872
2013-04-18,1162414.2971323077,-22.4504467982606,True,0.010958141005650734
2013-04-19,1171288.6079723036,-22.450477979436705,False,0.007634378604847614
2013-04-22,1176954.2421602216,-567.6409352384217,True,0.004837094930621788
2013-04-23,1180938.7182987991,-178.91917165995983,True,0.003385412954767242
2013-04-24,1185634.7421433171,-178.91946985857928,False,0.003976517808885749
2013-04-25,1195157.1322786878,-288.1748772869587,True,0.008031470230162707
2013-04-26,1193481.0034054806,-288.17527752984375,False,-0.001402433895877353
2013-04-29,1194787.7242304573,-288.17647826183435,False,0.0010948819639760021
2013-04-30,1198368.4196983408,-208.00700546860753,True,0.0029969302456549496
2013-05-01,1172786.0323778833,-208.00735214694998,False,-0.021347681480873182
2013-05-02,1216118.4550753804,-439.6976038097928,True,0.03694827658344324
2013-05-03,1217058.95378869,-323.2581249480718,True,0.0007733611058893253
2013-05-06,1235962.340081657,-323.2593820646233,False,0.015532021874635538
2013-05-07,1233573.1077697887,-566.7209469960071,True,-0.0019330947508566787
2013-05-08,1253871.312338689,-566.7215766859482,False,0.016454804697873193
2013-05-09,1276020.578225231,-742.5514897809771,True,0.01766470423924904
2013-05-10,1255105.5397941982,-454.964502640476,True,-0.016390831611918566
2013-05-13,1243457.2905886013,-767.3441249846219,True,-0.009280693006507579
2013-05-14,1228650.3742933495,-767.345190740351,False,-0.011907860774408086
2013-05-15,1243821.69346684,-767.3460433461184,False,0.012347954707795816
2013-05-16,1263285.3014139608,-767.3466828011545,False,0.015648230007044406
2013-05-17,1205525.4755923133,-767.3475354085799,False,-0.045721917097427234
2013-05-20,1233813.5084423732,-767.3503063891068,False,0.02346531319560974
2013-05-21,1248357.938071462,-767.3511590005584,False,0.011788191270049042
2013-05-22,1273613.5304157413,-767.3520116129573,False,0.020231050385513205
2013-05-23,1285359.44010262,-1613.1760322488262,True,0.009222506990048007
2013-05-24,1286351.5685356203,-1613.17782466664,False,0.0007718684766659933
2013-05-28,1285492.0536268803,-215.3783100918954,True,-0.0006681804024373239
2013-05-29,1277616.281896377,-215.37860922843717,False,-0.00612665921059774
2013-05-30,1307985.8019564687,-215.37884853800298,False,0.02377045478397788
2013-05-31,1269511.2297624236,28.44202118233079,True,-0.029415129840473342
2013-06-03,1274749.4752317544,153.77569959410175,True,0.004126190731145396
2013-06-04,1267144.0838527633,153.7758704559902,False,-0.005966185142071478
2013-06-05,1216747.0868969627,153.77608403358803,False,-0.039772112420371375
2013-06-06,1224041.7721571636,153.7762976114825,False,0.005995235442728175
2013-06-07,1274394.4067387388,153.7764684740354,False,0.04113636946624566
2013-06-10,1282617.5422137405,153.7770237786138,False,0.0064525828358312776
2013-06-11,1228336.4750752351,153.77723735781348,False,-0.042320540108019
2013-06-12,1184965.5834027904,153.7774509373098,False,-0.035308641038106714
2013-06-13,1236717.8251891455,153.77766451710275,False,0.04367404632777738
2013-06-14,1216136.7141243794,153.77787809719234,False,-0.016641719433144186
2013-06-17,1253874.4808400173,153.77851883924095,False,0.03103085884781387
2013-06-18,1291830.8574306157,153.7787324205171,False,0.03027127289899867
2013-06-19,1252963.451366121,153.77894600208987,False,-0.0300870704867664
2013-06-20,1150923.5993244858,153.7791595839593,False,-0.08143880967188621
2013-06-21,1145691.5675679685,54.11337735694724,True,-0.004545941850169766
2013-06-24,1115829.071464138,54.1136178612015,False,-0.02606503962250628
2013-06-25,1141566.385118411,54.1137080505646,False,0.023065641783738045
2013-06-26,1157437.512152209,54.11379824007801,False,0.013902938314140911
2013-06-27,1166843.1721009884,-127.44678678827768,True,0.008126278827174094
2013-06-28,1170218.8369716438,-208.65458453801693,True,0.002892989350554487
2013-07-01,1185840.139519682,-208.65528005407154,False,0.013349043832232121
2013-07-02,1186325.955518952,-127.59871841857967,True,0.0004096808524856055
2013-07-03,1186784.7645820987,-367.97753935770015,True,0.00038674789252657327
2013-07-05,1221367.8060336076,-367.9784593021164,False,0.029140112414306696
2013-07-08,1205488.904284731,-367.9797881148094,False,-0.01300091722610841
2013-07-09,1230189.284789885,-212.72373022702232,True,0.020489927710956257
2013-07-10,1232907.452628533,-212.72396658672258,False,0.0022095525235470426
2013-07-11,1247820.1405540826,-212.72420294668547,False,0.012095545285054632
2013-07-12,1250498.405388097,-69.71083377298783,True,0.0021463548687594702
2013-07-15,1240871.0069535056,-987.3634001215105,True,-0.0076988490294024325
2013-07-16,1294277.6282020214,-987.3642229243438,False,0.04303962373948589
2013-07-17,1222056.4832441388,-987.3650457278628,False,-0.055800350237228846
2013-07-18,1186018.9289338884,-987.3658685320675,False,-0.029489270589672767
2013-07-19,1143761.5008604014,-778.6293697932269,True,-0.035629640507906735
2013-07-22,1133637.8294751337,-5.020059196016518,True,-0.00885120838361153
2013-07-23,1124062.8381462647,96.93745921114083,True,-0.008446252480214245
2013-07-24,1129797.2753935007,96.93753999235683,False,0.0051015272924535005
2013-07-25,1121046.8390588227,-96.3609406803007,True,-0.007745138464447354
2013-07-26,1121872.959523191,-96.3610209810846,False,0.0007369187759020956
2013-07-29,1112917.0662819513,-96.36126188383776,False,-0.007982983425365853
2013-07-30,1135327.4676681173,-96.36136895190651,False,0.020136631978369124
2013-07-31,1143884.400351601,-96.36147602009424,False,0.007536973188061014
2013-08-01,1186865.2863056064,-96.36158308840093,False,0.037574501357649615
2013-08-02,1192980.8443412606,-1289.6426125291764,True,0.005152697703957987
2013-08-05,1166703.988463781,-1289.6472695775162,False,-0.022026217773839507
2013-08-06,1224537.6000163858,-1289.648702518927,False,0.04957008129264673
2013-08-07,1244740.160203009,-927.5997561899712,True,0.016498113399174397
2013-08-08,1257328.8902936003,-927.6010445229658,False,0.010113540554952616
2013-08-09,1240947.7047271105,-927.6023328577498,False,-0.013028560540484069
2013-08-12,1252924.0818413284,-927.6064555408683,False,0.009650992599121277
2013-08-13,1279970.580863011,-927.6080015516276,False,0.021586702190235174
2013-08-14,1255432.6936599214,-927.6092898960741,False,-0.01917066499024156
2013-08-15,1185797.4618444378,-927.61057824231,False,-0.05546711676950067
2013-08-16,1188437.8439154539,-927.6118665903352,False,0.0022266720548627106
2013-08-19,1175290.1619525398,-927.6159893158259,False,-0.011062995031862477
2013-08-20,1190853.5218945327,-927.6170200002585,False,0.01324214261790213
2013-08-21,1174147.5513845577,-927.6180506858364,False,-0.014028568755792392
2013-08-22,1206427.2746826347,-927.6188237008785,False,0.0274920500920115
2013-08-23,1225331.46924392,-927.6195967165647,False,0.015669568284800484
2013-08-26,1217131.1558100746,-927.6221734400284,False,-0.006692322558976782
2013-08-27,1136557.3151920566,-927.6234618041581,False,-0.06619980125674396
2013-08-28,1154464.9868157709,-927.6242348237095,False,0.015756065606500558
2013-08-29,1179410.413071712,-927.6247501705066,False,0.021607780695666934
2013-08-30,1156085.1100412386,-927.6255231911316,False,-0.019777087578635055
2013-09-03,1176532.5235304453,-927.628357605673,False,0.01768677177104827
2013-09-04,1226146.230081548,-927.6288729547606,False,0.04216943055872857
2013-09-05,1239411.725617919,-927.6293883041344,False,0.01081885276888106
2013-09-06,1236455.4381617622,-348.02557150571374,True,-0.0023852343777712726
2013-09-09,1242399.042262371,-348.02615154865515,False,0.004806969921572923
2013-09-10,1245933.0316937296,-304.6526338868425,True,0.0028444882128397797
2013-09-11,1240631.9209391703,-304.6528031383058,False,-0.0042547316907979305
2013-09-12,1230649.4219648608,-304.6528877640844,False,-0.008046301893274377
2013-09-13,1239284.3839984038,-304.65297238988654,False,0.0070165896797451666
2013-09-16,1238034.1396591386,-304.65331089330664,False,-0.0010088437774318226
2013-09-17,1261528.1066893046,-304.6533955192263,False,0.01897683293017627
2013-09-18,1303194.4828694286,-372.7125552833313,True,0.03302849612242986
2013-09-19,1298195.5745235896,-704.6305934427073,True,-0.003835888205137472
2013-09-20,1335203.6264280614,-704.6307891734276,False,0.02850730092655951
2013-09-23,1364393.8139004381,-924.9257910082815,True,0.02186197437949322
2013-09-24,1364975.558200753,414.74882534891367,True,0.00042637565077474626
2013-09-25,1358567.6996598053,414.74905576492773,False,-0.0046944859213408074
2013-09-26,1376780.749921322,414.74905576492773,False,0.013406067482744977
2013-09-27,1355303.7234132558,414.7492861810698,False,-0.015599452933441782
2013-09-30,1344643.0785278967,414.74997743026415,False,-0.007865871465704277
2013-10-01,1382859.1710520266,414.7502078469183,False,0.02842099374502305
2013-10-02,1377809.2842831218,414.7504382637004,False,-0.003651772266197617
2013-10-03,1341939.0378205804,414.7507838890656,False,-0.02603426096174466
2013-10-04,1370378.7670634151,414.7511295147188,False,0.02119301133755158
2013-10-07,1337069.499565481,414.75216639340647,False,-0.024306613834445656
2013-10-08,1267460.2841164942,414.75274243808195,False,-0.052061030089765925
2013-10-09,1262454.4360956652,414.7533184835575,False,-0.003949510752771612
2013-10-10,1344051.125724961,414.75389452983313,False,0.06463337392329671
2013-10-11,1369015.1741516183,414.7548162051543,False,0.018573734249277107
2013-10-14,1391928.371559209,414.7575812434069,False,0.016736993015282087
2013-10-15,1364026.9100115777,414.7591941895562,False,-0.02004518488000695
2013-10-16,1414917.5498872597,414.76034629842894,False,0.0373091172191391
2013-10-17,1440931.1278791293,414.76092235446544,False,0.01838522533976783
2013-10-18,1488747.6510206377,36.30619762017159,True,0.03318446122535246
2013-10-21,1501105.2930465196,-1179.6093896887614,True,0.008300696237814265
2013-10-22,1511982.7211220965,-1179.610700365861,False,0.007246279209035977
2013-10-23,1525413.4626884125,-1179.612011044417,False,0.00888286709807673
2013-10-24,1487055.5198914567,-867.737540756003,True,-0.025145931732733717
2013-10-25,1504451.9122306963,-867.738504908826,False,0.011698549318797102
2013-10-28,1515491.3988418905,-1219.371173075051,True,0.0073378793442626655
2013-10-29,1499890.5524970575,-1219.37252793191,False,-0.010294249348267392
2013-10-30,1527520.4665790254,-1219.3738827902744,False,0.01842128683054156
2013-10-31,1516906.584103144,-1219.375237650144,False,-0.006948438798762391
2013-11-01,1500126.5936528763,-969.7700632952619,True,-0.011061980102214819
2013-11-04,1484600.401415794,-50.08063791721361,True,-0.010349921335155776
2013-11-05,1482189.1956938615,-50.08070747365515,False,-0.0016241445978547597
2013-11-06,1494663.9911759163,-50.0807770301933,False,0.008416466344713047
2013-11-07,1417276.1841216867,-18.455414426365678,True,-0.05177605636524718
2013-11-08,1425546.7420388847,76.20542387581372,True,0.005835530159792546
2013-11-11,1423018.3069542914,76.20580490356815,False,-0.001773659894853341
2013-11-12,1435640.4158568452,76.20597424980127,False,0.00886995539050317
2013-11-13,1477531.8118669924,76.20614359641071,False,0.029179588110958
2013-11-14,1476011.3366405638,76.20631294339648,False,-0.0010290642910133485
2013-11-15,1492454.437238284,17.269880241772626,True,0.011140226493886463
2013-11-18,1462738.699850471,17.270000171773695,False,-0.019910649629479082
2013-11-19,1452511.6033786512,268.46210009221613,True,-0.006991745328721599
2013-11-20,1440211.4931602604,-450.13591373139934,True,-0.008468166581099834
2013-11-21,1447956.8611745476,-450.136788995676,False,0.005377937928610521
2013-11-22,1453671.8768006172,-351.22645310955704,True,0.003946951583511771
2013-11-25,1454669.1986912496,-315.74890101960045,True,0.0006860708434612839
2013-11-26,1459882.7741417815,-315.74951497579684,False,0.003584028214265178
2013-11-27,1462186.8315742824,-315.75012893318706,False,0.0015782482493194028
2013-11-29,1463881.8757830027,-1629.3236413689738,True,0.0011592528205819352
2013-12-02,1480677.7232073718,-1629.331335409349,False,0.011473499127369946
2013-12-03,1542952.2560049447,-31.538400219229516,True,0.042058127721863015
2013-12-04,1521893.6818892085,-843.6580743445083,True,-0.013648234437442452
2013-12-05,1521814.5510162401,-523.2242112021049,True,-5.1995007213756494e-05
2013-12-06,1561802.1171125355,-523.2250832424569,False,0.026276241129112865
2013-12-09,1575468.978561462,-1740.8085454934626,True,0.008750699784037863
2013-12-10,1585955.0929501764,-1740.8119303989674,False,0.006655868526392217
2013-12-11,1707255.3270177643,-1740.815315311054,False,0.07648402820911304
2013-12-12,1722150.2236540192,-1479.8593701011268,True,0.008724469269791868
2013-12-13,1713548.8352027088,-1479.8622476054575,False,-0.004994563385452011
2013-12-16,1754766.9773104968,-1479.87088015202,False,0.02405425585837584
2013-12-17,1765396.181827566,-1479.8737576787312,False,0.006057331061335658
2013-12-18,1821609.843541585,-1479.8766352110376,False,0.031841952697453824
2013-12-19,1804127.5209261484,-1479.8791016720963,False,-0.009597182776223567
2013-12-20,1847954.858433867,-1479.881979214794,False,0.024292815779019872
2013-12-23,1906643.0510450362,-1479.8906118764578,False,0.03175845575627689
2013-12-24,1919474.7602855586,-2096.47042322834,True,0.006730000790388768
2013-12-26,1863571.1658720039,-2096.4785761768007,False,-0.029124422769298608
2013-12-27,1900348.4301602498,-2096.482652662921,False,0.01973483221985628
2013-12-30,1952475.1111341387,-2096.49488216884,False,0.027430065006285753
2013-12-31,1948363.6821674025,-505.1461778363446,True,-0.002105752305517461
2014-01-02,1958169.2930517956,-1048.2700911074935,True,0.005032741563672172
2014-01-03,1937646.6696708922,-2054.059951050498,True,-0.010480515374091559
2014-01-06,1933136.3939247525,-763.3084604002943,True,-0.0023277080474665146
2014-01-07,1981156.6412180054,-763.3093085208059,False,0.02484058933666855
2014-01-08,2013598.213410356,-763.3103686726232,False,0.01637506672486322
2014-01-09,1984461.4956086152,-763.3112167952551,False,-0.014469975990092476
2014-01-10,2005546.8108833982,-450.8223386240993,True,0.010625207554514127
2014-01-13,1979727.7754704515,-60.64473592176,True,-0.01287381340232796
2014-01-14,2094074.7184855489,-635.0971979752358,True,0.057758922429587356
2014-01-15,2095584.4128124968,-561.3651736329484,True,0.000720936227165625
2014-01-16,2086453.2736760536,-561.3657973720302,False,-0.0043573234657668936
2014-01-17,2052645.8565284158,-561.3665770467487,False,-0.01620329464080139
2014-01-21,2090783.56089202,-561.3695398206415,False,0.018579778017872695
2014-01-22,2123255.6949857385,-561.3701635645747,False,0.015531083513907307
2014-01-23,2082558.17877023,-561.3707873092009,False,-0.019167505972841337
2014-01-24,1947283.7406747167,-416.601602036797,True,-0.06495589869925944
2014-01-27,1937897.9609238068,-193.29009649704676,True,-0.004819934329476694
2014-01-28,1940693.6803609384,-193.2903649555141,False,0.0014426556472555419
2014-01-29,1912928.0100426236,-193.29057972258627,False,-0.014307085450575019
2014-01-30,1965864.8306613048,-193.29068710624168,False,0.027673190177972984
2014-01-31,1956899.2559542689,-193.29079448995674,False,-0.004560626227806286
2014-02-03,1879670.4412021984,-193.2912777173009,False,-0.03946489044700996
2014-02-04,1890185.9445311527,-193.29159986943043,False,0.005594333505733573
2014-02-05,1883559.636048335,-287.28482099607027,True,-0.003505638427790392
2014-02-06,1968802.732267349,-287.2853796054444,False,0.045256382961068375
2014-02-07,2068137.5344023786,-287.2860180173991,False,0.05045442110933673
2014-02-10,2097597.40885881,-287.28785345974893,False,0.014244639907347478
2014-02-11,2172563.78776943,-287.28825247065646,False,0.035739164528909795
2014-02-12,2202403.7581226667,-287.2886514821182,False,0.013734911039769093
2014-02-13,2262668.7511581397,-287.2888908893278,False,0.027363281057440236
2014-02-14,2280664.7442662353,-287.28905049426714,False,0.00795343688681105
2014-02-18,2305948.4662066633,-287.28992832285246,False,0.011086119520193893
2014-02-19,2261775.67715577,-776.699761822354,True,-0.019156017447154228
2014-02-20,2203344.783616359,-352.855400671775,True,-0.02583407989110975
2014-02-21,2200262.055226866,-118.74273477523957,True,-0.001399113026892218
2014-02-24,2198493.0200125454,-245.77328366122674,True,-0.0008040111449989507
2014-02-25,2185399.6237372337,-245.7736250130096,False,-0.005955623309296221
2014-02-26,2205224.8828335167,-245.77396636526652,False,0.009071685965782228
2014-02-27,2226284.0534126195,-245.77423944745138,False,0.009549670304846103
2014-02-28,2234800.6904966487,-245.7745808005617,False,0.003825494357278636
2014-03-03,2264646.2047935813,-423.34488878367847,True,0.013354888614384608
2014-03-04,2367279.726368267,-731.8783639979083,True,0.045319892068545364
2014-03-05,2369797.807277475,-755.8587932976079,True,0.001063702308248482
2014-03-06,2369334.567436116,-52.76737780572057,True,-0.00019547652543883132
2014-03-07,2373859.2348224088,-52.76746575135025,False,0.0019096785437056063
2014-03-10,2366205.2517629038,-52.7677149314405,False,-0.0032242784016962567
2014-03-11,2362405.529141601,-52.76778821993346,False,-0.0016058296795984361
2014-03-12,2381850.509360833,-131.75581891054753,True,0.008231008596689682
2014-03-13,2275785.5424299072,-131.75600190474046,False,-0.04453048859031383
2014-03-14,2230817.8846794274,-692.5781916023698,True,-0.019759180692600298
2014-03-17,2234028.717664969,-101.6288657466066,True,0.0014393075327183702
2014-03-18,2288478.424005991,-81.80691867068526,True,0.02437287663783172
2014-03-19,2260477.2349706,-81.80705501554972,False,-0.012235723414151689
2014-03-20,2316881.2820121283,-81.80719136064141,False,0.02495227386895671
2014-03-21,2253465.018787712,-81.80732770596035,False,-0.027371390893771497
2014-03-24,2217412.3337999084,-81.80773674328061,False,-0.015998777299502387
2014-03-25,2249814.364603118,-81.8078503651372,False,0.014612541974853732
2014-03-26,2175050.2106875987,-81.80796398715158,False,-0.03323125458340126
2014-03-27,2138568.225987758,-81.80805488488934,False,-0.016772939089211958
2014-03-28,2164257.409839929,-81.8081457827281,False,0.012012328407388528
2014-03-31,2230243.5393402944,-81.8084412013858,False,0.030489039427729514
2014-04-01,2334565.7490701573,-81.8085320996538,False,0.046776151523219456
2014-04-02,2336815.253173869,229.64005738776177,True,0.0009635642536980349
2014-04-03,2309345.3314489056,229.64018496557142,False,-0.011755281761214875
2014-04-04,2199072.0628360156,229.6403763323922,False,-0.047750878619657766
2014-04-07,2181355.7261051484,-120.08563137571036,True,-0.008056278386811666
2014-04-08,2223382.1478515933,73.82500146774692,True,0.01926619360771742
2014-04-09,2314530.84678782,73.82508349552633,False,0.04099551623381603
2014-04-10,2117446.5325837545,73.82516552339688,False,-0.08515086954990703
2014-04-11,2037041.8191464941,-329.465582547331,True,-0.03797248818327836
2014-04-14,2065251.5118666217,-231.86148329815478,True,0.013848362097910849
2014-04-15,2093199.0727328241,-231.86174092202512,False,0.013532279582230133
2014-04-16,2144153.932493089,-231.8619985461817,False,0.024343054812144382
2014-04-17,2179616.412415052,-231.8621917645138,False,0.016539148325385833
2014-04-21,2227270.054195813,-231.86302904577772,False,0.02186331572350375
2014-04-22,2276721.415716635,-231.86322226496856,False,0.022202678758089567
2014-04-23,2232029.4520376557,-231.86335107786982,False,-0.01962996586690946
2014-04-24,2277906.363007549,-825.3571317669994,True,0.020553900365432698
2014-04-25,2258523.0231359275,-814.5425111085642,True,-0.008509278601790071
2014-04-28,2270467.361621945,-802.617872806848,True,0.005288561756361165
2014-04-29,2273549.52807385,-576.4504977128818,True,0.0013575030868107074
2014-04-30,2293815.0912137576,83.0608086999855,True,0.00891362290096076
2014-05-01,2297629.617666809,62.264161716913804,True,0.0016629616169421269
2014-05-02,2288849.3455996686,23.968736144251125,True,-0.0038214479825762204
2014-05-05,2313540.552395198,23.96878275015655,False,0.010787606813440265
2014-05-06,2250274.115705991,23.968802724142172,False,-0.027346154198035322
2014-05-07,2247686.7100963173,23.96882269814444,False,-0.0011498179673377074
2014-05-08,2258927.3283962873,23.96884267216335,False,0.005000971999112869
2014-05-09,2271445.8031366565,23.968862646198907,False,0.005541778428638899
2014-05-12,2378830.7383580906,23.968922568405446,False,0.04727602792597807
2014-05-13,2364505.002947562,23.968942542507584,False,-0.006022175171831123
2014-05-14,2326984.0891287937,-99.47737045714348,True,-0.015868401112281494
2014-05-15,2291125.257635819,-96.25584079679993,True,-0.015410002870453687
2014-05-16,2344069.4496179833,-96.25592101000058,False,0.02310837952037459
2014-05-19,2399216.031155608,-96.25616165000359,False,0.023526001563909382
2014-05-20,2371345.947054641,-96.25624186347163,False,-0.011616329558928218
2014-05-21,2422940.9070430407,-96.25634881485148,False,0.021757668910554306
2014-05-22,2449879.611113175,-96.25642902847548,False,0.011118184513633
2014-05-23,2505897.3064385704,-96.25653598006329,False,0.022865489010679196
2014-05-27,2594118.671320472,-96.25696378760288,False,0.03520549890661062
2014-05-28,2583382.205816639,-96.25707073978487,False,-0.004138771916077255
2014-05-29,2618904.966330867,-96.25717769208569,False,0.013750485868581963
2014-05-30,2622812.7948128646,-96.25728464450535,False,0.0014921612399982909
2014-06-02,2632307.8659107485,-96.25760550247733,False,0.0036201863574336635
2014-06-03,2649654.63401059,-96.25771245537234,False,0.006589946534935276
2014-06-04,2677740.3353976174,-617.7242530551739,True,0.010599759314486867
2014-06-05,2673423.896652729,-617.7249394154551,False,-0.0016119706185953042
2014-06-06,2648243.919859938,-2255.023892986239,True,-0.009418624866904812
2014-06-09,2701393.7728754114,-2255.031409740901,False,0.020069848029060866
2014-06-10,2625904.32456861,-2255.033915331356,False,-0.027944629570404667
2014-06-11,2717599.407126809,-2255.0364209245954,False,0.034919430117950956
2014-06-12,2950136.105734875,-2255.0389265206186,False,0.08556695221460764
2014-06-13,2852979.696206758,-2166.133217801107,True,-0.03293285667032497
2014-06-16,2847354.013093332,-2166.140438253189,False,-0.0019718623027376037
2014-06-17,2789451.9902946353,-2166.142845075898,False,-0.020335378928099113
2014-06-18,2720660.1016705576,-2166.1446501949354,False,-0.024661434885212552
2014-06-19,2719228.6852602903,-1592.000509058329,True,-0.0005261283500237468
2014-06-20,2765321.4693759177,-1592.0013935030563,False,0.01695068324539073
2014-06-23,2683441.1900371118,-1592.0044890632867,False,-0.029609678384800886
2014-06-24,2793333.9892449593,-1592.0058157336941,False,0.040952192138903554
2014-06-25,2683072.70456737,-1579.46174824005,True,-0.03947300433894518
2014-06-26,2683953.4755227896,-3011.1688010153885,True,0.0003282695075390585
2014-06-27,2645573.006741082,-3011.171310322722,False,-0.014299975439861834
2014-06-30,2600392.6344741127,-3011.1796746951395,False,-0.017077726508339386
2014-07-01,2494316.2448080513,-3011.1813475727367,False,-0.04079245120901276
2014-07-02,2446882.920397459,-552.9944236775045,True,-0.019016563961897437
2014-07-03,2382606.6373115717,-552.9945772870666,False,-0.026268638580977388
2014-07-07,2476548.6817036234,-552.99565255494,False,0.0394282643726922
2014-07-08,2561057.3982015583,-421.1895436273189,True,0.034123583809303915
2014-07-09,2474363.8382167867,-2353.8618932272075,True,-0.03385068997112284
2014-07-10,2468857.966431331,-495.15838080237154,True,-0.0022251666066311904
2014-07-11,2451983.46100157,-495.1586558903609,False,-0.006834943791502401
2014-07-14,2410490.764065602,-939.9763422216056,True,-0.01692209494717367
2014-07-15,2385858.108841135,-2549.732555626135,True,-0.010218937816181661
2014-07-16,2285837.604616794,-2114.940170349786,True,-0.04192223496179481
2014-07-17,2158492.5986906243,-847.202500846237,True,-0.05571043440223655
2014-07-18,2063202.3624792416,-971.5645447875722,True,-0.04414665876973001
2014-07-21,2062366.3824908328,-279.8214735327347,True,-0.000405185649072326
2014-07-22,2104902.6277420623,-279.8217067172959,False,0.02062497023436549
2014-07-23,2080579.7145082925,-279.8219399020515,False,-0.011555362662956536
2014-07-24,2062272.6699748691,-279.8221730870014,False,-0.008799011355231756
2014-07-25,2009196.6706501034,-523.1483404513565,True,-0.025736654564409545
2014-07-28,2007473.509342432,-523.149793642523,False,-0.000857636951545282
2014-07-29,2007260.5830349417,-523.1500842812973,False,-0.0001060668081045435
2014-07-30,2008832.6137962034,-51.05172546031008,True,0.0007831722371018923
2014-07-31,2059696.8180055975,-21.07335671272449,True,0.025320279977570248
2014-08-01,2060500.150687565,-21.07337427385508,False,0.0003900247235151255
2014-08-04,2064096.487373505,-638.9666317657975,True,0.001745370746388808
2014-08-05,2030896.0700570736,-199.2666220292649,True,-0.01608472158134322
2014-08-06,2029276.7342924247,165.51922694555333,True,-0.0007973503856371078
2014-08-07,2006202.548142278,-212.04873181006406,True,-0.011370645393119494
2014-08-08,2057650.7879466936,-212.04890851734055,False,0.025644589003266827
2014-08-11,2105578.692340404,-212.0494975426263,False,0.02329253567926215
2014-08-12,2100998.5816657906,-212.0496742505409,False,-0.0021752265499620504
2014-08-13,2170241.1942549096,-212.04990986129008,False,0.03295700111050026
2014-08-14,2196944.8340391307,-212.05014547230104,False,0.01230445715200279
2014-08-15,2230194.122990769,-212.0503221807556,False,0.015134330383029582
2014-08-18,2280788.6577682123,-212.0508523070027,False,0.022686157342031832
2014-08-19,2321890.949444666,-212.05102901604627,False,0.018021087371011824
2014-08-20,2337460.6896620034,5.600807197857648,True,0.00670562940135544
2014-08-21,2354499.2859888156,5.600810309417202,False,0.007289361657361493
2014-08-22,2351604.7683592695,-1915.791786538408,True,-0.0012293559173157664
2014-08-25,2310293.5393105503,-1915.797108187137,False,-0.017567250077291763
2014-08-26,2343938.5871185,-1915.7987046847268,False,0.014563105179262292
2014-08-27,2366569.418015437,-1915.8008333499542,False,0.009655044300780125
2014-08-28,2438826.146524528,-1915.8024298506484,False,0.030532266646834394
2014-08-29,2407642.7746921475,-1915.8040263526732,False,-0.012786221714417234
2014-09-02,2435500.836767754,-1915.8104123740761,False,0.011570679159066177
2014-09-03,2387127.5131778065,-1915.812008882753,False,-0.019861756095368666
2014-09-04,2391910.736574225,-1119.4656520864228,True,0.002003756971512116
2014-09-05,2339505.6333258734,-1119.466584974466,False,-0.021909305580277705
2014-09-08,2346012.513299488,-1119.469072679802,False,0.002781305537770562
2014-09-09,2403333.6229775716,-1338.115332386602,True,0.024433420262309546
2014-09-10,2376764.839873465,-2361.4792726056185,True,-0.011054970833050515
2014-09-11,2376195.289693063,-2361.4805845385476,False,-0.000239632533621581
2014-09-12,2365623.783723234,-2361.481896472206,False,-0.004448921355784008
2014-09-15,2354794.9039593246,-2361.485832277553,False,-0.004577600140148297
2014-09-16,2361307.957824495,294.85852073933347,True,0.002765868846675179
2014-09-17,2376605.4787799725,251.11472299181173,True,0.006478409944279839
2014-09-18,2440722.727164971,251.11486249999118,False,0.026978498937868745
2014-09-19,2408965.6094949953,-142.6866922302579,True,-0.013011358199980116
2014-09-22,2368953.094298032,-1227.3456691290048,True,-0.016609832468862495
2014-09-23,2367172.116867671,-1227.3460100583573,False,-0.000751799364304917
2014-09-24,2378910.4640282285,-1227.3466919172517,False,0.004958805942717248
2014-09-25,2360484.979644247,-1227.3470328468882,False,-0.007745345889471511
2014-09-26,2366031.280258251,-1227.3473737766194,False,0.002349644527219086
2014-09-29,2367792.965636687,233.68575488307397,True,0.0007445740016776004
2014-09-30,2357777.41253642,-156.91170717112254,True,-0.004229910826504146
2014-10-01,2346490.5361159993,-156.91179434429318,False,-0.004787083106491563
2014-10-02,2342566.596961484,-156.91183793090272,False,-0.0016722586748679769
2014-10-03,2349970.899833611,-156.91188151752436,False,0.003160765154651912
2014-10-06,2344850.4372409293,-997.7252480387688,True,-0.0021789472342165217
2014-10-07,2278801.7245116783,-1002.9769287246745,True,-0.02816755886868727
2014-10-08,2296380.1481603277,-1002.9772073293768,False,0.007713889040704691
2014-10-09,2268841.08334505,-591.7075990390731,True,-0.011992380633206512
2014-10-10,2003340.2598691373,136.28623231448,True,-0.11702045834099295
2014-10-13,1939674.3231484336,-230.44326594559266,True,-0.03177989181171981
2014-10-14,2004738.723945279,-169.8131288921868,True,0.033543982110993964
2014-10-15,2006689.5368292967,501816.87661467696,True,0.0009731008139448605
2014-10-16,2019728.8778733208,-35.18069378106702,True,0.006497936429482376
2014-10-17,2091240.2040747306,-35.180713325896896,False,0.03540639884136709
2014-10-20,2158073.3651462765,538835.2946745998,True,0.03195862481092471
2014-10-21,2175702.7321057534,-847.7070696877781,True,0.008169030415831946
2014-10-22,2112862.0699628703,-847.7075406361502,False,-0.028882926520969465
2014-10-23,2207104.663490001,-847.7077761104669,False,0.044604233691784234
2014-10-24,2262914.573235242,-847.708011584849,False,0.02528648082188867
2014-10-27,2277573.479320609,-847.7089534829664,False,0.006477887525559334
2014-10-28,2381317.394215331,-847.709424432385,False,0.04555019446646713
2014-10-29,2366249.121340099,-847.7101308569053,False,-0.006327704535244116
2014-10-30,2352439.5503320666,-847.7103663319415,False,-0.005836059645406788
2014-10-31,2499287.9332746677,-847.7106018070432,False,0.06242387096487656
2014-11-03,2526882.6456522276,-847.7115437080387,False,0.01104102973097798
2014-11-04,2510028.976240436,-847.712250134325,False,-0.006669747580399177
2014-11-05,2537167.993198419,-640.971962147305,True,0.01081223253391772
2014-11-06,2501693.871909233,-640.9724962906067,False,-0.013981778654107435
2014-11-07,2466008.836942873,-412.5932917475293,True,-0.014264349194382353
2014-11-10,2420969.4419308947,-412.5942086221794,False,-0.018264085001339136
2014-11-11,2424592.9582218714,-412.5944378411842,False,0.0014967212011096631
2014-11-12,2444738.077277542,-349.3281349298777,True,0.00830866021752552
2014-11-13,2477817.2720939424,-349.32832900106376,False,0.013530772528907109
2014-11-14,2507747.989070957,29.571481807157397,True,0.012079469020619404
2014-11-17,2491092.081625721,-1363.4852593748656,True,-0.0066417788062533845
2014-11-18,2407722.8658562084,-1584.8047824981622,True,-0.033466934596454
2014-11-19,2407978.104520108,-1896.679607841099,True,0.00010600832326645993
2014-11-20,2373818.160696677,-570.6579651047941,True,-0.014186152174435529
2014-11-21,2319133.220426876,-570.6581236208955,False,-0.02303670145220882
2014-11-24,2269741.0470182616,-618.4213492381386,True,-0.021297686986486708
2014-11-25,2256245.3392525483,-618.4216928055549,False,-0.005945924000203662
2014-11-26,2184742.5883985986,-618.4220363731621,False,-0.03169103537190565
2014-11-28,2283869.748212177,-618.4227235089489,False,0.045372466458960536
2014-12-01,2446105.3695908855,-618.4239259983414,False,0.0710354088737799
2014-12-02,2213716.9588648723,-1190.9620813188376,True,-0.09500343428168856
2014-12-03,2162717.1222403157,-103.70449768257095,True,-0.02303810178637644
2014-12-04,2164972.895908863,-486.29572364132036,True,0.0010430276088120305
2014-12-05,2121713.1061584298,-486.29599380561126,False,-0.019981677291286526
2014-12-08,2201663.9889048818,-486.29693938175507,False,0.037682230700460284
2014-12-09,2235383.400043676,-284.714042721258,True,0.015315421112722438
2014-12-10,2338580.765913119,-284.71427998296025,False,0.046165398681687675
2014-12-11,2457785.1749164895,-1245.9689594875672,True,0.05097297076110441
2014-12-12,2451735.245125597,-1245.9696516925446,False,-0.0024615372623436604
2014-12-15,2440852.6990687493,-1245.9724205159157,False,-0.004438711756697078
2014-12-16,2437266.871719689,-1245.973458826266,False,-0.0014690879750458574
2014-12-17,2438440.6925273566,-1245.9744971374816,False,0.00048161357350218204
2014-12-18,2443306.4148307964,-1245.9758815535895,False,0.001995423681351305
2014-12-19,2449548.37053614,-1245.9772659712357,False,0.002554716701701931
2014-12-22,2452318.520448788,-1245.981765338969,False,0.0011308818988708946
2014-12-23,2439626.6112616374,-1245.9828036571066,False,-0.005175473365844785
2014-12-24,2442261.8902951926,-1245.983149763441,False,0.0010801976914789346
2014-12-26,2451327.380492294,-1245.9838419763976,False,0.0037119238657923326
2014-12-29,2455697.38199641,-1245.9855725101838,False,0.0017827082334624933
2014-12-30,2447273.3013186906,-1245.986610831494,False,-0.0034304229582517998
2014-12-31,2437121.1421161094,-1245.9879952610618,False,-0.004148355313283059
2015-01-02,2437854.2775291186,-1245.9900719084897,False,0.00030082025892763653
2015-01-05,2429826.2276866226,-1245.992494668501,False,-0.003293080278216065
2015-01-06,2423295.0233443747,-1245.9935329955797,False,-0.002687930629700297
2015-01-07,2430451.0253939005,-1245.9945713235238,False,0.0029530048882160376
2015-01-08,2435605.4370061615,-1245.995609652333,False,0.0021207634132127673
2015-01-09,2432488.935905032,-1245.9963018721162,False,-0.0012795591000817064
2015-01-12,2423518.2017484773,-1245.9987246442413,False,-0.003687882819995991
2015-01-13,2421472.5572313783,-1245.9997629765116,False,-0.0008440805254209538
2015-01-14,2422067.548715492,-1246.0011474206926,False,0.00024571473351486794
2015-01-15,2420762.590510988,-1246.002185754982,False,-0.0005387786171346942
2015-01-16,2420670.433964318,-1246.0032240901367,False,-3.806922125748624e-05
2015-01-20,2427694.5547702587,-1246.0073774394082,False,0.0029017253680572175
2015-01-21,2430756.5201103482,-1246.0084157788892,False,0.0012612646570686614
2015-01-22,2441519.4644257366,-1246.0094541192357,False,0.004427816700826925
2015-01-23,2448156.6320656505,-1246.0101463467101,False,0.002718457803274177
2015-01-26,2449838.0929189622,-1246.0125691457552,False,0.0006868273178637363
2015-01-27,2427253.6616630754,-1246.0132613749602,False,-0.00921874442281112
2015-01-28,2426010.9382753526,-1246.01395360455,False,-0.0005119874396940505
2015-01-29,2427312.532880689,-1246.014991949511,False,0.0005365163795434391
2015-01-30,2428074.827272032,-1246.0156841800622,False,0.0003140487189090546
2015-02-02,2429078.3513323744,-1246.0177608740228,False,0.0004133003023922832
2015-02-03,2424711.872018648,-1246.0184531061122,False,-0.0017975868548379959
2015-02-04,2426100.677540015,-1246.0187992223491,False,0.0005727713619889663
2015-02-05,2428719.5367348623,-1246.0194914550154,False,0.0010794519860992668
2015-02-06,2415844.3824617695,-1246.0201836880663,False,-0.005301210814321444
2015-02-09,2407217.809823308,-1246.0219142724238,False,-0.0035708312592844793
2015-02-10,2420358.1773609733,-835.8996627008601,True,0.005458736423452182
2015-02-11,2442899.113161412,-835.8998948952108,False,0.00931305788179504
2015-02-12,2547034.805678962,-835.9003592840413,False,0.04262791367703489
2015-02-13,2603035.8993112,-835.9005914785855,False,0.021986779885133867
2015-02-17,2613315.1704630447,-835.9017524522094,False,0.0039489548163991195
2015-02-18,2613758.079593604,-835.9022168420719,False,0.00016948171256392364
2015-02-19,2648076.3249924625,-835.9026812321923,False,0.013129847657589844
2015-02-20,2700221.1850252114,-835.9031456225708,False,0.019691600102537565
2015-02-23,2686588.672392116,-2981.9023385208275,True,-0.005048665164431032
2015-02-24,2497904.018235134,-2981.903995133238,False,-0.07023205900327822
2015-02-25,2521997.432312343,-2981.9056517465688,False,0.00964545230774383
2015-02-26,2470073.801143174,-1983.1129831231665,True,-0.02058829660328465
2015-02-27,2439460.3510553897,-2036.800271706743,True,-0.012393739034686435
2015-03-02,2305032.353965117,-1408.1330622063251,True,-0.05510562901016802
2015-03-03,2315053.7049432956,-2006.7051651263318,True,0.004347596666458786
2015-03-04,2308523.8083044603,-1253.5981961321086,True,-0.0028206242580429697
2015-03-05,2296958.7480535163,-116.68757172007463,True,-0.005009721021434155
2015-03-06,2218006.76688005,-116.68760413328899,False,-0.03437239838998929
2015-03-09,2239828.871679201,-908.5397253092669,True,0.009838610560168437
2015-03-10,2226584.819469813,-498.2995226607309,True,-0.005912975038784518
2015-03-11,2200306.0927816234,-574.7373251139943,True,-0.011802257187061405
2015-03-12,2203014.590460948,-574.7378040617651,False,0.0012309640409624567
2015-03-13,2201800.1962448205,-574.7382830099351,False,-0.0005512420214491831
2015-03-16,2216549.0775798173,-574.7400391564181,False,0.006698555736415646
2015-03-17,2218847.6602473385,-574.7408374064725,False,0.0010370095978344818
2015-03-18,2231161.3419903736,-574.7413163571703,False,0.005549584121364415
2015-03-19,2234427.953896187,-574.7417953082671,False,0.0014640859198911116
2015-03-20,2247930.80657351,-574.7419549587657,False,0.006043091545546719
2015-03-23,2238522.874149423,-574.7427532117912,False,-0.0041851521392811675
2015-03-24,2235264.908248929,-574.7430725133207,False,-0.0014554088046708769
2015-03-25,2197166.4864807935,-574.7437111167346,False,-0.017044253514444052
2015-03-26,2187474.287911103,-574.7441900698271,False,-0.0044112262904639765
2015-03-27,2194589.581997822,-574.7448286744827,False,0.00325274410128662
2015-03-30,2204892.9765033997,-574.746744492707,False,0.004694907234635615
2015-03-31,2192444.7352342997,-574.7472234483273,False,-0.005645734918545031
2015-04-01,2190629.527379895,-574.7477024043468,False,-0.0008279377925621834
2015-04-02,2185622.122718663,-574.7480217086259,False,-0.0022858290727146846
2015-04-06,2190355.8946374636,-574.7494585800105,False,0.0021658693282773367
2015-04-07,2191833.3454226903,-574.7497778852652,False,0.0006745254453139893
2015-04-08,2201190.958256613,-574.7502568434134,False,0.004269308546411388
2015-04-09,2206606.2586723818,-574.7507358019607,False,0.0024601683899601046
2015-04-10,2210618.6417261143,-574.751055107925,False,0.0018183502552677755
2015-04-13,2207612.431020637,-574.7521726801306,False,-0.0013598956639260251
2015-04-14,2204933.941436926,-574.7524919868931,False,-0.0012132970199270066
2015-04-15,2211892.5027894815,-574.7528112938331,False,0.0031559046834848115
2015-04-16,2208947.407072834,-574.7531306009505,False,-0.0013314822998555798
2015-04-17,2192845.1720963116,-574.7532902545978,False,-0.007289551088887292
2015-04-20,2201783.3260197206,-574.7540885233667,False,0.004076053356226961
2015-04-21,2207118.9655136275,-314.91654151117837,True,0.002423326324099362
2015-04-22,2262394.5828942186,-608.3222862999537,True,0.025044240135795093
2015-04-23,2260142.3768585618,-589.2571861179604,True,-0.0009954965648723002
2015-04-24,2279131.5258336635,-589.2576771656154,False,0.008401749009058213
2015-04-27,2277536.8918437725,-589.2589866280748,False,-0.0006996673828675304
2015-04-28,2281165.7995826937,-589.2593139941785,False,0.001593347511479104
2015-04-29,2239720.605176624,-589.2594776773211,False,-0.018168427044475077
2015-04-30,2155308.5222190693,-589.2596413605092,False,-0.0376886665070878
2015-05-01,2264584.519318099,-589.2598050437429,False,0.05070086067609525
2015-05-04,2264595.8216413883,-589.2604597770867,False,4.990903714530148e-06
2015-05-05,2150254.9505706225,-589.2606234605477,False,-0.05049063059203707
2015-05-06,2115581.2212666185,-589.2609508275607,False,-0.016125403778190384
2015-05-07,2160738.8643945283,-589.2611145111581,False,0.021345265629117982
2015-05-08,2239093.6181986104,-589.261278194801,False,0.03626294463215407
2015-05-11,2217168.0988171613,-589.2619329297817,False,-0.009792140535458516
2015-05-12,2184047.3182585062,-589.2624239813924,False,-0.01493832631649561
2015-05-13,2208107.672532988,-589.2627513494058,False,0.011016407050038923
2015-05-14,2297787.341605419,-589.2629150335033,False,0.04061381163064248
2015-05-15,2298364.8285515197,-589.2632424017894,False,0.00025132306007802363
2015-05-18,2340727.803381086,-589.2642245077391,False,0.018431788680069783
2015-05-19,2330746.1883771005,-589.2645518767526,False,-0.004264321118229719
2015-05-20,2337671.4985808604,-589.2648792459481,False,0.0029712845775722307
2015-05-21,2374195.5695335083,-589.2652066153255,False,0.015624124679118001
2015-05-22,2375587.7491891645,-589.2655339848848,False,0.0005863795188236764
2015-05-26,2299461.995117741,-589.2668434649404,False,-0.032045018794783164
2015-05-27,2455230.866323853,-589.2670071501747,False,0.06774144192721732
2015-05-28,2446617.8232308375,-589.2671708354544,False,-0.003508037965452737
2015-05-29,2425226.0282705696,-589.2673345207796,False,-0.008743414994017873
2015-06-01,2440623.9394316403,-1542.8788683528546,True,0.006349062306596931
2015-06-02,2462266.495794959,-803.6809840405185,True,0.008867632581018858
2015-06-03,2445063.8751014955,-288.67575185897294,True,-0.006986498302617439
2015-06-04,2384160.978780556,-288.67591223439064,False,-0.024908509319991223
2015-06-05,2376093.6995265647,-288.6761527976508,False,-0.0033836973785711377
2015-06-08,2287691.409295397,-288.6767943006802,False,-0.037204883902003494
2015-06-09,2278927.406433197,-288.67695467667704,False,-0.0038309375235617837
2015-06-10,2369489.1418119436,-288.677115052763,False,0.039738753908131974
2015-06-11,2380670.044134431,-288.6771952408505,False,0.004718697429412
2015-06-12,2321529.668862949,-288.6773556170701,False,-0.02484190340328507
2015-06-15,2285792.7387336073,-288.6778367462634,False,-0.015393699511428216
2015-06-16,2317974.6210672613,-327.1376745373709,True,0.014079090281599038
2015-06-17,2323489.287555881,-296.4382228057948,True,0.002379088381080141
2015-06-18,2411553.288144825,-296.43830514974553,False,0.037901616788420966
2015-06-19,2378009.3468558695,-296.4383874937192,False,-0.013909682798160516
2015-06-22,2433549.3208878706,-296.4386345257772,False,0.023355658423056314
2015-06-23,2431476.1327092675,-296.4387168698423,False,-0.0008519195238034794
2015-06-24,2383881.4772935985,-296.43879921393034,False,-0.019574387252009218
2015-06-25,2369339.682569489,-889.7045152425999,True,-0.006100049378553352
2015-06-26,2355312.100015057,-1135.5709823284124,True,-0.005920460733270461
2015-06-29,2162633.6997183273,-1135.572244074386,False,-0.0818058890350446
2015-06-30,2181472.3969109487,-146.08059843612136,True,0.00871099770389927
2015-07-01,2212374.5112762745,-313.3171005877666,True,0.014165714133758556
2015-07-02,2221552.9462533775,-257.48303644599014,True,0.0041486804925301435
2015-07-06,2178596.0523744426,-257.4833940614972,False,-0.019336425877844232
2015-07-07,2185957.69012349,546640.3734812785,True,0.003379074216637745
2015-07-08,2086476.1350307274,521410.63402597775,True,-0.04550936897920599
2015-07-09,2048984.4669738142,-91.15346600674093,True,-0.017968893785771045
2015-07-10,2156597.108619089,-91.15349132714815,False,0.052519988989574884
2015-07-13,2230918.0947781466,557604.5774116602,True,0.03446215608006953
2015-07-14,2264270.5895371814,557604.7323018205,False,0.014950120686681556
2015-07-15,2260616.4833713924,557605.0420822274,False,-0.0016138116100937738
2015-07-16,2320125.6203080323,557605.3518628064,False,0.026324295772580664
2015-07-17,2371888.1922682133,557605.8165339328,False,0.022310245405293472
2015-07-20,2380089.4924534545,557607.3654403983,False,0.0034577094367160832
2015-07-21,2373640.0291163325,557607.8301132028,False,-0.002709756653088591
2015-07-22,2300084.823741586,557608.4496774585,False,-0.03098835732144689
2015-07-23,2299128.3601647783,-620.8931899329182,True,-0.0004158383929735443
2015-07-24,2191907.2578253276,547050.2595817897,True,-0.046635544233713966
2015-07-27,2199178.758169809,547052.2350434242,False,0.0033174306615946225
2015-07-28,2182497.112615056,-66.34905378322583,True,-0.0075853977275752715
2015-07-29,2178925.540514655,544403.2771097444,True,-0.0016364613175233744
2015-07-30,2195930.9925629734,544404.335671672,False,0.007804512697713317
2015-07-31,2177800.2489875536,544405.5454590847,False,-0.008256517912823225
2015-08-03,2163698.059176215,540402.8037548701,True,-0.006475428505389624
2015-08-04,2170791.683426624,540404.0046499895,False,0.003278472345217054
2015-08-05,2158661.3246640777,540405.2055477777,False,-0.005587988407712352
2015-08-06,2169819.507842035,540405.8059980061,False,0.005169029087827681
2015-08-07,2170312.1864765105,540406.7066743495,False,0.00022705973132541857
2015-08-10,2145307.886835533,540410.309393233,False,-0.01152106125412844
2015-08-11,2165395.050731444,540411.8105329814,False,0.009363301192883977
2015-08-12,2158382.8438531,540413.3116768996,False,-0.003238303733988368
2015-08-13,2164796.457790709,540414.8128249876,False,0.0029714904174087398
2015-08-14,2166574.597473909,540416.1638620195,False,0.0008213888547354831
2015-08-17,2160542.3546159826,540420.3671097328,False,-0.002784230399894727
2015-08-18,2169864.3758315793,540421.4179271132,False,0.004314667192559352
2015-08-19,2180558.823469532,540422.1685124158,False,0.004928624921018088
2015-08-20,2215562.149959226,540422.4687469539,False,0.01605245688075474
2015-08-21,2260582.924771278,-1683.248210412101,True,0.020320249112795397
2015-08-24,2151673.81298873,-1492.92723859963,True,-0.048177445998167645
2015-08-25,2092147.460416236,-1492.930141513705,False,-0.02766513781650326
2015-08-26,2399487.647233317,-1492.9326297306075,False,0.14690178041080104
2015-08-27,2596073.2123219287,647671.378226185,True,0.08192814216621658
2015-08-28,2591800.794964533,647628.9277166026,True,-0.0016457229854371924
2015-08-31,2598562.103891484,649361.6258231433,True,0.0026087301694202036
2015-09-01,2645250.9481527624,649362.1669578314,False,0.017967184309876316
2015-09-02,2577473.0359951663,649362.7080929704,False,-0.0256224885600842
2015-09-03,2600163.712261341,649659.3030845736,True,0.008803458251276597
2015-09-04,2584754.7138079773,649659.6640064087,False,-0.005926164718283333
2015-09-08,2588329.259865171,649661.8295410281,False,0.001382934341157327
2015-09-09,2583810.223063508,645790.967202196,True,-0.001745928105722605
2015-09-10,2590312.8433379387,647339.1965280093,True,0.0025166787469090846
2015-09-11,2587173.3251981162,647339.9157937831,False,-0.0012120227670171513
2015-09-14,2592741.198352855,647868.1956192262,True,0.0021521067415584128
2015-09-15,2620416.861763746,654880.6129472828,True,0.010674286900857366
2015-09-16,2645297.331203451,654881.704414971,False,0.009494851679040961
2015-09-17,2635703.4882999975,654881.8863265555,False,-0.0036267540855563496
2015-09-18,2569517.2851784998,642196.8624125017,True,-0.025111399448117466
2015-09-21,2598500.423592902,642196.6840244348,False,0.011279604376114749
2015-09-22,2510461.3625904154,627383.6675995619,True,-0.03388071835707318
2015-09-23,2510827.762513433,627459.8098654746,True,0.00014594923804756021
2015-09-24,2506905.55060013,627459.9841598661,False,-0.0015621190636256888
2015-09-25,2508310.197884969,626775.6103945309,True,0.0005603112109677788
2015-09-28,2557775.8010054436,638447.2229219464,True,0.019720688119908125
2015-09-29,2574277.3002151717,643038.8142144729,True,0.006451503373845924
2015-09-30,2556856.847053664,643038.6355925801,False,-0.006767123790452523
2015-10-01,2548984.972515848,636278.0599722228,True,-0.0030787310392002
2015-10-02,2631559.48932386,657263.5231772524,True,0.032395058306880165
2015-10-05,2668595.2555913986,657263.7057504532,False,0.014073695243368434
2015-10-06,2668608.9242987223,666568.7789866353,True,5.122060865225819e-06
2015-10-07,2704547.282523158,666568.7789866353,False,0.013467075635250625
2015-10-08,2737711.5968801198,666568.5938286411,False,0.012262427272494048
2015-10-09,2747906.281461667,666568.7789865838,False,0.0037237978584614417
2015-10-12,2774209.557128817,666569.3344607203,False,0.009572115266303305
2015-10-13,2726157.006493996,666569.5196188687,False,-0.017321168298675027
2015-10-14,2739832.8969638785,666569.5196188687,False,0.005016545429080255
2015-10-15,2827739.5548738064,666569.7047770686,False,0.03208467859749442
2015-10-16,2847468.8568374733,666569.8899353198,False,0.006977057674799614
2015-10-19,2889450.561922563,666570.6305687878,False,0.014743516855076688
2015-10-20,2855544.532496464,666571.0008858048,False,-0.011734421025545672
2015-10-21,2814047.003489654,666571.186044416,False,-0.014532264699276376
2015-10-22,2946470.320733247,666571.186044416,False,0.04705796210204616
2015-10-23,3077316.3142673145,-970.3056254000403,True,0.044407707966155785
2015-10-26,3159607.9509105524,-1643.8543415814638,True,0.026741364305550963
2015-10-27,3051081.17153706,-1643.8557114600817,False,-0.03434817897018416
2015-10-28,2903770.630809845,-1643.8575379664278,False,-0.04828142302520366
2015-10-29,2965239.7090173303,-1643.8607343560848,False,0.021168709937100738
2015-10-30,3037623.168550322,759169.2014976123,True,0.024410660397158557
2015-11-02,2850560.1809577914,-2390.8510143992025,True,-0.061582025555133146
2015-11-03,2874653.797979158,-3154.624885325873,True,0.008452239381689264
2015-11-04,3018552.617782345,-3154.6292667493244,False,0.050057791273629526
2015-11-05,2910742.121146986,-3154.633648178861,False,-0.03571595737647437
2015-11-06,2804643.7750510722,700939.3571780986,True,-0.036450616949228465
2015-11-09,2971528.752479936,-367.342121672993,True,0.059503092304770355
2015-11-10,2828788.923099111,-2989.753981227055,True,-0.04803582306302756
2015-11-11,2816426.0822432376,703001.8197848799,True,-0.00437036526653567
2015-11-12,2830563.606892843,703004.5536808458,False,0.005019668273468447
2015-11-13,2847803.0043461127,711852.9991324596,True,0.006090446938302074
2015-11-16,2832683.9905005144,711861.1063778759,False,-0.005309009725224967
2015-11-17,2833203.1600780357,708105.6398715845,True,0.00018327832517228693
2015-11-18,2821412.2831036234,708108.0002237174,False,-0.004161677192992874
2015-11-19,2820576.4951247373,708110.1638870514,False,-0.00029623036090520305
2015-11-20,2815626.0722588934,59.747871931351256,True,-0.0017551103025925663
2015-11-23,2811593.517505716,59.748469412048316,False,-0.0014322053602601192
2015-11-24,2812340.7944957986,703020.4379484511,True,0.0002657841488926671
2015-11-25,2814935.5243544695,-40.622749035886955,True,0.0009226228427754446
2015-11-27,2814689.187743481,-1093.902341668174,True,-8.751056955214054e-05
2015-11-30,2833306.3705808576,-1177.0243619655666,True,0.0066142943662999
2015-12-01,2850729.7983600507,-1177.0312279410114,False,0.006149503618848362
2015-12-02,2842817.3535278407,-1177.0380939565075,False,-0.002775585689237081
2015-12-03,2814446.660879592,-1177.0449600120555,False,-0.009979780309502306
2015-12-04,2834459.113289107,-1177.052153064589,False,0.00711061704870275
2015-12-07,2828945.8040738613,-1175.1252949278569,True,-0.0019451009857214263
2015-12-08,2798638.669714459,-1175.1341083675688,False,-0.010713225511693403
2015-12-09,2676032.150279053,-1175.1425954472404,False,-0.04380934229280675
2015-12-10,2707344.065605838,-1175.1504297312101,False,0.011700874118242499
2015-12-11,2514825.532888674,-1175.1576112060586,False,-0.07110974004483717
2015-12-14,2545548.893572239,635365.8014323113,True,0.012216895479136625
2015-12-15,2548084.5841957023,636977.3879283798,True,0.0009961272517160502
2015-12-16,2594519.007084124,648514.178726248,True,0.01822326589016221
2015-12-17,2558483.5947558004,-634.510307359742,True,-0.01388905312696942
2015-12-18,2424100.7542049475,605155.5096324305,True,-0.05252440970358441
2015-12-21,2425121.6704634223,605892.6773241118,True,0.0004211525683097683
2015-12-22,2402411.845998465,600140.7782490895,True,-0.009364406224046329
2015-12-23,2406563.168998064,601611.1746396619,True,0.0017279814060664478
2015-12-24,2405564.616399529,-910.5553349362453,True,-0.00041492889586225434
2015-12-28,2405154.6845170455,-1069.0150513949338,True,-0.00017040984045435525
2015-12-29,2499867.839817514,-1069.0218812133178,False,0.03937923656643605
2015-12-30,2432054.481827381,-1069.0281171742915,False,-0.027126777227984733
2015-12-31,2339719.9944165144,-1069.0328684103679,False,-0.03796563280173271
2016-01-04,2220526.4903822592,554335.7542441874,True,-0.05094349081030958
2016-01-05,2222242.738811798,555175.2364865403,True,0.0007729015785096216
2016-01-06,2264849.4484217055,555178.4750087531,False,0.019172842311856897
2016-01-07,2398589.9923388427,555181.5593336143,False,0.059050522766683766
2016-01-08,2433562.349810574,-2156.515856884187,True,0.014580381633974238
2016-01-11,2471140.5232160077,-2156.5523980536514,False,0.015441631650965792
2016-01-12,2548340.414738999,-2156.56497794264,False,0.031240591458765454
2016-01-13,2321522.395003606,578774.6531811417,True,-0.0890061698286192
2016-01-14,2345736.400630682,-2246.660556919058,True,0.010430227026536176
2016-01-15,2107832.1387708443,525642.9183166072,True,-0.10141986192305064
2016-01-19,2102620.650440328,-1593.9050704118563,True,-0.0024724399228277516
2016-01-20,2137074.7564539993,534062.3507845134,True,0.01638626825359868
2016-01-21,2178558.657148352,544331.1381516473,True,0.019411534654588225
2016-01-22,2273946.173804931,567158.6847582628,True,0.04378469055381662
2016-01-25,2270533.493261078,567124.4057984854,True,-0.001500774549180517
2016-01-26,2263034.880898332,565395.2927937022,True,-0.0033025772951605914
2016-01-27,2325944.5608866964,581237.4777584601,True,0.027798811463034756
2016-01-28,2313743.7267460804,577855.4249233918,True,-0.005245539530815302
2016-01-29,2324114.4798998544,580968.1020880109,True,0.004482239339600014
2016-02-01,2343209.3008228624,580984.0788571367,False,0.008215955405015407
2016-02-02,2279945.987721914,569024.7856451565,True,-0.026998575448950457
2016-02-03,2267854.3954202845,565850.978011573,True,-0.005303455593573592
2016-02-04,2301210.684870526,565855.5362555624,False,0.014708302930559247
2016-02-05,2232424.0494545554,557982.8076033661,True,-0.029891498361368396
2016-02-08,2201036.9207117255,549894.330831731,True,-0.014059662522672878
2016-02-09,2207328.128021936,549898.9132844879,False,0.0028582924943285626
2016-02-10,2212706.2025468447,549903.64852513,False,0.002436463549136292
2016-02-11,2198021.7994452743,549907.9255535074,False,-0.006636399845884933
2016-02-12,2247702.0161078833,549912.3553673521,False,0.02260224019395407
2016-02-16,2317696.4293121034,579034.8220438835,True,0.031140432629687353
2016-02-17,2294523.4699476636,573577.050587453,True,-0.009998272021896182
2016-02-18,2289190.1167792487,571877.1732961977,True,-0.0023243837939633805
2016-02-19,2307282.9510314045,571881.9389393085,False,0.007903596175581784
2016-02-22,2380595.9503424135,571896.7126831497,False,0.03177460279773503
2016-02-23,2301015.2469894285,571901.7962094847,False,-0.03342889974316665
2016-02-24,2343139.8249275456,571907.0386426166,False,0.01830695298226792
2016-02-25,2392282.9000876816,571912.1222607379,False,0.020973172252601424
2016-02-26,2388346.090142469,571917.2059240469,False,-0.0016456289283630632
2016-02-29,2353577.9627217706,571932.6160538191,False,-0.014557407556718194
2016-03-01,2498335.7995370906,624345.2456513036,True,0.06150543517492668
2016-03-02,2499760.5472730617,624703.1972206413,True,0.0005702787176307123
2016-03-03,2452308.663763765,624707.8824946204,False,-0.018982571575129947
2016-03-04,2467261.442551906,624712.7413337065,False,0.006097429336318516
2016-03-07,2450554.35184321,624728.0122137775,False,-0.006771512098618926
2016-03-08,2468922.9450759077,624733.0447449869,False,0.007495688972938508
2016-03-09,2471600.519649929,624738.2508536931,False,0.001084511195200033
2016-03-10,2443748.6672563,610707.3854238571,True,-0.011268751633687901
2016-03-11,2528451.8903981713,610712.8139339498,False,0.03466118438315968
2016-03-14,2535615.4664813657,633633.026378983,True,0.0028331866271207318
2016-03-15,2551657.2400047914,637574.6812948165,True,0.006326579773425323
2016-03-16,2607347.8284586696,637580.1715212387,False,0.02182526225731385
2016-03-17,2627037.693155444,54.7994947162224,True,0.007551683163198986
2016-03-18,2666377.5593948853,-542.6862536727494,True,0.014974991162836515
2016-03-21,2646787.1601732895,-545.2749470378039,True,-0.007347196256047739
2016-03-22,2619345.051918375,-545.2794909956959,False,-0.010368082733602901
2016-03-23,2706187.597643267,-545.2840349914543,False,0.0331542977361039
2016-03-24,2690048.701324011,-1231.747760556871,True,-0.005963701974434632
2016-03-28,2685560.0985556487,-1231.7874506865187,False,-0.0016685953552265653
2016-03-29,2807305.548636659,-1231.7953204396758,False,0.04533335528275373
2016-03-30,2864492.36648211,-593.1278033624458,True,0.020370713787540407
2016-03-31,2852469.798716878,-1429.7185592790192,True,-0.00419710239269977
2016-04-01,2780037.059790893,-1227.1355489973212,True,-0.02539299064921474
2016-04-04,2779484.6250985283,-2281.9916091311316,True,-0.00019871486619904566
2016-04-05,3043617.9600814544,-2285.0504233345855,True,0.09502960822226636
2016-04-06,3039858.537544803,-464.1491514549416,True,-0.0012351821371663352
2016-04-07,2893913.1428787084,-464.1521168522981,False,-0.048010587618978584
2016-04-08,2909463.7386975875,-464.15508226860015,False,0.005373553058130254
2016-04-11,2887549.093324046,-464.1639786311811,False,-0.007532194019833849
2016-04-12,2931213.1070677117,-464.1668151888283,False,0.015121479265795212
2016-04-13,3070501.599852324,-464.16978069903644,False,0.04751906043568144
2016-04-14,3049373.0420985813,-464.1726172921407,False,-0.006881142076186841
2016-04-15,3012097.4095310667,-464.17545390257976,False,-0.01222403164614505
2016-04-18,3055868.444716332,-464.18396383790633,False,0.01453174623329323
2016-04-19,2988051.5425561736,-464.18667157769534,False,-0.02219235002652531
2016-04-20,3015473.188897701,-1479.4308497208112,True,0.00917709950815282
2016-04-21,3044192.893019595,-1479.4403016401288,False,0.00952411191306024
2016-04-22,2938864.613334882,-1564.2201472290326,True,-0.03459973903960989
2016-04-25,2916508.697885247,-546.1024733008817,True,-0.007606990586839779
2016-04-26,2940647.1859926134,-546.106113984037,False,0.008276501326695662
2016-04-27,2954960.2042933507,-486.50793976837303,True,0.004867302126183359
2016-04-28,2855851.492421553,-486.5109128724494,False,-0.03353977888697102
2016-04-29,2778731.440490103,-486.51388599469476,False,-0.027004223481543188
2016-05-02,2810420.10411893,702595.6259929078,True,0.011404003700061782
2016-05-03,2785950.176663893,702599.7244673927,False,-0.008706857533211654
2016-05-04,2770189.8814929565,692064.4910245117,True,-0.005657062822928438
2016-05-05,2774003.97660218,693228.6700990077,True,0.0013768352612593127
2016-05-06,2799228.853546167,693232.3288058776,False,0.009093309583097398
2016-05-09,2804907.2273426047,693244.2678751888,False,0.0020285493232339302
2016-05-10,2863000.3380148215,693248.8895036414,False,0.020711241393625235
2016-05-11,2832826.35512081,-117.4117531061529,True,-0.010539287227235739
2016-05-12,2778551.0335823977,694845.423020785,True,-0.01915942409964544
2016-05-13,2767595.1963137626,694850.8273740752,False,-0.003943003794502853
2016-05-16,2825123.2820530017,694867.0406861502,False,0.02078630784439217
2016-05-17,2782552.102652057,694872.4452075778,False,-0.015068786438943826
2016-05-18,2810981.116997867,702422.266681662,True,0.010216884822646932
2016-05-19,2800204.373817827,702428.120200551,False,-0.003833801342482679
2016-05-20,2849434.265233785,702434.3640060639,False,0.01758082084160062
2016-05-23,2861420.422147955,-940.3596942382865,True,0.004206504098169361
2016-05-24,3039916.8523952146,-940.3688366242026,False,0.06238035797384489
2016-05-25,3101364.766632972,-940.3774566718715,False,0.020213682551659673
2016-05-26,3128509.745960303,-940.3852931506772,False,0.008752591639454854
2016-05-27,3182679.597309749,-940.3933909129237,False,0.017314905737274122
2016-05-31,3208994.025436966,-940.4265663406269,False,0.008268010436696116
2016-06-01,3222585.619996147,-640.1250321420375,True,0.00423546895115523
2016-06-02,3190722.2251289985,-640.1300108922876,False,-0.009887524684972337
2016-06-03,3168765.7048956896,-640.135167495153,False,-0.006881363742787472
2016-06-06,3165863.7133556874,-640.1504597347974,False,-0.0009158113316862782
2016-06-07,3183142.471168425,-640.1554386828176,False,0.005457833746868035
2016-06-08,3193054.959779944,-640.1597063857422,False,0.003114057476629517
2016-06-09,3214585.4783168067,-640.1641519392588,False,0.0067429213740646254
2016-06-10,3252337.325964371,-640.1685975236472,False,0.011743924030706454
2016-06-13,3436498.4641004372,-1102.5049135518493,True,0.05662424271487865
2016-06-14,3439839.5081776995,-2629.192490742542,True,0.0009722233582132311
2016-06-15,3444985.7781527434,-1525.0828968959977,True,0.0014960785126194587
2016-06-16,3458833.6529509393,-1700.7113668293196,True,0.004019719003200528
2016-06-17,3467009.164264686,-1700.7236497447468,False,0.002363661318829813
2016-06-20,3455190.930842628,-1700.7614438834105,False,-0.003408769017362756
2016-06-21,3447633.8829634925,-1700.7741995942395,False,-0.0021871578243846113
2016-06-22,3449580.1813735617,-1892.7921542449621,True,0.0005645316400000322
2016-06-23,3378233.9492402356,-562.3496829170617,True,-0.020682584077497013
2016-06-24,2986767.0473298375,-1976.4964005778893,True,-0.1158791569181995
2016-06-27,2859344.1816434353,-1875.6606215765933,True,-0.04266247205329188
2016-06-28,3008846.4168789485,-988.4849514060916,True,0.052285498260508545
2016-06-29,3162986.040892945,-2161.014889562037,True,0.051228810865622254
2016-06-30,3155626.5101415794,-2161.030496891795,False,-0.0023267667502219203
2016-07-01,3147221.9474896374,-2409.1060682440875,True,-0.002663357854591264
2016-07-05,3071336.610921396,-1579.5418837841135,True,-0.024111847792867236
2016-07-06,3069754.697261211,-2245.159797027125,True,-0.0005150570779379748
2016-07-07,3071467.3491165726,-693.9375052573159,True,0.0005579116327729672
2016-07-08,3096014.561482352,-693.9427097886053,False,0.007992014752440602
2016-07-11,3103765.5957023315,-787.5280090516353,True,0.002503552249530916
2016-07-12,3081595.600664066,-787.5343530272637,False,-0.0071429347206384275
2016-07-13,3051967.426111926,-787.5411345730814,False,-0.009614556350533321
2016-07-14,3063806.0716256853,-811.6566295847588,True,0.0038790209267867137
2016-07-15,3047946.197662203,-811.6636188501801,False,-0.00517652670982105
2016-07-18,3080799.716894698,-811.6848124735577,False,0.010778903924778538
2016-07-19,3052648.085658263,-646.4960253615864,True,-0.009137767405669073
2016-07-20,3028752.785130321,-1516.94717344729,True,-0.007827728535170886
2016-07-21,2984983.0230570594,-1816.7155741478782,True,-0.014451414551940212
2016-07-22,2930567.9902112745,-1484.6405887392466,True,-0.01822959541996183
2016-07-25,2944960.9825949967,-1484.6801795068625,False,0.004911332012018876
2016-07-26,3060599.7049552444,-357.1614280465292,True,0.039266639878654974
2016-07-27,3058657.647351822,-357.16450360327065,False,-0.0006345349900799269
2016-07-28,3041613.45638487,-2521.8225397756614,True,-0.005572441551838447
2016-07-29,2864847.4824422905,-2521.8414534447097,False,-0.058115857414924754
2016-08-01,2781309.741423254,-2521.8995963470184,False,-0.029159577091280475
2016-08-02,2957602.0929414914,-2521.9199116493223,False,0.06338465252274461
2016-08-03,2834149.096715941,-2947.6681958946865,True,-0.041740907784782455
2016-08-04,2881024.4758268995,-2947.6894846094347,False,0.016539489459208356
2016-08-05,2973864.830569524,-2947.711592280569,False,0.03222477126508183
2016-08-08,2968779.711939496,-3249.1162931657163,True,-0.0017099360326521262
2016-08-09,2888358.3472509803,-3249.1424666025223,False,-0.027089030676505366
2016-08-10,3004602.1603801516,-3249.167737710596,False,0.040245634077851644
2016-08-11,2976644.010686783,-3249.1930090152227,False,-0.009305108696930131
2016-08-12,2930703.253822253,-3249.2182805164043,False,-0.015433742395661976
2016-08-15,2849347.7504922794,-3249.296803923311,False,-0.0277597205462099
2016-08-16,3015095.8631602046,-3249.3211736493404,False,0.058170545395622275
2016-08-17,2878232.839691723,-2722.242920942139,True,-0.0453925943585195
2016-08-18,2901692.331196896,-2722.2648501212243,False,0.00815065799460668
2016-08-19,2921494.0833142847,-742.604468239937,True,0.00682420803353101
2016-08-22,2927534.1841712515,-742.6224146591535,False,0.002067469823561874
2016-08-23,2943429.9588903976,-742.6286031792757,False,0.005429748627733266
2016-08-24,2928471.699773364,-2375.29751704543,True,-0.0050819144080033185
2016-08-25,2925356.5994056338,-2744.447828195989,True,-0.0010637290324407855
2016-08-26,2943735.96767293,-2744.4729856344143,False,0.00628277874602734
2016-08-29,2966436.190970826,-2744.5484593333563,False,0.007711365267531356
2016-08-30,2943307.1925914614,-286.10333437868394,True,-0.007796897317314366
2016-08-31,2944626.709675441,-593.1441775144485,True,0.0004483110316519934
2016-09-01,2949119.9069331735,-593.1496146694091,False,0.0015258970663305504
2016-09-02,2891772.168552273,-483.6727543894085,True,-0.019445712684004524
2016-09-06,2879085.2215971886,-1502.6616524200072,True,-0.004387256746244961
2016-09-07,2829272.4946799935,-1310.9770461073786,True,-0.01730158126043979
2016-09-08,2804422.678279573,-98.4221473892103,True,-0.008783111717640013
2016-09-09,2851942.988241103,-601.0609229134279,True,0.01694477452688492
2016-09-12,3008642.3299140437,-662.1988139301648,True,0.05494476653952418
2016-09-13,2956763.54828984,-542.636506234534,True,-0.01724325324695064
2016-09-14,3009239.1398325306,-542.6414804025078,False,0.017747645588042316
2016-09-15,3168061.194021196,-542.6458516810999,False,0.052778143181237525
2016-09-16,3163402.5018644272,-542.6502229949051,False,-0.0014705183616909867
2016-09-19,3151909.8633079,-542.6634878862035,False,-0.003632999136137127
2016-09-20,3149281.0351328882,-542.6680100819359,False,-0.0008340429419045892
2016-09-21,3264635.9840008453,-542.6713263864419,False,0.03662897898951378
2016-09-22,3330172.728651013,-542.6740397430739,False,0.020074747987630648
2016-09-23,3256105.706300189,-542.6767531132726,False,-0.022241195393137292
2016-09-26,3163323.282092086,-542.68594852062,False,-0.028494905441361906
2016-09-27,3285927.7303528506,-542.6898679191371,False,0.0387581152248464
2016-09-28,3307187.89269302,-542.6939380931465,False,0.006470063886002242
2016-09-29,3283997.1108743353,-542.6978575493661,False,-0.007012235945203726
2016-09-30,3381056.8816806814,-542.7020785327026,False,0.0295553764298242
2016-10-03,3351880.7511083623,-542.7153446913819,False,-0.008629293026805263
2016-10-04,3331184.3233130598,-542.7203195820416,False,-0.006174571630705783
2016-10-05,3378799.6455552536,-542.7251437626602,False,0.014293811936181733
2016-10-06,3400903.6491422798,-542.7299679861603,False,0.006541969310344786
2016-10-07,3380285.4555769595,-542.7347922525424,False,-0.006062563275063715
2016-10-10,3407756.739148703,-542.7492653089846,False,0.008126912337069081
2016-10-11,3245069.438608791,-542.7545420379529,False,-0.04774029163259841
2016-10-12,3232339.0127276583,-542.7599695833733,False,-0.003923005692781367
2016-10-13,3161890.5482809367,-542.7643418164615,False,-0.021794887284199982
2016-10-14,3197247.7560660513,-542.769015620516,False,0.011182299717596988
2016-10-17,3168562.855594347,-542.7834895894636,False,-0.008971747784412676
2016-10-18,3260681.002616892,-542.7886158779763,False,0.02907253263412568
2016-10-19,3254299.6807145844,-542.7937422149041,False,-0.0019570518849241214
2016-10-20,3266433.3362845336,-542.7988686002473,False,0.003728499757368553
2016-10-21,3283865.2643105867,-542.8038442565428,False,0.005336685684784737
2016-10-24,3418887.164701285,-542.8187714990919,False,0.04111676013572518
2016-10-25,3392541.882733966,-542.8238981208227,False,-0.007705806216515065
2016-10-26,3341525.7133074873,-542.8288740065555,False,-0.015037741961601458
2016-10-27,3297939.1808412992,-542.8332467947072,False,-0.013043901560477744
2016-10-28,3240393.8625925737,-542.8376196180841,False,-0.017448871884303774
2016-10-31,3241734.345398228,-542.8514922528544,False,0.0004136789731423729
2016-11-01,3161509.412834893,-743.8843797309528,True,-0.024747534503318458
2016-11-02,3050142.2406333056,-474.5913378233963,True,-0.035225949905278164
2016-11-03,2976457.487492744,-503.02112084420514,True,-0.02415780882574925
2016-11-04,3012874.080527113,-1187.7917690519243,True,0.012234877597746108
2016-11-07,3223474.8645092594,-1357.7472417699173,True,0.06990029398948572
2016-11-08,3276890.0102921617,-427.30716625927016,True,0.016570672342138604
2016-11-09,3286522.434021082,-427.3123889024134,False,0.0029395016917461714
2016-11-10,3119829.272507501,-432.83412495147786,True,-0.05072022627565964
2016-11-11,3186960.071505467,-1342.4846622074801,True,0.02151745917301784
2016-11-14,3125782.512579001,-1342.5398539982261,False,-0.01919621129660609
2016-11-15,3070009.722596119,-1342.5585003850874,False,-0.017842824879350072
2016-11-16,3114637.858953231,-1342.575655299259,False,0.014536806195966312
2016-11-17,3064614.941179651,-375.0534927274857,True,-0.016060588755057337
2016-11-18,3050669.7509149737,-375.0579725330933,False,-0.00455038904799876
2016-11-21,2998760.9660656755,-375.0717248267482,False,-0.01701553727135796
2016-11-22,3039038.1147668925,-872.1413584708935,True,0.013431263497490464
2016-11-23,3034622.8622726016,-872.1534715453167,False,-0.001452845383161483
2016-11-25,3021406.111163141,-599.08718071779,True,-0.004355319164623506
2016-11-28,3055801.7134791096,-599.1111445245335,False,0.01138397191588636
2016-11-29,3028034.081515517,-537.5813505023543,True,-0.009086856598420567
2016-11-30,2999844.573141291,-537.5885182536944,False,-0.009309508286682644
2016-12-01,3095518.9044210026,-848.6247481493629,True,0.0318930961078181
2016-12-02,3117357.694654725,-848.636063146005,False,0.007054969104705711
2016-12-05,3022351.0764326183,-848.6702447796649,False,-0.030476649627026342
2016-12-06,2980078.785841101,-848.6817961246633,False,-0.013986558650033731
2016-12-07,3056744.479473586,-848.693819116775,False,0.025726062678858685
2016-12-08,3076614.1420671684,-1687.611967695877,True,0.006500269396741976
2016-12-09,3052455.707045211,-1687.6368130942901,False,-0.007852279781086047
2016-12-12,3068788.5513710026,-1687.7104138806144,False,0.00535072279283022
2016-12-13,3143773.7383331764,-1687.7357295368229,False,0.024434784510869445
2016-12-14,3122994.9165096725,-1687.761045572766,False,-0.006609515681787137
2016-12-15,3054369.1022889875,-1299.8816347333486,True,-0.021974359887009576
2016-12-16,3003485.659769802,-723.4667710140347,True,-0.016659231682592868
2016-12-19,2891037.5899241003,-512.1666865736479,True,-0.03743918985593564
2016-12-20,2873679.8637031736,-512.1740845368985,False,-0.006003978046298042
2016-12-21,2840962.1027461635,-680.4494996576104,True,-0.011385318653709842
2016-12-22,2882843.997112841,-455.908482729923,True,0.014742151726062414
2016-12-23,2883746.279249258,-455.91494143342834,False,0.0003129833377457647
2016-12-27,2887990.024036114,-455.94077716244567,False,0.001471608240084521
2016-12-28,2905544.9589390648,-831.7698224640246,True,0.006078599564695475
2016-12-29,2947482.2954460317,-2352.752732320514,True,0.014433552775683145
2016-12-30,2932850.118329666,-594.2947765333029,True,-0.004964296864131468
2017-01-03,2840877.6848657625,-555.2592507316149,True,-0.0313594045904686
2017-01-04,2847232.524977107,-1374.8462241094385,True,0.002236928448274611
2017-01-05,2850022.417371035,-1374.8657010976133,False,0.00097986110001691
2017-01-06,2883435.9202202824,-597.4575195253419,True,0.01172394386991149
2017-01-09,2900749.499622877,-543.3854129101239,True,0.006004495983830349
2017-01-10,2910949.5566142662,-495.3979499639827,True,0.003516352236797804
2017-01-11,2941184.289855638,-495.40496810160715,False,0.01038655347794415
2017-01-12,2910678.3533639507,-495.41198633865525,False,-0.0103719908327079
2017-01-13,2943561.961849951,-495.4191422895691,False,0.011297575511219238
2017-01-17,2886160.914366912,-495.4480423716604,False,-0.019500539899273583
2017-01-18,2933926.0303071565,-495.4551988433836,False,0.016549706463862224
2017-01-19,2912632.9551816205,-495.46221779203387,False,-0.0072575364564684275
2017-01-20,2971969.983394346,-495.4689615833316,False,0.020372298578564152
2017-01-23,2961388.395067529,-495.48946877600014,False,-0.003560462718648294
2017-01-24,3062495.826588334,-495.49635057417765,False,0.03414190171380738
2017-01-25,3159460.8608364603,-3518.8553849490127,True,0.03166209514680274
2017-01-26,3192459.757710565,-3518.9042579404704,False,0.010444470853602672
2017-01-27,3124780.463755866,-3518.9541090841244,False,-0.021199732836486684
2017-01-30,3282853.6378907613,-3519.103666752474,False,0.05058696953862074
2017-01-31,3247444.3097409303,-3044.7454957137816,True,-0.010786142806104904
2017-02-01,3335682.749611313,-3044.7877838456666,False,0.027171656063725402
2017-02-02,3325214.287197992,-3044.830918339271,False,-0.0031383267532083536
2017-02-03,3371277.350644706,-3044.8732076575816,False,0.013852660150070806
2017-02-06,3387770.735174447,-501.03249136007435,True,0.004892325019354216
2017-02-07,3426686.2701203204,-700.0951094315387,True,0.011487062728838815
2017-02-08,3419817.25870183,-1902.6066263064276,True,-0.002004563848866492
2017-02-09,3301680.63629669,-1902.6346369039816,False,-0.034544717880622966
2017-02-10,3211543.752298124,-1902.6631764235353,False,-0.027300303671910386
2017-02-13,3043910.6585710077,-1902.7477404839694,False,-0.0521970449903294
2017-02-14,2827015.5560417157,-1902.7762817000769,False,-0.07125541018050618
2017-02-15,2952280.8455218133,-679.7564379416872,True,0.04431008142575954
2017-02-16,2997000.0775298597,-679.7662566457908,False,0.015147350251545122
2017-02-17,3017869.047230164,-679.7760754917202,False,0.0069632863398203515
2017-02-21,3083457.2291104277,-679.8155411286061,False,0.0217332763131195
2017-02-22,3110288.7643869203,-679.8253606864225,False,0.008701769891010791
2017-02-23,3274259.3081208123,-679.8349915456989,False,0.05271875255165015
2017-02-24,3194581.8413822115,-620.3803093113238,True,-0.024334501101053507
2017-02-27,3161353.4443200314,-660.5388357902411,True,-0.010401485612840933
2017-02-28,3325420.197872385,-660.548560389768,False,0.05189763069584341
2017-03-01,3181562.8005460333,-589.4194169231341,True,-0.04325991566972265
2017-03-02,3194157.1728946087,-662.2037329577142,True,0.0039585490333284845
2017-03-03,2999715.6518188254,-587.6298257825838,True,-0.06087412439368989
2017-03-06,2911309.552169147,-587.6645945661818,False,-0.029471493271728932
2017-03-07,2909527.373150606,-1454.5218221466057,True,-0.0006121571707181639
2017-03-08,2934737.0443286924,-1237.6644440762466,True,0.008664524489689684
2017-03-09,2942867.1712430352,-604.3585141162621,True,0.002770308477910932
2017-03-10,2959616.7819614667,-502.4806150861841,True,0.005691595897397095
2017-03-13,2991553.595974924,-3345.166166544339,True,0.010790861238559213
2017-03-14,3083940.5733724986,-3345.2377159317903,False,0.030882608127723143
2017-03-15,2887555.666378418,-2842.63439496723,True,-0.06367986098361178
2017-03-16,2888395.089858427,-3226.323308179446,True,0.00029070382600182576
2017-03-17,2835427.1994413054,-3226.3878346456095,False,-0.01833817354249756
2017-03-20,2840697.2847635252,-3226.584110551455,False,0.0018586565450378068
2017-03-21,3020441.29277645,-3226.652227327122,False,0.0632746083072655
2017-03-22,3042689.145892939,-3067.639226319792,True,0.007365762469774273
2017-03-23,3037025.061397391,-1348.3821881232434,True,-0.0018615389952646444
2017-03-24,3068738.6098317024,-1348.411028520045,False,0.010442307123972094
2017-03-27,3086115.4807400606,-1348.4975534116866,False,0.005662545142387065
2017-03-28,3145543.856136383,-1348.5263962760234,False,0.01925669203476188
2017-03-29,3161262.1930633755,-1348.5552397572771,False,0.004997017255483183
2017-03-30,3185216.4010377885,-1348.584083855461,False,0.007577418926837165
2017-03-31,3172521.3056966946,-1348.6121793572079,False,-0.003985630407076113
2017-04-03,3150439.5830376153,-1348.6975932647454,False,-0.006960307128411891
2017-04-04,3147450.882947046,-1348.7268150459327,False,-0.0009486612937004146
2017-04-05,3097298.9879524,-1348.7564121065961,False,-0.015934131098397697
2017-04-06,3105336.1283004954,-1348.7856351621917,False,0.0025948868286069793
2017-04-07,3105027.055151674,-1348.815982838983,False,-9.95296921336708e-05
2017-04-10,3074123.9717288762,-1348.9070299663545,False,-0.009952597150973408
2017-04-11,3017239.5015908913,-1348.9373803745289,False,-0.018504286314124596
2017-04-12,2946703.227875338,-160.760187568143,True,-0.02337775098011341
2017-04-13,2921579.901031039,-160.7637600167556,False,-0.008525910110877888
2017-04-17,2972764.6628696844,-160.77813992425553,False,0.017519548864839196
2017-04-18,2981500.240981076,-259.577171115081,True,0.002938536716511786
2017-04-19,2991447.0128083457,-1377.451544358395,True,0.0033361633484210174
2017-04-20,3000774.8684082483,-941.3241197955504,True,0.0031181751038757977
2017-04-21,2984820.2398909307,-941.3445151514792,False,-0.005316836222965526
2017-04-24,3116142.805351129,-941.4062268625377,False,0.04399680882122303
2017-04-25,3190953.4655185156,-941.4274085026422,False,0.024007455640004505
2017-04-26,3152304.3630479667,-3572.1162630331237,True,-0.012112085897895919
2017-04-27,3101611.519219248,-3572.1956433945243,False,-0.016081202190674104
2017-04-28,3099562.7107649944,-3572.2740332433655,False,-0.0006605625628993694
2017-05-01,2904059.961204862,-3572.5121901370517,False,-0.06307430041055073
2017-05-02,2916573.95395338,-3572.59257166133,False,0.004309137178877709
2017-05-03,3010396.9538912782,-684.6099651677068,True,0.03216890825302832
2017-05-04,2862405.848869493,-584.3740048908512,True,-0.04915999693345752
2017-05-05,2885339.62364054,-584.3882895887485,False,0.00801206257320386
2017-05-08,2764450.129467935,-584.431470453597,False,-0.04189783870921737
2017-05-09,2752619.5546619957,-584.4460812403582,False,-0.004279539963419787
2017-05-10,2766466.647518039,-614.0425526921754,True,0.005030514599299041
2017-05-11,2750983.3674264834,-614.0573920538654,False,-0.005596770922738803
2017-05-12,2743744.548746853,-580.5674640654179,True,-0.00263135675967463
2017-05-15,2640954.0061355955,-580.609556223639,False,-0.03746359793523968
2017-05-16,2597507.6414868617,-593.6614173216512,True,-0.016451011470777988
2017-05-17,3540240.8596783024,-593.676093951135,False,0.3629376110908389
2017-05-18,3375471.900680374,-3376.0475903620245,True,-0.0465417369972112
2017-05-19,3381522.0689345733,-972.9397380730952,True,0.0017923918291187224
2017-05-22,3479483.3214455727,-973.0132509268309,False,0.028969573616257405
2017-05-23,3473629.838904,-973.0378465395627,False,-0.001682284983375304
2017-05-24,3528818.1501532504,-973.0627130623076,False,0.01588779283018349
2017-05-25,3599268.2758356975,-973.0875802205302,False,0.019964226742425817
2017-05-26,3619218.640875302,-4210.057721020188,True,0.005542894697109446
2017-05-30,3576293.1270823833,-4210.488098973585,False,-0.01186043675508286
2017-05-31,3634691.3961242866,-4210.600378656224,False,0.01632927362683656
2017-06-01,3486686.762647368,-4210.712661332988,False,-0.04071999995233089
2017-06-02,3497650.933118278,-4210.824947003957,False,0.0031445814371307
2017-06-05,3518200.3353490555,-4211.160652246911,False,0.005875200991671603
2017-06-06,3656013.1934128534,-4211.272949864304,False,0.03917140723315993
2017-06-07,3592868.419353174,-4211.387590072383,False,-0.01727148418759794
2017-06-08,3451381.2874026797,-4211.5034032311105,False,-0.03937999265109915
2017-06-09,3527727.559481087,-4211.6192195747,False,0.022120497772027292
2017-06-12,3595146.570573204,-4080.5841169330524,True,0.019111172831621337
2017-06-13,3605571.60162176,-4080.696332996268,False,0.0028997513297193134
2017-06-14,3600346.1657322003,-1925.4009693844891,True,-0.0014492669864631935
2017-06-15,3601169.0574403442,-691.8966540784022,True,0.00022855905245333652
2017-06-16,3569841.007929531,-507.0989610190286,True,-0.008699410944367325
2017-06-19,3591139.498751993,-1229.8461453886994,True,0.005966229525391276
2017-06-20,3494801.910765286,-3036.9924280382693,True,-0.02682646776049391
2017-06-21,3474849.3335921494,-3053.3228190619266,True,-0.005709215481333962
2017-06-22,3470338.7155517126,-1044.8169977912912,True,-0.0012980758609680842
2017-06-23,3508255.234418785,-1579.184164806211,True,0.01092588417872764
2017-06-26,3502392.4896860495,-1183.2555274561164,True,-0.0016711283361647844
2017-06-27,3291084.9479329097,-1481.7336198743433,True,-0.0603323420705717
2017-06-28,3309820.42377483,-1481.774779141562,False,0.005692796186767435
2017-06-29,3273664.741818861,-1299.7415203968412,True,-0.010923759396811561
2017-06-30,3257076.8515726947,-379.4918118220521,True,-0.005067070562928211
2017-07-03,3190470.6727522966,-314.66486055693895,True,-0.020449679837378443
2017-07-05,3304303.2688143407,-1529.0227892905823,True,0.03567893509701037
2017-07-06,3376805.8307144707,-1529.0661116029455,False,0.021941860659220103
2017-07-07,3349238.6268995283,-1064.2459926144802,True,-0.008163692316626281
2017-07-10,3435500.859931821,-1064.3373430090996,False,0.02575577396590223
2017-07-11,3478434.602073972,-1064.3677948830803,False,0.012497083800177888
2017-07-12,3613304.647231026,-1064.398247628323,False,0.038773201335060126
2017-07-13,3621488.6374440365,-1064.4287012448524,False,0.0022649599222921424
2017-07-14,3723534.9174151286,-1064.4588600580544,False,0.028177992584594636
2017-07-17,3719516.6925572366,-1064.5502287240722,False,-0.0010791425210218142
2017-07-18,3775571.0885062176,-1064.5812781057434,False,0.015070343967307887
2017-07-19,3849218.9284255817,-1064.6135112611084,False,0.019506410604627877
2017-07-20,3873955.132059622,-1064.646928296323,False,0.0064262916955357685
2017-07-21,3840624.7343135597,-1064.6806421157191,False,-0.008603712900604021
2017-07-24,3863873.8585590185,-1064.782085743022,False,0.006053474591709573
2017-07-25,3845827.8155851997,-1064.816395388007,False,-0.004670453445017153
2017-07-26,3900378.8137916555,-290.7874925850074,True,0.014184461921406877
2017-07-27,3841943.75497744,-456.28478916458334,True,-0.014981893196524987
2017-07-28,3819396.855584873,-456.2982242167087,False,-0.005868617770199425
2017-07-31,3766845.5880879103,-456.3384049896864,False,-0.013759048740934032
2017-08-01,3807772.8885558373,-456.35184162049995,False,0.010865138883673353
2017-08-02,3802727.7961058975,-456.3652786469477,False,-0.0013249457353674554
2017-08-03,3760888.224616392,-456.37871606904116,False,-0.011002515492260723
2017-08-04,3774963.949794499,-456.3921538867921,False,0.003742659802005388
2017-08-07,3876120.148193856,-456.4318357987855,False,0.026796599846963698
2017-08-08,3845478.855021574,-456.4450216073753,False,-0.007905145351740361
2017-08-09,3819580.706665699,-456.45820779688836,False,-0.0067347004969371405
2017-08-10,3532543.3054615958,-456.47126757338924,False,-0.07514892948935026
2017-08-11,3586867.352220252,-280.9659169986262,True,0.015378168662410152
2017-08-14,3701997.967384439,-445.40635166311404,True,0.032097817917052796
2017-08-15,3719064.4685307867,-445.4189715097445,False,0.004610078475652424
2017-08-16,3739008.1521025435,-445.43134425895306,False,0.005362553873564657
2017-08-17,3458627.1559231146,-445.4434698899912,False,-0.07498806763011823
2017-08-18,3467337.8126308066,-1406.1838480579318,True,0.002518530132042285
2017-08-21,3462722.4390468206,-991.9463756562327,True,-0.0013311000639086856
2017-08-22,3626233.2310220487,-555.425783842395,True,0.04722029988064458
2017-08-23,3623040.50831136,-160.6538253364306,True,-0.000880451561519835
2017-08-24,3594199.004657417,-1514.1135266372003,True,-0.007960579957022262
2017-08-25,3586734.0877433005,-1262.435353058565,True,-0.0020769347786373515
2017-08-28,3616497.511476503,-1262.5402082305282,False,0.008298196354982412
2017-08-29,3645789.244314796,-1751.134228255134,True,0.008099475458047234
2017-08-30,3668291.6967578554,-1751.1833572987603,False,0.006172175881573372
2017-08-31,3686240.3619790585,-1404.9695400666387,True,0.00489292202064151
2017-09-01,3698801.603072374,-1405.0085669983073,False,0.0034076022884659274
2017-09-05,3571119.287804307,-1192.8138064006343,True,-0.03451991454800096
2017-09-06,3575250.8377147885,-1192.848596803321,False,0.0011569341647563736
2017-09-07,3580424.0315939873,-1192.882725527063,False,0.0014469457148649223
2017-09-08,3565587.8297923105,-1192.916523870953,False,-0.004143699648634036
2017-09-11,3573522.045995458,-1193.0185874174072,False,0.0022252196781840095
2017-09-12,3576799.7638985673,-1193.0523896107172,False,0.0009172233614123115
2017-09-13,3579783.8623736226,-1193.0861927617561,False,0.0008342928517202086
2017-09-14,3575625.0059071328,-1193.1203282833824,False,-0.001161761890208668
2017-09-15,3586475.7417525155,-1193.1544647816638,False,0.0030346403293008972
2017-09-18,3590764.829572092,-1370.5098126392695,True,0.0011959059891704094
2017-09-19,3615471.683279061,-2609.4622594664106,True,0.006880666064091434
2017-09-20,3629361.679253057,-2027.8242502632966,True,0.0038418212589617085
2017-09-21,3605190.663284472,-571.7390594613971,True,-0.006659853193126675
2017-09-22,3622265.7264903686,-1604.3732452738168,True,0.004736244154793345
2017-09-25,3607971.078781006,-1604.509620863196,False,-0.003946327737587851
2017-09-26,3605194.1693396657,-1809.281480666661,True,-0.000769659562315117
2017-09-27,3650691.9247298343,-1477.2980456515797,True,0.012620056854941053
2017-09-28,3664197.400752708,-1560.894940425991,True,0.0036994291222951503
2017-09-29,3655800.3800719897,-1560.9400329464922,False,-0.0022916398224051004
2017-10-02,3620717.3433889938,-1071.4835845868802,True,-0.00959654057541981
2017-10-03,3606682.35818132,-1071.5148361914307,False,-0.003876299604911093
2017-10-04,3624723.1927128234,-1071.5463863504963,False,0.005002058052209657
2017-10-05,3508444.6618189313,-1071.5776397867648,False,-0.032079285703156435
2017-10-06,3512001.7673377683,-656.8183230992872,True,0.0010138696378905188
2017-10-09,3617695.9725919636,-520.2707569330269,True,0.030095145804643453
2017-10-10,3526372.353956281,-520.2860760164255,False,-0.025243585787075418
2017-10-11,3448271.696021777,-520.301684598706,False,-0.02214759251015619
2017-10-12,3423962.0247420557,-520.3171491209982,False,-0.007049813188376941
2017-10-13,3363866.7680602274,-520.3326141029305,False,-0.017551379439249337
2017-10-16,3309468.383440318,-520.3793008975623,False,-0.016171385007402672
2017-10-17,3322386.276018738,-520.3947677267835,False,0.0039033134877666242
2017-10-18,3301188.3400827954,-1058.4148355816724,True,-0.006380334547175015
2017-10-19,3258459.050596329,-718.4129449728644,True,-0.012943608508381832
2017-10-20,3196269.144387071,-718.434696920365,False,-0.019085679839332848
2017-10-23,3299452.853487573,-502.6923812556561,True,0.03228254706951117
2017-10-24,3351703.130947116,-673.4558434340706,True,0.015836043059173743
2017-10-25,3472114.1563891224,-673.4764212515089,False,0.03592532534585824
2017-10-26,3448496.3837511735,-2804.9587006545626,True,-0.006802130222155589
2017-10-27,3704927.215008367,-3040.3969096146175,True,0.07436018563495073
2017-10-30,3744439.5147810825,-3040.6722427563786,False,0.01066479784343799
2017-10-31,3680553.1789496625,-1064.065109572024,True,-0.017061655176757506
2017-11-01,3706620.793545651,-1064.0993961144436,False,0.007082526274875711
2017-11-02,3642469.6690892912,-1064.1333881784863,False,-0.017307172227616574
2017-11-03,3623416.366113914,-975.3981310558738,True,-0.005230874847652722
2017-11-06,3592288.547961566,-1231.6950348004466,True,-0.008590737306221397
2017-11-07,3626759.1455025463,-1231.7360913016066,False,0.00959572068912462
2017-11-08,3639068.2064053155,-1231.777491320231,False,0.0033939559835489685
2017-11-09,3719361.076942452,-1231.8192348907703,False,0.022064129052544068
2017-11-10,3859737.4841390206,-1231.8606377039432,False,0.037742075666384656
2017-11-13,3892197.301157929,-1231.9851966997294,False,0.00840985096843938
2017-11-14,3932135.4717067215,-1232.0276317453936,False,0.01026108582340135
2017-11-15,4182874.1679946138,-4035.5799478776753,True,0.06376654570831986
2017-11-16,4353254.714505336,-4035.7200721814206,False,0.04073288836044697
2017-11-17,4305630.4491966395,-617.3700143480673,True,-0.01093992160624313
2017-11-20,4276053.152441107,-662.3828573612263,True,-0.00686944620643215
2017-11-21,4417538.681391349,-662.4064087517103,False,0.03308787891691001
2017-11-22,4398505.978892744,-1782.194059372414,True,-0.00430844048491974
2017-11-24,4415447.438840266,-1782.31931021099,False,0.003851639631461401
2017-11-27,4388138.371291291,-2540.1598693470005,True,-0.006184892454783264
2017-11-28,4283049.852588252,-2540.2501861423552,False,-0.023948314709163254
2017-11-29,4439251.694066503,-2540.3398005239214,False,0.03646976963946802
2017-11-30,4460363.027582525,-1035.4167915368453,True,0.004755606343348262
2017-12-01,4590464.921947332,-733.0993860241506,True,0.029168454128120747
2017-12-04,4496476.278974381,-901.9549060117715,True,-0.020474754642734516
2017-12-05,4476787.335936404,-735.2301914801355,True,-0.0043787494509963665
2017-12-06,4477253.190490634,-1539.8317680243636,True,0.00010406001430784961
2017-12-07,4414200.372026491,-1539.8860898672908,False,-0.014082924458697743
2017-12-08,4333638.602049772,-1539.939985880436,False,-0.018250591995608634
2017-12-11,4294826.4337024195,-1242.357282371493,True,-0.008956023312371775
2017-12-12,4300114.771628747,-1242.4028354718466,False,0.001231327507167368
2017-12-13,4294846.717836706,-1242.4470097948856,False,-0.001225096089713329
2017-12-14,4265332.607827808,-1242.491875936906,False,-0.006871982156272272
2017-12-15,4131945.5218363125,-1722.4056386568118,True,-0.03127237621438972
2017-12-18,4216084.62299756,-2235.1798329603043,True,0.02036307127395376
2017-12-19,4219926.013900611,-1516.750345688355,True,0.0009111275618371995
2017-12-20,4193019.939443171,-1441.376589921536,True,-0.006375958812739779
2017-12-21,4154474.6076726364,-879.2265977053903,True,-0.009192737532188633
2017-12-22,4159266.8380802227,-1324.2333638163889,True,0.0011535105783859745
2017-12-26,4142182.026927323,-1324.4312742191319,False,-0.004107649693566029
2017-12-27,4168819.973025422,-956.678140351607,True,0.006430897030823779
2017-12-28,4133575.8445848986,-956.7145472697258,False,-0.008454221738662837
2017-12-29,4139871.260587993,-1207.5249730848009,True,0.001522995159588536
2018-01-02,4005591.9527722998,-2924.605654224928,True,-0.03243562404803413
2018-01-03,4024458.7250791295,-1652.273016849882,True,0.004710108400775015
2018-01-04,4047769.4784473507,-2145.1097286118893,True,0.0057922704543982295
2018-01-05,4074470.1910297307,-2145.191361954339,False,0.006596401481000935
2018-01-08,4027070.987112292,-1178.0995637788437,True,-0.011633218969620107
2018-01-09,4097826.542201666,-890.1782164084725,True,0.017569979599518115
2018-01-10,4015486.2163252253,-890.2128344502217,False,-0.020093658193790054
2018-01-11,3964267.696580355,-813.0716931202915,True,-0.012755247306450168
2018-01-12,3960271.839440491,-881.7910777057987,True,-0.0010079685444327469
2018-01-16,4453702.602866635,-881.9297230324985,False,0.12459517513723406
2018-01-17,4266381.577478201,-881.9645102604626,False,-0.04205961692814064
2018-01-18,4307500.784283901,-881.9995438507312,False,0.009637958082034492
2018-01-19,4265423.870802446,-895.4504839379806,True,-0.009768289221205428
2018-01-22,4104050.5290269335,-943.8590077598346,True,-0.03783289695547987
2018-01-23,4255916.87610764,-943.8962377540297,False,0.03700401493758254
2018-01-24,4463007.363198417,-943.9332070233417,False,0.048659429476493266
2018-01-25,4628679.74573794,-943.9699155369482,False,0.03712124338078482
2018-01-26,4564251.54624931,-944.0063632642424,False,-0.013919346990457826
2018-01-29,5213135.0779035175,-944.1167638670249,False,0.14216647024799278
2018-01-30,5534071.880040497,-1121.4528242815868,True,0.0615631088281805
2018-01-31,5346842.635562931,-4334.026598144206,True,-0.0338320948003652
2018-02-01,5215940.994185972,-1285.8043094958412,True,-0.0244820448812737
2018-02-02,5295928.808158582,-1172.5337621852523,True,0.015335260514213855
2018-02-05,5017235.937927336,-2557.8687549399765,True,-0.05262398350255548
2018-02-06,5064083.991632076,-2286.0629419963807,True,0.009337422892672143
2018-02-07,4900483.718114569,-1934.230192949064,True,-0.03230599527729816
2018-02-08,4258983.069630373,-847.5342633239925,True,-0.13090557695618854
2018-02-09,4419831.272638203,-2161.7052746228874,True,0.03776680967689061
2018-02-12,4625950.659452494,-2091.7919928623596,True,0.046635125664256094
2018-02-13,4653246.784208457,-2091.8832182353817,False,0.005900651944954705
2018-02-14,4959045.978569262,-2091.9738665081723,False,0.06571738154928375
2018-02-15,5185304.215417784,-2092.0645187090545,False,0.04562535572896631
2018-02-16,5128805.136590546,-2092.1569182252974,False,-0.010896000789933469
2018-02-20,5202872.476328891,-2092.5294632603877,False,0.014441441576698688
2018-02-21,5108365.878238278,-2092.6236270862346,False,-0.018164311833622993
2018-02-22,5105698.540716353,-2092.7172138651126,False,-0.0005221508375679029
2018-02-23,5427297.961343902,-2092.8108048293993,False,0.06298832922917286
2018-02-26,5687101.149771693,-2093.093928389916,False,0.04786971164624587
2018-02-27,5509145.270064051,-2093.189280446654,False,-0.031291140252496796
2018-02-28,5385870.252296434,-2093.2840554057407,False,-0.022376432590637485
2018-03-01,5133549.572518684,-2093.3770902526476,False,-0.04684863688837748
2018-03-02,5309794.355006849,-2093.471292221709,False,0.034331952969082646
2018-03-05,5465506.655472042,-2093.756831424895,False,0.02932548608372465
2018-03-06,5577073.981487622,-2093.852795279669,False,0.020412988776416396
2018-03-07,5626079.082455355,-2093.948763532786,False,0.008786883790747435
2018-03-08,5690226.999588352,-2094.0441545320136,False,0.011401886854566001
2018-03-09,6022231.280277874,-2094.1395498768316,False,0.05834640352898757
2018-03-12,6117733.595727654,-2094.4280890205305,False,0.015858294211074098
2018-03-13,5890437.152686252,-2094.5269925691787,False,-0.03715370071036361
2018-03-14,5873716.84151907,-2094.6276462274327,False,-0.002838551831345404
2018-03-15,5863612.0418784795,-2094.7288865636674,False,-0.0017203416360086488
2018-03-16,5844739.955477117,-2094.83071366232,False,-0.003218508705312817
2018-03-19,5496499.450532291,-2095.1373885668004,False,-0.059581864650537386
2018-03-20,5560190.564132241,-2095.240981471013,False,0.011587577543336502
2018-03-21,5522002.288651042,-2095.340505417633,False,-0.006868159470566404
2018-03-22,5096246.205796485,-2196.9238566093845,True,-0.07710175776811634
2018-03-23,5036770.311349657,-2197.0282104925736,False,-0.011670530042127703
2018-03-26,5063915.6638259925,-1986.2688114295015,True,0.005389436245517576
2018-03-27,4613376.775740448,-204.7730701711207,True,-0.08897045646000035
2018-03-28,4491446.23116397,-999.9905120066251,True,-0.026429782457321305
2018-03-29,4526166.933378497,-1000.0377337808033,False,0.007730405848703326
2018-04-02,4439544.783144835,-2113.5885505817714,True,-0.019138081186281797
2018-04-03,4547126.641409931,-3533.534689895925,True,0.024232632740532445
2018-04-04,4463132.653671726,-2418.9661723712925,True,-0.018471882215306157
2018-04-05,4458726.945730428,-2419.0797293943842,False,-0.0009871335412073856
2018-04-06,4239528.100879635,-1526.1356265203794,True,-0.049161755702643584
2018-04-09,4249221.310838113,-1832.7457205435494,True,0.0022863888923077003
2018-04-10,4452493.395988595,-27.43302924488671,True,0.04783749074966126
2018-04-11,4404412.305814419,-27.434324693489945,False,-0.010798688711698867
2018-04-12,4580183.559227847,-1702.5964137807605,True,0.03990799253316624
2018-04-13,4565987.121096231,-1486.7214240603498,True,-0.0030995347562028375
2018-04-16,4644638.3074345775,-1768.4375849392381,True,0.017225450762871075
2018-04-17,4684717.359106007,-1768.5245331204976,False,0.008629100700322745
2018-04-18,4680227.46883978,-1529.413237665838,True,-0.0009584121990837691
2018-04-19,4412937.033132669,-1838.2482041754993,True,-0.05711056513528234
2018-04-20,4382666.255318083,-1838.339095336706,False,-0.006859553532559071
2018-04-23,4377866.550391897,-1838.6148599870774,False,-0.001095156383482787
2018-04-24,4353550.905839578,-1838.7088336354766,False,-0.005554222421453647
2018-04-25,4351693.390093189,1087801.8011443925,True,-0.00042666682590020155
2018-04-26,4325548.59849909,1087855.8890672827,False,-0.006007958109736755
2018-04-27,4338723.3949307585,-2.5451155692571774,True,0.0030458093653691343
2018-04-30,4326159.376417064,-2.5454973556788945,False,-0.0028957869331734942
2018-05-01,4336422.572125541,1083489.8761367737,True,0.002372357284020632
2018-05-02,4299035.734259248,-86.38024927780498,True,-0.00862158547615155
2018-05-03,4323516.257033989,-86.38456829026887,False,0.005694421793160265
2018-05-04,4573299.584299145,-86.38888751868339,False,0.05777319024966787
2018-05-07,4677412.752644305,-86.40191849767751,False,0.02276543804446951
2018-05-08,4703631.8616124205,-86.40633459573405,False,0.005605472588086746
2018-05-09,4873994.9283234775,-86.41077492126189,False,0.03621947289315619
2018-05-10,5063142.761979033,-86.41523947796614,False,0.03880755651927137
2018-05-11,5017791.314994459,-86.41975227380553,False,-0.008957173265019214
2018-05-14,5093729.838044345,-86.4333400913704,False,0.015133854375920741
2018-05-15,4925608.874328263,-86.4378778417252,False,-0.03300547321147873
2018-05-16,5045801.029388057,-86.44239181979026,False,0.024401481751062715
2018-05-17,4995026.651863337,-86.44690603358528,False,-0.010062699109417372
2018-05-18,4877233.06704571,-2655.5183685461525,True,-0.02358217343518776
2018-05-21,4888590.404251001,-2655.9344214830617,False,0.002328643525778995
2018-05-22,4886278.829609593,-1535.1731857103296,True,-0.00047285095503135643
2018-05-23,4986784.4191140225,-1535.2533558655832,False,0.02056894274951948
2018-05-24,4997710.6917644935,-1535.333103748235,False,0.0021910457184777243
2018-05-25,5035067.800703197,-1535.4124292919287,False,0.007474844232232769
2018-05-29,4936942.986004603,-1535.7314787319403,False,-0.019488280710915018
2018-05-30,5041204.374472899,-1535.8125312266511,False,0.02111861302912743
2018-05-31,5002221.573292827,-1535.8931613845405,False,-0.0077328349109330174
2018-06-01,5259453.560124513,-1535.9733691385238,False,0.05142354912966329
2018-06-04,5389212.017597784,-1536.2152976446096,False,0.024671471283073787
2018-06-05,5442872.203861915,-6469.961068418808,True,0.009956963297957033
2018-06-06,5173906.221353095,-6470.304335797716,False,-0.04941618550550908
2018-06-07,5266460.088253958,-6470.645824082105,False,0.017888586097460912
2018-06-08,5219824.679621934,-4089.6106066349894,True,-0.008855171756838587
2018-06-11,5203691.031143991,-4090.2570263665534,False,-0.0030908410661621977
2018-06-12,5260359.817357592,-4090.471764860438,False,0.01089011355102354
2018-06-13,5267933.19633073,-730.1618301955323,True,0.0014397074033125623
2018-06-14,5217286.853602022,-832.1978056842927,True,-0.009614082191472084
2018-06-15,5196004.235853656,-4528.61463911715,True,-0.004079250067239859
2018-06-18,5108614.174475608,-1990.6955179159995,True,-0.016818704799167694
2018-06-19,5250522.31216989,-3022.387587730889,True,0.02777820615291393
2018-06-20,5279605.237074968,-3022.5471026313526,False,0.005539053674273209
2018-06-21,5285443.657429539,-1974.1734466798116,True,0.0011058441100049166
2018-06-22,5145581.064641693,-2111.7883476853603,True,-0.0264618453724782
2018-06-25,5152592.235577562,-2158.300873998436,True,0.0013625615548158443
2018-06-26,5211066.9070768915,-1327.6504530528941,True,0.011348592868571039
2018-06-27,5047970.732494181,-1345.2080877832632,True,-0.03129803886440563
2018-06-28,5172329.404935526,1292153.0015556302,True,0.024635379052584172
2018-06-29,5173903.65648559,-548.9410385788942,True,0.0003043602653307609
2018-07-02,5184019.238708691,-549.0284163294042,False,0.001955116077668073
2018-07-03,5154580.393210755,-2599.4614859584835,True,-0.0056787685659263065
2018-07-05,5400611.394408464,1347374.1049648146,True,0.0477305585381429
2018-07-06,5377476.6096469555,-3183.7837516686413,True,-0.0042837343907879966
2018-07-09,5506862.350312657,-3184.2976066329607,False,0.024060679396278317
2018-07-10,5574075.131320939,-3184.470089419987,False,0.012205277112921964
2018-07-11,5386475.210845501,-3184.6408123997808,False,-0.03365579330305524
2018-07-12,5596166.873080118,-3184.812429154671,False,0.03892929123899225
2018-07-13,5583374.04364329,-3184.9840551577972,False,-0.0022859985641897618
2018-07-16,5554210.312506906,-3185.502527914172,False,-0.0052233167451117835
2018-07-17,5692473.985755587,-3185.677730553207,False,0.024893488987505652
2018-07-18,5708754.445946823,-3185.8511730074256,False,0.002859997293263916
2018-07-19,5642551.507639771,-3186.024624904622,False,-0.011596739522411137
2018-07-20,5613130.287158201,-3186.1972012384713,False,-0.005214169590075479
2018-07-23,5657314.441401613,-3186.7158714800134,False,0.007871571116832454
2018-07-24,5661108.869303981,-3186.891140852945,False,0.0006707118619038166
2018-07-25,5831912.446754159,-3187.0655346181525,False,0.030171399524980158
2018-07-26,5745780.839367192,-5104.707266038691,True,-0.014769015854294132
2018-07-27,5822754.673360221,-1571.8558053316083,True,0.013396583709848864
2018-07-30,5786725.632053534,-3678.1806878977404,True,-0.006187628249482047
2018-07-31,5811397.121064133,-3678.384009552433,False,0.004263462721290967
2018-08-01,5802068.008014475,-2706.8956871579285,True,-0.0016053132930536895
2018-08-02,5942689.826513311,-1354.639866700978,True,0.024236499521307353
2018-08-03,5988888.533916247,-1354.7139956047947,False,0.007774039829038459
2018-08-06,6094926.961110048,-1709.0838450416923,True,0.017705860877737845
2018-08-07,6108565.935525776,-1361.8123272251687,True,0.0022377584674524442
2018-08-08,6068548.613435471,-1361.888740027974,False,-0.00655101745854525
2018-08-09,6087051.23879952,-1361.9651571183867,False,0.0030489374878013287
2018-08-10,6120980.595852356,-2753.914563857019,True,0.005574021923220762
2018-08-13,6100701.399026957,-2754.3774004251677,False,-0.0033130634067261022
2018-08-14,6174426.102508389,-3254.540511806321,True,0.012084627432050743
2018-08-15,6138436.685627649,-3028.5495158009,True,-0.005828787369585586
2018-08-16,6173328.71560006,1540256.4880618914,True,0.005684188297340631
2018-08-17,6179519.884972694,1540342.4857158083,False,0.0010028899574048289
2018-08-20,6187700.876034382,1545635.2632924716,True,0.0013238878123171816
2018-08-21,6216636.268579419,1545722.8492907248,False,0.00467627526358072
2018-08-22,6186742.560493754,-2430.2303437571973,True,-0.004808662883616921
2018-08-23,6178128.366106499,-3416.1445943549043,True,-0.0013923634777147642
2018-08-24,6367088.451097019,-3416.339124810972,False,0.03058532840255701
2018-08-27,6572115.295741855,-3416.9256299197855,False,0.03220103603390512
2018-08-28,6610966.146338699,-3417.1240014355226,False,0.005911468202941528
2018-08-29,6761691.969436605,-1327.6145781001542,True,0.022799363929791427
2018-08-30,6748364.294370952,-5973.663996447576,True,-0.001971056227626944
2018-08-31,6608845.013651045,-3288.577720237896,True,-0.020674533062224443
2018-09-04,6616383.003047857,-3960.821238739183,True,0.0011405910384101325
2018-09-05,6669262.0988970585,-4833.584629409015,True,0.007992145531001249
2018-09-06,6534799.553651193,-3209.620272549335,True,-0.020161532603150012
2018-09-07,6520331.150464524,-3209.807500398567,False,-0.0022140546267537253
2018-09-10,6532477.804633243,-3674.621504204115,True,0.001862889152164371
2018-09-11,6578803.359746546,-3674.836877853389,False,0.007091574820268898
2018-09-12,6479271.47405835,-3675.0532849139736,False,-0.015129177791997517
2018-09-13,6671335.429767869,1664335.863291984,True,0.029642831987902296
2018-09-14,6641319.644749875,-4624.911880003987,True,-0.0044992168860318316
2018-09-17,6375304.017648965,-4625.730280735669,False,-0.0400546339177037
2018-09-18,6510543.685706339,-3211.8593393657357,True,0.021213053947385818
2018-09-19,6507172.730425874,-3156.8146918023704,True,-0.0005177686293490469
2018-09-20,6705605.324629249,-2726.8269698740914,True,0.030494440892210317
2018-09-21,6662846.065906728,-2726.9890645884116,False,-0.00637664411376393
2018-09-24,6695470.782888226,-2727.478436895537,False,0.004896513690813897
2018-09-25,6688717.408103412,-5348.212174115004,True,-0.001008648234575804
2018-09-26,6611758.5878670765,-5348.533066845451,False,-0.011505766433352327
2018-09-27,6745568.715603729,-5348.851007422202,False,0.02023820530625553
2018-09-28,6791203.843312871,-5349.1704526907015,False,0.006765200924212511
2018-10-01,6844254.650733234,-5350.134847201311,False,0.007811694162678018
2018-10-02,6828255.400461372,-5350.460313737849,False,-0.0023376176206635346
2018-10-03,6853799.921084986,-5350.785800073601,False,0.0037410025146229486
2018-10-04,6490074.867441584,-5351.109819880384,False,-0.053069108790940955
2018-10-05,6191458.930917747,1544689.077485778,True,-0.04601116976660591
2018-10-08,6218162.573763659,1544969.712994874,False,0.004312980695481139
2018-10-09,6222843.918634251,1554718.9271023064,True,0.0007528501892735129
2018-10-10,6066627.611699132,1554815.2333025131,False,-0.02510368393899931
2018-10-11,6028053.139318537,-3787.942803547252,True,-0.006358470446777842
2018-10-12,6520497.7119759815,-3788.177445559805,False,0.08169214193641205
2018-10-15,6251367.435660412,1560108.228999446,True,-0.04127449900354496
2018-10-16,6655901.410324702,-266.69074943151077,True,0.06471127778486663
2018-10-17,6589853.190865846,1644866.801866421,True,-0.009923256879436515
2018-10-18,6267940.40304243,1644970.5198564278,False,-0.048849766223869384
2018-10-19,6212690.312136628,1552420.6015913892,True,-0.00881471222652086
2018-10-22,6236590.481496214,1558259.9203861107,True,0.003846991908303732
2018-10-23,6242379.906184561,1559698.6202557038,True,0.0009282996383237485
2018-10-24,6016534.476988295,1501965.7316705743,True,-0.03617937911348712
2018-10-25,5627677.385229975,-5191.460640055593,True,-0.06463140753960595
2018-10-26,5273376.689918054,1315855.27827065,True,-0.06295682411393988
2018-10-29,5272368.246639086,-543.4795301267877,True,-0.00019123293067535574
2018-10-30,5706042.472736472,-1479.6991445475724,True,0.0822541609027092
2018-10-31,5898449.543708121,1470381.564861664,True,0.03371988061620157
2018-11-01,6021924.3538783165,1503826.1341422515,True,0.020933435007832735
2018-11-02,6034410.719111933,1507859.1853931798,True,0.002073484238568346
2018-11-05,6024700.505069358,1503713.711984694,True,-0.0016091403940771132
2018-11-06,5991116.300976515,1503810.200281213,False,-0.005574418855274987
2018-11-07,5800269.284760407,1449832.772607284,True,-0.03185500107634376
2018-11-08,5804357.927115314,1450402.871530732,True,0.0007049056094083905
2018-11-09,5596158.713140256,1450495.939048322,False,-0.0358694650794098
2018-11-12,5196838.630259561,1298381.626666049,True,-0.07135610395449599
2018-11-13,5224798.780032125,1302993.9625413609,True,0.0053802228165718
2018-11-14,5306538.991197917,1303078.295206159,False,0.01564466204482029
2018-11-15,5128801.218848216,1281160.8840062064,True,-0.03349410465927383
2018-11-16,5151527.065222044,1286311.9464520968,True,0.004431024990851684
2018-11-19,5084534.352724452,1271114.1928440994,True,-0.013004437645268263
2018-11-20,5043757.006245248,1261041.8909942207,True,-0.008019878252440882
2018-11-21,5049363.11917521,1260872.8386077257,True,0.00111149544338085
2018-11-23,5092860.44576499,1272211.804385505,True,0.00861441840548105
2018-11-26,5039623.8376176935,1272462.3758813373,False,-0.010453184161283158
2018-11-27,5031281.60947385,1257445.300484632,True,-0.0016553275428166092
2018-11-28,5070042.765180565,1267798.2066026358,True,0.007704032235788416
2018-11-29,5041993.049699052,1259009.7948555362,True,-0.005532441594802595
2018-11-30,5140997.586359707,1285383.7985383878,True,0.019635992292088567
2018-12-03,5325409.345411586,1331350.5247146725,True,0.035870812221574955
2018-12-04,4869778.679991053,1331438.5417771398,False,-0.0855578671737427
2018-12-06,4876799.296488315,1217911.6641675115,True,0.0014416705478028646
2018-12-07,4774726.348070031,1217991.1667344782,False,-0.02093031560511105
2018-12-10,4808107.854640873,1218230.3823253426,False,0.006991292094537638
2018-12-11,4816702.547104758,1218310.5824921792,False,0.0017875415285431018
2018-12-12,4843098.850046769,1218391.4647780727,False,0.005480160479886198
2018-12-13,4844772.179517737,1218472.0139915773,False,0.00034550801517330143
2018-12-14,4794316.020784284,1218552.230065832,False,-0.010414557560986304
2018-12-17,4748495.142373432,1218792.571444036,False,-0.009557333770283227
2018-12-18,4769017.808385043,1191625.7933564933,True,0.004321930505619687
2018-12-19,4819220.213392052,1204544.3205962612,True,0.010526780780466094
2018-12-20,4774230.488798567,1191656.6198800625,True,-0.009335478065198966
2018-12-21,4627785.402408849,1191734.0775603547,False,-0.030674071294486294
2018-12-24,4446868.378404194,-3957.5305221611634,True,-0.03909365026098344
2018-12-26,5236517.82967988,-3958.058210486172,False,0.17757428016321475
2018-12-27,5351501.960009208,1334424.6849007993,True,0.021958128296176715
2018-12-28,5360416.533778328,1334511.7931788415,False,0.001665807811664255
2018-12-31,5366434.602905866,1334775.0058624547,False,0.0011226868452507421
2019-01-02,5368951.334213331,1334951.8694089106,False,0.0004689764235834559
2019-01-03,5374972.573450085,1343366.5694691516,True,0.0011214926085068022
2019-01-04,5273287.611879624,1318074.3476477587,True,-0.018918228917620517
2019-01-07,5269579.537972323,1316981.014777693,True,-0.0007031806683459596
2019-01-08,5243813.352073386,1308824.6716364985,True,-0.004889609448584409
2019-01-09,5350077.917114252,1308911.9266146077,False,0.02026474969763159
2019-01-10,5393124.654022592,1308998.4602364227,False,0.00804600186674631
2019-01-11,5385263.262857259,1309084.9995790718,False,-0.0014576691008744147
2019-01-14,5290606.945467826,1309345.3793014127,False,-0.01757691551354379
2019-01-15,5444669.045909248,1309432.6689933662,False,0.029119929344477047
2019-01-16,5432312.64873644,1309519.2370420385,False,-0.0022694487155454635
2019-01-17,5513797.566748609,1309605.4470584772,False,0.015000042022824678
2019-01-18,5640389.868868172,1309691.2989711177,False,0.0229591856768534
2019-01-22,5418225.751966519,1310035.4906554502,False,-0.039388078141171734
2019-01-23,5415580.090301784,1310121.3707598376,False,-0.0004882893009349187
2019-01-24,5554896.226831672,1310205.800803731,False,0.025725062543046073
2019-01-25,5701360.8708254825,1310290.9641807831,False,0.026366765104691936
2019-01-28,5547629.160289826,1310547.5795781857,False,-0.026964037888273173
2019-01-29,5444723.91351381,1310633.8572938414,False,-0.018549409811422835
2019-01-30,5711849.907634752,1310720.1406894468,False,0.04906143972845611
2019-01-31,5825774.5195996985,1310806.0656764475,False,0.01994530910426562
2019-02-01,5825373.637316255,1310891.6321835127,False,-6.881184331708479e-05
2019-02-04,5958251.194725165,1311149.0935879273,False,0.02281013471096882
2019-02-05,6047745.824816617,1511056.2350818177,True,0.015020284839733167
2019-02-06,6059114.005398532,-40.94082882034127,True,0.0018797384862416777
2019-02-07,5915806.606837585,1478091.7408819057,True,-0.02365154351498655
2019-02-08,5939860.281257336,1484790.3530922877,True,0.004066000804006986
2019-02-11,5943628.955152299,1485085.6809739736,False,0.0006344718085129486
2019-02-12,6106723.470982913,1485183.861638438,False,0.02744022499742904
2019-02-13,6118388.136191998,1529439.4420987875,True,0.0019101348316346023
2019-02-14,6132732.738297913,1529540.5550396817,False,0.002344506720824535
2019-02-15,6205179.649557441,-368.1989783629542,True,0.011813153181632785
2019-02-19,6210582.467401311,-935.7028227183037,True,0.0008706948306089757
2019-02-20,6154478.242756901,-3397.6785762836807,True,-0.00903364941032414
2019-02-21,6194580.283603138,-3397.9050881887665,False,0.00651591235917226
2019-02-22,6017280.601846612,-4369.313091162592,True,-0.028621742497362268
2019-02-25,6097840.35264203,-4770.412575616734,True,0.013388066159104373
2019-02-26,6149974.770034104,-4770.730603121775,False,0.008549652725736712
2019-02-27,6153998.844679957,-4771.04865182865,False,0.0006543237649463407
2019-02-28,6131449.097224636,-2784.939263269771,True,-0.00366424304333679
2019-03-01,6130322.977378891,-2785.1241522930827,False,-0.00018366292011706697
2019-03-04,6175265.483491074,-3213.1612618205836,True,0.007331180800428161
2019-03-05,6204093.224992641,-2820.567287536105,True,0.004668259458420865
2019-03-06,6148827.867459103,-2820.7561088461875,False,-0.008907886379093455
2019-03-07,6084206.488849517,-1044.0772898946889,True,-0.01050954425827666
2019-03-08,6056584.398768188,1509722.414024458,True,-0.004539965915350108
2019-03-11,5908673.259203747,1510025.6369074567,False,-0.024421543534425827
2019-03-12,5879015.010081942,-2346.986910495558,True,-0.005019443083201014
2019-03-13,5891348.037352399,-2754.4903275484685,True,0.0020978050318474217
2019-03-14,5859521.636785185,-2754.6739602369717,False,-0.005402227192389253
2019-03-15,6110392.656732364,-989.4402249214472,True,0.042814249267764115
2019-03-18,6137944.865024893,-3233.0474415712524,True,0.004509073285523302
2019-03-19,6195040.89014591,-1516.5153657979654,True,0.009302140435695438
2019-03-20,6267833.305829597,-1516.6173093308885,False,0.011750110608547137
2019-03-21,6155154.181598881,-1516.7196809992686,False,-0.01797736454253096
2019-03-22,7059501.89076734,-1516.8212169556912,False,0.14692527311046866
2019-03-25,7066497.613964177,-7040.332462918945,True,0.0009909655532476247
2019-03-26,7204606.256970411,-4187.134368952597,True,0.01954414344290112
2019-03-27,7183230.983114416,-1558.3528783524307,True,-0.0029668899442374386
2019-03-28,7129577.311663233,-1569.8545658513192,True,-0.0074692950257768675
2019-03-29,7150615.1148291705,-1670.087029140559,True,0.002950778460810266
2019-04-01,7182153.821522376,-1670.4155011214593,False,0.004410628482548251
2019-04-02,7191208.291223001,-3667.9882963419077,True,0.0012606900277591926
2019-04-03,7417731.475372848,-3668.23181000936,False,0.031500017100926314
2019-04-04,7401393.5380211165,-7973.718437372358,True,-0.0022025517378155834
2019-04-05,7199887.810834918,-1831.588772866642,True,-0.02722537670116565
2019-04-08,7182282.461906658,-1881.2985989863519,True,-0.0024452254522309147
2019-04-09,7501670.934670849,-1881.4224511441187,False,0.04446893789796791
2019-04-10,7237966.419242263,-7471.4041367131285,True,-0.03515277032611619
2019-04-11,7200046.497475013,-7727.595084402128,True,-0.005239029800751638
2019-04-12,6780683.969648736,-4512.23128447542,True,-0.05824441938997804
2019-04-15,6714479.411083842,-5407.459989022929,True,-0.009763699187461672
2019-04-16,6649877.273547211,-5407.817482211092,False,-0.009621317392081052
2019-04-17,6701821.957021605,-5408.176501205051,False,0.007811374757400014
2019-04-18,6579166.842678201,-5408.532539491381,False,-0.01830175661633271
2019-04-22,6495758.102071695,-5409.959932377778,False,-0.012677705642824666
2019-04-23,6438862.664439438,-5410.32059637327,False,-0.008758860280543956
2019-04-24,6622168.222950998,-1317.468265158357,True,0.028468623740636634
2019-04-25,6808265.553544227,-1223.9788515566615,True,0.028102175047178157
2019-04-26,6526807.3539592605,-1224.0594301643891,False,-0.041340661196513695
2019-04-29,6652347.26961466,-1224.3018779400766,False,0.0192345060681538
2019-04-30,6651744.780670591,-1224.3828178975625,False,-9.056787321093385e-05
2019-05-01,6963806.195691267,-2818.980753346812,True,0.04691421954845598
2019-05-02,6955918.351232872,-3236.0117417636793,True,-0.001132691553546561
2019-05-03,7024695.414754615,-4117.572980959085,True,0.009887560498686998
2019-05-06,7002635.0642395755,-4335.539855762305,True,-0.003140399577852726
2019-05-07,7366600.721637476,-4503.474311227299,True,0.051975528363111145
2019-05-08,7345921.0643177945,-4503.772040917875,False,-0.0028072184310112824
2019-05-09,7333141.764010807,-4504.069790291691,False,-0.0017396457428684453
2019-05-10,7333435.89620988,-4504.367559350049,False,4.01099840339203e-05
2019-05-13,7265547.604638835,-4505.25848188808,False,-0.009257364833056059
2019-05-14,7244054.795487256,-1294.380794558252,True,-0.0029581815881100093
2019-05-15,7212604.851527628,-1408.5812958616298,True,-0.004341483443667471
2019-05-16,7213803.525137177,-2220.445265080838,True,0.00016619149866436977
2019-05-17,7036602.752233109,-2220.589594023068,False,-0.024564125192292008
2019-05-20,6720024.472913497,-2221.022637140485,False,-0.04499021622602528
2019-05-21,6878047.424443649,-1115.200793278913,True,0.023515234530335105
2019-05-22,6628948.070351276,-1119.6418544523185,True,-0.03621657989840377
2019-05-23,6434013.828942158,-1119.7140091496053,False,-0.029406512065011214
2019-05-24,6398442.268331644,1597567.1475539,True,-0.005528673322165112
2019-05-28,6285406.10688579,1597976.3415485255,False,-0.01766620010081421
2019-05-29,6311570.435727689,-511.127312965913,True,0.004162710952477111
2019-05-30,6446611.051480999,1611872.7073051855,True,0.021395723477771966
2019-05-31,6227851.972052118,1555169.2180298432,True,-0.0339339658747716
2019-06-03,6226940.425976514,1553889.6028384685,True,-0.00014636604718520907
2019-06-04,6618630.876622947,-3944.9583123002667,True,0.06290255307605697
2019-06-05,6758545.088372488,-1743.8640050296672,True,0.021139449284552025
2019-06-06,6913956.390985397,-1743.9744497499858,False,0.02299478668571453
2019-06-07,7124044.533885554,-1744.082479278401,False,0.030386096038163668
2019-06-10,7380158.4641766045,-1619.4703260383103,True,0.03595063577618629
2019-06-11,7409652.893563042,-1619.5701933750827,False,0.0039964493350115315
2019-06-12,7179089.317676849,-1619.668717228513,False,-0.031116650023713
2019-06-13,7284190.633249528,-1619.7649975355926,False,0.01463992310471629
2019-06-14,7046518.668325586,-1619.8617335007232,False,-0.03262846579537071
2019-06-17,7075647.011423552,-3558.8800833518617,True,0.004133721127980383
2019-06-18,7140509.554370218,-3559.094604734664,False,0.009167012266432462
2019-06-19,7151622.95244439,-3559.3051844987776,False,0.0015563872563366665
2019-06-20,7182597.512373058,-3559.5118219386554,False,0.004331123177862883
2019-06-21,7161898.317856392,-3559.7164938684173,False,-0.0028818536025454478
2019-06-24,7169252.715672195,-3560.331569196078,False,0.001026878278551857
2019-06-25,7098285.782909944,-4865.6569166529225,True,-0.009898790791279422
2019-06-26,7370063.278785879,-4333.869565036381,True,0.03828776470655426
2019-06-27,7396530.733011542,-4334.121170241684,False,0.0035912112589111533
2019-06-28,7402889.8913475275,-3865.2254359921208,True,0.0008597487883885702
2019-07-01,7785811.77108303,-3865.904037493726,False,0.0517259996238848
2019-07-02,7751595.339687023,-3866.1349178737432,False,-0.004394715978504493
2019-07-03,7824803.129319394,-3866.3668859688155,False,0.009444222308349515
2019-07-05,7753027.02959607,-6288.450509779621,True,-0.009172895284020655
2019-07-08,7915079.445467563,-6289.598221812517,False,0.02090182521650985
2019-07-09,7954467.441148916,-4004.7652220053133,True,0.004976323478838474
2019-07-10,8020716.810579496,-4005.0043954838497,False,0.008328573838629172
2019-07-11,7985303.2467399975,-4005.2402457426947,False,-0.004415261712368057
2019-07-12,8112745.382546685,-4005.4738847570293,False,0.015959586238470713
2019-07-15,8181397.219851047,-4688.490668930695,True,0.00846222013229414
2019-07-16,8182183.535275584,-4688.764164219716,False,9.611016350974388e-05
2019-07-17,8306572.452725473,-3764.456575056771,True,0.015202411057343657
2019-07-18,8392633.31540802,-1278.5117123372183,True,0.010360574493551766
2019-07-19,8255735.537582992,-1278.583451049966,False,-0.016311659604345774
2019-07-22,8544266.879602741,-1278.799401745002,False,0.03494919873659397
2019-07-23,8748865.270704295,-2106.5259280665778,True,0.023945692940605667
2019-07-24,8905330.961499376,-2106.6458830152596,False,0.017884112505310634
2019-07-25,8778980.93365196,-959.01599922889,True,-0.014188133871011477
2019-07-26,8720599.222393839,-4161.556334366673,True,-0.0066501695013745366
2019-07-29,8697915.283679904,-4162.276556354526,False,-0.0026011903695428717
2019-07-30,8588402.45066083,-4162.51241869272,False,-0.01259069897180487
2019-07-31,8092487.378110957,-4162.748294396445,False,-0.05774241197927499
2019-08-01,7851115.728360834,-3321.996609718888,True,-0.02982663283516518
2019-08-02,7818490.726552707,-3322.1830106397665,False,-0.004155460565977154
2019-08-05,7772400.2245519655,-3322.7404302953682,False,-0.005895063844510551
2019-08-06,7762505.856825243,-3864.9483698247495,True,-0.0012730131543493561
2019-08-07,7885328.259357084,-3378.0106740160845,True,0.0158225197889994
2019-08-08,7954133.828426228,-3378.196464603155,False,0.00872577105303085
2019-08-09,7897724.5394194005,-3378.380388632894,False,-0.0070918204575881605
2019-08-12,7880979.147766188,-3378.9322208061426,False,-0.002120280540253372
2019-08-13,7943201.515703423,-3379.1161848937195,False,0.007895258542191641
2019-08-14,7834885.040209589,-3379.29640442358,False,-0.013636375116468646
2019-08-15,7839637.61768358,-3379.471940097921,False,0.0006065918580300256
2019-08-16,7869567.255539095,-3379.6437299215427,False,0.0038177323130348384
2019-08-19,7920121.67547522,-3380.1657239876768,False,0.006424040648555618
2019-08-20,7895893.38047331,-3380.344121623109,False,-0.0030590811599439105
2019-08-21,7920771.940625793,-3380.525345627407,False,0.003150822706650125
2019-08-22,7902347.762537128,-3380.70939645178,False,-0.002326058397688069
2019-08-23,7764624.122741663,-3380.8906400388673,False,-0.017428192726264946
2019-08-26,7787251.423375135,-3381.437246813198,False,0.002914152736279929
2019-08-27,7793322.941144802,-3381.6194687092757,False,0.0007796740389607315
2019-08-28,7814566.507809407,-3381.802639763831,False,0.002725867620915645
2019-08-29,7861945.66518903,-3381.9858207401517,False,0.006062928421208591
2019-08-30,7859862.240635006,-3382.1690116387754,False,-0.00026500113874472486
2019-09-03,7811135.726249166,-3382.9009348229797,False,-0.006199410739532674
2019-09-04,7875886.417029042,-3383.0822959008747,False,0.00828953599695903
2019-09-05,7960313.035817051,-3383.263666701738,False,0.01071963386946062
2019-09-06,7967404.289724633,-3383.4441074306287,False,0.0008908260109463662
2019-09-09,7956164.953419806,-3350.2910842197016,True,-0.0014106647405004447
2019-09-10,7931874.108244128,-3264.9448106222553,True,-0.00305308466049814
2019-09-11,7956927.557474919,-3201.381407517474,True,0.0031585787783434682
2019-09-12,8052135.039070132,-3201.5512585865954,False,0.01196535734521964
2019-09-13,7967432.083700663,-3201.722007987053,False,-0.010519316300394599
2019-09-16,7856195.22433805,-3202.236979216456,False,-0.013961444314056437
2019-09-17,7940286.619291016,-3202.4104337194967,False,0.010703832141601533
2019-09-18,7956105.174707719,-3202.5803393841747,False,0.001992189473144723
2019-09-19,7951095.802205917,-3202.7484748519923,False,-0.0006296262293925547
2019-09-20,7643706.024601056,-3202.914839842214,False,-0.038660052054658944
2019-09-23,7725400.599954933,-3203.4166560380913,False,0.010687822777451839
2019-09-24,7423300.5126096755,-3203.583945574573,False,-0.03910477954334435
2019-09-25,7689342.342829978,-4515.468568358434,True,0.03583875255600755
2019-09-26,7675214.639053336,-4265.641482927847,True,-0.001837309765485351
2019-09-27,7325770.770309097,-4265.850025400347,False,-0.045528872504253526
2019-09-30,7523988.37330093,-4614.8515687326435,True,0.027057576493547453
2019-10-01,7498563.216056221,-4182.78980838228,True,-0.0033792127237902703
2019-10-02,7120580.288325962,-3818.3593596112914,True,-0.0504073802993229
2019-10-03,7288648.206167902,-1641.0206206772564,True,0.023603120958762824
2019-10-04,7330520.981354699,-1718.7698041487602,True,0.005744930198628984
2019-10-07,7256451.004153027,-1586.2558159342734,True,-0.01010432647148407
2019-10-08,6818027.638203874,-3472.9676868269453,True,-0.060418428471195273
2019-10-09,6838065.417285176,-3473.127829225838,False,0.0029389407237105925
2019-10-10,6850792.8237000145,-3473.287014251344,False,0.0018612583586383735
2019-10-11,6892014.263268298,-2963.945510395104,True,0.006017031988718058
2019-10-14,6903876.45893792,-2964.3530715821003,False,0.0017211507719656627
2019-10-15,7199586.453661228,-2964.488114333139,False,0.0428324574580814
2019-10-16,7063620.714528066,-2964.6223397672047,False,-0.018885215145102996
2019-10-17,7099433.071742095,-2964.7565712786995,False,0.005069971713001609
2019-10-18,6902657.5567843495,-2964.890808867899,False,-0.02771707444372873
2019-10-21,7146986.280369514,-2965.294381759839,False,0.03539632693280903
2019-10-22,6969307.026969092,-2965.4278200070185,False,-0.024860724007327417
2019-10-23,6871093.961931725,-2965.561264258919,False,-0.014092228202504553
2019-10-24,7155317.375478371,-2965.6963620498464,False,0.041365089041329295
2019-10-25,7409589.570888109,-2965.8306421906836,False,0.03553611699756898
2019-10-28,7671494.555869872,-2966.2326951772848,False,0.035346760097316965
2019-10-29,7496193.009473303,-2966.364527741515,False,-0.02285102923816007
2019-10-30,7575351.275238549,-2966.495542174823,False,0.010559795574261566
2019-10-31,7526165.433228418,-2966.6199701822866,False,-0.006492879369291327
2019-11-01,7831825.628807703,-2966.742755286608,False,0.04061300516060662
2019-11-04,8067828.389870527,-1372.7155152730702,True,0.030133811993303006
2019-11-05,8133340.387515429,-1409.7332302767318,True,0.008120152596100771
2019-11-06,8080728.464679192,-1994.3449475988746,True,-0.00646867342684887
2019-11-07,8036209.703306713,-1192.9856188407866,True,-0.005509250999717441
2019-11-08,7999486.757726324,-2199.420681069372,True,-0.004569684831056464
2019-11-11,7973930.155102549,-2199.6992861186345,False,-0.0031947802900093025
2019-11-12,7909678.457478246,-1908.7678270633332,True,-0.008057720142330083
2019-11-13,7929005.3920134185,-2012.3640331978108,True,0.0024434538823636665
2019-11-14,7834761.788845297,-2012.4501176592312,False,-0.01188593001375049
2019-11-15,7575322.350717629,-2012.5362058031533,False,-0.03311388975438201
2019-11-18,7576160.900452423,-2322.0733652170748,True,0.00011069492438364747
2019-11-19,7670352.3634751495,-2322.172698355476,False,0.012432611220955181
2019-11-20,7759268.231122946,-2322.272035743128,False,0.01159214902188821
2019-11-21,7788913.377646293,-7391.5287390118465,True,0.0038206111246983365
2019-11-22,7802135.748569932,-7391.846985388109,False,0.0016975886471644053
2019-11-25,8159652.809347786,-7392.807967135837,False,0.045822973644541465
2019-11-26,8146308.151296557,-9238.43905907555,True,-0.0016354443458600487
2019-11-27,8086819.564877505,-9238.847090133992,False,-0.007302521008806129
2019-11-29,8284909.287376715,-9239.655506936504,False,0.024495380527537414
2019-12-02,8766128.599944942,-3347.1478340676986,True,0.05808383602961542
2019-12-03,9216732.889539544,-7236.253863754217,True,0.05140288377670288
2019-12-04,9445570.151833627,-7236.559394472909,False,0.02482845765811459
2019-12-05,9522890.401965005,-7236.862927936399,False,0.008185874318700437
2019-12-06,9856036.965627618,-7237.16446389173,False,0.034983765390586674
2019-12-09,9701521.008995516,-2158.0995302491065,True,-0.015677290697160284
2019-12-10,9719370.487060674,-2158.191249479142,False,0.001839863877901804
2019-12-11,9853527.456051843,-981.9939883660263,True,0.013803051254170473
2019-12-12,10267115.258131033,-982.0357231105318,False,0.041973577881002644
2019-12-13,10301595.790920375,-8790.732819024357,True,0.0033583467139939316
2019-12-16,10166390.251321506,-4631.90249392367,True,-0.01312471798961834
2019-12-17,10174820.161783488,-8749.93073318143,True,0.000829194065306238
2019-12-18,10319613.720577853,-8750.30260523759,False,0.014230576707213727
2019-12-19,9981645.790963238,-8750.676923737925,False,-0.03275005622940019
2019-12-20,10132153.424582185,-8751.053688994363,False,0.015078438643375547
2019-12-23,10177397.837964281,-8752.186513155071,False,0.004465429162602952
2019-12-24,10046641.493186826,-8752.56334340772,False,-0.012847718725281787
2019-12-26,10020714.823126983,-8753.317052587627,False,-0.0025806305597174672
2019-12-27,10277582.202556714,-2100.064846215537,True,0.02563363831459431
2019-12-30,10837718.11184393,-2100.3343660665996,False,0.05450074718428155
2019-12-31,10164973.59590079,-2077.1508428483503,True,-0.06207436925379484
2020-01-02,9664555.686617909,-2077.325673389565,False,-0.04922963198691277
2020-01-03,10249864.973900113,-2077.411651591047,False,0.06056246207910587
2020-01-06,10110148.97154103,-10718.97494806908,True,-0.01363100906351944
2020-01-07,10241331.310359647,-11783.457497267169,True,0.012975312152954555
2020-01-08,9999117.988097265,-11783.951747845525,False,-0.023650569923206244
2020-01-09,9541866.461023536,-11784.446019154948,False,-0.04572918607601517
2020-01-10,9484925.635035623,-11784.940311196306,False,-0.00596747252966745
2020-01-13,9176175.630169328,-11786.433133328157,False,-0.03255165266935012
2020-01-14,9104433.285369115,-11786.937330745528,False,-0.007818327339369935
2020-01-15,9070032.900083281,-11787.441549731344,False,-0.0037784213698524027
2020-01-16,8805757.731244836,-11787.939241707889,False,-0.029137178635373906
2020-01-17,8833281.861157198,-11788.440229125661,False,0.0031256969306230342
2020-01-21,8924317.354685849,-11790.44439172545,False,0.010305964981029758
2020-01-22,8985494.632074917,-11790.942210488656,False,0.006855121233104278
2020-01-23,8938989.272505376,-11791.440050270878,False,-0.005175603733992951
2020-01-24,9590739.551094862,-2200.007329722168,True,0.07291095880315512
2020-01-27,11082248.809751553,-5443.718146905303,True,0.15551556276871503
2020-01-28,10885446.74179625,-6853.495613728708,True,-0.01775831524213145
2020-01-29,10870533.873515839,-4139.156175003038,True,-0.001369982200468689
2020-01-30,10973363.021031085,-4139.33323890608,False,0.009459438580636137
2020-01-31,10178479.618967613,-4139.508010753945,False,-0.07243753811297704
2020-02-03,10583955.858785594,-5247.298185672378,True,0.039836621479535594
2020-02-04,10650797.000902703,-4088.3639522321755,True,0.006315326991998438
2020-02-05,10959988.22011603,-4088.538843356799,False,0.02902986689044229
2020-02-06,11133481.026376942,-4088.713741962876,False,0.01582965262156777
2020-02-07,10765401.351613041,-12476.122901762836,True,-0.033060610054650774
2020-02-10,10601590.511735281,-12248.448041616706,True,-0.015216417347339806
2020-02-11,10618169.63660889,-12896.00290838792,True,0.0015638337337455788
2020-02-12,9947428.50737282,-12896.558152957587,False,-0.0631691856686406
2020-02-13,10193970.682543986,-12897.117003810883,False,0.02478451340348231
2020-02-14,10038461.573929878,-12897.672296348546,False,-0.015255008421831029
2020-02-18,10252115.102352988,-12899.893705593782,False,0.021283493177677082
2020-02-19,10061767.708533414,-12900.449117683884,False,-0.018566646191466085
2020-02-20,10481120.599161252,-12901.00455368756,False,0.04167785450584227
2020-02-21,11304314.8366482,-9673.865323905135,True,0.07854067031275491
2020-02-24,11744263.842834095,-3279.116062221932,True,0.03891867950807559
2020-02-25,11640326.944340592,-3279.2526920578584,False,-0.008850013920363442
2020-02-26,11632554.148492932,-7030.6937216104125,True,-0.0006677472106090265
2020-02-27,9998844.08140495,-7030.971043418321,False,-0.14044293679902098
2020-02-28,10083513.819638414,-4959.669598120032,True,0.008467952649739319
2020-03-02,11453270.154796472,-509.04272739985026,True,0.1358411720020012
2020-03-03,10295008.238566842,-1578.4956542883301,True,-0.10112936310548526
2020-03-04,11556755.544816028,-1977.4007121881004,True,0.12255913516634864
2020-03-05,10787477.147272442,-1905.2902241955744,True,-0.06656525653418877
2020-03-06,10178453.8701129,-757.5517256660387,True,-0.05645650682222114
2020-03-09,8568766.67151907,2142380.732068075,True,-0.1581465337599427
2020-03-10,9202645.013913527,2295018.9046110464,True,0.07397544672342948
2020-03-11,8519095.434567794,2127456.6469857125,True,-0.07427751242303393
2020-03-12,7999372.815888872,1997021.7656763918,True,-0.06100678442573282
2020-03-13,7314354.767512287,-4316.329193411395,True,-0.08563396958020986
2020-03-16,4650701.094337912,1160461.6860690154,True,-0.36416796256661754
2020-03-17,4446317.77252239,1110268.9649195012,True,-0.04394677655469037
2020-03-18,4339421.044850522,1083133.4353160774,True,-0.02404163020746619
2020-03-19,4502407.768756076,1123250.4342471433,True,0.03755955511599085
2020-03-20,4362646.053401932,1089043.7740183198,True,-0.03104154988448704
2020-03-23,4270188.2461865,1067051.672829118,True,-0.021193057168443552
2020-03-24,4286712.813746609,1071051.7294088742,True,0.003869751544294475
2020-03-25,4381342.802912464,1093313.9121217073,True,0.022075187510205208
2020-03-26,4535931.301734104,1093312.3936301628,False,0.035283360781283246
2020-03-27,4391226.8380122185,1093313.3047238241,False,-0.03190181995625996
2020-03-30,4483348.115696877,1093318.7712971806,False,0.020978483026023564
2020-03-31,4445957.368673192,1093322.111993426,False,-0.008339916075839504
2020-04-01,4304601.52431912,1073516.039861836,True,-0.03179424196688985
2020-04-02,4277449.221775571,1067337.3193859917,True,-0.0063077389138460616
2020-04-03,4274491.21684289,1066524.1962816399,True,-0.0006915347861109478
2020-04-06,4162042.34509967,1038452.3644645477,True,-0.02630696053372028
2020-04-07,4151982.51887752,1036967.3650100862,True,-0.0024170408150685496
2020-04-08,4225841.07852923,1036973.7020328725,False,0.017788745332116163
2020-04-09,4231177.992611841,1036980.9032391366,False,0.001262923518285275
2020-04-13,4272567.683834237,1068321.3268965324,True,0.00978207281628607
2020-04-14,4610303.120421825,1068327.2620150151,False,0.07904741634999723
2020-04-15,4468971.267468004,1068331.416621034,False,-0.030655653058424104
2020-04-16,4609913.261146992,1151900.3128748916,True,0.03153790553655611
2020-04-17,4636735.128984611,1151904.152542601,False,0.0058183020630075966
2020-04-20,4595334.2004398545,1151915.6716225233,False,-0.008928896603550895
2020-04-21,4455440.0246109795,1151919.1913648532,False,-0.03044265546899394
2020-04-22,4542924.6762173185,1151923.031095491,False,0.019635468353987662
2020-04-23,4538329.07099782,1151926.550860308,False,-0.0010115961736184564
2020-04-24,4599367.87291331,1151930.3906154777,False,0.013449620104799775
2020-04-27,4615841.885137458,1151941.9099577817,False,0.0035817992122715303
2020-04-28,4545033.520701474,1151945.4297802842,False,-0.015340292453253301
2020-04-29,4676033.127626364,1151948.6296287002,False,0.028822583228093057
2020-04-30,4677770.548602127,1151951.5095002742,False,0.00037155873971417286
2020-05-01,4544758.340574024,1135693.6303655014,True,-0.02843495777445748
2020-05-04,4640885.453315519,1135705.3028122175,False,0.021151204428914383
2020-05-05,4750371.030322587,1135709.4039702553,False,0.023591527545427926
2020-05-06,4808824.238266414,1135713.1896682684,False,0.012304977352444402
2020-05-07,4930261.28582693,1135716.6599030145,False,0.02525296029623525
2020-05-08,5086722.67145135,1135720.4456252141,False,0.03173490745291763
2020-05-11,5164068.530590603,1135731.8028675278,False,0.015205440542954696
2020-05-12,4936332.286497,1135735.9041212604,False,-0.0441001591564002
2020-05-13,4787953.785444587,1135740.0053898029,False,-0.030058450776965007
2020-05-14,4916086.362044309,1135743.7911898207,False,0.026761448071877192
2020-05-15,4935249.162192671,1135747.577002458,False,0.0038979787451074444
2020-05-18,5162939.134506135,1135759.2500036275,False,0.04613545635298877
2020-05-19,5123249.944966333,1135763.3513564747,False,-0.00768732470126221
2020-05-20,5350329.669680981,1135767.1372343125,False,0.0443233742553899
2020-05-21,5213581.999300734,1135770.92312477,False,-0.02555873727840785
2020-05-22,5246892.853820323,1135774.709027847,False,0.006389245344957883
2020-05-26,5253667.905320547,1135790.483758612,False,0.0012912502101678491
2020-05-27,5318732.505603573,-518.4054790174123,True,0.01238460470962277
2020-05-28,5184072.669706802,-823.5053337449208,True,-0.025318031270589403
2020-05-29,5311920.046108152,-821.599327442993,True,0.024661571036306507
2020-06-01,5321761.7853618115,-821.6089128057561,False,0.001852764945298846
2020-06-02,5500867.966013397,-821.612336176226,False,0.033655429888695965
2020-06-03,5707309.492400551,-618.6008795020025,True,0.0375289004685504
2020-06-04,5653900.652488015,-618.603457005667,False,-0.009357971559743161
2020-06-05,5816494.2046017805,-618.6060345200711,False,0.02875776602870017
2020-06-08,5915876.6849402515,-4890.6774986048695,True,0.01708631984191511
2020-06-09,6305777.924580389,-4890.70331051389,False,0.0659076009195203
2020-06-10,6288826.091666152,-4890.726405501745,False,-0.002688301604811927
2020-06-11,8962329.4200288,-4890.749500598659,False,0.4251196152339991
2020-06-12,8049781.990688758,-7331.900825095829,True,-0.10182034006702578
2020-06-15,8331407.845711817,-7332.002657522424,False,0.03498552573831404
2020-06-16,8765332.40187703,-7332.037280868306,False,0.05208298095604036
2020-06-17,8872887.568673769,-7332.071904377687,False,0.012270517747131393
2020-06-18,8918987.800344203,-7332.104491363929,False,0.005195628966740529
2020-06-19,8822337.7386644,-7332.135041799309,False,-0.010836438376569224
2020-06-22,9134569.728650248,-7332.228730590363,False,0.03539107198509006
2020-06-23,9306779.905715082,-7332.26131827361,False,0.018852576769401885
2020-06-24,8738153.482707199,-7332.291869362436,False,-0.061098084274959885
2020-06-25,8978438.96863755,-7332.3244573263,False,0.027498428175458
2020-06-26,8414599.263107566,-7332.352971921412,False,-0.0627993025847281
2020-06-29,8672909.95615451,-4979.03643003013,True,0.030697919766597304
2020-06-30,8736487.73161611,-4979.0585590809305,False,0.0073306163424979864
2020-07-01,8764223.278323252,-4696.156605195429,True,0.003174679294377203
2020-07-02,8977636.189927876,-4696.174868026671,False,0.024350464933094784
2020-07-06,9570042.575228998,-4696.249224570102,False,0.06598690042327071
2020-07-07,9308040.564286921,-9974.09506432712,True,-0.027377308813676615
2020-07-08,9002667.846811367,-8216.035856280476,True,-0.03280741154558431
2020-07-09,9223043.201772759,-8216.065525298845,False,0.02447889433568795
2020-07-10,9283127.063255176,-10064.42063927278,True,0.006514537573766077
2020-07-13,10385923.33797097,-10064.532466582683,False,0.11879577508756989
2020-07-14,9600801.427640337,-9280.445983955637,True,-0.07559481085906194
2020-07-15,9637237.580343291,-9280.487230382232,False,0.003795115749197331
2020-07-16,9454227.083293116,-9280.515587426546,False,-0.01898993311355679
2020-07-17,9558053.758579032,-9280.543944557507,False,0.01098203738615422
2020-07-20,10240934.839284986,-9280.634172359525,False,0.07144562041127034
2020-07-21,9974490.439202104,-9280.667685760702,False,-0.026017585724770198
2020-07-22,10108359.587821191,-9280.7011992829,False,0.01342115163025781
2020-07-23,9461491.520968389,-9280.732134953563,False,-0.06399337708881725
2020-07-24,9137269.642961854,-5048.273598765954,True,-0.03426752296802249
2020-07-27,9208562.53406362,-5048.319874748673,False,0.007802428284108043
2020-07-28,9141272.150768954,-5048.335300170512,False,-0.007307371052295175
2020-07-29,9189429.743035479,-5048.350725639484,False,0.005268149932772026
2020-07-30,9243677.985388122,-1878.9854632409988,True,0.005903330660290251
2020-07-31,9251539.97979229,-1878.9901607046568,False,0.0008505266428140423
2020-08-03,9308314.756548192,-1814.8931960255068,True,0.0061367920238051266
2020-08-04,9345134.163222188,-1814.8977332584966,False,0.003955539497425553
2020-08-05,9341661.439320214,-2615.776600022131,True,-0.0003716077095651249
2020-08-06,9376512.724280251,-2615.783866068242,False,0.0037307373197388305
2020-08-07,9273579.07683843,-2252.621594982571,True,-0.010977817709912241
2020-08-10,9102849.365446879,-2864.9573731742566,True,-0.018410336502975855
2020-08-11,9132598.18297121,-5923.4733438885305,True,0.003268077535947489
2020-08-12,8879229.733532276,-5745.062362937024,True,-0.027743304190407492
2020-08-13,8879299.18007018,-2613.308473208097,True,7.821234497606966e-06
2020-08-14,8854391.768129416,-394.8424376756884,True,-0.0028051101146214785
2020-08-17,8960153.799202327,-394.8457280384756,False,0.01194458454544467
2020-08-18,9025932.291667556,-394.8467151527957,False,0.007341223592734147
2020-08-19,8958960.033024544,-394.84792162886976,False,-0.007419982388394253
2020-08-20,9082132.376151461,-394.8491281086302,False,0.013748509053827629
2020-08-21,9252553.912842909,-394.85022491176386,False,0.018764484994620023
2020-08-24,9397826.288495723,-394.8537347018996,False,0.015700786725616478
2020-08-25,9554856.10908336,-8224.854528167401,True,0.016709163988257947
2020-08-26,9824379.708613878,-8224.879659667347,False,0.02820802285806212
2020-08-27,10192942.970676325,-8224.904791244084,False,0.037515168691952816
2020-08-28,10126260.053647732,-8224.927638201838,False,-0.006542067116477535
2020-08-31,10762928.29392178,-8224.998464170696,False,0.06287298932686447
2020-09-01,11009137.579166194,-8225.025880832243,False,0.02287567830247994
2020-09-02,11339000.422680674,-1907.2929210588336,True,0.02996264159135542
2020-09-03,13609065.831686737,-1907.2987488983144,False,0.2001997816725889
2020-09-04,11900667.846416008,-12228.051899498329,True,-0.12553381741257896
2020-09-08,10381328.863773754,-12228.20814757542,False,-0.1276683798128032
2020-09-09,11212748.329901578,-1765.9788862265777,True,0.08008796147756292
2020-09-10,10844380.034084843,-1956.8543182732828,True,-0.03285263210932765
2020-09-11,10704164.841935275,-1956.8602975503663,False,-0.01292975639998406
2020-09-14,11274245.306638094,-1956.8782354912366,False,0.05325781815966035
2020-09-15,11721529.4242462,-1956.8842148414005,False,0.03967308723935181
2020-09-16,11272768.864112586,-1956.8907377887833,False,-0.038285154086235895
2020-09-17,10982405.577623425,-1956.8956300156276,False,-0.025757938443459638
2020-09-18,10545241.74410181,-1956.9010658368222,False,-0.03980583583730812
2020-09-21,10609572.762005603,-2191.5851828035375,True,0.00610047825027582
2020-09-22,10922072.36644244,-2464.2847584908595,True,0.02945449467634953
2020-09-23,10025622.284422325,-2464.2922882498438,False,-0.08207692202941419
2020-09-24,10208062.606656125,-1595.828008522527,True,0.018197406311354136
2020-09-25,10598278.40002412,-2034.0892148335697,True,0.03822623434083927
2020-09-28,11240260.849262659,-2034.1067306520329,False,0.060574220171181636
2020-09-29,11204491.253687901,-2034.1118159188593,False,-0.0031822745089677973
2020-09-30,11355866.61679669,-2034.117466229459,False,0.013510239749525699
2020-10-01,11865235.103412148,-2034.1225515231245,False,0.04485509594327586
2020-10-02,10934520.325334253,-2034.127636829503,False,-0.07844048347682919
2020-10-05,11702750.71906727,-2034.1434578631984,False,0.07025734745337653
2020-10-06,11259984.09938746,-2034.1491082616924,False,-0.037834405799861415
2020-10-07,11848824.27883901,-2034.154758675882,False,0.052294938807558644
2020-10-08,12103451.786902666,-2034.1598440627786,False,0.021489685564701766
2020-10-09,12662405.9768494,-2034.1654945067899,False,0.0461813869124168
2020-10-12,13535227.410028467,-2034.182445932998,False,0.06893014129975317
2020-10-13,13485734.912607348,-2034.1886614904715,False,-0.0036565693299286384
2020-10-14,13234289.526975375,-2034.1954421193432,False,-0.018645286093893598
2020-10-15,13043157.192324731,-2034.2016577165273,False,-0.014442205927341911
2020-10-16,12876170.073223604,-2034.2078733327035,False,-0.012802660938518118
2020-10-19,12388351.480376152,-2034.2265202951849,False,-0.037885379742062075
2020-10-20,12428812.319786664,-2034.232170924408,False,0.0032660390266294748
2020-10-21,12335508.24972948,-2034.2378215693273,False,-0.007507078525004651
2020-10-22,12335422.551261233,-2034.242907163881,False,-6.947299333925905e-06
2020-10-23,12298118.031283565,-2034.2485578386231,False,-0.003024178525108945
2020-10-26,11622816.361115193,-2034.2660750292105,False,-0.05491097649661203
2020-10-27,11743115.938425174,-2034.2717257683078,False,0.010350294934750037
2020-10-28,10447451.101260416,-2034.2773765231016,False,-0.11033399005498656
2020-10-29,11058744.295289911,-1523.583073516471,True,0.05851122805980369
2020-10-30,10615066.501652986,-1251.5355864637822,True,-0.0401200879403546
2020-11-02,10687290.279165588,-1251.5449730041464,False,0.006803893079836643
2020-11-03,11242443.51296585,-1251.5484495179603,False,0.05194518154732908
2020-11-04,12538254.053284984,-1251.5519260414312,False,0.11526057825638003
2020-11-05,13679001.576174244,-1251.5554025745591,False,0.09098136933908973
2020-11-06,13965488.934073066,-1251.558879117344,False,0.020943586876824405
2020-11-09,13380305.73452899,-1251.569656460817,False,-0.041902091814082
2020-11-10,12565877.464370867,-1251.573133043196,False,-0.060867687653535674
2020-11-11,13514522.240067663,-6567.681669986108,True,0.07549371529259075
2020-11-12,13840502.161591874,-7849.169079083251,True,0.024120713683666306
2020-11-13,14256412.589350808,-7849.188702005948,False,0.03005024116199384
2020-11-16,14799139.614338355,-7849.247571068382,False,0.038068975738886124
2020-11-17,14589500.049733836,-7217.45609230292,True,-0.014165658955025084
2020-11-18,14655102.458330452,-7520.422753437888,True,0.004496549461803667
2020-11-19,15092978.795558728,-7520.43737648213,False,0.029878763282161325
2020-11-20,14803394.85424745,-7520.451999554806,False,-0.019186665881786746
2020-11-23,15003748.565939758,-6275.076361854561,True,0.013534308424855812
2020-11-24,15045396.127412707,-6275.092049545465,False,0.0027758104109725235
2020-11-25,15065508.866418723,-7811.536193429958,True,0.0013368035534386813
2020-11-27,15361168.716983862,-7811.575251159745,False,0.019624949491362287
2020-11-30,15360365.992664998,-2422.9467388640624,True,-5.225672171516038e-05
2020-12-01,15903941.650050648,-2253.3168603407685,True,0.035388196976896324
2020-12-02,15890739.945770951,-1864.5084204743616,True,-0.0008300900852244997
2020-12-03,16024748.133107362,-1864.5125638264071,False,0.008433099263705168
2020-12-04,16034852.075662384,-1864.5172251078166,False,0.0006305211458610405
2020-12-07,16199825.13940509,-1864.530691097923,False,0.010288405715516591
2020-12-08,15890976.52083734,-1864.5353524246505,False,-0.019064935325535992
2020-12-09,15706982.3264337,-9022.440112442477,True,-0.011578532896475924
2020-12-10,15848896.425079856,-17243.942750134505,True,0.009035096347394855
2020-12-11,15600588.44987163,-17243.981070007285,False,-0.015667209157559703
2020-12-14,15930996.080135453,-2483.7117817127146,True,0.021179177396128512
2020-12-15,16072632.367872858,-1608.9783818561118,True,0.008890610921310271
2020-12-16,16265822.79413803,-1608.9824043020662,False,0.0120198373137268
2020-12-17,16516651.570955183,-2479.007854692638,True,0.015420601834390313
2020-12-18,16506703.534472328,-2479.013363598982,False,-0.0006023034656945647
2020-12-21,16884091.387281068,-4338.2674466317985,True,0.02286270253903866
2020-12-22,16775285.172182962,-8030.724826055579,True,-0.00644430384806316
2020-12-23,16519231.350503596,-8030.744902867643,False,-0.015263753733615215
2020-12-24,16839542.721257873,-8030.764979729899,False,0.01939021035288735
2020-12-28,17139221.58681669,-8030.849749250408,False,0.01779614034177479
2020-12-29,17045185.641513318,-4343.778526193462,True,-0.005486593707132226
2020-12-30,17167514.94126108,-4343.788179034632,False,0.0071767654703525086
2020-12-31,17252085.890245996,-2828.3843563837,True,0.004926219623182293
2021-01-04,16620211.883291548,-9464.013364336686,True,-0.036625948362087546
2021-01-05,16557639.60777379,-2793.7186436662305,True,-0.00376483019332996
2021-01-06,16465573.044159628,-4727.2780350702815,True,-0.005560367648715814
2021-01-07,15855119.098787297,-8806.29188331822,True,-0.03707456422774558
2021-01-08,16022189.176651612,-4573.241317626729,True,0.010537295672354396
2021-01-11,16650344.189793456,-4573.271805969932,False,0.03920531746418421
2021-01-12,16148144.790612813,-4573.283239149447,False,-0.030161502576534605
2021-01-13,15996903.755881405,-4573.294672357544,False,-0.009365845841271314
2021-01-14,16072168.173667312,-4573.306105594224,False,0.004704936588634245
2021-01-15,16369498.163480548,-4573.317538859488,False,0.018499681349799735
2021-01-19,16075852.916896485,-14648.496492266422,True,-0.01793856132005134
2021-01-20,16177060.454130905,-4977.437867254019,True,0.006295624733418936
2021-01-21,16005570.837510556,-4912.965854491253,True,-0.010600789748335115
2021-01-22,16220486.231146365,-4912.976772193151,False,0.01342753693808496
2021-01-25,16770735.404030314,-9985.400848860387,True,0.033923099779053834
2021-01-26,16723595.057963986,-7043.514801225159,True,-0.0028108693465522805
2021-01-27,16811967.94090572,-1730.687233015662,True,0.005284323295047022
2021-01-28,16810876.568717718,-8117.31811115006,True,-6.491638527017507e-05
2021-01-29,16674196.14638892,-8709.693845285336,True,-0.008130475634039125
2021-02-01,18052887.251167797,-3266.991113029915,True,0.08268411218596916
2021-02-02,18558274.966713205,-3001.562621380668,True,0.02799484140758235
2021-02-03,18138578.426523775,-3001.5659564502475,False,-0.022615062064885505
2021-02-04,18732941.961447738,-3001.5692915235327,False,0.032767922653455184
2021-02-05,18698051.927187264,-3001.571792831275,False,-0.0018624962556483826
2021-02-08,19447668.32220157,-3001.580964309673,False,0.040090614676513425
2021-02-09,19348591.015351735,-2932.837046178058,True,-0.005094559677199295
2021-02-10,19432288.010371108,-2932.8411195628437,False,0.004325741081248058
2021-02-11,19881377.91038464,-4982.087237819796,True,0.023110500409105228
2021-02-12,19727216.513067316,-3388.589689351851,True,-0.0077540600059113896
2021-02-16,19784139.37691552,-3388.6047497755712,False,0.002885499016574089
2021-02-17,19207258.85097356,-2828.6381853620987,True,-0.029158737458909734
2021-02-18,19182255.777452882,-6280.448064435841,True,-0.001301751265741502
2021-02-19,18854375.478620112,-12256.124567816034,True,-0.017092895780180695
2021-02-22,18610259.07082216,-10713.596446846466,True,-0.012947467184726835
2021-02-23,18101841.770783935,-10713.608350842518,False,-0.02731919518709658
2021-02-24,18105403.006583724,-10713.617278849477,False,0.0001967333404460092
2021-02-25,18265660.829949386,-10713.629182868675,False,0.008851381176513184
2021-02-26,18018106.97088329,-9979.151864139487,True,-0.013552964843198678
2021-03-01,18176308.880602784,-9979.187900008781,False,0.008780162642787248
2021-03-02,17934084.86546123,-10090.125638366677,True,-0.013326358873668176
2021-03-03,16477499.596666556,-4332.967336181449,True,-0.08121882324756213
2021-03-04,15609160.874357145,-4332.9721505896005,False,-0.05269845204457346
2021-03-05,16181023.003420115,-4332.976965003101,False,0.036636314640233314
2021-03-08,15088158.000477562,-4332.992611883086,False,-0.06753992023319899
2021-03-09,16269308.428592538,-4332.99862992838,False,0.07828327540562552
2021-03-10,16036802.27734042,-4333.003444371302,False,-0.014291090016063657
2021-03-11,16865588.837975517,-4333.008258819574,False,0.051680288021393794
2021-03-12,16532103.444479922,-4333.013073273195,False,-0.019773124834200906
2021-03-15,16982859.86246438,-10544.604837396415,True,0.02726552126281101
2021-03-16,17194858.77120646,-10544.610695510213,False,0.01248311005678393
2021-03-17,16948593.83864717,-11547.991817160277,True,-0.014322009609736952
2021-03-18,16708167.800809884,-11547.99502493578,False,-0.01418560383983325
2021-03-19,16754757.64896533,-11547.998232712176,False,0.0027884474653880886
2021-03-22,16808078.03853761,-5352.099390391028,True,0.003182402914408744
2021-03-23,16443611.390202947,-6084.027624767041,True,-0.021684016905384018
2021-03-24,15749422.982311945,-5192.343662996755,True,-0.04221629856228526
2021-03-25,15721204.26240368,-5107.08053178768,True,-0.0017917303979935184
2021-03-26,16954798.269252125,-5107.083369054642,False,0.07846689008414653
2021-03-29,16607994.59855499,-6088.609991258461,True,-0.0204546031860533
2021-03-30,16168284.200870194,-6088.613373819568,False,-0.0264758273538368
2021-03-31,16776540.459031653,-5868.963181552244,True,0.03762033439075263
2021-04-01,17902513.40351113,-5868.966442087345,False,0.06711591983037901
2021-04-05,18912450.750819493,-5868.981114517035,False,0.05641315968015359
2021-04-06,18648745.026386846,-5868.9843750620985,False,-0.013943498275664767
2021-04-07,18772066.27709435,-11499.312719719484,True,0.006612844485406999
2021-04-08,18831194.004949942,-11231.086735088378,True,0.0031497719527946444
2021-04-09,19019415.072239622,-18989.16692268802,True,0.009995174349550329
2021-04-12,18820377.88228902,-18989.198571317138,False,-0.01046494801205089
2021-04-13,18810727.995321926,-18989.21439564928,False,-0.0005127360899683797
2021-04-14,18969977.814858794,-18989.224945212834,False,0.008465904114741019
2021-04-15,18660823.536193483,-18989.23549478225,False,-0.01629702900459684
2021-04-16,18381208.681316383,-18989.246044357526,False,-0.014984057607895673
2021-04-19,18847574.39579113,-18989.277693118514,False,0.025371874209163536
2021-04-20,19087635.350186918,-18989.29351751659,False,0.01273696812940539
2021-04-21,18324090.88714684,-19586.34724573372,True,-0.040002045776330264
2021-04-22,18214468.34475867,-12594.901966565056,True,-0.005982427344598307
2021-04-23,18529530.974691775,-12401.620469813934,True,0.01729738271629344
2021-04-26,18594173.137031727,-10766.546463888371,True,0.0034886021901063824
2021-04-27,18360998.79751376,-10766.54945459572,False,-0.012540183303638375
2021-04-28,17926230.27475474,-10490.054419297492,True,-0.023678914614268742
2021-04-29,17967687.83265634,-10490.057333201496,False,0.0023126757419813515
2021-04-30,17911393.61453173,-10490.060247106308,False,-0.0031330808197977955
2021-05-03,17851731.1366181,-10490.077730547335,False,-0.0033309791073556916
2021-05-04,17804424.517037667,-10490.083558368297,False,-0.0026499737878863394
2021-05-05,17789241.48872503,-10490.089386192496,False,-0.0008527671477451815
2021-05-06,17777756.86813835,-13716.93336119526,True,-0.000645593607459749
2021-05-07,17546005.332642775,-13716.940981713795,False,-0.013036039204188055
2021-05-10,17085747.989679042,-13716.9638432948,False,-0.02623146033744017
2021-05-11,17684432.2210922,-13716.967653562533,False,0.03503997786779989
2021-05-12,18681490.308849618,-15238.733820660505,True,0.05638055411065035
2021-05-13,18704800.894432172,-15238.74228662374,False,0.0012477904705232579
2021-05-14,18934018.973838996,-15238.746519607706,False,0.012254505177601516
2021-05-17,18852276.738099027,-15238.763451554158,False,-0.004317215264910801
2021-05-18,18767647.184916288,-15238.771917533853,False,-0.00448908926801983
2021-05-19,18821724.25661825,-15238.776150526051,False,0.002881398566860538
2021-05-20,19077386.482924167,-15238.780383519425,False,0.013583358401184631
2021-05-21,19009932.827236347,-15238.784616513974,False,-0.0035357912231949173
2021-05-24,19262556.631410796,-15238.801548502755,False,0.013289042442722554
2021-05-25,19330230.638807055,-15238.810014503615,False,0.0035132411907308203
2021-05-26,19385470.964077123,-15238.818480509179,False,0.0028577168220211835
2021-05-27,19371415.052026868,-4075.4242222253233,True,-0.0007250745713788254
2021-05-28,19543670.17178633,-4075.4253542876068,False,0.008892232152211355
2021-06-01,19403040.955682617,-9597.663125782507,True,-0.007195640064921349
2021-06-02,19410382.525316287,-9597.668457817577,False,0.00037837211447611097
2021-06-03,19289029.41270591,-9597.67378985561,False,-0.006251969143426295
2021-06-04,19424824.501652736,-9597.679121896605,False,0.007040016687277051
2021-06-07,19428519.197679646,-9597.695118037362,False,0.00019020486010545845
2021-06-08,19432412.242486756,-9597.700450090206,False,0.0002003778449350957
2021-06-09,19441687.503100567,-9597.708448173913,False,0.0004773087611600335
2021-06-10,19559273.515679583,-9597.716446264285,False,0.006048138185549057
2021-06-11,19565159.84999469,-10954.856050937902,True,0.00030094851479978146
2021-06-14,20154988.77987941,-10954.883438100847,False,0.030146900633928775
2021-06-15,19728911.385850374,-10954.892567170378,False,-0.021140046203071416
2021-06-16,19450596.153637003,-10954.90473927323,False,-0.014106973606915707
2021-06-17,20073710.219670866,-10954.916911389608,False,0.03203573099312673
2021-06-18,19248711.542862445,-10954.932126551983,False,-0.041098464996270456
2021-06-21,19694174.903796483,-10954.977772165903,False,0.023142502808153775
2021-06-22,20144890.048029494,-10954.989944363428,False,0.022885708410466332
2021-06-23,20226628.26017792,-10955.005159627239,False,0.004057515923569177
2021-06-24,20783676.932869196,-10955.020374912181,False,0.027540362413640107
2021-06-25,20693930.17106148,-10955.038633279473,False,-0.00431813687720406
2021-06-28,21571507.611114766,-10955.0903654875,False,0.0424074804930239
2021-06-29,21866438.491309777,-24068.921480027493,True,0.013672242363025555
2021-06-30,21626126.290081616,-24068.954909085103,False,-0.010990001930294535
2021-07-01,21169305.79547926,-24068.98833818914,False,-0.02112354697622698
2021-07-02,21077918.300918493,-24069.021767339607,False,-0.004316981172820644
2021-07-06,21680643.758633785,-24069.155484405772,False,0.02859511309942908
2021-07-07,21768616.931467023,-24069.188913788388,False,0.0040576826874987315
2021-07-08,23537888.45067532,-24069.229029103244,False,0.08127624849931436
2021-07-09,21631494.243144915,-24069.26914448496,False,-0.08099257550333527
2021-07-12,21361142.10166741,-24069.382805100875,False,-0.01249807981079154
2021-07-13,21669040.871910162,-24069.416234799213,False,0.01441396573166931
2021-07-14,21061631.477496553,-24069.45635049294,False,-0.028031208118722062
2021-07-15,21484524.750519685,-24069.489780293425,False,0.02007884685832506
2021-07-16,22548246.021182973,-18418.458851564676,True,0.04951104495050829
2021-07-19,23436152.56797841,-6862.819276215974,True,0.03937807605794652
2021-07-20,24315465.524540834,-6862.828807909413,False,0.03751950982619312
2021-07-21,25406761.13949131,-6862.83833961609,False,0.04488072061993065
2021-07-22,25513303.08965024,-6862.8478713360055,False,0.00419344872705274
2021-07-23,26172683.202646226,-6862.85740306916,False,0.02584456080339792
2021-07-26,26190311.57026343,-28751.010080065113,True,0.0006735407096289947
2021-07-27,27229153.38435601,-28751.050012023556,False,0.03966511858041755
2021-07-28,26353229.455920573,-28737.3464817293,True,-0.032168606789614085
2021-07-29,26922994.38057228,-28737.39437730677,False,0.02162030750746191
2021-07-30,26879451.760640178,-28737.442272964065,False,-0.0016173022701934103
