date,nav,cash,transition,ret
2012-08-02,1000000.0,1000000.0,False,
2012-08-03,999598.3329937358,249784.3204654482,True,-0.0004016670062642058
2012-08-06,1013922.6520340245,1555.9227783398674,True,0.014330074958596839
2012-08-07,1045807.7500255082,1555.9275325483566,False,0.03144726861316216
2012-08-08,1051015.9233229596,1555.9322867713724,False,0.0049800484814961354
2012-08-09,1065602.3974128477,1555.9370410089152,False,0.0138784520445423
2012-08-10,1073183.812262597,1555.9413630562515,False,0.007114675105983181
2012-08-13,1070850.8553439723,2189.2470652596094,True,-0.002173865177584222
2012-08-14,1083818.9686338368,285.2411667757842,True,0.012110102191307481
2012-08-15,1093301.8673241348,285.2418798787011,False,0.008749522719879277
2012-08-16,1134895.9416351418,285.2425929834008,False,0.03804445556542291
2012-08-17,1138855.5056897427,-1491.6585497285996,True,0.0034889225605090335
2012-08-20,1139968.989673626,-1491.6705658990284,False,0.000977721913201668
2012-08-21,1190969.3779390596,-1491.675123781313,False,0.04473839966474458
2012-08-22,1217801.3506763778,-1491.6796816775245,False,0.02252952362532623
2012-08-23,1251068.1097181917,-1491.684239587663,False,0.027317065318852807
2012-08-24,1172156.4922775875,-1153.1173834272195,True,-0.0630753967970451
2012-08-27,1170011.8658400911,-1153.1273130776042,False,-0.0018296417343807159
2012-08-28,1166132.6301011832,-1153.1305162090293,False,-0.003315552476147343
2012-08-29,1167098.4004248858,-1153.1343599774168,False,0.0008281822313975784
2012-08-30,1126694.349214376,-1153.1375631284168,False,-0.03461923278774148
2012-08-31,1156620.9772974532,-1153.1404459723244,False,0.026561443308865895
2012-09-04,1148692.0995431177,-1153.1522977392194,False,-0.00685520832663955
2012-09-05,1143341.1280656299,-1153.1558212601292,False,-0.004658316601651724
2012-09-06,1230562.5994717195,309658.6707120964,True,0.07628648114290781
2012-09-07,1230747.6874037879,-1071.4160566268401,True,0.00015040919669417896
2012-09-10,1371783.1012761055,-18415.024795955804,True,0.11459327961023935
2012-09-11,1359617.2144811002,331182.77335811855,True,-0.008868666470441267
2012-09-12,1336068.6138010076,1704.5104081359823,True,-0.01732002245137798
2012-09-13,1302652.9106143175,1704.515142887116,False,-0.025010469403682123
2012-09-14,1363657.9076121303,-24946.512055211908,True,0.04683135200538069
2012-09-17,1314607.0558924242,13239.604970791988,True,-0.0359700563065688
2012-09-18,1244849.79856505,25137.812744448456,True,-0.053063200151485135
2012-09-19,1228441.2826005074,25137.88955443184,False,-0.01318112111473746
2012-09-20,1257822.8796068418,-5112.10042545823,True,0.023917787054612782
2012-09-21,1215818.7352382005,311567.9367796171,True,-0.03339432367597783
2012-09-24,1202433.5020339503,311570.79282776423,False,-0.011009234202685514
2012-09-25,1246880.0118442085,319952.4202623245,True,0.03696379860929988
2012-09-26,1252320.4297272651,313215.3306628234,True,0.0043632248743885604
2012-09-27,1300517.2704619858,313216.11370115005,False,0.03848602928662359
2012-09-28,1277684.6771099628,313216.98374591034,False,-0.017556547591184413
2012-10-01,1268928.1895140607,313219.5068894909,False,-0.00685340268438428
2012-10-02,1278649.4407177563,313220.28993825807,False,0.007660993966426277
2012-10-03,1289170.0436801978,313221.0729889829,False,0.008227902525445918
2012-10-04,1301983.5693770736,313221.94304751896,False,0.009939360412298148
2012-10-05,1291534.3299719007,313222.90011456714,False,-0.008025630776717252
2012-10-08,1264716.513929337,313225.7713332579,False,-0.020764307552821437
2012-10-09,1222250.804055022,313226.64140484494,False,-0.03357725577756443
2012-10-10,1204865.1943597978,313227.5114788489,False,-0.014224257114451966
2012-10-11,1203751.0005820196,301444.7944169201,True,-0.0009247455922819503
2012-10-12,1201788.4675177075,301445.71549823636,False,-0.0016303480232732204
2012-10-15,1212306.7699345872,301448.47875907156,False,0.008752207814579194
2012-10-16,1232433.5595547566,301449.23238026846,False,0.016602059907044442
2012-10-17,1227872.8694227147,306924.342694516,True,-0.0037005565912126004
2012-10-18,1198995.6429379163,306925.1952621346,False,-0.02351809149295314
2012-10-19,1133865.0605039336,306926.04783212143,False,-0.0543209500531564
2012-10-22,1145772.4177006166,286669.52573931543,True,0.010501564614215253
2012-10-23,1138209.1120676755,284328.95013178774,True,-0.0066010540279189955
2012-10-24,1123415.200800608,279128.51943839324,True,-0.012997533678317574
2012-10-25,1132405.529182881,279129.3723310915,False,0.008002676460017621
2012-10-26,1133736.241602204,279130.3027623326,False,0.0011751200299094933
2012-10-31,1131655.8315317421,282246.1067919471,True,-0.001835003587361661
2012-11-01,1152563.46406496,282246.812407214,False,0.018475257185674998
2012-11-02,1128842.495894205,282521.7635406983,True,-0.020581051638660863
2012-11-05,1135909.5246732538,283316.21376028133,True,0.006260420567752112
2012-11-06,1139773.8925381727,284079.81494353525,True,0.003402003223831107
2012-11-07,1115086.9982495513,284080.6040541323,False,-0.02165946636454874
2012-11-08,1112636.9125086404,277555.70197827404,True,-0.002197214876289433
2012-11-09,1109443.4785004377,-186.01105748978443,True,-0.002870149257409249
2012-11-12,1106713.6267005827,276791.1810617556,True,-0.002460559598353562
2012-11-13,1104036.9206461771,276137.0859368307,True,-0.0024186076594949757
2012-11-14,1107471.3214869024,-407.90957689101924,True,0.00311076629458662
2012-11-15,1084678.8896019324,-407.91048335674566,False,-0.020580606867876883
2012-11-16,1090703.8280923911,-407.9111632075513,False,0.005554582603400693
2012-11-19,1171559.1717959335,-407.913542693869,False,0.07413134676987054
2012-11-20,1159895.6723050787,289570.1143434659,True,-0.009955535982852037
2012-11-21,1163689.453534,290175.2274902796,True,0.003270795227110268
2012-11-23,1175958.882348724,290176.8395771158,False,0.010543559346922748
2012-11-26,1181545.100738444,295279.7854468762,True,0.004750351796793062
2012-11-27,1169686.3300986923,291946.11914391577,True,-0.010036663545335722
2012-11-28,1165244.9926377712,291313.0849970258,True,-0.0037970328853431656
2012-11-29,1178245.9820434428,291313.81327973824,False,0.01115730124378489
2012-11-30,1173209.1277362397,291314.4606437677,False,-0.004274875012489021
2012-12-03,1162727.2990103662,291316.5645865741,False,-0.008934322515968374
2012-12-04,1163691.5337007558,291317.3737992535,False,0.0008292870488293413
2012-12-05,1147415.4793831145,291318.1830141807,False,-0.013986571051076035
2012-12-06,1162092.58801718,291318.99223135575,False,0.012791450784642056
2012-12-07,1155611.5831510713,291319.7205288363,False,-0.005577012479846322
2012-12-10,1164895.504872898,291321.9054322024,False,0.008033773507627684
2012-12-11,1202253.161360802,291322.5528142145,False,0.032069534418866175
2012-12-12,1192199.0606617709,1967.9707981492975,True,-0.008362715127029463
2012-12-13,1180175.0693721902,2072.217624312063,True,-0.010085556755015657
2012-12-14,1151433.1927600158,289319.83806872356,True,-0.024353909312339495
2012-12-17,1179593.6132104741,295098.4601869021,True,0.02445684267878101
2012-12-18,1191801.8555453413,-1771.9054218328674,True,0.010349532413659102
2012-12-19,1218771.23401973,-1536.7502824570547,True,0.022629079111517347
2012-12-20,1235787.2558891252,189.75858939893078,True,0.013961620847641187
2012-12-21,1232795.9216665365,15452.380724503382,True,-0.002420589958614272
2012-12-24,1244006.1459640742,-816.5852994097522,True,0.00909333337376994
2012-12-26,1255445.2254388197,313089.4667963999,True,0.00919535607750599
2012-12-27,1254191.429649299,313090.16255077056,False,-0.0009986861745262532
2012-12-28,1231917.8324508432,306916.3639412388,True,-0.017759328179019707
2012-12-31,1182559.9257021965,306916.9607233179,False,-0.04006590817055666
2013-01-02,1107300.292291778,-235.3974869690428,True,-0.06364128512618927
2013-01-03,1110990.6628677892,-248.1396692097187,True,0.0033327640222808874
2013-01-04,1092625.9100899932,-151.38563341693225,True,-0.01653006941605728
2013-01-07,1091904.0328737448,38.15155520674443,True,-0.0006606810341783786
2013-01-08,1083547.7326244528,38.151629390324,False,-0.007652962163075205
2013-01-09,1090201.0695263795,160.3663116864658,True,0.006140326541786756
2013-01-10,1093582.326041124,160.36657896365193,False,0.0031014980715562412
2013-01-11,1095247.9663541685,-283.1738009487308,True,0.0015231046381978253
2013-01-14,1087125.8384178847,-283.17553145880987,False,-0.007415789105110648
2013-01-15,1072255.3568753235,-2816.787101772497,True,-0.013678712267755966
2013-01-16,1066357.1041417632,-2816.7933612993897,False,-0.00550079110889079
2013-01-17,1078612.606424332,-6206.510779034041,True,0.011492868791296962
2013-01-18,1036217.4030314222,-5730.505181610235,True,-0.03930531048904806
2013-01-22,991780.9962597492,6099.029166219101,True,-0.042883285536100546
2013-01-23,986497.9828027815,3460.789457304054,True,-0.005326794400065338
2013-01-24,992026.4256316106,3460.7971479472926,False,0.005604109613201569
2013-01-25,1005315.4756294795,3460.8048386076216,False,0.013395862906986578
2013-01-28,1038446.8397704468,3460.8269493522,False,0.032956186335659554
2013-01-29,997731.3964115992,3460.8336787379344,False,-0.03920801893705783
2013-01-30,1075969.153363903,3460.840408136754,False,0.07841565097950265
2013-01-31,1061845.0077261,3460.8471375486583,False,-0.0131269057236868
2013-02-01,1031108.3199592314,-12817.338438844046,True,-0.028946491760308835
2013-02-04,1037058.9815244119,2387.5680877081336,True,0.00577113136417684
2013-02-05,1010017.0857001155,-310.63199041050393,True,-0.0260755620519737
2013-02-06,1009417.6904630872,345.09447629679335,True,-0.0005934505915935473
2013-02-07,1009093.5994099728,345.0951473138306,False,-0.00032106734028580775
2013-02-08,1007350.6174357765,345.09581833217254,False,-0.0017272748288319484
2013-02-11,1003110.4907064064,-6182.745655917359,True,-0.004209186608892357
2013-02-12,991493.5912476955,-5134.979921746679,True,-0.011580877247659993
2013-02-13,992799.0562908745,998.8816822161461,True,0.0013166651350071668
2013-02-14,987511.393296006,998.8847343546195,False,-0.005326015331464262
2013-02-15,978948.8176173943,-4240.140428501705,True,-0.008670862672310542
2013-02-19,935468.3624282277,-2671.4826049530093,True,-0.044415452990679394
2013-02-20,970894.9052699036,-9349.757666511869,True,0.03787038051155256
2013-02-21,972184.0920645794,59.72125463827979,True,0.0013278335149131681
2013-02-22,961625.1995368588,59.72147029836598,False,-0.010861001135389015
2013-02-25,1025019.2311915064,-8741.44938074617,True,0.06592384609427837
2013-02-26,1022195.5075223412,1417.1829716618959,True,-0.0027548006742105224
2013-02-27,1044548.902510543,529.2324185305188,True,0.021868023116618174
2013-02-28,1037247.5027692113,529.2340356295754,False,-0.006990002788555882
2013-03-01,1038943.6981059061,529.235652733573,False,0.0016352850521850204
2013-03-04,1050417.2136474464,529.240504075213,False,0.011043443030125166
2013-03-05,1098215.5799252682,92.2896843523049,True,0.04550417268186968
2013-03-06,1098048.776128871,935.237875448147,True,-0.00015188620471828784
2013-03-07,1092182.8121967872,935.2404733311344,False,-0.005342170639052957
2013-03-08,1086843.3662004408,3653.7221960589377,True,-0.0048887841272715615
2013-03-11,1063394.8721119328,7505.315924856419,True,-0.02157486057119984
2013-03-12,1071828.617731613,7505.336772956211,False,0.007930963220586618
2013-03-13,1066104.2930781173,5159.425432214339,True,-0.005340708914463033
2013-03-14,1062123.2968203044,1253.824749675463,True,-0.003734152731266871
2013-03-15,1048673.697133821,-4706.406427411843,True,-0.012662936333990293
2013-03-18,1109460.3990227843,-749.3132945611433,True,0.05796531566978591
2013-03-19,1108344.091759092,431.22252053280704,True,-0.0010061713466074096
2013-03-20,1111059.4330934533,431.22335902104135,False,0.0024499082501101554
2013-03-21,1105275.8013787877,692.414956793873,True,-0.005205510652623313
2013-03-22,1123494.8180458262,3815.878867103267,True,0.01648368366005193
2013-03-25,1110977.3571182846,5348.791056672606,True,-0.011141538640395465
2013-03-26,1114575.2003618318,5348.80145709966,False,0.0032384487590995104
2013-03-27,1123458.635134925,5348.814829103302,False,0.0079702426271544
2013-03-28,1126582.6108581743,5348.825229576581,False,0.0027806771211245085
2013-04-01,1105351.1533742298,5348.868317465379,False,-0.018845894903145588
2013-04-02,1092532.7663472076,5348.8787180426625,False,-0.011596664994551587
2013-04-03,1085793.4355120775,5348.887632840526,False,-0.006168538869239071
2013-04-04,1083669.026152634,1017.6951069702627,True,-0.0019565501963469956
2013-04-05,1061637.6213912852,1173.4791149468492,True,-0.020330381536849185
2013-04-08,1060454.4752662475,1173.4859602549961,False,-0.0011144538411206328
2013-04-09,1077132.248255949,1173.48791606493,False,0.015727005146085382
2013-04-10,1108811.8225593336,2880.94384285828,True,0.029411035046698286
2013-04-11,1108658.47919267,535.8899000720849,True,-0.00013829521253638788
2013-04-12,1089270.8334374418,4080.2295134625165,True,-0.017487482501686413
2013-04-15,1193639.9688642467,-31496.872079318113,True,0.09581559720776167
2013-04-16,1129695.0078597576,-31496.924574104913,False,-0.05357139729941596
2013-04-17,1165563.3327503903,-31496.977068979202,False,0.03175045002507915
2013-04-18,1181653.911793903,-183.77766627974233,True,0.013804980468580474
2013-04-19,1190037.1915489524,-183.77792152650105,False,0.007094530531636334
2013-04-22,1195670.3710897178,113.44695147538732,True,0.004733616378353123
2013-04-23,1200875.7045194164,-1634.8151195069804,True,0.004353485338065566
2013-04-24,1205042.342314081,-1634.8178441988462,False,0.0034696661602726664
2013-04-25,1216567.0689317773,473.23538298258427,True,0.009563752420155502
2013-04-26,1214569.2422624829,473.23604025394945,False,-0.0016421837482816226
2013-04-29,1216487.7134089551,473.23801207352227,False,0.0015795486002088133
2013-04-30,1218599.9614193544,1064.1684480192343,True,0.0017363496458835392
2013-05-01,1192673.1115313147,1064.1702216333144,False,-0.02127593197840061
2013-05-02,1237432.681111506,84.54183367578662,True,0.03752878231883905
2013-05-03,1238614.0027956695,774.4341706497216,True,0.000954655313533781
2013-05-06,1258779.7888109605,774.437182342047,False,0.016280928497316216
2013-05-07,1257766.6292636641,-635.3771198421018,True,-0.0008048743364821309
2013-05-08,1285313.8593207402,-635.3778258166794,False,0.02190170212514153
2013-05-09,1304505.0466367912,-5056.741633102429,True,0.014931129215546735
2013-05-10,1261748.0662343795,9727.927619981521,True,-0.03277640091362277
2013-05-13,1253811.3965881264,5578.428241041809,True,-0.006290217404445575
2013-05-14,1244381.9064843105,5578.43598885881,False,-0.007520660706606619
2013-05-15,1260737.3609299725,5578.44218712102,False,0.013143436400381514
2013-05-16,1289859.7502113744,5578.446835822841,False,0.02309948938129347
2013-05-17,1244778.1036508242,5578.453034097103,False,-0.03495081271677991
2013-05-20,1245823.330314159,5578.473178534941,False,0.0008396891464184097
2013-05-21,1285321.4434060203,5578.479376838473,False,0.03170442560415143
2013-05-22,1271836.6982220095,5578.485575148892,False,-0.0104913407095093
2013-05-23,1298367.5429766728,-1454.7599861295894,True,0.020860260434183653
2013-05-24,1298603.0874086784,-1454.761602529574,False,0.0001814158350459394
2013-05-28,1297659.9926958915,1073.024607195708,True,-0.0007262378489094612
2013-05-29,1290623.0109817365,1073.0260975076624,False,-0.005422823970657964
2013-05-30,1321334.6343661638,1073.0272897588818,False,0.023795967624245185
2013-05-31,1277753.244721214,1675.885377049126,True,-0.03298285575164339
2013-06-03,1276949.425244728,1030.275193857684,True,-0.0006290881903894263
2013-06-04,1269376.4142153107,1030.2763386078993,False,-0.005930548915800693
2013-06-05,1218380.4745206123,1030.2777695472585,False,-0.04017400916198888
2013-06-06,1228923.229169608,1030.279200488605,False,0.008653088973002543
2013-06-07,1276691.498966992,1030.2803452432722,False,0.03887001943128787
2013-06-10,1286731.2437403516,1030.2840657045263,False,0.007863876889196098
2013-06-11,1230117.8933945268,1030.2854966546174,False,-0.04399780499714734
2013-06-12,1187777.7773297995,1030.286927606696,False,-0.03441955953334619
2013-06-13,1241439.4098816363,1030.2883585607622,False,0.045178175224385386
2013-06-14,1217340.4332662772,1030.2897895168155,False,-0.019412124686501442
2013-06-17,1257348.3648830918,1030.2940823969004,False,0.03286503144356123
2013-06-18,1295748.0504327477,1030.2955133609037,False,0.030540211942953643
2013-06-19,1255216.1894029537,1030.2969443268944,False,-0.03128066526224549
2013-06-20,1153185.5563609337,1030.2983752948726,False,-0.08128530678890555
2013-06-21,1148051.6615191055,961.0324180484913,True,-0.004451924335602153
2013-06-24,1118286.9349637735,961.0366893099854,False,-0.02592629543861058
2013-06-25,1143565.8814185155,961.038291037801,False,0.022605062854964775
2013-06-26,1159891.79169071,961.039892768286,False,0.014276318083172646
2013-06-27,1169900.3141986672,150.62658372946316,True,0.0086288415692366
2013-06-28,1172727.627521911,-436.3176979707496,True,0.0024167130215537735
2013-07-01,1186539.379856482,-436.3191523646922,False,0.01177745966789967
2013-07-02,1189037.838171802,-599.868629020857,True,0.0021056682633004975
2013-07-03,1189200.9512192784,431.56675654795254,True,0.0001371807037926498
2013-07-05,1224835.6350818968,431.56783546550986,False,0.029965233231677546
2013-07-08,1208411.3949283427,431.5693939067805,False,-0.013409342186926132
2013-07-09,1232004.9065653083,278.81226886344666,True,0.019524403473839103
2013-07-10,1234845.9571616151,278.8125786548565,False,0.0023060383779049953
2013-07-11,1248217.5356215064,278.8128884466106,False,0.010828539691401629
2013-07-12,1251846.8395534344,729.633396222227,True,0.0029075892850045637
2013-07-15,1237234.0979200534,3557.3695448900107,True,-0.011672946858733768
2013-07-16,1294911.6007584329,3557.3725093646312,False,0.04661809994999544
2013-07-17,1214429.8929277554,3557.375473841722,False,-0.06215227957146974
2013-07-18,1195683.1633942283,3557.3784383212833,False,-0.015436650269149976
2013-07-19,1125683.965909229,5210.8234929100145,True,-0.05854326599890414
2013-07-22,1121434.751984126,264.01446357084205,True,-0.0037747840901960483
2013-07-23,1112640.8321489268,-784.3024404226115,True,-0.007841668736982
2013-07-24,1115261.7937737715,-784.3030940079785,False,0.0023556223617846594
2013-07-25,1109762.4288791197,-1392.4830087397277,True,-0.004931008060487185
2013-07-26,1112093.2965471204,-1392.4841691422348,False,0.002100330311555876
2013-07-29,1101063.3224177347,-1392.4876503555581,False,-0.009918209347751783
2013-07-30,1125125.752528917,-1392.4891975640585,False,0.0218538113306197
2013-07-31,1133033.2847759968,-1392.490744774278,False,0.007028131948189964
2013-08-01,1174110.0412879523,-1392.4922919862167,False,0.0362537950684092
2013-08-02,1181704.3540923535,-1248.0679811406735,True,0.006468143987654162
2013-08-05,1160156.7427176316,-1248.0724880582204,False,-0.018234350495621388
2013-08-06,1212426.8729058846,-1248.0738748054293,False,0.04505436917585115
2013-08-07,1237349.1833303655,-967.610480229836,True,0.02055572256060967
2013-08-08,1249841.0573566037,-967.6118241332806,False,0.010095674038120617
2013-08-09,1231672.4082177244,-967.6131680385918,False,-0.014536767720933819
2013-08-12,1244925.3263117608,-967.6174685479068,False,0.010760099849288496
2013-08-13,1272469.8920271404,-967.6190812436878,False,0.022125476229954755
2013-08-14,1246430.8053716985,-967.6204251590783,False,-0.020463420642479524
2013-08-15,1178250.6108644956,-967.6217690763353,False,-0.054700344546499524
2013-08-16,1181109.3267513935,-967.623112995459,False,0.0024262375597670083
2013-08-19,1166656.3099310524,-967.6274135489739,False,-0.01223681541834376
2013-08-20,1183333.8832759215,-967.6284886905445,False,0.014295189768317229
2013-08-21,1165764.3727099225,-967.6295638333097,False,-0.014847466817530686
2013-08-22,1199002.3381347032,-967.6303701912794,False,0.02851173547834218
2013-08-23,1216089.8708901498,-967.6311765499212,False,0.01425145907724401
2013-08-26,1207913.9105240828,-967.633864416764,False,-0.006723154728755731
2013-08-27,1129220.1537133043,-967.6352083526867,False,-0.06514848129916417
2013-08-28,1147232.0983545962,-967.6360147153603,False,0.015950782123451912
2013-08-29,1171861.304202409,-967.636552290924,False,0.02146837233994492
2013-08-30,1148815.0153761026,-967.6373586547174,False,-0.0196663963078737
2013-09-03,1169448.711646452,-967.6403153277839,False,0.017960851829216695
2013-09-04,1218516.390291994,-967.6408529057369,False,0.041957956904719707
2013-09-05,1231034.5218946307,-967.6413904839885,False,0.010273256644202311
2013-09-06,1227064.6100345298,236.9982997935731,True,-0.003224858271229425
2013-09-09,1232471.22511288,236.99869479095887,False,0.004406137243415431
2013-09-10,1235755.8715665112,566.6996615492972,True,0.002665089769807949
2013-09-11,1230489.851327249,566.6999763824425,False,-0.0042613758594459705
2013-09-12,1222180.4426502737,566.7001337991026,False,-0.006752927436185385
2013-09-13,1228658.6338823938,566.7002912158064,False,0.005300519469999321
2013-09-16,1228092.2618024824,566.7009208830151,False,-0.00046096781017335164
2013-09-17,1250302.5850633753,566.7010782999375,False,0.018085223685307295
2013-09-18,1292894.863319364,634.4127415389521,True,0.03406557641711161
2013-09-19,1298592.0871552394,-11054.64433765311,True,0.004406563903617489
2013-09-20,1336184.97387921,-11054.647408387647,False,0.028948957178942525
2013-09-23,1385284.240354705,-10015.317420332925,True,0.036745860367633165
2013-09-24,1376427.8131957962,1414.3428585043002,True,-0.0063932201788716725
2013-09-25,1370138.0753280492,1414.3436442503328,False,-0.004569609686354337
2013-09-26,1388257.4424382974,1414.3436442503328,False,0.013224482580640684
2013-09-27,1367231.0661453542,1414.3444299968019,False,-0.01514587687425839
2013-09-30,1354950.5848047456,1414.346787238828,False,-0.008982008707007383
2013-10-01,1395784.9429881,1414.3475729870431,False,0.030137156765195794
2013-10-02,1387520.326850462,1414.3483587356948,False,-0.005921124295799496
2013-10-03,1351164.72049756,1414.3495373593269,False,-0.02620185495619065
2013-10-04,1381770.1092138472,1414.3507159839412,False,0.02265111592390956
2013-10-07,1347322.4235686176,1414.354251863677,False,-0.024930113493936035
2013-10-08,1277001.0881810032,1414.3562162445824,False,-0.05219339792575861
2013-10-09,1271721.4724132433,1414.358180628216,False,-0.004134386271573476
2013-10-10,1354262.0562585914,515.7407557047554,True,0.06490460815190735
2013-10-11,1361823.9672823972,817.9097665887384,True,0.005583787117758421
2013-10-14,1384787.399329693,817.9152193326329,False,0.01686226164246518
2013-10-15,1357192.0149878243,817.9184001140414,False,-0.019927524149357723
2013-10-16,1407005.8871132417,817.9206721095974,False,0.03670362894513812
2013-10-17,1434769.017277061,817.9218081105308,False,0.019732063965120394
2013-10-18,1483655.602043451,39.7776050165412,True,0.03407279093548321
2013-10-21,1504652.0283265768,-8387.275896107021,True,0.01415181950191613
2013-10-22,1505757.2518119232,-4009.463986261544,True,0.0007345375970919665
2013-10-23,1519905.144941275,-4009.468441221529,False,0.00939586584247043
2013-10-24,1482051.643341259,-2114.6980299492134,True,-0.02490517367218892
2013-10-25,1503889.7390454188,-2114.700379613691,False,0.014735043682368554
2013-10-28,1512269.9414256967,-5062.805211274419,True,0.0055723515911461075
2013-10-29,1501322.17632933,-5062.810836613543,False,-0.007239292930761865
2013-10-30,1514771.3004887085,-5062.816461958917,False,0.008958186571426774
2013-10-31,1506204.1473738125,-5062.822087310541,False,-0.005655740316793723
2013-11-01,1508148.2511558742,-5640.346173303784,True,0.0012907305994684926
2013-11-04,1485944.7413819951,467.0653842793254,True,-0.01472236549481254
2013-11-05,1482375.7405479818,467.06603298124793,False,-0.002401839539937445
2013-11-06,1494115.2818702785,467.06668168407145,False,0.00791941003969554
2013-11-07,1418186.487516605,600.6203968128502,True,-0.05081856485573766
2013-11-08,1429342.9454677221,387.4259125158278,True,0.007866707269685858
2013-11-11,1428151.530176571,387.4278496486189,False,-0.0008335405403783192
2013-11-12,1440335.4986072266,387.4287105993959,False,0.008531285492618057
2013-11-13,1481569.2810347727,387.42957155208614,False,0.028627901254546728
2013-11-14,1480986.3959230543,387.4304325066896,False,-0.00039342413424725553
2013-11-15,1496095.0420828625,538.8822926556459,True,0.01020174540522456
2013-11-18,1465065.1149412796,538.886034902438,False,-0.020740612239703027
2013-11-19,1457677.281302324,815.4606247423435,True,-0.005042665724281914
2013-11-20,1445745.0439886125,751.0586197038792,True,-0.008185788079958956
2013-11-21,1453422.7072291295,751.0600800956397,False,0.005310523644843634
2013-11-22,1459554.3362446302,378.8303556379251,True,0.0042187513549931666
2013-11-25,1461462.3280745465,176.94590033493296,True,0.001307242753856963
2013-11-26,1466112.5403100175,176.9462443964058,False,0.003181889909948943
2013-11-27,1468773.1354487836,176.94658845854767,False,0.0018147277685813812
2013-11-29,1471508.1112351944,-570.8812519515923,True,0.0018620818425951757
2013-12-02,1488661.8551616143,-14189.666283685161,True,0.01165725407522289
2013-12-03,1544509.7191869675,-1202.773983750405,True,0.037515479980704036
2013-12-04,1542057.62256686,-1202.7759883737112,False,-0.001587621359481206
2013-12-05,1541140.6505511163,171.5913960341568,True,-0.0005946418618373306
2013-12-06,1582115.6507819179,171.59168201981686,False,0.026587450156576375
2013-12-09,1596367.2732280637,-1750.7411429253698,True,0.009007952382686035
2013-12-10,1620513.8603029,-1750.7445471442586,False,0.01512595972104136
2013-12-11,1741793.947552564,-1750.7479513697667,False,0.07484051214902587
2013-12-12,1767661.380626895,-1430.3738026487408,True,0.0148510293715729
2013-12-13,1758252.7649188933,-1430.3765839311347,False,-0.005322634646611424
2013-12-16,1796578.8495260386,-1430.3849278107646,False,0.021797824164896618
2013-12-17,1809560.2594333156,-1430.3877091147908,False,0.007225627703844717
2013-12-18,1863458.615097315,-1430.3904904242252,False,0.029785333416240123
2013-12-19,1851492.1534651308,-1430.392874408376,False,-0.006421640671402495
2013-12-20,1898957.2378273555,-1430.3956557278539,False,0.025636125042924007
2013-12-23,1956732.9468649619,-1430.403999718736,False,0.030424965811083338
2013-12-24,1967785.6976268636,-2188.16555133331,True,0.005648573955689962
2013-12-26,1961846.2034083845,-2188.174060874282,False,-0.003018364360327541
2013-12-27,2023451.8586184746,-2188.178315657178,False,0.03140187803868644
2013-12-30,2070453.115026018,-2188.1910800555047,False,0.023228255323867186
2013-12-31,2068057.8825336406,-44420.011628491804,True,-0.0011568639130218328
2014-01-02,2079190.3651581053,-44836.34494989371,True,0.005383061430962455
2014-01-03,2040670.824800472,-2108.6925712121592,True,-0.01852622107293389
2014-01-06,2036145.073250245,-744.4937352964189,True,-0.0022177763778582493
2014-01-07,2086768.636504863,-744.4945625116803,False,0.02486245401650522
2014-01-08,2119850.792845861,-744.495596531906,False,0.015853293825810688
2014-01-09,2088612.1527953385,-744.4964237492355,False,-0.01473624471870738
2014-01-10,2111816.3943710355,-744.4974577720462,False,0.011109885358390192
2014-01-13,2032145.9527067144,-744.5001462382473,False,-0.03772602669279379
2014-01-14,2145566.6679673637,-113.9273898723477,True,0.05581327222563859
2014-01-15,2148650.5416366253,-700.2336282042088,True,0.0014373236289055846
2014-01-16,2136689.1285060975,-700.2344062415734,False,-0.00556694208701658
2014-01-17,2104318.355926448,-700.2353787893597,False,-0.015149968307407446
2014-01-21,2143253.7243460487,-700.2390744833749,False,0.01850260361505951
2014-01-22,2172684.622905163,-700.239852526791,False,0.013731877950238669
2014-01-23,2136850.8395286864,-700.2406305710715,False,-0.016492860030721923
2014-01-24,1989864.3872176656,-1161.541771838558,True,-0.06878648223450201
2014-01-27,1980533.1649073504,-484.9350095417758,True,-0.004689376004845536
2014-01-28,1981890.9964620818,-484.93568306262233,False,0.0006855889003982707
2014-01-29,1954121.3630368146,-484.936221880048,False,-0.01401168554417942
2014-01-30,2009131.444214454,-484.93649128906014,False,0.02815080077326959
2014-01-31,2000474.338639675,-484.936760698222,False,-0.004308879640358088
2014-02-03,1918050.3941304442,-484.9379730410217,False,-0.041202200356781016
2014-02-04,1932123.6590843478,-484.93878127097673,False,0.007337275911503793
2014-02-05,1926245.0856678719,-1662.7732771212923,True,-0.0030425451232566347
2014-02-06,2013671.4081321866,-1662.7765102915532,False,0.04538691525538763
2014-02-07,2116979.988871358,-1662.780205350465,False,0.05130359418222885
2014-02-10,2144567.1888704933,-1662.7908286910244,False,0.013031393846024697
2014-02-11,2222157.505738875,-1662.7931381227309,False,0.03617994216783993
2014-02-12,2253616.2623933502,-1662.7954475576448,False,0.014156852776290973
2014-02-13,2307399.4608950056,-1662.7968332205176,False,0.02386528682773048
2014-02-14,2332714.198686638,-1662.797756996536,False,0.010971111946872503
2014-02-18,2357160.343235422,-1662.8028377728488,False,0.010479699811724696
2014-02-19,2314434.1940340176,-379.22180509823374,True,-0.018126110650053873
2014-02-20,2263290.2076167436,-3473.685938455863,True,-0.02209783563909884
2014-02-21,2264185.7091198447,-7298.883558979853,True,0.0003956635786641627
2014-02-24,2259762.436286224,-1958.5549880161416,True,-0.0019535821711992307
2014-02-25,2239536.2776865875,-1958.5577082314026,False,-0.008950568553071858
2014-02-26,2275475.675346102,-1958.5604284504416,False,0.016047696131379352
2014-02-27,2286713.5389472693,-1958.5626046286955,False,0.004938687643610162
2014-02-28,2293935.522041968,-1958.565324854535,False,0.0031582369071132543
2014-03-03,2344613.865197291,-305.3133959446859,True,0.022092313697732457
2014-03-04,2450862.1312145717,226.90874869623804,True,0.04531589085708143
2014-03-05,2453132.770954893,747.546312531369,True,0.0009264657164522738
2014-03-06,2455198.592100112,510.2870516800858,True,0.000842115506212382
2014-03-07,2426779.2815825194,1171.6954787349096,True,-0.011575157548979864
2014-03-10,2422754.549373509,1171.701011750016,False,-0.0016584665278607247
2014-03-11,2416468.3855500733,1171.7026391125323,False,-0.002594635030222503
2014-03-12,2425014.378343834,207.7619125621277,True,0.003536563045833274
2014-03-13,2317339.7031232673,207.76220112033957,False,-0.04440166465903728
2014-03-14,2268910.9901489094,-71.75506229553139,True,-0.02089840902871798
2014-03-17,2272632.3787250356,530.8631092908909,True,0.0016401650802009282
2014-03-18,2328235.6371701574,452.82750472339103,True,0.024466455272592613
2014-03-19,2299279.703560352,452.82825943589893,False,-0.012436856969082366
2014-03-20,2357214.2500598547,452.82901414966466,False,0.025196824209683166
2014-03-21,2291271.1495470167,452.8297688646882,False,-0.027975013519099368
2014-03-24,2255199.707899924,452.8320330173061,False,-0.01574298251615669
2014-03-25,2290015.7880401085,452.83266195068524,False,0.015438136151855852
2014-03-26,2208616.420101534,452.8332908849379,False,-0.03554533045741115
2014-03-27,2176379.382682826,452.8337940330389,False,-0.014596032667920755
2014-03-28,2200982.9718296085,452.8342971816989,False,0.011304825501725624
2014-03-31,2267425.464970929,339.0493432886724,True,0.0301876452438381
2014-04-01,2386273.057977915,1384.3825305586215,True,0.05241521489594336
2014-04-02,2390153.295736927,954.8528932961635,True,0.0016260661142863952
2014-04-03,2351403.4723641826,954.8534237699931,False,-0.01621227535566805
2014-04-04,2241055.054785712,954.8542194811795,False,-0.04692874654451462
2014-04-07,2225859.0373360226,1850.8901441634662,True,-0.006780742586952049
2014-04-08,2269473.318971796,882.5847875000909,True,0.019594359258245042
2014-04-09,2363412.221294455,882.5857681498547,False,0.04139238013391533
2014-04-10,2159635.876650609,882.5867488007083,False,-0.08622124520124408
2014-04-11,2077461.1447619197,2405.1393344750686,True,-0.03805027170419795
2014-04-14,2107594.3840984283,733.3586023601238,True,0.014504838953299348
2014-04-15,2131084.9590287986,733.3594172030153,False,0.011145681117583184
2014-04-16,2218739.1844519684,733.3602320468121,False,0.04113126745689044
2014-04-17,2231290.0343151004,218.8084192176848,True,0.005656748639535136
2014-04-21,2277838.586764573,218.8092093602622,False,0.02086172202340375
2014-04-22,2327112.411996552,218.80939170127,False,0.021631833580432414
2014-04-23,2283178.0001527546,218.80951326204317,False,-0.018879368103281058
2014-04-24,2330220.870677815,267.966080548038,True,0.020604118698547724
2014-04-25,2308446.1457740376,535.5404927051277,True,-0.009344489690989444
2014-04-28,2321216.671684063,1003.703843862284,True,0.005532087431800781
2014-04-29,2326601.1081343233,-1181.3686137561454,True,0.0023196612862312893
2014-04-30,2344768.826991556,2706.202691437793,True,0.007808695179295944
2014-05-01,2349050.498594215,2642.311290647136,True,0.001826052766213504
2014-05-02,2349375.1524274074,1642.722847257014,True,0.00013820640866879508
2014-05-05,2377441.208364298,1642.726041442356,False,0.01194617892672123
2014-05-06,2311240.524283662,1642.7274103807238,False,-0.02784535064325855
2014-05-07,2307919.6667325026,1642.7287793202322,False,-0.0014368290605274447
2014-05-08,2321940.755518626,1642.7301482608814,False,0.006075206597625726
2014-05-09,2331922.59849022,1642.7315172026715,False,0.004298922333771937
2014-05-12,2442928.9757296867,1642.735624034886,False,0.04760294244386021
2014-05-13,2427905.4533851002,1642.7369929812394,False,-0.006149799070641837
2014-05-14,2388423.6732211607,3205.978742832249,True,-0.01626166295268716
2014-05-15,2357304.0236970223,2691.3224591400467,True,-0.013029367391158342
2014-05-16,2412236.980553672,2691.3247019087626,False,0.023303297455241623
2014-05-19,2468185.2708517653,2691.3314302261233,False,0.023193529802056023
2014-05-20,2437606.9955247734,2691.3336730023148,False,-0.012388970831366919
2014-05-21,2492078.3770494983,2691.3366633730625,False,0.022346252543879785
2014-05-22,2519875.567456363,2691.338906153615,False,0.011154219972718149
2014-05-23,2578582.7430021274,2691.3418965301776,False,0.02329764862358874
2014-05-27,2667881.281970288,2691.3538580696536,False,0.034630860386583695
2014-05-28,2656077.6178283407,2691.3568484628295,False,-0.004424358842995524
2014-05-29,2693056.5015113354,2691.3598388593277,False,0.01392236560964255
2014-05-30,2697084.276164579,2691.362829259149,False,0.0014956146114957214
2014-06-02,2705420.9348664815,2691.371800478548,False,0.003090989323387916
2014-06-03,2723458.858923121,2691.3747908916594,False,0.006667326264897744
2014-06-04,2752186.335212105,4129.339307115064,True,0.010548158711801925
2014-06-05,2747778.5676422175,4129.34389526985,False,-0.0016015512879682392
2014-06-06,2721370.5074732862,1263.660480874445,True,-0.009610694427823252
2014-06-09,2780997.540666532,1263.6646930807283,False,0.021910663406361275
2014-06-10,2715282.7028380213,1263.6660971526094,False,-0.023629951795196558
2014-06-11,2818213.890046255,1263.6675012260507,False,0.03790809225892011
2014-06-12,3055787.8081193543,1263.668905301052,False,0.08429946318559933
2014-06-13,2927909.428854267,-80.74767814413644,True,-0.04184792508344626
2014-06-16,2925527.44785664,-80.74794730336266,False,-0.0008135432654278185
2014-06-17,2876472.1874236222,-80.74803702330411,False,-0.016768005533141617
2014-06-18,2803166.9738225928,-80.74810431333495,False,-0.025484415918057945
2014-06-19,2806203.896005331,-13166.908532618429,True,0.0010833896842745716
2014-06-20,2833279.3945151,-13166.915847567614,False,0.009648443061571976
2014-06-23,2760625.631975647,-13166.941449920238,False,-0.025642992597236347
2014-06-24,2869111.298028406,-13166.952422371445,False,0.03929749285676265
2014-06-25,2772539.211236936,-1207.1557082393556,True,-0.033659233386251874
2014-06-26,2770781.0065817675,-3107.1957334246254,True,-0.0006341496084321108
2014-06-27,2733317.5823804247,-3107.198322754403,False,-0.013520889638102496
2014-06-30,2671641.271945395,-3107.2069538687656,False,-0.022564633847383497
2014-07-01,2559424.086345864,-3107.208680094851,False,-0.04200308880459036
2014-07-02,2507195.5093709417,18291.593586352712,True,-0.020406378627736532
2014-07-03,2458896.930448895,18291.59866735093,False,-0.019263985892414515
2014-07-07,2571435.0972557105,18291.6342343695,False,0.04576774463916666
2014-07-08,2616054.90230912,21933.280582812906,True,0.017352102373118017
2014-07-09,2538502.5559154525,-2557.059487656399,True,-0.029644770193933745
2014-07-10,2534050.0667859213,-1410.4990288950503,True,-0.0017539825276738918
2014-07-11,2517433.6853885003,-1410.499812505622,False,-0.006557242737708191
2014-07-14,2464736.3890283355,-1493.8951218789443,True,-0.02093294320562511
2014-07-15,2439667.0894427765,1263.0985314613208,True,-0.010171188974672396
2014-07-16,2450483.8256134507,55.21550334704807,True,0.0044336935221538365
2014-07-17,2317430.030765203,-1365.2862286940217,True,-0.054296948813746804
2014-07-18,2251098.2447314784,-1582.3361885105987,True,-0.0286229940723699
2014-07-21,2255385.672656263,-1252.7389702861256,True,0.0019045938731547807
2014-07-22,2302462.457466585,-1252.7400142352674,False,0.020873053057430146
2014-07-23,2277563.847666315,-1252.7410581852791,False,-0.010813904791162732
2014-07-24,2253147.3232964203,-1252.7421021361608,False,-0.010720456594405792
2014-07-25,2197690.1492456547,-764.7949621758598,True,-0.02461320370726139
2014-07-28,2196076.669621957,-764.7970866082575,False,-0.0007341706583393615
2014-07-29,2195592.9509029267,-764.7975114955278,False,-0.0002202649505463894
2014-07-30,2197240.223990751,79.41544866943741,True,0.0007502634252614104
2014-07-31,2277393.668697158,-1393.9264150822492,True,0.03647914498890237
2014-08-01,2279244.7671047156,-1393.9275766875949,False,0.0008128144172003804
2014-08-04,2282144.1325447145,-502.8741661355307,True,0.0012720728733675024
2014-08-05,2244359.175309422,1035.59116026245,True,-0.016556779519950937
2014-08-06,2243345.624672283,384.48724353277794,True,-0.0004515991238341899
2014-08-07,2216957.021017535,827.5678526438714,True,-0.011763057535373211
2014-08-08,2276083.4221969354,827.5685422837486,False,0.026670071011237972
2014-08-11,2329147.003392759,827.5708410873619,False,0.023313548474688695
2014-08-12,2327570.110824107,827.5715307297294,False,-0.000677025780835061
2014-08-13,2402751.5465946663,827.5724502536524,False,0.032300395773659396
2014-08-14,2433421.759667421,827.5733697785971,False,0.012764621092939299
2014-08-15,2471246.148652572,827.5740594230718,False,0.015543704594110475
2014-08-18,2524728.2994485856,827.5761283599442,False,0.02164177406009271
2014-08-19,2565954.3824027316,827.5768180067178,False,0.016328918625877487
2014-08-20,2584038.375941818,-118.57283165445551,True,0.007047667590315054
2014-08-21,2592425.849687842,-118.57289752825088,False,0.003245878166560523
2014-08-22,2603069.294771856,-4903.688906422525,True,0.0041055928698194855
2014-08-25,2555499.3415843737,-4903.702527793083,False,-0.01827456275675199
2014-08-26,2593538.7735716966,-4903.706614211856,False,0.014885322554510694
2014-08-27,2624732.17550548,-4903.71206277476,False,0.012027351297634548
2014-08-28,2635569.878955142,-4903.716149201478,False,0.004129070215544983
2014-08-29,2687292.1832501,-4903.720235631602,False,0.01962471369397445
2014-09-02,2691381.2275886564,-4903.736581386151,False,0.001521622532913769
2014-09-03,2626605.718686355,-4903.740667833301,False,-0.024067756822520936
2014-09-04,2624635.3436378213,10585.37243915652,True,-0.0007501601913511013
2014-09-05,2567684.575170695,10585.381260300217,False,-0.021698545135108604
2014-09-08,2583087.6413086555,10585.404783386834,False,0.005998815542573643
2014-09-09,2646157.3298913892,1086.6019452567562,True,0.024416395159856386
2014-09-10,2619247.94246537,-2528.157240077853,True,-0.010169231860119088
2014-09-11,2616315.2087276517,-2528.158644609653,False,-0.0011196854219757135
2014-09-12,2604586.877446297,-2528.160049142233,False,-0.00448276692434868
2014-09-15,2593314.679502681,-2528.164262744656,False,-0.0043278256683333405
2014-09-16,2599388.802633983,898.532301542582,True,0.002342223710570579
2014-09-17,2614588.212702442,2662.3555753519813,True,0.005847301509130709
2014-09-18,2687173.783135724,2662.357054438412,False,0.027761759989829216
2014-09-19,2648928.0410632724,-825.2231907092792,True,-0.014232701402669079
2014-09-22,2698434.2847891757,-246.90040808171761,True,0.018689161411131305
2014-09-23,2697091.5864012525,-246.9004766651643,False,-0.000497584245609306
2014-09-24,2708644.9663571776,-246.9006138320958,False,0.004283643912641688
2014-09-25,2689289.6630020826,-246.9006824155996,False,-0.007145751324185379
2014-09-26,2696615.5499979304,-246.90075099912247,False,0.002724097406327619
2014-09-29,2697030.074574362,1854.5289659716364,True,0.00015372030930849157
2014-09-30,2686185.808539739,636.0072016331251,True,-0.004020817615960182
2014-10-01,2673298.6641240553,636.0075549704593,False,-0.004797562541918654
2014-10-02,2669179.289731378,636.0077316392245,False,-0.0015409330981082103
2014-10-03,2676853.362501356,636.0079083080387,False,0.002875068302642836
2014-10-06,2671100.576312318,895.3646788430342,True,-0.002149085291568653
2014-10-07,2594642.3744482524,1023.4577900341828,True,-0.028624231727590987
2014-10-08,2614690.2193623967,1023.4580743280133,False,0.007726631273571094
2014-10-09,2584973.7874776092,-971.2431297661096,True,-0.0113651826379777
2014-10-10,2281712.36791489,-167.51482746802503,True,-0.11731701924089477
2014-10-13,2209897.8851133115,-1177.5476285406041,True,-0.031473942032056
2014-10-14,2280145.781225451,2658.5628482477623,True,0.0317878471151789
2014-10-15,2284830.7612084355,571225.5308420714,True,0.0020546844072693027
2014-10-16,2299458.4990172368,128.1664243477353,True,0.006402109975561121
2014-10-17,2375449.716511012,128.1664955513044,False,0.03304744031094842
2014-10-20,2453781.8456710344,613154.551162054,True,0.032975705027793234
2014-10-21,2473761.243612422,-558.4459931579186,True,0.008142287781872426
2014-10-22,2405241.566650412,-558.4463034056926,False,-0.027698581315774518
2014-10-23,2507431.0169427493,-558.4464585296656,False,0.04248614846393517
2014-10-24,2572361.743218957,-558.4466136536818,False,0.025895319088529156
2014-10-27,2586642.909157543,-558.4472341501345,False,0.0055517720150490835
2014-10-28,2705084.174925463,-558.4475443985979,False,0.045789569696149446
2014-10-29,2686721.951547084,-558.4480097715515,False,-0.006788041403142264
2014-10-30,2671385.315869799,-558.4481648959986,False,-0.005708307727360418
2014-10-31,2837197.0341490246,-558.4483200204888,False,0.06206956267004782
2014-11-03,2869469.709772517,-558.4489405188375,False,0.011374844691804054
2014-11-04,2847039.3776085526,-558.4494058929546,False,-0.007816891074881815
2014-11-05,2882226.1152468803,1934.384551462983,True,0.012359062510713725
2014-11-06,2839307.041011725,1934.386163450109,False,-0.014890946275212369
2014-11-07,2818928.6301076007,-15378.065049065568,True,-0.007177248043192641
2014-11-10,2757891.8182396875,-15378.099222568368,False,-0.021652485705387803
2014-11-11,2760935.4919443326,-15378.107765956825,False,0.0011036233127474926
2014-11-12,2803493.97831281,-18726.875622972526,True,0.015414516743564421
2014-11-13,2856394.2250275556,-18726.886026792316,False,0.018869399086985705
2014-11-14,2861940.7644783333,-5405.6773107779445,True,0.0019417975999878045
2014-11-17,2855331.3521938976,-19717.070717151073,True,-0.0023094161718754114
2014-11-18,2830314.974085442,-29568.117053985363,True,-0.008761287228270187
2014-11-19,2812677.003471456,-13462.39135384711,True,-0.006231804861112744
2014-11-20,2707548.7746148617,36327.20153764868,True,-0.03737657353718293
2014-11-21,2675136.137812825,36327.211628537996,False,-0.011971210678059618
2014-11-24,2615957.9172381135,36327.25199212047,False,-0.02212157345498511
2014-11-25,2601614.48583182,15938.24755333981,True,-0.005483051279906337
2014-11-26,2537336.677265649,15938.256407921785,False,-0.02470689216877542
2014-11-28,2692669.534245211,15938.274117100491,False,0.06121885927529158
2014-12-01,2907421.953474986,15938.305108208728,False,0.07975446541009434
2014-12-02,2524441.3159970664,25364.713975472958,True,-0.13172516532049172
2014-12-03,2518170.4969439935,-25136.059077722864,True,-0.0024840423159514513
2014-12-04,2474163.130183589,19710.68668257908,True,-0.01747592818429522
2014-12-05,2433786.339354823,19710.697632960568,False,-0.01631937293713137
2014-12-08,2595872.8808501773,19710.735959341408,False,0.06659850902866116
2014-12-09,2613839.614122293,-21677.239864773815,True,0.006921268527691371
2014-12-10,2754051.4104859433,-21677.257929140367,False,0.05364208102367907
2014-12-11,2951602.0308253807,189.67281175728567,True,0.07173091235235152
2014-12-12,2945207.5421746653,189.67291713107,False,-0.002166446758043228
2014-12-15,2932696.86939922,189.6733386267341,False,-0.0042478068510606315
2014-12-16,2927701.7381470697,189.67349668784962,False,-0.0017032552202279616
2014-12-17,2929151.0330277053,189.67365474909684,False,0.0004950281860176542
2014-12-18,2934326.6444936967,189.67386549760212,False,0.0017669322638653728
2014-12-19,2945081.8704498764,189.67407624634157,False,0.0036653131226416225
2014-12-22,2945719.6503224242,189.67476118132535,False,0.00021655760369410082
2014-12-23,2929452.8328123945,189.6749192436263,False,-0.005522187934024592
2014-12-24,2933932.555280261,189.67497193110384,False,0.0015292010909648823
2014-12-26,2944076.7374871066,189.67507730610282,False,0.0034575376276420045
2014-12-29,2947968.0123685813,189.67534074381257,False,0.001321730113867936
2014-12-30,2939240.932673019,189.6754988065965,False,-0.0029603712316235153
2014-12-31,2928618.23464438,189.67570955715073,False,-0.003614095704287279
2015-01-02,2929121.368597607,189.6760256834504,False,0.00017179909189768416
2015-01-05,2917468.7258160342,189.67639449817895,False,-0.003978204149031828
2015-01-06,2910876.0940140923,189.67655256184102,False,-0.0022597095021466007
2015-01-07,2917593.2691158494,189.6767106256348,False,0.0023076128577133037
2015-01-08,2924645.038273385,189.6768686895603,False,0.0024169815690835428
2015-01-09,2921485.7441529096,189.67697406559847,False,-0.0010802316449111116
2015-01-12,2909949.886123996,189.67734288217108,False,-0.003948627184644393
2015-01-13,2907158.0049361894,189.67750094662347,False,-0.0009594258654143095
2015-01-14,2906200.0445366604,189.6777116994023,False,-0.00032951783078261077
2015-01-15,2905845.8076280807,189.677869764162,False,-0.00012189006370899591
2015-01-16,2905390.015791579,189.67802782905346,False,-0.00015685341435012212
2015-01-20,2914577.5994236674,189.67866008993647,False,0.0031622548374405923
2015-01-21,2917731.093499956,189.67881815548654,False,0.0010819729338866768
2015-01-22,2929822.501079335,189.6789762211683,False,0.004144113076875344
2015-01-23,2937782.095590293,189.67908159837734,False,0.0027167497375781835
2015-01-26,2937777.613641573,189.67945041904792,False,-1.5256232674953907e-06
2015-01-27,2911159.9257639972,189.6795557965204,False,-0.009060484276950276
2015-01-28,2911503.147341357,189.67966117405138,False,0.00011789856487176564
2015-01-29,2912094.5902616517,189.67981924043568,False,0.00020314005871324703
2015-01-30,2913866.7835731395,189.67992461811303,False,0.0006085631000498637
2015-02-02,2914105.941415288,189.68024075149637,False,8.207576389440696e-05
2015-02-03,2911463.760856531,189.6803461294079,False,-0.0009066865144490288
2015-02-04,2910208.105828586,189.68039881839292,False,-0.0004312796349474901
2015-02-05,2913509.1741284444,189.68050419639226,False,0.0011343066130724555
2015-02-06,2897511.0235119434,189.68060957445016,False,-0.005491024623695107
2015-02-09,2889853.07215682,189.6808730198583,False,-0.002642941232313789
2015-02-10,2903709.259345135,1862.505646668811,True,0.004794772205485742
2015-02-11,2932945.599827416,1862.5061640314905,False,0.010068618401855467
2015-02-12,3052959.154243903,1862.507198757137,False,0.04091912049904667
2015-02-13,3118796.6445925,1862.5077161202476,False,0.021565139598109795
2015-02-17,3130442.806943765,1862.5103029378126,False,0.0037341845841272203
2015-02-18,3135728.1073543997,1862.5113376657587,False,0.001688355525586216
2015-02-19,3173301.8076523263,1862.5123723942795,False,0.011982448417579006
2015-02-20,3237318.641749951,1862.5134071233754,False,0.02017357250522145
2015-02-23,3219645.821656794,-3554.652731645794,True,-0.005459091936530602
2015-02-24,2953020.378911635,-3554.6547064528672,False,-0.08281204129712516
2015-02-25,3045641.8622559696,-3554.6566812610376,False,0.03136499971546791
2015-02-26,2940863.3802670967,4127.3866449666675,True,-0.03440275867211162
2015-02-27,2897755.462091447,9448.729133921646,True,-0.014658252561101537
2015-03-02,2760585.1507738554,-5352.836266859609,True,-0.0473367449779869
2015-03-03,2779855.8908547927,-12497.197559867782,True,0.00698067222289267
2015-03-04,2770235.6911606435,-4843.566204937408,True,-0.0034606828813672497
2015-03-05,2747112.2709729895,-2170.5592010121036,True,-0.008347094892119489
2015-03-06,2651339.351936769,-2170.5598039452148,False,-0.03486312519811896
2015-03-09,2676852.3852977273,-597.4553539286717,True,0.009622696295863209
2015-03-10,2662141.8799209795,-625.2162957760738,True,-0.005495448855358354
2015-03-11,2633553.60656888,-349.30634236181504,True,-0.010738824090377963
2015-03-12,2637380.6934544244,-349.30663345043365,False,0.0014532025761688772
2015-03-13,2635807.7634208947,-349.3069245392948,False,-0.0005963985546089123
2015-03-16,2653651.640123387,-349.3079918670597,False,0.006769794425119047
2015-03-17,2655320.538207411,-349.30847701704835,False,0.000628906243302696
2015-03-18,2671159.6470860704,-349.3087681074458,False,0.005965045895872212
2015-03-19,2674425.1455962844,-349.3090591980859,False,0.0012225021869345376
2015-03-20,2689408.7193694664,-349.30915622838006,False,0.0056025399693291345
2015-03-23,2680818.1560387095,-349.30964138017447,False,-0.0031942200785201047
2015-03-24,2675453.6134519936,-349.30983544108636,False,-0.0020010840998789803
2015-03-25,2628593.7004066603,-349.31022356312576,False,-0.017514754436303792
2015-03-26,2615113.1115767187,-349.3105146549787,False,-0.005128441427770358
2015-03-27,2627821.0526659894,-349.31090277777275,False,0.004859423109851102
2015-03-30,2637407.487242191,-349.3120671487424,False,0.003648054560821734
2015-03-31,2624117.63628613,-349.31235824213167,False,-0.005038982796684688
2015-04-01,2620144.205446837,-349.3126493357635,False,-0.0015141969187466575
2015-04-02,2616819.770476459,-349.3128433983465,False,-0.0012687984743232628
2015-04-06,2620210.3300166847,-349.31371668126354,False,0.0012956794267906524
2015-04-07,2621832.3101879284,-349.31391074443945,False,0.0006190267066206179
2015-04-08,2632705.3316921173,-349.314201839365,False,0.004147107906916192
2015-04-09,2639920.6420171433,-349.3144929345332,False,0.002740644856136898
2015-04-10,2645981.505266591,-349.31468699814036,False,0.002295850546786271
2015-04-13,2641352.9855478746,-349.3153662215741,False,-0.00174926382119589
2015-04-14,2637227.123874725,-349.31556028566644,False,-0.0015620258616414473
2015-04-15,2646167.0632702843,-349.3157543498666,False,0.003389901201389378
2015-04-16,2642499.3154114713,-349.31594841417456,False,-0.0013860605816324867
2015-04-17,2623401.6232634704,-349.3160454463824,False,-0.007227132297299099
2015-04-20,2633365.5676345406,-349.31653060774516,False,0.003798101016143862
2015-04-21,2639870.723174837,94.5898678242811,True,0.0024702819920818797
2015-04-22,2706895.624064949,-661.2475390983745,True,0.02538946331792502
2015-04-23,2703789.9016814637,-185.41149068111554,True,-0.0011473373246735363
2015-04-24,2727859.274748742,-185.41164519069108,False,0.008902087049112106
2015-04-27,2720734.2742389003,-185.41205721686964,False,-0.002611938444111339
2015-04-28,2727972.5025833966,-185.4121602235681,False,0.0026603951782542268
2015-04-29,2675988.398759366,-185.4122117269459,False,-0.019055948611945928
2015-04-30,2573800.33778051,-185.41226323033803,False,-0.038187034378113216
2015-05-01,2708964.2464658073,-185.41231473374447,False,0.05251530458724485
2015-05-04,2711266.3628491624,-185.41252074749897,False,0.0008498142366990535
2015-05-05,2568448.0657104417,-185.41257225097695,False,-0.05267586360959331
2015-05-06,2526417.675196488,-185.41267525796152,False,-0.01636411928084991
2015-05-07,2583306.6833955674,-185.41272676148242,False,0.022517657613622788
2015-05-08,2677948.8502437323,-185.4127782650176,False,0.03663605543100479
2015-05-11,2651149.0968294865,-185.41298427928714,False,-0.01000756732594299
2015-05-12,2609854.5998606174,-185.41313879010735,False,-0.015576074924738559
2015-05-13,2639602.6298620086,-185.41324179740667,False,0.011398347633228223
2015-05-14,2746173.157168635,-185.41329330108493,False,0.0403737009885452
2015-05-15,2746821.3046657545,-185.4133963084701,False,0.0002360184373033647
2015-05-18,2801199.957843715,-185.41370533096898,False,0.019796938769039096
2015-05-19,2786013.5738310213,-185.41380833858307,False,-0.005421385206782481
2015-05-20,2794501.119448298,-185.41391134625437,False,0.003046483942863887
2015-05-21,2841368.8680699216,-185.41401435398288,False,0.01677141880368116
2015-05-22,2839560.4069049987,-185.41411736176863,False,-0.0006364753218934815
2015-05-26,2747179.9220698546,-185.41452939348392,False,-0.032533375451531565
2015-05-27,2934647.4205630156,-185.41458089751984,False,0.06823997838187257
2015-05-28,2925845.3846824868,-185.41463240157006,False,-0.0029993503883475325
2015-05-29,2900295.7940236917,-185.4146839056346,False,-0.00873237895363621
2015-06-01,2916562.333274401,-1914.4366102531785,True,0.005608579402220926
2015-06-02,2945166.3338897703,-3770.6800613570667,True,0.009807436751490872
2015-06-03,2911750.150765113,-2390.736929187202,True,-0.011346110656006103
2015-06-04,2836549.859983322,-2390.738257374385,False,-0.02582649159030026
2015-06-05,2825193.9345536977,-2390.740249656266,False,-0.0040034288097059445
2015-06-08,2717306.890601462,-2390.7455624162494,False,-0.03818748250614468
2015-06-09,2710317.3014401356,-2390.7468906082286,False,-0.002572248716367631
2015-06-10,2822161.8509091004,-2390.748218800946,False,0.04126621979261835
2015-06-11,2832684.266251969,-2390.748882897673,False,0.003728494643026714
2015-06-12,2760703.5311965537,-2390.750211091497,False,-0.02541078648015216
2015-06-15,2716447.4573626667,-2390.7541956773957,False,-0.01603072308698983
2015-06-16,2757127.005073399,1541.0597324493574,True,0.014975275005034261
2015-06-17,2762870.123442272,2718.4237008158525,True,0.002083008275754139
2015-06-18,2873818.886533329,2718.424455933547,False,0.04015706788013085
2015-06-19,2822702.2991951965,2718.4252110514512,False,-0.017786989840474554
2015-06-22,2896627.066567509,2718.4274764064216,False,0.026189360242980575
2015-06-23,2895141.378486508,2718.428231525165,False,-0.0005129027820489629
2015-06-24,2833102.869865998,2718.4289866441177,False,-0.02142849018756443
2015-06-25,2817865.0258523556,368.5602837264887,True,-0.005378500080501225
2015-06-26,2800014.381913702,2351.7597133186646,True,-0.0063348115594196175
2015-06-29,2570189.0043200958,2351.762326385919,False,-0.08208007040182752
2015-06-30,2592145.96902354,4329.973819193721,True,0.00854293776315207
2015-07-01,2632346.9008954465,166.62736731645418,True,0.01550874539949243
2015-07-02,2641871.7762877503,2250.102733011183,True,0.0036183967200764666
2015-07-06,2589718.535807674,2250.1058581554294,False,-0.019741018829218193
2015-07-07,2602950.028544099,650115.5809204581,True,0.005109239692837386
2015-07-08,2477430.564693728,622249.8372562085,True,-0.048222002909743766
2015-07-09,2459076.335822275,-640.6655885322566,True,-0.007408574485607056
2015-07-10,2585964.0688759563,-640.66576649492,False,0.05159975361694191
2015-07-13,2677898.5301242853,669016.1347974545,True,0.035551329716769775
2015-07-14,2715922.7787769577,669016.3206352696,False,0.014199286576742631
2015-07-15,2713787.179657978,669016.6923110033,False,-0.0007863254197313374
2015-07-16,2785851.4393490655,669017.0639869436,False,0.026554867762390133
2015-07-17,2847387.096474782,669017.6215011635,False,0.022088635544792234
2015-07-20,2859453.8834563848,669019.4798851487,False,0.004237845636282378
2015-07-21,2847921.636742374,669020.0374013819,False,-0.004033024201135604
2015-07-22,2757903.367512547,669020.780756979,False,-0.031608408064484284
2015-07-23,2759615.199885326,692.6244579181075,True,0.0006207006354697064
2015-07-24,2629992.7361776773,657685.0876595326,True,-0.04697120950523648
2015-07-27,2639504.7224461697,657687.462636302,False,0.0036167348060118787
2015-07-28,2618482.4892177307,1349.3295168176992,True,-0.007964461305815185
2015-07-29,2614312.3422486885,654593.144585072,True,-0.0015925815758608408
2015-07-30,2636022.542227762,654594.4174050753,False,0.008304363494837652
2015-07-31,2612636.128216584,654595.8720593362,False,-0.008871856608408724
2015-08-03,2593671.919740545,648834.9211636932,True,-0.007258648945111301
2015-08-04,2601401.961416655,648836.3630190736,False,0.002980346749824614
2015-08-05,2586275.5775983264,648837.8048776581,False,-0.0058147045488085025
2015-08-06,2600678.4545884626,648838.5258085525,False,0.005568964543024801
2015-08-07,2600149.8629550664,648839.6072060956,False,-0.00020325143712540683
2015-08-10,2571205.7611566056,648843.9328124886,False,-0.011131705218546895
2015-08-11,2595384.8303086795,648845.7351567465,False,0.009403786160310013
2015-08-12,2587329.0648578494,648847.5375060108,False,-0.0031038809184501526
2015-08-13,2592838.12485967,648849.3398602817,False,0.0021292459767283667
2015-08-14,2595996.0922719897,648850.9619836312,False,0.0012179577976894063
2015-08-17,2589564.5478604655,648856.0086152914,False,-0.0024774861682843596
2015-08-18,2601057.2902629846,648857.2702797526,False,0.0044380984486425135
2015-08-19,2612972.5847630356,648858.1714704057,False,0.004580942736115645
2015-08-20,2654037.8747721035,648858.5319471676,False,0.015715928383072564
2015-08-21,2706173.815263285,-2310.389917923487,True,0.019644007716226763
2015-08-24,2593147.6665064692,-8515.769645219902,True,-0.04176603443552984
2015-08-25,2535438.0351361725,-8515.786203660877,False,-0.022254664520530043
2015-08-26,2918778.4821986067,-8515.800396637884,False,0.1511929858864982
2015-08-27,3155460.3579549887,780762.5259037516,True,0.08108935885333035
2015-08-28,3158335.8597285664,773607.6438733514,True,0.0009112780537168241
2015-08-31,3155602.819068215,783821.9726396655,True,-0.0008653419970940934
2015-09-01,3219401.106360293,783822.6258246426,False,0.020217464284975062
2015-09-02,3131161.871705461,783823.2790101641,False,-0.02740858679600544
2015-09-03,3161394.783624554,779962.2614586216,True,0.009655493122949332
2015-09-04,3141030.9734925833,779962.6947709891,False,-0.006441400560743493
2015-09-08,3149820.4338381216,779965.2946495272,False,0.002798272420652115
2015-09-09,3138604.382650546,776444.5277698839,True,-0.003560854157615867
2015-09-10,3150134.251338755,775218.5413941669,True,0.0036735654713104804
2015-09-11,3147798.107620858,775219.4027481017,False,-0.0007416013196592797
2015-09-14,3153010.0527064395,775228.267098141,True,0.0016557431281769563
2015-09-15,3219806.0689042755,775229.774486438,False,0.02118484086040273
2015-09-16,3255307.567898874,775231.0665360622,False,0.011025974308657593
2015-09-17,3219575.651365379,775231.281878025,False,-0.010976510141730844
2015-09-18,3153795.5610844926,774623.6629120787,True,-0.0204312920098616
2015-09-21,3193690.973421285,774623.4477387791,False,0.012649967813092244
2015-09-22,3072757.7254277943,762647.5345304485,True,-0.03786629608184644
2015-09-23,3076347.468989462,759981.1204164019,True,0.0011682481609147644
2015-09-24,3068905.8024279014,759981.3315222686,False,-0.0024189941599819242
2015-09-25,3071216.7929999395,767382.5372063499,True,0.0007530340521400003
2015-09-28,3108920.7216699747,776600.4406970707,True,0.012276544187949101
2015-09-29,3135447.4110425385,778461.5274870989,True,0.008532443168352888
2015-09-30,3113998.457557531,778461.3112477857,False,-0.0068407951635443
2015-10-01,3098874.133075541,772944.5477375078,True,-0.004856882457755951
2015-10-02,3126243.391928337,782247.8373711255,True,0.00883200080980151
2015-10-05,3169572.640883589,782248.0546621913,False,0.01385984503545834
2015-10-06,3165767.52008358,795652.6327407092,True,-0.0012005154104776095
2015-10-07,3213698.4789109696,795652.6327407092,False,0.015140391239506945
2015-10-08,3249762.720008854,795652.4117260891,False,0.011222036334318952
2015-10-09,3269151.5229224237,795652.6327406478,False,0.005966221101064484
2015-10-12,3299518.2837277018,795653.2957846922,False,0.009288881409244665
2015-10-13,3233825.186062745,795653.5167994965,False,-0.01990990563347894
2015-10-14,3253676.76460018,795653.5167994965,False,0.006138729645310592
2015-10-15,3362173.710665377,795653.7378143622,False,0.03334595103165672
2015-10-16,3385949.6392579153,795653.9588292893,False,0.007071594343004195
2015-10-19,3432662.443383694,795654.8428895503,False,0.013796071738390259
2015-10-20,3385586.131054774,795655.2849200185,False,-0.013714227106617405
2015-10-21,3332988.8263012636,795655.5059353753,False,-0.015535656963813094
2015-10-22,3502437.906117061,795655.5059353753,False,0.05083997836375631
2015-10-23,3651940.18410711,-4166.228864269098,True,0.042685204419738776
2015-10-26,3702186.0037610363,44402.15883034462,True,0.013758664468983106
2015-10-27,3549118.4313541213,44402.19583214364,False,-0.041345186938585576
2015-10-28,3384427.4861337794,44402.245167916786,False,-0.0464033388588575
2015-10-29,3446333.1711319005,44402.33150561572,False,0.018291331473861527
2015-10-30,3583845.779589474,911079.2488686732,True,0.03990113596951206
2015-11-02,3398752.347316226,-2980.3319394344,True,-0.051646595209922874
2015-11-03,3430606.745104543,-3781.7341315365047,True,0.009372379783266771
2015-11-04,3622102.25219385,-3781.7393839450206,False,0.05581971975149003
2015-11-05,3389556.7679024236,-3781.744636360831,False,-0.06420179997695463
2015-11-06,3266230.8322949237,871559.5554805998,True,-0.036384089145619525
2015-11-09,3522505.9188285293,-7067.099211500565,True,0.07846202540239355
2015-11-10,3306508.9044402377,-3388.6941429027356,True,-0.06131913454956672
2015-11-11,3292071.8395666117,820974.5499893858,True,-0.004366256160459381
2015-11-12,3307686.061397355,820977.7426681913,False,0.004742977247057523
2015-11-13,3328009.2900631754,831655.7516386841,True,0.006144243525104898
2015-11-16,3309322.466535259,831665.2233095046,False,-0.0056150154339147385
2015-11-17,3308606.493834841,828303.6870945396,True,-0.00021635023714317025
2015-11-18,3296601.560781499,828306.44810683,False,-0.0036283955422657943
2015-11-19,3294179.817012152,828308.9790431991,False,-0.0007346182802790979
2015-11-20,3288693.6931772386,753.3027556497836,True,-0.0016653990187729395
2015-11-23,3284594.1642674655,753.3102887022757,False,-0.0012465523676704615
2015-11-24,3286280.9594253697,821322.0364304119,True,0.0005135475110606968
2015-11-25,3288423.1162612024,468.58053461264353,True,0.0006518483545019382
2015-11-27,3288062.8119143723,1482.790192329092,True,-0.00010956751430446499
2015-11-30,3310478.218362106,410.0723042435129,True,0.0068172074957055795
2015-12-01,3331380.231198055,410.0746963319543,False,0.0063138952916266255
2015-12-02,3322712.4866485638,410.07708843434955,False,-0.002601847867234941
2015-12-03,3289679.4327728306,410.0794805506987,False,-0.009941592601968363
2015-12-04,3312909.75130053,410.08198659196876,False,0.007061575148104682
2015-12-07,3305836.889407297,-2332.6823612278095,True,-0.0021349395015836103
2015-12-08,3262085.7515163054,-2332.6998563455186,False,-0.01323451197219716
2015-12-09,3119968.566167149,-2332.716703622259,False,-0.04356635483389615
2015-12-10,3154774.1321195234,-2332.73225506695,False,0.011155742506448574
2015-12-11,2929703.633898877,-2332.7465106529535,False,-0.07134282480927834
2015-12-14,2966577.0770410756,741350.0492430942,True,0.012586065947266745
2015-12-15,2970243.777425017,742444.3639928653,True,0.001236003747321801
2015-12-16,3017281.3661535922,761342.5620304951,True,0.015836272122200512
2015-12-17,2978261.978754846,11676.556296333089,True,-0.012931968439021668
2015-12-18,2824956.719698925,707728.7833188454,True,-0.051474739344459786
2015-12-21,2827671.681700157,707361.1931741657,True,0.0009610632199423819
2015-12-22,2798317.419516235,699980.6663482678,True,-0.010381071598196456
2015-12-23,2802992.9818103844,701997.1700712902,True,0.0016708477249722797
2015-12-24,2803920.324910872,-2007.1610087699373,True,0.0003308403219364209
2015-12-28,2801226.0111322445,100.23837809031829,True,-0.0009609095360844089
2015-12-29,2913353.703121754,100.23901850217831,False,0.04002807754315674
2015-12-30,2830785.552449059,100.23960322978623,False,-0.02834127232275996
2015-12-31,2726446.8482795316,100.24004873913391,False,-0.03685856884470062
2016-01-04,2587498.102280349,648285.0750316699,True,-0.05096330635855362
2016-01-05,2587065.470934049,651104.7874650499,True,-0.00016720064293707093
2016-01-06,2637776.669565916,651108.58557631,False,0.019601822683504633
2016-01-07,2794082.3312874716,651112.2028462299,False,0.05925659420866669
2016-01-08,2837294.2695757844,-2568.1090431208722,True,0.015465520755933326
2016-01-11,2878264.462170443,-2568.1525585475956,False,0.014439881345400307
2016-01-12,2972517.176430804,-2568.16753943752,False,0.032746370425352556
2016-01-13,2702373.4314686744,678288.8220650736,True,-0.09088046558792295
2016-01-14,2740378.117153486,226.7750769580016,True,0.014063447058150214
2016-01-15,2465568.377264605,614832.7510769578,True,-0.10028168673830096
2016-01-19,2458664.5774891363,-1280.721874631301,True,-0.0028000844913204093
2016-01-20,2500063.8147710054,624569.2292052978,True,0.016838098885431307
2016-01-21,2552934.9548254022,633840.1152040905,True,0.02114791620198675
2016-01-22,2659951.105202709,663517.3690208521,True,0.04191887073935474
2016-01-25,2705251.859453266,675991.7617061789,True,0.017030671790151164
2016-01-26,2696244.6520269406,673865.8747962507,True,-0.0033295263784222096
2016-01-27,2770855.4042753335,692549.06561121,True,0.027672100227367435
2016-01-28,2755880.9717059904,688169.6158554507,True,-0.005404263443786417
2016-01-29,2776735.4023093823,685730.5668825742,True,0.007567246487602208
2016-02-01,2793120.479741753,685749.4246458665,False,0.005900842197187117
2016-02-02,2715424.629635835,677597.1272920552,True,-0.027816863135492698
2016-02-03,2700941.855320864,673877.5246164117,True,-0.0053335210106396636
2016-02-04,2742761.8742363444,673882.9530742489,False,0.015483494705039513
2016-02-05,2660735.9428138477,664837.2413484281,True,-0.02990632624472178
2016-02-08,2624456.39412322,655715.8519990962,True,-0.013635155637526597
2016-02-09,2627394.271770399,655721.3162978629,False,0.0011194233037201684
2016-02-10,2635053.607227499,655726.9627869754,False,0.0029151831300671116
2016-02-11,2621248.676871611,655732.0628855749,False,-0.00523895617076775
2016-02-12,2676544.256873896,655737.345171637,False,0.02109512939011915
2016-02-16,2762076.348168988,690447.2301546882,True,0.031956165520308
2016-02-17,2735364.426979175,683807.4882428643,True,-0.00967095685371644
2016-02-18,2730470.614770795,680673.2652473031,True,-0.0017890896584423777
2016-02-19,2747991.419560426,680678.9375245135,False,0.006416771048496139
2016-02-22,2837209.402086768,680696.521881662,False,0.032466616122336145
2016-02-23,2742402.398913285,680702.572517412,False,-0.033415581910785974
2016-02-24,2793592.223731822,680708.8122909934,False,0.01866605164829971
2016-02-25,2855032.5928260805,680714.8630359916,False,0.02199332048976843
2016-02-26,2846604.0843546744,680720.9138347742,False,-0.002952158407082517
2016-02-29,2803486.8163478035,680739.2556463373,False,-0.015146914263156397
2016-03-01,2979358.548713037,745694.7276991277,True,0.06273321184878888
2016-03-02,2980932.169771228,746198.3552124886,True,0.0005281744484466611
2016-03-03,2910608.1342246095,746203.9517001526,False,-0.02359129008695815
2016-03-04,2950581.9042857685,746209.7555086658,False,0.013733820637386485
2016-03-07,2909026.5136274877,746227.9963398994,False,-0.014083794995800925
2016-03-08,2944461.31211659,746234.007620981,False,0.012180981618113762
2016-03-09,2925841.5470060487,746240.2262377111,False,-0.006323657585148079
2016-03-10,2905892.952710985,727793.6742045656,True,-0.006818070621588013
2016-03-11,3005221.9085178887,727800.1434816697,False,0.0341819046411318
2016-03-14,3013125.2162891133,754311.2660240642,True,0.002629858297260368
2016-03-15,3028824.994586454,759083.9899815994,True,0.0052104632799416795
2016-03-16,3097355.09957299,759090.5265381797,False,0.022625970503090453
2016-03-17,3118598.777968637,1793.394944181142,True,0.006858651240400526
2016-03-18,3163126.0513983457,2302.474232048413,True,0.014277974372423952
2016-03-21,3120382.3525198223,19896.91294295469,True,-0.013513119042356081
2016-03-22,3107334.3966049165,19897.07875056255,False,-0.004181524711024287
2016-03-23,3224382.0632856996,19897.24455955214,False,0.03766819136320487
2016-03-24,3169234.391705951,-566.4603784261271,True,-0.01710333034279199
2016-03-28,3160748.9587568366,-566.4786312588742,False,-0.002677439375049495
2016-03-29,3308252.7350774948,-566.4822504279072,False,0.046667349493859644
2016-03-30,3368714.2263411065,3443.4191400142363,True,0.018275958974517614
2016-03-31,3357279.2178485324,-2210.070780122245,True,-0.0033944727050931878
2016-04-01,3271200.955339505,-406.2452423669165,True,-0.02563929209444471
2016-04-04,3277289.364682159,-8424.824506024539,True,0.001861215322988885
2016-04-05,3542573.4032886787,8839.269953019451,True,0.08094617505105406
2016-04-06,3546565.2947176783,-2157.458419878618,True,0.0011268337941265916
2016-04-07,3376400.006982809,-2157.4722036407447,False,-0.04798030589999758
2016-04-08,3392783.963267159,-2157.4859874909343,False,0.004852492669845443
2016-04-11,3362556.466445771,-2157.5273395698864,False,-0.0089093491211506
2016-04-12,3420444.0591471395,-2157.540524459184,False,0.01721535185476175
2016-04-13,3578504.9509167047,-2157.5543087458677,False,0.04621063494573763
2016-04-14,3557176.662323322,-2157.567493799977,False,-0.005960111523087064
2016-04-15,3513984.62378837,-2157.5806789346616,False,-0.012142224757187625
2016-04-18,3562326.8087917618,-2157.620234822172,False,0.013757084955959398
2016-04-19,3485440.28407374,-2157.632820940208,False,-0.021583231647435364
2016-04-20,3514576.326857901,-2452.1321007157094,True,0.008359357903015896
2016-04-21,3554997.6570455916,-2452.1477671152415,False,0.011501053449542775
2016-04-22,3409945.794530232,-1904.9803733742447,True,-0.04080223856909826
2016-04-25,3389876.6742937104,-5685.707533495384,True,-0.005885466058936695
2016-04-26,3414117.2070812383,-5685.745438212274,False,0.007150859785357344
2016-04-27,3428956.2943231533,-114.15222910547163,True,0.004346390689557333
2016-04-28,3317069.01190733,-114.15292670242728,False,-0.032630127890827865
2016-04-29,3225911.7502506664,-114.15362430364603,False,-0.02748126774855597
2016-05-02,3264113.529946749,813585.851103108,True,0.011842165146989547
2016-05-03,3231472.1903198645,807577.5036332995,True,-0.01000006259813424
2016-05-04,3199503.5287056444,799079.3974238777,True,-0.009892909402093863
2016-05-05,3203848.8144842014,799821.028210015,True,0.0013581125132606786
2016-05-06,3234314.2706788294,799825.2494876639,False,0.009509018046325313
2016-05-09,3239659.934538343,799839.0243344125,False,0.0016527966709900532
2016-05-10,3305926.0732011595,799844.3565945748,False,0.020454658822781413
2016-05-11,3264923.4921988123,5671.779762401933,True,-0.012402751935297829
2016-05-12,3205780.781048218,803760.4455197046,True,-0.01811457796542848
2016-05-13,3193346.86080456,803766.6969898365,False,-0.003878593420100329
2016-05-16,3260040.3685168303,803785.4516919688,False,0.020885143587398014
2016-05-17,3212332.8470981754,803791.7033565931,False,-0.014634027811244454
2016-05-18,3240485.764703044,814601.2567849207,True,0.008764010127499722
2016-05-19,3232441.525895452,814608.0451287273,False,-0.0024824175730731035
2016-05-20,3290435.9068416473,814615.2860891285,False,0.017941355004134074
2016-05-23,3296198.217107676,4748.833158919355,True,0.0017512300586215446
2016-05-24,3502973.507194189,4748.879328130622,False,0.06273144891994775
2016-05-25,3572155.6827351125,4748.922859524462,False,0.019749557168742937
2016-05-26,3607574.4768158644,4748.962433881625,False,0.009915243686588804
2016-05-27,3667962.1957591837,4749.003327724805,False,0.01673914685099409
2016-05-31,3701441.40991565,4749.17086422398,False,0.009127469796491816
2016-06-01,3712760.5068473625,2900.460877512931,True,0.003058024071755039
2016-06-02,3681536.167366513,2900.4834366530895,False,-0.008410006361375344
2016-06-03,3658578.7587667094,2900.5068016585515,False,-0.0062358231879671155
2016-06-06,3648396.909682976,2900.576092094937,False,-0.0027830066687332122
2016-06-07,3670698.79920443,2900.598652131209,False,0.006112791473499968
2016-06-08,3685450.302239897,2900.6179894555567,False,0.004018717917870118
2016-06-09,3711012.3887887946,2900.638132636039,False,0.006935946615088451
2016-06-10,3744219.175970952,2900.658275956404,False,0.008948174703613754
2016-06-13,3968718.373927032,4668.173648491618,True,0.05995888258808013
2016-06-14,3974289.606493115,-2468.455906347721,True,0.001403786321217293
2016-06-15,3980709.3996823155,-1168.7608111061272,True,0.001615330996189046
2016-06-16,3998449.5362118823,-2634.114199268445,True,0.004456526399787553
2016-06-17,4007986.203053905,-2634.133223426551,False,0.0023850912098937194
2016-06-20,3994845.2940855674,-2634.1917601537375,False,-0.0032786811886540423
2016-06-21,3983422.8854400273,-2634.2115165919386,False,-0.002859286857103349
2016-06-22,3986965.2601960436,-1549.0535458087106,True,0.0008892791094221586
2016-06-23,3832386.280541902,2790.998053865682,True,-0.03877108767347048
2016-06-24,3375102.656182174,-2465.8355559972115,True,-0.11932085935112668
2016-06-27,3451391.4657886,-642.7126622007017,True,0.022603404215479905
2016-06-28,3664033.139367222,-3490.5910275941133,True,0.06161041877932427
2016-06-29,3849309.9195297114,-3634.434520274983,True,0.05056634946115324
2016-06-30,3838443.449402109,-3634.4607689687405,False,-0.0028229657665315155
2016-07-01,3832558.708967581,-5995.992475302133,True,-0.0015331059352833298
2016-07-05,3738882.708234017,307.46326950972434,True,-0.024442156754018396
2016-07-06,3727633.8832565397,-1646.417319003609,True,-0.0030086060075391607
2016-07-07,3729361.6232874063,876.3691726448014,True,0.0004634950976885044
2016-07-08,3759614.5440458525,876.3757454135962,False,0.008112090972764996
2016-07-11,3768169.0206007855,790.0245922224494,True,0.0022753600015938957
2016-07-12,3729184.2190109277,790.0309563094423,False,-0.010345820842092235
2016-07-13,3718893.3853349844,790.0377593537883,False,-0.0027595401759671345
2016-07-14,3726491.9347499106,-4801.686839387461,True,0.0020432286241089948
2016-07-15,3734206.5712845386,-4801.728187246355,False,0.002070214204058285
2016-07-18,3734848.98204875,-4801.853566795714,False,0.0001720340725528402
2016-07-19,3694568.8121947353,12073.84137831442,True,-0.01078495276452085
2016-07-20,3714937.2139125043,-1148.1851509861299,True,0.005513066003951073
2016-07-21,3660717.35480607,-349.2563133549411,True,-0.014595094340593362
2016-07-22,3585083.272854942,-1158.0851417763624,True,-0.02066100018670658
2016-07-25,3601235.7481921115,-1158.1160243213199,False,0.004505467267516661
2016-07-26,3735756.4315574346,5396.351570015424,True,0.03735403421807493
2016-07-27,3742066.5167525955,5396.398038598388,False,0.0016891050877561042
2016-07-28,3706484.9439037764,7335.81337517302,True,-0.009508535641877702
2016-07-29,3490561.405786776,7335.868393773333,False,-0.058255609124256535
2016-08-01,3416008.4883659403,7336.037527593695,False,-0.02135843171165508
2016-08-02,3609662.622327657,7336.096623451555,False,0.05669017937784804
2016-08-03,3458320.929626369,-3656.100789012853,True,-0.04192682489636579
2016-08-04,3516931.803603121,-3656.1271941852183,False,0.01694778338084557
2016-08-05,3630312.6473275726,-3656.1546151391744,False,0.0322385676083603
2016-08-08,3621714.14046044,-4035.7216790382518,True,-0.002368530675577629
2016-08-09,3536155.548296555,-4035.754189018444,False,-0.023623783889528016
2016-08-10,3682755.3532873066,-4035.785578217692,False,0.041457397161550835
2016-08-11,3625745.4890906448,-4035.8169676610783,False,-0.015480220304553649
2016-08-12,3573583.8855220564,-4035.8483573486046,False,-0.014386449276579172
2016-08-15,3510500.141687911,-4035.945891135324,False,-0.017652795024547085
2016-08-16,3710305.066932262,-4035.9761607295072,False,0.0569163700840305
2016-08-17,3503863.242176979,-3466.2755626167636,True,-0.0556401215078447
2016-08-18,3532520.4418100636,-3466.303485392129,False,0.008178743761494411
2016-08-19,3555991.901568222,-291.4629831465427,True,0.006644394602889125
2016-08-22,3564628.5521306586,-291.47002689204294,False,0.00242875990764424
2016-08-23,3583423.873214047,-291.4724558089337,False,0.005272729208251947
2016-08-24,3575380.629083391,-291.4749657106365,False,-0.0022445695556082557
2016-08-25,3562749.56503378,-2130.1543098185793,True,-0.0035327886342688686
2016-08-26,3581565.219660051,-2130.1738362330857,False,0.005281217296589036
2016-08-29,3612787.728397471,-2626.316971060005,True,0.008717559732273505
2016-08-30,3580225.3380400045,-2626.3410456322395,False,-0.009013092604782003
2016-08-31,3571675.805443334,5699.47059184828,True,-0.002387987288350657
2016-09-01,3589889.0681297244,5699.522836995371,False,0.005099360546282794
2016-09-02,3528417.599073474,-12421.099264148274,True,-0.017123501002295982
2016-09-06,3501477.3342060996,1294.7685260117287,True,-0.007635225738146345
2016-09-07,3466536.362937962,-11421.557172130793,True,-0.009978922589844452
2016-09-08,3442620.4912785487,3207.7777236401453,True,-0.006899068452045354
2016-09-09,3129991.644987333,3207.8080193186465,False,-0.09081130118269554
2016-09-12,3297605.687190163,-2464.893614520086,True,0.053550955150715174
2016-09-13,3238041.735980987,454.2912402432212,True,-0.01806278762817437
2016-09-14,3283317.814317735,454.29540457959007,False,0.013982549339510264
2016-09-15,3457961.7902309396,454.29906418146027,False,0.05319131006801281
2016-09-16,3461173.802074694,454.3027238128106,False,0.0009288743018585066
2016-09-19,3446937.2501046644,454.3138290809789,False,-0.004113214991254166
2016-09-20,3435261.755894264,454.3176150295546,False,-0.0033872082266788173
2016-09-21,3564604.628270695,454.3203914149798,False,0.037651533294225104
2016-09-22,3637857.2934103706,454.3226630169369,False,0.020550011229495846
2016-09-23,3552275.5444962927,454.32493463025196,False,-0.023525317793279266
2016-09-26,3457373.97991152,454.3326329567751,False,-0.026715710365376344
2016-09-27,3587878.661794547,454.3359142480132,False,0.0377467646373526
2016-09-28,3610739.9628653857,454.33932176737,False,0.006371815556160509
2016-09-29,3592185.193557989,454.3426031069161,False,-0.005138771968688727
2016-09-30,3691905.3515253747,454.34613688271804,False,0.02776030538353602
2016-10-03,3660294.097612126,454.3572432119282,False,-0.008562314280399441
2016-10-04,3640467.958099096,454.3614081533243,False,-0.005416542765228516
2016-10-05,3689924.095584393,454.3654469213968,False,0.0135851044575932
2016-10-06,3714550.8620471573,454.3694857253695,False,0.006674057737999117
2016-10-07,3688179.8892566836,454.37352456524263,False,-0.007099370494536794
2016-10-10,3722001.0519603253,454.3856413002681,False,0.009170149970764596
2016-10-11,3542057.9228542317,454.3900589384474,False,-0.04834580286088852
2016-10-12,3523889.0594447404,454.3946028390368,False,-0.005129465357486485
2016-10-13,3450957.208547748,454.3982632400041,False,-0.020696409468828225
2016-10-14,3490067.7126860283,454.4021761139375,False,0.011333233585570479
2016-10-17,3459814.4967880496,454.41429361290574,False,-0.008668375054160515
2016-10-18,3555547.9499026053,454.41858530345655,False,0.0276701115633311
2016-10-19,3555031.667249596,454.42287703454,False,-0.00014520480676494252
2016-10-20,3569363.5267684865,454.4271688061565,False,0.0040314294949665985
2016-10-21,3587281.6669215155,454.4313343885372,False,0.005019981859132994
2016-10-24,3733429.617070876,454.4438313647876,False,0.04074058401853331
2016-10-25,3701784.1290713274,454.4481233343061,False,-0.00847625139492425
2016-10-26,3645249.4786224747,454.45228910877,False,-0.015272271012474081
2016-10-27,3595893.740879144,454.45594997443226,False,-0.013539742076029815
2016-10-28,3535198.076804794,454.4596108695848,False,-0.016879159521413167
2016-10-31,3537971.4404472215,454.47122493605997,False,0.0007845002124844402
2016-11-01,3447818.6416525287,5159.438586556942,True,-0.02548149421559409
2016-11-02,3324378.6154705444,1952.9036298479768,True,-0.035802354767366706
2016-11-03,3242199.67835139,2725.2663410414116,True,-0.02472008956402294
2016-11-04,3281507.076749575,-148.885255752597,True,0.012123682159567606
2016-11-07,3509844.9322199575,1547.2764888159,True,0.06958322811132178
2016-11-08,3567070.504253665,2774.3961882237345,True,0.016304302081378008
2016-11-09,3588861.0768616465,2774.4300975104798,False,0.006108814665142459
2016-11-10,3400714.525762357,1895.6689304790925,True,-0.052425141868076564
2016-11-11,3422226.0315092583,-25002.55136119704,True,0.006325584104146298
2016-11-14,3337189.8283063183,-25003.57925791846,False,-0.02484821353703448
2016-11-15,3256805.4410028905,-25003.9265298526,False,-0.024087448254097144
2016-11-16,3355553.557825629,-25004.246024469372,False,0.030320545274061805
2016-11-17,3286815.545726451,-15054.402428599948,True,-0.020484850238456587
2016-11-18,3273966.872078022,-15054.5822450734,False,-0.003909155676574239
2016-11-21,3247327.8870291994,-15055.13425316561,False,-0.008136608001752532
2016-11-22,3266181.01228118,-23658.34788309934,True,0.005805735025183445
2016-11-23,3261313.0564592686,-23658.676471264385,False,-0.001490412136867847
2016-11-25,3235950.6680367896,-12052.832200357574,True,-0.007776741448431879
2016-11-28,3263079.2563376715,-12053.3143200738,False,0.0083834987253808
2016-11-29,3232175.9345112722,-639.5296147342306,True,-0.00947060104849673
2016-11-30,3241074.5159721076,-639.5381417957605,False,0.002753124100028481
2016-12-01,3313996.3365084627,-5467.6994620680925,True,0.02249927305805355
2016-12-02,3348187.2777223974,-5467.772364727587,False,0.010317133075034457
2016-12-05,3205656.428016543,-5467.9925974044945,False,-0.042569557161333815
2016-12-06,3185733.7562038177,-5468.067022859293,False,-0.006214849363957664
2016-12-07,3279674.9323834428,-5468.144487142116,False,0.029488081355413476
2016-12-08,3304548.108550639,-18692.72020016727,True,0.007584037040256231
2016-12-09,3211565.848231781,-18692.995398547995,False,-0.028137662780052475
2016-12-12,3319132.307558481,-18693.81063269637,False,0.03349346219568372
2016-12-13,3313074.013460887,-18694.091039855863,False,-0.001825264417389394
2016-12-14,3278796.393403312,-18694.37145122146,False,-0.010346167914844773
2016-12-15,3191728.112342679,31206.425386874762,True,-0.026554952065888537
2016-12-16,3150051.5628659315,20974.7475261027,True,-0.0130576753438304
2016-12-19,3035863.237212499,10191.831239635416,True,-0.036249668735436
2016-12-20,3020291.993010985,10191.978454975544,False,-0.005129099364769574
2016-12-21,2989590.955570897,4472.4953458802775,True,-0.010164923626964195
2016-12-22,3045963.875829975,-4548.161602380453,True,0.01885639911842496
2016-12-23,3054225.6257448443,-4548.2260346698195,False,0.0027123597822111822
2016-12-27,3045073.9976909165,-4548.483772955325,False,-0.0029963824469241285
2016-12-28,3076740.5542362123,-11245.557648308026,True,0.010399273242393647
2016-12-29,3117439.5602221326,-2575.0994042656966,True,0.013227961626430806
2016-12-30,3100802.814970774,1500.4601918545013,True,-0.005336669702803443
2017-01-03,2997703.6183245373,-735.1165338606806,True,-0.03324919474030097
2017-01-04,3003619.2246001097,-200.6269901645428,True,0.0019733793025471513
2017-01-05,2996014.06200789,-200.6298323802368,False,-0.0025319995723599442
2017-01-06,3036024.228016879,6982.9296490441775,True,0.013354465359943779
2017-01-09,3046679.424394257,4308.60568704441,True,0.003509588717721668
2017-01-10,3059788.074967232,439.09299455952714,True,0.004302602521294663
2017-01-11,3092100.3080489873,439.0992150436167,False,0.010560284663538644
2017-01-12,3057476.3386606355,439.10543561582983,False,-0.011197556980354961
2017-01-13,3095732.744513821,439.1117782498999,False,0.012512412727270439
2017-01-17,3033784.507011156,439.1373936639108,False,-0.02001084803345765
2017-01-18,3081022.0938871154,439.1437367595971,False,0.01557051490202821
2017-01-19,3063701.4463656023,439.14995796253453,False,-0.005621721296928728
2017-01-20,3122097.302492426,439.1559352814068,False,0.019060557025260216
2017-01-23,3115791.282990383,439.1741117083369,False,-0.0020198023607427285
2017-01-24,3216852.2174487403,439.18021134877733,False,0.032435078373209913
2017-01-25,3319918.9360427954,-3646.7240296188975,True,0.032039618741266374
2017-01-26,3297854.176993737,-3646.7746785637537,False,-0.006646174040429664
2017-01-27,3252671.0177280414,-3646.8263412050333,False,-0.013700775365053763
2017-01-30,3380635.224312464,-3646.981333520238,False,0.0393412693404831
2017-01-31,3387047.988965784,-3191.1449411218055,True,0.0018969111506623726
2017-02-01,3485083.9146400234,-3191.189262579321,False,0.0289443568539971
2017-02-02,3470912.8160937363,-3191.234471093874,False,-0.0040662144422857205
2017-02-03,3518362.992547899,-3191.278793794862,False,0.013670806202376706
2017-02-06,3533750.847867755,-1745.2425064836898,True,0.004373583780993728
2017-02-07,3565756.3984141606,6845.433936743531,True,0.009057104454808229
2017-02-08,3572688.9965432812,-7650.826236819557,True,0.0019442152953028646
2017-02-09,3418985.399797804,-7650.9388739835995,False,-0.04302182386829401
2017-02-10,3291537.3683144525,-7651.05363806671,False,-0.03727656499816845
2017-02-13,3167597.2040676596,-7651.393689932039,False,-0.0376541872013626
2017-02-14,2867782.491113043,-7651.508460837388,False,-0.09465051698164484
2017-02-15,3078530.6613723207,-669.857338349917,True,0.0734881989524534
2017-02-16,3127107.5981972367,-669.8670140670265,False,0.015779260357686953
2017-02-17,3199797.0461568027,-669.8766899238964,False,0.023244946224898477
2017-02-21,3231496.857985412,-669.9155808339416,False,0.009906819517407461
2017-02-22,3259563.340920662,-669.9252573923314,False,0.008685288635170707
2017-02-23,3434358.2296336037,-669.9347480001445,False,0.053625246829402284
2017-02-24,3362793.2007164685,-27134.44813794206,True,-0.02083796276685157
2017-02-27,3329912.6191652124,-29256.053359300015,True,-0.00977775902016531
2017-02-28,3442677.7065417687,-29256.484073418917,False,0.03386427821785487
2017-03-01,3319626.9244350167,1786.1616649343632,True,-0.03574275392463577
2017-03-02,3312840.700035127,21689.98824743135,True,-0.0020442732133355568
2017-03-03,3101699.4006530787,25867.966374755633,True,-0.06373421437976456
2017-03-06,3048063.367724438,25869.49692627896,False,-0.01729246648380789
2017-03-07,3047709.8667470384,-9150.345406727516,True,-0.00011597559983267391
2017-03-08,3051967.5515700416,-1460.2110385600245,True,0.001397011201577314
2017-03-09,3059106.726556215,-1460.2402427807956,False,0.0023392040922913804
2017-03-10,3119531.428774826,-1460.269853207941,False,0.01975240082147578
2017-03-13,3151145.1157547347,-3502.8830082949717,True,0.010134113953237156
2017-03-14,3258974.964999602,-3502.957931070427,False,0.034219258486621884
2017-03-15,3115731.769382897,-2843.3936872086488,True,-0.04395345074911394
2017-03-16,3115339.9157190244,-3501.420108221442,True,-0.00012576617400861245
2017-03-17,3109867.94235811,-3501.4901366236063,False,-0.0017564610954022841
2017-03-20,3069882.96386339,-3501.703148258784,False,-0.012857452224932953
2017-03-21,3308037.267884024,-3501.7770731030246,False,0.07757764931889177
2017-03-22,3366093.7368783024,-3662.5679165467736,True,0.017550125434776076
2017-03-23,3360358.345176146,-2451.524159724766,True,-0.001703871653757183
2017-03-24,3399132.116178247,-2451.576595102627,False,0.011538582204413395
2017-03-27,3417248.8555033067,-2451.733907965512,False,0.005329813230510405
2017-03-28,3480514.6369763217,-2451.786347829655,False,0.018513659422587425
2017-03-29,3497886.887507019,-2451.838788815428,False,0.004991287882009754
2017-03-30,3527043.9062074893,-2451.8912309228554,False,0.008335609365930807
2017-03-31,3511814.475486894,-2451.942311990166,False,-0.004317902222252368
2017-04-03,3484241.361045771,-2452.0976049477185,False,-0.007851529354295006
2017-04-04,3482767.716769425,-2452.1507337291587,False,-0.00042294552060062607
2017-04-05,3421837.3118818696,-2452.2045448147046,False,-0.017494823038061824
2017-04-06,3435766.5241563297,-2452.2576759131753,False,0.004070682211013699
2017-04-07,3435946.862917788,-2452.3128517108835,False,5.2488654333826545e-05
2017-04-10,3397935.8830372533,-2452.478386552852,False,-0.01106273798665669
2017-04-11,3339665.5042517236,-2452.5335673165496,False,-0.01714875759616885
2017-04-12,3258315.4473978723,-550.2102170288563,True,-0.024358743937165195
2017-04-13,3229529.5659718816,-550.222443922568,False,-0.00883459010973886
2017-04-17,3286094.382055613,-550.2716599140773,False,0.01751487791897932
2017-04-18,3294646.896199275,2004.5951500752512,True,0.002602638010144931
2017-04-19,3308612.9167450857,-489.5704998340225,True,0.004239003749361592
2017-04-20,3317744.5096550505,-1065.4292881049623,True,0.0027599459772853496
2017-04-21,3300859.8256222527,-1065.4523724062044,False,-0.005089205628601379
2017-04-24,3445481.567429842,-1065.5222202545683,False,0.04381335453417101
2017-04-25,3523412.1996445344,-1065.546194504524,False,0.022618211907261765
2017-04-26,3486571.9476855234,-3992.767077948374,True,-0.010455845036447253
2017-04-27,3481758.754269543,-3992.8558061056615,False,-0.0013804945052618978
2017-04-28,3453611.8198374365,-3992.9434271080736,False,-0.00808411392592645
2017-05-01,3240260.5856915712,-3993.2096292511383,False,-0.06177626359754229
2017-05-02,3279274.9762098636,-3993.2994764677965,False,0.012040510164698759
2017-05-03,3366919.2330178027,-3993.3926534555803,False,0.02672671777870761
2017-05-04,3223312.2518465677,-3993.485832617494,False,-0.04265233919570999
2017-05-05,3230773.36176789,-3993.5834511600688,False,0.0023147338322708766
2017-05-08,3122642.8729601796,-3993.8785398713553,False,-0.03346891802665508
2017-05-09,3121578.4858542564,-3993.978386834852,False,-0.00034086097873697874
2017-05-10,3131722.9051738097,-3994.077126856082,False,0.003249772307671872
2017-05-11,3173834.6809172793,-3994.1736503866478,False,0.013446839652990539
2017-05-12,3092718.1176502327,-3994.2690667571846,False,-0.02555790437188199
2017-05-15,2982811.9702017256,-3994.5586582619485,False,-0.03553707233170378
2017-05-16,2948653.3802729547,-35925.07318913529,True,-0.011451807981869178
2017-05-17,4011445.0141750476,-35925.961336778026,False,0.3604328813323292
2017-05-18,4032878.4310486093,-3896.0244299403857,True,0.005343066350859571
2017-05-19,4039864.825214398,-2030.2613730279263,True,0.0017323592280891198
2017-05-22,4152726.0730100158,-2030.4147744170566,False,0.027936887167908653
2017-05-23,4144069.912880151,-2030.466098790521,False,-0.002084452472346787
2017-05-24,4211546.115526582,-2030.5179884797124,False,0.016282592732499213
2017-05-25,4292634.745319087,-2030.5698794949733,False,0.01925388623754065
2017-05-26,4316389.8244374255,-5078.747991567245,True,0.005533915771483322
2017-05-30,4239707.229398281,-5079.267172374556,False,-0.01776544708844474
2017-05-31,4232673.864747794,-5079.402619499153,False,-0.0016589269659276207
2017-06-01,4099768.70171934,-5079.538070235672,False,-0.031399811862512506
2017-06-02,4125526.697534338,-5079.673524584212,False,0.006282792442460439
2017-06-05,4197771.433016948,-5080.078498207233,False,0.017511639307967064
2017-06-06,4311467.530349842,-5080.213966967185,False,0.027084870900457858
2017-06-07,4254103.717959936,-5080.35226168073,False,-0.013304938976370306
2017-06-08,4125015.580410187,-5080.491971367927,False,-0.030344379476401895
2017-06-09,4157880.2665776433,-5080.63168489714,False,0.007967166554117222
2017-06-12,4217106.899028596,-4437.783439046238,True,0.01424442952988203
2017-06-13,4230073.721295931,-4437.905478090812,False,0.0030748146959049816
2017-06-14,4224256.484874128,-4715.036687454522,True,-0.0013752092292189655
2017-06-15,4218561.506919111,-5216.779253250032,True,-0.0013481610255933196
2017-06-16,4209928.393478029,-5216.9256128901925,False,-0.0020464590659451387
2017-06-19,4233949.870522456,-4585.388823047921,True,0.005705911074791903
2017-06-20,4126461.797607632,-3613.6119161093957,True,-0.025387186008784868
2017-06-21,4193824.641124852,-4236.432289362187,True,0.016324601273729034
2017-06-22,4190248.7502138303,-3066.7788769975887,True,-0.0008526562784615388
2017-06-23,4236551.15533283,-2806.764872341242,True,0.01105003733170662
2017-06-26,4226867.3962718,216.9007951222593,True,-0.0022857646953797772
2017-06-27,3974200.799667349,-2085.8397674330045,True,-0.059776324383232105
2017-06-28,3997138.2474425943,-2085.897707426544,False,0.005771587529539213
2017-06-29,3952411.427972648,-1950.9836321185576,True,-0.011189710413084475
2017-06-30,3926566.180729864,-7324.9312521065,True,-0.0065391085198943655
2017-07-03,3841028.149099159,53.017232364114534,True,-0.02178443650090356
2017-07-05,3981581.950478291,-1488.6990625989856,True,0.036592754836253016
2017-07-06,4060710.5028978633,-1488.7412424057593,False,0.019873646556506808
2017-07-07,4044093.085084268,-3630.3647255965043,True,-0.004092243907005133
2017-07-10,4142362.549244618,-3630.6763408176066,False,0.024299505993765402
2017-07-11,4196360.866269285,-3630.7802185018027,False,0.013035632777848916
2017-07-12,4360238.069135874,-3630.8840991580546,False,0.03905221883652765
2017-07-13,4368704.552420713,-3630.9879827864474,False,0.0019417479391250492
2017-07-14,4497752.857442926,-3631.090860779293,False,0.029539261232647718
2017-07-17,4487102.237787147,-3631.402538327941,False,-0.0023679868577380914
2017-07-18,4554719.85706039,-3631.5084542353093,False,0.01506932886525636
2017-07-19,4647597.19705839,-3631.618408241285,False,0.020391449510122728
2017-07-20,4673886.217631109,-3631.7324007079887,False,0.005656475692290774
2017-07-21,4635364.278649596,-3631.8474055673446,False,-0.008241950528491415
2017-07-24,4658629.685009556,-3632.1934509071934,False,0.0050191106807118135
2017-07-25,4637402.978670113,-3632.3104882517227,False,-0.004556427055738332
2017-07-26,4707604.2531120675,-3632.4224844917776,False,0.015138057823494755
2017-07-27,4590687.7385810735,-3632.5324661725585,False,-0.02483567187146285
2017-07-28,4568311.176530558,-3632.6394240729514,False,-0.004874337642802096
2017-07-31,4502508.728790105,-3632.9593075444664,False,-0.01440410803854797
2017-08-01,4553181.692666649,-3633.066278012966,False,0.011254384372989312
2017-08-02,4543628.071862582,-3633.1732516311517,False,-0.0020982296444382875
2017-08-03,4496399.885061103,-3633.2802283991164,False,-0.010394377808771393
2017-08-04,4513607.008100024,-3633.3872083169526,False,0.0038268667108747323
2017-08-07,4636977.612733961,-3633.7031203023157,False,0.027333040827998145
2017-08-08,4598642.757795643,-3633.8080939480133,False,-0.008267207250050923
2017-08-09,4570233.076008976,-3633.9130706262827,False,-0.006177840567960224
2017-08-10,4206100.095562069,-3634.0170409169145,False,-0.07967492563090284
2017-08-11,4283271.620137436,2671.8990859126206,True,0.018347524505370805
2017-08-14,4418610.7110152645,4539.731225415482,True,0.03159713015666421
2017-08-15,4435532.966061434,4539.859851133536,False,0.00382976825815029
2017-08-16,4461120.895384864,4539.985958351623,False,0.005768851120985241
2017-08-17,4141495.3058415647,4540.109546858266,False,-0.0716469239544617
2017-08-18,4136771.5862899404,-766.5361912662629,True,-0.001140583099288217
2017-08-21,4129184.7360345297,3747.4377725333907,True,-0.0018340026992437197
2017-08-22,4331311.9355374025,156.3272843643026,True,0.048950873459099764
2017-08-23,4326841.572064272,941.5257200245651,True,-0.0010321037920294485
2017-08-24,4309683.2086448865,-682.8620016690693,True,-0.003965563132740213
2017-08-25,4302174.350171061,-1339.8149156018626,True,-0.0017423226047712514
2017-08-28,4336437.400850025,-1339.9261977542785,False,0.00796412415912462
2017-08-29,4368743.485636392,223.2971366152051,True,0.007449913788686091
2017-08-30,4395349.968138811,223.3034013404268,False,0.0060901910560546835
2017-08-31,4421011.769215861,-6610.521028884803,True,0.005838397684614138
2017-09-01,4426452.14641367,-6610.704654468938,False,0.001230572882816361
2017-09-05,4283994.699247616,616.5573060713359,True,-0.03218321184867501
2017-09-06,4286885.950440981,616.575288992763,False,0.0006748960716205232
2017-09-07,4294528.784987998,616.5929298968648,False,0.0017828406529525331
2017-09-08,4275643.450877777,616.6104000298785,False,-0.004397533479397531
2017-09-11,4286023.73810821,616.6631559796439,False,0.0024277719481735627
2017-09-12,4288839.376610468,616.6806281023966,False,0.0006569348828433519
2017-09-13,4292424.941037842,616.6981007201928,False,0.0008360220825540665
2017-09-14,4286393.788636741,616.7157451380746,False,-0.001405068809343657
2017-09-15,4302115.382927776,616.7333900607828,False,0.0036677904705613162
2017-09-18,4303396.658179895,1842.325587271771,True,0.00029782447425819036
2017-09-19,4330717.96139304,-2339.6987908561714,True,0.006348776416232216
2017-09-20,4319875.103586258,27327.932263975075,True,-0.002503709062433024
2017-09-21,4316516.590442062,2198.987862259033,True,-0.0007774560753869286
2017-09-22,4342345.978755465,-307.13495955781764,True,0.005983850119004597
2017-09-25,4324750.519377537,-307.1610667689993,False,-0.004052062977941362
2017-09-26,4321145.501863513,905.4383944061083,True,-0.000833578144651681
2017-09-27,4379839.86199289,119.68078891874757,True,0.013583055720772341
2017-09-28,4395248.451026498,-711.0643765433924,True,0.0035180713266071972
2017-09-29,4397105.452633917,-711.0849184031592,False,0.00042250207880401014
2017-10-02,4337360.925805727,6444.654859545408,True,-0.013587239940402784
2017-10-03,4361232.615765446,6444.842828645478,False,0.0055037361123653206
2017-10-04,4354534.304713598,6445.0325934621,False,-0.0015358756668089057
2017-10-05,4224203.844247469,6445.22057357941,False,-0.029929827473181847
2017-10-06,4239545.465631366,-25419.70308586606,True,0.003631837370914104
2017-10-09,4326051.675962047,12159.742134870103,True,0.02040459550014484
2017-10-10,4215936.805199432,12160.100171721851,False,-0.025453896303290646
2017-10-11,4166425.9349618503,12160.464974727003,False,-0.011743741077077097
2017-10-12,4114895.1924087172,12160.826410769308,False,-0.012368092786846807
2017-10-13,4044260.445565095,12161.187857554296,False,-0.017165624770694277
2017-10-16,3987334.600681414,12162.279018985648,False,-0.014075711900826238
2017-10-17,4011813.544268263,12162.64050894538,False,0.006139174671387249
2017-10-18,3952298.3553906367,12163.002009649397,False,-0.014834983784990818
2017-10-19,3902621.565068064,12163.366899709687,False,-0.01256908913640531
2017-10-20,3859805.895334417,12163.735179429706,False,-0.010971002189114398
2017-10-23,3994877.2767781224,-36319.16402803536,True,0.03499434559830439
2017-10-24,4059959.353504297,-28982.232306217116,True,0.016291383243357993
2017-10-25,4085350.938900539,-28983.117874426473,False,0.006254147686066247
2017-10-26,4096611.1940401415,-1120.9368412055774,True,0.0027562516190182684
2017-10-27,4402770.471287218,-3512.849078341038,True,0.07473476557709091
2017-10-30,4450314.026075358,-11168.051366095986,True,0.010798554023698559
2017-10-31,4361745.180711383,-11168.401918819423,False,-0.019901706900913196
2017-11-01,4401962.705520696,-18919.79888771125,True,0.009220512236057132
2017-11-02,4331977.596681046,-18920.40327017572,False,-0.015898614668379274
2017-11-03,4312368.749054363,-20082.241379132494,True,-0.004526534865209486
2017-11-06,4242825.155633899,12036.699112267233,True,-0.016126541459543176
2017-11-07,4314205.674383647,12037.100335570976,False,0.016823818123865797
2017-11-08,4316747.907530901,12037.504915887812,False,0.0005892702710834641
2017-11-09,4372023.026169533,12037.912853554406,False,0.012804805798874774
2017-11-10,4537831.980535424,16772.24347557593,True,0.03792499567669516
2017-11-13,4611556.826617585,16773.93939290656,False,0.016246711292616345
2017-11-14,4561831.192154844,26537.395206180052,True,-0.010782830252839437
2017-11-15,4856466.896597387,-4291.711331205443,True,0.06458715634836265
2017-11-16,5053726.46272712,-4291.860348959998,False,0.04061791634324541
2017-11-17,4991171.09983573,6837.304763189517,True,-0.012378066631179241
2017-11-20,4936222.346235569,3107.0747906665783,True,-0.01100919052884608
2017-11-21,5099607.704839425,3107.1852644369133,False,0.03309927048331929
2017-11-22,5077708.453053626,-1759.80293185357,True,-0.0042943012587060014
2017-11-24,5092775.012819387,-1759.9266090658152,False,0.0029671967000586275
2017-11-27,5046467.550524947,15549.7275664552,True,-0.009092775977316059
2017-11-28,4984853.323568822,15550.280445657563,False,-0.012209377418807787
2017-11-29,5122156.170349186,15550.829024995506,False,0.027544009395659597
2017-11-30,5232825.346692168,-61577.07337957644,True,0.021605974644743675
2017-12-01,5330978.943818252,-6663.878460055792,True,0.018757285141979718
2017-12-04,5283534.66843265,-53764.24190179828,True,-0.008899730403290618
2017-12-05,5262522.09304405,-55970.76789619634,True,-0.003976992053093431
2017-12-06,5200996.134878956,1000.5693990350701,True,-0.011691344392913527
2017-12-07,5111584.730467053,1000.6046968999804,False,-0.017191207625072313
2017-12-08,5039116.051987002,1000.6397180643719,False,-0.014177340746815648
2017-12-11,4990674.082514333,-191.7337887280155,True,-0.009613187902979048
2017-12-12,4992210.408406092,-191.74081896693554,False,0.0003078393552369274
2017-12-13,5015470.4446081,-191.74763641827658,False,0.004659265996249218
2017-12-14,4959612.965586158,-191.75456063848057,False,-0.01113703682213718
2017-12-15,4800232.2419535965,-1527.0696833470138,True,-0.032135717996237934
2017-12-18,4896277.743632795,-4175.993232257606,True,0.02000851142987825
2017-12-19,4874614.938951652,20434.410660837944,True,-0.004424341472318294
2017-12-20,4942862.927183654,-56787.32785345265,True,0.014000693200739267
2017-12-21,4838824.536703262,586.3731898183469,True,-0.021048204656500924
2017-12-22,4883309.1932144305,-38343.02599459991,True,0.009193277452766768
2017-12-26,4824729.529897241,-38348.75646773579,False,-0.011995894791709816
2017-12-27,4825122.76055733,16868.703006220283,True,8.15031511409714e-05
2017-12-28,4812647.853514252,16869.344954084685,False,-0.00258540718280853
2017-12-29,4825384.787811027,-16073.33062193328,True,0.0026465543884484077
2018-01-02,4613793.822654483,-5452.2578101380495,True,-0.043849552825512506
2018-01-03,4636461.912103992,-5489.173027361161,True,0.00491311279195128
2018-01-04,4656856.793651994,657.1171575485496,True,0.004398802779929989
2018-01-05,4642335.217190514,657.1421645070451,False,-0.003118321456926698
2018-01-08,4639349.809197664,-4464.522438062122,True,-0.0006430832443540258
2018-01-09,4725561.504928072,-8840.866228896542,True,0.01858271078406082
2018-01-10,4580472.176980811,-8841.210040361,False,-0.03070308741002603
2018-01-11,4565226.890504061,-2231.584893617779,True,-0.0033283220348691023
2018-01-12,4627098.528603042,-68826.42950366193,True,0.013552806811787832
2018-01-16,4989283.152461553,-68837.25118585557,False,0.07827467291211065
2018-01-17,5031179.869776089,-68839.96643298568,False,0.008397342069845326
2018-01-18,4999697.957139554,-68842.70090943009,False,-0.006257361782204707
2018-01-19,4864984.762855654,40266.15419671184,True,-0.026944266521446658
2018-01-22,4801718.017548518,-80712.08732584072,True,-0.01300451047456086
2018-01-23,4940580.945516111,-80715.27096928525,False,0.02891942580969986
2018-01-24,5136690.617519278,-80718.43231739821,False,0.03969364618570781
2018-01-25,5279350.472842469,-80721.57136754389,False,0.027772717094666444
2018-01-26,5239052.443565566,-80724.68811710502,False,-0.007633141516972586
2018-01-29,6099050.374040559,-80734.1287888784,False,0.16415142618608725
2018-01-30,6423357.152287753,-24557.60324486578,True,0.0531733234451619
2018-01-31,6074649.39819294,27140.096253293334,True,-0.054287461498325196
2018-02-01,5972207.049348347,-16549.51633095229,True,-0.016863911335371462
2018-02-02,6083695.567287984,-14431.437478368753,True,0.01866789229147736
2018-02-05,6073241.331108608,7781.753729994671,True,-0.0017184022546408162
2018-02-06,6127935.693113582,-167.84076536726207,True,0.00900579427410797
2018-02-07,5935457.072898099,-2759.750366257562,True,-0.031410026125402335
2018-02-08,5190740.472668268,13416.767285396694,True,-0.12546912412698308
2018-02-09,5397143.287966996,-2274.0172403012402,True,0.039763655375478324
2018-02-12,5657483.197951772,1020.7082316615852,True,0.048236612610453866
2018-02-13,5698741.6037879065,1020.7527458816882,False,0.00729271380798302
2018-02-14,6060134.773860717,1020.7969785006765,False,0.0634163110383168
2018-02-15,6344478.351479823,1020.8412130364115,False,0.046920338941234485
2018-02-16,6272977.81637952,1020.8863001899873,False,-0.011269726388714929
2018-02-20,6368603.521586618,1021.0680868041817,False,0.015244068767054753
2018-02-21,6251368.456389698,1021.114034868088,False,-0.018408284453498736
2018-02-22,6254108.48770274,1021.1597013568695,False,0.00043830904099739776
2018-02-23,6645070.6156741055,1021.2053698879579,False,0.0625128471532117
2018-02-26,6961985.065326544,1021.3435225101033,False,0.04769166017662996
2018-02-27,6744227.437024609,1021.3900503816844,False,-0.0312780947184812
2018-02-28,6592034.441768472,1021.43629665341,False,-0.02256640907758012
2018-03-01,6279488.970929634,1021.4816938221502,False,-0.04741259676352516
2018-03-02,6492164.653222934,1021.5276604983723,False,0.03386831050709138
2018-03-05,6681432.45002842,1021.6669918545246,False,0.02915326503796023
2018-03-06,6816694.0637140265,1021.7138182583178,False,0.02024440338164779
2018-03-07,6880270.121850752,1021.7606468083213,False,0.00932652361137154
2018-03-08,6958712.1643473115,1021.8071936822315,False,0.011401012039838232
2018-03-09,7357559.514369261,1021.8537426766104,False,0.05731625918735772
2018-03-12,7485654.014750598,1021.9945378800222,False,0.017409916988258
2018-03-13,7188907.482602724,1022.0427987332,False,-0.039642031486244234
2018-03-14,7176104.830850775,1022.0919135676946,False,-0.001780889764255722
2018-03-15,7171688.726930733,1022.1413146768505,False,-0.0006153901070476975
2018-03-16,7139860.012472567,1022.1910021018695,False,-0.004438105956640848
2018-03-19,6717648.9610139495,1022.340646808664,False,-0.05913435987835336
2018-03-20,6792448.33050946,1022.3911958739785,False,0.011134754127464896
2018-03-21,6745124.350078031,1022.4397594557826,False,-0.006967146178921135
2018-03-22,6235261.760704549,460.8875309440773,True,-0.07558979833597645
2018-03-23,6168112.53935448,460.90942310179713,False,-0.010769270630024308
2018-03-26,6196889.44901426,564.6905516759143,True,0.0046654320063350685
2018-03-27,5647323.646710323,4296.306472088341,True,-0.08868413852232859
2018-03-28,5496259.444414749,4171.353818953852,True,-0.026749698042111025
2018-03-29,5536962.99713505,4171.550799550859,False,0.00740568256137597
2018-04-02,5438100.169146718,-1321.0403844570392,True,-0.01785506387517577
2018-04-03,5567840.338835053,-2390.9826462620986,True,0.02385762778413336
2018-04-04,5465066.145590077,-2030.6251230805647,True,-0.018458538138771297
2018-04-05,5461145.40907808,-2030.7204496488425,False,-0.0007174179429028094
2018-04-06,5191712.173209844,-1887.0770061431685,True,-0.0493363966138598
2018-04-09,5203060.359334099,-2280.8718978607794,True,0.002185827285035913
2018-04-10,5450806.9717190955,-2481.9207910650293,True,0.04761555609105095
2018-04-11,5392367.339419878,-2482.037992880163,False,-0.010721280830971458
2018-04-12,5609118.310166806,-4137.234849896224,True,0.04019588375636274
2018-04-13,5592093.111015192,-2920.534983532096,True,-0.0030352718930450884
2018-04-16,5686677.117109783,-2269.4820143243996,True,0.01691388255111148
2018-04-17,5736621.145027881,-2269.593597190104,False,0.008782638241905616
2018-04-18,5729184.564895177,-2508.315762984508,True,-0.001296334539914512
2018-04-19,5401883.137084846,-194.07685838185716,True,-0.05712879801705595
2018-04-20,5364832.468626956,-194.0864544042994,False,-0.006858843021525396
2018-04-23,5356717.94599537,-194.115568827953,False,-0.001512539800457846
2018-04-24,5328868.611974425,-194.12549029035975,False,-0.005198954714754955
2018-04-25,5324743.726355419,1334013.2240857943,True,-0.0007740640498692386
2018-04-26,5292003.999702263,1334079.5541877698,False,-0.006148601385472685
2018-04-27,5308179.333124417,3629.8300798411947,True,0.0030565610727173453
2018-04-30,5291446.218732758,3630.3745815739894,False,-0.0031523265024675506
2018-05-01,5306427.625768135,1324726.3928178684,True,0.002831249986504636
2018-05-02,5254917.063373616,5145.008856878383,True,-0.009707201535055887
2018-05-03,5288974.247482637,5145.2661073212275,False,0.0064810126778969135
2018-05-04,5589799.079234122,5145.523370626594,False,0.056877726696186404
2018-05-07,5719931.916102375,5146.299526089204,False,0.023280414022695428
2018-05-08,5748526.090034819,5146.562559176093,False,0.004999040959202228
2018-05-09,5957153.961792838,5146.827035307606,False,0.03629241104422909
2018-05-10,6186453.4114005845,5147.09295470443,False,0.03849144257113313
2018-05-11,6136986.06013098,5147.361747336508,False,-0.007996075938831892
2018-05-14,6220887.5692781,5148.171069401465,False,0.013671451804687429
2018-05-15,6020968.913135865,5148.441348382608,False,-0.03213667726925895
2018-05-16,6168987.464665195,5148.710211430801,False,0.024583842511858967
2018-05-17,6108412.363835193,5148.97908851962,False,-0.009819293875528934
2018-05-18,5963656.5217622705,-2076.1059935280937,True,-0.023697784866317906
2018-05-21,5974764.351208813,-2076.4312671191838,False,0.0018625870564490388
2018-05-22,5972648.869262168,-168.71596850536298,True,-0.0003540695201169619
2018-05-23,6096855.202090031,-168.72477922816267,False,0.020795853824101762
2018-05-24,6112462.933606782,-168.7335435430837,False,0.002559964276566795
2018-05-25,6156043.651331188,-168.7422614428334,False,0.007129813006275354
2018-05-29,6037206.87726304,-168.77732506677742,False,-0.019304082426779168
2018-05-30,6162204.591958578,-168.78623275893372,False,0.020704560442726727
2018-05-31,6113082.446750261,-168.79509403615356,False,-0.00797152130788048
2018-06-01,6432830.584876844,-168.8039088910643,False,0.052305549763452364
2018-06-04,6589799.876810391,-168.83049690249732,False,0.024401278700324047
2018-06-05,6656203.129879396,-121.94793619820848,True,0.01007667217674979
2018-06-06,6538237.277706724,-24750.208736351342,True,-0.017722694135208883
2018-06-07,6598299.296952868,-24751.51499736798,False,0.009186270961889953
2018-06-08,6642532.463828972,-25324.881074476987,True,0.006703722411702584
2018-06-11,6603129.694154923,-25328.88402351069,False,-0.005931889665366508
2018-06-12,6669035.510213749,-25330.213789921927,False,0.009980996756305593
2018-06-13,6702233.868812148,-19748.753224240856,True,0.004977984979620542
2018-06-14,6606304.738331441,5447.169765877654,True,-0.014313008521994353
2018-06-15,6563598.898128682,12766.616844897158,True,-0.00646440663794523
2018-06-18,6536956.6197248995,-43322.18068146892,True,-0.004059096056490907
2018-06-19,6694969.428956386,-11958.107196057215,True,0.02417222851910794
2018-06-20,6729970.061514552,-11958.73831838145,False,0.005227900280886155
2018-06-21,6743211.821595559,-15766.196191921388,True,0.001967580830222415
2018-06-22,6562674.164611934,-11320.472257642308,True,-0.026773244228431636
2018-06-25,6503310.266488844,4925.549645600346,True,-0.009045687266206137
2018-06-26,6576550.877953203,2149.5172265573024,True,0.011262050934546908
2018-06-27,6371691.176461243,2495.668045016544,True,-0.031150021537690642
2018-06-28,6531805.855154775,1636523.1907769055,True,0.025129070800706588
2018-06-29,6558230.8106269585,-8434.871175284497,True,0.004045581889322358
2018-07-02,6569667.75597311,-8436.213796836431,False,0.001743907110987708
2018-07-03,6531663.2481704205,-2362.779894671752,True,-0.005784844715797988
2018-07-05,6848158.945281927,1709546.606265508,True,0.04845560542334448
2018-07-06,6818461.071543132,-5746.640931061469,True,-0.004336621561515486
2018-07-09,6980240.462942708,-5747.568424949532,False,0.023726672294832607
2018-07-10,7063849.056336684,-5747.87975157255,False,0.011977895867319122
2018-07-11,6827875.891805372,-5748.187901792565,False,-0.03340574843110933
2018-07-12,7094063.288060137,-5748.497665251716,False,0.03898538879041946
2018-07-13,7081371.112564908,-5748.807445403677,False,-0.0017891263412592728
2018-07-16,7036884.760103202,-5749.743274277689,False,-0.006282166511902054
2018-07-17,7213378.273561672,-5750.059510157774,False,0.025081199916634933
2018-07-18,7234818.821158852,-5750.372568953327,False,0.002972330963948444
2018-07-19,7151243.021945998,-5750.685644793191,False,-0.011551885579833665
2018-07-20,7117745.322204235,-5750.997140265617,False,-0.004684178630059654
2018-07-23,7176882.860837023,-5751.933325594852,False,0.00830846510457528
2018-07-24,7170856.158813899,-5752.249681927759,False,-0.0008397381063595111
2018-07-25,7384683.764548271,-5752.564457813131,False,0.029818978515075978
2018-07-26,7273448.470119333,-195.0880056247115,True,-0.015062973307394256
2018-07-27,7382975.853632405,-3411.4134829501854,True,0.015058521960117144
2018-07-30,7362863.787630163,39.08811029560093,True,-0.002724113745048662
2018-07-31,7396793.788920638,39.0902709994756,False,0.004608261441353623
2018-08-01,7381523.201902275,-1818.2041101709474,True,-0.002064487324391351
2018-08-02,7535337.542655259,2095.5490895023104,True,0.020837750765769547
2018-08-03,7599427.743835682,2095.663762605264,False,0.00850528603630929
2018-08-06,7725917.760580934,4083.4929706922267,True,0.01664467654789603
2018-08-07,7737975.090462704,7160.623195135384,True,0.0015606339926745871
2018-08-08,7725232.162578902,7161.02498565911,False,-0.001646803942223607
2018-08-09,7731180.419913882,7161.426798727749,False,0.0007699778090546339
2018-08-10,7814075.363624709,-4078.1869152475847,True,0.01072215874012028
2018-08-13,7785163.335517472,-4078.8723156085453,False,-0.0036999935068230405
2018-08-14,7873952.144801775,2317.390270732227,True,0.011404874304850043
2018-08-15,7830679.433743276,3437.985823456547,True,-0.005495678696379569
2018-08-16,7879730.892572181,1967172.2499800606,True,0.006264010580938617
2018-08-17,7893025.906068777,1967282.0837640178,False,0.0016872420743616612
2018-08-20,7901658.746141809,1973174.216044111,True,0.0010937301075364392
2018-08-21,7965911.368598172,1973286.0292496867,False,0.008131535987647709
2018-08-22,7867864.972685537,-2741.2174132922664,True,-0.01230824589627455
2018-08-23,7855561.299826208,-3982.407118965173,True,-0.0015637880037396856
2018-08-24,8095953.024503904,-3982.6338949261144,False,0.030601470156310207
2018-08-27,8356480.523585285,-3983.3176195332367,False,0.032179966742994504
2018-08-28,8408566.375858996,-3983.5488732505933,False,0.0062329891306158736
2018-08-29,8597556.071368586,3203.5965635506436,True,0.022475852251363504
2018-08-30,8637440.435007371,-62593.686137329205,True,0.0046390350127063495
2018-08-31,8270295.564176434,74361.87096860725,True,-0.042506211602097554
2018-09-04,8299010.838756255,74379.0169934175,False,0.0034720977451161428
2018-09-05,8291563.421575596,-17882.145481096813,True,-0.0008973861253295246
2018-09-06,8144731.629256892,-4546.660208281828,True,-0.017708577363905853
2018-09-07,8122719.9735802505,-4546.925430127311,False,-0.0027025636544699694
2018-09-10,8137927.495491529,1678.4435413745232,True,0.0018722203843961616
2018-09-11,8200657.471883449,1678.5419168154206,False,0.0077083479088100315
2018-09-12,8071210.899219786,1678.640764283855,False,-0.01578490177250791
2018-09-13,8319938.038464335,2072780.9597252244,True,0.03081658283375943
2018-09-14,8284300.28558683,-5523.004577285377,True,-0.004283415659196765
2018-09-17,7948426.255407635,-5523.981899903496,False,-0.040543439832034456
2018-09-18,8125031.038141606,-1789.5802144337213,True,0.022218836416054044
2018-09-19,8117507.047601643,305.59529127005953,True,-0.0009260260674258669
2018-09-20,8374867.36808624,-7399.234074334265,True,0.03170435442499997
2018-09-21,8345213.508905889,-7399.673917693128,False,-0.0035408153797578112
2018-09-24,8352720.361848512,-7401.001827490824,False,0.0008995399500097978
2018-09-25,8324614.770155559,-7043.789991816855,True,-0.0033648428865553637
2018-09-26,8232305.925137856,-7044.212619216363,False,-0.011088662666846494
2018-09-27,8385517.036856958,-7044.6313585220605,False,0.01861095944591451
2018-09-28,8445048.821389336,-7045.052079561528,False,0.007099357650901972
2018-10-01,8512316.044097956,-7046.322222214969,False,0.007965285237694353
2018-10-02,8483511.290172536,-7046.750873483487,False,-0.0033838915021714433
2018-10-03,8519234.553598145,-7047.179550828291,False,0.0042109053909071825
2018-10-04,8064190.133517787,-7047.606296701091,False,-0.053413768246135196
2018-10-05,7698203.711072054,1922435.065597942,True,-0.0453841509669467
2018-10-08,7733163.394139254,1922784.3291171847,False,0.004541277988905135
2018-10-09,7738466.2829735745,1932945.929529883,True,0.0006857334526695347
2018-10-10,7552108.250276014,1933065.664791629,False,-0.02408203717416091
2018-10-11,7498155.913813166,-5511.169849100988,True,-0.007144009947272156
2018-10-12,8116455.513388527,-5511.51123545553,False,0.08246022177750723
2018-10-15,7782590.712550501,1941385.332658691,True,-0.041134310449591927
2018-10-16,8288805.041782333,-4077.5371767422707,True,0.06504444958354183
2018-10-17,8208107.909305226,2047182.3697915198,True,-0.009735677467418657
2018-10-18,7807790.877327679,2047311.4560131708,False,-0.04877092703955843
2018-10-19,7738812.6832631,1933538.4369493704,True,-0.00883453401203127
2018-10-22,7769257.194592134,1936855.3937865105,True,0.00393400287293133
2018-10-23,7777872.248681322,1939198.273658704,True,0.001108864576549795
2018-10-24,7493854.656600613,1868748.6331825557,True,-0.03651610401917593
2018-10-25,6997549.944128089,-6362.453891199315,True,-0.06622822768992154
2018-10-26,6555207.796649165,1633935.3865303257,True,-0.06321386070993451
2018-10-29,6552202.112926757,-372.994510904653,True,-0.000458518450619505
2018-10-30,7080093.781978885,4834.8824527685065,True,0.08056706126489255
2018-10-31,7330157.679843582,1827353.981077462,True,0.035319291744579706
2018-11-01,7503180.680174276,1864436.5394865894,True,0.023604267177836036
2018-11-02,7518692.928412313,1879260.84156478,True,0.0020674229902293284
2018-11-05,7504510.7513832785,1875307.1972721112,True,-0.0018862556516228146
2018-11-06,7464504.973224077,1875427.5294839363,False,-0.005330897574079341
2018-11-07,7219796.583503432,1808447.307405078,True,-0.032782936122146
2018-11-08,7226150.071905454,1806717.6284271104,True,0.0008800093366256867
2018-11-09,6963149.092125972,1806833.5594749346,False,-0.036395726239066506
2018-11-12,6456105.815112939,1621038.9705879649,True,-0.07281809857933452
2018-11-13,6497957.419986727,1620491.8322881372,True,0.006482484344636719
2018-11-14,6592255.02718023,1620596.714120616,False,0.014511884442864886
2018-11-15,6372598.986387073,1595479.0541471066,True,-0.033320319054330194
2018-11-16,6400853.344103931,1597702.9888847948,True,0.004433725984831938
2018-11-19,6314965.373165525,1581140.318593568,True,-0.013418206342365568
2018-11-20,6266291.719395838,1566781.584880433,True,-0.007707667563232934
2018-11-21,6272164.838290486,1566463.1480121212,True,0.0009372559015197179
2018-11-23,6319763.110344941,1580207.2768272355,True,0.007588810766559595
2018-11-26,6366417.6135825375,1580518.5103024438,False,0.007382318359564266
2018-11-27,6369581.532211771,1580622.1220714524,False,0.0004969700106514097
2018-11-28,6427403.48729321,1609068.4449655272,True,0.00907782635154697
2018-11-29,6394145.046097466,1596490.9860658757,True,-0.005174475394534528
2018-11-30,6523436.547022506,1626558.8162010508,True,0.020220295284660406
2018-12-03,6755370.842600381,1686954.575286589,True,0.03555400499507222
2018-12-04,6167208.994719414,1687066.1017279553,False,-0.08706581201611174
2018-12-06,6187871.068214426,1546314.0456628609,True,0.003350311869227074
2018-12-07,6059620.367550935,1546414.9856075083,False,-0.020726143006159825
2018-12-10,6098723.173352271,1546718.7042095861,False,0.006453012471000719
2018-12-11,6109494.990819341,1546820.5298576134,False,0.001766241418226011
2018-12-12,6141649.459211569,1546923.2215539012,False,0.005263032123039135
2018-12-13,6145301.997534635,1547025.4903668817,False,0.0005947161828956382
2018-12-14,6080144.692700295,1547127.3362116644,False,-0.010602783209105016
2018-12-17,6025137.137371289,1547432.4841627064,False,-0.009047079980686545
2018-12-18,6049166.039777113,1510684.5273813133,True,0.003988108794534151
2018-12-19,6113443.735232418,1527011.4158904734,True,0.010625877192432576
2018-12-20,6067300.487504075,1514377.8368341522,True,-0.007547832241002639
2018-12-21,5882642.676626245,1514476.2713935464,False,-0.03043492097649414
2018-12-24,5650960.853751036,-4973.152538650669,True,-0.039383970030299364
2018-12-26,6680565.474775095,-4973.815647758341,False,0.18219992098168936
2018-12-27,6797244.131781957,1694745.5009599861,True,0.017465386343031186
2018-12-28,6807585.308055699,1694856.1301801878,False,0.0015213777927129968
2018-12-31,6813308.207437402,1695190.4154466372,False,0.0008406650996986009
2019-01-02,6820085.604002298,1695415.0356166863,False,0.000994729191539978
2019-01-03,6828510.880156783,1707472.6502063712,True,0.0012353622291105815
2019-01-04,6704150.449106421,1673769.942345486,True,-0.018211940089565615
2019-01-07,6699302.82434321,1675422.9301617192,True,-0.0007230781588228874
2019-01-08,6668588.18799031,1664073.8859377126,True,-0.00458475115370105
2019-01-09,6805667.458603307,1664184.8241967752,False,0.020555965782962593
2019-01-10,6856421.575402489,1664294.8453045972,False,0.007457625149613012
2019-01-11,6849256.442755192,1664404.8736860368,False,-0.0010450251007030342
2019-01-14,6724955.082406199,1664735.9272685105,False,-0.018148153947494916
2019-01-15,6926434.567622326,1664846.9096636616,False,0.02995997486187485
2019-01-16,6906010.758966544,1664956.9745426893,False,-0.002948675607397422
2019-01-17,7009473.092230178,1665066.5842101802,False,0.014981490309626588
2019-01-18,7175226.986260507,1665175.7385751451,False,0.023647126089129777
2019-01-22,6872915.209898219,1665613.3528760264,False,-0.04213271258751394
2019-01-23,6882427.472838081,1665722.543084715,False,0.0013840215759046703
2019-01-24,7062312.475918862,1665829.8896486026,False,0.026136854153669953
2019-01-25,7248794.997981139,1665938.1685914297,False,0.026405306009631646
2019-01-28,7052965.344396145,1666264.4361128183,False,-0.02701547686747041
2019-01-29,6922693.477535931,1666374.1318548627,False,-0.018470509991052153
2019-01-30,7264455.0880771475,1666483.8348185432,False,0.04936830030828743
2019-01-31,7409835.464212252,1666593.082092159,False,0.020012564517565945
2019-02-01,7409000.409706416,1666701.8735850179,False,-0.00011269541811953498
2019-02-04,7575839.230736262,1667029.216741827,False,0.022518398137928886
2019-02-05,7689331.427628972,1924446.9882073556,True,0.01498080851983441
2019-02-06,7783496.452843897,4678.441310201306,True,0.012246191505880022
2019-02-07,7424813.07670279,1856114.6887068357,True,-0.04608255150036755
2019-02-08,7458184.015211621,1861875.5370445945,True,0.004494515641550789
2019-02-11,7458290.887715294,1862245.8679516974,False,1.4329561117687462e-05
2019-02-12,7664640.735340986,1862368.9830951898,False,0.02766717613087133
2019-02-13,7679256.78749783,1920113.6995563803,True,0.0019069454996696322
2019-02-14,7699952.1009251,1920240.6404065175,False,0.0026949630673847036
2019-02-15,7792122.684993191,-3387.296853566193,True,0.011970280186160753
2019-02-19,7798044.337584263,-995.4751066179015,True,0.0007599537161391279
2019-02-20,7711335.72321609,10387.724260795861,True,-0.011119276912835985
2019-02-21,7814106.6064613415,10388.41677574658,False,0.01332724795470197
2019-02-22,7562623.45830907,-5531.454925075173,True,-0.03218322462408241
2019-02-25,7656398.68038085,-4853.424967802828,True,0.01239982693687458
2019-02-26,7742269.80495389,-4853.748529467348,False,0.011215602551246429
2019-02-27,7717686.664000074,-4854.072112702645,False,-0.0031751852587320606
2019-02-28,7661788.279995164,13846.64290114399,True,-0.00724289368544262
2019-03-01,7667380.340601996,13847.562164381041,False,0.0007298636300656636
2019-03-04,7715573.25909555,12760.438170849928,True,0.006285447747824913
2019-03-05,7806187.099491436,-19412.71715975995,True,0.0117442784033015
2019-03-06,7742525.654594321,-19414.01673332537,False,-0.008155254810797818
2019-03-07,7633378.963024816,557.2692525646562,True,-0.014097039704962233
2019-03-08,7600823.3771669585,1894542.5900261162,True,-0.004264898417273955
2019-03-11,7415773.807533682,1894923.1028016934,False,-0.024345989960662617
2019-03-12,7379616.999677454,-4540.273995120893,True,-0.004875662175604201
2019-03-13,7392504.603658602,-5062.570722603006,True,0.0017463784342346411
2019-03-14,7349275.070786203,-5062.9082273178465,False,-0.005847751904138665
2019-03-15,7678338.399463447,-11542.578703077917,True,0.04477493705267466
2019-03-18,7720385.248166659,-17793.164684959687,True,0.0054760348549043325
2019-03-19,7782585.955360555,-6546.118893384265,True,0.00805668437448337
2019-03-20,7914904.939544095,-6546.558938043209,False,0.017001930327849468
2019-03-21,7753801.455967011,-6547.000830771528,False,-0.020354443269708256
2019-03-22,8779348.699011268,-6547.439116104922,False,0.13226379974625702
2019-03-25,8842601.795965644,-8848.132180404384,True,0.007204759615197842
2019-03-26,9008311.930377934,-2933.229340466787,True,0.018739974753572364
2019-03-27,8983907.514942938,-2373.406459087164,True,-0.00270909973184863
2019-03-28,8882212.987097647,-2296.894275809638,True,-0.011319632095070253
2019-03-29,8906549.504777445,-769.7985955967961,True,0.0027399160226340147
2019-04-01,8931767.251064176,-769.9499992453353,False,0.002831371034675678
2019-04-02,8962316.174125772,-5782.382180294138,True,0.0034202551637199097
2019-04-03,9241872.157071676,-5782.76606622222,False,0.031192381245484624
2019-04-04,9231562.83398012,-4710.695442155004,True,-0.0011155015906237908
2019-04-05,9157570.896881644,-5072.381980855484,True,-0.008015104097664039
2019-04-08,9198788.024112811,-69225.6370470386,True,0.004500879948983405
2019-04-09,9632277.106325308,-69230.19440147754,False,0.04712458652989837
2019-04-10,9237196.084037028,-9709.192354547791,True,-0.04101636798102892
2019-04-11,9190214.627617994,-9967.72235944739,True,-0.005086116608504554
2019-04-12,8584804.99467841,14528.338647393044,True,-0.06587546183309323
2019-04-15,8511724.668108508,-3902.551878245664,True,-0.008512753244273252
2019-04-16,8472108.8106405,-3902.8098802865034,False,-0.004654269142003509
2019-04-17,8474481.102526383,-3903.0689834980008,False,0.0002800119709160942
2019-04-18,8335170.335413732,-3903.325935539415,False,-0.016438855126023166
2019-04-22,8160618.608822975,-3904.35608181902,False,-0.020941590821382028
2019-04-23,8125820.315444137,-3904.6163722244746,False,-0.004264173471017929
2019-04-24,8426535.066334873,-30496.706428012345,True,0.037007309935120025
2019-04-25,8657281.213394519,-20622.320726762526,True,0.02738327737832691
2019-04-26,8306996.357483023,-20623.67836287704,False,-0.040461300410287726
2019-04-29,8445182.442282768,-20627.76326661811,False,0.016634903742947404
2019-04-30,8415926.289637156,-20629.1269909674,False,-0.003464241636644161
2019-05-01,8911801.700554747,-56666.07716485672,True,0.05892107343290087
2019-05-02,8845513.031732794,-1614.42348791915,True,-0.007438301597063934
2019-05-03,8930119.34499728,-8665.829810013762,True,0.009564884813460184
2019-05-06,8898076.57918071,-5501.988248997317,True,-0.0035881677028785086
2019-05-07,9130660.800368937,-2696.1873329191876,True,0.026138707519377302
2019-05-08,9106769.504586643,-2696.3655808595304,False,-0.002616600956343529
2019-05-09,9091825.051281035,-2696.5438405840428,False,-0.0016410268534940986
2019-05-10,9088920.832600795,-2696.7221120935037,False,-0.0003194318702636201
2019-05-13,8999224.83814329,-2697.2554989623177,False,-0.009868717761934653
2019-05-14,8980361.44311486,-1067.1636621057405,True,-0.0020961133172799906
2019-05-15,8939650.22806418,732.1999592850916,True,-0.004533360411890008
2019-05-16,8939732.685338596,1533.6878969460959,True,9.223769645627655e-06
2019-05-17,8722765.712361623,1533.7875866593972,False,-0.024269962046270743
2019-05-20,8326844.328845003,1534.0866946799745,False,-0.045389432270951935
2019-05-21,8521881.449773895,-990.8847545916506,True,0.023422693306906606
2019-05-22,8206962.69457764,3314.6139657533495,True,-0.03695413472392417
2019-05-23,7976089.782813908,3314.8275742089204,False,-0.02813134655970484
2019-05-24,7925832.057840538,1973831.4599471304,True,-0.00630104805009335
2019-05-28,7789995.161026192,1974337.028668326,False,-0.01713850303956055
2019-05-29,7809154.774965696,3971.122706689219,True,0.0024595155123279255
2019-05-30,7991576.683921305,1989690.5062968114,True,0.023360006839717284
2019-05-31,7712454.409232331,1924988.836959257,True,-0.034927059543901406
2019-06-03,7710503.987052437,1925748.2641462774,True,-0.00025289253931404243
2019-06-04,8210498.0529258875,-11194.269410618348,True,0.06484583455414139
2019-06-05,8367090.277177918,-1030.286711198045,True,0.019072195528531566
2019-06-06,8558898.246384777,-1030.3519626897541,False,0.022924094619850788
2019-06-07,8827119.705230597,-1030.4157872696653,False,0.03133831611552518
2019-06-10,9129023.981136885,7298.598996356595,True,0.03420190118498012
2019-06-11,9174147.156010488,7299.049076628037,False,0.004942825757369151
2019-06-12,8889350.12450576,7299.493102113533,False,-0.031043433973929835
2019-06-13,9011689.479103465,7299.927016425713,False,0.013762463271690173
2019-06-14,8731309.292616092,7300.362984289194,False,-0.031112943598148313
2019-06-17,8752945.041076293,-3829.441726341727,True,0.0024779500685536693
2019-06-18,8829296.478255417,-3829.6725565791207,False,0.008722942600555283
2019-06-19,8845463.838413464,-3829.8991455387186,False,0.0018311040067420237
2019-06-20,8881834.529234989,-3830.1214924613346,False,0.0041117901204430485
2019-06-21,8858759.75540478,-3830.341724447151,False,-0.0025979738481117787
2019-06-24,8864249.801918685,-3831.0035604937225,False,0.0006197308275073254
2019-06-25,8776702.057882061,-2164.2635223009856,True,-0.009876497841664444
2019-06-26,9124085.174987057,-8587.369369711028,True,0.03958014238309748
2019-06-27,9160039.952448701,-8587.867914210548,False,0.003940644653363412
2019-06-28,9162149.581614368,-6363.964029786759,True,0.0002303078563650196
2019-07-01,9616064.104325652,-6365.081324396941,False,0.04954236106580834
2019-07-02,9587004.135575162,-6365.46146119826,False,-0.0030220231931916697
2019-07-03,9687392.289360648,-6365.843388885931,False,0.010471274692890553
2019-07-05,9587089.206677396,-7282.623201295151,True,-0.010353981720489625
2019-07-08,9778171.40925222,-7283.952360881632,False,0.01993120106170876
2019-07-09,9818298.088014903,3667.592710961122,True,0.004103699667681537
2019-07-10,9885299.95508784,3667.811747748027,False,0.006824183424897878
2019-07-11,9854644.554426877,3668.0277411065053,False,-0.003101109809539593
2019-07-12,10011576.000668067,3668.241709391403,False,0.0159246176129908
2019-07-15,10108535.53927391,3218.492657007533,True,0.009684742801669977
2019-07-16,10123770.757752549,3218.680402412525,False,0.0015071637646666414
2019-07-17,10316843.711251047,-23085.878607297316,True,0.019071249055165218
2019-07-18,10344531.176144902,10722.001533855218,True,0.0026837146775482434
2019-07-19,10190959.569103112,10722.603157274618,False,-0.014845680720256715
2019-07-22,10545320.764596125,10724.414187757224,False,0.034772112781936926
2019-07-23,10795363.575169064,-851.2101397658698,True,0.023711256978773854
2019-07-24,10988244.290505894,-851.2586114543843,False,0.01786699577034012
2019-07-25,10827889.267881949,14877.662899143892,True,-0.014593325228717036
2019-07-26,10777259.304234564,-9372.404144164408,True,-0.004675884874216885
2019-07-29,10740888.66957988,-9374.026184334316,False,-0.00337475731333603
2019-07-30,10602870.328184,-9374.557379151427,False,-0.01284980653293366
2019-07-31,9982534.532160714,-9375.088604069579,False,-0.05850640221208214
2019-08-01,9686121.62381652,2931.4515858417144,True,-0.02969315131234873
2019-08-02,9647517.118299672,2931.616072847364,False,-0.0039855482943684795
2019-08-05,9589792.181303902,2932.1079603853022,False,-0.005983398245158478
2019-08-06,9580286.944618488,-1208.577224065637,True,-0.0009911827603464873
2019-08-07,9737764.715339096,-4115.126660903916,True,0.01643768831048087
2019-08-08,9819833.744528577,-4115.352992870266,False,0.008427912522902092
2019-08-09,9756294.587914193,-4115.577050977655,False,-0.006470492094612701
2019-08-12,9730190.609687004,-4116.249298494795,False,-0.002675603733770515
2019-08-13,9805816.792137442,-4116.473405401046,False,0.007772322812992671
2019-08-14,9670852.022472015,-4116.692950649333,False,-0.013763745797662263
2019-08-15,9681826.426074702,-4116.906789977604,False,0.0011347918029545045
2019-08-16,9723502.25518467,-4117.116066072761,False,0.004304542064266892
2019-08-19,9780357.790284298,-4117.75196450698,False,0.005847228046798936
2019-08-20,9750409.57184688,-4117.969290305106,False,-0.0030620780016011873
2019-08-21,9779524.940310953,-4118.190059214281,False,0.0029860662005563032
2019-08-22,9756195.514394332,-4118.414271784171,False,-0.002385537749431843
2019-08-23,9577154.132618457,-4118.635064549298,False,-0.018351557378254335
2019-08-26,9612025.639769243,-4119.3009464327915,False,0.0036411137032887897
2019-08-27,9619182.316725532,-4119.522930983793,False,0.0007445545012569887
2019-08-28,9643620.872262726,-4119.746071809222,False,0.002540606335603046
2019-08-29,9707888.107336394,-4119.969224721444,False,0.006664222487065663
2019-08-30,9702644.221619215,-4120.192389721117,False,-0.0005401675070004774
2019-09-03,9643768.732358018,-4121.084025923519,False,-0.006067983934731069
2019-09-04,9723308.877265891,-4121.304961817132,False,0.008247827909952932
2019-09-05,9825633.233287327,-4121.525909555363,False,0.010523614678196624
2019-09-06,9835851.574575184,-4121.745724270539,False,0.0010399677094845572
2019-09-09,9817928.412797354,2001.8360927161411,True,-0.0018222277595322245
2019-09-10,9787186.928083595,1231.7719506090507,True,-0.0031311579613565454
2019-09-11,9817923.72996356,-2613.8094486620976,True,0.0031405144405454166
2019-09-12,9927786.61829052,-2613.948125774513,False,0.011190032775633352
2019-09-13,9828460.81060538,-2614.0875363412206,False,-0.01000482902222588
2019-09-16,9687088.098113487,-2614.507991292962,False,-0.014384013449933675
2019-09-17,9792504.110672817,-2614.6496104758235,False,0.010882115604983422
2019-09-18,9817219.486203745,-2614.7883321634904,False,0.0025239075982608217
2019-09-19,9796717.203609353,-2614.925608550929,False,-0.0020884001445831135
2019-09-20,9415100.168195881,-2615.061439408929,False,-0.03895356245180526
2019-09-23,9536151.412613792,-2615.4711537626126,False,0.012857138241271437
2019-09-24,9153420.703844845,-2615.60773947842,False,-0.04013471391222834
2019-09-25,9489176.506986668,-5321.615177849352,True,0.03668091023072839
2019-09-26,9468306.27010792,-1678.6038022987923,True,-0.0021993728184297456
2019-09-27,9035855.931687012,-1678.6858673735715,False,-0.04567346324507704
2019-09-30,9280074.046634862,1.2277706223540008,True,0.02702766808083168
2019-10-01,9250992.436338207,2662.602440923685,True,-0.003133769208145565
2019-10-02,8796981.604636474,-1880.573233436211,True,-0.04907698658560822
2019-10-03,9002008.705482941,118.99873816936451,True,0.023306528314030794
2019-10-04,9055314.236001473,324.32531938236207,True,0.005921515104297059
2019-10-07,8970906.503290672,-9693.22636623145,True,-0.009321347720349538
2019-10-08,8424466.661525972,-7424.094100152142,True,-0.06091244419549535
2019-10-09,8445273.66004194,-7424.436433380094,False,0.0024698297651282175
2019-10-10,8464212.449423727,-7424.7767200499575,False,0.0022425311652591873
2019-10-11,8518594.957329843,-12169.491615046049,True,0.006424993256143985
2019-10-14,8526421.372681804,-12171.164996837439,False,0.0009187448624055072
2019-10-15,8895223.684356531,-12171.719461020628,False,0.0432540564856847
2019-10-16,8723842.862819694,-12172.270569429556,False,-0.01926661179282474
2019-10-17,8762202.254862692,-12172.821702791449,False,0.004397075078745649
2019-10-18,8519826.151185058,-12173.372861107437,False,-0.027661550900987764
2019-10-21,8824372.814892901,-12175.029867589943,False,0.03574564296308824
2019-10-22,8591351.16316361,-12175.577743933985,False,-0.026406596436635232
2019-10-23,8475842.698021913,-12176.125644932463,False,-0.013444737963564157
2019-10-24,8831364.469908228,-12176.680335100733,False,0.04194530084534098
2019-10-25,9153444.960393783,-12177.231668127017,False,0.03647007114053591
2019-10-28,9475307.462300124,-12178.882434118526,False,0.03516299090659469
2019-10-29,9244740.38449436,-12179.423717782265,False,-0.02433346661553004
2019-10-30,9347296.090285437,-12179.9616423298,False,0.011093411120888463
2019-10-31,9299698.83715616,-12180.472524054241,False,-0.005092087879696505
2019-11-01,9673963.587077608,-12180.976660278153,False,0.040244824749174235
2019-11-04,9967525.234697497,-4649.741467773842,True,0.030345539858349868
2019-11-05,10050405.09361366,-8606.65389020124,True,0.00831498862201574
2019-11-06,9925152.098241925,49713.35278051393,True,-0.012462482278582376
2019-11-07,9862436.807910964,32584.645082237665,True,-0.0063188241056850725
2019-11-08,9854727.865915326,-6503.754211750347,True,-0.0007816467822083784
2019-11-11,9734613.891547902,-6504.578055400701,False,-0.012188461822762675
2019-11-12,9729740.598184468,3714.9739182486665,True,-0.0005006149620032652
2019-11-13,9747620.889135133,16228.646346441363,True,0.0018376945171592052
2019-11-14,9628781.016737223,16229.340571868406,False,-0.01219167976981661
2019-11-15,9392648.552208558,16230.03482699287,False,-0.02452360938712883
2019-11-18,9337805.04867053,-9364.115772566758,True,-0.00583898175612374
2019-11-19,9500548.396333482,-9364.516348630363,False,0.017428437070028835
2019-11-20,9464504.16738648,-9364.91694182972,False,-0.003793910355839314
2019-11-21,9571410.778926942,-10189.985408958048,True,0.011295532195849223
2019-11-22,9577157.705393014,-10190.424144440933,False,0.000600426269314891
2019-11-25,10017765.93248086,-10191.748956984236,False,0.04600615763482052
2019-11-26,10010255.45056543,-6110.624573864276,True,-0.000749716250714072
2019-11-27,10040843.615281554,-36804.86572573981,True,0.0030556827312930857
2019-11-29,10289668.168992784,-36808.08622193123,False,0.024781239828547186
2019-12-02,11116791.898794275,-191796.72427577619,True,0.08038390706261755
2019-12-03,11541221.43906708,-5801.9331533825025,True,0.03817913874225165
2019-12-04,11824877.85833756,-5802.178123893424,False,0.02457767756801732
2019-12-05,11937089.918772886,-5802.421493031397,False,0.009489490020922808
2019-12-06,12344316.071119927,-5802.663260593607,False,0.034114357445411914
2019-12-09,12147860.280870613,-6954.2004341241845,True,-0.015914675962399483
2019-12-10,12090209.328001548,-6954.495987642635,False,-0.0047457701633141225
2019-12-11,12257009.020972392,-2813.2939290475333,True,0.013796261788828312
2019-12-12,12761154.031146744,-2813.413494039518,False,0.0411311608983671
2019-12-13,12822781.038639942,-9831.69410237181,True,0.004829266016441958
2019-12-16,12644770.914438225,-6577.614308923483,True,-0.013882333611195952
2019-12-17,12670788.866355216,-28538.57385070239,True,0.002057605637385107
2019-12-18,12608768.040849375,-28539.786740091044,False,-0.004894788016752916
2019-12-19,12397369.372758068,-28541.007608746037,False,-0.016766005005915408
2019-12-20,12561256.458842669,-28542.236457684747,False,0.013219504973750684
2019-12-23,12574249.805936795,-28545.93125104438,False,0.001034398679518933
2019-12-24,12343499.715347655,-28547.160311973243,False,-0.018351002576725728
2019-12-26,12367970.893271878,-28549.61859258695,False,0.001982515371535598
2019-12-27,12939640.816522853,-161273.8834256879,True,0.04622180373677631
2019-12-30,13420663.302517965,-161294.58112610393,False,0.03717433063372866
2019-12-31,12354437.540745994,226081.22899114166,True,-0.07944657709816227
2020-01-02,11835982.707909752,226100.2578949688,False,-0.041965069727078586
2020-01-03,12599485.628777152,226109.61593342054,False,0.0645069310854236
2020-01-06,12484895.92558707,-12315.991322352551,True,-0.009094792165829424
2020-01-07,12670233.449279068,-14579.150810577208,True,0.014844939420933345
2020-01-08,12226190.231108317,-14579.762324958429,False,-0.03504617495394424
2020-01-09,11816935.604144922,-14580.37386498928,False,-0.03347360209741279
2020-01-10,11773003.704541394,-14580.985430670838,False,-0.0037177066098352807
2020-01-13,11425702.931166949,-14582.83243347105,False,-0.029499759117588287
2020-01-14,11289801.130724026,-14583.456254636261,False,-0.011894392954346023
2020-01-15,11233784.93924343,-14584.080102487154,False,-0.004961663259785309
2020-01-16,10988108.156617163,-14584.695874758148,False,-0.021869457529673286
2020-01-17,10984869.950662607,-14585.315724332824,False,-0.0002947009538312173
2020-01-21,11144018.22558569,-14587.795386078797,False,0.014487952578217111
2020-01-22,11234779.16541559,-14588.411315217321,False,0.008144363908300312
2020-01-23,11105308.254702743,-14589.027270361743,False,-0.011524117101598397
2020-01-24,11967538.399493016,-14589.639199005582,False,0.0776412617295108
2020-01-27,13489079.379995175,-61907.83339972794,True,0.1271390096869558
2020-01-28,13266929.091135519,-3303.039821364975,True,-0.016468899218512578
2020-01-29,13246788.603285426,-7116.242324311752,True,-0.0015180971957970968
2020-01-30,13384764.025534531,-7116.546741344515,False,0.010415763879170203
2020-01-31,12427192.055044932,-7116.8472177624835,False,-0.0715419389286811
2020-02-03,12886626.716260027,-5818.179190165363,True,0.036970110317767535
2020-02-04,12970758.042095067,-6150.988917909097,True,0.006528576305301348
2020-02-05,13346446.44627656,-6151.252043546141,False,0.02896425968029326
2020-02-06,13572526.984168405,-6151.515180439115,False,0.016939380740925047
2020-02-07,13115872.486281458,-15214.60807499825,True,-0.03364550303857261
2020-02-10,12794266.153825706,-15071.801120016724,True,-0.024520391822361542
2020-02-11,12814076.078729937,-15593.781363941263,True,0.0015483439742502991
2020-02-12,12083998.676681194,-15594.4527628611,False,-0.05697464238257466
2020-02-13,12353724.6927625,-15595.128522480825,False,0.022320924000248654
2020-02-14,12187612.51923268,-15595.79997940332,False,-0.013446323085630874
2020-02-18,12589727.614620538,-15598.486096205257,False,0.03299375449894737
2020-02-19,12138380.52429522,-15599.157697689954,False,-0.035850425373871175
2020-02-20,12802421.434609413,-15599.829328090826,False,0.05470589004728432
2020-02-21,13605033.73992243,-1280.573197368998,True,0.0626922265770189
2020-02-24,14092509.011455452,692.8288930099225,True,0.035830508093675606
2020-02-25,13970648.771117376,692.8577608804646,False,-0.008647164265711549
2020-02-26,13961764.135628454,-908.9857841225166,True,-0.0006359501004198354
2020-02-27,11990675.618009927,-909.0216385617792,False,-0.14117761183120026
2020-02-28,12018156.667080496,68050.30149057694,True,0.002291868277154663
2020-03-02,13772590.069082586,-43515.21538186632,True,0.14598190476312745
2020-03-03,12360957.107260508,-19210.962697514915,True,-0.10249582356996045
2020-03-04,13910074.043416318,-39359.20871156873,True,0.12532338092540574
2020-03-05,12974127.059631905,-28860.64473579754,True,-0.06728555008859927
2020-03-06,12221697.198719684,-8932.570192389889,True,-0.057994642526151385
2020-03-09,10269686.709230904,2568708.5344879986,True,-0.15971681001009164
2020-03-10,11035337.694004137,2752054.815909591,True,0.07455446368047713
2020-03-11,10212012.74530086,2549800.476258121,True,-0.07460804295555157
2020-03-12,9583237.658090401,2397897.5366944633,True,-0.06157210168972749
2020-03-13,8910602.423517164,-15076.750144673279,True,-0.07018872520659891
2020-03-16,5233327.088018773,1390753.5619166857,True,-0.4126853786892344
2020-03-17,4811382.359801544,1267038.9789299828,True,-0.08062647740540307
2020-03-18,4711217.008559512,1227384.7201291334,True,-0.020818414283366837
2020-03-19,4870753.655488871,1265929.9955443242,True,0.03386314972108195
2020-03-20,4919002.4995749425,1256999.6501669618,True,0.009905827208423812
2020-03-23,4923939.819249025,1264677.491316017,True,0.001003723757918129
2020-03-24,4931731.5807180125,1274736.2408627593,True,0.0015824241877464562
2020-03-25,5064181.647896319,1263834.8146242232,True,0.026856706414468468
2020-03-26,5249457.060010971,1263833.0592980918,False,0.036585459408158494
2020-03-27,5068734.757492982,1263834.1124923078,False,-0.03442685604472995
2020-03-30,5183715.573071765,1263840.431670769,False,0.02268432283003352
2020-03-31,5142325.092089605,1263844.293405421,False,-0.007984712972520014
2020-04-01,4975803.960534696,1239595.3137555458,True,-0.03238245901859982
2020-04-02,4942869.796658628,1234207.7580492417,True,-0.00661886282845614
2020-04-03,4940638.287025238,1231950.8804751209,True,-0.0004514603307774756
2020-04-06,4807414.873310711,1201548.1344439546,True,-0.026964818303819027
2020-04-07,4800068.242244154,1198400.7677140532,True,-0.0015281874479656787
2020-04-08,4884699.556083365,1198408.0912743004,False,0.01763127305032719
2020-04-09,4892336.716324683,1198416.413552712,False,0.0015634861783477838
2020-04-13,4935800.741804287,1237877.395853743,True,0.008884103445818248
2020-04-14,5329693.05895218,1237884.2729503866,False,0.07980312369820375
2020-04-15,5154724.856388017,1237889.0869447815,False,-0.032828945424966394
2020-04-16,5326859.969688216,1334819.942508251,True,0.03339365690622276
2020-04-17,5362204.872602649,1334824.3919080594,False,0.006635222835884136
2020-04-20,5309158.582823724,1334837.7401964727,False,-0.00989262645482969
2020-04-21,5147945.969628535,1334841.8188673453,False,-0.030365002416154252
2020-04-22,5250243.804864297,1334846.268340075,False,0.019871582926334286
2020-04-23,5244231.719924224,1334850.347037006,False,-0.0011451058586084972
2020-04-24,5313727.797338954,1334854.7965381627,False,0.013251908215782482
2020-04-27,5338606.883967636,1334868.1451306234,False,0.004682040100198792
2020-04-28,5253779.072039042,1334872.2238944,False,-0.015889503342780498
2020-04-29,5407115.343895078,1334875.9318727998,False,0.029185900235527917
2020-04-30,5397013.0120644,1334879.2690626292,False,-0.0018683403604629056
2020-05-01,5252452.86776092,1315385.8221563923,True,-0.02678521322448779
2020-05-04,5364666.0746449325,1315399.3414458465,False,0.0213639626492923
2020-05-05,5491417.734633683,1315404.0914990238,False,0.023627129484874665
2020-05-06,5557300.543150542,1315408.4761793287,False,0.011997413364010612
2020-05-07,5697826.061481155,1315412.495483006,False,0.02528665081895065
2020-05-08,5880755.907517823,1315416.8801913243,False,0.032105200134718626
2020-05-11,5970479.779841779,1315430.0344039735,False,0.015257200559753548
2020-05-12,5693199.621424325,1315434.7845679866,False,-0.04644185536874934
2020-05-13,5531687.37520681,1315439.534749153,False,-0.02836932778708845
2020-05-14,5681723.186980568,1315443.9195476023,False,0.027122973804742267
2020-05-15,5706493.352514412,1315448.3043606675,False,0.004359622022875875
2020-05-18,5966840.79087624,1315461.8242923021,False,0.045623016146529416
2020-05-19,5919980.6558797,1315466.574571112,False,-0.00785342472488837
2020-05-20,6186852.929602834,1315470.9594596939,False,0.04507992326935706
2020-05-21,6017760.961527036,1315475.3443628922,False,-0.02733085302007554
2020-05-22,6063182.53641846,1315479.7292807067,False,0.007547919430800798
2020-05-26,6062118.559968998,1315497.9999275096,False,-0.0001754815137218202
2020-05-27,6144389.935784284,4531.455415200267,True,0.013571390100906688
2020-05-28,5997379.292354628,434.16501652868465,True,-0.02392599508919202
2020-05-29,6133537.422892362,-8598.400100013183,True,0.02270293805017576
2020-06-01,6122138.830938012,-8598.50041507113,False,-0.001858404240235978
2020-06-02,6330743.895302679,-8598.536242156193,False,0.03407388661467281
2020-06-03,6564194.314664986,9698.280537663595,True,0.036875669466825745
2020-06-04,6496703.608603218,9698.320947165834,False,-0.01028164353864236
2020-06-05,6687001.489988992,9698.361356836445,False,0.02929145191936633
2020-06-08,6815515.898124159,-10347.141655205749,True,0.019218540376813698
2020-06-09,7233888.135545344,-72013.15254422782,True,0.061385263225097075
2020-06-10,7124495.5137432525,-72013.49260633705,False,-0.015122244048061284
2020-06-11,10647564.695627715,-72013.83267005213,False,0.49450086326651665
2020-06-12,8850187.950062998,-8976.717470292933,True,-0.16880636999583454
2020-06-15,9152339.376642467,-8976.842147500749,False,0.03414067907759177
2020-06-16,9628016.444651755,-8976.884538144222,False,0.05197327682398378
2020-06-17,9734869.533938702,-8976.926928987874,False,0.011098141543609774
2020-06-18,9776407.88172798,-8976.966826440892,False,0.00426696502140711
2020-06-19,9678811.728422252,-8977.004230469334,False,-0.009982823393460682
2020-06-22,10029412.841865718,-8977.118937122832,False,0.03622356992583198
2020-06-23,10211902.835761778,-8977.15883542922,False,0.018195481308167283
2020-06-24,9585018.062171493,-8977.1962402577,False,-0.061387655530265484
2020-06-25,9848175.000280263,-8977.236138907656,False,0.027455027878074967
2020-06-26,9236685.68233971,-8977.271050381529,False,-0.06209163808757989
2020-06-29,9529258.128747884,-5993.088612859836,True,0.03167504627418105
2020-06-30,9604394.245398765,-5993.115248809227,False,0.007884781337196722
2020-07-01,9638022.74139153,-7620.150433602335,True,0.0035013656388456216
2020-07-02,9868552.699001553,-7620.180067520689,False,0.023918801998670025
2020-07-06,10513961.31903727,-7620.300721087915,False,0.0654005343763342
2020-07-07,10229691.016004888,8148.696052111685,True,-0.027037411914162424
2020-07-08,10420074.850789009,-1097.4050481023733,True,0.01861090764972806
2020-07-09,10668671.472371638,-1097.4090109539356,False,0.023857469849538182
2020-07-10,10738087.49726401,-11642.895536787575,True,0.006506529427974028
2020-07-13,11974846.316482626,-11643.024902772368,False,0.11517496197844657
2020-07-14,11109787.316253796,-10485.19587956462,True,-0.07223967451157431
2020-07-15,11167930.62608036,-10485.242480435196,False,0.005233521414176767
2020-07-16,10957888.204733068,-10485.274518676108,False,-0.018807640231645273
2020-07-17,11070610.83337748,-10485.306557014914,False,0.01028689347238676
2020-07-20,11855386.823256228,-10485.408497824608,False,0.07088822845372511
2020-07-21,11566226.558608675,-10485.446361799739,False,-0.024390622504220527
2020-07-22,11711105.649254868,-10485.4842259116,False,0.012526046408658731
2020-07-23,10953842.48592717,-10485.519177525686,False,-0.06466197009979835
2020-07-24,10586878.38494116,-16741.75909680978,True,-0.03350094740338494
2020-07-27,10675075.02868592,-16741.912563403752,False,0.00833075062713573
2020-07-28,10594854.318328159,-16741.963719247695,False,-0.007514767825255841
2020-07-29,10650679.558503425,-16742.014875247947,False,0.005269089927805171
2020-07-30,10712669.704062765,-12532.212122193363,True,0.005820299561059228
2020-07-31,10764374.190454181,-12532.243452723667,False,0.004826480029698654
2020-08-03,10839590.73725778,-17211.493059251523,True,0.006987544791066558
2020-08-04,10884775.307340037,-17211.53608798417,False,0.00416847565350853
2020-08-05,10871000.782172522,-9394.632434529201,True,-0.0012654854857891973
2020-08-06,10905745.170500273,-9394.658530730409,False,0.003196061616031587
2020-08-07,10788525.394557178,-789.744561961852,True,-0.01074844259704244
2020-08-10,10597829.594782507,-6512.32317819586,True,-0.0176757983876904
2020-08-11,10612726.709454749,9414.600770821213,True,0.0014056759961091903
2020-08-12,10347177.668210268,-11633.201469575753,True,-0.02502175440058263
2020-08-13,10341296.571503466,-7746.452860930542,True,-0.0005683768942008616
2020-08-14,10344647.662076853,-30787.346390542574,True,0.0003240493636573749
2020-08-17,10423954.50867487,-30787.60295247517,False,0.007666461844684447
2020-08-18,10491828.50417171,-30787.679921482548,False,0.0065113480148397684
2020-08-19,10454186.976674316,-30787.773994948973,False,-0.003587699463675653
2020-08-20,10588762.572810894,-30787.868068702843,False,0.01287288972703915
2020-08-21,10784309.19564205,-30787.95359055859,False,0.018467372508027324
2020-08-24,10961280.323918471,-30788.227262064884,False,0.016410056969428766
2020-08-25,11118346.523524255,10377.124979015905,True,0.014329183723460703
2020-08-26,11548171.63217129,-20463.673352049398,True,0.038659085479806565
2020-08-27,12043536.589827213,-20463.735879940195,False,0.04289553129570045
2020-08-28,12064947.731547143,-20463.792723650975,False,0.001777811821322972
2020-08-31,12706912.350321539,-20463.968940149152,False,0.05320906754496768
2020-09-01,12917132.00303322,-20464.037153378955,False,0.01654372414919214
2020-09-02,13546424.073487978,-247550.12654920947,True,0.048717630996337746
2020-09-03,16240958.892513836,-247550.8829523739,False,0.19891115208030397
2020-09-04,13989075.409563996,-13481.548444707878,True,-0.13865458916885942
2020-09-08,12186670.71479923,-13481.720709761872,False,-0.12884373284116435
2020-09-09,13177049.222758075,2231.0345209042207,True,0.08126735604303725
2020-09-10,12732366.09222559,17152.869354338618,True,-0.033746791335079185
2020-09-11,12576232.289882466,17152.921765883864,False,-0.012262748432788184
2020-09-14,13233806.914195597,17153.079001480484,False,0.05228709276005872
2020-09-15,13772717.47211051,17153.13141366632,False,0.040722262415423094
2020-09-16,13249604.327773355,17153.188590771035,False,-0.03798183948784606
2020-09-17,12922490.126176624,17153.23147374251,False,-0.024688601523824127
2020-09-18,12402451.101475708,17153.279121607717,False,-0.0402429423139965
2020-09-21,12444303.8984741,25423.15762763712,True,0.0033745585171798265
2020-09-22,12797717.219795514,36291.76519149961,True,0.02839960549056908
2020-09-23,11787124.56939687,36291.87608300436,False,-0.0789666338958841
2020-09-24,11979180.316641394,23279.679590445274,True,0.016293689450195714
2020-09-25,12426143.245980287,34312.817265694146,True,0.03731164549864685
2020-09-28,13199274.824932098,34313.11273802338,False,0.062218144733033665
2020-09-29,13138797.23802122,34313.19852080522,False,-0.0045818870894818176
2020-09-30,13322743.686830325,34313.29383524556,False,0.014000250211396725
2020-10-01,13935221.108923439,34313.37961848015,False,0.04597231895248077
2020-10-02,12827140.20060942,34313.46540192919,False,-0.07951656451324318
2020-10-05,13713254.356184598,34313.7322851289,False,0.06908119360331622
2020-10-06,13213858.151465235,34313.82760105191,False,-0.03641704527227252
2020-10-07,13885181.166199073,34313.922917239695,False,0.050804466571286566
2020-10-08,14206016.90823543,34314.00870204699,False,0.023106341803978303
2020-10-09,14861175.103652209,34314.104018737824,False,0.046118359540806564
2020-10-12,15883212.688087909,34314.38997039896,False,0.06877232636768604
2020-10-13,15802288.385170732,34314.494819923864,False,-0.005094958086021784
2020-10-14,15526290.26756359,34314.609201573265,False,-0.01746570565476735
2020-10-15,15298736.087109093,34314.714051768045,False,-0.014656056052867128
2020-10-16,15091272.301931482,34314.8189022832,False,-0.01356084476497521
2020-10-19,14529967.414067127,34315.133455750925,False,-0.03719400701506892
2020-10-20,14575015.237681242,34315.22877556608,False,0.0031003389292190153
2020-10-21,14467334.241637304,34315.324095646014,False,-0.007388053754176949
2020-10-22,14445585.427322133,34315.40988395625,False,-0.0015033048903079216
2020-10-23,14426762.529828854,34315.50520453926,False,-0.0013030207455405618
2020-10-26,13642488.636879817,34315.800700014704,False,-0.054362431718652626
2020-10-27,13765457.361297967,34315.896021683315,False,0.009013657822351195
2020-10-28,12263015.099621974,34315.99134361671,False,-0.10914582946587437
2020-10-29,12970484.924661033,30229.90607340529,True,0.05769134419975286
2020-10-30,12443486.689434674,43841.07225197001,True,-0.04063057305007678
2020-11-02,12546068.025781656,43841.4010608339,False,0.008243777560680066
2020-11-03,13187055.971538588,43841.52284250352,False,0.05109074368477273
2020-11-04,14697385.460310575,43841.64462451141,False,0.11453121091104079
2020-11-05,16044361.617345637,43841.76640685759,False,0.09164733147079063
2020-11-06,16364841.57884821,43841.888189542056,False,0.01997461595206751
2020-11-09,15688143.941262506,43842.26571799509,False,-0.04135069895576282
2020-11-10,14744212.300726501,43842.38750206653,False,-0.060168471431046866
2020-11-11,15847606.393368913,33128.00633591181,True,0.07483574368961321
2020-11-12,16247514.623215903,26081.83895037812,True,0.025234613980211096
2020-11-13,16727315.410873864,26081.904154975495,False,0.029530718930535826
2020-11-16,17365162.041512586,26082.099769745684,False,0.03813203822438127
2020-11-17,17115192.36506354,22654.247286062455,True,-0.014394894551025605
2020-11-18,17205408.290254556,19210.168991345912,True,0.005271102028345798
2020-11-19,17691729.415998742,19210.206344452283,False,0.028265596348541644
2020-11-20,17363986.596650247,19210.243697631286,False,-0.018525199636623135
2020-11-23,17578350.377759103,32911.53838491067,True,0.012345309063427345
2020-11-24,17628019.180589266,32911.620663756636,False,0.002825566777472366
2020-11-25,17656218.22662227,18305.614730864298,True,0.0015996718487834016
2020-11-27,18008546.127064787,18305.706259052356,False,0.019954890448242946
2020-11-30,17986700.236867424,34269.719897030154,True,-0.001213084612340265
2020-12-01,18598253.860849686,48397.90315113873,True,0.0340003233460664
2020-12-02,18595364.159694504,33070.018869682215,True,-0.00015537486351147045
2020-12-03,18754418.346851375,33070.09235861304,False,0.008553432231331204
2020-12-04,18791904.429584898,33070.17503384393,False,0.0019987867413555627
2020-12-07,18972715.734644614,33070.41387457108,False,0.009621765890585054
2020-12-08,18585723.66420101,33070.49655060576,False,-0.020397294507340735
2020-12-09,18385724.262820594,-4350.83433239744,True,-0.010760915474367305
2020-12-10,18585592.66118715,-19975.30879171379,True,0.010870847158886532
2020-12-11,18320166.513488874,-19975.353181288883,False,-0.014281285108145747
2020-12-14,18688963.469516847,-10203.445739232935,True,0.02013065524030222
2020-12-15,18884773.802267585,-21566.903900380945,True,0.010477324388274312
2020-12-16,19127707.401279885,-21566.957817640694,False,0.012863993053659373
2020-12-17,19408902.13950545,-22829.891741455533,True,0.014700911736382327
2020-12-18,19342460.44227736,-22829.94247454829,False,-0.003423258912355065
2020-12-21,19860567.889806595,-32063.42794986791,True,0.02678601561964644
2020-12-22,19711032.427173883,-23131.687503225636,True,-0.0075292641913558
2020-12-23,19401661.66812235,-23131.745332444392,False,-0.015695309730454743
2020-12-24,19757253.909490228,-23131.803161807722,False,0.01832792713585607
2020-12-28,20122148.942062512,-23132.04733180491,False,0.018468914467764774
2020-12-29,20009124.071402162,-10575.872890550876,True,-0.005616938378986358
2020-12-30,19765991.610092577,2485.848552015377,True,-0.012151079699539657
2020-12-31,19852874.75999325,12521.186235863948,True,0.004395587715230631
2021-01-04,19148217.14013315,-14236.274090621388,True,-0.035493984039032034
2021-01-05,19078417.028761268,-6957.064544049848,True,-0.003645253804104076
2021-01-06,18964650.834369265,1091.46693601273,True,-0.005963083531537072
2021-01-07,18265406.056600094,-11808.391113615595,True,-0.03687095448664646
2021-01-08,18447961.40139133,4520.54981791982,True,0.00999459547877235
2021-01-11,19207166.516604852,4520.579954985577,False,0.041153875959230035
2021-01-12,18601486.19182035,4520.591256435465,False,-0.03153407996233504
2021-01-13,18423817.38241016,4520.602557913606,False,-0.009551323350083463
2021-01-14,18513965.03873061,4520.61385942,False,0.0048929955420919935
2021-01-15,18851780.318373643,4520.625160954648,False,0.018246511697323387
2021-01-19,18527081.59340865,-18478.601360866334,True,-0.017223769823401125
2021-01-20,18637734.896352034,-7123.94291979447,True,0.005972516631154168
2021-01-21,18438080.167357016,-3360.768879545096,True,-0.010712392364487178
2021-01-22,18699484.59338665,-3360.7763479203836,False,0.014177421057775197
2021-01-25,19301777.304971084,-2311.1789700696245,True,0.032209054136039805
2021-01-26,19255567.78306295,-12860.638741946314,True,-0.0023940552819575744
2021-01-27,19349903.495861087,-7898.505677690031,True,0.004899139504009442
2021-01-28,19290887.208131365,-12016.988274465315,True,-0.0030499525613832956
2021-01-29,19131949.168474052,2236.2876907144673,True,-0.00823902176932112
2021-02-01,20724632.862874232,-3834.8689767603355,True,0.08324733044057164
2021-02-02,21319263.956173413,-22552.097489047563,True,0.028691996487155702
2021-02-03,20830153.939756326,-22552.12254693366,False,-0.02294216242280045
2021-02-04,21523762.021324333,-22552.147604847603,False,0.03329826959387905
2021-02-05,21480727.37944584,-22552.16639830394,False,-0.001999401491052377
2021-02-08,22329312.986645386,-22552.235307769122,False,0.03950450988971288
2021-02-09,22242482.136789624,-28846.27613975946,True,-0.0038886485181023334
2021-02-10,22344672.414313693,-28846.31620403187,False,0.004594373815638209
2021-02-11,22837172.2058671,-10745.042599236127,True,0.022041038795356016
2021-02-12,22662703.416111514,-6080.4300904276315,True,-0.007639684466309027
2021-02-16,22702868.051104296,-6080.457114606407,False,0.0017722790725940296
2021-02-17,22077130.709783144,-16643.908634480787,True,-0.027562039294445673
2021-02-18,22045023.288277466,-13971.388930316069,True,-0.0014543294564746123
2021-02-19,21676902.16393222,-16737.807085247245,True,-0.016698604466478195
2021-02-22,21377762.105562255,-13063.50933138153,True,-0.01379994503401405
2021-02-23,20780293.277740847,-13063.5238463919,False,-0.027948146530546003
2021-02-24,20786938.2837822,-13063.53473266177,False,0.0003197744109064704
2021-02-25,21013015.941165958,-13063.549247700363,False,0.010875947881181736
2021-02-26,20641481.37094151,1738.858050494564,True,-0.017681163487654694
2021-03-01,20829422.348010074,1738.8643297117042,False,0.009105014009951118
2021-03-02,20558619.60839209,-17686.552377310814,True,-0.013000972139001976
2021-03-03,18884026.87141925,-3785.4511419892806,True,-0.08145453191270025
2021-03-04,17885512.154845193,-3785.455348046105,False,-0.05287615418961822
2021-03-05,18535150.226880502,-3785.459554107603,False,0.03632202793026096
2021-03-08,17277395.664321262,-3785.473223839016,False,-0.0678578024544515
2021-03-09,18656347.358546898,-3785.4784814407153,False,0.07981247411455894
2021-03-10,18378126.89826671,-3785.482687527917,False,-0.014912911672001483
2021-03-11,19340236.878952812,-3785.4868936197918,False,0.05235081823147292
2021-03-12,18955054.754857026,-3785.49109971634,False,-0.019916101674791964
2021-03-15,19464911.660872262,-15990.307089287788,True,0.026898202754312317
2021-03-16,19728233.620260008,-15990.315972791726,False,0.013528032594007033
2021-03-17,19456971.94859353,-9293.264481903752,True,-0.013749921908259632
2021-03-18,19167726.0011038,-9293.267063366107,False,-0.01486592817494603
2021-03-19,19231519.715243023,-9293.269644829179,False,0.0033281837467600273
2021-03-22,19303626.36573553,-9864.410464352695,True,0.003749399504572537
2021-03-23,18887132.589093167,-14000.904336761218,True,-0.021575934425546617
2021-03-24,18096795.17741972,-14223.782791900361,True,-0.04184528318130454
2021-03-25,18050589.023827482,47.129710171324405,True,-0.0025532782539248178
2021-03-26,19460122.93909392,47.12973635449672,False,0.07808797338445861
2021-03-29,19096928.878039077,-23724.183765426525,True,-0.01866350290753893
2021-03-30,18597267.73037218,-23724.196945528616,False,-0.026164476542691273
2021-03-31,19279558.07464958,-15836.853537352756,True,0.036687665853361695
2021-04-01,20569242.754381206,-15836.862335604721,False,0.0668938922115343
2021-04-05,21732720.883142307,-15836.901927797218,False,0.056563974797433136
2021-04-06,21442013.888956368,-15836.910726076067,False,-0.013376465641328661
2021-04-07,21562294.118005574,-17709.906946896343,True,0.005609558396525216
2021-04-08,21635636.406497136,-21979.435600477736,True,0.0034014139724731773
2021-04-09,21841783.69638757,-23904.36882514227,True,0.00952813617391568
2021-04-12,21605051.711251926,-23904.408665779116,False,-0.010838491417475171
2021-04-13,21665752.689921036,-23904.42858611967,False,0.0028095734034969677
2021-04-14,21870183.18483333,-23904.441866357774,False,0.00943565164054494
2021-04-15,21477485.913667273,-23904.455146603257,False,-0.017955829077754948
2021-04-16,21203939.589781925,-23904.468426856118,False,-0.012736421990214186
2021-04-19,21720534.215626184,-23904.508267658963,False,0.02436314363455372
2021-04-20,21973889.836578686,-23904.528188082517,False,0.011664336541512554
2021-04-21,21100216.289679576,-23147.296661914326,True,-0.039759621687224245
2021-04-22,20972486.160185646,-23257.997227375163,True,-0.006053498586950701
2021-04-23,21371267.418273352,-13796.54282505042,True,0.01901449618523321
2021-04-26,21442426.93588391,-17558.07395173027,True,0.0033296816804468943
2021-04-27,21166696.447575923,-17558.078828973034,False,-0.012859108212538772
2021-04-28,20677741.34337857,-11796.073108283104,True,-0.023100208641833153
2021-04-29,20726984.218348093,-11796.076384970078,False,0.002381443608940881
2021-04-30,20652659.834402137,-11796.079661657961,False,-0.003585875454093501
2021-05-03,20594417.050860558,-11796.099321798918,False,-0.0028201105333929277
2021-05-04,20515369.061102238,-11796.10587518743,False,-0.0038383213063569732
2021-05-05,20511232.18834887,-11796.112428579583,False,-0.00020164749369344648
2021-05-06,20501493.069429927,-16073.889187016262,True,-0.00047481881290756256
2021-05-07,20189972.759955898,-16073.8981169547,False,-0.01519500596464074
2021-05-10,19702491.89808373,-16073.924906799779,False,-0.02414470131624047
2021-05-11,20444007.894679915,-16073.929371778919,False,0.03763564529968444
2021-05-12,21534025.30027804,-5118.904200128396,True,0.05331720723321465
2021-05-13,21582558.232825186,-5118.907043964063,False,0.0022537789321961377
2021-05-14,21847906.583683636,-5118.908465882685,False,0.012294573608742976
2021-05-17,21749635.43102943,-5118.914153560731,False,-0.004497966534129816
2021-05-18,21656996.263690475,-5118.916997401928,False,-0.004259343455789155
2021-05-19,21719083.481231917,-5118.918419323315,False,0.0028668434341254656
2021-05-20,22011278.343508374,-5118.919841245098,False,0.013453369822393757
2021-05-21,21930031.56486525,-5118.921263167275,False,-0.003691143121048457
2021-05-24,22229842.334653832,-5118.926950859541,False,0.01367124205461323
2021-05-25,22294186.061447684,-5118.929794707847,False,0.002894475175541311
2021-05-26,22363216.493708704,-5118.932638557732,False,0.0030963423410370616
2021-05-27,22334500.09180156,11719.348462196067,True,-0.0012840908603295453
2021-05-28,22548087.092813194,11719.351717570638,False,0.009563097456120495
2021-06-01,22392558.764687054,-11615.985994055867,True,-0.006897628498858888
2021-06-02,22397875.417569507,-11615.992447381419,False,0.00023742944869864502
2021-06-03,22264825.510582235,-11615.998900710556,False,-0.005940291411876686
2021-06-04,22423635.475567173,-11616.005354043278,False,0.007132773841387552
2021-06-07,22422705.103464734,-11616.024714062958,False,-4.149068974357295e-05
2021-06-08,22429196.858207196,-11616.031167410021,False,0.0002895170191334895
2021-06-09,22438194.921059296,-11616.040847435992,False,0.0004011763287372627
2021-06-10,22576133.92187088,-11616.05052747003,False,0.006147508803487689
2021-06-11,22577618.810010873,-16405.21599537367,True,6.577247216599247e-05
2021-06-14,23257756.19981404,-16405.25700844783,False,0.030124407517306384
2021-06-15,22782493.239296522,-16405.270679495334,False,-0.02043460067404601
2021-06-16,22412930.016166832,-16405.288907573868,False,-0.016221368717109774
2021-06-17,23150451.36964262,-16405.307135672654,False,0.03290606596030954
2021-06-18,22223439.45056161,-16405.329920821452,False,-0.04004293066599163
2021-06-21,22661670.650405645,-16405.39827645772,False,0.019719323861588922
2021-06-22,23199347.88983123,-16405.416504678025,False,0.02372628424974299
2021-06-23,23298743.86871322,-16405.439289978724,False,0.004284429862166705
2021-06-24,23920440.760299973,-16405.46207531107,False,0.02668370857630653
2021-06-25,23827887.790446706,-16405.48941774786,False,-0.0038692000193772946
2021-06-28,24841822.643759403,-16405.566888236077,False,0.04255244368404365
2021-06-29,25176768.803790648,-27772.614698112477,True,0.013483155597497465
2021-06-30,24805688.563983053,-27772.653271188443,False,-0.01473899382003796
2021-07-01,24258861.0868784,-27772.691844317982,False,-0.022044438544577494
2021-07-02,24225223.24524005,-27772.730417501098,False,-0.0013866208111700251
2021-07-06,24944864.30597441,-27772.884710769293,False,0.029706271576909415
2021-07-07,25080038.53875784,-27772.923284220276,False,0.005418920348708944
2021-07-08,27079481.521565653,-27772.96957242575,False,0.0797224844658011
2021-07-09,24793208.01133041,-27773.015860708372,False,-0.08442826013542737
2021-07-12,24573083.264462,-27773.14701126677,False,-0.00887842939759198
2021-07-13,24933379.165915653,-27773.18558508206,False,0.014662217906318498
2021-07-14,24195875.04487185,-27773.231873724704,False,-0.029578987915604427
2021-07-15,24619822.54225669,-27773.27044765786,False,0.01752147821058836
2021-07-16,25947454.23708257,-16965.60067833215,True,0.05392531536517686
2021-07-19,27022527.646615166,32627.56881185691,True,0.04143271242371682
2021-07-20,28078816.721619375,32627.6141279247,False,0.03908920323138321
2021-07-21,29338177.25737,32627.65944405543,False,0.0448509119253937
2021-07-22,29517966.242910385,32627.704760249097,False,0.006128157995746619
2021-07-23,30277246.27075448,32627.750076505705,False,0.025722640292891397
2021-07-26,30282836.49104319,-33289.82266135095,True,0.00018463436993987337
2021-07-27,31300384.178007476,-33289.868897215754,False,0.03360146554518595
2021-07-28,30231921.371832192,-33088.61419765279,True,-0.03413577290613623
2021-07-29,30935901.742631245,-33088.669345343114,False,0.023285995029577178
2021-07-30,30901178.650436014,-33088.72449312536,False,-0.001122420561201265
