table,convention,cap_arm,window,instrument,year,arith_contribution,total_arith_contribution,largest_year,largest_year_share_of_abs,years_to_80pct_of_abs,n_years,years_to_80pct,note
contribution,c2c,capped,full,UVXY,2007.0,0.0,,,,,,,
contribution,c2c,capped,full,UVXY,2008.0,0.0,,,,,,,
contribution,c2c,capped,full,UVXY,2009.0,0.0,,,,,,,
contribution,c2c,capped,full,UVXY,2010.0,0.0,,,,,,,
contribution,c2c,capped,full,UVXY,2011.0,0.0,,,,,,,
contribution,c2c,capped,full,UVXY,2012.0,-0.37441487153877273,,,,,,,
contribution,c2c,capped,full,UVXY,2013.0,0.08930935708835311,,,,,,,
contribution,c2c,capped,full,UVXY,2014.0,-0.083883004319749,,,,,,,
contribution,c2c,capped,full,UVXY,2015.0,-0.20736618795124007,,,,,,,
contribution,c2c,capped,full,UVXY,2016.0,-0.21981915742399707,,,,,,,
contribution,c2c,capped,full,UVXY,2017.0,-0.0752596496780926,,,,,,,
contribution,c2c,capped,full,UVXY,2018.0,0.43756408145660186,,,,,,,
contribution,c2c,capped,full,UVXY,2019.0,0.22898059595863812,,,,,,,
contribution,c2c,capped,full,UVXY,2020.0,0.7751643638470302,,,,,,,
contribution,c2c,capped,full,UVXY,2021.0,0.18526002963847085,,,,,,,
concentration,c2c,capped,full,UVXY,,,0.7555355570772428,2020.0,0.2895622698875332,6.0,15.0,,
contribution,c2c,capped,full,SVXY,2007.0,0.0,,,,,,,
contribution,c2c,capped,full,SVXY,2008.0,0.0,,,,,,,
contribution,c2c,capped,full,SVXY,2009.0,0.0,,,,,,,
contribution,c2c,capped,full,SVXY,2010.0,0.0,,,,,,,
contribution,c2c,capped,full,SVXY,2011.0,-0.004930949188743158,,,,,,,
contribution,c2c,capped,full,SVXY,2012.0,0.07326323746295928,,,,,,,
contribution,c2c,capped,full,SVXY,2013.0,0.02639415438833462,,,,,,,
contribution,c2c,capped,full,SVXY,2014.0,0.044083213983287885,,,,,,,
contribution,c2c,capped,full,SVXY,2015.0,-0.004824064050622101,,,,,,,
contribution,c2c,capped,full,SVXY,2016.0,0.036782319272602546,,,,,,,
contribution,c2c,capped,full,SVXY,2017.0,0.025510658607022802,,,,,,,
contribution,c2c,capped,full,SVXY,2018.0,-0.03792986433869506,,,,,,,
contribution,c2c,capped,full,SVXY,2019.0,0.02839088732883989,,,,,,,
contribution,c2c,capped,full,SVXY,2020.0,0.019652991139563297,,,,,,,
contribution,c2c,capped,full,SVXY,2021.0,0.01221384248429206,,,,,,,
concentration,c2c,capped,full,SVXY,,,0.2186064270888421,2012.0,0.23334011178529349,7.0,15.0,,
contribution,c2c,capped,full,TECL,2007.0,0.0,,,,,,,
contribution,c2c,capped,full,TECL,2008.0,0.0,,,,,,,
contribution,c2c,capped,full,TECL,2009.0,0.11869138533297914,,,,,,,
contribution,c2c,capped,full,TECL,2010.0,0.012573327170851254,,,,,,,
contribution,c2c,capped,full,TECL,2011.0,-0.016469187673907707,,,,,,,
contribution,c2c,capped,full,TECL,2012.0,0.07795561225845722,,,,,,,
contribution,c2c,capped,full,TECL,2013.0,0.0649355726286081,,,,,,,
contribution,c2c,capped,full,TECL,2014.0,0.0963760381683388,,,,,,,
contribution,c2c,capped,full,TECL,2015.0,0.03816381781877634,,,,,,,
contribution,c2c,capped,full,TECL,2016.0,-0.005581368840131519,,,,,,,
contribution,c2c,capped,full,TECL,2017.0,0.08401962682793895,,,,,,,
contribution,c2c,capped,full,TECL,2018.0,0.06788785797263405,,,,,,,
contribution,c2c,capped,full,TECL,2019.0,0.10182166133911993,,,,,,,
contribution,c2c,capped,full,TECL,2020.0,-0.03773053707651222,,,,,,,
contribution,c2c,capped,full,TECL,2021.0,0.07358489465383769,,,,,,,
concentration,c2c,capped,full,TECL,,,0.67622870058099,2009.0,0.1491489625707586,8.0,15.0,,
contribution,c2c,capped,full,TECS,2007.0,0.0,,,,,,,
contribution,c2c,capped,full,TECS,2008.0,0.0,,,,,,,
contribution,c2c,capped,full,TECS,2009.0,-0.031294325627710874,,,,,,,
contribution,c2c,capped,full,TECS,2010.0,0.01068931771605164,,,,,,,
contribution,c2c,capped,full,TECS,2011.0,0.008336154500310335,,,,,,,
contribution,c2c,capped,full,TECS,2012.0,0.0013479487897659417,,,,,,,
contribution,c2c,capped,full,TECS,2013.0,-0.030343012268564003,,,,,,,
contribution,c2c,capped,full,TECS,2014.0,-0.004857306667265816,,,,,,,
contribution,c2c,capped,full,TECS,2015.0,0.01272935827933204,,,,,,,
contribution,c2c,capped,full,TECS,2016.0,-0.0045498272017558666,,,,,,,
contribution,c2c,capped,full,TECS,2017.0,-0.005145497946214508,,,,,,,
contribution,c2c,capped,full,TECS,2018.0,-0.004999009615554862,,,,,,,
contribution,c2c,capped,full,TECS,2019.0,-0.03520134730532345,,,,,,,
contribution,c2c,capped,full,TECS,2020.0,-0.013374487299488886,,,,,,,
contribution,c2c,capped,full,TECS,2021.0,-0.017817797350645335,,,,,,,
concentration,c2c,capped,full,TECS,,,-0.11447983199706363,2019.0,0.1948212149010399,7.0,15.0,,
contribution,c2c,capped,full,SOXL,2007.0,0.0,,,,,,,
contribution,c2c,capped,full,SOXL,2008.0,0.0,,,,,,,
contribution,c2c,capped,full,SOXL,2009.0,0.0,,,,,,,
contribution,c2c,capped,full,SOXL,2010.0,-0.10238935912350343,,,,,,,
contribution,c2c,capped,full,SOXL,2011.0,-0.029778710161075184,,,,,,,
contribution,c2c,capped,full,SOXL,2012.0,0.11701741963944802,,,,,,,
contribution,c2c,capped,full,SOXL,2013.0,0.19428086008053602,,,,,,,
contribution,c2c,capped,full,SOXL,2014.0,0.12175846717352078,,,,,,,
contribution,c2c,capped,full,SOXL,2015.0,-0.02586063290442812,,,,,,,
contribution,c2c,capped,full,SOXL,2016.0,0.22965416306768796,,,,,,,
contribution,c2c,capped,full,SOXL,2017.0,0.19125934583625387,,,,,,,
contribution,c2c,capped,full,SOXL,2018.0,0.1272190781591468,,,,,,,
contribution,c2c,capped,full,SOXL,2019.0,0.24071429176687284,,,,,,,
contribution,c2c,capped,full,SOXL,2020.0,0.17814524795497605,,,,,,,
contribution,c2c,capped,full,SOXL,2021.0,0.15744616498602446,,,,,,,
concentration,c2c,capped,full,SOXL,,,1.39946633647546,2019.0,0.1403153369635779,8.0,15.0,,
contribution,c2c,capped,full,SOXS,2007.0,0.0,,,,,,,
contribution,c2c,capped,full,SOXS,2008.0,0.0,,,,,,,
contribution,c2c,capped,full,SOXS,2009.0,0.0,,,,,,,
contribution,c2c,capped,full,SOXS,2010.0,0.0167206522190735,,,,,,,
contribution,c2c,capped,full,SOXS,2011.0,0.01724000796374473,,,,,,,
contribution,c2c,capped,full,SOXS,2012.0,-0.0007025210328613449,,,,,,,
contribution,c2c,capped,full,SOXS,2013.0,-0.058967758018250986,,,,,,,
contribution,c2c,capped,full,SOXS,2014.0,0.003426631657818146,,,,,,,
contribution,c2c,capped,full,SOXS,2015.0,0.03712092424118232,,,,,,,
contribution,c2c,capped,full,SOXS,2016.0,-0.0174184311473631,,,,,,,
contribution,c2c,capped,full,SOXS,2017.0,-0.012810717595909174,,,,,,,
contribution,c2c,capped,full,SOXS,2018.0,-0.006653750526681505,,,,,,,
contribution,c2c,capped,full,SOXS,2019.0,-0.042762956642641355,,,,,,,
contribution,c2c,capped,full,SOXS,2020.0,-0.005230484003771388,,,,,,,
contribution,c2c,capped,full,SOXS,2021.0,-0.015404532447657746,,,,,,,
concentration,c2c,capped,full,SOXS,,,-0.08544293533331791,2013.0,0.251505233711836,6.0,15.0,,
contribution,c2c,capped,full,SPXL,2007.0,0.0,,,,,,,
contribution,c2c,capped,full,SPXL,2008.0,0.0,,,,,,,
contribution,c2c,capped,full,SPXL,2009.0,0.035682096062524364,,,,,,,
contribution,c2c,capped,full,SPXL,2010.0,0.0,,,,,,,
contribution,c2c,capped,full,SPXL,2011.0,0.020372449432839695,,,,,,,
contribution,c2c,capped,full,SPXL,2012.0,0.017006195053780437,,,,,,,
contribution,c2c,capped,full,SPXL,2013.0,0.0,,,,,,,
contribution,c2c,capped,full,SPXL,2014.0,0.0,,,,,,,
contribution,c2c,capped,full,SPXL,2015.0,0.0,,,,,,,
contribution,c2c,capped,full,SPXL,2016.0,0.04821827981493784,,,,,,,
contribution,c2c,capped,full,SPXL,2017.0,0.0,,,,,,,
contribution,c2c,capped,full,SPXL,2018.0,-0.047890262692977185,,,,,,,
contribution,c2c,capped,full,SPXL,2019.0,0.0,,,,,,,
contribution,c2c,capped,full,SPXL,2020.0,-0.11543753906920728,,,,,,,
contribution,c2c,capped,full,SPXL,2021.0,0.0,,,,,,,
concentration,c2c,capped,full,SPXL,,,-0.042048781398102114,2020.0,0.4056035558346279,4.0,15.0,,
contribution,c2c,capped,full,LABU,2007.0,0.0,,,,,,,
contribution,c2c,capped,full,LABU,2008.0,0.0,,,,,,,
contribution,c2c,capped,full,LABU,2009.0,0.0,,,,,,,
contribution,c2c,capped,full,LABU,2010.0,0.0,,,,,,,
contribution,c2c,capped,full,LABU,2011.0,0.0,,,,,,,
contribution,c2c,capped,full,LABU,2012.0,0.0,,,,,,,
contribution,c2c,capped,full,LABU,2013.0,0.0,,,,,,,
contribution,c2c,capped,full,LABU,2014.0,0.0,,,,,,,
contribution,c2c,capped,full,LABU,2015.0,0.06661589413128499,,,,,,,
contribution,c2c,capped,full,LABU,2016.0,0.05000241458003195,,,,,,,
contribution,c2c,capped,full,LABU,2017.0,0.0,,,,,,,
contribution,c2c,capped,full,LABU,2018.0,0.00991769806952495,,,,,,,
contribution,c2c,capped,full,LABU,2019.0,0.01525363048869177,,,,,,,
contribution,c2c,capped,full,LABU,2020.0,0.04460839429053411,,,,,,,
contribution,c2c,capped,full,LABU,2021.0,0.0,,,,,,,
concentration,c2c,capped,full,LABU,,,0.1863980315600678,2015.0,0.35738518037846156,3.0,15.0,,
contribution,c2c,capped,full,SQQQ,2007.0,0.0,,,,,,,
contribution,c2c,capped,full,SQQQ,2008.0,0.0,,,,,,,
contribution,c2c,capped,full,SQQQ,2009.0,0.0,,,,,,,
contribution,c2c,capped,full,SQQQ,2010.0,-0.008632418326292352,,,,,,,
contribution,c2c,capped,full,SQQQ,2011.0,-0.12068207997143801,,,,,,,
contribution,c2c,capped,full,SQQQ,2012.0,0.022712521664839565,,,,,,,
contribution,c2c,capped,full,SQQQ,2013.0,-0.12939083548527824,,,,,,,
contribution,c2c,capped,full,SQQQ,2014.0,-0.004440630089689433,,,,,,,
contribution,c2c,capped,full,SQQQ,2015.0,0.0003347793823285535,,,,,,,
contribution,c2c,capped,full,SQQQ,2016.0,0.10139297366680536,,,,,,,
contribution,c2c,capped,full,SQQQ,2017.0,-0.028651350900645044,,,,,,,
contribution,c2c,capped,full,SQQQ,2018.0,-0.1468836772668398,,,,,,,
contribution,c2c,capped,full,SQQQ,2019.0,-0.052172963829613825,,,,,,,
contribution,c2c,capped,full,SQQQ,2020.0,-0.3326405517722996,,,,,,,
contribution,c2c,capped,full,SQQQ,2021.0,-0.06177416768135453,,,,,,,
concentration,c2c,capped,full,SQQQ,,,-0.7608284006094774,2020.0,0.3294420157016242,5.0,15.0,,
contribution,c2c,capped,full,TQQQ,2007.0,0.0,,,,,,,
contribution,c2c,capped,full,TQQQ,2008.0,0.0,,,,,,,
contribution,c2c,capped,full,TQQQ,2009.0,0.0,,,,,,,
contribution,c2c,capped,full,TQQQ,2010.0,0.17840222845001133,,,,,,,
contribution,c2c,capped,full,TQQQ,2011.0,-0.05005267622531035,,,,,,,
contribution,c2c,capped,full,TQQQ,2012.0,0.11675201636769336,,,,,,,
contribution,c2c,capped,full,TQQQ,2013.0,0.4009627442446813,,,,,,,
contribution,c2c,capped,full,TQQQ,2014.0,0.14582833235089962,,,,,,,
contribution,c2c,capped,full,TQQQ,2015.0,0.0998749098628135,,,,,,,
contribution,c2c,capped,full,TQQQ,2016.0,0.1442144372886576,,,,,,,
contribution,c2c,capped,full,TQQQ,2017.0,0.33651877052952417,,,,,,,
contribution,c2c,capped,full,TQQQ,2018.0,0.038844823459996784,,,,,,,
contribution,c2c,capped,full,TQQQ,2019.0,0.24683813947925504,,,,,,,
contribution,c2c,capped,full,TQQQ,2020.0,0.4524109053541256,,,,,,,
contribution,c2c,capped,full,TQQQ,2021.0,0.19498118261947836,,,,,,,
concentration,c2c,capped,full,TQQQ,,,2.305575813781826,2020.0,0.18805937865101605,7.0,15.0,,
contribution,c2c,capped,full,QLD,2007.0,0.0,,,,,,,
contribution,c2c,capped,full,QLD,2008.0,-0.07329451731392447,,,,,,,
contribution,c2c,capped,full,QLD,2009.0,0.011342369823059499,,,,,,,
contribution,c2c,capped,full,QLD,2010.0,0.0,,,,,,,
contribution,c2c,capped,full,QLD,2011.0,0.0,,,,,,,
contribution,c2c,capped,full,QLD,2012.0,0.0,,,,,,,
contribution,c2c,capped,full,QLD,2013.0,0.0,,,,,,,
contribution,c2c,capped,full,QLD,2014.0,0.0,,,,,,,
contribution,c2c,capped,full,QLD,2015.0,0.0,,,,,,,
contribution,c2c,capped,full,QLD,2016.0,0.0,,,,,,,
contribution,c2c,capped,full,QLD,2017.0,0.0,,,,,,,
contribution,c2c,capped,full,QLD,2018.0,0.0018099368010712127,,,,,,,
contribution,c2c,capped,full,QLD,2019.0,-0.005080344076261034,,,,,,,
contribution,c2c,capped,full,QLD,2020.0,0.007315038391008631,,,,,,,
contribution,c2c,capped,full,QLD,2021.0,0.0,,,,,,,
concentration,c2c,capped,full,QLD,,,-0.05790751637504617,2008.0,0.7415305665412173,2.0,15.0,,
contribution,c2c,capped,full,PSQ,2007.0,-0.005238645454486869,,,,,,,
contribution,c2c,capped,full,PSQ,2008.0,0.028788100861765677,,,,,,,
contribution,c2c,capped,full,PSQ,2009.0,-0.003978941476183748,,,,,,,
contribution,c2c,capped,full,PSQ,2010.0,-0.014743373327542122,,,,,,,
contribution,c2c,capped,full,PSQ,2011.0,-0.011877592523897475,,,,,,,
contribution,c2c,capped,full,PSQ,2012.0,0.0,,,,,,,
contribution,c2c,capped,full,PSQ,2013.0,0.0,,,,,,,
contribution,c2c,capped,full,PSQ,2014.0,-0.0017060562636692915,,,,,,,
contribution,c2c,capped,full,PSQ,2015.0,-0.0009277264876060339,,,,,,,
contribution,c2c,capped,full,PSQ,2016.0,-0.002963300400160989,,,,,,,
contribution,c2c,capped,full,PSQ,2017.0,0.0,,,,,,,
contribution,c2c,capped,full,PSQ,2018.0,0.006582981844077468,,,,,,,
contribution,c2c,capped,full,PSQ,2019.0,-0.010322908147409642,,,,,,,
contribution,c2c,capped,full,PSQ,2020.0,-0.0073837616567754595,,,,,,,
contribution,c2c,capped,full,PSQ,2021.0,0.0,,,,,,,
concentration,c2c,capped,full,PSQ,,,-0.023771223031888486,2008.0,0.30459283426233735,6.0,15.0,,
contribution,c2c,capped,full,QQQ,2007.0,0.0043327918458526135,,,,,,,
contribution,c2c,capped,full,QQQ,2008.0,0.004211787252936103,,,,,,,
contribution,c2c,capped,full,QQQ,2009.0,0.012463085084701259,,,,,,,
contribution,c2c,capped,full,QQQ,2010.0,0.016999067775739153,,,,,,,
contribution,c2c,capped,full,QQQ,2011.0,0.014491526526309575,,,,,,,
contribution,c2c,capped,full,QQQ,2012.0,0.0,,,,,,,
contribution,c2c,capped,full,QQQ,2013.0,0.0,,,,,,,
contribution,c2c,capped,full,QQQ,2014.0,0.0016949002653040362,,,,,,,
contribution,c2c,capped,full,QQQ,2015.0,0.009419636118040852,,,,,,,
contribution,c2c,capped,full,QQQ,2016.0,0.003152095289123216,,,,,,,
contribution,c2c,capped,full,QQQ,2017.0,0.0,,,,,,,
contribution,c2c,capped,full,QQQ,2018.0,-0.010697708067426131,,,,,,,
contribution,c2c,capped,full,QQQ,2019.0,0.01835735504796037,,,,,,,
contribution,c2c,capped,full,QQQ,2020.0,0.013094923794269091,,,,,,,
contribution,c2c,capped,full,QQQ,2021.0,0.0,,,,,,,
concentration,c2c,capped,full,QQQ,,,0.08751946093281013,2019.0,0.16854772775032403,7.0,15.0,,
contribution,c2c,capped,full,TLT,2007.0,0.001240312308484263,,,,,,,
contribution,c2c,capped,full,TLT,2008.0,0.026286141653704683,,,,,,,
contribution,c2c,capped,full,TLT,2009.0,-0.015128653644349056,,,,,,,
contribution,c2c,capped,full,TLT,2010.0,0.003633658732782357,,,,,,,
contribution,c2c,capped,full,TLT,2011.0,-0.0008079410407866652,,,,,,,
contribution,c2c,capped,full,TLT,2012.0,0.007068629039908212,,,,,,,
contribution,c2c,capped,full,TLT,2013.0,-0.004713856223556078,,,,,,,
contribution,c2c,capped,full,TLT,2014.0,0.004631324548669016,,,,,,,
contribution,c2c,capped,full,TLT,2015.0,0.011299612187003467,,,,,,,
contribution,c2c,capped,full,TLT,2016.0,0.0011302118374956797,,,,,,,
contribution,c2c,capped,full,TLT,2017.0,0.0014362493157884,,,,,,,
contribution,c2c,capped,full,TLT,2018.0,0.0036701516547945775,,,,,,,
contribution,c2c,capped,full,TLT,2019.0,0.010643102059519493,,,,,,,
contribution,c2c,capped,full,TLT,2020.0,-0.006977987364207445,,,,,,,
contribution,c2c,capped,full,TLT,2021.0,-0.0010022250266399273,,,,,,,
concentration,c2c,capped,full,TLT,,,0.04240873003861098,2008.0,0.2637315813841409,7.0,15.0,,
contribution,c2c,capped,full,BIL,2007.0,0.0,,,,,,,
contribution,c2c,capped,full,BIL,2008.0,0.0,,,,,,,
contribution,c2c,capped,full,BIL,2009.0,3.999523313053607e-05,,,,,,,
contribution,c2c,capped,full,BIL,2010.0,-3.6156980152356865e-05,,,,,,,
contribution,c2c,capped,full,BIL,2011.0,3.688031413634846e-05,,,,,,,
contribution,c2c,capped,full,BIL,2012.0,-6.923394067442668e-05,,,,,,,
contribution,c2c,capped,full,BIL,2013.0,-8.984456446206678e-05,,,,,,,
contribution,c2c,capped,full,BIL,2014.0,3.3846503142697672e-06,,,,,,,
contribution,c2c,capped,full,BIL,2015.0,-5.4552544156600424e-05,,,,,,,
contribution,c2c,capped,full,BIL,2016.0,6.832502765491801e-07,,,,,,,
contribution,c2c,capped,full,BIL,2017.0,0.0001604177082460832,,,,,,,
contribution,c2c,capped,full,BIL,2018.0,8.319306808775401e-05,,,,,,,
contribution,c2c,capped,full,BIL,2019.0,0.000325652759405358,,,,,,,
contribution,c2c,capped,full,BIL,2020.0,0.00012798402150839902,,,,,,,
contribution,c2c,capped,full,BIL,2021.0,-3.5368995736579667e-07,,,,,,,
concentration,c2c,capped,full,BIL,,,0.0005280492857024813,2019.0,0.3166803425040553,6.0,15.0,,
contribution,c2c,capped,full,BTAL,2007.0,0.0,,,,,,,
contribution,c2c,capped,full,BTAL,2008.0,0.0,,,,,,,
contribution,c2c,capped,full,BTAL,2009.0,0.0,,,,,,,
contribution,c2c,capped,full,BTAL,2010.0,0.0,,,,,,,
contribution,c2c,capped,full,BTAL,2011.0,0.0,,,,,,,
contribution,c2c,capped,full,BTAL,2012.0,9.771489616202025e-05,,,,,,,
contribution,c2c,capped,full,BTAL,2013.0,0.00015270759868973177,,,,,,,
contribution,c2c,capped,full,BTAL,2014.0,3.2017267282527417e-06,,,,,,,
contribution,c2c,capped,full,BTAL,2015.0,-0.00026886345825601895,,,,,,,
contribution,c2c,capped,full,BTAL,2016.0,-0.0003024714255148021,,,,,,,
contribution,c2c,capped,full,BTAL,2017.0,4.028797771396017e-06,,,,,,,
contribution,c2c,capped,full,BTAL,2018.0,-1.4476057662083582e-05,,,,,,,
contribution,c2c,capped,full,BTAL,2019.0,0.0010350685614026736,,,,,,,
contribution,c2c,capped,full,BTAL,2020.0,0.005006476344163551,,,,,,,
contribution,c2c,capped,full,BTAL,2021.0,-0.0002770285638109655,,,,,,,
concentration,c2c,capped,full,BTAL,,,0.0054363584196737555,2020.0,0.6990296257151313,2.0,15.0,,
contribution,c2c,capped,full,BSV,2007.0,0.0,,,,,,,
contribution,c2c,capped,full,BSV,2008.0,0.0,,,,,,,
contribution,c2c,capped,full,BSV,2009.0,0.0,,,,,,,
contribution,c2c,capped,full,BSV,2010.0,0.0029547613344728155,,,,,,,
contribution,c2c,capped,full,BSV,2011.0,-0.00025589507198462726,,,,,,,
contribution,c2c,capped,full,BSV,2012.0,-6.125958403235806e-05,,,,,,,
contribution,c2c,capped,full,BSV,2013.0,0.0,,,,,,,
contribution,c2c,capped,full,BSV,2014.0,0.0,,,,,,,
contribution,c2c,capped,full,BSV,2015.0,-0.00022072048015926384,,,,,,,
contribution,c2c,capped,full,BSV,2016.0,0.0014411606464537745,,,,,,,
contribution,c2c,capped,full,BSV,2017.0,0.0,,,,,,,
contribution,c2c,capped,full,BSV,2018.0,0.0025911262475236192,,,,,,,
contribution,c2c,capped,full,BSV,2019.0,0.0005062417939703781,,,,,,,
contribution,c2c,capped,full,BSV,2020.0,-0.0008701781845421054,,,,,,,
contribution,c2c,capped,full,BSV,2021.0,0.0,,,,,,,
concentration,c2c,capped,full,BSV,,,0.006085236701702234,2010.0,0.3319455525496961,4.0,15.0,,
contribution,c2c,capped,primary,UVXY,2011.0,0.0,,,,,,,
contribution,c2c,capped,primary,UVXY,2012.0,-0.37441487153877273,,,,,,,
contribution,c2c,capped,primary,UVXY,2013.0,0.08930935708835311,,,,,,,
contribution,c2c,capped,primary,UVXY,2014.0,-0.083883004319749,,,,,,,
contribution,c2c,capped,primary,UVXY,2015.0,-0.20736618795124007,,,,,,,
contribution,c2c,capped,primary,UVXY,2016.0,-0.21981915742399707,,,,,,,
contribution,c2c,capped,primary,UVXY,2017.0,-0.0752596496780926,,,,,,,
contribution,c2c,capped,primary,UVXY,2018.0,0.43756408145660186,,,,,,,
contribution,c2c,capped,primary,UVXY,2019.0,0.22898059595863812,,,,,,,
contribution,c2c,capped,primary,UVXY,2020.0,0.7751643638470302,,,,,,,
contribution,c2c,capped,primary,UVXY,2021.0,0.18526002963847085,,,,,,,
concentration,c2c,capped,primary,UVXY,,,0.7555355570772427,2020.0,0.2895622698875332,6.0,11.0,,
contribution,c2c,capped,primary,SVXY,2011.0,-0.004930949188743158,,,,,,,
contribution,c2c,capped,primary,SVXY,2012.0,0.07326323746295928,,,,,,,
contribution,c2c,capped,primary,SVXY,2013.0,0.02639415438833462,,,,,,,
contribution,c2c,capped,primary,SVXY,2014.0,0.044083213983287885,,,,,,,
contribution,c2c,capped,primary,SVXY,2015.0,-0.004824064050622101,,,,,,,
contribution,c2c,capped,primary,SVXY,2016.0,0.036782319272602546,,,,,,,
contribution,c2c,capped,primary,SVXY,2017.0,0.025510658607022802,,,,,,,
contribution,c2c,capped,primary,SVXY,2018.0,-0.03792986433869506,,,,,,,
contribution,c2c,capped,primary,SVXY,2019.0,0.02839088732883989,,,,,,,
contribution,c2c,capped,primary,SVXY,2020.0,0.019652991139563297,,,,,,,
contribution,c2c,capped,primary,SVXY,2021.0,0.01221384248429206,,,,,,,
concentration,c2c,capped,primary,SVXY,,,0.21860642708884206,2012.0,0.23334011178529349,7.0,11.0,,
contribution,c2c,capped,primary,TECL,2011.0,-0.016901234190931695,,,,,,,
contribution,c2c,capped,primary,TECL,2012.0,0.07795561225845722,,,,,,,
contribution,c2c,capped,primary,TECL,2013.0,0.0649355726286081,,,,,,,
contribution,c2c,capped,primary,TECL,2014.0,0.0963760381683388,,,,,,,
contribution,c2c,capped,primary,TECL,2015.0,0.03816381781877634,,,,,,,
contribution,c2c,capped,primary,TECL,2016.0,-0.005581368840131519,,,,,,,
contribution,c2c,capped,primary,TECL,2017.0,0.08401962682793895,,,,,,,
contribution,c2c,capped,primary,TECL,2018.0,0.06788785797263405,,,,,,,
contribution,c2c,capped,primary,TECL,2019.0,0.10182166133911993,,,,,,,
contribution,c2c,capped,primary,TECL,2020.0,-0.03773053707651222,,,,,,,
contribution,c2c,capped,primary,TECL,2021.0,0.07358489465383769,,,,,,,
concentration,c2c,capped,primary,TECL,,,0.5445319415601355,2019.0,0.1531249001888861,7.0,11.0,,
contribution,c2c,capped,primary,TECS,2011.0,-0.0004641613289281042,,,,,,,
contribution,c2c,capped,primary,TECS,2012.0,0.0013479487897659417,,,,,,,
contribution,c2c,capped,primary,TECS,2013.0,-0.030343012268564003,,,,,,,
contribution,c2c,capped,primary,TECS,2014.0,-0.004857306667265816,,,,,,,
contribution,c2c,capped,primary,TECS,2015.0,0.01272935827933204,,,,,,,
contribution,c2c,capped,primary,TECS,2016.0,-0.0045498272017558666,,,,,,,
contribution,c2c,capped,primary,TECS,2017.0,-0.005145497946214508,,,,,,,
contribution,c2c,capped,primary,TECS,2018.0,-0.004999009615554862,,,,,,,
contribution,c2c,capped,primary,TECS,2019.0,-0.03520134730532345,,,,,,,
contribution,c2c,capped,primary,TECS,2020.0,-0.013374487299488886,,,,,,,
contribution,c2c,capped,primary,TECS,2021.0,-0.017817797350645335,,,,,,,
concentration,c2c,capped,primary,TECS,,,-0.10267513991464285,2019.0,0.26906224474828966,5.0,11.0,,
contribution,c2c,capped,primary,SOXL,2011.0,-0.026667062125477342,,,,,,,
contribution,c2c,capped,primary,SOXL,2012.0,0.11701741963944802,,,,,,,
contribution,c2c,capped,primary,SOXL,2013.0,0.19428086008053602,,,,,,,
contribution,c2c,capped,primary,SOXL,2014.0,0.12175846717352078,,,,,,,
contribution,c2c,capped,primary,SOXL,2015.0,-0.02586063290442812,,,,,,,
contribution,c2c,capped,primary,SOXL,2016.0,0.22965416306768796,,,,,,,
contribution,c2c,capped,primary,SOXL,2017.0,0.19125934583625387,,,,,,,
contribution,c2c,capped,primary,SOXL,2018.0,0.1272190781591468,,,,,,,
contribution,c2c,capped,primary,SOXL,2019.0,0.24071429176687284,,,,,,,
contribution,c2c,capped,primary,SOXL,2020.0,0.17814524795497605,,,,,,,
contribution,c2c,capped,primary,SOXL,2021.0,0.15744616498602446,,,,,,,
concentration,c2c,capped,primary,SOXL,,,1.5049673436345614,2019.0,0.14950987133860383,7.0,11.0,,
contribution,c2c,capped,primary,SOXS,2011.0,0.00012092899688389696,,,,,,,
contribution,c2c,capped,primary,SOXS,2012.0,-0.0007025210328613449,,,,,,,
contribution,c2c,capped,primary,SOXS,2013.0,-0.058967758018250986,,,,,,,
contribution,c2c,capped,primary,SOXS,2014.0,0.003426631657818146,,,,,,,
contribution,c2c,capped,primary,SOXS,2015.0,0.03712092424118232,,,,,,,
contribution,c2c,capped,primary,SOXS,2016.0,-0.0174184311473631,,,,,,,
contribution,c2c,capped,primary,SOXS,2017.0,-0.012810717595909174,,,,,,,
contribution,c2c,capped,primary,SOXS,2018.0,-0.006653750526681505,,,,,,,
contribution,c2c,capped,primary,SOXS,2019.0,-0.042762956642641355,,,,,,,
contribution,c2c,capped,primary,SOXS,2020.0,-0.005230484003771388,,,,,,,
contribution,c2c,capped,primary,SOXS,2021.0,-0.015404532447657746,,,,,,,
concentration,c2c,capped,primary,SOXS,,,-0.11928266651925226,2013.0,0.2939281473266813,5.0,11.0,,
contribution,c2c,capped,primary,SPXL,2011.0,0.0,,,,,,,
contribution,c2c,capped,primary,SPXL,2012.0,0.017006195053780437,,,,,,,
contribution,c2c,capped,primary,SPXL,2013.0,0.0,,,,,,,
contribution,c2c,capped,primary,SPXL,2014.0,0.0,,,,,,,
contribution,c2c,capped,primary,SPXL,2015.0,0.0,,,,,,,
contribution,c2c,capped,primary,SPXL,2016.0,0.04821827981493784,,,,,,,
contribution,c2c,capped,primary,SPXL,2017.0,0.0,,,,,,,
contribution,c2c,capped,primary,SPXL,2018.0,-0.047890262692977185,,,,,,,
contribution,c2c,capped,primary,SPXL,2019.0,0.0,,,,,,,
contribution,c2c,capped,primary,SPXL,2020.0,-0.11543753906920728,,,,,,,
contribution,c2c,capped,primary,SPXL,2021.0,0.0,,,,,,,
concentration,c2c,capped,primary,SPXL,,,-0.09810332689346618,2020.0,0.5050815540797763,3.0,11.0,,
contribution,c2c,capped,primary,LABU,2011.0,0.0,,,,,,,
contribution,c2c,capped,primary,LABU,2012.0,0.0,,,,,,,
contribution,c2c,capped,primary,LABU,2013.0,0.0,,,,,,,
contribution,c2c,capped,primary,LABU,2014.0,0.0,,,,,,,
contribution,c2c,capped,primary,LABU,2015.0,0.06661589413128499,,,,,,,
contribution,c2c,capped,primary,LABU,2016.0,0.05000241458003195,,,,,,,
contribution,c2c,capped,primary,LABU,2017.0,0.0,,,,,,,
contribution,c2c,capped,primary,LABU,2018.0,0.00991769806952495,,,,,,,
contribution,c2c,capped,primary,LABU,2019.0,0.01525363048869177,,,,,,,
contribution,c2c,capped,primary,LABU,2020.0,0.04460839429053411,,,,,,,
contribution,c2c,capped,primary,LABU,2021.0,0.0,,,,,,,
concentration,c2c,capped,primary,LABU,,,0.1863980315600678,2015.0,0.35738518037846156,3.0,11.0,,
contribution,c2c,capped,primary,SQQQ,2011.0,-0.12183784730311839,,,,,,,
contribution,c2c,capped,primary,SQQQ,2012.0,0.022712521664839565,,,,,,,
contribution,c2c,capped,primary,SQQQ,2013.0,-0.12939083548527824,,,,,,,
contribution,c2c,capped,primary,SQQQ,2014.0,-0.004440630089689433,,,,,,,
contribution,c2c,capped,primary,SQQQ,2015.0,0.0003347793823285535,,,,,,,
contribution,c2c,capped,primary,SQQQ,2016.0,0.10139297366680536,,,,,,,
contribution,c2c,capped,primary,SQQQ,2017.0,-0.028651350900645044,,,,,,,
contribution,c2c,capped,primary,SQQQ,2018.0,-0.1468836772668398,,,,,,,
contribution,c2c,capped,primary,SQQQ,2019.0,-0.052172963829613825,,,,,,,
contribution,c2c,capped,primary,SQQQ,2020.0,-0.3326405517722996,,,,,,,
contribution,c2c,capped,primary,SQQQ,2021.0,-0.06177416768135453,,,,,,,
concentration,c2c,capped,primary,SQQQ,,,-0.7533517496148653,2020.0,0.3318996524957237,5.0,11.0,,
contribution,c2c,capped,primary,TQQQ,2011.0,-0.04273461391058702,,,,,,,
contribution,c2c,capped,primary,TQQQ,2012.0,0.11675201636769336,,,,,,,
contribution,c2c,capped,primary,TQQQ,2013.0,0.4009627442446813,,,,,,,
contribution,c2c,capped,primary,TQQQ,2014.0,0.14582833235089962,,,,,,,
contribution,c2c,capped,primary,TQQQ,2015.0,0.0998749098628135,,,,,,,
contribution,c2c,capped,primary,TQQQ,2016.0,0.1442144372886576,,,,,,,
contribution,c2c,capped,primary,TQQQ,2017.0,0.33651877052952417,,,,,,,
contribution,c2c,capped,primary,TQQQ,2018.0,0.038844823459996784,,,,,,,
contribution,c2c,capped,primary,TQQQ,2019.0,0.24683813947925504,,,,,,,
contribution,c2c,capped,primary,TQQQ,2020.0,0.4524109053541256,,,,,,,
contribution,c2c,capped,primary,TQQQ,2021.0,0.19498118261947836,,,,,,,
concentration,c2c,capped,primary,TQQQ,,,2.1344916476465383,2020.0,0.2037922876721012,6.0,11.0,,
contribution,c2c,capped,primary,QLD,2011.0,0.0,,,,,,,
contribution,c2c,capped,primary,QLD,2012.0,0.0,,,,,,,
contribution,c2c,capped,primary,QLD,2013.0,0.0,,,,,,,
contribution,c2c,capped,primary,QLD,2014.0,0.0,,,,,,,
contribution,c2c,capped,primary,QLD,2015.0,0.0,,,,,,,
contribution,c2c,capped,primary,QLD,2016.0,0.0,,,,,,,
contribution,c2c,capped,primary,QLD,2017.0,0.0,,,,,,,
contribution,c2c,capped,primary,QLD,2018.0,0.0018099368010712127,,,,,,,
contribution,c2c,capped,primary,QLD,2019.0,-0.005080344076261034,,,,,,,
contribution,c2c,capped,primary,QLD,2020.0,0.007315038391008631,,,,,,,
contribution,c2c,capped,primary,QLD,2021.0,0.0,,,,,,,
concentration,c2c,capped,primary,QLD,,,0.0040446311158188085,2020.0,0.5149506500224544,2.0,11.0,,
contribution,c2c,capped,primary,PSQ,2011.0,-0.010286322488427906,,,,,,,
contribution,c2c,capped,primary,PSQ,2012.0,0.0,,,,,,,
contribution,c2c,capped,primary,PSQ,2013.0,0.0,,,,,,,
contribution,c2c,capped,primary,PSQ,2014.0,-0.0017060562636692915,,,,,,,
contribution,c2c,capped,primary,PSQ,2015.0,-0.0009277264876060339,,,,,,,
contribution,c2c,capped,primary,PSQ,2016.0,-0.002963300400160989,,,,,,,
contribution,c2c,capped,primary,PSQ,2017.0,0.0,,,,,,,
contribution,c2c,capped,primary,PSQ,2018.0,0.006582981844077468,,,,,,,
contribution,c2c,capped,primary,PSQ,2019.0,-0.010322908147409642,,,,,,,
contribution,c2c,capped,primary,PSQ,2020.0,-0.0073837616567754595,,,,,,,
contribution,c2c,capped,primary,PSQ,2021.0,0.0,,,,,,,
concentration,c2c,capped,primary,PSQ,,,-0.027007093599971846,2019.0,0.25696097942888196,4.0,11.0,,
contribution,c2c,capped,primary,QQQ,2011.0,0.016972545426515537,,,,,,,
contribution,c2c,capped,primary,QQQ,2012.0,0.0,,,,,,,
contribution,c2c,capped,primary,QQQ,2013.0,0.0,,,,,,,
contribution,c2c,capped,primary,QQQ,2014.0,0.0016949002653040362,,,,,,,
contribution,c2c,capped,primary,QQQ,2015.0,0.009419636118040852,,,,,,,
contribution,c2c,capped,primary,QQQ,2016.0,0.003152095289123216,,,,,,,
contribution,c2c,capped,primary,QQQ,2017.0,0.0,,,,,,,
contribution,c2c,capped,primary,QQQ,2018.0,-0.010697708067426131,,,,,,,
contribution,c2c,capped,primary,QQQ,2019.0,0.01835735504796037,,,,,,,
contribution,c2c,capped,primary,QQQ,2020.0,0.013094923794269091,,,,,,,
contribution,c2c,capped,primary,QQQ,2021.0,0.0,,,,,,,
concentration,c2c,capped,primary,QQQ,,,0.05199374787378698,2019.0,0.2501371325853961,4.0,11.0,,
contribution,c2c,capped,primary,TLT,2011.0,-0.00871658057489224,,,,,,,
contribution,c2c,capped,primary,TLT,2012.0,0.007068629039908212,,,,,,,
contribution,c2c,capped,primary,TLT,2013.0,-0.004713856223556078,,,,,,,
contribution,c2c,capped,primary,TLT,2014.0,0.004631324548669016,,,,,,,
contribution,c2c,capped,primary,TLT,2015.0,0.011299612187003467,,,,,,,
contribution,c2c,capped,primary,TLT,2016.0,0.0011302118374956797,,,,,,,
contribution,c2c,capped,primary,TLT,2017.0,0.0014362493157884,,,,,,,
contribution,c2c,capped,primary,TLT,2018.0,0.0036701516547945775,,,,,,,
contribution,c2c,capped,primary,TLT,2019.0,0.010643102059519493,,,,,,,
contribution,c2c,capped,primary,TLT,2020.0,-0.006977987364207445,,,,,,,
contribution,c2c,capped,primary,TLT,2021.0,-0.0010022250266399273,,,,,,,
concentration,c2c,capped,primary,TLT,,,0.01846863145388316,2015.0,0.18436327497663987,6.0,11.0,,
contribution,c2c,capped,primary,BIL,2011.0,0.0,,,,,,,
contribution,c2c,capped,primary,BIL,2012.0,-6.923394067442668e-05,,,,,,,
contribution,c2c,capped,primary,BIL,2013.0,-8.984456446206678e-05,,,,,,,
contribution,c2c,capped,primary,BIL,2014.0,3.3846503142697672e-06,,,,,,,
contribution,c2c,capped,primary,BIL,2015.0,-5.4552544156600424e-05,,,,,,,
contribution,c2c,capped,primary,BIL,2016.0,6.832502765491801e-07,,,,,,,
contribution,c2c,capped,primary,BIL,2017.0,0.0001604177082460832,,,,,,,
contribution,c2c,capped,primary,BIL,2018.0,8.319306808775401e-05,,,,,,,
contribution,c2c,capped,primary,BIL,2019.0,0.000325652759405358,,,,,,,
contribution,c2c,capped,primary,BIL,2020.0,0.00012798402150839902,,,,,,,
contribution,c2c,capped,primary,BIL,2021.0,-3.5368995736579667e-07,,,,,,,
concentration,c2c,capped,primary,BIL,,,0.00048733071858795364,2019.0,0.3557879266726937,5.0,11.0,,
contribution,c2c,capped,primary,BTAL,2011.0,0.0,,,,,,,
contribution,c2c,capped,primary,BTAL,2012.0,9.771489616202025e-05,,,,,,,
contribution,c2c,capped,primary,BTAL,2013.0,0.00015270759868973177,,,,,,,
contribution,c2c,capped,primary,BTAL,2014.0,3.2017267282527417e-06,,,,,,,
contribution,c2c,capped,primary,BTAL,2015.0,-0.00026886345825601895,,,,,,,
contribution,c2c,capped,primary,BTAL,2016.0,-0.0003024714255148021,,,,,,,
contribution,c2c,capped,primary,BTAL,2017.0,4.028797771396017e-06,,,,,,,
contribution,c2c,capped,primary,BTAL,2018.0,-1.4476057662083582e-05,,,,,,,
contribution,c2c,capped,primary,BTAL,2019.0,0.0010350685614026736,,,,,,,
contribution,c2c,capped,primary,BTAL,2020.0,0.005006476344163551,,,,,,,
contribution,c2c,capped,primary,BTAL,2021.0,-0.0002770285638109655,,,,,,,
concentration,c2c,capped,primary,BTAL,,,0.0054363584196737555,2020.0,0.6990296257151313,2.0,11.0,,
contribution,c2c,capped,primary,BSV,2011.0,0.0003058598372415707,,,,,,,
contribution,c2c,capped,primary,BSV,2012.0,-6.125958403235806e-05,,,,,,,
contribution,c2c,capped,primary,BSV,2013.0,0.0,,,,,,,
contribution,c2c,capped,primary,BSV,2014.0,0.0,,,,,,,
contribution,c2c,capped,primary,BSV,2015.0,-0.00022072048015926384,,,,,,,
contribution,c2c,capped,primary,BSV,2016.0,0.0014411606464537745,,,,,,,
contribution,c2c,capped,primary,BSV,2017.0,0.0,,,,,,,
contribution,c2c,capped,primary,BSV,2018.0,0.0025911262475236192,,,,,,,
contribution,c2c,capped,primary,BSV,2019.0,0.0005062417939703781,,,,,,,
contribution,c2c,capped,primary,BSV,2020.0,-0.0008701781845421054,,,,,,,
contribution,c2c,capped,primary,BSV,2021.0,0.0,,,,,,,
concentration,c2c,capped,primary,BSV,,,0.0036922302764556157,2018.0,0.43210306618328087,3.0,11.0,,
contribution,c2c,capped,early,TECL,2007.0,0.0,,,,,,,
contribution,c2c,capped,early,TECL,2008.0,0.0,,,,,,,
contribution,c2c,capped,early,TECL,2009.0,0.11869138533297914,,,,,,,
contribution,c2c,capped,early,TECL,2010.0,0.012573327170851254,,,,,,,
contribution,c2c,capped,early,TECL,2011.0,0.000432046517023988,,,,,,,
concentration,c2c,capped,early,TECL,,,0.13169675902085437,2009.0,0.9012475797842844,1.0,5.0,,
contribution,c2c,capped,early,TECS,2007.0,0.0,,,,,,,
contribution,c2c,capped,early,TECS,2008.0,0.0,,,,,,,
contribution,c2c,capped,early,TECS,2009.0,-0.031294325627710874,,,,,,,
contribution,c2c,capped,early,TECS,2010.0,0.01068931771605164,,,,,,,
contribution,c2c,capped,early,TECS,2011.0,0.00880031582923844,,,,,,,
concentration,c2c,capped,early,TECS,,,-0.011804692082420796,2009.0,0.6162246137821479,2.0,5.0,,
contribution,c2c,capped,early,SOXL,2007.0,0.0,,,,,,,
contribution,c2c,capped,early,SOXL,2008.0,0.0,,,,,,,
contribution,c2c,capped,early,SOXL,2009.0,0.0,,,,,,,
contribution,c2c,capped,early,SOXL,2010.0,-0.10238935912350343,,,,,,,
contribution,c2c,capped,early,SOXL,2011.0,-0.0031116480355978474,,,,,,,
concentration,c2c,capped,early,SOXL,,,-0.10550100715910128,2010.0,0.9705059873892453,1.0,5.0,,
contribution,c2c,capped,early,SOXS,2007.0,0.0,,,,,,,
contribution,c2c,capped,early,SOXS,2008.0,0.0,,,,,,,
contribution,c2c,capped,early,SOXS,2009.0,0.0,,,,,,,
contribution,c2c,capped,early,SOXS,2010.0,0.0167206522190735,,,,,,,
contribution,c2c,capped,early,SOXS,2011.0,0.017119078966860834,,,,,,,
concentration,c2c,capped,early,SOXS,,,0.033839731185934335,2011.0,0.5058869667964877,2.0,5.0,,
contribution,c2c,capped,early,SPXL,2007.0,0.0,,,,,,,
contribution,c2c,capped,early,SPXL,2008.0,0.0,,,,,,,
contribution,c2c,capped,early,SPXL,2009.0,0.035682096062524364,,,,,,,
contribution,c2c,capped,early,SPXL,2010.0,0.0,,,,,,,
contribution,c2c,capped,early,SPXL,2011.0,0.020372449432839695,,,,,,,
concentration,c2c,capped,early,SPXL,,,0.05605454549536405,2009.0,0.6365602601393926,2.0,5.0,,
contribution,c2c,capped,early,SQQQ,2007.0,0.0,,,,,,,
contribution,c2c,capped,early,SQQQ,2008.0,0.0,,,,,,,
contribution,c2c,capped,early,SQQQ,2009.0,0.0,,,,,,,
contribution,c2c,capped,early,SQQQ,2010.0,-0.008632418326292352,,,,,,,
contribution,c2c,capped,early,SQQQ,2011.0,0.0011557673316803796,,,,,,,
concentration,c2c,capped,early,SQQQ,,,-0.00747665099461199,2010.0,0.8819222098899424,1.0,5.0,,
contribution,c2c,capped,early,TQQQ,2007.0,0.0,,,,,,,
contribution,c2c,capped,early,TQQQ,2008.0,0.0,,,,,,,
contribution,c2c,capped,early,TQQQ,2009.0,0.0,,,,,,,
contribution,c2c,capped,early,TQQQ,2010.0,0.17840222845001133,,,,,,,
contribution,c2c,capped,early,TQQQ,2011.0,-0.0073180623147233274,,,,,,,
concentration,c2c,capped,early,TQQQ,,,0.17108416613528807,2010.0,0.9605963231880051,1.0,5.0,,
contribution,c2c,capped,early,QLD,2007.0,0.0,,,,,,,
contribution,c2c,capped,early,QLD,2008.0,-0.07329451731392447,,,,,,,
contribution,c2c,capped,early,QLD,2009.0,0.011342369823059499,,,,,,,
contribution,c2c,capped,early,QLD,2010.0,0.0,,,,,,,
contribution,c2c,capped,early,QLD,2011.0,0.0,,,,,,,
concentration,c2c,capped,early,QLD,,,-0.06195214749086499,2008.0,0.8659878664405275,1.0,5.0,,
contribution,c2c,capped,early,PSQ,2007.0,-0.005238645454486869,,,,,,,
contribution,c2c,capped,early,PSQ,2008.0,0.028788100861765677,,,,,,,
contribution,c2c,capped,early,PSQ,2009.0,-0.003978941476183748,,,,,,,
contribution,c2c,capped,early,PSQ,2010.0,-0.014743373327542122,,,,,,,
contribution,c2c,capped,early,PSQ,2011.0,-0.0015912700354695697,,,,,,,
concentration,c2c,capped,early,PSQ,,,0.00323587056808336,2008.0,0.529774115277534,2.0,5.0,,
contribution,c2c,capped,early,QQQ,2007.0,0.0043327918458526135,,,,,,,
contribution,c2c,capped,early,QQQ,2008.0,0.004211787252936103,,,,,,,
contribution,c2c,capped,early,QQQ,2009.0,0.012463085084701259,,,,,,,
contribution,c2c,capped,early,QQQ,2010.0,0.016999067775739153,,,,,,,
contribution,c2c,capped,early,QQQ,2011.0,-0.0024810189002059625,,,,,,,
concentration,c2c,capped,early,QQQ,,,0.03552571305902316,2010.0,0.41985705342725316,3.0,5.0,,
contribution,c2c,capped,early,TLT,2007.0,0.001240312308484263,,,,,,,
contribution,c2c,capped,early,TLT,2008.0,0.026286141653704683,,,,,,,
contribution,c2c,capped,early,TLT,2009.0,-0.015128653644349056,,,,,,,
contribution,c2c,capped,early,TLT,2010.0,0.003633658732782357,,,,,,,
contribution,c2c,capped,early,TLT,2011.0,0.007908639534105573,,,,,,,
concentration,c2c,capped,early,TLT,,,0.02394009858472782,2008.0,0.48500737683080325,3.0,5.0,,
contribution,c2c,capped,early,BIL,2007.0,0.0,,,,,,,
contribution,c2c,capped,early,BIL,2008.0,0.0,,,,,,,
contribution,c2c,capped,early,BIL,2009.0,3.999523313053607e-05,,,,,,,
contribution,c2c,capped,early,BIL,2010.0,-3.6156980152356865e-05,,,,,,,
contribution,c2c,capped,early,BIL,2011.0,3.688031413634846e-05,,,,,,,
concentration,c2c,capped,early,BIL,,,4.071856711452766e-05,2009.0,0.35383826269930624,3.0,5.0,,
contribution,c2c,capped,early,BSV,2007.0,0.0,,,,,,,
contribution,c2c,capped,early,BSV,2008.0,0.0,,,,,,,
contribution,c2c,capped,early,BSV,2009.0,0.0,,,,,,,
contribution,c2c,capped,early,BSV,2010.0,0.0029547613344728155,,,,,,,
contribution,c2c,capped,early,BSV,2011.0,-0.0005617549092261978,,,,,,,
concentration,c2c,capped,early,BSV,,,0.002393006425246618,2010.0,0.8402524344277479,1.0,5.0,,
contribution,c2c,uncapped,full,UVXY,2007.0,0.0,,,,,,,
contribution,c2c,uncapped,full,UVXY,2008.0,0.0,,,,,,,
contribution,c2c,uncapped,full,UVXY,2009.0,0.0,,,,,,,
contribution,c2c,uncapped,full,UVXY,2010.0,0.0,,,,,,,
contribution,c2c,uncapped,full,UVXY,2011.0,0.0,,,,,,,
contribution,c2c,uncapped,full,UVXY,2012.0,-0.3744457503631343,,,,,,,
contribution,c2c,uncapped,full,UVXY,2013.0,0.08950865866698948,,,,,,,
contribution,c2c,uncapped,full,UVXY,2014.0,-0.0837680342183148,,,,,,,
contribution,c2c,uncapped,full,UVXY,2015.0,-0.20732722798215591,,,,,,,
contribution,c2c,uncapped,full,UVXY,2016.0,-0.21973725543363046,,,,,,,
contribution,c2c,uncapped,full,UVXY,2017.0,-0.07531964869403453,,,,,,,
contribution,c2c,uncapped,full,UVXY,2018.0,0.43760237385214873,,,,,,,
contribution,c2c,uncapped,full,UVXY,2019.0,0.22901737086256205,,,,,,,
contribution,c2c,uncapped,full,UVXY,2020.0,0.7742041717830322,,,,,,,
contribution,c2c,uncapped,full,UVXY,2021.0,0.18540522667193127,,,,,,,
concentration,c2c,uncapped,full,UVXY,,,0.7551398851453941,2020.0,0.28927767410617233,6.0,15.0,,
contribution,c2c,uncapped,full,SVXY,2007.0,0.0,,,,,,,
contribution,c2c,uncapped,full,SVXY,2008.0,0.0,,,,,,,
contribution,c2c,uncapped,full,SVXY,2009.0,0.0,,,,,,,
contribution,c2c,uncapped,full,SVXY,2010.0,0.0,,,,,,,
contribution,c2c,uncapped,full,SVXY,2011.0,-0.007774005850000052,,,,,,,
contribution,c2c,uncapped,full,SVXY,2012.0,0.07372951876055298,,,,,,,
contribution,c2c,uncapped,full,SVXY,2013.0,0.026331061718253827,,,,,,,
contribution,c2c,uncapped,full,SVXY,2014.0,0.04403265953719464,,,,,,,
contribution,c2c,uncapped,full,SVXY,2015.0,-0.0048327652514225695,,,,,,,
contribution,c2c,uncapped,full,SVXY,2016.0,0.03676041133536863,,,,,,,
contribution,c2c,uncapped,full,SVXY,2017.0,0.02550997840002167,,,,,,,
contribution,c2c,uncapped,full,SVXY,2018.0,-0.03792460430465634,,,,,,,
contribution,c2c,uncapped,full,SVXY,2019.0,0.02839095923257476,,,,,,,
contribution,c2c,uncapped,full,SVXY,2020.0,0.019653699869840464,,,,,,,
contribution,c2c,uncapped,full,SVXY,2021.0,0.012213949996228365,,,,,,,
concentration,c2c,uncapped,full,SVXY,,,0.21609086344395634,2012.0,0.2324725793634293,7.0,15.0,,
contribution,c2c,uncapped,full,TECL,2007.0,0.0,,,,,,,
contribution,c2c,uncapped,full,TECL,2008.0,0.0,,,,,,,
contribution,c2c,uncapped,full,TECL,2009.0,0.10994120711070132,,,,,,,
contribution,c2c,uncapped,full,TECL,2010.0,0.012461976784925697,,,,,,,
contribution,c2c,uncapped,full,TECL,2011.0,-0.016471199015561953,,,,,,,
contribution,c2c,uncapped,full,TECL,2012.0,0.07796877836819166,,,,,,,
contribution,c2c,uncapped,full,TECL,2013.0,0.06477845069033573,,,,,,,
contribution,c2c,uncapped,full,TECL,2014.0,0.0997025557937062,,,,,,,
contribution,c2c,uncapped,full,TECL,2015.0,0.08862787378315062,,,,,,,
contribution,c2c,uncapped,full,TECL,2016.0,-0.01427061285936343,,,,,,,
contribution,c2c,uncapped,full,TECL,2017.0,0.08402519192467794,,,,,,,
contribution,c2c,uncapped,full,TECL,2018.0,0.07335323542504725,,,,,,,
contribution,c2c,uncapped,full,TECL,2019.0,0.10182934695772312,,,,,,,
contribution,c2c,uncapped,full,TECL,2020.0,-0.037726307850631365,,,,,,,
contribution,c2c,uncapped,full,TECL,2021.0,0.07358560490942814,,,,,,,
concentration,c2c,uncapped,full,TECL,,,0.7178061020223309,2009.0,0.12862496892476344,8.0,15.0,,
contribution,c2c,uncapped,full,TECS,2007.0,0.0,,,,,,,
contribution,c2c,uncapped,full,TECS,2008.0,0.0,,,,,,,
contribution,c2c,uncapped,full,TECS,2009.0,-0.03129402343180403,,,,,,,
contribution,c2c,uncapped,full,TECS,2010.0,0.010690459554930714,,,,,,,
contribution,c2c,uncapped,full,TECS,2011.0,0.008334647815359367,,,,,,,
contribution,c2c,uncapped,full,TECS,2012.0,0.001348038255735302,,,,,,,
contribution,c2c,uncapped,full,TECS,2013.0,-0.03034400965562588,,,,,,,
contribution,c2c,uncapped,full,TECS,2014.0,-0.004875510874466687,,,,,,,
contribution,c2c,uncapped,full,TECS,2015.0,0.013248219171418855,,,,,,,
contribution,c2c,uncapped,full,TECS,2016.0,-0.010331365259874855,,,,,,,
contribution,c2c,uncapped,full,TECS,2017.0,-0.010867532361331382,,,,,,,
contribution,c2c,uncapped,full,TECS,2018.0,-0.0036971212896517386,,,,,,,
contribution,c2c,uncapped,full,TECS,2019.0,-0.03415246747043717,,,,,,,
contribution,c2c,uncapped,full,TECS,2020.0,-0.01515508081665946,,,,,,,
contribution,c2c,uncapped,full,TECS,2021.0,-0.018565732336070978,,,,,,,
concentration,c2c,uncapped,full,TECS,,,-0.12566147869847794,2019.0,0.17704366209833278,8.0,15.0,,
contribution,c2c,uncapped,full,SOXL,2007.0,0.0,,,,,,,
contribution,c2c,uncapped,full,SOXL,2008.0,0.0,,,,,,,
contribution,c2c,uncapped,full,SOXL,2009.0,0.0,,,,,,,
contribution,c2c,uncapped,full,SOXL,2010.0,-0.13613488704036336,,,,,,,
contribution,c2c,uncapped,full,SOXL,2011.0,-0.02979048418589652,,,,,,,
contribution,c2c,uncapped,full,SOXL,2012.0,0.11700570404999884,,,,,,,
contribution,c2c,uncapped,full,SOXL,2013.0,0.2097963038517264,,,,,,,
contribution,c2c,uncapped,full,SOXL,2014.0,0.14293918628662677,,,,,,,
contribution,c2c,uncapped,full,SOXL,2015.0,-0.045601550220448026,,,,,,,
contribution,c2c,uncapped,full,SOXL,2016.0,0.23861777166993856,,,,,,,
contribution,c2c,uncapped,full,SOXL,2017.0,0.1912489983538352,,,,,,,
contribution,c2c,uncapped,full,SOXL,2018.0,0.12727004506433104,,,,,,,
contribution,c2c,uncapped,full,SOXL,2019.0,0.24072199052589713,,,,,,,
contribution,c2c,uncapped,full,SOXL,2020.0,0.17815248798130356,,,,,,,
contribution,c2c,uncapped,full,SOXL,2021.0,0.1574332804100476,,,,,,,
concentration,c2c,uncapped,full,SOXL,,,1.391658846746997,2019.0,0.13265019410515966,8.0,15.0,,
contribution,c2c,uncapped,full,SOXS,2007.0,0.0,,,,,,,
contribution,c2c,uncapped,full,SOXS,2008.0,0.0,,,,,,,
contribution,c2c,uncapped,full,SOXS,2009.0,0.0,,,,,,,
contribution,c2c,uncapped,full,SOXS,2010.0,0.016719817640683057,,,,,,,
contribution,c2c,uncapped,full,SOXS,2011.0,0.0172457850375189,,,,,,,
contribution,c2c,uncapped,full,SOXS,2012.0,-0.0006981785030152864,,,,,,,
contribution,c2c,uncapped,full,SOXS,2013.0,-0.058974669940395456,,,,,,,
contribution,c2c,uncapped,full,SOXS,2014.0,0.0034255495978639723,,,,,,,
contribution,c2c,uncapped,full,SOXS,2015.0,0.03712849747642032,,,,,,,
contribution,c2c,uncapped,full,SOXS,2016.0,-0.01741882546988474,,,,,,,
contribution,c2c,uncapped,full,SOXS,2017.0,-0.012803585523476206,,,,,,,
contribution,c2c,uncapped,full,SOXS,2018.0,-0.00664915879822575,,,,,,,
contribution,c2c,uncapped,full,SOXS,2019.0,-0.04274661752425267,,,,,,,
contribution,c2c,uncapped,full,SOXS,2020.0,-0.005229979649832883,,,,,,,
contribution,c2c,uncapped,full,SOXS,2021.0,-0.015422258799866511,,,,,,,
concentration,c2c,uncapped,full,SOXS,,,-0.08542362445646323,2013.0,0.2515308985487853,6.0,15.0,,
contribution,c2c,uncapped,full,SPXL,2007.0,0.0,,,,,,,
contribution,c2c,uncapped,full,SPXL,2008.0,0.0,,,,,,,
contribution,c2c,uncapped,full,SPXL,2009.0,0.035682976947902706,,,,,,,
contribution,c2c,uncapped,full,SPXL,2010.0,0.0,,,,,,,
contribution,c2c,uncapped,full,SPXL,2011.0,0.020377448471971732,,,,,,,
contribution,c2c,uncapped,full,SPXL,2012.0,0.01700580524123694,,,,,,,
contribution,c2c,uncapped,full,SPXL,2013.0,0.0,,,,,,,
contribution,c2c,uncapped,full,SPXL,2014.0,0.0,,,,,,,
contribution,c2c,uncapped,full,SPXL,2015.0,0.0,,,,,,,
contribution,c2c,uncapped,full,SPXL,2016.0,0.04821640322501871,,,,,,,
contribution,c2c,uncapped,full,SPXL,2017.0,0.0,,,,,,,
contribution,c2c,uncapped,full,SPXL,2018.0,-0.04788933502742208,,,,,,,
contribution,c2c,uncapped,full,SPXL,2019.0,0.0,,,,,,,
contribution,c2c,uncapped,full,SPXL,2020.0,-0.11543854362774245,,,,,,,
contribution,c2c,uncapped,full,SPXL,2021.0,0.0,,,,,,,
concentration,c2c,uncapped,full,SPXL,,,-0.04204524476903439,2020.0,0.40560182614826384,4.0,15.0,,
contribution,c2c,uncapped,full,LABU,2007.0,0.0,,,,,,,
contribution,c2c,uncapped,full,LABU,2008.0,0.0,,,,,,,
contribution,c2c,uncapped,full,LABU,2009.0,0.0,,,,,,,
contribution,c2c,uncapped,full,LABU,2010.0,0.0,,,,,,,
contribution,c2c,uncapped,full,LABU,2011.0,0.0,,,,,,,
contribution,c2c,uncapped,full,LABU,2012.0,0.0,,,,,,,
contribution,c2c,uncapped,full,LABU,2013.0,0.0,,,,,,,
contribution,c2c,uncapped,full,LABU,2014.0,0.0,,,,,,,
contribution,c2c,uncapped,full,LABU,2015.0,0.0666147069785166,,,,,,,
contribution,c2c,uncapped,full,LABU,2016.0,0.05001040164346178,,,,,,,
contribution,c2c,uncapped,full,LABU,2017.0,0.0,,,,,,,
contribution,c2c,uncapped,full,LABU,2018.0,0.009958502140824665,,,,,,,
contribution,c2c,uncapped,full,LABU,2019.0,0.015253895421228963,,,,,,,
contribution,c2c,uncapped,full,LABU,2020.0,0.04460804390030326,,,,,,,
contribution,c2c,uncapped,full,LABU,2021.0,0.0,,,,,,,
concentration,c2c,uncapped,full,LABU,,,0.18644555008433528,2015.0,0.35728772796339003,3.0,15.0,,
contribution,c2c,uncapped,full,SQQQ,2007.0,0.0,,,,,,,
contribution,c2c,uncapped,full,SQQQ,2008.0,0.0,,,,,,,
contribution,c2c,uncapped,full,SQQQ,2009.0,0.0,,,,,,,
contribution,c2c,uncapped,full,SQQQ,2010.0,-0.008664449219517058,,,,,,,
contribution,c2c,uncapped,full,SQQQ,2011.0,-0.12067378141981168,,,,,,,
contribution,c2c,uncapped,full,SQQQ,2012.0,0.02271632146285206,,,,,,,
contribution,c2c,uncapped,full,SQQQ,2013.0,-0.12938872610824093,,,,,,,
contribution,c2c,uncapped,full,SQQQ,2014.0,-0.004438366082195154,,,,,,,
contribution,c2c,uncapped,full,SQQQ,2015.0,0.0003372327178282534,,,,,,,
contribution,c2c,uncapped,full,SQQQ,2016.0,0.10137198605220138,,,,,,,
contribution,c2c,uncapped,full,SQQQ,2017.0,-0.02862439982075041,,,,,,,
contribution,c2c,uncapped,full,SQQQ,2018.0,-0.14685582471039652,,,,,,,
contribution,c2c,uncapped,full,SQQQ,2019.0,-0.052128794635503836,,,,,,,
contribution,c2c,uncapped,full,SQQQ,2020.0,-0.33264040112999127,,,,,,,
contribution,c2c,uncapped,full,SQQQ,2021.0,-0.061804822028164216,,,,,,,
concentration,c2c,uncapped,full,SQQQ,,,-0.7607940249216893,2020.0,0.32946269867998823,5.0,15.0,,
contribution,c2c,uncapped,full,TQQQ,2007.0,0.0,,,,,,,
contribution,c2c,uncapped,full,TQQQ,2008.0,0.0,,,,,,,
contribution,c2c,uncapped,full,TQQQ,2009.0,0.0,,,,,,,
contribution,c2c,uncapped,full,TQQQ,2010.0,0.22698585911307861,,,,,,,
contribution,c2c,uncapped,full,TQQQ,2011.0,-0.049898983353719596,,,,,,,
contribution,c2c,uncapped,full,TQQQ,2012.0,0.11677344372074398,,,,,,,
contribution,c2c,uncapped,full,TQQQ,2013.0,0.40064748510580656,,,,,,,
contribution,c2c,uncapped,full,TQQQ,2014.0,0.1455212207464824,,,,,,,
contribution,c2c,uncapped,full,TQQQ,2015.0,0.0996539979880083,,,,,,,
contribution,c2c,uncapped,full,TQQQ,2016.0,0.1445528037388376,,,,,,,
contribution,c2c,uncapped,full,TQQQ,2017.0,0.33648663266472756,,,,,,,
contribution,c2c,uncapped,full,TQQQ,2018.0,0.03891290380665771,,,,,,,
contribution,c2c,uncapped,full,TQQQ,2019.0,0.24676309322511963,,,,,,,
contribution,c2c,uncapped,full,TQQQ,2020.0,0.4524116348347061,,,,,,,
contribution,c2c,uncapped,full,TQQQ,2021.0,0.19492194334809015,,,,,,,
concentration,c2c,uncapped,full,TQQQ,,,2.353732034938539,2020.0,0.18439213481441052,7.0,15.0,,
contribution,c2c,uncapped,full,QLD,2007.0,0.0,,,,,,,
contribution,c2c,uncapped,full,QLD,2008.0,-0.0732964643650806,,,,,,,
contribution,c2c,uncapped,full,QLD,2009.0,0.011341415208618323,,,,,,,
contribution,c2c,uncapped,full,QLD,2010.0,0.0,,,,,,,
contribution,c2c,uncapped,full,QLD,2011.0,0.0,,,,,,,
contribution,c2c,uncapped,full,QLD,2012.0,0.0,,,,,,,
contribution,c2c,uncapped,full,QLD,2013.0,0.0,,,,,,,
contribution,c2c,uncapped,full,QLD,2014.0,0.0,,,,,,,
contribution,c2c,uncapped,full,QLD,2015.0,0.0,,,,,,,
contribution,c2c,uncapped,full,QLD,2016.0,0.0,,,,,,,
contribution,c2c,uncapped,full,QLD,2017.0,0.0,,,,,,,
contribution,c2c,uncapped,full,QLD,2018.0,0.0018101350600179026,,,,,,,
contribution,c2c,uncapped,full,QLD,2019.0,-0.005081038948956826,,,,,,,
contribution,c2c,uncapped,full,QLD,2020.0,0.0073166254768316456,,,,,,,
contribution,c2c,uncapped,full,QLD,2021.0,0.0,,,,,,,
concentration,c2c,uncapped,full,QLD,,,-0.05790932756856956,2008.0,0.7415242129193729,2.0,15.0,,
contribution,c2c,uncapped,full,PSQ,2007.0,-0.00703859062170755,,,,,,,
contribution,c2c,uncapped,full,PSQ,2008.0,0.028789780773917313,,,,,,,
contribution,c2c,uncapped,full,PSQ,2009.0,-0.0039646966445910405,,,,,,,
contribution,c2c,uncapped,full,PSQ,2010.0,-0.014745061390757725,,,,,,,
contribution,c2c,uncapped,full,PSQ,2011.0,-0.011879525034622923,,,,,,,
contribution,c2c,uncapped,full,PSQ,2012.0,0.0,,,,,,,
contribution,c2c,uncapped,full,PSQ,2013.0,0.0,,,,,,,
contribution,c2c,uncapped,full,PSQ,2014.0,-0.0017060386516272652,,,,,,,
contribution,c2c,uncapped,full,PSQ,2015.0,-0.000927997711565537,,,,,,,
contribution,c2c,uncapped,full,PSQ,2016.0,-0.0029601107159051756,,,,,,,
contribution,c2c,uncapped,full,PSQ,2017.0,0.0,,,,,,,
contribution,c2c,uncapped,full,PSQ,2018.0,0.006582778582902689,,,,,,,
contribution,c2c,uncapped,full,PSQ,2019.0,-0.010322884519095384,,,,,,,
contribution,c2c,uncapped,full,PSQ,2020.0,-0.007384090479267325,,,,,,,
contribution,c2c,uncapped,full,PSQ,2021.0,0.0,,,,,,,
concentration,c2c,uncapped,full,PSQ,,,-0.02555643641231991,2008.0,0.2989544741646283,6.0,15.0,,
contribution,c2c,uncapped,full,QQQ,2007.0,0.004332297762723515,,,,,,,
contribution,c2c,uncapped,full,QQQ,2008.0,0.004211961675154813,,,,,,,
contribution,c2c,uncapped,full,QQQ,2009.0,0.012451278348241411,,,,,,,
contribution,c2c,uncapped,full,QQQ,2010.0,0.01699879861175445,,,,,,,
contribution,c2c,uncapped,full,QQQ,2011.0,0.01453171828453193,,,,,,,
contribution,c2c,uncapped,full,QQQ,2012.0,0.0,,,,,,,
contribution,c2c,uncapped,full,QQQ,2013.0,0.0,,,,,,,
contribution,c2c,uncapped,full,QQQ,2014.0,0.0016934015495483827,,,,,,,
contribution,c2c,uncapped,full,QQQ,2015.0,0.009421555684166937,,,,,,,
contribution,c2c,uncapped,full,QQQ,2016.0,0.003149078284125475,,,,,,,
contribution,c2c,uncapped,full,QQQ,2017.0,0.0,,,,,,,
contribution,c2c,uncapped,full,QQQ,2018.0,-0.01069843201253844,,,,,,,
contribution,c2c,uncapped,full,QQQ,2019.0,0.01835469573292257,,,,,,,
contribution,c2c,uncapped,full,QQQ,2020.0,0.013091555286269317,,,,,,,
contribution,c2c,uncapped,full,QQQ,2021.0,0.0,,,,,,,
concentration,c2c,uncapped,full,QQQ,,,0.08753790920690038,2019.0,0.16849253170827408,7.0,15.0,,
contribution,c2c,uncapped,full,TLT,2007.0,0.001243844850014135,,,,,,,
contribution,c2c,uncapped,full,TLT,2008.0,0.026271293236141188,,,,,,,
contribution,c2c,uncapped,full,TLT,2009.0,-0.01512197410071768,,,,,,,
contribution,c2c,uncapped,full,TLT,2010.0,0.003630012212638667,,,,,,,
contribution,c2c,uncapped,full,TLT,2011.0,-0.0008053904289576,,,,,,,
contribution,c2c,uncapped,full,TLT,2012.0,0.007064855104376443,,,,,,,
contribution,c2c,uncapped,full,TLT,2013.0,-0.00471131218713664,,,,,,,
contribution,c2c,uncapped,full,TLT,2014.0,0.004631396037413691,,,,,,,
contribution,c2c,uncapped,full,TLT,2015.0,0.011299637393847864,,,,,,,
contribution,c2c,uncapped,full,TLT,2016.0,0.0011308855279381985,,,,,,,
contribution,c2c,uncapped,full,TLT,2017.0,0.001436778513037213,,,,,,,
contribution,c2c,uncapped,full,TLT,2018.0,0.0036688539194393087,,,,,,,
contribution,c2c,uncapped,full,TLT,2019.0,0.010639018786722652,,,,,,,
contribution,c2c,uncapped,full,TLT,2020.0,-0.00697731799036322,,,,,,,
contribution,c2c,uncapped,full,TLT,2021.0,-0.0009999104142110922,,,,,,,
concentration,c2c,uncapped,full,TLT,,,0.042400670460183136,2008.0,0.26368201464807905,7.0,15.0,,
contribution,c2c,uncapped,full,BIL,2007.0,0.0,,,,,,,
contribution,c2c,uncapped,full,BIL,2008.0,0.0,,,,,,,
contribution,c2c,uncapped,full,BIL,2009.0,4.001754645620693e-05,,,,,,,
contribution,c2c,uncapped,full,BIL,2010.0,-3.6163263778375816e-05,,,,,,,
contribution,c2c,uncapped,full,BIL,2011.0,3.686762273983079e-05,,,,,,,
contribution,c2c,uncapped,full,BIL,2012.0,-6.916083915164096e-05,,,,,,,
contribution,c2c,uncapped,full,BIL,2013.0,-8.987117615926726e-05,,,,,,,
contribution,c2c,uncapped,full,BIL,2014.0,3.4025575637847495e-06,,,,,,,
contribution,c2c,uncapped,full,BIL,2015.0,-5.4546542814830095e-05,,,,,,,
contribution,c2c,uncapped,full,BIL,2016.0,7.601224257876467e-07,,,,,,,
contribution,c2c,uncapped,full,BIL,2017.0,0.00016042977108453416,,,,,,,
contribution,c2c,uncapped,full,BIL,2018.0,8.322961821169986e-05,,,,,,,
contribution,c2c,uncapped,full,BIL,2019.0,0.0003256971777878912,,,,,,,
contribution,c2c,uncapped,full,BIL,2020.0,0.00012795882748235364,,,,,,,
contribution,c2c,uncapped,full,BIL,2021.0,-3.547922999930594e-07,,,,,,,
concentration,c2c,uncapped,full,BIL,,,0.0005282666295479818,2019.0,0.3166843851690352,6.0,15.0,,
contribution,c2c,uncapped,full,BTAL,2007.0,0.0,,,,,,,
contribution,c2c,uncapped,full,BTAL,2008.0,0.0,,,,,,,
contribution,c2c,uncapped,full,BTAL,2009.0,0.0,,,,,,,
contribution,c2c,uncapped,full,BTAL,2010.0,0.0,,,,,,,
contribution,c2c,uncapped,full,BTAL,2011.0,0.0,,,,,,,
contribution,c2c,uncapped,full,BTAL,2012.0,0.0017155216710865143,,,,,,,
contribution,c2c,uncapped,full,BTAL,2013.0,0.004003537833149887,,,,,,,
contribution,c2c,uncapped,full,BTAL,2014.0,-0.0020992360883371635,,,,,,,
contribution,c2c,uncapped,full,BTAL,2015.0,-0.003954086070343589,,,,,,,
contribution,c2c,uncapped,full,BTAL,2016.0,-0.003445565019929149,,,,,,,
contribution,c2c,uncapped,full,BTAL,2017.0,0.0026941086211397396,,,,,,,
contribution,c2c,uncapped,full,BTAL,2018.0,-0.0014140593208468231,,,,,,,
contribution,c2c,uncapped,full,BTAL,2019.0,0.007965132525606803,,,,,,,
contribution,c2c,uncapped,full,BTAL,2020.0,0.014587759215516019,,,,,,,
contribution,c2c,uncapped,full,BTAL,2021.0,6.589662904926319e-06,,,,,,,
concentration,c2c,uncapped,full,BTAL,,,0.020059703029947164,2020.0,0.3482762715245726,5.0,15.0,,
contribution,c2c,uncapped,full,BSV,2007.0,0.0,,,,,,,
contribution,c2c,uncapped,full,BSV,2008.0,0.0,,,,,,,
contribution,c2c,uncapped,full,BSV,2009.0,0.0,,,,,,,
contribution,c2c,uncapped,full,BSV,2010.0,0.0029518945704070454,,,,,,,
contribution,c2c,uncapped,full,BSV,2011.0,-0.0002563205820283577,,,,,,,
contribution,c2c,uncapped,full,BSV,2012.0,-6.127608251990725e-05,,,,,,,
contribution,c2c,uncapped,full,BSV,2013.0,0.0,,,,,,,
contribution,c2c,uncapped,full,BSV,2014.0,0.0,,,,,,,
contribution,c2c,uncapped,full,BSV,2015.0,-0.00022060908234209655,,,,,,,
contribution,c2c,uncapped,full,BSV,2016.0,0.0014418285988902666,,,,,,,
contribution,c2c,uncapped,full,BSV,2017.0,0.0,,,,,,,
contribution,c2c,uncapped,full,BSV,2018.0,0.00259109596317044,,,,,,,
contribution,c2c,uncapped,full,BSV,2019.0,0.0005062905124379974,,,,,,,
contribution,c2c,uncapped,full,BSV,2020.0,-0.00087029231872676,,,,,,,
contribution,c2c,uncapped,full,BSV,2021.0,0.0,,,,,,,
concentration,c2c,uncapped,full,BSV,,,0.006082611579288627,2010.0,0.3316881672117675,4.0,15.0,,
contribution,c2c,uncapped,primary,UVXY,2011.0,0.0,,,,,,,
contribution,c2c,uncapped,primary,UVXY,2012.0,-0.3744457503631343,,,,,,,
contribution,c2c,uncapped,primary,UVXY,2013.0,0.08950865866698948,,,,,,,
contribution,c2c,uncapped,primary,UVXY,2014.0,-0.0837680342183148,,,,,,,
contribution,c2c,uncapped,primary,UVXY,2015.0,-0.20732722798215591,,,,,,,
contribution,c2c,uncapped,primary,UVXY,2016.0,-0.21973725543363046,,,,,,,
contribution,c2c,uncapped,primary,UVXY,2017.0,-0.07531964869403453,,,,,,,
contribution,c2c,uncapped,primary,UVXY,2018.0,0.43760237385214873,,,,,,,
contribution,c2c,uncapped,primary,UVXY,2019.0,0.22901737086256205,,,,,,,
contribution,c2c,uncapped,primary,UVXY,2020.0,0.7742041717830322,,,,,,,
contribution,c2c,uncapped,primary,UVXY,2021.0,0.18540522667193127,,,,,,,
concentration,c2c,uncapped,primary,UVXY,,,0.7551398851453937,2020.0,0.28927767410617233,6.0,11.0,,
contribution,c2c,uncapped,primary,SVXY,2011.0,-0.007774005850000052,,,,,,,
contribution,c2c,uncapped,primary,SVXY,2012.0,0.07372951876055298,,,,,,,
contribution,c2c,uncapped,primary,SVXY,2013.0,0.026331061718253827,,,,,,,
contribution,c2c,uncapped,primary,SVXY,2014.0,0.04403265953719464,,,,,,,
contribution,c2c,uncapped,primary,SVXY,2015.0,-0.0048327652514225695,,,,,,,
contribution,c2c,uncapped,primary,SVXY,2016.0,0.03676041133536863,,,,,,,
contribution,c2c,uncapped,primary,SVXY,2017.0,0.02550997840002167,,,,,,,
contribution,c2c,uncapped,primary,SVXY,2018.0,-0.03792460430465634,,,,,,,
contribution,c2c,uncapped,primary,SVXY,2019.0,0.02839095923257476,,,,,,,
contribution,c2c,uncapped,primary,SVXY,2020.0,0.019653699869840464,,,,,,,
contribution,c2c,uncapped,primary,SVXY,2021.0,0.012213949996228365,,,,,,,
concentration,c2c,uncapped,primary,SVXY,,,0.2160908634439564,2012.0,0.2324725793634293,7.0,11.0,,
contribution,c2c,uncapped,primary,TECL,2011.0,-0.016899815297792928,,,,,,,
contribution,c2c,uncapped,primary,TECL,2012.0,0.07796877836819166,,,,,,,
contribution,c2c,uncapped,primary,TECL,2013.0,0.06477845069033573,,,,,,,
contribution,c2c,uncapped,primary,TECL,2014.0,0.0997025557937062,,,,,,,
contribution,c2c,uncapped,primary,TECL,2015.0,0.08862787378315062,,,,,,,
contribution,c2c,uncapped,primary,TECL,2016.0,-0.01427061285936343,,,,,,,
contribution,c2c,uncapped,primary,TECL,2017.0,0.08402519192467794,,,,,,,
contribution,c2c,uncapped,primary,TECL,2018.0,0.07335323542504725,,,,,,,
contribution,c2c,uncapped,primary,TECL,2019.0,0.10182934695772312,,,,,,,
contribution,c2c,uncapped,primary,TECL,2020.0,-0.037726307850631365,,,,,,,
contribution,c2c,uncapped,primary,TECL,2021.0,0.07358560490942814,,,,,,,
concentration,c2c,uncapped,primary,TECL,,,0.5949743018444729,2019.0,0.13896537291932212,7.0,11.0,,
contribution,c2c,uncapped,primary,TECS,2011.0,-0.00046420735623279186,,,,,,,
contribution,c2c,uncapped,primary,TECS,2012.0,0.001348038255735302,,,,,,,
contribution,c2c,uncapped,primary,TECS,2013.0,-0.03034400965562588,,,,,,,
contribution,c2c,uncapped,primary,TECS,2014.0,-0.004875510874466687,,,,,,,
contribution,c2c,uncapped,primary,TECS,2015.0,0.013248219171418855,,,,,,,
contribution,c2c,uncapped,primary,TECS,2016.0,-0.010331365259874855,,,,,,,
contribution,c2c,uncapped,primary,TECS,2017.0,-0.010867532361331382,,,,,,,
contribution,c2c,uncapped,primary,TECS,2018.0,-0.0036971212896517386,,,,,,,
contribution,c2c,uncapped,primary,TECS,2019.0,-0.03415246747043717,,,,,,,
contribution,c2c,uncapped,primary,TECS,2020.0,-0.01515508081665946,,,,,,,
contribution,c2c,uncapped,primary,TECS,2021.0,-0.018565732336070978,,,,,,,
concentration,c2c,uncapped,primary,TECS,,,-0.1138567699931968,2019.0,0.23874616015623384,6.0,11.0,,
contribution,c2c,uncapped,primary,SOXL,2011.0,-0.02667290614826412,,,,,,,
contribution,c2c,uncapped,primary,SOXL,2012.0,0.11700570404999884,,,,,,,
contribution,c2c,uncapped,primary,SOXL,2013.0,0.2097963038517264,,,,,,,
contribution,c2c,uncapped,primary,SOXL,2014.0,0.14293918628662677,,,,,,,
contribution,c2c,uncapped,primary,SOXL,2015.0,-0.045601550220448026,,,,,,,
contribution,c2c,uncapped,primary,SOXL,2016.0,0.23861777166993856,,,,,,,
contribution,c2c,uncapped,primary,SOXL,2017.0,0.1912489983538352,,,,,,,
contribution,c2c,uncapped,primary,SOXL,2018.0,0.12727004506433104,,,,,,,
contribution,c2c,uncapped,primary,SOXL,2019.0,0.24072199052589713,,,,,,,
contribution,c2c,uncapped,primary,SOXL,2020.0,0.17815248798130356,,,,,,,
contribution,c2c,uncapped,primary,SOXL,2021.0,0.1574332804100476,,,,,,,
concentration,c2c,uncapped,primary,SOXL,,,1.5309113118249926,2019.0,0.1436751448926619,7.0,11.0,,
contribution,c2c,uncapped,primary,SOXS,2011.0,0.00012092681843015267,,,,,,,
contribution,c2c,uncapped,primary,SOXS,2012.0,-0.0006981785030152864,,,,,,,
contribution,c2c,uncapped,primary,SOXS,2013.0,-0.058974669940395456,,,,,,,
contribution,c2c,uncapped,primary,SOXS,2014.0,0.0034255495978639723,,,,,,,
contribution,c2c,uncapped,primary,SOXS,2015.0,0.03712849747642032,,,,,,,
contribution,c2c,uncapped,primary,SOXS,2016.0,-0.01741882546988474,,,,,,,
contribution,c2c,uncapped,primary,SOXS,2017.0,-0.012803585523476206,,,,,,,
contribution,c2c,uncapped,primary,SOXS,2018.0,-0.00664915879822575,,,,,,,
contribution,c2c,uncapped,primary,SOXS,2019.0,-0.04274661752425267,,,,,,,
contribution,c2c,uncapped,primary,SOXS,2020.0,-0.005229979649832883,,,,,,,
contribution,c2c,uncapped,primary,SOXS,2021.0,-0.015422258799866511,,,,,,,
concentration,c2c,uncapped,primary,SOXS,,,-0.11926830031623505,2013.0,0.2939646343163651,5.0,11.0,,
contribution,c2c,uncapped,primary,SPXL,2011.0,0.0,,,,,,,
contribution,c2c,uncapped,primary,SPXL,2012.0,0.01700580524123694,,,,,,,
contribution,c2c,uncapped,primary,SPXL,2013.0,0.0,,,,,,,
contribution,c2c,uncapped,primary,SPXL,2014.0,0.0,,,,,,,
contribution,c2c,uncapped,primary,SPXL,2015.0,0.0,,,,,,,
contribution,c2c,uncapped,primary,SPXL,2016.0,0.04821640322501871,,,,,,,
contribution,c2c,uncapped,primary,SPXL,2017.0,0.0,,,,,,,
contribution,c2c,uncapped,primary,SPXL,2018.0,-0.04788933502742208,,,,,,,
contribution,c2c,uncapped,primary,SPXL,2019.0,0.0,,,,,,,
contribution,c2c,uncapped,primary,SPXL,2020.0,-0.11543854362774245,,,,,,,
contribution,c2c,uncapped,primary,SPXL,2021.0,0.0,,,,,,,
concentration,c2c,uncapped,primary,SPXL,,,-0.09810567018890887,2020.0,0.5050907881142668,3.0,11.0,,
contribution,c2c,uncapped,primary,LABU,2011.0,0.0,,,,,,,
contribution,c2c,uncapped,primary,LABU,2012.0,0.0,,,,,,,
contribution,c2c,uncapped,primary,LABU,2013.0,0.0,,,,,,,
contribution,c2c,uncapped,primary,LABU,2014.0,0.0,,,,,,,
contribution,c2c,uncapped,primary,LABU,2015.0,0.0666147069785166,,,,,,,
contribution,c2c,uncapped,primary,LABU,2016.0,0.05001040164346178,,,,,,,
contribution,c2c,uncapped,primary,LABU,2017.0,0.0,,,,,,,
contribution,c2c,uncapped,primary,LABU,2018.0,0.009958502140824665,,,,,,,
contribution,c2c,uncapped,primary,LABU,2019.0,0.015253895421228963,,,,,,,
contribution,c2c,uncapped,primary,LABU,2020.0,0.04460804390030326,,,,,,,
contribution,c2c,uncapped,primary,LABU,2021.0,0.0,,,,,,,
concentration,c2c,uncapped,primary,LABU,,,0.18644555008433528,2015.0,0.35728772796339003,3.0,11.0,,
contribution,c2c,uncapped,primary,SQQQ,2011.0,-0.12182496911582504,,,,,,,
contribution,c2c,uncapped,primary,SQQQ,2012.0,0.02271632146285206,,,,,,,
contribution,c2c,uncapped,primary,SQQQ,2013.0,-0.12938872610824093,,,,,,,
contribution,c2c,uncapped,primary,SQQQ,2014.0,-0.004438366082195154,,,,,,,
contribution,c2c,uncapped,primary,SQQQ,2015.0,0.0003372327178282534,,,,,,,
contribution,c2c,uncapped,primary,SQQQ,2016.0,0.10137198605220138,,,,,,,
contribution,c2c,uncapped,primary,SQQQ,2017.0,-0.02862439982075041,,,,,,,
contribution,c2c,uncapped,primary,SQQQ,2018.0,-0.14685582471039652,,,,,,,
contribution,c2c,uncapped,primary,SQQQ,2019.0,-0.052128794635503836,,,,,,,
contribution,c2c,uncapped,primary,SQQQ,2020.0,-0.33264040112999127,,,,,,,
contribution,c2c,uncapped,primary,SQQQ,2021.0,-0.061804822028164216,,,,,,,
concentration,c2c,uncapped,primary,SQQQ,,,-0.7532807633981857,2020.0,0.33193277228614954,5.0,11.0,,
contribution,c2c,uncapped,primary,TQQQ,2011.0,-0.042590336638609574,,,,,,,
contribution,c2c,uncapped,primary,TQQQ,2012.0,0.11677344372074398,,,,,,,
contribution,c2c,uncapped,primary,TQQQ,2013.0,0.40064748510580656,,,,,,,
contribution,c2c,uncapped,primary,TQQQ,2014.0,0.1455212207464824,,,,,,,
contribution,c2c,uncapped,primary,TQQQ,2015.0,0.0996539979880083,,,,,,,
contribution,c2c,uncapped,primary,TQQQ,2016.0,0.1445528037388376,,,,,,,
contribution,c2c,uncapped,primary,TQQQ,2017.0,0.33648663266472756,,,,,,,
contribution,c2c,uncapped,primary,TQQQ,2018.0,0.03891290380665771,,,,,,,
contribution,c2c,uncapped,primary,TQQQ,2019.0,0.24676309322511963,,,,,,,
contribution,c2c,uncapped,primary,TQQQ,2020.0,0.4524116348347061,,,,,,,
contribution,c2c,uncapped,primary,TQQQ,2021.0,0.19492194334809015,,,,,,,
concentration,c2c,uncapped,primary,TQQQ,,,2.13405482254057,2020.0,0.20385922795813613,6.0,11.0,,
contribution,c2c,uncapped,primary,QLD,2011.0,0.0,,,,,,,
contribution,c2c,uncapped,primary,QLD,2012.0,0.0,,,,,,,
contribution,c2c,uncapped,primary,QLD,2013.0,0.0,,,,,,,
contribution,c2c,uncapped,primary,QLD,2014.0,0.0,,,,,,,
contribution,c2c,uncapped,primary,QLD,2015.0,0.0,,,,,,,
contribution,c2c,uncapped,primary,QLD,2016.0,0.0,,,,,,,
contribution,c2c,uncapped,primary,QLD,2017.0,0.0,,,,,,,
contribution,c2c,uncapped,primary,QLD,2018.0,0.0018101350600179026,,,,,,,
contribution,c2c,uncapped,primary,QLD,2019.0,-0.005081038948956826,,,,,,,
contribution,c2c,uncapped,primary,QLD,2020.0,0.0073166254768316456,,,,,,,
contribution,c2c,uncapped,primary,QLD,2021.0,0.0,,,,,,,
concentration,c2c,uncapped,primary,QLD,,,0.004045721587892724,2020.0,0.5149724617201258,2.0,11.0,,
contribution,c2c,uncapped,primary,PSQ,2011.0,-0.010287941687122772,,,,,,,
contribution,c2c,uncapped,primary,PSQ,2012.0,0.0,,,,,,,
contribution,c2c,uncapped,primary,PSQ,2013.0,0.0,,,,,,,
contribution,c2c,uncapped,primary,PSQ,2014.0,-0.0017060386516272652,,,,,,,
contribution,c2c,uncapped,primary,PSQ,2015.0,-0.000927997711565537,,,,,,,
contribution,c2c,uncapped,primary,PSQ,2016.0,-0.0029601107159051756,,,,,,,
contribution,c2c,uncapped,primary,PSQ,2017.0,0.0,,,,,,,
contribution,c2c,uncapped,primary,PSQ,2018.0,0.006582778582902689,,,,,,,
contribution,c2c,uncapped,primary,PSQ,2019.0,-0.010322884519095384,,,,,,,
contribution,c2c,uncapped,primary,PSQ,2020.0,-0.007384090479267325,,,,,,,
contribution,c2c,uncapped,primary,PSQ,2021.0,0.0,,,,,,,
concentration,c2c,uncapped,primary,PSQ,,,-0.027006285181680766,2019.0,0.256968162669825,4.0,11.0,,
contribution,c2c,uncapped,primary,QQQ,2011.0,0.01700846080214823,,,,,,,
contribution,c2c,uncapped,primary,QQQ,2012.0,0.0,,,,,,,
contribution,c2c,uncapped,primary,QQQ,2013.0,0.0,,,,,,,
contribution,c2c,uncapped,primary,QQQ,2014.0,0.0016934015495483827,,,,,,,
contribution,c2c,uncapped,primary,QQQ,2015.0,0.009421555684166937,,,,,,,
contribution,c2c,uncapped,primary,QQQ,2016.0,0.003149078284125475,,,,,,,
contribution,c2c,uncapped,primary,QQQ,2017.0,0.0,,,,,,,
contribution,c2c,uncapped,primary,QQQ,2018.0,-0.01069843201253844,,,,,,,
contribution,c2c,uncapped,primary,QQQ,2019.0,0.01835469573292257,,,,,,,
contribution,c2c,uncapped,primary,QQQ,2020.0,0.013091555286269317,,,,,,,
contribution,c2c,uncapped,primary,QQQ,2021.0,0.0,,,,,,,
concentration,c2c,uncapped,primary,QQQ,,,0.05202031532664246,2019.0,0.2500054605066045,4.0,11.0,,
contribution,c2c,uncapped,primary,TLT,2011.0,-0.008717852611316928,,,,,,,
contribution,c2c,uncapped,primary,TLT,2012.0,0.007064855104376443,,,,,,,
contribution,c2c,uncapped,primary,TLT,2013.0,-0.00471131218713664,,,,,,,
contribution,c2c,uncapped,primary,TLT,2014.0,0.004631396037413691,,,,,,,
contribution,c2c,uncapped,primary,TLT,2015.0,0.011299637393847864,,,,,,,
contribution,c2c,uncapped,primary,TLT,2016.0,0.0011308855279381985,,,,,,,
contribution,c2c,uncapped,primary,TLT,2017.0,0.001436778513037213,,,,,,,
contribution,c2c,uncapped,primary,TLT,2018.0,0.0036688539194393087,,,,,,,
contribution,c2c,uncapped,primary,TLT,2019.0,0.010639018786722652,,,,,,,
contribution,c2c,uncapped,primary,TLT,2020.0,-0.00697731799036322,,,,,,,
contribution,c2c,uncapped,primary,TLT,2021.0,-0.0009999104142110922,,,,,,,
concentration,c2c,uncapped,primary,TLT,,,0.018465032079747493,2015.0,0.1844001250871185,6.0,11.0,,
contribution,c2c,uncapped,primary,BIL,2011.0,0.0,,,,,,,
contribution,c2c,uncapped,primary,BIL,2012.0,-6.916083915164096e-05,,,,,,,
contribution,c2c,uncapped,primary,BIL,2013.0,-8.987117615926726e-05,,,,,,,
contribution,c2c,uncapped,primary,BIL,2014.0,3.4025575637847495e-06,,,,,,,
contribution,c2c,uncapped,primary,BIL,2015.0,-5.4546542814830095e-05,,,,,,,
contribution,c2c,uncapped,primary,BIL,2016.0,7.601224257876467e-07,,,,,,,
contribution,c2c,uncapped,primary,BIL,2017.0,0.00016042977108453416,,,,,,,
contribution,c2c,uncapped,primary,BIL,2018.0,8.322961821169986e-05,,,,,,,
contribution,c2c,uncapped,primary,BIL,2019.0,0.0003256971777878912,,,,,,,
contribution,c2c,uncapped,primary,BIL,2020.0,0.00012795882748235364,,,,,,,
contribution,c2c,uncapped,primary,BIL,2021.0,-3.547922999930594e-07,,,,,,,
concentration,c2c,uncapped,primary,BIL,,,0.0004875447241303198,2019.0,0.35579321920127094,5.0,11.0,,
contribution,c2c,uncapped,primary,BTAL,2011.0,0.0,,,,,,,
contribution,c2c,uncapped,primary,BTAL,2012.0,0.0017155216710865143,,,,,,,
contribution,c2c,uncapped,primary,BTAL,2013.0,0.004003537833149887,,,,,,,
contribution,c2c,uncapped,primary,BTAL,2014.0,-0.0020992360883371635,,,,,,,
contribution,c2c,uncapped,primary,BTAL,2015.0,-0.003954086070343589,,,,,,,
contribution,c2c,uncapped,primary,BTAL,2016.0,-0.003445565019929149,,,,,,,
contribution,c2c,uncapped,primary,BTAL,2017.0,0.0026941086211397396,,,,,,,
contribution,c2c,uncapped,primary,BTAL,2018.0,-0.0014140593208468231,,,,,,,
contribution,c2c,uncapped,primary,BTAL,2019.0,0.007965132525606803,,,,,,,
contribution,c2c,uncapped,primary,BTAL,2020.0,0.014587759215516019,,,,,,,
contribution,c2c,uncapped,primary,BTAL,2021.0,6.589662904926319e-06,,,,,,,
concentration,c2c,uncapped,primary,BTAL,,,0.02005970302994716,2020.0,0.3482762715245726,5.0,11.0,,
contribution,c2c,uncapped,primary,BSV,2011.0,0.0003055236437316559,,,,,,,
contribution,c2c,uncapped,primary,BSV,2012.0,-6.127608251990725e-05,,,,,,,
contribution,c2c,uncapped,primary,BSV,2013.0,0.0,,,,,,,
contribution,c2c,uncapped,primary,BSV,2014.0,0.0,,,,,,,
contribution,c2c,uncapped,primary,BSV,2015.0,-0.00022060908234209655,,,,,,,
contribution,c2c,uncapped,primary,BSV,2016.0,0.0014418285988902666,,,,,,,
contribution,c2c,uncapped,primary,BSV,2017.0,0.0,,,,,,,
contribution,c2c,uncapped,primary,BSV,2018.0,0.00259109596317044,,,,,,,
contribution,c2c,uncapped,primary,BSV,2019.0,0.0005062905124379974,,,,,,,
contribution,c2c,uncapped,primary,BSV,2020.0,-0.00087029231872676,,,,,,,
contribution,c2c,uncapped,primary,BSV,2021.0,0.0,,,,,,,
concentration,c2c,uncapped,primary,BSV,,,0.0036925612346415957,2018.0,0.4320713973599379,3.0,11.0,,
contribution,c2c,uncapped,early,TECL,2007.0,0.0,,,,,,,
contribution,c2c,uncapped,early,TECL,2008.0,0.0,,,,,,,
contribution,c2c,uncapped,early,TECL,2009.0,0.10994120711070132,,,,,,,
contribution,c2c,uncapped,early,TECL,2010.0,0.012461976784925697,,,,,,,
contribution,c2c,uncapped,early,TECL,2011.0,0.00042861628223097355,,,,,,,
concentration,c2c,uncapped,early,TECL,,,0.12283180017785798,2009.0,0.8950549202365239,1.0,5.0,,
contribution,c2c,uncapped,early,TECS,2007.0,0.0,,,,,,,
contribution,c2c,uncapped,early,TECS,2008.0,0.0,,,,,,,
contribution,c2c,uncapped,early,TECS,2009.0,-0.03129402343180403,,,,,,,
contribution,c2c,uncapped,early,TECS,2010.0,0.010690459554930714,,,,,,,
contribution,c2c,uncapped,early,TECS,2011.0,0.008798855171592158,,,,,,,
concentration,c2c,uncapped,early,TECS,,,-0.011804708705281153,2009.0,0.616226198723661,2.0,5.0,,
contribution,c2c,uncapped,early,SOXL,2007.0,0.0,,,,,,,
contribution,c2c,uncapped,early,SOXL,2008.0,0.0,,,,,,,
contribution,c2c,uncapped,early,SOXL,2009.0,0.0,,,,,,,
contribution,c2c,uncapped,early,SOXL,2010.0,-0.13613488704036336,,,,,,,
contribution,c2c,uncapped,early,SOXL,2011.0,-0.0031175780376323983,,,,,,,
concentration,c2c,uncapped,early,SOXL,,,-0.13925246507799582,2010.0,0.9776120441682218,1.0,5.0,,
contribution,c2c,uncapped,early,SOXS,2007.0,0.0,,,,,,,
contribution,c2c,uncapped,early,SOXS,2008.0,0.0,,,,,,,
contribution,c2c,uncapped,early,SOXS,2009.0,0.0,,,,,,,
contribution,c2c,uncapped,early,SOXS,2010.0,0.016719817640683057,,,,,,,
contribution,c2c,uncapped,early,SOXS,2011.0,0.01712485821908875,,,,,,,
concentration,c2c,uncapped,early,SOXS,,,0.03384467585977181,2011.0,0.5059838152991019,2.0,5.0,,
contribution,c2c,uncapped,early,SPXL,2007.0,0.0,,,,,,,
contribution,c2c,uncapped,early,SPXL,2008.0,0.0,,,,,,,
contribution,c2c,uncapped,early,SPXL,2009.0,0.035682976947902706,,,,,,,
contribution,c2c,uncapped,early,SPXL,2010.0,0.0,,,,,,,
contribution,c2c,uncapped,early,SPXL,2011.0,0.020377448471971732,,,,,,,
concentration,c2c,uncapped,early,SPXL,,,0.056060425419874445,2009.0,0.6365092073534719,2.0,5.0,,
contribution,c2c,uncapped,early,SQQQ,2007.0,0.0,,,,,,,
contribution,c2c,uncapped,early,SQQQ,2008.0,0.0,,,,,,,
contribution,c2c,uncapped,early,SQQQ,2009.0,0.0,,,,,,,
contribution,c2c,uncapped,early,SQQQ,2010.0,-0.008664449219517058,,,,,,,
contribution,c2c,uncapped,early,SQQQ,2011.0,0.0011511876960133456,,,,,,,
concentration,c2c,uncapped,early,SQQQ,,,-0.007513261523503715,2010.0,0.8827190017397726,1.0,5.0,,
contribution,c2c,uncapped,early,TQQQ,2007.0,0.0,,,,,,,
contribution,c2c,uncapped,early,TQQQ,2008.0,0.0,,,,,,,
contribution,c2c,uncapped,early,TQQQ,2009.0,0.0,,,,,,,
contribution,c2c,uncapped,early,TQQQ,2010.0,0.22698585911307861,,,,,,,
contribution,c2c,uncapped,early,TQQQ,2011.0,-0.00730864671511002,,,,,,,
concentration,c2c,uncapped,early,TQQQ,,,0.21967721239796867,2010.0,0.9688057272650279,1.0,5.0,,
contribution,c2c,uncapped,early,QLD,2007.0,0.0,,,,,,,
contribution,c2c,uncapped,early,QLD,2008.0,-0.0732964643650806,,,,,,,
contribution,c2c,uncapped,early,QLD,2009.0,0.011341415208618323,,,,,,,
contribution,c2c,uncapped,early,QLD,2010.0,0.0,,,,,,,
contribution,c2c,uncapped,early,QLD,2011.0,0.0,,,,,,,
concentration,c2c,uncapped,early,QLD,,,-0.06195504915646228,2008.0,0.8660007166325248,1.0,5.0,,
contribution,c2c,uncapped,early,PSQ,2007.0,-0.00703859062170755,,,,,,,
contribution,c2c,uncapped,early,PSQ,2008.0,0.028789780773917313,,,,,,,
contribution,c2c,uncapped,early,PSQ,2009.0,-0.0039646966445910405,,,,,,,
contribution,c2c,uncapped,early,PSQ,2010.0,-0.014745061390757725,,,,,,,
contribution,c2c,uncapped,early,PSQ,2011.0,-0.0015915833475001508,,,,,,,
concentration,c2c,uncapped,early,PSQ,,,0.001449848769360853,2008.0,0.5129151629109785,3.0,5.0,,
contribution,c2c,uncapped,early,QQQ,2007.0,0.004332297762723515,,,,,,,
contribution,c2c,uncapped,early,QQQ,2008.0,0.004211961675154813,,,,,,,
contribution,c2c,uncapped,early,QQQ,2009.0,0.012451278348241411,,,,,,,
contribution,c2c,uncapped,early,QQQ,2010.0,0.01699879861175445,,,,,,,
contribution,c2c,uncapped,early,QQQ,2011.0,-0.0024767425176162984,,,,,,,
concentration,c2c,uncapped,early,QQQ,,,0.0355175938802579,2010.0,0.42002336155283676,3.0,5.0,,
contribution,c2c,uncapped,early,TLT,2007.0,0.001243844850014135,,,,,,,
contribution,c2c,uncapped,early,TLT,2008.0,0.026271293236141188,,,,,,,
contribution,c2c,uncapped,early,TLT,2009.0,-0.01512197410071768,,,,,,,
contribution,c2c,uncapped,early,TLT,2010.0,0.003630012212638667,,,,,,,
contribution,c2c,uncapped,early,TLT,2011.0,0.007912462182359328,,,,,,,
concentration,c2c,uncapped,early,TLT,,,0.023935638380435643,2008.0,0.48489283314191634,3.0,5.0,,
contribution,c2c,uncapped,early,BIL,2007.0,0.0,,,,,,,
contribution,c2c,uncapped,early,BIL,2008.0,0.0,,,,,,,
contribution,c2c,uncapped,early,BIL,2009.0,4.001754645620693e-05,,,,,,,
contribution,c2c,uncapped,early,BIL,2010.0,-3.6163263778375816e-05,,,,,,,
contribution,c2c,uncapped,early,BIL,2011.0,3.686762273983079e-05,,,,,,,
concentration,c2c,uncapped,early,BIL,,,4.07219054176619e-05,2009.0,0.3539858572410656,3.0,5.0,,
contribution,c2c,uncapped,early,BSV,2007.0,0.0,,,,,,,
contribution,c2c,uncapped,early,BSV,2008.0,0.0,,,,,,,
contribution,c2c,uncapped,early,BSV,2009.0,0.0,,,,,,,
contribution,c2c,uncapped,early,BSV,2010.0,0.0029518945704070454,,,,,,,
contribution,c2c,uncapped,early,BSV,2011.0,-0.0005618442257600136,,,,,,,
concentration,c2c,uncapped,early,BSV,,,0.002390050344647032,2010.0,0.8401007421573573,1.0,5.0,,
contribution,o2o,capped,full,UVXY,2007.0,0.0,,,,,,,
contribution,o2o,capped,full,UVXY,2008.0,0.0,,,,,,,
contribution,o2o,capped,full,UVXY,2009.0,0.0,,,,,,,
contribution,o2o,capped,full,UVXY,2010.0,0.0,,,,,,,
contribution,o2o,capped,full,UVXY,2011.0,0.0,,,,,,,
contribution,o2o,capped,full,UVXY,2012.0,-0.020773095203144527,,,,,,,
contribution,o2o,capped,full,UVXY,2013.0,0.20764002213377875,,,,,,,
contribution,o2o,capped,full,UVXY,2014.0,0.20352894817904582,,,,,,,
contribution,o2o,capped,full,UVXY,2015.0,0.07782457677758918,,,,,,,
contribution,o2o,capped,full,UVXY,2016.0,-0.01892386709178094,,,,,,,
contribution,o2o,capped,full,UVXY,2017.0,-0.13864671841339654,,,,,,,
contribution,o2o,capped,full,UVXY,2018.0,0.40980411471406664,,,,,,,
contribution,o2o,capped,full,UVXY,2019.0,0.21439306301183383,,,,,,,
contribution,o2o,capped,full,UVXY,2020.0,0.8672916755764523,,,,,,,
contribution,o2o,capped,full,UVXY,2021.0,0.1527626753495561,,,,,,,
concentration,o2o,capped,full,UVXY,,,1.9549013950340006,2020.0,0.3751928941323218,5.0,15.0,,
contribution,o2o,capped,full,SVXY,2007.0,0.0,,,,,,,
contribution,o2o,capped,full,SVXY,2008.0,0.0,,,,,,,
contribution,o2o,capped,full,SVXY,2009.0,0.0,,,,,,,
contribution,o2o,capped,full,SVXY,2010.0,0.0,,,,,,,
contribution,o2o,capped,full,SVXY,2011.0,-0.007786756386771576,,,,,,,
contribution,o2o,capped,full,SVXY,2012.0,0.09206786872421453,,,,,,,
contribution,o2o,capped,full,SVXY,2013.0,0.03389828658691459,,,,,,,
contribution,o2o,capped,full,SVXY,2014.0,0.05380634735452017,,,,,,,
contribution,o2o,capped,full,SVXY,2015.0,0.023895195386420806,,,,,,,
contribution,o2o,capped,full,SVXY,2016.0,0.01862644361345558,,,,,,,
contribution,o2o,capped,full,SVXY,2017.0,0.036882637498229114,,,,,,,
contribution,o2o,capped,full,SVXY,2018.0,0.0018236373789406826,,,,,,,
contribution,o2o,capped,full,SVXY,2019.0,0.031670398804016626,,,,,,,
contribution,o2o,capped,full,SVXY,2020.0,0.0075216821965165236,,,,,,,
contribution,o2o,capped,full,SVXY,2021.0,0.012833050302715386,,,,,,,
concentration,o2o,capped,full,SVXY,,,0.30523879145917243,2012.0,0.28698359604508494,6.0,15.0,,
contribution,o2o,capped,full,TECL,2007.0,0.0,,,,,,,
contribution,o2o,capped,full,TECL,2008.0,0.0,,,,,,,
contribution,o2o,capped,full,TECL,2009.0,0.12749043183828726,,,,,,,
contribution,o2o,capped,full,TECL,2010.0,-0.07371137975416776,,,,,,,
contribution,o2o,capped,full,TECL,2011.0,0.10141743225408292,,,,,,,
contribution,o2o,capped,full,TECL,2012.0,0.08488081692837308,,,,,,,
contribution,o2o,capped,full,TECL,2013.0,0.056218599337454024,,,,,,,
contribution,o2o,capped,full,TECL,2014.0,0.10307591491781977,,,,,,,
contribution,o2o,capped,full,TECL,2015.0,0.06554922992921425,,,,,,,
contribution,o2o,capped,full,TECL,2016.0,0.007250238842233213,,,,,,,
contribution,o2o,capped,full,TECL,2017.0,0.06426954053856951,,,,,,,
contribution,o2o,capped,full,TECL,2018.0,0.038206905454803756,,,,,,,
contribution,o2o,capped,full,TECL,2019.0,0.10608570928355678,,,,,,,
contribution,o2o,capped,full,TECL,2020.0,0.0026937508831799727,,,,,,,
contribution,o2o,capped,full,TECL,2021.0,0.03689230309496351,,,,,,,
concentration,o2o,capped,full,TECL,,,0.7203194935483703,2009.0,0.14692200522584895,8.0,15.0,,
contribution,o2o,capped,full,TECS,2007.0,0.0,,,,,,,
contribution,o2o,capped,full,TECS,2008.0,0.0,,,,,,,
contribution,o2o,capped,full,TECS,2009.0,-0.036653805042810045,,,,,,,
contribution,o2o,capped,full,TECS,2010.0,-0.012132073784084388,,,,,,,
contribution,o2o,capped,full,TECS,2011.0,0.017271847720242282,,,,,,,
contribution,o2o,capped,full,TECS,2012.0,0.014552597100988383,,,,,,,
contribution,o2o,capped,full,TECS,2013.0,-0.05206934081414644,,,,,,,
contribution,o2o,capped,full,TECS,2014.0,-0.0056362690070335345,,,,,,,
contribution,o2o,capped,full,TECS,2015.0,0.0042350187550447465,,,,,,,
contribution,o2o,capped,full,TECS,2016.0,-0.004602134102899115,,,,,,,
contribution,o2o,capped,full,TECS,2017.0,-0.003605191456907721,,,,,,,
contribution,o2o,capped,full,TECS,2018.0,0.005682413322741796,,,,,,,
contribution,o2o,capped,full,TECS,2019.0,-0.021191456337096865,,,,,,,
contribution,o2o,capped,full,TECS,2020.0,-0.03004897912314096,,,,,,,
contribution,o2o,capped,full,TECS,2021.0,-0.0026375920488945,,,,,,,
concentration,o2o,capped,full,TECS,,,-0.12683496481799636,2013.0,0.24757349776938803,6.0,15.0,,
contribution,o2o,capped,full,SOXL,2007.0,0.0,,,,,,,
contribution,o2o,capped,full,SOXL,2008.0,0.0,,,,,,,
contribution,o2o,capped,full,SOXL,2009.0,0.0,,,,,,,
contribution,o2o,capped,full,SOXL,2010.0,-0.11601817819605463,,,,,,,
contribution,o2o,capped,full,SOXL,2011.0,-0.13094864032859668,,,,,,,
contribution,o2o,capped,full,SOXL,2012.0,0.11109418927575825,,,,,,,
contribution,o2o,capped,full,SOXL,2013.0,0.2358342601761745,,,,,,,
contribution,o2o,capped,full,SOXL,2014.0,0.14562807584901633,,,,,,,
contribution,o2o,capped,full,SOXL,2015.0,0.05351256303962592,,,,,,,
contribution,o2o,capped,full,SOXL,2016.0,0.19088337880891376,,,,,,,
contribution,o2o,capped,full,SOXL,2017.0,0.21651553133814289,,,,,,,
contribution,o2o,capped,full,SOXL,2018.0,0.14584034586132624,,,,,,,
contribution,o2o,capped,full,SOXL,2019.0,0.210877448927518,,,,,,,
contribution,o2o,capped,full,SOXL,2020.0,0.31686420297232204,,,,,,,
contribution,o2o,capped,full,SOXL,2021.0,0.1597110043918373,,,,,,,
concentration,o2o,capped,full,SOXL,,,1.539794182115984,2020.0,0.1558046263547569,9.0,15.0,,
contribution,o2o,capped,full,SOXS,2007.0,0.0,,,,,,,
contribution,o2o,capped,full,SOXS,2008.0,0.0,,,,,,,
contribution,o2o,capped,full,SOXS,2009.0,0.0,,,,,,,
contribution,o2o,capped,full,SOXS,2010.0,-0.017998037219476938,,,,,,,
contribution,o2o,capped,full,SOXS,2011.0,0.022862730398737888,,,,,,,
contribution,o2o,capped,full,SOXS,2012.0,0.00619886481802923,,,,,,,
contribution,o2o,capped,full,SOXS,2013.0,-0.07500061831285042,,,,,,,
contribution,o2o,capped,full,SOXS,2014.0,0.0032693876379571436,,,,,,,
contribution,o2o,capped,full,SOXS,2015.0,0.017666631552771477,,,,,,,
contribution,o2o,capped,full,SOXS,2016.0,-0.03230683104473617,,,,,,,
contribution,o2o,capped,full,SOXS,2017.0,-0.0349512662464348,,,,,,,
contribution,o2o,capped,full,SOXS,2018.0,0.04620091881810354,,,,,,,
contribution,o2o,capped,full,SOXS,2019.0,-0.03963679959613119,,,,,,,
contribution,o2o,capped,full,SOXS,2020.0,-0.03398516408847317,,,,,,,
contribution,o2o,capped,full,SOXS,2021.0,-0.035105715652404515,,,,,,,
concentration,o2o,capped,full,SOXS,,,-0.17278589893490792,2013.0,0.20537819510160496,7.0,15.0,,
contribution,o2o,capped,full,SPXL,2007.0,0.0,,,,,,,
contribution,o2o,capped,full,SPXL,2008.0,0.0,,,,,,,
contribution,o2o,capped,full,SPXL,2009.0,0.08160900416739833,,,,,,,
contribution,o2o,capped,full,SPXL,2010.0,0.0,,,,,,,
contribution,o2o,capped,full,SPXL,2011.0,-0.06638768317347322,,,,,,,
contribution,o2o,capped,full,SPXL,2012.0,0.013300682832829328,,,,,,,
contribution,o2o,capped,full,SPXL,2013.0,0.0,,,,,,,
contribution,o2o,capped,full,SPXL,2014.0,0.0,,,,,,,
contribution,o2o,capped,full,SPXL,2015.0,0.0,,,,,,,
contribution,o2o,capped,full,SPXL,2016.0,0.03193988421820876,,,,,,,
contribution,o2o,capped,full,SPXL,2017.0,0.0,,,,,,,
contribution,o2o,capped,full,SPXL,2018.0,0.05526605045582007,,,,,,,
contribution,o2o,capped,full,SPXL,2019.0,0.0,,,,,,,
contribution,o2o,capped,full,SPXL,2020.0,-0.13643464452613557,,,,,,,
contribution,o2o,capped,full,SPXL,2021.0,0.0,,,,,,,
concentration,o2o,capped,full,SPXL,,,-0.020706706025352267,2020.0,0.3544328241683063,4.0,15.0,,
contribution,o2o,capped,full,LABU,2007.0,0.0,,,,,,,
contribution,o2o,capped,full,LABU,2008.0,0.0,,,,,,,
contribution,o2o,capped,full,LABU,2009.0,0.0,,,,,,,
contribution,o2o,capped,full,LABU,2010.0,0.0,,,,,,,
contribution,o2o,capped,full,LABU,2011.0,0.0,,,,,,,
contribution,o2o,capped,full,LABU,2012.0,0.0,,,,,,,
contribution,o2o,capped,full,LABU,2013.0,0.0,,,,,,,
contribution,o2o,capped,full,LABU,2014.0,0.0,,,,,,,
contribution,o2o,capped,full,LABU,2015.0,-0.029155698598977688,,,,,,,
contribution,o2o,capped,full,LABU,2016.0,-0.09917258748211598,,,,,,,
contribution,o2o,capped,full,LABU,2017.0,0.0,,,,,,,
contribution,o2o,capped,full,LABU,2018.0,-0.03235830293778062,,,,,,,
contribution,o2o,capped,full,LABU,2019.0,0.01089126239516169,,,,,,,
contribution,o2o,capped,full,LABU,2020.0,0.022908132056029745,,,,,,,
contribution,o2o,capped,full,LABU,2021.0,0.0,,,,,,,
concentration,o2o,capped,full,LABU,,,-0.12688719456768283,2016.0,0.5099215157445015,3.0,15.0,,
contribution,o2o,capped,full,SQQQ,2007.0,0.0,,,,,,,
contribution,o2o,capped,full,SQQQ,2008.0,0.0,,,,,,,
contribution,o2o,capped,full,SQQQ,2009.0,0.0,,,,,,,
contribution,o2o,capped,full,SQQQ,2010.0,-0.06543487414786606,,,,,,,
contribution,o2o,capped,full,SQQQ,2011.0,-0.03786743093604114,,,,,,,
contribution,o2o,capped,full,SQQQ,2012.0,0.06407417620085494,,,,,,,
contribution,o2o,capped,full,SQQQ,2013.0,-0.15770040967852358,,,,,,,
contribution,o2o,capped,full,SQQQ,2014.0,-0.011934809745487107,,,,,,,
contribution,o2o,capped,full,SQQQ,2015.0,0.033525547959778655,,,,,,,
contribution,o2o,capped,full,SQQQ,2016.0,0.037484547785040824,,,,,,,
contribution,o2o,capped,full,SQQQ,2017.0,-0.05894857982870811,,,,,,,
contribution,o2o,capped,full,SQQQ,2018.0,0.11155818959970948,,,,,,,
contribution,o2o,capped,full,SQQQ,2019.0,-0.07277065756609212,,,,,,,
contribution,o2o,capped,full,SQQQ,2020.0,-0.25302590275735065,,,,,,,
contribution,o2o,capped,full,SQQQ,2021.0,-0.06427840719673147,,,,,,,
concentration,o2o,capped,full,SQQQ,,,-0.4753186103114163,2020.0,0.26122752398869176,7.0,15.0,,
contribution,o2o,capped,full,TQQQ,2007.0,0.0,,,,,,,
contribution,o2o,capped,full,TQQQ,2008.0,0.0,,,,,,,
contribution,o2o,capped,full,TQQQ,2009.0,0.0,,,,,,,
contribution,o2o,capped,full,TQQQ,2010.0,0.10981362668999363,,,,,,,
contribution,o2o,capped,full,TQQQ,2011.0,-0.06298693058370984,,,,,,,
contribution,o2o,capped,full,TQQQ,2012.0,0.13607537951598966,,,,,,,
contribution,o2o,capped,full,TQQQ,2013.0,0.40601522010108937,,,,,,,
contribution,o2o,capped,full,TQQQ,2014.0,0.2383150438599836,,,,,,,
contribution,o2o,capped,full,TQQQ,2015.0,0.1610504895709311,,,,,,,
contribution,o2o,capped,full,TQQQ,2016.0,0.16026293981988426,,,,,,,
contribution,o2o,capped,full,TQQQ,2017.0,0.35738546191772397,,,,,,,
contribution,o2o,capped,full,TQQQ,2018.0,0.07405502125685301,,,,,,,
contribution,o2o,capped,full,TQQQ,2019.0,0.2775534685985132,,,,,,,
contribution,o2o,capped,full,TQQQ,2020.0,0.5334066897085705,,,,,,,
contribution,o2o,capped,full,TQQQ,2021.0,0.15987394136332314,,,,,,,
concentration,o2o,capped,full,TQQQ,,,2.550820351819146,2020.0,0.1992707123770398,8.0,15.0,,
contribution,o2o,capped,full,QLD,2007.0,0.0,,,,,,,
contribution,o2o,capped,full,QLD,2008.0,-0.07736116606855344,,,,,,,
contribution,o2o,capped,full,QLD,2009.0,0.003005625831855418,,,,,,,
contribution,o2o,capped,full,QLD,2010.0,0.0,,,,,,,
contribution,o2o,capped,full,QLD,2011.0,0.0,,,,,,,
contribution,o2o,capped,full,QLD,2012.0,0.0,,,,,,,
contribution,o2o,capped,full,QLD,2013.0,0.0,,,,,,,
contribution,o2o,capped,full,QLD,2014.0,0.0,,,,,,,
contribution,o2o,capped,full,QLD,2015.0,0.0,,,,,,,
contribution,o2o,capped,full,QLD,2016.0,0.0,,,,,,,
contribution,o2o,capped,full,QLD,2017.0,0.0,,,,,,,
contribution,o2o,capped,full,QLD,2018.0,0.006692626943222295,,,,,,,
contribution,o2o,capped,full,QLD,2019.0,0.003895938121898042,,,,,,,
contribution,o2o,capped,full,QLD,2020.0,0.02764150732384589,,,,,,,
contribution,o2o,capped,full,QLD,2021.0,0.0,,,,,,,
concentration,o2o,capped,full,QLD,,,-0.036125467847731796,2008.0,0.6523036383136828,2.0,15.0,,
contribution,o2o,capped,full,PSQ,2007.0,-0.00566319351464222,,,,,,,
contribution,o2o,capped,full,PSQ,2008.0,0.030895576090338748,,,,,,,
contribution,o2o,capped,full,PSQ,2009.0,-0.011555669445933323,,,,,,,
contribution,o2o,capped,full,PSQ,2010.0,-0.027760484390369395,,,,,,,
contribution,o2o,capped,full,PSQ,2011.0,-0.018724169659281892,,,,,,,
contribution,o2o,capped,full,PSQ,2012.0,0.0,,,,,,,
contribution,o2o,capped,full,PSQ,2013.0,0.0,,,,,,,
contribution,o2o,capped,full,PSQ,2014.0,0.0010369648780264454,,,,,,,
contribution,o2o,capped,full,PSQ,2015.0,0.00620249745702679,,,,,,,
contribution,o2o,capped,full,PSQ,2016.0,-0.004742751381617141,,,,,,,
contribution,o2o,capped,full,PSQ,2017.0,0.0,,,,,,,
contribution,o2o,capped,full,PSQ,2018.0,-0.00041854021920503977,,,,,,,
contribution,o2o,capped,full,PSQ,2019.0,-0.0013122767367603602,,,,,,,
contribution,o2o,capped,full,PSQ,2020.0,0.008437746777975808,,,,,,,
contribution,o2o,capped,full,PSQ,2021.0,0.0,,,,,,,
concentration,o2o,capped,full,PSQ,,,-0.02360430014444158,2008.0,0.26463049547276124,5.0,15.0,,
contribution,o2o,capped,full,QQQ,2007.0,0.004191285219821438,,,,,,,
contribution,o2o,capped,full,QQQ,2008.0,-0.008200775509993798,,,,,,,
contribution,o2o,capped,full,QQQ,2009.0,0.006988517617649282,,,,,,,
contribution,o2o,capped,full,QQQ,2010.0,0.015389124205646884,,,,,,,
contribution,o2o,capped,full,QQQ,2011.0,0.008176360907298804,,,,,,,
contribution,o2o,capped,full,QQQ,2012.0,0.0,,,,,,,
contribution,o2o,capped,full,QQQ,2013.0,0.0,,,,,,,
contribution,o2o,capped,full,QQQ,2014.0,-0.0007443738069476437,,,,,,,
contribution,o2o,capped,full,QQQ,2015.0,0.0025813458649834543,,,,,,,
contribution,o2o,capped,full,QQQ,2016.0,0.004339386777678925,,,,,,,
contribution,o2o,capped,full,QQQ,2017.0,0.0,,,,,,,
contribution,o2o,capped,full,QQQ,2018.0,-0.003088268632684363,,,,,,,
contribution,o2o,capped,full,QQQ,2019.0,0.014328199025141644,,,,,,,
contribution,o2o,capped,full,QQQ,2020.0,0.014866746958494843,,,,,,,
contribution,o2o,capped,full,QQQ,2021.0,0.0,,,,,,,
concentration,o2o,capped,full,QQQ,,,0.058827548627089464,2010.0,0.18564736674963467,6.0,15.0,,
contribution,o2o,capped,full,TLT,2007.0,0.004189140031645454,,,,,,,
contribution,o2o,capped,full,TLT,2008.0,0.025556500308002255,,,,,,,
contribution,o2o,capped,full,TLT,2009.0,-0.012281086055212838,,,,,,,
contribution,o2o,capped,full,TLT,2010.0,-0.001846224655250526,,,,,,,
contribution,o2o,capped,full,TLT,2011.0,0.002211115745305611,,,,,,,
contribution,o2o,capped,full,TLT,2012.0,0.010672403239806044,,,,,,,
contribution,o2o,capped,full,TLT,2013.0,-0.006188108765982334,,,,,,,
contribution,o2o,capped,full,TLT,2014.0,0.0064854726640160764,,,,,,,
contribution,o2o,capped,full,TLT,2015.0,0.010141812375802764,,,,,,,
contribution,o2o,capped,full,TLT,2016.0,-0.004819385267429045,,,,,,,
contribution,o2o,capped,full,TLT,2017.0,0.0006731514613960903,,,,,,,
contribution,o2o,capped,full,TLT,2018.0,0.004398185330513799,,,,,,,
contribution,o2o,capped,full,TLT,2019.0,0.007272990267227974,,,,,,,
contribution,o2o,capped,full,TLT,2020.0,-0.009516470280759979,,,,,,,
contribution,o2o,capped,full,TLT,2021.0,-0.0013844201492969582,,,,,,,
concentration,o2o,capped,full,TLT,,,0.03556507624978439,2008.0,0.237433475065046,8.0,15.0,,
contribution,o2o,capped,full,BIL,2007.0,0.0,,,,,,,
contribution,o2o,capped,full,BIL,2008.0,0.0,,,,,,,
contribution,o2o,capped,full,BIL,2009.0,3.996854459236099e-05,,,,,,,
contribution,o2o,capped,full,BIL,2010.0,1.925487507096991e-05,,,,,,,
contribution,o2o,capped,full,BIL,2011.0,1.864107233572095e-05,,,,,,,
contribution,o2o,capped,full,BIL,2012.0,8.162714661055292e-05,,,,,,,
contribution,o2o,capped,full,BIL,2013.0,1.997616522886426e-05,,,,,,,
contribution,o2o,capped,full,BIL,2014.0,-7.194280239659372e-05,,,,,,,
contribution,o2o,capped,full,BIL,2015.0,-7.332698935213041e-05,,,,,,,
contribution,o2o,capped,full,BIL,2016.0,8.932874351513608e-05,,,,,,,
contribution,o2o,capped,full,BIL,2017.0,0.0003541393068197022,,,,,,,
contribution,o2o,capped,full,BIL,2018.0,0.00012906831841502853,,,,,,,
contribution,o2o,capped,full,BIL,2019.0,0.00036000717507855666,,,,,,,
contribution,o2o,capped,full,BIL,2020.0,0.00014078563016792196,,,,,,,
contribution,o2o,capped,full,BIL,2021.0,-1.8467099114128632e-05,,,,,,,
concentration,o2o,capped,full,BIL,,,0.0010890600869719617,2019.0,0.25414653545103016,6.0,15.0,,
contribution,o2o,capped,full,BTAL,2007.0,0.0,,,,,,,
contribution,o2o,capped,full,BTAL,2008.0,0.0,,,,,,,
contribution,o2o,capped,full,BTAL,2009.0,0.0,,,,,,,
contribution,o2o,capped,full,BTAL,2010.0,0.0,,,,,,,
contribution,o2o,capped,full,BTAL,2011.0,0.0,,,,,,,
contribution,o2o,capped,full,BTAL,2012.0,0.00013895446213864373,,,,,,,
contribution,o2o,capped,full,BTAL,2013.0,-0.0003716758945856239,,,,,,,
contribution,o2o,capped,full,BTAL,2014.0,4.010620251334885e-05,,,,,,,
contribution,o2o,capped,full,BTAL,2015.0,-0.00016908424545416715,,,,,,,
contribution,o2o,capped,full,BTAL,2016.0,-0.0003003607966778103,,,,,,,
contribution,o2o,capped,full,BTAL,2017.0,1.718605027211419e-05,,,,,,,
contribution,o2o,capped,full,BTAL,2018.0,-5.540058970906637e-06,,,,,,,
contribution,o2o,capped,full,BTAL,2019.0,0.00025559094819959006,,,,,,,
contribution,o2o,capped,full,BTAL,2020.0,0.0010565719545603044,,,,,,,
contribution,o2o,capped,full,BTAL,2021.0,9.532629224248707e-05,,,,,,,
concentration,o2o,capped,full,BTAL,,,0.0007570749142379802,2020.0,0.43118400620699754,4.0,15.0,,
contribution,o2o,capped,full,BSV,2007.0,0.0,,,,,,,
contribution,o2o,capped,full,BSV,2008.0,0.0,,,,,,,
contribution,o2o,capped,full,BSV,2009.0,0.0,,,,,,,
contribution,o2o,capped,full,BSV,2010.0,0.0015629397463923368,,,,,,,
contribution,o2o,capped,full,BSV,2011.0,-0.0015531708195884232,,,,,,,
contribution,o2o,capped,full,BSV,2012.0,-0.0001849834378050143,,,,,,,
contribution,o2o,capped,full,BSV,2013.0,0.0,,,,,,,
contribution,o2o,capped,full,BSV,2014.0,0.0,,,,,,,
contribution,o2o,capped,full,BSV,2015.0,-6.459686586684589e-05,,,,,,,
contribution,o2o,capped,full,BSV,2016.0,0.0009793341749316945,,,,,,,
contribution,o2o,capped,full,BSV,2017.0,0.0,,,,,,,
contribution,o2o,capped,full,BSV,2018.0,0.0020233669817045848,,,,,,,
contribution,o2o,capped,full,BSV,2019.0,0.0009164639150897466,,,,,,,
contribution,o2o,capped,full,BSV,2020.0,-9.668317162941742e-05,,,,,,,
contribution,o2o,capped,full,BSV,2021.0,0.0,,,,,,,
concentration,o2o,capped,full,BSV,,,0.0035826705232286614,2018.0,0.2741118011742187,4.0,15.0,,
contribution,o2o,capped,primary,UVXY,2011.0,0.0,,,,,,,
contribution,o2o,capped,primary,UVXY,2012.0,-0.020773095203144527,,,,,,,
contribution,o2o,capped,primary,UVXY,2013.0,0.20764002213377875,,,,,,,
contribution,o2o,capped,primary,UVXY,2014.0,0.20352894817904582,,,,,,,
contribution,o2o,capped,primary,UVXY,2015.0,0.07782457677758918,,,,,,,
contribution,o2o,capped,primary,UVXY,2016.0,-0.01892386709178094,,,,,,,
contribution,o2o,capped,primary,UVXY,2017.0,-0.13864671841339654,,,,,,,
contribution,o2o,capped,primary,UVXY,2018.0,0.40980411471406664,,,,,,,
contribution,o2o,capped,primary,UVXY,2019.0,0.21439306301183383,,,,,,,
contribution,o2o,capped,primary,UVXY,2020.0,0.8672916755764523,,,,,,,
contribution,o2o,capped,primary,UVXY,2021.0,0.1527626753495561,,,,,,,
concentration,o2o,capped,primary,UVXY,,,1.9549013950340004,2020.0,0.3751928941323218,5.0,11.0,,
contribution,o2o,capped,primary,SVXY,2011.0,-0.007786756386771576,,,,,,,
contribution,o2o,capped,primary,SVXY,2012.0,0.09206786872421453,,,,,,,
contribution,o2o,capped,primary,SVXY,2013.0,0.03389828658691459,,,,,,,
contribution,o2o,capped,primary,SVXY,2014.0,0.05380634735452017,,,,,,,
contribution,o2o,capped,primary,SVXY,2015.0,0.023895195386420806,,,,,,,
contribution,o2o,capped,primary,SVXY,2016.0,0.01862644361345558,,,,,,,
contribution,o2o,capped,primary,SVXY,2017.0,0.036882637498229114,,,,,,,
contribution,o2o,capped,primary,SVXY,2018.0,0.0018236373789406826,,,,,,,
contribution,o2o,capped,primary,SVXY,2019.0,0.031670398804016626,,,,,,,
contribution,o2o,capped,primary,SVXY,2020.0,0.0075216821965165236,,,,,,,
contribution,o2o,capped,primary,SVXY,2021.0,0.012833050302715386,,,,,,,
concentration,o2o,capped,primary,SVXY,,,0.30523879145917243,2012.0,0.28698359604508494,6.0,11.0,,
contribution,o2o,capped,primary,TECL,2011.0,-0.01879183444219412,,,,,,,
contribution,o2o,capped,primary,TECL,2012.0,0.08488081692837308,,,,,,,
contribution,o2o,capped,primary,TECL,2013.0,0.056218599337454024,,,,,,,
contribution,o2o,capped,primary,TECL,2014.0,0.10307591491781977,,,,,,,
contribution,o2o,capped,primary,TECL,2015.0,0.06554922992921425,,,,,,,
contribution,o2o,capped,primary,TECL,2016.0,0.007250238842233213,,,,,,,
contribution,o2o,capped,primary,TECL,2017.0,0.06426954053856951,,,,,,,
contribution,o2o,capped,primary,TECL,2018.0,0.038206905454803756,,,,,,,
contribution,o2o,capped,primary,TECL,2019.0,0.10608570928355678,,,,,,,
contribution,o2o,capped,primary,TECL,2020.0,0.0026937508831799727,,,,,,,
contribution,o2o,capped,primary,TECL,2021.0,0.03689230309496351,,,,,,,
concentration,o2o,capped,primary,TECL,,,0.5463311747679737,2019.0,0.18168010359181022,6.0,11.0,,
contribution,o2o,capped,primary,TECS,2011.0,-0.0013642255816689855,,,,,,,
contribution,o2o,capped,primary,TECS,2012.0,0.014552597100988383,,,,,,,
contribution,o2o,capped,primary,TECS,2013.0,-0.05206934081414644,,,,,,,
contribution,o2o,capped,primary,TECS,2014.0,-0.0056362690070335345,,,,,,,
contribution,o2o,capped,primary,TECS,2015.0,0.0042350187550447465,,,,,,,
contribution,o2o,capped,primary,TECS,2016.0,-0.004602134102899115,,,,,,,
contribution,o2o,capped,primary,TECS,2017.0,-0.003605191456907721,,,,,,,
contribution,o2o,capped,primary,TECS,2018.0,0.005682413322741796,,,,,,,
contribution,o2o,capped,primary,TECS,2019.0,-0.021191456337096865,,,,,,,
contribution,o2o,capped,primary,TECS,2020.0,-0.03004897912314096,,,,,,,
contribution,o2o,capped,primary,TECS,2021.0,-0.0026375920488945,,,,,,,
concentration,o2o,capped,primary,TECS,,,-0.09668515929301322,2013.0,0.357557170757953,4.0,11.0,,
contribution,o2o,capped,primary,SOXL,2011.0,-0.039786658059302274,,,,,,,
contribution,o2o,capped,primary,SOXL,2012.0,0.11109418927575825,,,,,,,
contribution,o2o,capped,primary,SOXL,2013.0,0.2358342601761745,,,,,,,
contribution,o2o,capped,primary,SOXL,2014.0,0.14562807584901633,,,,,,,
contribution,o2o,capped,primary,SOXL,2015.0,0.05351256303962592,,,,,,,
contribution,o2o,capped,primary,SOXL,2016.0,0.19088337880891376,,,,,,,
contribution,o2o,capped,primary,SOXL,2017.0,0.21651553133814289,,,,,,,
contribution,o2o,capped,primary,SOXL,2018.0,0.14584034586132624,,,,,,,
contribution,o2o,capped,primary,SOXL,2019.0,0.210877448927518,,,,,,,
contribution,o2o,capped,primary,SOXL,2020.0,0.31686420297232204,,,,,,,
contribution,o2o,capped,primary,SOXL,2021.0,0.1597110043918373,,,,,,,
concentration,o2o,capped,primary,SOXL,,,1.7469743425813329,2020.0,0.1734771066405424,7.0,11.0,,
contribution,o2o,capped,primary,SOXS,2011.0,0.0012154697589523674,,,,,,,
contribution,o2o,capped,primary,SOXS,2012.0,0.00619886481802923,,,,,,,
contribution,o2o,capped,primary,SOXS,2013.0,-0.07500061831285042,,,,,,,
contribution,o2o,capped,primary,SOXS,2014.0,0.0032693876379571436,,,,,,,
contribution,o2o,capped,primary,SOXS,2015.0,0.017666631552771477,,,,,,,
contribution,o2o,capped,primary,SOXS,2016.0,-0.03230683104473617,,,,,,,
contribution,o2o,capped,primary,SOXS,2017.0,-0.0349512662464348,,,,,,,
contribution,o2o,capped,primary,SOXS,2018.0,0.04620091881810354,,,,,,,
contribution,o2o,capped,primary,SOXS,2019.0,-0.03963679959613119,,,,,,,
contribution,o2o,capped,primary,SOXS,2020.0,-0.03398516408847317,,,,,,,
contribution,o2o,capped,primary,SOXS,2021.0,-0.035105715652404515,,,,,,,
concentration,o2o,capped,primary,SOXS,,,-0.17643512235521652,2013.0,0.23038998492137883,6.0,11.0,,
contribution,o2o,capped,primary,SPXL,2011.0,0.0,,,,,,,
contribution,o2o,capped,primary,SPXL,2012.0,0.013300682832829328,,,,,,,
contribution,o2o,capped,primary,SPXL,2013.0,0.0,,,,,,,
contribution,o2o,capped,primary,SPXL,2014.0,0.0,,,,,,,
contribution,o2o,capped,primary,SPXL,2015.0,0.0,,,,,,,
contribution,o2o,capped,primary,SPXL,2016.0,0.03193988421820876,,,,,,,
contribution,o2o,capped,primary,SPXL,2017.0,0.0,,,,,,,
contribution,o2o,capped,primary,SPXL,2018.0,0.05526605045582007,,,,,,,
contribution,o2o,capped,primary,SPXL,2019.0,0.0,,,,,,,
contribution,o2o,capped,primary,SPXL,2020.0,-0.13643464452613557,,,,,,,
contribution,o2o,capped,primary,SPXL,2021.0,0.0,,,,,,,
concentration,o2o,capped,primary,SPXL,,,-0.03592802701927739,2020.0,0.5758163156366461,2.0,11.0,,
contribution,o2o,capped,primary,LABU,2011.0,0.0,,,,,,,
contribution,o2o,capped,primary,LABU,2012.0,0.0,,,,,,,
contribution,o2o,capped,primary,LABU,2013.0,0.0,,,,,,,
contribution,o2o,capped,primary,LABU,2014.0,0.0,,,,,,,
contribution,o2o,capped,primary,LABU,2015.0,-0.029155698598977688,,,,,,,
contribution,o2o,capped,primary,LABU,2016.0,-0.09917258748211598,,,,,,,
contribution,o2o,capped,primary,LABU,2017.0,0.0,,,,,,,
contribution,o2o,capped,primary,LABU,2018.0,-0.03235830293778062,,,,,,,
contribution,o2o,capped,primary,LABU,2019.0,0.01089126239516169,,,,,,,
contribution,o2o,capped,primary,LABU,2020.0,0.022908132056029745,,,,,,,
contribution,o2o,capped,primary,LABU,2021.0,0.0,,,,,,,
concentration,o2o,capped,primary,LABU,,,-0.12688719456768285,2016.0,0.5099215157445015,3.0,11.0,,
contribution,o2o,capped,primary,SQQQ,2011.0,-0.09297873286913137,,,,,,,
contribution,o2o,capped,primary,SQQQ,2012.0,0.06407417620085494,,,,,,,
contribution,o2o,capped,primary,SQQQ,2013.0,-0.15770040967852358,,,,,,,
contribution,o2o,capped,primary,SQQQ,2014.0,-0.011934809745487107,,,,,,,
contribution,o2o,capped,primary,SQQQ,2015.0,0.033525547959778655,,,,,,,
contribution,o2o,capped,primary,SQQQ,2016.0,0.037484547785040824,,,,,,,
contribution,o2o,capped,primary,SQQQ,2017.0,-0.05894857982870811,,,,,,,
contribution,o2o,capped,primary,SQQQ,2018.0,0.11155818959970948,,,,,,,
contribution,o2o,capped,primary,SQQQ,2019.0,-0.07277065756609212,,,,,,,
contribution,o2o,capped,primary,SQQQ,2020.0,-0.25302590275735065,,,,,,,
contribution,o2o,capped,primary,SQQQ,2021.0,-0.06427840719673147,,,,,,,
concentration,o2o,capped,primary,SQQQ,,,-0.46499503809664045,2020.0,0.2640417341544169,7.0,11.0,,
contribution,o2o,capped,primary,TQQQ,2011.0,-0.05203871456992136,,,,,,,
contribution,o2o,capped,primary,TQQQ,2012.0,0.13607537951598966,,,,,,,
contribution,o2o,capped,primary,TQQQ,2013.0,0.40601522010108937,,,,,,,
contribution,o2o,capped,primary,TQQQ,2014.0,0.2383150438599836,,,,,,,
contribution,o2o,capped,primary,TQQQ,2015.0,0.1610504895709311,,,,,,,
contribution,o2o,capped,primary,TQQQ,2016.0,0.16026293981988426,,,,,,,
contribution,o2o,capped,primary,TQQQ,2017.0,0.35738546191772397,,,,,,,
contribution,o2o,capped,primary,TQQQ,2018.0,0.07405502125685301,,,,,,,
contribution,o2o,capped,primary,TQQQ,2019.0,0.2775534685985132,,,,,,,
contribution,o2o,capped,primary,TQQQ,2020.0,0.5334066897085705,,,,,,,
contribution,o2o,capped,primary,TQQQ,2021.0,0.15987394136332314,,,,,,,
concentration,o2o,capped,primary,TQQQ,,,2.45195494114294,2020.0,0.2086854203843896,7.0,11.0,,
contribution,o2o,capped,primary,QLD,2011.0,0.0,,,,,,,
contribution,o2o,capped,primary,QLD,2012.0,0.0,,,,,,,
contribution,o2o,capped,primary,QLD,2013.0,0.0,,,,,,,
contribution,o2o,capped,primary,QLD,2014.0,0.0,,,,,,,
contribution,o2o,capped,primary,QLD,2015.0,0.0,,,,,,,
contribution,o2o,capped,primary,QLD,2016.0,0.0,,,,,,,
contribution,o2o,capped,primary,QLD,2017.0,0.0,,,,,,,
contribution,o2o,capped,primary,QLD,2018.0,0.006692626943222295,,,,,,,
contribution,o2o,capped,primary,QLD,2019.0,0.003895938121898042,,,,,,,
contribution,o2o,capped,primary,QLD,2020.0,0.02764150732384589,,,,,,,
contribution,o2o,capped,primary,QLD,2021.0,0.0,,,,,,,
concentration,o2o,capped,primary,QLD,,,0.038230072388966224,2020.0,0.7230304730425686,2.0,11.0,,
contribution,o2o,capped,primary,PSQ,2011.0,-0.01635609074536499,,,,,,,
contribution,o2o,capped,primary,PSQ,2012.0,0.0,,,,,,,
contribution,o2o,capped,primary,PSQ,2013.0,0.0,,,,,,,
contribution,o2o,capped,primary,PSQ,2014.0,0.0010369648780264454,,,,,,,
contribution,o2o,capped,primary,PSQ,2015.0,0.00620249745702679,,,,,,,
contribution,o2o,capped,primary,PSQ,2016.0,-0.004742751381617141,,,,,,,
contribution,o2o,capped,primary,PSQ,2017.0,0.0,,,,,,,
contribution,o2o,capped,primary,PSQ,2018.0,-0.00041854021920503977,,,,,,,
contribution,o2o,capped,primary,PSQ,2019.0,-0.0013122767367603602,,,,,,,
contribution,o2o,capped,primary,PSQ,2020.0,0.008437746777975808,,,,,,,
contribution,o2o,capped,primary,PSQ,2021.0,0.0,,,,,,,
concentration,o2o,capped,primary,PSQ,,,-0.007152449969918485,2011.0,0.4247577513217232,3.0,11.0,,
contribution,o2o,capped,primary,QQQ,2011.0,0.011491232327397996,,,,,,,
contribution,o2o,capped,primary,QQQ,2012.0,0.0,,,,,,,
contribution,o2o,capped,primary,QQQ,2013.0,0.0,,,,,,,
contribution,o2o,capped,primary,QQQ,2014.0,-0.0007443738069476437,,,,,,,
contribution,o2o,capped,primary,QQQ,2015.0,0.0025813458649834543,,,,,,,
contribution,o2o,capped,primary,QQQ,2016.0,0.004339386777678925,,,,,,,
contribution,o2o,capped,primary,QQQ,2017.0,0.0,,,,,,,
contribution,o2o,capped,primary,QQQ,2018.0,-0.003088268632684363,,,,,,,
contribution,o2o,capped,primary,QQQ,2019.0,0.014328199025141644,,,,,,,
contribution,o2o,capped,primary,QQQ,2020.0,0.014866746958494843,,,,,,,
contribution,o2o,capped,primary,QQQ,2021.0,0.0,,,,,,,
concentration,o2o,capped,primary,QQQ,,,0.04377426851406486,2020.0,0.289013919790814,4.0,11.0,,
contribution,o2o,capped,primary,TLT,2011.0,-0.00917453832813806,,,,,,,
contribution,o2o,capped,primary,TLT,2012.0,0.010672403239806044,,,,,,,
contribution,o2o,capped,primary,TLT,2013.0,-0.006188108765982334,,,,,,,
contribution,o2o,capped,primary,TLT,2014.0,0.0064854726640160764,,,,,,,
contribution,o2o,capped,primary,TLT,2015.0,0.010141812375802764,,,,,,,
contribution,o2o,capped,primary,TLT,2016.0,-0.004819385267429045,,,,,,,
contribution,o2o,capped,primary,TLT,2017.0,0.0006731514613960903,,,,,,,
contribution,o2o,capped,primary,TLT,2018.0,0.004398185330513799,,,,,,,
contribution,o2o,capped,primary,TLT,2019.0,0.007272990267227974,,,,,,,
contribution,o2o,capped,primary,TLT,2020.0,-0.009516470280759979,,,,,,,
contribution,o2o,capped,primary,TLT,2021.0,-0.0013844201492969582,,,,,,,
concentration,o2o,capped,primary,TLT,,,0.008561092547156366,2012.0,0.15089587534715387,7.0,11.0,,
contribution,o2o,capped,primary,BIL,2011.0,0.0,,,,,,,
contribution,o2o,capped,primary,BIL,2012.0,8.162714661055292e-05,,,,,,,
contribution,o2o,capped,primary,BIL,2013.0,1.997616522886426e-05,,,,,,,
contribution,o2o,capped,primary,BIL,2014.0,-7.194280239659372e-05,,,,,,,
contribution,o2o,capped,primary,BIL,2015.0,-7.332698935213041e-05,,,,,,,
contribution,o2o,capped,primary,BIL,2016.0,8.932874351513608e-05,,,,,,,
contribution,o2o,capped,primary,BIL,2017.0,0.0003541393068197022,,,,,,,
contribution,o2o,capped,primary,BIL,2018.0,0.00012906831841502853,,,,,,,
contribution,o2o,capped,primary,BIL,2019.0,0.00036000717507855666,,,,,,,
contribution,o2o,capped,primary,BIL,2020.0,0.00014078563016792196,,,,,,,
contribution,o2o,capped,primary,BIL,2021.0,-1.8467099114128632e-05,,,,,,,
concentration,o2o,capped,primary,BIL,,,0.0010111955949729098,2019.0,0.26892911823111626,5.0,11.0,,
contribution,o2o,capped,primary,BTAL,2011.0,0.0,,,,,,,
contribution,o2o,capped,primary,BTAL,2012.0,0.00013895446213864373,,,,,,,
contribution,o2o,capped,primary,BTAL,2013.0,-0.0003716758945856239,,,,,,,
contribution,o2o,capped,primary,BTAL,2014.0,4.010620251334885e-05,,,,,,,
contribution,o2o,capped,primary,BTAL,2015.0,-0.00016908424545416715,,,,,,,
contribution,o2o,capped,primary,BTAL,2016.0,-0.0003003607966778103,,,,,,,
contribution,o2o,capped,primary,BTAL,2017.0,1.718605027211419e-05,,,,,,,
contribution,o2o,capped,primary,BTAL,2018.0,-5.540058970906637e-06,,,,,,,
contribution,o2o,capped,primary,BTAL,2019.0,0.00025559094819959006,,,,,,,
contribution,o2o,capped,primary,BTAL,2020.0,0.0010565719545603044,,,,,,,
contribution,o2o,capped,primary,BTAL,2021.0,9.532629224248707e-05,,,,,,,
concentration,o2o,capped,primary,BTAL,,,0.0007570749142379804,2020.0,0.43118400620699754,4.0,11.0,,
contribution,o2o,capped,primary,BSV,2011.0,0.00012817092821007024,,,,,,,
contribution,o2o,capped,primary,BSV,2012.0,-0.0001849834378050143,,,,,,,
contribution,o2o,capped,primary,BSV,2013.0,0.0,,,,,,,
contribution,o2o,capped,primary,BSV,2014.0,0.0,,,,,,,
contribution,o2o,capped,primary,BSV,2015.0,-6.459686586684589e-05,,,,,,,
contribution,o2o,capped,primary,BSV,2016.0,0.0009793341749316945,,,,,,,
contribution,o2o,capped,primary,BSV,2017.0,0.0,,,,,,,
contribution,o2o,capped,primary,BSV,2018.0,0.0020233669817045848,,,,,,,
contribution,o2o,capped,primary,BSV,2019.0,0.0009164639150897466,,,,,,,
contribution,o2o,capped,primary,BSV,2020.0,-9.668317162941742e-05,,,,,,,
contribution,o2o,capped,primary,BSV,2021.0,0.0,,,,,,,
concentration,o2o,capped,primary,BSV,,,0.0037010725246348184,2018.0,0.4605260431926986,3.0,11.0,,
contribution,o2o,capped,early,TECL,2007.0,0.0,,,,,,,
contribution,o2o,capped,early,TECL,2008.0,0.0,,,,,,,
contribution,o2o,capped,early,TECL,2009.0,0.12749043183828726,,,,,,,
contribution,o2o,capped,early,TECL,2010.0,-0.07371137975416776,,,,,,,
contribution,o2o,capped,early,TECL,2011.0,0.12020926669627705,,,,,,,
concentration,o2o,capped,early,TECL,,,0.17398831878039656,2009.0,0.39665848643760576,3.0,5.0,,
contribution,o2o,capped,early,TECS,2007.0,0.0,,,,,,,
contribution,o2o,capped,early,TECS,2008.0,0.0,,,,,,,
contribution,o2o,capped,early,TECS,2009.0,-0.036653805042810045,,,,,,,
contribution,o2o,capped,early,TECS,2010.0,-0.012132073784084388,,,,,,,
contribution,o2o,capped,early,TECS,2011.0,0.018636073301911266,,,,,,,
concentration,o2o,capped,early,TECS,,,-0.03014980552498317,2009.0,0.5436479349156947,2.0,5.0,,
contribution,o2o,capped,early,SOXL,2007.0,0.0,,,,,,,
contribution,o2o,capped,early,SOXL,2008.0,0.0,,,,,,,
contribution,o2o,capped,early,SOXL,2009.0,0.0,,,,,,,
contribution,o2o,capped,early,SOXL,2010.0,-0.11601817819605463,,,,,,,
contribution,o2o,capped,early,SOXL,2011.0,-0.09116198226929441,,,,,,,
concentration,o2o,capped,early,SOXL,,,-0.20718016046534907,2010.0,0.5599869115626962,2.0,5.0,,
contribution,o2o,capped,early,SOXS,2007.0,0.0,,,,,,,
contribution,o2o,capped,early,SOXS,2008.0,0.0,,,,,,,
contribution,o2o,capped,early,SOXS,2009.0,0.0,,,,,,,
contribution,o2o,capped,early,SOXS,2010.0,-0.017998037219476938,,,,,,,
contribution,o2o,capped,early,SOXS,2011.0,0.021647260639785518,,,,,,,
concentration,o2o,capped,early,SOXS,,,0.003649223420308583,2011.0,0.5460234077854961,2.0,5.0,,
contribution,o2o,capped,early,SPXL,2007.0,0.0,,,,,,,
contribution,o2o,capped,early,SPXL,2008.0,0.0,,,,,,,
contribution,o2o,capped,early,SPXL,2009.0,0.08160900416739833,,,,,,,
contribution,o2o,capped,early,SPXL,2010.0,0.0,,,,,,,
contribution,o2o,capped,early,SPXL,2011.0,-0.06638768317347322,,,,,,,
concentration,o2o,capped,early,SPXL,,,0.015221320993925105,2009.0,0.5514245327629083,2.0,5.0,,
contribution,o2o,capped,early,SQQQ,2007.0,0.0,,,,,,,
contribution,o2o,capped,early,SQQQ,2008.0,0.0,,,,,,,
contribution,o2o,capped,early,SQQQ,2009.0,0.0,,,,,,,
contribution,o2o,capped,early,SQQQ,2010.0,-0.06543487414786606,,,,,,,
contribution,o2o,capped,early,SQQQ,2011.0,0.05511130193309023,,,,,,,
concentration,o2o,capped,early,SQQQ,,,-0.010323572214775832,2010.0,0.5428199904401892,2.0,5.0,,
contribution,o2o,capped,early,TQQQ,2007.0,0.0,,,,,,,
contribution,o2o,capped,early,TQQQ,2008.0,0.0,,,,,,,
contribution,o2o,capped,early,TQQQ,2009.0,0.0,,,,,,,
contribution,o2o,capped,early,TQQQ,2010.0,0.10981362668999363,,,,,,,
contribution,o2o,capped,early,TQQQ,2011.0,-0.010948216013788478,,,,,,,
concentration,o2o,capped,early,TQQQ,,,0.09886541067620515,2010.0,0.9093404359467794,1.0,5.0,,
contribution,o2o,capped,early,QLD,2007.0,0.0,,,,,,,
contribution,o2o,capped,early,QLD,2008.0,-0.07736116606855344,,,,,,,
contribution,o2o,capped,early,QLD,2009.0,0.003005625831855418,,,,,,,
contribution,o2o,capped,early,QLD,2010.0,0.0,,,,,,,
contribution,o2o,capped,early,QLD,2011.0,0.0,,,,,,,
concentration,o2o,capped,early,QLD,,,-0.074355540236698,2008.0,0.9626011470561123,1.0,5.0,,
contribution,o2o,capped,early,PSQ,2007.0,-0.00566319351464222,,,,,,,
contribution,o2o,capped,early,PSQ,2008.0,0.030895576090338748,,,,,,,
contribution,o2o,capped,early,PSQ,2009.0,-0.011555669445933323,,,,,,,
contribution,o2o,capped,early,PSQ,2010.0,-0.027760484390369395,,,,,,,
contribution,o2o,capped,early,PSQ,2011.0,-0.0023680789139168996,,,,,,,
concentration,o2o,capped,early,PSQ,,,-0.01645185017452309,2008.0,0.3948669550036153,3.0,5.0,,
contribution,o2o,capped,early,QQQ,2007.0,0.004191285219821438,,,,,,,
contribution,o2o,capped,early,QQQ,2008.0,-0.008200775509993798,,,,,,,
contribution,o2o,capped,early,QQQ,2009.0,0.006988517617649282,,,,,,,
contribution,o2o,capped,early,QQQ,2010.0,0.015389124205646884,,,,,,,
contribution,o2o,capped,early,QQQ,2011.0,-0.0033148714200991907,,,,,,,
concentration,o2o,capped,early,QQQ,,,0.015053280113024614,2010.0,0.4040776251421871,3.0,5.0,,
contribution,o2o,capped,early,TLT,2007.0,0.004189140031645454,,,,,,,
contribution,o2o,capped,early,TLT,2008.0,0.025556500308002255,,,,,,,
contribution,o2o,capped,early,TLT,2009.0,-0.012281086055212838,,,,,,,
contribution,o2o,capped,early,TLT,2010.0,-0.001846224655250526,,,,,,,
contribution,o2o,capped,early,TLT,2011.0,0.011385654073443672,,,,,,,
concentration,o2o,capped,early,TLT,,,0.027003983702628017,2008.0,0.46248905941182444,3.0,5.0,,
contribution,o2o,capped,early,BIL,2007.0,0.0,,,,,,,
contribution,o2o,capped,early,BIL,2008.0,0.0,,,,,,,
contribution,o2o,capped,early,BIL,2009.0,3.996854459236099e-05,,,,,,,
contribution,o2o,capped,early,BIL,2010.0,1.925487507096991e-05,,,,,,,
contribution,o2o,capped,early,BIL,2011.0,1.864107233572095e-05,,,,,,,
concentration,o2o,capped,early,BIL,,,7.786449199905185e-05,2009.0,0.5133090008838391,3.0,5.0,,
contribution,o2o,capped,early,BSV,2007.0,0.0,,,,,,,
contribution,o2o,capped,early,BSV,2008.0,0.0,,,,,,,
contribution,o2o,capped,early,BSV,2009.0,0.0,,,,,,,
contribution,o2o,capped,early,BSV,2010.0,0.0015629397463923368,,,,,,,
contribution,o2o,capped,early,BSV,2011.0,-0.0016813417477984935,,,,,,,
concentration,o2o,capped,early,BSV,,,-0.00011840200140615653,2011.0,0.5182478002630422,2.0,5.0,,
contribution,o2o,uncapped,full,UVXY,2007.0,0.0,,,,,,,
contribution,o2o,uncapped,full,UVXY,2008.0,0.0,,,,,,,
contribution,o2o,uncapped,full,UVXY,2009.0,0.0,,,,,,,
contribution,o2o,uncapped,full,UVXY,2010.0,0.0,,,,,,,
contribution,o2o,uncapped,full,UVXY,2011.0,0.0,,,,,,,
contribution,o2o,uncapped,full,UVXY,2012.0,-0.021112371858812467,,,,,,,
contribution,o2o,uncapped,full,UVXY,2013.0,0.20823975773536624,,,,,,,
contribution,o2o,uncapped,full,UVXY,2014.0,0.20341208056230584,,,,,,,
contribution,o2o,uncapped,full,UVXY,2015.0,0.07785934185023312,,,,,,,
contribution,o2o,uncapped,full,UVXY,2016.0,-0.01892485159337723,,,,,,,
contribution,o2o,uncapped,full,UVXY,2017.0,-0.138901243682592,,,,,,,
contribution,o2o,uncapped,full,UVXY,2018.0,0.4098668048318257,,,,,,,
contribution,o2o,uncapped,full,UVXY,2019.0,0.2523587729873268,,,,,,,
contribution,o2o,uncapped,full,UVXY,2020.0,0.9334073870816206,,,,,,,
contribution,o2o,uncapped,full,UVXY,2021.0,0.15826374929638146,,,,,,,
concentration,o2o,uncapped,full,UVXY,,,2.064469427210278,2020.0,0.3853319252459794,5.0,15.0,,
contribution,o2o,uncapped,full,SVXY,2007.0,0.0,,,,,,,
contribution,o2o,uncapped,full,SVXY,2008.0,0.0,,,,,,,
contribution,o2o,uncapped,full,SVXY,2009.0,0.0,,,,,,,
contribution,o2o,uncapped,full,SVXY,2010.0,0.0,,,,,,,
contribution,o2o,uncapped,full,SVXY,2011.0,-0.007521363955832396,,,,,,,
contribution,o2o,uncapped,full,SVXY,2012.0,0.09207103213587178,,,,,,,
contribution,o2o,uncapped,full,SVXY,2013.0,0.03381227958819878,,,,,,,
contribution,o2o,uncapped,full,SVXY,2014.0,0.0537419405387378,,,,,,,
contribution,o2o,uncapped,full,SVXY,2015.0,0.02363781513501216,,,,,,,
contribution,o2o,uncapped,full,SVXY,2016.0,0.0186585414277261,,,,,,,
contribution,o2o,uncapped,full,SVXY,2017.0,0.03688871637028882,,,,,,,
contribution,o2o,uncapped,full,SVXY,2018.0,0.0018222281913647007,,,,,,,
contribution,o2o,uncapped,full,SVXY,2019.0,0.03167273404280356,,,,,,,
contribution,o2o,uncapped,full,SVXY,2020.0,0.007521819697516856,,,,,,,
contribution,o2o,uncapped,full,SVXY,2021.0,0.012813073799761534,,,,,,,
concentration,o2o,uncapped,full,SVXY,,,0.3051188169714497,2012.0,0.28757679867357383,6.0,15.0,,
contribution,o2o,uncapped,full,TECL,2007.0,0.0,,,,,,,
contribution,o2o,uncapped,full,TECL,2008.0,0.0,,,,,,,
contribution,o2o,uncapped,full,TECL,2009.0,0.125237910977017,,,,,,,
contribution,o2o,uncapped,full,TECL,2010.0,-0.07387505468755524,,,,,,,
contribution,o2o,uncapped,full,TECL,2011.0,0.10143112456456824,,,,,,,
contribution,o2o,uncapped,full,TECL,2012.0,0.08486697928579595,,,,,,,
contribution,o2o,uncapped,full,TECL,2013.0,0.05611054016636588,,,,,,,
contribution,o2o,uncapped,full,TECL,2014.0,0.11373190303393094,,,,,,,
contribution,o2o,uncapped,full,TECL,2015.0,0.15795837109926034,,,,,,,
contribution,o2o,uncapped,full,TECL,2016.0,0.03384418824679064,,,,,,,
contribution,o2o,uncapped,full,TECL,2017.0,0.07319187229597611,,,,,,,
contribution,o2o,uncapped,full,TECL,2018.0,0.0657460513831828,,,,,,,
contribution,o2o,uncapped,full,TECL,2019.0,0.12471806671785188,,,,,,,
contribution,o2o,uncapped,full,TECL,2020.0,0.007726167922447053,,,,,,,
contribution,o2o,uncapped,full,TECL,2021.0,0.061168634270876356,,,,,,,
concentration,o2o,uncapped,full,TECL,,,0.931856755276508,2015.0,0.14631101030487834,9.0,15.0,,
contribution,o2o,uncapped,full,TECS,2007.0,0.0,,,,,,,
contribution,o2o,uncapped,full,TECS,2008.0,0.0,,,,,,,
contribution,o2o,uncapped,full,TECS,2009.0,-0.036652280695993855,,,,,,,
contribution,o2o,uncapped,full,TECS,2010.0,-0.012130377776066346,,,,,,,
contribution,o2o,uncapped,full,TECS,2011.0,0.017273343471384577,,,,,,,
contribution,o2o,uncapped,full,TECS,2012.0,0.014554668521694458,,,,,,,
contribution,o2o,uncapped,full,TECS,2013.0,-0.052071267574542876,,,,,,,
contribution,o2o,uncapped,full,TECS,2014.0,-0.008454741063766546,,,,,,,
contribution,o2o,uncapped,full,TECS,2015.0,0.007675925843159963,,,,,,,
contribution,o2o,uncapped,full,TECS,2016.0,-0.020482847266886435,,,,,,,
contribution,o2o,uncapped,full,TECS,2017.0,-0.02355901876906096,,,,,,,
contribution,o2o,uncapped,full,TECS,2018.0,0.029612398227008042,,,,,,,
contribution,o2o,uncapped,full,TECS,2019.0,-0.028773529246940984,,,,,,,
contribution,o2o,uncapped,full,TECS,2020.0,-0.03649652530310393,,,,,,,
contribution,o2o,uncapped,full,TECS,2021.0,-0.013962359975952679,,,,,,,
concentration,o2o,uncapped,full,TECS,,,-0.1634666116090676,2013.0,0.1725932754291295,8.0,15.0,,
contribution,o2o,uncapped,full,SOXL,2007.0,0.0,,,,,,,
contribution,o2o,uncapped,full,SOXL,2008.0,0.0,,,,,,,
contribution,o2o,uncapped,full,SOXL,2009.0,0.0,,,,,,,
contribution,o2o,uncapped,full,SOXL,2010.0,-0.13455919379993309,,,,,,,
contribution,o2o,uncapped,full,SOXL,2011.0,-0.13092183577774338,,,,,,,
contribution,o2o,uncapped,full,SOXL,2012.0,0.11110046034939827,,,,,,,
contribution,o2o,uncapped,full,SOXL,2013.0,0.25304606494752596,,,,,,,
contribution,o2o,uncapped,full,SOXL,2014.0,0.17576363696039377,,,,,,,
contribution,o2o,uncapped,full,SOXL,2015.0,-0.07219147222866604,,,,,,,
contribution,o2o,uncapped,full,SOXL,2016.0,0.19352145797703652,,,,,,,
contribution,o2o,uncapped,full,SOXL,2017.0,0.21954382753995813,,,,,,,
contribution,o2o,uncapped,full,SOXL,2018.0,0.179859928391843,,,,,,,
contribution,o2o,uncapped,full,SOXL,2019.0,0.2111554466335306,,,,,,,
contribution,o2o,uncapped,full,SOXL,2020.0,0.31686848351510033,,,,,,,
contribution,o2o,uncapped,full,SOXL,2021.0,0.15940394298874316,,,,,,,
concentration,o2o,uncapped,full,SOXL,,,1.4825907474971873,2020.0,0.14683870145444697,9.0,15.0,,
contribution,o2o,uncapped,full,SOXS,2007.0,0.0,,,,,,,
contribution,o2o,uncapped,full,SOXS,2008.0,0.0,,,,,,,
contribution,o2o,uncapped,full,SOXS,2009.0,0.0,,,,,,,
contribution,o2o,uncapped,full,SOXS,2010.0,-0.018001635291490032,,,,,,,
contribution,o2o,uncapped,full,SOXS,2011.0,0.022862849099931543,,,,,,,
contribution,o2o,uncapped,full,SOXS,2012.0,0.006195122473475429,,,,,,,
contribution,o2o,uncapped,full,SOXS,2013.0,-0.07499950373673604,,,,,,,
contribution,o2o,uncapped,full,SOXS,2014.0,0.0032911337176190773,,,,,,,
contribution,o2o,uncapped,full,SOXS,2015.0,0.01774685917520984,,,,,,,
contribution,o2o,uncapped,full,SOXS,2016.0,-0.032333044512633954,,,,,,,
contribution,o2o,uncapped,full,SOXS,2017.0,-0.03496605363298593,,,,,,,
contribution,o2o,uncapped,full,SOXS,2018.0,0.04619321885300913,,,,,,,
contribution,o2o,uncapped,full,SOXS,2019.0,-0.039790850904710476,,,,,,,
contribution,o2o,uncapped,full,SOXS,2020.0,-0.03534816004010051,,,,,,,
contribution,o2o,uncapped,full,SOXS,2021.0,-0.041329100555934875,,,,,,,
concentration,o2o,uncapped,full,SOXS,,,-0.1804791653553468,2013.0,0.2010400469222401,7.0,15.0,,
contribution,o2o,uncapped,full,SPXL,2007.0,0.0,,,,,,,
contribution,o2o,uncapped,full,SPXL,2008.0,0.0,,,,,,,
contribution,o2o,uncapped,full,SPXL,2009.0,0.08161101477539175,,,,,,,
contribution,o2o,uncapped,full,SPXL,2010.0,0.0,,,,,,,
contribution,o2o,uncapped,full,SPXL,2011.0,-0.06639143635769362,,,,,,,
contribution,o2o,uncapped,full,SPXL,2012.0,0.013302035733692619,,,,,,,
contribution,o2o,uncapped,full,SPXL,2013.0,0.0,,,,,,,
contribution,o2o,uncapped,full,SPXL,2014.0,0.0,,,,,,,
contribution,o2o,uncapped,full,SPXL,2015.0,0.0,,,,,,,
contribution,o2o,uncapped,full,SPXL,2016.0,0.03194206505215533,,,,,,,
contribution,o2o,uncapped,full,SPXL,2017.0,0.0,,,,,,,
contribution,o2o,uncapped,full,SPXL,2018.0,0.055281430201373105,,,,,,,
contribution,o2o,uncapped,full,SPXL,2019.0,0.0,,,,,,,
contribution,o2o,uncapped,full,SPXL,2020.0,-0.1364437246857341,,,,,,,
contribution,o2o,uncapped,full,SPXL,2021.0,0.0,,,,,,,
concentration,o2o,uncapped,full,SPXL,,,-0.02069861528081495,2020.0,0.354425331195776,4.0,15.0,,
contribution,o2o,uncapped,full,LABU,2007.0,0.0,,,,,,,
contribution,o2o,uncapped,full,LABU,2008.0,0.0,,,,,,,
contribution,o2o,uncapped,full,LABU,2009.0,0.0,,,,,,,
contribution,o2o,uncapped,full,LABU,2010.0,0.0,,,,,,,
contribution,o2o,uncapped,full,LABU,2011.0,0.0,,,,,,,
contribution,o2o,uncapped,full,LABU,2012.0,0.0,,,,,,,
contribution,o2o,uncapped,full,LABU,2013.0,0.0,,,,,,,
contribution,o2o,uncapped,full,LABU,2014.0,0.0,,,,,,,
contribution,o2o,uncapped,full,LABU,2015.0,-0.029155323181634715,,,,,,,
contribution,o2o,uncapped,full,LABU,2016.0,-0.09922543353317685,,,,,,,
contribution,o2o,uncapped,full,LABU,2017.0,0.0,,,,,,,
contribution,o2o,uncapped,full,LABU,2018.0,-0.03235384696771584,,,,,,,
contribution,o2o,uncapped,full,LABU,2019.0,0.010891580758742764,,,,,,,
contribution,o2o,uncapped,full,LABU,2020.0,0.0229081587166732,,,,,,,
contribution,o2o,uncapped,full,LABU,2021.0,0.0,,,,,,,
concentration,o2o,uncapped,full,LABU,,,-0.12693486420711145,2016.0,0.5100664074138068,3.0,15.0,,
contribution,o2o,uncapped,full,SQQQ,2007.0,0.0,,,,,,,
contribution,o2o,uncapped,full,SQQQ,2008.0,0.0,,,,,,,
contribution,o2o,uncapped,full,SQQQ,2009.0,0.0,,,,,,,
contribution,o2o,uncapped,full,SQQQ,2010.0,-0.06543487899169181,,,,,,,
contribution,o2o,uncapped,full,SQQQ,2011.0,-0.037851229697905525,,,,,,,
contribution,o2o,uncapped,full,SQQQ,2012.0,0.06407632571679062,,,,,,,
contribution,o2o,uncapped,full,SQQQ,2013.0,-0.15770594576094382,,,,,,,
contribution,o2o,uncapped,full,SQQQ,2014.0,-0.011901220087241267,,,,,,,
contribution,o2o,uncapped,full,SQQQ,2015.0,0.03374482729901904,,,,,,,
contribution,o2o,uncapped,full,SQQQ,2016.0,0.03743799058551994,,,,,,,
contribution,o2o,uncapped,full,SQQQ,2017.0,-0.0589871324594553,,,,,,,
contribution,o2o,uncapped,full,SQQQ,2018.0,0.11153646995022243,,,,,,,
contribution,o2o,uncapped,full,SQQQ,2019.0,-0.07305260948987424,,,,,,,
contribution,o2o,uncapped,full,SQQQ,2020.0,-0.253006549516808,,,,,,,
contribution,o2o,uncapped,full,SQQQ,2021.0,-0.06441879999889191,,,,,,,
concentration,o2o,uncapped,full,SQQQ,,,-0.4755627524512598,2020.0,0.26105918652177995,7.0,15.0,,
contribution,o2o,uncapped,full,TQQQ,2007.0,0.0,,,,,,,
contribution,o2o,uncapped,full,TQQQ,2008.0,0.0,,,,,,,
contribution,o2o,uncapped,full,TQQQ,2009.0,0.0,,,,,,,
contribution,o2o,uncapped,full,TQQQ,2010.0,0.15579985771200502,,,,,,,
contribution,o2o,uncapped,full,TQQQ,2011.0,-0.06291221487623655,,,,,,,
contribution,o2o,uncapped,full,TQQQ,2012.0,0.13606326818933587,,,,,,,
contribution,o2o,uncapped,full,TQQQ,2013.0,0.4057830747377312,,,,,,,
contribution,o2o,uncapped,full,TQQQ,2014.0,0.2381275542626592,,,,,,,
contribution,o2o,uncapped,full,TQQQ,2015.0,0.15965924479230495,,,,,,,
contribution,o2o,uncapped,full,TQQQ,2016.0,0.16106230702605126,,,,,,,
contribution,o2o,uncapped,full,TQQQ,2017.0,0.3574485405171099,,,,,,,
contribution,o2o,uncapped,full,TQQQ,2018.0,0.07424016738560177,,,,,,,
contribution,o2o,uncapped,full,TQQQ,2019.0,0.2779999151436741,,,,,,,
contribution,o2o,uncapped,full,TQQQ,2020.0,0.5333645365254335,,,,,,,
contribution,o2o,uncapped,full,TQQQ,2021.0,0.1594929130590631,,,,,,,
concentration,o2o,uncapped,full,TQQQ,,,2.5961291644747333,2020.0,0.1959491659433899,8.0,15.0,,
contribution,o2o,uncapped,full,QLD,2007.0,0.0,,,,,,,
contribution,o2o,uncapped,full,QLD,2008.0,-0.07737762208438946,,,,,,,
contribution,o2o,uncapped,full,QLD,2009.0,0.0030058924170581866,,,,,,,
contribution,o2o,uncapped,full,QLD,2010.0,0.0,,,,,,,
contribution,o2o,uncapped,full,QLD,2011.0,0.0,,,,,,,
contribution,o2o,uncapped,full,QLD,2012.0,0.0,,,,,,,
contribution,o2o,uncapped,full,QLD,2013.0,0.0,,,,,,,
contribution,o2o,uncapped,full,QLD,2014.0,0.0,,,,,,,
contribution,o2o,uncapped,full,QLD,2015.0,0.0,,,,,,,
contribution,o2o,uncapped,full,QLD,2016.0,0.0,,,,,,,
contribution,o2o,uncapped,full,QLD,2017.0,0.0,,,,,,,
contribution,o2o,uncapped,full,QLD,2018.0,0.006694325723763422,,,,,,,
contribution,o2o,uncapped,full,QLD,2019.0,0.003895140575322973,,,,,,,
contribution,o2o,uncapped,full,QLD,2020.0,0.02764319775817823,,,,,,,
contribution,o2o,uncapped,full,QLD,2021.0,0.0,,,,,,,
concentration,o2o,uncapped,full,QLD,,,-0.03613906561006665,2008.0,0.6523361570452998,2.0,15.0,,
contribution,o2o,uncapped,full,PSQ,2007.0,-0.005773378950576711,,,,,,,
contribution,o2o,uncapped,full,PSQ,2008.0,0.03089037471956349,,,,,,,
contribution,o2o,uncapped,full,PSQ,2009.0,-0.011573839648917167,,,,,,,
contribution,o2o,uncapped,full,PSQ,2010.0,-0.027762271188174575,,,,,,,
contribution,o2o,uncapped,full,PSQ,2011.0,-0.018723173443553388,,,,,,,
contribution,o2o,uncapped,full,PSQ,2012.0,0.0,,,,,,,
contribution,o2o,uncapped,full,PSQ,2013.0,0.0,,,,,,,
contribution,o2o,uncapped,full,PSQ,2014.0,0.0010366269408389065,,,,,,,
contribution,o2o,uncapped,full,PSQ,2015.0,0.006200956554678972,,,,,,,
contribution,o2o,uncapped,full,PSQ,2016.0,-0.004745957743506762,,,,,,,
contribution,o2o,uncapped,full,PSQ,2017.0,0.0,,,,,,,
contribution,o2o,uncapped,full,PSQ,2018.0,-0.0004187021793130106,,,,,,,
contribution,o2o,uncapped,full,PSQ,2019.0,-0.0013122852721479067,,,,,,,
contribution,o2o,uncapped,full,PSQ,2020.0,0.00843770224632362,,,,,,,
contribution,o2o,uncapped,full,PSQ,2021.0,0.0,,,,,,,
concentration,o2o,uncapped,full,PSQ,,,-0.023743947964784528,2008.0,0.2643020633327696,5.0,15.0,,
contribution,o2o,uncapped,full,QQQ,2007.0,0.00419246443972484,,,,,,,
contribution,o2o,uncapped,full,QQQ,2008.0,-0.00820281622500876,,,,,,,
contribution,o2o,uncapped,full,QQQ,2009.0,0.007014485086685946,,,,,,,
contribution,o2o,uncapped,full,QQQ,2010.0,0.01539263658164913,,,,,,,
contribution,o2o,uncapped,full,QQQ,2011.0,0.008186257051869846,,,,,,,
contribution,o2o,uncapped,full,QQQ,2012.0,0.0,,,,,,,
contribution,o2o,uncapped,full,QQQ,2013.0,0.0,,,,,,,
contribution,o2o,uncapped,full,QQQ,2014.0,-0.0007453928372642971,,,,,,,
contribution,o2o,uncapped,full,QQQ,2015.0,0.0025668840313584594,,,,,,,
contribution,o2o,uncapped,full,QQQ,2016.0,0.00434052321171758,,,,,,,
contribution,o2o,uncapped,full,QQQ,2017.0,0.0,,,,,,,
contribution,o2o,uncapped,full,QQQ,2018.0,-0.003087069539461157,,,,,,,
contribution,o2o,uncapped,full,QQQ,2019.0,0.014328111732785668,,,,,,,
contribution,o2o,uncapped,full,QQQ,2020.0,0.01486820240260232,,,,,,,
contribution,o2o,uncapped,full,QQQ,2021.0,0.0,,,,,,,
concentration,o2o,uncapped,full,QQQ,,,0.058854285936659576,2010.0,0.1856215338947142,6.0,15.0,,
contribution,o2o,uncapped,full,TLT,2007.0,0.00419711478102203,,,,,,,
contribution,o2o,uncapped,full,TLT,2008.0,0.02555953418476735,,,,,,,
contribution,o2o,uncapped,full,TLT,2009.0,-0.012285884545348565,,,,,,,
contribution,o2o,uncapped,full,TLT,2010.0,-0.0018513688326724168,,,,,,,
contribution,o2o,uncapped,full,TLT,2011.0,0.0022087352631757645,,,,,,,
contribution,o2o,uncapped,full,TLT,2012.0,0.010673924524561732,,,,,,,
contribution,o2o,uncapped,full,TLT,2013.0,-0.006187568102400899,,,,,,,
contribution,o2o,uncapped,full,TLT,2014.0,0.006495062362945923,,,,,,,
contribution,o2o,uncapped,full,TLT,2015.0,0.010152908715533895,,,,,,,
contribution,o2o,uncapped,full,TLT,2016.0,-0.004820469853003625,,,,,,,
contribution,o2o,uncapped,full,TLT,2017.0,0.0006820552609556334,,,,,,,
contribution,o2o,uncapped,full,TLT,2018.0,0.0044028465944587975,,,,,,,
contribution,o2o,uncapped,full,TLT,2019.0,0.007280031571050724,,,,,,,
contribution,o2o,uncapped,full,TLT,2020.0,-0.009518678118356822,,,,,,,
contribution,o2o,uncapped,full,TLT,2021.0,-0.0013796628836896582,,,,,,,
concentration,o2o,uncapped,full,TLT,,,0.03560858092299986,2008.0,0.23733073493973905,8.0,15.0,,
contribution,o2o,uncapped,full,BIL,2007.0,0.0,,,,,,,
contribution,o2o,uncapped,full,BIL,2008.0,0.0,,,,,,,
contribution,o2o,uncapped,full,BIL,2009.0,3.9976325181469694e-05,,,,,,,
contribution,o2o,uncapped,full,BIL,2010.0,1.9259840080437485e-05,,,,,,,
contribution,o2o,uncapped,full,BIL,2011.0,1.864628023197078e-05,,,,,,,
contribution,o2o,uncapped,full,BIL,2012.0,8.153178429591378e-05,,,,,,,
contribution,o2o,uncapped,full,BIL,2013.0,2.0011104053427606e-05,,,,,,,
contribution,o2o,uncapped,full,BIL,2014.0,-7.195718468159521e-05,,,,,,,
contribution,o2o,uncapped,full,BIL,2015.0,-7.337129182416607e-05,,,,,,,
contribution,o2o,uncapped,full,BIL,2016.0,8.935265863026656e-05,,,,,,,
contribution,o2o,uncapped,full,BIL,2017.0,0.00035419903151785704,,,,,,,
contribution,o2o,uncapped,full,BIL,2018.0,0.00012910719401357923,,,,,,,
contribution,o2o,uncapped,full,BIL,2019.0,0.000359970045392531,,,,,,,
contribution,o2o,uncapped,full,BIL,2020.0,0.0001436024169768921,,,,,,,
contribution,o2o,uncapped,full,BIL,2021.0,-1.863590213715319e-05,,,,,,,
concentration,o2o,uncapped,full,BIL,,,0.0010916923017314309,2019.0,0.25356769900393156,6.0,15.0,,
contribution,o2o,uncapped,full,BTAL,2007.0,0.0,,,,,,,
contribution,o2o,uncapped,full,BTAL,2008.0,0.0,,,,,,,
contribution,o2o,uncapped,full,BTAL,2009.0,0.0,,,,,,,
contribution,o2o,uncapped,full,BTAL,2010.0,0.0,,,,,,,
contribution,o2o,uncapped,full,BTAL,2011.0,0.0,,,,,,,
contribution,o2o,uncapped,full,BTAL,2012.0,3.325168384568644e-05,,,,,,,
contribution,o2o,uncapped,full,BTAL,2013.0,-0.004365438333493413,,,,,,,
contribution,o2o,uncapped,full,BTAL,2014.0,0.00031364762869914387,,,,,,,
contribution,o2o,uncapped,full,BTAL,2015.0,-0.004005198960539307,,,,,,,
contribution,o2o,uncapped,full,BTAL,2016.0,-0.004719260660572058,,,,,,,
contribution,o2o,uncapped,full,BTAL,2017.0,0.003180940145454844,,,,,,,
contribution,o2o,uncapped,full,BTAL,2018.0,-0.0015400018356205194,,,,,,,
contribution,o2o,uncapped,full,BTAL,2019.0,0.004767026225386879,,,,,,,
contribution,o2o,uncapped,full,BTAL,2020.0,0.013799122857448547,,,,,,,
contribution,o2o,uncapped,full,BTAL,2021.0,0.008233475400109035,,,,,,,
concentration,o2o,uncapped,full,BTAL,,,0.015697564150718837,2020.0,0.3069379899578379,6.0,15.0,,
contribution,o2o,uncapped,full,BSV,2007.0,0.0,,,,,,,
contribution,o2o,uncapped,full,BSV,2008.0,0.0,,,,,,,
contribution,o2o,uncapped,full,BSV,2009.0,0.0,,,,,,,
contribution,o2o,uncapped,full,BSV,2010.0,0.00156220530158707,,,,,,,
contribution,o2o,uncapped,full,BSV,2011.0,-0.0015530212706055314,,,,,,,
contribution,o2o,uncapped,full,BSV,2012.0,-0.0001849829875974842,,,,,,,
contribution,o2o,uncapped,full,BSV,2013.0,0.0,,,,,,,
contribution,o2o,uncapped,full,BSV,2014.0,0.0,,,,,,,
contribution,o2o,uncapped,full,BSV,2015.0,-6.458437450520924e-05,,,,,,,
contribution,o2o,uncapped,full,BSV,2016.0,0.0009782360168545236,,,,,,,
contribution,o2o,uncapped,full,BSV,2017.0,0.0,,,,,,,
contribution,o2o,uncapped,full,BSV,2018.0,0.002023501068168738,,,,,,,
contribution,o2o,uncapped,full,BSV,2019.0,0.0009164455784113514,,,,,,,
contribution,o2o,uncapped,full,BSV,2020.0,-9.667338253229208e-05,,,,,,,
contribution,o2o,uncapped,full,BSV,2021.0,0.0,,,,,,,
concentration,o2o,uncapped,full,BSV,,,0.003581125949781166,2018.0,0.27420014141332527,4.0,15.0,,
contribution,o2o,uncapped,primary,UVXY,2011.0,0.0,,,,,,,
contribution,o2o,uncapped,primary,UVXY,2012.0,-0.021112371858812467,,,,,,,
contribution,o2o,uncapped,primary,UVXY,2013.0,0.20823975773536624,,,,,,,
contribution,o2o,uncapped,primary,UVXY,2014.0,0.20341208056230584,,,,,,,
contribution,o2o,uncapped,primary,UVXY,2015.0,0.07785934185023312,,,,,,,
contribution,o2o,uncapped,primary,UVXY,2016.0,-0.01892485159337723,,,,,,,
contribution,o2o,uncapped,primary,UVXY,2017.0,-0.138901243682592,,,,,,,
contribution,o2o,uncapped,primary,UVXY,2018.0,0.4098668048318257,,,,,,,
contribution,o2o,uncapped,primary,UVXY,2019.0,0.2523587729873268,,,,,,,
contribution,o2o,uncapped,primary,UVXY,2020.0,0.9334073870816206,,,,,,,
contribution,o2o,uncapped,primary,UVXY,2021.0,0.15826374929638146,,,,,,,
concentration,o2o,uncapped,primary,UVXY,,,2.0644694272102786,2020.0,0.3853319252459794,5.0,11.0,,
contribution,o2o,uncapped,primary,SVXY,2011.0,-0.007521363955832396,,,,,,,
contribution,o2o,uncapped,primary,SVXY,2012.0,0.09207103213587178,,,,,,,
contribution,o2o,uncapped,primary,SVXY,2013.0,0.03381227958819878,,,,,,,
contribution,o2o,uncapped,primary,SVXY,2014.0,0.0537419405387378,,,,,,,
contribution,o2o,uncapped,primary,SVXY,2015.0,0.02363781513501216,,,,,,,
contribution,o2o,uncapped,primary,SVXY,2016.0,0.0186585414277261,,,,,,,
contribution,o2o,uncapped,primary,SVXY,2017.0,0.03688871637028882,,,,,,,
contribution,o2o,uncapped,primary,SVXY,2018.0,0.0018222281913647007,,,,,,,
contribution,o2o,uncapped,primary,SVXY,2019.0,0.03167273404280356,,,,,,,
contribution,o2o,uncapped,primary,SVXY,2020.0,0.007521819697516856,,,,,,,
contribution,o2o,uncapped,primary,SVXY,2021.0,0.012813073799761534,,,,,,,
concentration,o2o,uncapped,primary,SVXY,,,0.3051188169714497,2012.0,0.28757679867357383,6.0,11.0,,
contribution,o2o,uncapped,primary,TECL,2011.0,-0.018783657044565714,,,,,,,
contribution,o2o,uncapped,primary,TECL,2012.0,0.08486697928579595,,,,,,,
contribution,o2o,uncapped,primary,TECL,2013.0,0.05611054016636588,,,,,,,
contribution,o2o,uncapped,primary,TECL,2014.0,0.11373190303393094,,,,,,,
contribution,o2o,uncapped,primary,TECL,2015.0,0.15795837109926034,,,,,,,
contribution,o2o,uncapped,primary,TECL,2016.0,0.03384418824679064,,,,,,,
contribution,o2o,uncapped,primary,TECL,2017.0,0.07319187229597611,,,,,,,
contribution,o2o,uncapped,primary,TECL,2018.0,0.0657460513831828,,,,,,,
contribution,o2o,uncapped,primary,TECL,2019.0,0.12471806671785188,,,,,,,
contribution,o2o,uncapped,primary,TECL,2020.0,0.007726167922447053,,,,,,,
contribution,o2o,uncapped,primary,TECL,2021.0,0.061168634270876356,,,,,,,
concentration,o2o,uncapped,primary,TECL,,,0.7602791173779122,2015.0,0.19798092072532514,7.0,11.0,,
contribution,o2o,uncapped,primary,TECS,2011.0,-0.0013640912920294002,,,,,,,
contribution,o2o,uncapped,primary,TECS,2012.0,0.014554668521694458,,,,,,,
contribution,o2o,uncapped,primary,TECS,2013.0,-0.052071267574542876,,,,,,,
contribution,o2o,uncapped,primary,TECS,2014.0,-0.008454741063766546,,,,,,,
contribution,o2o,uncapped,primary,TECS,2015.0,0.007675925843159963,,,,,,,
contribution,o2o,uncapped,primary,TECS,2016.0,-0.020482847266886435,,,,,,,
contribution,o2o,uncapped,primary,TECS,2017.0,-0.02355901876906096,,,,,,,
contribution,o2o,uncapped,primary,TECS,2018.0,0.029612398227008042,,,,,,,
contribution,o2o,uncapped,primary,TECS,2019.0,-0.028773529246940984,,,,,,,
contribution,o2o,uncapped,primary,TECS,2020.0,-0.03649652530310393,,,,,,,
contribution,o2o,uncapped,primary,TECS,2021.0,-0.013962359975952679,,,,,,,
concentration,o2o,uncapped,primary,TECS,,,-0.13332138790042136,2013.0,0.2197031547877444,6.0,11.0,,
contribution,o2o,uncapped,primary,SOXL,2011.0,-0.03977362564589711,,,,,,,
contribution,o2o,uncapped,primary,SOXL,2012.0,0.11110046034939827,,,,,,,
contribution,o2o,uncapped,primary,SOXL,2013.0,0.25304606494752596,,,,,,,
contribution,o2o,uncapped,primary,SOXL,2014.0,0.17576363696039377,,,,,,,
contribution,o2o,uncapped,primary,SOXL,2015.0,-0.07219147222866604,,,,,,,
contribution,o2o,uncapped,primary,SOXL,2016.0,0.19352145797703652,,,,,,,
contribution,o2o,uncapped,primary,SOXL,2017.0,0.21954382753995813,,,,,,,
contribution,o2o,uncapped,primary,SOXL,2018.0,0.179859928391843,,,,,,,
contribution,o2o,uncapped,primary,SOXL,2019.0,0.2111554466335306,,,,,,,
contribution,o2o,uncapped,primary,SOXL,2020.0,0.31686848351510033,,,,,,,
contribution,o2o,uncapped,primary,SOXL,2021.0,0.15940394298874316,,,,,,,
concentration,o2o,uncapped,primary,SOXL,,,1.7082981514289668,2020.0,0.16399121976337233,7.0,11.0,,
contribution,o2o,uncapped,primary,SOXS,2011.0,0.0012148018314868778,,,,,,,
contribution,o2o,uncapped,primary,SOXS,2012.0,0.006195122473475429,,,,,,,
contribution,o2o,uncapped,primary,SOXS,2013.0,-0.07499950373673604,,,,,,,
contribution,o2o,uncapped,primary,SOXS,2014.0,0.0032911337176190773,,,,,,,
contribution,o2o,uncapped,primary,SOXS,2015.0,0.01774685917520984,,,,,,,
contribution,o2o,uncapped,primary,SOXS,2016.0,-0.032333044512633954,,,,,,,
contribution,o2o,uncapped,primary,SOXS,2017.0,-0.03496605363298593,,,,,,,
contribution,o2o,uncapped,primary,SOXS,2018.0,0.04619321885300913,,,,,,,
contribution,o2o,uncapped,primary,SOXS,2019.0,-0.039790850904710476,,,,,,,
contribution,o2o,uncapped,primary,SOXS,2020.0,-0.03534816004010051,,,,,,,
contribution,o2o,uncapped,primary,SOXS,2021.0,-0.041329100555934875,,,,,,,
concentration,o2o,uncapped,primary,SOXS,,,-0.18412557733230145,2013.0,0.22494822441666792,6.0,11.0,,
contribution,o2o,uncapped,primary,SPXL,2011.0,0.0,,,,,,,
contribution,o2o,uncapped,primary,SPXL,2012.0,0.013302035733692619,,,,,,,
contribution,o2o,uncapped,primary,SPXL,2013.0,0.0,,,,,,,
contribution,o2o,uncapped,primary,SPXL,2014.0,0.0,,,,,,,
contribution,o2o,uncapped,primary,SPXL,2015.0,0.0,,,,,,,
contribution,o2o,uncapped,primary,SPXL,2016.0,0.03194206505215533,,,,,,,
contribution,o2o,uncapped,primary,SPXL,2017.0,0.0,,,,,,,
contribution,o2o,uncapped,primary,SPXL,2018.0,0.055281430201373105,,,,,,,
contribution,o2o,uncapped,primary,SPXL,2019.0,0.0,,,,,,,
contribution,o2o,uncapped,primary,SPXL,2020.0,-0.1364437246857341,,,,,,,
contribution,o2o,uncapped,primary,SPXL,2021.0,0.0,,,,,,,
concentration,o2o,uncapped,primary,SPXL,,,-0.03591819369851304,2020.0,0.5757866112135751,2.0,11.0,,
contribution,o2o,uncapped,primary,LABU,2011.0,0.0,,,,,,,
contribution,o2o,uncapped,primary,LABU,2012.0,0.0,,,,,,,
contribution,o2o,uncapped,primary,LABU,2013.0,0.0,,,,,,,
contribution,o2o,uncapped,primary,LABU,2014.0,0.0,,,,,,,
contribution,o2o,uncapped,primary,LABU,2015.0,-0.029155323181634715,,,,,,,
contribution,o2o,uncapped,primary,LABU,2016.0,-0.09922543353317685,,,,,,,
contribution,o2o,uncapped,primary,LABU,2017.0,0.0,,,,,,,
contribution,o2o,uncapped,primary,LABU,2018.0,-0.03235384696771584,,,,,,,
contribution,o2o,uncapped,primary,LABU,2019.0,0.010891580758742764,,,,,,,
contribution,o2o,uncapped,primary,LABU,2020.0,0.0229081587166732,,,,,,,
contribution,o2o,uncapped,primary,LABU,2021.0,0.0,,,,,,,
concentration,o2o,uncapped,primary,LABU,,,-0.12693486420711145,2016.0,0.5100664074138068,3.0,11.0,,
contribution,o2o,uncapped,primary,SQQQ,2011.0,-0.09296757609752627,,,,,,,
contribution,o2o,uncapped,primary,SQQQ,2012.0,0.06407632571679062,,,,,,,
contribution,o2o,uncapped,primary,SQQQ,2013.0,-0.15770594576094382,,,,,,,
contribution,o2o,uncapped,primary,SQQQ,2014.0,-0.011901220087241267,,,,,,,
contribution,o2o,uncapped,primary,SQQQ,2015.0,0.03374482729901904,,,,,,,
contribution,o2o,uncapped,primary,SQQQ,2016.0,0.03743799058551994,,,,,,,
contribution,o2o,uncapped,primary,SQQQ,2017.0,-0.0589871324594553,,,,,,,
contribution,o2o,uncapped,primary,SQQQ,2018.0,0.11153646995022243,,,,,,,
contribution,o2o,uncapped,primary,SQQQ,2019.0,-0.07305260948987424,,,,,,,
contribution,o2o,uncapped,primary,SQQQ,2020.0,-0.253006549516808,,,,,,,
contribution,o2o,uncapped,primary,SQQQ,2021.0,-0.06441879999889191,,,,,,,
concentration,o2o,uncapped,primary,SQQQ,,,-0.4652442198591889,2020.0,0.26386858174503613,7.0,11.0,,
contribution,o2o,uncapped,primary,TQQQ,2011.0,-0.05196329360075286,,,,,,,
contribution,o2o,uncapped,primary,TQQQ,2012.0,0.13606326818933587,,,,,,,
contribution,o2o,uncapped,primary,TQQQ,2013.0,0.4057830747377312,,,,,,,
contribution,o2o,uncapped,primary,TQQQ,2014.0,0.2381275542626592,,,,,,,
contribution,o2o,uncapped,primary,TQQQ,2015.0,0.15965924479230495,,,,,,,
contribution,o2o,uncapped,primary,TQQQ,2016.0,0.16106230702605126,,,,,,,
contribution,o2o,uncapped,primary,TQQQ,2017.0,0.3574485405171099,,,,,,,
contribution,o2o,uncapped,primary,TQQQ,2018.0,0.07424016738560177,,,,,,,
contribution,o2o,uncapped,primary,TQQQ,2019.0,0.2779999151436741,,,,,,,
contribution,o2o,uncapped,primary,TQQQ,2020.0,0.5333645365254335,,,,,,,
contribution,o2o,uncapped,primary,TQQQ,2021.0,0.1594929130590631,,,,,,,
concentration,o2o,uncapped,primary,TQQQ,,,2.4512782280382117,2020.0,0.20873651041370458,7.0,11.0,,
contribution,o2o,uncapped,primary,QLD,2011.0,0.0,,,,,,,
contribution,o2o,uncapped,primary,QLD,2012.0,0.0,,,,,,,
contribution,o2o,uncapped,primary,QLD,2013.0,0.0,,,,,,,
contribution,o2o,uncapped,primary,QLD,2014.0,0.0,,,,,,,
contribution,o2o,uncapped,primary,QLD,2015.0,0.0,,,,,,,
contribution,o2o,uncapped,primary,QLD,2016.0,0.0,,,,,,,
contribution,o2o,uncapped,primary,QLD,2017.0,0.0,,,,,,,
contribution,o2o,uncapped,primary,QLD,2018.0,0.006694325723763422,,,,,,,
contribution,o2o,uncapped,primary,QLD,2019.0,0.003895140575322973,,,,,,,
contribution,o2o,uncapped,primary,QLD,2020.0,0.02764319775817823,,,,,,,
contribution,o2o,uncapped,primary,QLD,2021.0,0.0,,,,,,,
concentration,o2o,uncapped,primary,QLD,,,0.03823266405726462,2020.0,0.7230256755525704,2.0,11.0,,
contribution,o2o,uncapped,primary,PSQ,2011.0,-0.01635256220269096,,,,,,,
contribution,o2o,uncapped,primary,PSQ,2012.0,0.0,,,,,,,
contribution,o2o,uncapped,primary,PSQ,2013.0,0.0,,,,,,,
contribution,o2o,uncapped,primary,PSQ,2014.0,0.0010366269408389065,,,,,,,
contribution,o2o,uncapped,primary,PSQ,2015.0,0.006200956554678972,,,,,,,
contribution,o2o,uncapped,primary,PSQ,2016.0,-0.004745957743506762,,,,,,,
contribution,o2o,uncapped,primary,PSQ,2017.0,0.0,,,,,,,
contribution,o2o,uncapped,primary,PSQ,2018.0,-0.0004187021793130106,,,,,,,
contribution,o2o,uncapped,primary,PSQ,2019.0,-0.0013122852721479067,,,,,,,
contribution,o2o,uncapped,primary,PSQ,2020.0,0.00843770224632362,,,,,,,
contribution,o2o,uncapped,primary,PSQ,2021.0,0.0,,,,,,,
concentration,o2o,uncapped,primary,PSQ,,,-0.007154221655817139,2011.0,0.4246890028326288,3.0,11.0,,
contribution,o2o,uncapped,primary,QQQ,2011.0,0.011498283028701968,,,,,,,
contribution,o2o,uncapped,primary,QQQ,2012.0,0.0,,,,,,,
contribution,o2o,uncapped,primary,QQQ,2013.0,0.0,,,,,,,
contribution,o2o,uncapped,primary,QQQ,2014.0,-0.0007453928372642971,,,,,,,
contribution,o2o,uncapped,primary,QQQ,2015.0,0.0025668840313584594,,,,,,,
contribution,o2o,uncapped,primary,QQQ,2016.0,0.00434052321171758,,,,,,,
contribution,o2o,uncapped,primary,QQQ,2017.0,0.0,,,,,,,
contribution,o2o,uncapped,primary,QQQ,2018.0,-0.003087069539461157,,,,,,,
contribution,o2o,uncapped,primary,QQQ,2019.0,0.014328111732785668,,,,,,,
contribution,o2o,uncapped,primary,QQQ,2020.0,0.01486820240260232,,,,,,,
contribution,o2o,uncapped,primary,QQQ,2021.0,0.0,,,,,,,
concentration,o2o,uncapped,primary,QQQ,,,0.04376954203044055,2020.0,0.2890707988686456,4.0,11.0,,
contribution,o2o,uncapped,primary,TLT,2011.0,-0.009173194014475318,,,,,,,
contribution,o2o,uncapped,primary,TLT,2012.0,0.010673924524561732,,,,,,,
contribution,o2o,uncapped,primary,TLT,2013.0,-0.006187568102400899,,,,,,,
contribution,o2o,uncapped,primary,TLT,2014.0,0.006495062362945923,,,,,,,
contribution,o2o,uncapped,primary,TLT,2015.0,0.010152908715533895,,,,,,,
contribution,o2o,uncapped,primary,TLT,2016.0,-0.004820469853003625,,,,,,,
contribution,o2o,uncapped,primary,TLT,2017.0,0.0006820552609556334,,,,,,,
contribution,o2o,uncapped,primary,TLT,2018.0,0.0044028465944587975,,,,,,,
contribution,o2o,uncapped,primary,TLT,2019.0,0.007280031571050724,,,,,,,
contribution,o2o,uncapped,primary,TLT,2020.0,-0.009518678118356822,,,,,,,
contribution,o2o,uncapped,primary,TLT,2021.0,-0.0013796628836896582,,,,,,,
concentration,o2o,uncapped,primary,TLT,,,0.008607256057580382,2012.0,0.15083322343201205,7.0,11.0,,
contribution,o2o,uncapped,primary,BIL,2011.0,0.0,,,,,,,
contribution,o2o,uncapped,primary,BIL,2012.0,8.153178429591378e-05,,,,,,,
contribution,o2o,uncapped,primary,BIL,2013.0,2.0011104053427606e-05,,,,,,,
contribution,o2o,uncapped,primary,BIL,2014.0,-7.195718468159521e-05,,,,,,,
contribution,o2o,uncapped,primary,BIL,2015.0,-7.337129182416607e-05,,,,,,,
contribution,o2o,uncapped,primary,BIL,2016.0,8.935265863026656e-05,,,,,,,
contribution,o2o,uncapped,primary,BIL,2017.0,0.00035419903151785704,,,,,,,
contribution,o2o,uncapped,primary,BIL,2018.0,0.00012910719401357923,,,,,,,
contribution,o2o,uncapped,primary,BIL,2019.0,0.000359970045392531,,,,,,,
contribution,o2o,uncapped,primary,BIL,2020.0,0.0001436024169768921,,,,,,,
contribution,o2o,uncapped,primary,BIL,2021.0,-1.863590213715319e-05,,,,,,,
concentration,o2o,uncapped,primary,BIL,,,0.0010138098562375527,2019.0,0.2682862681034841,5.0,11.0,,
contribution,o2o,uncapped,primary,BTAL,2011.0,0.0,,,,,,,
contribution,o2o,uncapped,primary,BTAL,2012.0,3.325168384568644e-05,,,,,,,
contribution,o2o,uncapped,primary,BTAL,2013.0,-0.004365438333493413,,,,,,,
contribution,o2o,uncapped,primary,BTAL,2014.0,0.00031364762869914387,,,,,,,
contribution,o2o,uncapped,primary,BTAL,2015.0,-0.004005198960539307,,,,,,,
contribution,o2o,uncapped,primary,BTAL,2016.0,-0.004719260660572058,,,,,,,
contribution,o2o,uncapped,primary,BTAL,2017.0,0.003180940145454844,,,,,,,
contribution,o2o,uncapped,primary,BTAL,2018.0,-0.0015400018356205194,,,,,,,
contribution,o2o,uncapped,primary,BTAL,2019.0,0.004767026225386879,,,,,,,
contribution,o2o,uncapped,primary,BTAL,2020.0,0.013799122857448547,,,,,,,
contribution,o2o,uncapped,primary,BTAL,2021.0,0.008233475400109035,,,,,,,
concentration,o2o,uncapped,primary,BTAL,,,0.015697564150718844,2020.0,0.3069379899578379,6.0,11.0,,
contribution,o2o,uncapped,primary,BSV,2011.0,0.00012800840343319756,,,,,,,
contribution,o2o,uncapped,primary,BSV,2012.0,-0.0001849829875974842,,,,,,,
contribution,o2o,uncapped,primary,BSV,2013.0,0.0,,,,,,,
contribution,o2o,uncapped,primary,BSV,2014.0,0.0,,,,,,,
contribution,o2o,uncapped,primary,BSV,2015.0,-6.458437450520924e-05,,,,,,,
contribution,o2o,uncapped,primary,BSV,2016.0,0.0009782360168545236,,,,,,,
contribution,o2o,uncapped,primary,BSV,2017.0,0.0,,,,,,,
contribution,o2o,uncapped,primary,BSV,2018.0,0.002023501068168738,,,,,,,
contribution,o2o,uncapped,primary,BSV,2019.0,0.0009164455784113514,,,,,,,
contribution,o2o,uncapped,primary,BSV,2020.0,-9.667338253229208e-05,,,,,,,
contribution,o2o,uncapped,primary,BSV,2021.0,0.0,,,,,,,
concentration,o2o,uncapped,primary,BSV,,,0.0036999503222328247,2018.0,0.4606789940072926,3.0,11.0,,
contribution,o2o,uncapped,early,TECL,2007.0,0.0,,,,,,,
contribution,o2o,uncapped,early,TECL,2008.0,0.0,,,,,,,
contribution,o2o,uncapped,early,TECL,2009.0,0.125237910977017,,,,,,,
contribution,o2o,uncapped,early,TECL,2010.0,-0.07387505468755524,,,,,,,
contribution,o2o,uncapped,early,TECL,2011.0,0.12021478160913394,,,,,,,
concentration,o2o,uncapped,early,TECL,,,0.17157763789859568,2009.0,0.3921923855544928,3.0,5.0,,
contribution,o2o,uncapped,early,TECS,2007.0,0.0,,,,,,,
contribution,o2o,uncapped,early,TECS,2008.0,0.0,,,,,,,
contribution,o2o,uncapped,early,TECS,2009.0,-0.036652280695993855,,,,,,,
contribution,o2o,uncapped,early,TECS,2010.0,-0.012130377776066346,,,,,,,
contribution,o2o,uncapped,early,TECS,2011.0,0.01863743476341398,,,,,,,
concentration,o2o,uncapped,early,TECS,,,-0.030145223708646224,2009.0,0.5436403145866411,2.0,5.0,,
contribution,o2o,uncapped,early,SOXL,2007.0,0.0,,,,,,,
contribution,o2o,uncapped,early,SOXL,2008.0,0.0,,,,,,,
contribution,o2o,uncapped,early,SOXL,2009.0,0.0,,,,,,,
contribution,o2o,uncapped,early,SOXL,2010.0,-0.13455919379993309,,,,,,,
contribution,o2o,uncapped,early,SOXL,2011.0,-0.09114821013184628,,,,,,,
concentration,o2o,uncapped,early,SOXL,,,-0.22570740393177938,2010.0,0.5961665034285005,2.0,5.0,,
contribution,o2o,uncapped,early,SOXS,2007.0,0.0,,,,,,,
contribution,o2o,uncapped,early,SOXS,2008.0,0.0,,,,,,,
contribution,o2o,uncapped,early,SOXS,2009.0,0.0,,,,,,,
contribution,o2o,uncapped,early,SOXS,2010.0,-0.018001635291490032,,,,,,,
contribution,o2o,uncapped,early,SOXS,2011.0,0.021648047268444666,,,,,,,
concentration,o2o,uncapped,early,SOXS,,,0.003646411976954634,2011.0,0.5459828646981308,2.0,5.0,,
contribution,o2o,uncapped,early,SPXL,2007.0,0.0,,,,,,,
contribution,o2o,uncapped,early,SPXL,2008.0,0.0,,,,,,,
contribution,o2o,uncapped,early,SPXL,2009.0,0.08161101477539175,,,,,,,
contribution,o2o,uncapped,early,SPXL,2010.0,0.0,,,,,,,
contribution,o2o,uncapped,early,SPXL,2011.0,-0.06639143635769362,,,,,,,
concentration,o2o,uncapped,early,SPXL,,,0.01521957841769811,2009.0,0.5514166431068515,2.0,5.0,,
contribution,o2o,uncapped,early,SQQQ,2007.0,0.0,,,,,,,
contribution,o2o,uncapped,early,SQQQ,2008.0,0.0,,,,,,,
contribution,o2o,uncapped,early,SQQQ,2009.0,0.0,,,,,,,
contribution,o2o,uncapped,early,SQQQ,2010.0,-0.06543487899169181,,,,,,,
contribution,o2o,uncapped,early,SQQQ,2011.0,0.05511634639962075,,,,,,,
concentration,o2o,uncapped,early,SQQQ,,,-0.010318532592071085,2010.0,0.5427972945052065,2.0,5.0,,
contribution,o2o,uncapped,early,TQQQ,2007.0,0.0,,,,,,,
contribution,o2o,uncapped,early,TQQQ,2008.0,0.0,,,,,,,
contribution,o2o,uncapped,early,TQQQ,2009.0,0.0,,,,,,,
contribution,o2o,uncapped,early,TQQQ,2010.0,0.15579985771200502,,,,,,,
contribution,o2o,uncapped,early,TQQQ,2011.0,-0.010948921275483695,,,,,,,
concentration,o2o,uncapped,early,TQQQ,,,0.1448509364365213,2010.0,0.9343388218974293,1.0,5.0,,
contribution,o2o,uncapped,early,QLD,2007.0,0.0,,,,,,,
contribution,o2o,uncapped,early,QLD,2008.0,-0.07737762208438946,,,,,,,
contribution,o2o,uncapped,early,QLD,2009.0,0.0030058924170581866,,,,,,,
contribution,o2o,uncapped,early,QLD,2010.0,0.0,,,,,,,
contribution,o2o,uncapped,early,QLD,2011.0,0.0,,,,,,,
concentration,o2o,uncapped,early,QLD,,,-0.07437172966733127,2008.0,0.9626056109178449,1.0,5.0,,
contribution,o2o,uncapped,early,PSQ,2007.0,-0.005773378950576711,,,,,,,
contribution,o2o,uncapped,early,PSQ,2008.0,0.03089037471956349,,,,,,,
contribution,o2o,uncapped,early,PSQ,2009.0,-0.011573839648917167,,,,,,,
contribution,o2o,uncapped,early,PSQ,2010.0,-0.027762271188174575,,,,,,,
contribution,o2o,uncapped,early,PSQ,2011.0,-0.002370611240862429,,,,,,,
concentration,o2o,uncapped,early,PSQ,,,-0.016589726308967392,2008.0,0.3941583156755891,3.0,5.0,,
contribution,o2o,uncapped,early,QQQ,2007.0,0.00419246443972484,,,,,,,
contribution,o2o,uncapped,early,QQQ,2008.0,-0.00820281622500876,,,,,,,
contribution,o2o,uncapped,early,QQQ,2009.0,0.007014485086685946,,,,,,,
contribution,o2o,uncapped,early,QQQ,2010.0,0.01539263658164913,,,,,,,
contribution,o2o,uncapped,early,QQQ,2011.0,-0.003312025976832122,,,,,,,
concentration,o2o,uncapped,early,QQQ,,,0.015084743906219028,2010.0,0.4038532719550371,3.0,5.0,,
contribution,o2o,uncapped,early,TLT,2007.0,0.00419711478102203,,,,,,,
contribution,o2o,uncapped,early,TLT,2008.0,0.02555953418476735,,,,,,,
contribution,o2o,uncapped,early,TLT,2009.0,-0.012285884545348565,,,,,,,
contribution,o2o,uncapped,early,TLT,2010.0,-0.0018513688326724168,,,,,,,
contribution,o2o,uncapped,early,TLT,2011.0,0.011381929277651082,,,,,,,
concentration,o2o,uncapped,early,TLT,,,0.02700132486541948,2008.0,0.462399812630654,3.0,5.0,,
contribution,o2o,uncapped,early,BIL,2007.0,0.0,,,,,,,
contribution,o2o,uncapped,early,BIL,2008.0,0.0,,,,,,,
contribution,o2o,uncapped,early,BIL,2009.0,3.9976325181469694e-05,,,,,,,
contribution,o2o,uncapped,early,BIL,2010.0,1.9259840080437485e-05,,,,,,,
contribution,o2o,uncapped,early,BIL,2011.0,1.864628023197078e-05,,,,,,,
concentration,o2o,uncapped,early,BIL,,,7.788244549387796e-05,2009.0,0.5132905743774068,3.0,5.0,,
contribution,o2o,uncapped,early,BSV,2007.0,0.0,,,,,,,
contribution,o2o,uncapped,early,BSV,2008.0,0.0,,,,,,,
contribution,o2o,uncapped,early,BSV,2009.0,0.0,,,,,,,
contribution,o2o,uncapped,early,BSV,2010.0,0.00156220530158707,,,,,,,
contribution,o2o,uncapped,early,BSV,2011.0,-0.001681029674038729,,,,,,,
concentration,o2o,uncapped,early,BSV,,,-0.0001188243724516585,2011.0,0.5183188041175973,2.0,5.0,,
concentration,c2c,capped,primary,STRATEGY_TOTAL,,,3.8045406213995214,2020.0,0.2187594112260646,6.0,11.0,,
concentration,c2c,capped,primary,SLEEVE_T10,,,3.690265136629807,2014.0,0.16983157898053652,6.0,11.0,,
concentration,c2c,capped,primary,SLEEVE_T11,,,2.394122808717541,2020.0,0.20123170786201494,7.0,11.0,,
concentration,c2c,capped,primary,SLEEVE_S2,,,4.938418689970926,2020.0,0.18027443041402447,6.0,11.0,,
concentration,c2c,capped,primary,SLEEVE_S3,,,4.049250617658876,2013.0,0.16118123115189203,7.0,11.0,,
concentration,o2o,capped,primary,STRATEGY_TOTAL,,,5.291321823259952,2020.0,0.21736825717774036,7.0,11.0,,
concentration,o2o,capped,primary,SLEEVE_T10,,,2.8661766979361123,2014.0,0.16422561562664714,8.0,11.0,,
concentration,o2o,capped,primary,SLEEVE_T11,,,4.290841546389558,2018.0,0.19404833735402138,6.0,11.0,,
concentration,o2o,capped,primary,SLEEVE_S2,,,6.971458581276897,2020.0,0.23956151514470536,7.0,11.0,,
concentration,o2o,capped,primary,SLEEVE_S3,,,6.498812485948298,2020.0,0.22805784269458276,6.0,11.0,,
btal_verdict,,,,,,,,2020.0,0.43118400620699754,,,4.0,capped BTAL contribution concentration on the designated cell's convention and window
