table,line,metric,session15,session14,abs_gap,match_4dp,panel,convention,window,n_sessions,total_return,ann_return,ann_vol,sharpe_naive,sharpe_lo,max_drawdown,calmar,arith_mean_excess_ann,ann_turnover,downside_deviation_ann,sortino_mar_dtb3,skewness,excess_kurtosis,var_95_daily,cvar_95_daily,var_95_annualised,cvar_95_annualised,var_99_daily,cvar_99_daily,var_99_annualised,cvar_99_annualised,n_drawdowns_gt_20pct,mean_duration_drawdowns_gt_20pct_sessions,max_dd_duration_sessions,max_dd_duration_calendar_days,time_to_recovery_sessions,recovered_within_window,ulcer_index,pain_ratio,rolling_12m_sharpe_min,rolling_12m_sharpe_max,rolling_12m_sharpe_frac_below_zero,pct_positive_months,split_half_first_sharpe_lo,split_half_first_ann_return,split_half_second_sharpe_lo,split_half_second_ann_return,return_per_unit_turnover,turnover_adjusted_sharpe,year,line_kind,alpha_ann,beta,tracking_error_ann,information_ratio,r_squared,alpha_t_newey_west,newey_west_lag,andrews_bandwidth,up_capture,down_capture,n_up_days,n_down_days
positive_control,STRATEGY,ann_return,0.5225924351843778,0.5225924351843778,0.0,True,,,,,,,,,,,,,,,,,,,,,,,,,,,,,,,,,,,,,,,,,,,,,,,,,,,,,,,,,
positive_control,STRATEGY,ann_vol,0.488123344434799,0.488123344434799,0.0,True,,,,,,,,,,,,,,,,,,,,,,,,,,,,,,,,,,,,,,,,,,,,,,,,,,,,,,,,,
positive_control,STRATEGY,sharpe_naive,1.0922198074109173,1.0922198074109173,0.0,True,,,,,,,,,,,,,,,,,,,,,,,,,,,,,,,,,,,,,,,,,,,,,,,,,,,,,,,,,
positive_control,STRATEGY,sharpe_lo,1.3846209839337436,1.3846209839337436,0.0,True,,,,,,,,,,,,,,,,,,,,,,,,,,,,,,,,,,,,,,,,,,,,,,,,,,,,,,,,,
positive_control,STRATEGY,max_drawdown,-0.5306024012913015,-0.5306024012913015,0.0,True,,,,,,,,,,,,,,,,,,,,,,,,,,,,,,,,,,,,,,,,,,,,,,,,,,,,,,,,,
positive_control,STRATEGY,calmar,0.9849040145927906,0.9849040145927906,0.0,True,,,,,,,,,,,,,,,,,,,,,,,,,,,,,,,,,,,,,,,,,,,,,,,,,,,,,,,,,
positive_control,STRATEGY,arith_mean_excess_ann,0.5331404315708892,0.5331404315708892,0.0,True,,,,,,,,,,,,,,,,,,,,,,,,,,,,,,,,,,,,,,,,,,,,,,,,,,,,,,,,,
positive_control,STRATEGY,ann_turnover,37.874114183011926,37.874114183011926,0.0,True,,,,,,,,,,,,,,,,,,,,,,,,,,,,,,,,,,,,,,,,,,,,,,,,,,,,,,,,,
positive_control,buy_hold_QQQ,ann_return,0.2343836742462655,0.2343836742462655,0.0,True,,,,,,,,,,,,,,,,,,,,,,,,,,,,,,,,,,,,,,,,,,,,,,,,,,,,,,,,,
positive_control,buy_hold_QQQ,ann_vol,0.19046605745390197,0.1904660574539019,5.551115123125783e-17,True,,,,,,,,,,,,,,,,,,,,,,,,,,,,,,,,,,,,,,,,,,,,,,,,,,,,,,,,,
positive_control,buy_hold_QQQ,sharpe_naive,1.1698611113008928,1.1698611113008928,0.0,True,,,,,,,,,,,,,,,,,,,,,,,,,,,,,,,,,,,,,,,,,,,,,,,,,,,,,,,,,
positive_control,buy_hold_QQQ,sharpe_lo,1.7924186615414786,1.7924186615414786,0.0,True,,,,,,,,,,,,,,,,,,,,,,,,,,,,,,,,,,,,,,,,,,,,,,,,,,,,,,,,,
positive_control,buy_hold_QQQ,max_drawdown,-0.27564602384358095,-0.2756460238435809,5.551115123125783e-17,True,,,,,,,,,,,,,,,,,,,,,,,,,,,,,,,,,,,,,,,,,,,,,,,,,,,,,,,,,
positive_control,buy_hold_QQQ,calmar,0.8503067484088567,0.8503067484088567,0.0,True,,,,,,,,,,,,,,,,,,,,,,,,,,,,,,,,,,,,,,,,,,,,,,,,,,,,,,,,,
positive_control,buy_hold_QQQ,arith_mean_excess_ann,0.22284740889918925,0.2228474088991892,5.551115123125783e-17,True,,,,,,,,,,,,,,,,,,,,,,,,,,,,,,,,,,,,,,,,,,,,,,,,,,,,,,,,,
positive_control,buy_hold_QQQ,ann_turnover,0.016806281155617553,0.0168062811556175,5.204170427930421e-17,True,,,,,,,,,,,,,,,,,,,,,,,,,,,,,,,,,,,,,,,,,,,,,,,,,,,,,,,,,
metrics,STRATEGY,,,,,,realized,c2c,full,3459.0,13.262738415091864,0.21363372588570795,0.4477492464362563,0.6415576887184707,0.7161422278493822,-0.6890367908200289,0.3100469071200981,0.28725231693106906,37.473613666387436,0.35117835477595466,0.8179670330602544,1.0655483555168483,35.34960062862203,-0.039118048773616874,-0.06429150734836964,-0.6209797729745127,-1.0205960391436064,-0.07819290915704093,-0.11105731083495472,-1.2412739515091729,-1.7629801544693353,12.0,185.83333333333334,736.0,1069.0,518.0,True,25.821340827639457,0.827353340447108,-1.396332865336504,2.6140194999178834,0.2048004987531172,0.5515151515151515,0.29983219841623193,0.041093020647127165,1.2367409293875815,0.4146442615761803,0.005700910720476637,0.01911057295474382,,,,,,,,,,,,,,
per_year,STRATEGY,,,,,,realized,c2c,full,,,0.0037773507594958122,,,-2.933378872165271,,,,,,,,,,,,,,,,,,,,,,,,,,,,,,,,,,,2007.0,,,,,,,,,,,,,
per_year,STRATEGY,,,,,,realized,c2c,full,,,-0.010364605788346637,,,-0.664926414324991,,,,,,,,,,,,,,,,,,,,,,,,,,,,,,,,,,,2008.0,,,,,,,,,,,,,
per_year,STRATEGY,,,,,,realized,c2c,full,,,0.1134356042482414,,,2.7969720787899313,,,,,,,,,,,,,,,,,,,,,,,,,,,,,,,,,,,2009.0,,,,,,,,,,,,,
per_year,STRATEGY,,,,,,realized,c2c,full,,,0.057059216245480604,,,0.4411795778113563,,,,,,,,,,,,,,,,,,,,,,,,,,,,,,,,,,,2010.0,,,,,,,,,,,,,
per_year,STRATEGY,,,,,,realized,c2c,full,,,-0.25656073599436036,,,-0.7015366568838306,,,,,,,,,,,,,,,,,,,,,,,,,,,,,,,,,,,2011.0,,,,,,,,,,,,,
per_year,STRATEGY,,,,,,realized,c2c,full,,,-0.15996137274442257,,,0.016862845496393105,,,,,,,,,,,,,,,,,,,,,,,,,,,,,,,,,,,2012.0,,,,,,,,,,,,,
per_year,STRATEGY,,,,,,realized,c2c,full,,,0.5249772985941044,,,1.519178882337423,,,,,,,,,,,,,,,,,,,,,,,,,,,,,,,,,,,2013.0,,,,,,,,,,,,,
per_year,STRATEGY,,,,,,realized,c2c,full,,,0.21790064880078397,,,1.9785268564222334,,,,,,,,,,,,,,,,,,,,,,,,,,,,,,,,,,,2014.0,,,,,,,,,,,,,
per_year,STRATEGY,,,,,,realized,c2c,full,,,-0.06289938908712822,,,-0.032970066504817916,,,,,,,,,,,,,,,,,,,,,,,,,,,,,,,,,,,2015.0,,,,,,,,,,,,,
per_year,STRATEGY,,,,,,realized,c2c,full,,,0.2633997581438079,,,1.5835165298908334,,,,,,,,,,,,,,,,,,,,,,,,,,,,,,,,,,,2016.0,,,,,,,,,,,,,
per_year,STRATEGY,,,,,,realized,c2c,full,,,0.40361032198704305,,,4.035875076707621,,,,,,,,,,,,,,,,,,,,,,,,,,,,,,,,,,,2017.0,,,,,,,,,,,,,
per_year,STRATEGY,,,,,,realized,c2c,full,,,0.2773891999759486,,,1.3832284770396437,,,,,,,,,,,,,,,,,,,,,,,,,,,,,,,,,,,2018.0,,,,,,,,,,,,,
per_year,STRATEGY,,,,,,realized,c2c,full,,,0.8701226663277981,,,4.606425821691602,,,,,,,,,,,,,,,,,,,,,,,,,,,,,,,,,,,2019.0,,,,,,,,,,,,,
per_year,STRATEGY,,,,,,realized,c2c,full,,,0.6921652494158452,,,1.404745045388466,,,,,,,,,,,,,,,,,,,,,,,,,,,,,,,,,,,2020.0,,,,,,,,,,,,,
per_year,STRATEGY,,,,,,realized,c2c,full,,,0.5656555542021997,,,3.937539544185349,,,,,,,,,,,,,,,,,,,,,,,,,,,,,,,,,,,2021.0,,,,,,,,,,,,,
metrics,buy_hold_QQQ,,,,,,realized,c2c,full,3459.0,6.576441632926882,0.15896963793134966,0.22322215356572192,0.7461155220431919,0.8722498684041261,-0.5311685604951986,0.2992828449468945,0.16657135972695813,0.015788435642399644,0.1776282006297129,0.9377528969861938,-0.14353000813565317,8.409993915724861,-0.023011542695854037,-0.034149868494453596,-0.3652969155430478,-0.5421123560513038,-0.04060380143649333,-0.054626712286590884,-0.6445653653088512,-0.8671721739083761,3.0,327.3333333333333,756.0,1094.0,494.0,True,12.978136500027967,1.224903420695314,-1.605822357598883,3.054533154767494,0.08198254364089776,0.6303030303030303,0.5353766868415799,0.10161708657275081,1.5359268097136634,0.21927231654648938,10.068739014550543,55.24612369205915,,window_entry,0.1681584777512441,0.7149718857734139,0.423135883599937,0.2852061521641387,0.1270898270823232,1.4741327658437908,21.0,3.1275352864212698,0.8125223186152878,0.6732734190466773,1923.0,1536.0
per_year,buy_hold_QQQ,,,,,,realized,c2c,full,,,-0.0579391846261742,,,-6.001696964672987,,,,,,,,,,,,,,,,,,,,,,,,,,,,,,,,,,,2007.0,,,,,,,,,,,,,
per_year,buy_hold_QQQ,,,,,,realized,c2c,full,,,-0.4173671092610174,,,-2.7304759792923843,,,,,,,,,,,,,,,,,,,,,,,,,,,,,,,,,,,2008.0,,,,,,,,,,,,,
per_year,buy_hold_QQQ,,,,,,realized,c2c,full,,,0.5469890495305672,,,6.598930273924752,,,,,,,,,,,,,,,,,,,,,,,,,,,,,,,,,,,2009.0,,,,,,,,,,,,,
per_year,buy_hold_QQQ,,,,,,realized,c2c,full,,,0.20147271401111055,,,2.101467720223932,,,,,,,,,,,,,,,,,,,,,,,,,,,,,,,,,,,2010.0,,,,,,,,,,,,,
per_year,buy_hold_QQQ,,,,,,realized,c2c,full,,,0.03473783615876891,,,1.1082889573594812,,,,,,,,,,,,,,,,,,,,,,,,,,,,,,,,,,,2011.0,,,,,,,,,,,,,
per_year,buy_hold_QQQ,,,,,,realized,c2c,full,,,0.18119187363249423,,,1.5374575816101566,,,,,,,,,,,,,,,,,,,,,,,,,,,,,,,,,,,2012.0,,,,,,,,,,,,,
per_year,buy_hold_QQQ,,,,,,realized,c2c,full,,,0.3663951774039078,,,8.531433338563295,,,,,,,,,,,,,,,,,,,,,,,,,,,,,,,,,,,2013.0,,,,,,,,,,,,,
per_year,buy_hold_QQQ,,,,,,realized,c2c,full,,,0.1918136831844537,,,4.185501514742211,,,,,,,,,,,,,,,,,,,,,,,,,,,,,,,,,,,2014.0,,,,,,,,,,,,,
per_year,buy_hold_QQQ,,,,,,realized,c2c,full,,,0.09446695210366207,,,2.487806962291905,,,,,,,,,,,,,,,,,,,,,,,,,,,,,,,,,,,2015.0,,,,,,,,,,,,,
per_year,buy_hold_QQQ,,,,,,realized,c2c,full,,,0.07102613256775947,,,1.046103951099578,,,,,,,,,,,,,,,,,,,,,,,,,,,,,,,,,,,2016.0,,,,,,,,,,,,,
per_year,buy_hold_QQQ,,,,,,realized,c2c,full,,,0.32665621480497986,,,5.667037339930552,,,,,,,,,,,,,,,,,,,,,,,,,,,,,,,,,,,2017.0,,,,,,,,,,,,,
per_year,buy_hold_QQQ,,,,,,realized,c2c,full,,,-0.0011592631719749003,,,0.036730413792824886,,,,,,,,,,,,,,,,,,,,,,,,,,,,,,,,,,,2018.0,,,,,,,,,,,,,
per_year,buy_hold_QQQ,,,,,,realized,c2c,full,,,0.3896214205924349,,,4.5619257184100235,,,,,,,,,,,,,,,,,,,,,,,,,,,,,,,,,,,2019.0,,,,,,,,,,,,,
per_year,buy_hold_QQQ,,,,,,realized,c2c,full,,,0.4840535724958863,,,4.1218421486397645,,,,,,,,,,,,,,,,,,,,,,,,,,,,,,,,,,,2020.0,,,,,,,,,,,,,
per_year,buy_hold_QQQ,,,,,,realized,c2c,full,,,0.16479978997365308,,,6.077403549450565,,,,,,,,,,,,,,,,,,,,,,,,,,,,,,,,,,,2021.0,,,,,,,,,,,,,
metrics,buy_hold_TQQQ,,,,,,realized,c2c,full,3459.0,11.449772315529552,0.2016728816868396,0.3043982070476637,0.7390480885840902,0.7865951912112933,-0.5838990247390017,0.34538999577364565,0.22497167593111916,0.0011467880606159933,0.3115882357119631,0.7220159497263126,-1.0709094333872844,22.907841953834527,-0.02440015581085145,-0.0506117152752368,-0.38734046536044314,-0.8034360722681132,-0.06670052629044967,-0.09467616759968021,-1.0588380292899326,-1.5029375673205492,7.0,128.0,98.0,140.0,77.0,True,9.485963589459915,2.12601365991878,-0.4303624543283921,3.4292968782593776,0.07231920199501247,0.6909090909090909,0.8890285003649478,0.06879642999016178,1.1539733725602515,0.3509774798123657,175.8588954776105,685.9115631085106,,window_entry,0.17082034360891774,0.5175405874551069,0.4440969873843273,0.14024107969471858,0.12380650605114785,1.5635776064393927,21.0,3.729619717295859,0.7390757180582425,0.6293000062257096,2204.0,1252.0
per_year,buy_hold_TQQQ,,,,,,realized,c2c,full,,,0.005218620820047981,,,,,,,,,,,,,,,,,,,,,,,,,,,,,,,,,,,,,,2007.0,,,,,,,,,,,,,
per_year,buy_hold_TQQQ,,,,,,realized,c2c,full,,,0.013977543603247211,,,1.221111210954931,,,,,,,,,,,,,,,,,,,,,,,,,,,,,,,,,,,2008.0,,,,,,,,,,,,,
per_year,buy_hold_TQQQ,,,,,,realized,c2c,full,,,0.0014961143208729322,,,1.2259617071327573,,,,,,,,,,,,,,,,,,,,,,,,,,,,,,,,,,,2009.0,,,,,,,,,,,,,
per_year,buy_hold_TQQQ,,,,,,realized,c2c,full,,,0.05787558793941305,,,2.250752798339014,,,,,,,,,,,,,,,,,,,,,,,,,,,,,,,,,,,2010.0,,,,,,,,,,,,,
per_year,buy_hold_TQQQ,,,,,,realized,c2c,full,,,-0.00941091065562727,,,-0.2643348633779748,,,,,,,,,,,,,,,,,,,,,,,,,,,,,,,,,,,2011.0,,,,,,,,,,,,,
per_year,buy_hold_TQQQ,,,,,,realized,c2c,full,,,0.060331373356086404,,,1.1890927555345414,,,,,,,,,,,,,,,,,,,,,,,,,,,,,,,,,,,2012.0,,,,,,,,,,,,,
per_year,buy_hold_TQQQ,,,,,,realized,c2c,full,,,0.22906253506844743,,,4.8959480092434235,,,,,,,,,,,,,,,,,,,,,,,,,,,,,,,,,,,2013.0,,,,,,,,,,,,,
per_year,buy_hold_TQQQ,,,,,,realized,c2c,full,,,0.18238138945191462,,,3.5118650471250517,,,,,,,,,,,,,,,,,,,,,,,,,,,,,,,,,,,2014.0,,,,,,,,,,,,,
per_year,buy_hold_TQQQ,,,,,,realized,c2c,full,,,0.07334411107796446,,,1.6576249910901453,,,,,,,,,,,,,,,,,,,,,,,,,,,,,,,,,,,2015.0,,,,,,,,,,,,,
per_year,buy_hold_TQQQ,,,,,,realized,c2c,full,,,0.05440422858364391,,,0.6727553504421617,,,,,,,,,,,,,,,,,,,,,,,,,,,,,,,,,,,2016.0,,,,,,,,,,,,,
per_year,buy_hold_TQQQ,,,,,,realized,c2c,full,,,0.582249416645022,,,6.647731787416836,,,,,,,,,,,,,,,,,,,,,,,,,,,,,,,,,,,2017.0,,,,,,,,,,,,,
per_year,buy_hold_TQQQ,,,,,,realized,c2c,full,,,-0.12700955930674895,,,-0.1495969674015848,,,,,,,,,,,,,,,,,,,,,,,,,,,,,,,,,,,2018.0,,,,,,,,,,,,,
per_year,buy_hold_TQQQ,,,,,,realized,c2c,full,,,0.8367309844311814,,,4.622384922810765,,,,,,,,,,,,,,,,,,,,,,,,,,,,,,,,,,,2019.0,,,,,,,,,,,,,
per_year,buy_hold_TQQQ,,,,,,realized,c2c,full,,,0.8683268204879941,,,3.053059503222427,,,,,,,,,,,,,,,,,,,,,,,,,,,,,,,,,,,2020.0,,,,,,,,,,,,,
per_year,buy_hold_TQQQ,,,,,,realized,c2c,full,,,0.4079687504792129,,,5.6372390020419045,,,,,,,,,,,,,,,,,,,,,,,,,,,,,,,,,,,2021.0,,,,,,,,,,,,,
metrics,vol_targeted_QQQ_matched,,,,,,realized,c2c,full,3459.0,14.453155840513373,0.22074224849624535,0.25985705908035994,0.8757486151741336,1.1051948846725,-0.3502600151167655,0.6302239449817214,0.22757825924866487,1.2830205198593687,0.22926878759799588,0.9926264348189636,-0.6475786164554992,4.779359223826095,-0.027322919174490545,-0.042416320055068776,-0.43373789536812124,-0.673338206377401,-0.049558154312825696,-0.0677334909821733,-0.7867113104825993,-1.0752358354143998,7.0,244.85714285714286,224.0,322.0,207.0,True,10.73775668996645,2.0557575932271854,-0.7215302042181408,3.4210300278435657,0.10162094763092269,0.703030303030303,1.0511984918933095,0.19552935728883614,1.1670454816054174,0.24647182520875477,0.17204888392622186,0.8614007863207362,,window_entry,0.14243603539187857,0.6363361861422624,0.4266838129174457,0.1398554523884642,0.13640183499556602,1.2625851363043412,21.0,3.2133087975484154,0.688509464150236,0.5797107805502748,2199.0,1257.0
per_year,vol_targeted_QQQ_matched,,,,,,realized,c2c,full,,,0.005218620820047981,,,,,,,,,,,,,,,,,,,,,,,,,,,,,,,,,,,,,,2007.0,,,,,,,,,,,,,
per_year,vol_targeted_QQQ_matched,,,,,,realized,c2c,full,,,0.013977543603247211,,,1.221111210954931,,,,,,,,,,,,,,,,,,,,,,,,,,,,,,,,,,,2008.0,,,,,,,,,,,,,
per_year,vol_targeted_QQQ_matched,,,,,,realized,c2c,full,,,0.0014961143208729322,,,1.2259617071327573,,,,,,,,,,,,,,,,,,,,,,,,,,,,,,,,,,,2009.0,,,,,,,,,,,,,
per_year,vol_targeted_QQQ_matched,,,,,,realized,c2c,full,,,0.31164878830599707,,,2.345988449654038,,,,,,,,,,,,,,,,,,,,,,,,,,,,,,,,,,,2010.0,,,,,,,,,,,,,
per_year,vol_targeted_QQQ_matched,,,,,,realized,c2c,full,,,-0.018193773339280184,,,0.2701535447629727,,,,,,,,,,,,,,,,,,,,,,,,,,,,,,,,,,,2011.0,,,,,,,,,,,,,
per_year,vol_targeted_QQQ_matched,,,,,,realized,c2c,full,,,0.13549915347700336,,,0.9902656533728144,,,,,,,,,,,,,,,,,,,,,,,,,,,,,,,,,,,2012.0,,,,,,,,,,,,,
per_year,vol_targeted_QQQ_matched,,,,,,realized,c2c,full,,,0.8077965023173435,,,6.447273956872384,,,,,,,,,,,,,,,,,,,,,,,,,,,,,,,,,,,2013.0,,,,,,,,,,,,,
per_year,vol_targeted_QQQ_matched,,,,,,realized,c2c,full,,,0.3148019892507594,,,3.572961687403055,,,,,,,,,,,,,,,,,,,,,,,,,,,,,,,,,,,2014.0,,,,,,,,,,,,,
per_year,vol_targeted_QQQ_matched,,,,,,realized,c2c,full,,,0.03531599646024963,,,0.863936940621423,,,,,,,,,,,,,,,,,,,,,,,,,,,,,,,,,,,2015.0,,,,,,,,,,,,,
per_year,vol_targeted_QQQ_matched,,,,,,realized,c2c,full,,,0.03443552720502607,,,0.5274315813664888,,,,,,,,,,,,,,,,,,,,,,,,,,,,,,,,,,,2016.0,,,,,,,,,,,,,
per_year,vol_targeted_QQQ_matched,,,,,,realized,c2c,full,,,0.9195470192357256,,,5.166183438611772,,,,,,,,,,,,,,,,,,,,,,,,,,,,,,,,,,,2017.0,,,,,,,,,,,,,
per_year,vol_targeted_QQQ_matched,,,,,,realized,c2c,full,,,-0.03782557221691585,,,0.0005391159511376253,,,,,,,,,,,,,,,,,,,,,,,,,,,,,,,,,,,2018.0,,,,,,,,,,,,,
per_year,vol_targeted_QQQ_matched,,,,,,realized,c2c,full,,,0.44310836130923636,,,4.04105702543784,,,,,,,,,,,,,,,,,,,,,,,,,,,,,,,,,,,2019.0,,,,,,,,,,,,,
per_year,vol_targeted_QQQ_matched,,,,,,realized,c2c,full,,,0.2745449725479985,,,2.347380014658912,,,,,,,,,,,,,,,,,,,,,,,,,,,,,,,,,,,2020.0,,,,,,,,,,,,,
per_year,vol_targeted_QQQ_matched,,,,,,realized,c2c,full,,,0.19717041631552412,,,4.35260575924506,,,,,,,,,,,,,,,,,,,,,,,,,,,,,,,,,,,2021.0,,,,,,,,,,,,,
metrics,naive_fast_1d_momentum,,,,,,realized,c2c,full,3459.0,10.27354930644122,0.19301587832205747,0.37078450321522594,0.6463101453803737,0.643556934243516,-0.6404771806901552,0.30136261547065657,0.23964117145296918,59.01568856061813,0.3577935592874338,0.6697749728369292,-0.03433238574404301,17.153087382478834,-0.03347410773619249,-0.06287516768009306,-0.5313849865784919,-0.9981123439380731,-0.07771337363611586,-0.10620131956567548,-1.2336615611100357,-1.685893682866053,6.0,355.8333333333333,1611.0,2338.0,1450.0,True,28.2462879962253,0.6833318358428236,-1.3766802706339625,3.2232564478131907,0.21009975062344138,0.6787878787878788,0.15410543861954057,-0.0016717650466145928,1.215083051898853,0.4255234618649124,0.0032705858904586134,0.010904844964783977,,window_entry,0.22120020992179557,0.2756292109940578,0.5120215632924409,0.09298660230625243,0.0520997635992797,1.8705079094905843,21.0,2.816453921732238,0.3613830756563994,0.1983173263160191,2023.0,1429.0
per_year,naive_fast_1d_momentum,,,,,,realized,c2c,full,,,0.005218620820047981,,,,,,,,,,,,,,,,,,,,,,,,,,,,,,,,,,,,,,2007.0,,,,,,,,,,,,,
per_year,naive_fast_1d_momentum,,,,,,realized,c2c,full,,,0.013977543603247211,,,1.221111210954931,,,,,,,,,,,,,,,,,,,,,,,,,,,,,,,,,,,2008.0,,,,,,,,,,,,,
per_year,naive_fast_1d_momentum,,,,,,realized,c2c,full,,,0.0014961143208729322,,,1.2259617071327573,,,,,,,,,,,,,,,,,,,,,,,,,,,,,,,,,,,2009.0,,,,,,,,,,,,,
per_year,naive_fast_1d_momentum,,,,,,realized,c2c,full,,,0.2636498498068196,,,1.1884949548435684,,,,,,,,,,,,,,,,,,,,,,,,,,,,,,,,,,,2010.0,,,,,,,,,,,,,
per_year,naive_fast_1d_momentum,,,,,,realized,c2c,full,,,-0.5096106314180922,,,-2.517795644300861,,,,,,,,,,,,,,,,,,,,,,,,,,,,,,,,,,,2011.0,,,,,,,,,,,,,
per_year,naive_fast_1d_momentum,,,,,,realized,c2c,full,,,-0.12094374074937864,,,-0.23097657968323088,,,,,,,,,,,,,,,,,,,,,,,,,,,,,,,,,,,2012.0,,,,,,,,,,,,,
per_year,naive_fast_1d_momentum,,,,,,realized,c2c,full,,,0.6022234739460988,,,7.060607423632862,,,,,,,,,,,,,,,,,,,,,,,,,,,,,,,,,,,2013.0,,,,,,,,,,,,,
per_year,naive_fast_1d_momentum,,,,,,realized,c2c,full,,,0.09194705332530417,,,1.0954342979045044,,,,,,,,,,,,,,,,,,,,,,,,,,,,,,,,,,,2014.0,,,,,,,,,,,,,
per_year,naive_fast_1d_momentum,,,,,,realized,c2c,full,,,-0.11933678340742115,,,-0.6797616900573547,,,,,,,,,,,,,,,,,,,,,,,,,,,,,,,,,,,2015.0,,,,,,,,,,,,,
per_year,naive_fast_1d_momentum,,,,,,realized,c2c,full,,,0.12196883672521741,,,1.3808533950573585,,,,,,,,,,,,,,,,,,,,,,,,,,,,,,,,,,,2016.0,,,,,,,,,,,,,
per_year,naive_fast_1d_momentum,,,,,,realized,c2c,full,,,0.7438939939400424,,,5.803507814166516,,,,,,,,,,,,,,,,,,,,,,,,,,,,,,,,,,,2017.0,,,,,,,,,,,,,
per_year,naive_fast_1d_momentum,,,,,,realized,c2c,full,,,0.17367790757263157,,,0.5495236632241688,,,,,,,,,,,,,,,,,,,,,,,,,,,,,,,,,,,2018.0,,,,,,,,,,,,,
per_year,naive_fast_1d_momentum,,,,,,realized,c2c,full,,,1.1530478065361471,,,3.8390041410276226,,,,,,,,,,,,,,,,,,,,,,,,,,,,,,,,,,,2019.0,,,,,,,,,,,,,
per_year,naive_fast_1d_momentum,,,,,,realized,c2c,full,,,1.5323876198398407,,,4.592854304713685,,,,,,,,,,,,,,,,,,,,,,,,,,,,,,,,,,,2020.0,,,,,,,,,,,,,
per_year,naive_fast_1d_momentum,,,,,,realized,c2c,full,,,0.05092054467337204,,,1.3371364268994324,,,,,,,,,,,,,,,,,,,,,,,,,,,,,,,,,,,2021.0,,,,,,,,,,,,,
metrics,matched_exposure_levered_QQQ_1.70,,,,,,realized,c2c,full,3459.0,27.428387956827827,0.27617675696774957,0.3001581061941201,0.9441310096679941,1.3365171694124514,-0.4562819382003468,0.6052765490938288,0.28339998309407866,0.8115259659960591,0.2656851356436785,1.066676095399474,-0.4886146743982715,10.181373806276493,-0.02903132205946629,-0.04736981759635396,-0.4608579504046279,-0.7519725420626641,-0.055700063233737385,-0.0764440226329773,-0.8842110919622478,-1.2135112386255056,7.0,114.42857142857143,86.0,123.0,65.0,True,8.472521662609106,3.259676020500149,-0.4158801050455207,3.4323550181849667,0.02805486284289277,0.703030303030303,1.2805618440932025,0.21655864221015197,1.4954977609432163,0.3386794684328289,0.34031783151728595,1.6469185527194108,,window_entry,0.11616330463200396,0.6037015614156538,0.4263630201281428,0.0090353376234002,0.163803833597984,1.0681406343996664,21.0,3.3441759764578727,0.6132943601749309,0.5265221819260196,2203.0,1253.0
per_year,matched_exposure_levered_QQQ_1.70,,,,,,realized,c2c,full,,,0.005218620820047981,,,,,,,,,,,,,,,,,,,,,,,,,,,,,,,,,,,,,,2007.0,,,,,,,,,,,,,
per_year,matched_exposure_levered_QQQ_1.70,,,,,,realized,c2c,full,,,0.013977543603247211,,,1.221111210954931,,,,,,,,,,,,,,,,,,,,,,,,,,,,,,,,,,,2008.0,,,,,,,,,,,,,
per_year,matched_exposure_levered_QQQ_1.70,,,,,,realized,c2c,full,,,0.0014961143208729322,,,1.2259617071327573,,,,,,,,,,,,,,,,,,,,,,,,,,,,,,,,,,,2009.0,,,,,,,,,,,,,
per_year,matched_exposure_levered_QQQ_1.70,,,,,,realized,c2c,full,,,0.385238345695025,,,2.5280990709947737,,,,,,,,,,,,,,,,,,,,,,,,,,,,,,,,,,,2010.0,,,,,,,,,,,,,
per_year,matched_exposure_levered_QQQ_1.70,,,,,,realized,c2c,full,,,0.013415047500952904,,,0.965881455961168,,,,,,,,,,,,,,,,,,,,,,,,,,,,,,,,,,,2011.0,,,,,,,,,,,,,
per_year,matched_exposure_levered_QQQ_1.70,,,,,,realized,c2c,full,,,0.3018434183396974,,,1.515271269116505,,,,,,,,,,,,,,,,,,,,,,,,,,,,,,,,,,,2012.0,,,,,,,,,,,,,
per_year,matched_exposure_levered_QQQ_1.70,,,,,,realized,c2c,full,,,0.6684614712806372,,,8.373368751719497,,,,,,,,,,,,,,,,,,,,,,,,,,,,,,,,,,,2013.0,,,,,,,,,,,,,
per_year,matched_exposure_levered_QQQ_1.70,,,,,,realized,c2c,full,,,0.31916063685497686,,,4.054948475382523,,,,,,,,,,,,,,,,,,,,,,,,,,,,,,,,,,,2014.0,,,,,,,,,,,,,
per_year,matched_exposure_levered_QQQ_1.70,,,,,,realized,c2c,full,,,0.13245904686851828,,,2.3373376329592395,,,,,,,,,,,,,,,,,,,,,,,,,,,,,,,,,,,2015.0,,,,,,,,,,,,,
per_year,matched_exposure_levered_QQQ_1.70,,,,,,realized,c2c,full,,,0.09525510249866209,,,0.9755051251946797,,,,,,,,,,,,,,,,,,,,,,,,,,,,,,,,,,,2016.0,,,,,,,,,,,,,
per_year,matched_exposure_levered_QQQ_1.70,,,,,,realized,c2c,full,,,0.5796809017401914,,,5.555180411782332,,,,,,,,,,,,,,,,,,,,,,,,,,,,,,,,,,,2017.0,,,,,,,,,,,,,
per_year,matched_exposure_levered_QQQ_1.70,,,,,,realized,c2c,full,,,-0.05853627293303154,,,-0.026256520044559077,,,,,,,,,,,,,,,,,,,,,,,,,,,,,,,,,,,2018.0,,,,,,,,,,,,,
per_year,matched_exposure_levered_QQQ_1.70,,,,,,realized,c2c,full,,,0.6803147723626646,,,4.43894311500465,,,,,,,,,,,,,,,,,,,,,,,,,,,,,,,,,,,2019.0,,,,,,,,,,,,,
per_year,matched_exposure_levered_QQQ_1.70,,,,,,realized,c2c,full,,,0.7598718976145982,,,3.79049935637859,,,,,,,,,,,,,,,,,,,,,,,,,,,,,,,,,,,2020.0,,,,,,,,,,,,,
per_year,matched_exposure_levered_QQQ_1.70,,,,,,realized,c2c,full,,,0.26925002228345596,,,5.863152954955412,,,,,,,,,,,,,,,,,,,,,,,,,,,,,,,,,,,2021.0,,,,,,,,,,,,,
metrics,long_legs_only,,,,,,realized,c2c,full,3459.0,35.99255888718441,0.30089577812816537,0.45638629852212476,0.7903372115645673,0.7956856319564519,-0.6584622981011947,0.4569673601599627,0.3606957526136144,30.801087993821053,0.3527260090843586,1.022594714662365,0.9657210652770128,32.420070826565215,-0.040776024038973104,-0.06468953343134991,-0.6472993143666861,-1.026914507328904,-0.07700711501478863,-0.1106844189455188,-1.2224500530700724,-1.7570606792371726,13.0,158.0,661.0,959.0,405.0,True,22.564697936370504,1.3334801953770978,-1.694559419434377,2.8490499898129715,0.20324189526184538,0.5818181818181818,0.42115607877642913,0.08797485869458121,1.2693017008291931,0.555325454361095,0.009768998360984115,0.025833036551048873,,strategy_stream,-0.05613638104772505,0.952017581273379,0.110346151058553,-0.6655731530098772,0.9416542718470117,-1.9306161668946544,21.0,0.5803059774219741,0.8928279040177286,0.9101402603755802,1851.0,1608.0
per_year,long_legs_only,,,,,,realized,c2c,full,,,0.009754554142228145,,,10.17452296422267,,,,,,,,,,,,,,,,,,,,,,,,,,,,,,,,,,,2007.0,,,,,,,,,,,,,
per_year,long_legs_only,,,,,,realized,c2c,full,,,-0.03317340560408011,,,-1.2934368442470057,,,,,,,,,,,,,,,,,,,,,,,,,,,,,,,,,,,2008.0,,,,,,,,,,,,,
per_year,long_legs_only,,,,,,realized,c2c,full,,,0.15556622277161036,,,4.291512247898203,,,,,,,,,,,,,,,,,,,,,,,,,,,,,,,,,,,2009.0,,,,,,,,,,,,,
per_year,long_legs_only,,,,,,realized,c2c,full,,,0.056568710963894375,,,0.4127164355796958,,,,,,,,,,,,,,,,,,,,,,,,,,,,,,,,,,,2010.0,,,,,,,,,,,,,
per_year,long_legs_only,,,,,,realized,c2c,full,,,-0.17132320827000735,,,-0.40351813676844395,,,,,,,,,,,,,,,,,,,,,,,,,,,,,,,,,,,2011.0,,,,,,,,,,,,,
per_year,long_legs_only,,,,,,realized,c2c,full,,,-0.17726538475586728,,,-0.04759937333941052,,,,,,,,,,,,,,,,,,,,,,,,,,,,,,,,,,,2012.0,,,,,,,,,,,,,
per_year,long_legs_only,,,,,,realized,c2c,full,,,0.896958435340419,,,2.578691687361992,,,,,,,,,,,,,,,,,,,,,,,,,,,,,,,,,,,2013.0,,,,,,,,,,,,,
per_year,long_legs_only,,,,,,realized,c2c,full,,,0.18070914334591115,,,1.822159766940415,,,,,,,,,,,,,,,,,,,,,,,,,,,,,,,,,,,2014.0,,,,,,,,,,,,,
per_year,long_legs_only,,,,,,realized,c2c,full,,,-0.10229984175290441,,,-0.38167534039870155,,,,,,,,,,,,,,,,,,,,,,,,,,,,,,,,,,,2015.0,,,,,,,,,,,,,
per_year,long_legs_only,,,,,,realized,c2c,full,,,0.17678630282041463,,,1.4776703552865427,,,,,,,,,,,,,,,,,,,,,,,,,,,,,,,,,,,2016.0,,,,,,,,,,,,,
per_year,long_legs_only,,,,,,realized,c2c,full,,,0.47742969301605975,,,4.507888202627922,,,,,,,,,,,,,,,,,,,,,,,,,,,,,,,,,,,2017.0,,,,,,,,,,,,,
per_year,long_legs_only,,,,,,realized,c2c,full,,,0.5019919801956558,,,2.035010571860051,,,,,,,,,,,,,,,,,,,,,,,,,,,,,,,,,,,2018.0,,,,,,,,,,,,,
per_year,long_legs_only,,,,,,realized,c2c,full,,,1.154813413492438,,,5.587007478527282,,,,,,,,,,,,,,,,,,,,,,,,,,,,,,,,,,,2019.0,,,,,,,,,,,,,
per_year,long_legs_only,,,,,,realized,c2c,full,,,1.367890571427552,,,2.2632796426374604,,,,,,,,,,,,,,,,,,,,,,,,,,,,,,,,,,,2020.0,,,,,,,,,,,,,
per_year,long_legs_only,,,,,,realized,c2c,full,,,0.6991708600421498,,,4.673336978206304,,,,,,,,,,,,,,,,,,,,,,,,,,,,,,,,,,,2021.0,,,,,,,,,,,,,
metrics,equal_weight_universe,,,,,,realized,c2c,full,3459.0,3.1592810726354914,0.10942411480888459,0.27974419672802486,0.4924921275342218,0.48226511255911947,-0.5925894369812181,0.1846541770408789,0.13777569803725176,0.028377629907641977,0.3750504983354783,0.36735239294099803,-1.2494003558563225,27.489894057518896,-0.021717438456269077,-0.04727282976998536,-0.3447536476118308,-0.7504329080500319,-0.06606070477706448,-0.09331587737194556,-1.0486811776426153,-1.4813436293998052,6.0,194.5,129.0,183.0,108.0,True,10.91826885127716,1.0022112140615107,-2.4644601177473704,2.839840447198429,0.15866583541147133,0.8242424242424242,0.3831304925633862,0.0035352578986123095,0.7699641388942111,0.2264148081738857,3.8559990797334747,16.994552192297338,,window_entry,0.22713997770629865,0.4363058222976091,0.4587400784883959,0.32584163866030813,0.07431440744457429,2.0090345766272115,21.0,3.4027204152361676,0.5678627638041962,0.3083749780106668,2752.0,699.0
per_year,equal_weight_universe,,,,,,realized,c2c,full,,,0.005218620820047981,,,,,,,,,,,,,,,,,,,,,,,,,,,,,,,,,,,,,,2007.0,,,,,,,,,,,,,
per_year,equal_weight_universe,,,,,,realized,c2c,full,,,0.013977543603247211,,,1.221111210954931,,,,,,,,,,,,,,,,,,,,,,,,,,,,,,,,,,,2008.0,,,,,,,,,,,,,
per_year,equal_weight_universe,,,,,,realized,c2c,full,,,0.0014961143208729322,,,1.2259617071327573,,,,,,,,,,,,,,,,,,,,,,,,,,,,,,,,,,,2009.0,,,,,,,,,,,,,
per_year,equal_weight_universe,,,,,,realized,c2c,full,,,0.0013873476037102872,,,1.2259617071327562,,,,,,,,,,,,,,,,,,,,,,,,,,,,,,,,,,,2010.0,,,,,,,,,,,,,
per_year,equal_weight_universe,,,,,,realized,c2c,full,,,0.0005273605298270478,,,1.2259617071327562,,,,,,,,,,,,,,,,,,,,,,,,,,,,,,,,,,,2011.0,,,,,,,,,,,,,
per_year,equal_weight_universe,,,,,,realized,c2c,full,,,0.0008773279489964203,,,1.235779228099099,,,,,,,,,,,,,,,,,,,,,,,,,,,,,,,,,,,2012.0,,,,,,,,,,,,,
per_year,equal_weight_universe,,,,,,realized,c2c,full,,,0.0005765544893809871,,,1.2259617071327575,,,,,,,,,,,,,,,,,,,,,,,,,,,,,,,,,,,2013.0,,,,,,,,,,,,,
per_year,equal_weight_universe,,,,,,realized,c2c,full,,,0.00032477477553816136,,,1.2259617071327575,,,,,,,,,,,,,,,,,,,,,,,,,,,,,,,,,,,2014.0,,,,,,,,,,,,,
per_year,equal_weight_universe,,,,,,realized,c2c,full,,,-0.11945845682008127,,,-2.253477830829612,,,,,,,,,,,,,,,,,,,,,,,,,,,,,,,,,,,2015.0,,,,,,,,,,,,,
per_year,equal_weight_universe,,,,,,realized,c2c,full,,,-0.020286860202706092,,,-0.29907803677047395,,,,,,,,,,,,,,,,,,,,,,,,,,,,,,,,,,,2016.0,,,,,,,,,,,,,
per_year,equal_weight_universe,,,,,,realized,c2c,full,,,0.5514144489178361,,,10.122608274863428,,,,,,,,,,,,,,,,,,,,,,,,,,,,,,,,,,,2017.0,,,,,,,,,,,,,
per_year,equal_weight_universe,,,,,,realized,c2c,full,,,-0.2720814724740951,,,-1.1493570078189865,,,,,,,,,,,,,,,,,,,,,,,,,,,,,,,,,,,2018.0,,,,,,,,,,,,,
per_year,equal_weight_universe,,,,,,realized,c2c,full,,,0.9115896649709858,,,5.262275939378218,,,,,,,,,,,,,,,,,,,,,,,,,,,,,,,,,,,2019.0,,,,,,,,,,,,,
per_year,equal_weight_universe,,,,,,realized,c2c,full,,,0.5814472521154206,,,2.0498890203488562,,,,,,,,,,,,,,,,,,,,,,,,,,,,,,,,,,,2020.0,,,,,,,,,,,,,
per_year,equal_weight_universe,,,,,,realized,c2c,full,,,0.3783772541254673,,,6.786894295955925,,,,,,,,,,,,,,,,,,,,,,,,,,,,,,,,,,,2021.0,,,,,,,,,,,,,
metrics,sleeve_T10_standalone,,,,,,realized,c2c,full,3459.0,2.7623511543230097,0.10134702610962276,0.6573818360845008,0.45765765836721195,0.6103297095935613,-0.7925501735559286,0.1278745869866003,0.30085276985792075,44.83040307564577,0.46550358218580723,0.6462952840131624,1.4915525912277983,18.26998580574018,-0.05738940092062559,-0.08902688328668007,-0.9110284963617395,-1.4132579590543686,-0.10932325527764433,-0.14793925903437105,-1.7354528758840586,-2.348462931288668,6.0,452.3333333333333,1211.0,1756.0,698.0,True,42.00136543910046,0.24129459852101726,-1.511906613283704,2.1571320905321256,0.2864713216957606,0.5333333333333333,0.47169269134839253,0.034296525874809136,0.7568354096363354,0.17270164046705738,0.0022606762187395942,0.013614191881427103,,strategy_stream,0.13499253806277303,0.5060939905595735,0.441821175393164,-0.0307827095764459,0.5521197322460923,1.7103545927553754,21.0,3.028858731350386,0.5473388287231059,0.5039230182304463,1868.0,1590.0
per_year,sleeve_T10_standalone,,,,,,realized,c2c,full,,,0.007270097357582328,,,1.0966925832295744,,,,,,,,,,,,,,,,,,,,,,,,,,,,,,,,,,,2007.0,,,,,,,,,,,,,
per_year,sleeve_T10_standalone,,,,,,realized,c2c,full,,,0.11934187562411647,,,1.3190510541989762,,,,,,,,,,,,,,,,,,,,,,,,,,,,,,,,,,,2008.0,,,,,,,,,,,,,
per_year,sleeve_T10_standalone,,,,,,realized,c2c,full,,,0.2895159198827415,,,3.8175375772217373,,,,,,,,,,,,,,,,,,,,,,,,,,,,,,,,,,,2009.0,,,,,,,,,,,,,
per_year,sleeve_T10_standalone,,,,,,realized,c2c,full,,,-0.12770038788180715,,,-0.656240105017357,,,,,,,,,,,,,,,,,,,,,,,,,,,,,,,,,,,2010.0,,,,,,,,,,,,,
per_year,sleeve_T10_standalone,,,,,,realized,c2c,full,,,-0.2004155690734064,,,-0.3234367961465235,,,,,,,,,,,,,,,,,,,,,,,,,,,,,,,,,,,2011.0,,,,,,,,,,,,,
per_year,sleeve_T10_standalone,,,,,,realized,c2c,full,,,0.053345218261827254,,,0.9026187633461689,,,,,,,,,,,,,,,,,,,,,,,,,,,,,,,,,,,2012.0,,,,,,,,,,,,,
per_year,sleeve_T10_standalone,,,,,,realized,c2c,full,,,-0.3468485965094211,,,-0.44012570718216576,,,,,,,,,,,,,,,,,,,,,,,,,,,,,,,,,,,2013.0,,,,,,,,,,,,,
per_year,sleeve_T10_standalone,,,,,,realized,c2c,full,,,1.1825257697474414,,,4.271538543001791,,,,,,,,,,,,,,,,,,,,,,,,,,,,,,,,,,,2014.0,,,,,,,,,,,,,
per_year,sleeve_T10_standalone,,,,,,realized,c2c,full,,,-0.044599659913185485,,,0.3234606213652919,,,,,,,,,,,,,,,,,,,,,,,,,,,,,,,,,,,2015.0,,,,,,,,,,,,,
per_year,sleeve_T10_standalone,,,,,,realized,c2c,full,,,-0.3917909758848501,,,-0.5402677463090011,,,,,,,,,,,,,,,,,,,,,,,,,,,,,,,,,,,2016.0,,,,,,,,,,,,,
per_year,sleeve_T10_standalone,,,,,,realized,c2c,full,,,-0.3523983193357282,,,-1.3695640399692157,,,,,,,,,,,,,,,,,,,,,,,,,,,,,,,,,,,2017.0,,,,,,,,,,,,,
per_year,sleeve_T10_standalone,,,,,,realized,c2c,full,,,0.36493045975494187,,,2.1093875556540453,,,,,,,,,,,,,,,,,,,,,,,,,,,,,,,,,,,2018.0,,,,,,,,,,,,,
per_year,sleeve_T10_standalone,,,,,,realized,c2c,full,,,1.183568496520817,,,3.5494099650210655,,,,,,,,,,,,,,,,,,,,,,,,,,,,,,,,,,,2019.0,,,,,,,,,,,,,
per_year,sleeve_T10_standalone,,,,,,realized,c2c,full,,,0.2608946494164035,,,1.8723848394788611,,,,,,,,,,,,,,,,,,,,,,,,,,,,,,,,,,,2020.0,,,,,,,,,,,,,
per_year,sleeve_T10_standalone,,,,,,realized,c2c,full,,,0.7472199492972589,,,3.771478268793241,,,,,,,,,,,,,,,,,,,,,,,,,,,,,,,,,,,2021.0,,,,,,,,,,,,,
metrics,sleeve_T11_standalone,,,,,,realized,c2c,full,3459.0,1.3207965893447073,0.06325617524550986,0.5084790673864846,0.3649553720620409,0.5252276608754005,-0.7727740576034534,0.0818559766895922,0.18556766027662952,48.8029976947202,0.39608940183888913,0.468499433246916,0.05950348250187058,14.820634599850873,-0.047799405029567366,-0.07533839901627074,-0.7587920311505115,-1.1959600078248334,-0.0908775615721997,-0.12515433960993336,-1.4426365660560025,-1.9867635486504254,6.0,535.1666666666666,701.0,1017.0,,False,37.50264058781421,0.16867125688761175,-1.5372805217949612,1.948932869701962,0.3802992518703242,0.47878787878787876,0.2985953405723885,-0.0033324746691353324,0.740044861206706,0.1342512957171056,0.0012961534789563407,0.01076220080087873,,strategy_stream,0.16257456351694108,0.6718722067641966,0.33406849404918837,0.30438265944189097,0.5821605366064058,2.3033734659341354,21.0,5.890564384779155,0.7205942228771376,0.6561461112333377,1796.0,1663.0
per_year,sleeve_T11_standalone,,,,,,realized,c2c,full,,,0.010573682265937911,,,6.792672841425131,,,,,,,,,,,,,,,,,,,,,,,,,,,,,,,,,,,2007.0,,,,,,,,,,,,,
per_year,sleeve_T11_standalone,,,,,,realized,c2c,full,,,-0.20889681141887362,,,-1.349240234548397,,,,,,,,,,,,,,,,,,,,,,,,,,,,,,,,,,,2008.0,,,,,,,,,,,,,
per_year,sleeve_T11_standalone,,,,,,realized,c2c,full,,,0.14281861483269975,,,1.53228247124648,,,,,,,,,,,,,,,,,,,,,,,,,,,,,,,,,,,2009.0,,,,,,,,,,,,,
per_year,sleeve_T11_standalone,,,,,,realized,c2c,full,,,0.11552528420073926,,,0.7115077835925289,,,,,,,,,,,,,,,,,,,,,,,,,,,,,,,,,,,2010.0,,,,,,,,,,,,,
per_year,sleeve_T11_standalone,,,,,,realized,c2c,full,,,-0.2505223892743228,,,-0.4296498126377577,,,,,,,,,,,,,,,,,,,,,,,,,,,,,,,,,,,2011.0,,,,,,,,,,,,,
per_year,sleeve_T11_standalone,,,,,,realized,c2c,full,,,-0.0827059476228732,,,0.30304982062528013,,,,,,,,,,,,,,,,,,,,,,,,,,,,,,,,,,,2012.0,,,,,,,,,,,,,
per_year,sleeve_T11_standalone,,,,,,realized,c2c,full,,,0.031533857919463726,,,0.4529341439263984,,,,,,,,,,,,,,,,,,,,,,,,,,,,,,,,,,,2013.0,,,,,,,,,,,,,
per_year,sleeve_T11_standalone,,,,,,realized,c2c,full,,,0.506776770751312,,,5.417226185549972,,,,,,,,,,,,,,,,,,,,,,,,,,,,,,,,,,,2014.0,,,,,,,,,,,,,
per_year,sleeve_T11_standalone,,,,,,realized,c2c,full,,,0.23056199372293484,,,1.458674556251842,,,,,,,,,,,,,,,,,,,,,,,,,,,,,,,,,,,2015.0,,,,,,,,,,,,,
per_year,sleeve_T11_standalone,,,,,,realized,c2c,full,,,-0.21575927278033502,,,-0.6356566643757059,,,,,,,,,,,,,,,,,,,,,,,,,,,,,,,,,,,2016.0,,,,,,,,,,,,,
per_year,sleeve_T11_standalone,,,,,,realized,c2c,full,,,0.4996941107997499,,,3.8684737084413463,,,,,,,,,,,,,,,,,,,,,,,,,,,,,,,,,,,2017.0,,,,,,,,,,,,,
per_year,sleeve_T11_standalone,,,,,,realized,c2c,full,,,-0.07436315078217837,,,0.24157477715224446,,,,,,,,,,,,,,,,,,,,,,,,,,,,,,,,,,,2018.0,,,,,,,,,,,,,
per_year,sleeve_T11_standalone,,,,,,realized,c2c,full,,,0.05318706158163189,,,0.7057754370364306,,,,,,,,,,,,,,,,,,,,,,,,,,,,,,,,,,,2019.0,,,,,,,,,,,,,
per_year,sleeve_T11_standalone,,,,,,realized,c2c,full,,,0.2372804083782447,,,1.3152151430000336,,,,,,,,,,,,,,,,,,,,,,,,,,,,,,,,,,,2020.0,,,,,,,,,,,,,
per_year,sleeve_T11_standalone,,,,,,realized,c2c,full,,,0.22070219897243248,,,3.0343744766880665,,,,,,,,,,,,,,,,,,,,,,,,,,,,,,,,,,,2021.0,,,,,,,,,,,,,
metrics,sleeve_S2_standalone,,,,,,realized,c2c,full,3459.0,24.04933837663052,0.26446583517135536,0.5483978405372734,0.6917894354544459,0.6347863434201758,-0.8361601888185555,0.3162860881298712,0.37937804142907594,19.905377690192598,0.47861753479240754,0.7926538704722236,0.5089583369726702,24.795080505865407,-0.05093358466918839,-0.08345665771454992,-0.8085455904943472,-1.3248333693920356,-0.10044975924444137,-0.1387459744237392,-1.5945904933026194,-2.2025240624192532,11.0,194.63636363636363,1312.0,1904.0,1045.0,True,34.989018987113184,0.7558538159322524,-1.9064388720442025,3.0642215910070045,0.2041770573566085,0.6787878787878788,0.2856824431136804,0.07642948222477952,1.0719552744098484,0.4852111396870056,0.013286150068966437,0.03189019335879951,,strategy_stream,0.041629260447789765,0.6474361445856063,0.33435297092548866,-0.27553433798719656,0.6288321815081137,0.6557939245162066,21.0,4.626136779996649,0.6094638935986227,0.5843155919847356,2167.0,1288.0
per_year,sleeve_S2_standalone,,,,,,realized,c2c,full,,,0.005218620820047981,,,,,,,,,,,,,,,,,,,,,,,,,,,,,,,,,,,,,,2007.0,,,,,,,,,,,,,
per_year,sleeve_S2_standalone,,,,,,realized,c2c,full,,,0.013977543603247211,,,1.221111210954931,,,,,,,,,,,,,,,,,,,,,,,,,,,,,,,,,,,2008.0,,,,,,,,,,,,,
per_year,sleeve_S2_standalone,,,,,,realized,c2c,full,,,0.0014961143208729322,,,1.2259617071327573,,,,,,,,,,,,,,,,,,,,,,,,,,,,,,,,,,,2009.0,,,,,,,,,,,,,
per_year,sleeve_S2_standalone,,,,,,realized,c2c,full,,,0.5265518683061177,,,1.819249638714478,,,,,,,,,,,,,,,,,,,,,,,,,,,,,,,,,,,2010.0,,,,,,,,,,,,,
per_year,sleeve_S2_standalone,,,,,,realized,c2c,full,,,-0.51522943681959,,,-1.2239690408609654,,,,,,,,,,,,,,,,,,,,,,,,,,,,,,,,,,,2011.0,,,,,,,,,,,,,
per_year,sleeve_S2_standalone,,,,,,realized,c2c,full,,,-0.30237621990047614,,,-0.3054911948124997,,,,,,,,,,,,,,,,,,,,,,,,,,,,,,,,,,,2012.0,,,,,,,,,,,,,
per_year,sleeve_S2_standalone,,,,,,realized,c2c,full,,,1.5479578694998977,,,2.646256061360034,,,,,,,,,,,,,,,,,,,,,,,,,,,,,,,,,,,2013.0,,,,,,,,,,,,,
per_year,sleeve_S2_standalone,,,,,,realized,c2c,full,,,0.12405154884300851,,,1.6672344291595298,,,,,,,,,,,,,,,,,,,,,,,,,,,,,,,,,,,2014.0,,,,,,,,,,,,,
per_year,sleeve_S2_standalone,,,,,,realized,c2c,full,,,-0.32075809067248284,,,-1.9240873830135021,,,,,,,,,,,,,,,,,,,,,,,,,,,,,,,,,,,2015.0,,,,,,,,,,,,,
per_year,sleeve_S2_standalone,,,,,,realized,c2c,full,,,0.9399837359314163,,,2.4340057016134593,,,,,,,,,,,,,,,,,,,,,,,,,,,,,,,,,,,2016.0,,,,,,,,,,,,,
per_year,sleeve_S2_standalone,,,,,,realized,c2c,full,,,1.1987896588646492,,,5.768468388282125,,,,,,,,,,,,,,,,,,,,,,,,,,,,,,,,,,,2017.0,,,,,,,,,,,,,
per_year,sleeve_S2_standalone,,,,,,realized,c2c,full,,,-0.027352696772775853,,,0.3879178934075095,,,,,,,,,,,,,,,,,,,,,,,,,,,,,,,,,,,2018.0,,,,,,,,,,,,,
per_year,sleeve_S2_standalone,,,,,,realized,c2c,full,,,1.2446640594029699,,,4.586741211779898,,,,,,,,,,,,,,,,,,,,,,,,,,,,,,,,,,,2019.0,,,,,,,,,,,,,
per_year,sleeve_S2_standalone,,,,,,realized,c2c,full,,,0.7212055951512897,,,1.2945351464279589,,,,,,,,,,,,,,,,,,,,,,,,,,,,,,,,,,,2020.0,,,,,,,,,,,,,
per_year,sleeve_S2_standalone,,,,,,realized,c2c,full,,,0.524280306569862,,,5.413384287986628,,,,,,,,,,,,,,,,,,,,,,,,,,,,,,,,,,,2021.0,,,,,,,,,,,,,
metrics,sleeve_S3_standalone,,,,,,realized,c2c,full,3459.0,3.684425124002334,0.1190760703161664,0.5633677254495327,0.46902713806620494,0.44578593192871385,-0.8087480994756088,0.14723505426890668,0.26423206925762405,20.813851754810848,0.4943939275878551,0.5344565426739982,0.8541971660255321,23.660609042844055,-0.053988811222011365,-0.08400080815233726,-0.8570458084407315,-1.3334714897971889,-0.10320496055745577,-0.13554030647250845,-1.638327958219548,-2.1516356613104137,8.0,325.875,2180.0,3162.0,741.0,True,44.629897069108935,0.26680785333602347,-2.5996579010590013,3.0096259612037954,0.31639650872817954,0.6727272727272727,-0.05613554777777402,-0.1056727332463846,1.0597480588623442,0.4001238935186897,0.005721001173588331,0.021417752810970046,,strategy_stream,0.11736193211706264,0.6429589916595804,0.3312539364065945,0.06949426148158742,0.6544643640967021,1.6550119816362265,21.0,1.099293276400071,0.6378183750818062,0.5859424210222423,2330.0,1117.0
per_year,sleeve_S3_standalone,,,,,,realized,c2c,full,,,0.005218620820047981,,,,,,,,,,,,,,,,,,,,,,,,,,,,,,,,,,,,,,2007.0,,,,,,,,,,,,,
per_year,sleeve_S3_standalone,,,,,,realized,c2c,full,,,0.013977543603247211,,,1.221111210954931,,,,,,,,,,,,,,,,,,,,,,,,,,,,,,,,,,,2008.0,,,,,,,,,,,,,
per_year,sleeve_S3_standalone,,,,,,realized,c2c,full,,,0.0014961143208729322,,,1.2259617071327573,,,,,,,,,,,,,,,,,,,,,,,,,,,,,,,,,,,2009.0,,,,,,,,,,,,,
per_year,sleeve_S3_standalone,,,,,,realized,c2c,full,,,-0.3432117061682747,,,-1.2497081564213992,,,,,,,,,,,,,,,,,,,,,,,,,,,,,,,,,,,2010.0,,,,,,,,,,,,,
per_year,sleeve_S3_standalone,,,,,,realized,c2c,full,,,-0.08830075635284196,,,0.038303177136992245,,,,,,,,,,,,,,,,,,,,,,,,,,,,,,,,,,,2011.0,,,,,,,,,,,,,
per_year,sleeve_S3_standalone,,,,,,realized,c2c,full,,,-0.4607675792006296,,,-0.8535488537419337,,,,,,,,,,,,,,,,,,,,,,,,,,,,,,,,,,,2012.0,,,,,,,,,,,,,
per_year,sleeve_S3_standalone,,,,,,realized,c2c,full,,,1.5201100123427262,,,3.1778869106651335,,,,,,,,,,,,,,,,,,,,,,,,,,,,,,,,,,,2013.0,,,,,,,,,,,,,
per_year,sleeve_S3_standalone,,,,,,realized,c2c,full,,,-0.5595057043892773,,,-2.3196162008164167,,,,,,,,,,,,,,,,,,,,,,,,,,,,,,,,,,,2014.0,,,,,,,,,,,,,
per_year,sleeve_S3_standalone,,,,,,realized,c2c,full,,,-0.2551222945831695,,,-1.3139060988197433,,,,,,,,,,,,,,,,,,,,,,,,,,,,,,,,,,,2015.0,,,,,,,,,,,,,
per_year,sleeve_S3_standalone,,,,,,realized,c2c,full,,,0.7631563831338997,,,2.301176699339496,,,,,,,,,,,,,,,,,,,,,,,,,,,,,,,,,,,2016.0,,,,,,,,,,,,,
per_year,sleeve_S3_standalone,,,,,,realized,c2c,full,,,0.6345938029943783,,,5.72945626448738,,,,,,,,,,,,,,,,,,,,,,,,,,,,,,,,,,,2017.0,,,,,,,,,,,,,
per_year,sleeve_S3_standalone,,,,,,realized,c2c,full,,,0.40126740197642774,,,3.123295656036864,,,,,,,,,,,,,,,,,,,,,,,,,,,,,,,,,,,2018.0,,,,,,,,,,,,,
per_year,sleeve_S3_standalone,,,,,,realized,c2c,full,,,0.8565934971785716,,,2.257497331255853,,,,,,,,,,,,,,,,,,,,,,,,,,,,,,,,,,,2019.0,,,,,,,,,,,,,
per_year,sleeve_S3_standalone,,,,,,realized,c2c,full,,,0.7083781412105739,,,1.1969150485155413,,,,,,,,,,,,,,,,,,,,,,,,,,,,,,,,,,,2020.0,,,,,,,,,,,,,
per_year,sleeve_S3_standalone,,,,,,realized,c2c,full,,,0.34183118554844616,,,3.2789532174075937,,,,,,,,,,,,,,,,,,,,,,,,,,,,,,,,,,,2021.0,,,,,,,,,,,,,
metrics,STRATEGY,,,,,,realized,c2c,primary,2473.0,11.843571107576869,0.2971065884533939,0.507083635943046,0.7526233787485628,0.928624610696173,-0.6458725044002493,0.4600081075277915,0.3816366455341612,40.74278678317462,0.3785474198324292,1.008160736383039,1.040811789131052,28.936616506717577,-0.044016879998596645,-0.0704464706282258,-0.698746307791559,-1.1183030521470096,-0.08155785516149126,-0.11876605127807961,-1.2946908133267891,-1.8853526152736613,11.0,169.27272727272728,134.0,190.0,104.0,True,23.84328580327064,1.2460807243800227,-0.7651261466320128,2.6140194999178905,0.10396039603960396,0.559322033898305,0.5012317032839684,0.07910966639646877,1.5017247925453034,0.5589103763116336,0.0072922500376456515,0.02279236851514691,,,,,,,,,,,,,,
per_year,STRATEGY,,,,,,realized,c2c,primary,,,-0.21728184975696208,,,-14.384910722090769,,,,,,,,,,,,,,,,,,,,,,,,,,,,,,,,,,,2011.0,,,,,,,,,,,,,
per_year,STRATEGY,,,,,,realized,c2c,primary,,,-0.15996137274442257,,,0.016862845496393105,,,,,,,,,,,,,,,,,,,,,,,,,,,,,,,,,,,2012.0,,,,,,,,,,,,,
per_year,STRATEGY,,,,,,realized,c2c,primary,,,0.5249772985941044,,,1.519178882337423,,,,,,,,,,,,,,,,,,,,,,,,,,,,,,,,,,,2013.0,,,,,,,,,,,,,
per_year,STRATEGY,,,,,,realized,c2c,primary,,,0.21790064880078397,,,1.9785268564222334,,,,,,,,,,,,,,,,,,,,,,,,,,,,,,,,,,,2014.0,,,,,,,,,,,,,
per_year,STRATEGY,,,,,,realized,c2c,primary,,,-0.06289938908712822,,,-0.032970066504817916,,,,,,,,,,,,,,,,,,,,,,,,,,,,,,,,,,,2015.0,,,,,,,,,,,,,
per_year,STRATEGY,,,,,,realized,c2c,primary,,,0.2633997581438079,,,1.5835165298908334,,,,,,,,,,,,,,,,,,,,,,,,,,,,,,,,,,,2016.0,,,,,,,,,,,,,
per_year,STRATEGY,,,,,,realized,c2c,primary,,,0.40361032198704305,,,4.035875076707621,,,,,,,,,,,,,,,,,,,,,,,,,,,,,,,,,,,2017.0,,,,,,,,,,,,,
per_year,STRATEGY,,,,,,realized,c2c,primary,,,0.2773891999759486,,,1.3832284770396437,,,,,,,,,,,,,,,,,,,,,,,,,,,,,,,,,,,2018.0,,,,,,,,,,,,,
per_year,STRATEGY,,,,,,realized,c2c,primary,,,0.8701226663277981,,,4.606425821691602,,,,,,,,,,,,,,,,,,,,,,,,,,,,,,,,,,,2019.0,,,,,,,,,,,,,
per_year,STRATEGY,,,,,,realized,c2c,primary,,,0.6921652494158452,,,1.404745045388466,,,,,,,,,,,,,,,,,,,,,,,,,,,,,,,,,,,2020.0,,,,,,,,,,,,,
per_year,STRATEGY,,,,,,realized,c2c,primary,,,0.5656555542021997,,,3.937539544185349,,,,,,,,,,,,,,,,,,,,,,,,,,,,,,,,,,,2021.0,,,,,,,,,,,,,
metrics,buy_hold_QQQ,,,,,,realized,c2c,primary,2473.0,6.705489750537126,0.23130434314933424,0.19393112535096843,1.139398871527718,1.775687621183655,-0.2856025620779731,0.8098818913472676,0.22098242990216171,0.017319689554115322,0.15723916047393735,1.4053905479785993,-0.4768302201861036,9.677492072562497,-0.019203668995246125,-0.02954612069297399,-0.3048487945285372,-0.4690301253618514,-0.034711175571983624,-0.04768907351594052,-0.5510228296690132,-0.7570405726695316,2.0,113.0,72.0,103.0,55.0,True,4.994204435771137,4.6314552422526,-0.3653593103418217,3.0545326979915957,0.022952295229522954,0.6610169491525424,1.908216863337831,0.19220412004549892,1.8824984293972005,0.27165374530596376,13.354993600007925,102.52421763308885,,window_entry,0.16449871798097876,0.982602678635214,0.46991362395870157,0.34188031042513156,0.1412456483597856,1.0935624253621559,21.0,2.764132515173104,0.9782333836632731,0.7997218700347136,1398.0,1075.0
per_year,buy_hold_QQQ,,,,,,realized,c2c,primary,,,0.07362198181448698,,,4.171424410275603,,,,,,,,,,,,,,,,,,,,,,,,,,,,,,,,,,,2011.0,,,,,,,,,,,,,
per_year,buy_hold_QQQ,,,,,,realized,c2c,primary,,,0.18118650914009038,,,1.5374547011195288,,,,,,,,,,,,,,,,,,,,,,,,,,,,,,,,,,,2012.0,,,,,,,,,,,,,
per_year,buy_hold_QQQ,,,,,,realized,c2c,primary,,,0.36638595538396435,,,8.531377051512855,,,,,,,,,,,,,,,,,,,,,,,,,,,,,,,,,,,2013.0,,,,,,,,,,,,,
per_year,buy_hold_QQQ,,,,,,realized,c2c,primary,,,0.19181014825457932,,,4.185495791237455,,,,,,,,,,,,,,,,,,,,,,,,,,,,,,,,,,,2014.0,,,,,,,,,,,,,
per_year,buy_hold_QQQ,,,,,,realized,c2c,primary,,,0.09446549635432033,,,2.487800667404579,,,,,,,,,,,,,,,,,,,,,,,,,,,,,,,,,,,2015.0,,,,,,,,,,,,,
per_year,buy_hold_QQQ,,,,,,realized,c2c,primary,,,0.0710251716774093,,,1.0461014896361256,,,,,,,,,,,,,,,,,,,,,,,,,,,,,,,,,,,2016.0,,,,,,,,,,,,,
per_year,buy_hold_QQQ,,,,,,realized,c2c,primary,,,0.32665200611159073,,,5.667047344895234,,,,,,,,,,,,,,,,,,,,,,,,,,,,,,,,,,,2017.0,,,,,,,,,,,,,
per_year,buy_hold_QQQ,,,,,,realized,c2c,primary,,,-0.0011590506272045609,,,0.03672877253099492,,,,,,,,,,,,,,,,,,,,,,,,,,,,,,,,,,,2018.0,,,,,,,,,,,,,
per_year,buy_hold_QQQ,,,,,,realized,c2c,primary,,,0.389617621881283,,,4.561928709475352,,,,,,,,,,,,,,,,,,,,,,,,,,,,,,,,,,,2019.0,,,,,,,,,,,,,
per_year,buy_hold_QQQ,,,,,,realized,c2c,primary,,,0.4840499341438773,,,4.121835467207324,,,,,,,,,,,,,,,,,,,,,,,,,,,,,,,,,,,2020.0,,,,,,,,,,,,,
per_year,buy_hold_QQQ,,,,,,realized,c2c,primary,,,0.16479894703813036,,,6.077399781786121,,,,,,,,,,,,,,,,,,,,,,,,,,,,,,,,,,,2021.0,,,,,,,,,,,,,
metrics,buy_hold_TQQQ,,,,,,realized,c2c,primary,2473.0,109.33060028423003,0.6149229048003337,0.5733298170813139,1.1178553926673083,1.7398675097245806,-0.6992253224120184,0.8794345471916284,0.6409166711494487,0.0027232870101826646,0.46505828476989247,1.3781426804740609,-0.4972805777527346,9.155764465195663,-0.05663518471200219,-0.08773454777174647,-0.8990556852249904,-1.392742768756543,-0.10357661234294173,-0.1409906029694701,-1.6442277474118017,-2.238156435925576,13.0,103.0,98.0,140.0,77.0,True,16.36353649418505,3.7578851308753025,-0.4006833028918729,3.0597735279942455,0.03195319531953195,0.6440677966101694,1.854323828931262,0.5442059931345815,1.8380614273641849,0.6888171638503273,225.80172508482232,638.8851058368169,,window_entry,0.1687075824619277,0.3322258144578403,0.6061585390538085,-0.42774292352626814,0.14110873656480516,1.1258640625065472,21.0,2.8498735810346982,0.33756769514419854,0.2763505688001035,1395.0,1078.0
per_year,buy_hold_TQQQ,,,,,,realized,c2c,primary,,,0.17433452207315514,,,4.032976290006176,,,,,,,,,,,,,,,,,,,,,,,,,,,,,,,,,,,2011.0,,,,,,,,,,,,,
per_year,buy_hold_TQQQ,,,,,,realized,c2c,primary,,,0.523004357308614,,,1.5180210877284301,,,,,,,,,,,,,,,,,,,,,,,,,,,,,,,,,,,2012.0,,,,,,,,,,,,,
per_year,buy_hold_TQQQ,,,,,,realized,c2c,primary,,,1.3975713538701622,,,8.38202577587165,,,,,,,,,,,,,,,,,,,,,,,,,,,,,,,,,,,2013.0,,,,,,,,,,,,,
per_year,buy_hold_TQQQ,,,,,,realized,c2c,primary,,,0.5709410227683862,,,4.0613197688474445,,,,,,,,,,,,,,,,,,,,,,,,,,,,,,,,,,,2014.0,,,,,,,,,,,,,
per_year,buy_hold_TQQQ,,,,,,realized,c2c,primary,,,0.17232465681281028,,,2.344101987717176,,,,,,,,,,,,,,,,,,,,,,,,,,,,,,,,,,,2015.0,,,,,,,,,,,,,
per_year,buy_hold_TQQQ,,,,,,realized,c2c,primary,,,0.11380958684208742,,,0.9790837077858117,,,,,,,,,,,,,,,,,,,,,,,,,,,,,,,,,,,2016.0,,,,,,,,,,,,,
per_year,buy_hold_TQQQ,,,,,,realized,c2c,primary,,,1.180658441852756,,,5.559737959143128,,,,,,,,,,,,,,,,,,,,,,,,,,,,,,,,,,,2017.0,,,,,,,,,,,,,
per_year,buy_hold_TQQQ,,,,,,realized,c2c,primary,,,-0.19804958719556398,,,-0.024184662414391163,,,,,,,,,,,,,,,,,,,,,,,,,,,,,,,,,,,2018.0,,,,,,,,,,,,,
per_year,buy_hold_TQQQ,,,,,,realized,c2c,primary,,,1.3383538472285883,,,4.444614037524309,,,,,,,,,,,,,,,,,,,,,,,,,,,,,,,,,,,2019.0,,,,,,,,,,,,,
per_year,buy_hold_TQQQ,,,,,,realized,c2c,primary,,,1.1005296605245247,,,3.7956865298509657,,,,,,,,,,,,,,,,,,,,,,,,,,,,,,,,,,,2020.0,,,,,,,,,,,,,
per_year,buy_hold_TQQQ,,,,,,realized,c2c,primary,,,0.46028802226031096,,,5.869871682504695,,,,,,,,,,,,,,,,,,,,,,,,,,,,,,,,,,,2021.0,,,,,,,,,,,,,
metrics,vol_targeted_QQQ_matched,,,,,,realized,c2c,primary,2473.0,10.911608854498418,0.2871879095241243,0.2771933641341882,1.0289370966823532,1.3882793810209393,-0.3449438058524892,0.8325643326581043,0.28522717373404016,1.3192359451802442,0.22339942904886853,1.276758740827609,-0.6606452167889216,3.508111945283096,-0.0284951456969573,-0.04392727699213775,-0.45234641452020785,-0.6973239041606752,-0.05132617703013062,-0.06955819569872489,-0.8147778010164082,-1.1042021247911324,5.0,264.4,224.0,322.0,207.0,True,11.343179025244531,2.531811486753232,-0.721576734785183,3.0673222800447064,0.13636363636363635,0.6610169491525424,1.2719674364384836,0.24576544601757444,1.5636568776882762,0.3299525271348913,0.21769260500621554,1.052335926786214,,window_entry,0.20731247251700263,0.6111765956062342,0.48993772282752734,0.19677903396317986,0.11163306431722009,1.3359136215492713,21.0,2.6454097951603646,0.6727974023459382,0.5379522649123123,1396.0,1077.0
per_year,vol_targeted_QQQ_matched,,,,,,realized,c2c,primary,,,0.047354077968781105,,,3.5342902045798192,,,,,,,,,,,,,,,,,,,,,,,,,,,,,,,,,,,2011.0,,,,,,,,,,,,,
per_year,vol_targeted_QQQ_matched,,,,,,realized,c2c,primary,,,0.13363821023625078,,,0.9900670419313051,,,,,,,,,,,,,,,,,,,,,,,,,,,,,,,,,,,2012.0,,,,,,,,,,,,,
per_year,vol_targeted_QQQ_matched,,,,,,realized,c2c,primary,,,0.790060271790398,,,6.446895264201877,,,,,,,,,,,,,,,,,,,,,,,,,,,,,,,,,,,2013.0,,,,,,,,,,,,,
per_year,vol_targeted_QQQ_matched,,,,,,realized,c2c,primary,,,0.30941836758357955,,,3.5728365978514756,,,,,,,,,,,,,,,,,,,,,,,,,,,,,,,,,,,2014.0,,,,,,,,,,,,,
per_year,vol_targeted_QQQ_matched,,,,,,realized,c2c,primary,,,0.03542175420394855,,,0.8636821347751524,,,,,,,,,,,,,,,,,,,,,,,,,,,,,,,,,,,2015.0,,,,,,,,,,,,,
per_year,vol_targeted_QQQ_matched,,,,,,realized,c2c,primary,,,0.034508410699827685,,,0.5274006743569783,,,,,,,,,,,,,,,,,,,,,,,,,,,,,,,,,,,2016.0,,,,,,,,,,,,,
per_year,vol_targeted_QQQ_matched,,,,,,realized,c2c,primary,,,0.9039490645204618,,,5.151100772290006,,,,,,,,,,,,,,,,,,,,,,,,,,,,,,,,,,,2017.0,,,,,,,,,,,,,
per_year,vol_targeted_QQQ_matched,,,,,,realized,c2c,primary,,,-0.035868695597758515,,,0.0005042849599287959,,,,,,,,,,,,,,,,,,,,,,,,,,,,,,,,,,,2018.0,,,,,,,,,,,,,
per_year,vol_targeted_QQQ_matched,,,,,,realized,c2c,primary,,,0.4350681863157859,,,4.04097546725623,,,,,,,,,,,,,,,,,,,,,,,,,,,,,,,,,,,2019.0,,,,,,,,,,,,,
per_year,vol_targeted_QQQ_matched,,,,,,realized,c2c,primary,,,0.2706291640562495,,,2.347330391966144,,,,,,,,,,,,,,,,,,,,,,,,,,,,,,,,,,,2020.0,,,,,,,,,,,,,
per_year,vol_targeted_QQQ_matched,,,,,,realized,c2c,primary,,,0.1937741224252636,,,4.352514815468846,,,,,,,,,,,,,,,,,,,,,,,,,,,,,,,,,,,2021.0,,,,,,,,,,,,,
metrics,naive_fast_1d_momentum,,,,,,realized,c2c,primary,2473.0,20.433423832781685,0.3665921725174359,0.40137920312306585,0.9640469840216681,1.0848102897540752,-0.42820162430792286,0.8561204622003415,0.3869508898941791,64.76574214637284,0.34212152110637767,1.1310334662456454,0.2500529041293134,14.975476688648927,-0.03694679721273149,-0.06504370111793667,-0.5865122229913314,-1.032536745055646,-0.07869939975878447,-0.10736628676659382,-1.249314240550802,-1.7043869638611144,7.0,226.28571428571428,469.0,683.0,321.0,True,17.01171785503306,2.1549391756986878,-1.263315635522456,3.2232475689682767,0.14581458145814583,0.6440677966101694,0.7529169756394878,0.14088639374574674,1.9026506306576563,0.6367112993154773,0.005660279035928049,0.016749754635751197,,window_entry,0.2856115246376657,0.24815841855992654,0.5816118132613488,-0.009137098385637294,0.03858589642942423,1.747359287299918,21.0,1.886322125197327,0.3235549883622059,0.14202281511066145,1237.0,1232.0
per_year,naive_fast_1d_momentum,,,,,,realized,c2c,primary,,,0.202536105048448,,,5.378768139853888,,,,,,,,,,,,,,,,,,,,,,,,,,,,,,,,,,,2011.0,,,,,,,,,,,,,
per_year,naive_fast_1d_momentum,,,,,,realized,c2c,primary,,,-0.12094006572647598,,,-0.23094790699871748,,,,,,,,,,,,,,,,,,,,,,,,,,,,,,,,,,,2012.0,,,,,,,,,,,,,
per_year,naive_fast_1d_momentum,,,,,,realized,c2c,primary,,,0.6022705575951353,,,7.060728495575744,,,,,,,,,,,,,,,,,,,,,,,,,,,,,,,,,,,2013.0,,,,,,,,,,,,,
per_year,naive_fast_1d_momentum,,,,,,realized,c2c,primary,,,0.09194809176688379,,,1.0954342724595227,,,,,,,,,,,,,,,,,,,,,,,,,,,,,,,,,,,2014.0,,,,,,,,,,,,,
per_year,naive_fast_1d_momentum,,,,,,realized,c2c,primary,,,-0.1193219638928299,,,-0.6795610961474643,,,,,,,,,,,,,,,,,,,,,,,,,,,,,,,,,,,2015.0,,,,,,,,,,,,,
per_year,naive_fast_1d_momentum,,,,,,realized,c2c,primary,,,0.12197336494260402,,,1.3809516482918853,,,,,,,,,,,,,,,,,,,,,,,,,,,,,,,,,,,2016.0,,,,,,,,,,,,,
per_year,naive_fast_1d_momentum,,,,,,realized,c2c,primary,,,0.7439114118605041,,,5.803523354201177,,,,,,,,,,,,,,,,,,,,,,,,,,,,,,,,,,,2017.0,,,,,,,,,,,,,
per_year,naive_fast_1d_momentum,,,,,,realized,c2c,primary,,,0.1736958299751965,,,0.5495461015815994,,,,,,,,,,,,,,,,,,,,,,,,,,,,,,,,,,,2018.0,,,,,,,,,,,,,
per_year,naive_fast_1d_momentum,,,,,,realized,c2c,primary,,,1.1530577690826598,,,3.8390131104047396,,,,,,,,,,,,,,,,,,,,,,,,,,,,,,,,,,,2019.0,,,,,,,,,,,,,
per_year,naive_fast_1d_momentum,,,,,,realized,c2c,primary,,,1.5323966455211027,,,4.592889863882954,,,,,,,,,,,,,,,,,,,,,,,,,,,,,,,,,,,2020.0,,,,,,,,,,,,,
per_year,naive_fast_1d_momentum,,,,,,realized,c2c,primary,,,0.05092080362294471,,,1.3371402411952396,,,,,,,,,,,,,,,,,,,,,,,,,,,,,,,,,,,2021.0,,,,,,,,,,,,,
metrics,matched_exposure_levered_QQQ_1.70,,,,,,realized,c2c,primary,2473.0,21.090724716538094,0.37080506968895177,0.3249355192645558,1.1162751960669626,1.737794653717885,-0.45628166295192096,0.8126670427429034,0.3627339785606859,0.8365708240107647,0.2636267825526258,1.375937509263787,-0.4982372924047564,9.165681644180236,-0.03209133281005094,-0.04971658459846235,-0.5094341151360144,-0.7892263132982124,-0.05869626791061697,-0.07991280056307788,-0.9317743666746798,-1.2685763811636388,5.0,109.8,86.0,123.0,65.0,True,8.860783346366498,4.1847888069738906,-0.4023097651213428,3.0580195545470588,0.032403240324032405,0.6610169491525424,1.8515098114550912,0.3154611059937411,1.8366370951789883,0.42842987046684367,0.4432440853139057,2.0772833618394557,,window_entry,0.16901411079053205,0.5861665774662383,0.4888027490282501,0.038671359788900905,0.14110139343698636,1.1280677676234736,21.0,2.8498219913369565,0.5935183866092867,0.48574651492640125,1400.0,1073.0
per_year,matched_exposure_levered_QQQ_1.70,,,,,,realized,c2c,primary,,,0.11364056423530666,,,4.026595263967441,,,,,,,,,,,,,,,,,,,,,,,,,,,,,,,,,,,2011.0,,,,,,,,,,,,,
per_year,matched_exposure_levered_QQQ_1.70,,,,,,realized,c2c,primary,,,0.3018018383874401,,,1.5151669981589826,,,,,,,,,,,,,,,,,,,,,,,,,,,,,,,,,,,2012.0,,,,,,,,,,,,,
per_year,matched_exposure_levered_QQQ_1.70,,,,,,realized,c2c,primary,,,0.6684311739508564,,,8.373216156731022,,,,,,,,,,,,,,,,,,,,,,,,,,,,,,,,,,,2013.0,,,,,,,,,,,,,
per_year,matched_exposure_levered_QQQ_1.70,,,,,,realized,c2c,primary,,,0.31914694827404744,,,4.055006649883281,,,,,,,,,,,,,,,,,,,,,,,,,,,,,,,,,,,2014.0,,,,,,,,,,,,,
per_year,matched_exposure_levered_QQQ_1.70,,,,,,realized,c2c,primary,,,0.13244076727345644,,,2.3371427851558995,,,,,,,,,,,,,,,,,,,,,,,,,,,,,,,,,,,2015.0,,,,,,,,,,,,,
per_year,matched_exposure_levered_QQQ_1.70,,,,,,realized,c2c,primary,,,0.09525741777220653,,,0.9755336739011369,,,,,,,,,,,,,,,,,,,,,,,,,,,,,,,,,,,2016.0,,,,,,,,,,,,,
per_year,matched_exposure_levered_QQQ_1.70,,,,,,realized,c2c,primary,,,0.5796689780704085,,,5.5551676050289664,,,,,,,,,,,,,,,,,,,,,,,,,,,,,,,,,,,2017.0,,,,,,,,,,,,,
per_year,matched_exposure_levered_QQQ_1.70,,,,,,realized,c2c,primary,,,-0.058538838340673194,,,-0.026269138904768424,,,,,,,,,,,,,,,,,,,,,,,,,,,,,,,,,,,2018.0,,,,,,,,,,,,,
per_year,matched_exposure_levered_QQQ_1.70,,,,,,realized,c2c,primary,,,0.6803117858355969,,,4.438945255075593,,,,,,,,,,,,,,,,,,,,,,,,,,,,,,,,,,,2019.0,,,,,,,,,,,,,
per_year,matched_exposure_levered_QQQ_1.70,,,,,,realized,c2c,primary,,,0.7598727733920112,,,3.7905018938923716,,,,,,,,,,,,,,,,,,,,,,,,,,,,,,,,,,,2020.0,,,,,,,,,,,,,
per_year,matched_exposure_levered_QQQ_1.70,,,,,,realized,c2c,primary,,,0.26925015730210045,,,5.863173066271818,,,,,,,,,,,,,,,,,,,,,,,,,,,,,,,,,,,2021.0,,,,,,,,,,,,,
metrics,long_legs_only,,,,,,realized,c2c,primary,2473.0,32.620401360057386,0.4307430250369497,0.5154599512900717,0.9393068390776663,1.0525031785205898,-0.5863196573324816,0.7346556091887778,0.4841700027015961,32.41257857294988,0.37740253270882596,1.282900777656263,0.9420261188693079,26.787054687808002,-0.04516755811372608,-0.07042634674651511,-0.7170127565818613,-1.1179835954284911,-0.0812223916649606,-0.11861689572617788,-1.2893654954122273,-1.882984844291682,12.0,144.41666666666666,82.0,115.0,63.0,True,21.235685765854473,2.028392347609301,-0.6416319324693842,2.8490499898129835,0.10441044104410441,0.5932203389830508,0.6156775717681451,0.12452132273677252,1.7989751301101946,0.8199984807258842,0.01328937850678838,0.032472059455305506,,strategy_stream,-0.08087644099621055,0.9552700166256027,0.12329137190230881,-0.8316344897895876,0.9429493195110287,-2.0643940723419383,21.0,1.697544010698684,0.8988402789482759,0.9211292197093572,1323.0,1150.0
per_year,long_legs_only,,,,,,realized,c2c,primary,,,-0.10230110869142672,,,-4.181790726823627,,,,,,,,,,,,,,,,,,,,,,,,,,,,,,,,,,,2011.0,,,,,,,,,,,,,
per_year,long_legs_only,,,,,,realized,c2c,primary,,,-0.17726538475586728,,,-0.04759937333941052,,,,,,,,,,,,,,,,,,,,,,,,,,,,,,,,,,,2012.0,,,,,,,,,,,,,
per_year,long_legs_only,,,,,,realized,c2c,primary,,,0.896958435340419,,,2.578691687361992,,,,,,,,,,,,,,,,,,,,,,,,,,,,,,,,,,,2013.0,,,,,,,,,,,,,
per_year,long_legs_only,,,,,,realized,c2c,primary,,,0.18070914334591115,,,1.822159766940415,,,,,,,,,,,,,,,,,,,,,,,,,,,,,,,,,,,2014.0,,,,,,,,,,,,,
per_year,long_legs_only,,,,,,realized,c2c,primary,,,-0.10229984175290441,,,-0.38167534039870155,,,,,,,,,,,,,,,,,,,,,,,,,,,,,,,,,,,2015.0,,,,,,,,,,,,,
per_year,long_legs_only,,,,,,realized,c2c,primary,,,0.17678630282041463,,,1.4776703552865427,,,,,,,,,,,,,,,,,,,,,,,,,,,,,,,,,,,2016.0,,,,,,,,,,,,,
per_year,long_legs_only,,,,,,realized,c2c,primary,,,0.47742969301605975,,,4.507888202627922,,,,,,,,,,,,,,,,,,,,,,,,,,,,,,,,,,,2017.0,,,,,,,,,,,,,
per_year,long_legs_only,,,,,,realized,c2c,primary,,,0.5019919801956558,,,2.035010571860051,,,,,,,,,,,,,,,,,,,,,,,,,,,,,,,,,,,2018.0,,,,,,,,,,,,,
per_year,long_legs_only,,,,,,realized,c2c,primary,,,1.154813413492438,,,5.587007478527282,,,,,,,,,,,,,,,,,,,,,,,,,,,,,,,,,,,2019.0,,,,,,,,,,,,,
per_year,long_legs_only,,,,,,realized,c2c,primary,,,1.367890571427552,,,2.2632796426374604,,,,,,,,,,,,,,,,,,,,,,,,,,,,,,,,,,,2020.0,,,,,,,,,,,,,
per_year,long_legs_only,,,,,,realized,c2c,primary,,,0.6991708600421498,,,4.673336978206304,,,,,,,,,,,,,,,,,,,,,,,,,,,,,,,,,,,2021.0,,,,,,,,,,,,,
metrics,equal_weight_universe,,,,,,realized,c2c,primary,2473.0,3.066910661875509,0.1536774032491286,0.330799879697758,0.5825037799335275,0.5961159674991012,-0.5925894369812184,0.25933199895022646,0.19269790518038304,0.037069003093481205,0.3750504983354783,0.5137918921201299,-1.0886702651245634,18.871359203319813,-0.02868988215877235,-0.05600625459571124,-0.45543776001516334,-0.8890717291465217,-0.07432802469833381,-0.10287602149090784,-1.1799208127667478,-1.6331062124200706,6.0,194.5,129.0,183.0,108.0,True,12.912698387996778,1.1901261737204523,-2.4644601177473704,2.839840447198429,0.22907290729072907,0.7542372881355932,-0.5235454994768239,-0.0333793659213123,1.2640939275338532,0.37673578941339203,4.145711792183417,16.081251659123566,,window_entry,0.2976562690892856,0.4358136450225667,0.5207434373981046,0.362825005146125,0.08083759938900126,1.9675915694414026,21.0,2.3938302050145563,0.5476551594601127,0.3083749780106668,1770.0,699.0
per_year,equal_weight_universe,,,,,,realized,c2c,primary,,,3.583396635975511e-05,,,4.91853636766061,,,,,,,,,,,,,,,,,,,,,,,,,,,,,,,,,,,2011.0,,,,,,,,,,,,,
per_year,equal_weight_universe,,,,,,realized,c2c,primary,,,0.0008773279489964203,,,1.235779228099099,,,,,,,,,,,,,,,,,,,,,,,,,,,,,,,,,,,2012.0,,,,,,,,,,,,,
per_year,equal_weight_universe,,,,,,realized,c2c,primary,,,0.0005765544893809871,,,1.2259617071327575,,,,,,,,,,,,,,,,,,,,,,,,,,,,,,,,,,,2013.0,,,,,,,,,,,,,
per_year,equal_weight_universe,,,,,,realized,c2c,primary,,,0.00032477477553816136,,,1.2259617071327575,,,,,,,,,,,,,,,,,,,,,,,,,,,,,,,,,,,2014.0,,,,,,,,,,,,,
per_year,equal_weight_universe,,,,,,realized,c2c,primary,,,-0.11945845682008127,,,-2.253477830829612,,,,,,,,,,,,,,,,,,,,,,,,,,,,,,,,,,,2015.0,,,,,,,,,,,,,
per_year,equal_weight_universe,,,,,,realized,c2c,primary,,,-0.020286860202706092,,,-0.29907803677047395,,,,,,,,,,,,,,,,,,,,,,,,,,,,,,,,,,,2016.0,,,,,,,,,,,,,
per_year,equal_weight_universe,,,,,,realized,c2c,primary,,,0.5514144489178361,,,10.122608274863428,,,,,,,,,,,,,,,,,,,,,,,,,,,,,,,,,,,2017.0,,,,,,,,,,,,,
per_year,equal_weight_universe,,,,,,realized,c2c,primary,,,-0.2720814724740951,,,-1.1493570078189865,,,,,,,,,,,,,,,,,,,,,,,,,,,,,,,,,,,2018.0,,,,,,,,,,,,,
per_year,equal_weight_universe,,,,,,realized,c2c,primary,,,0.9115896649709858,,,5.262275939378218,,,,,,,,,,,,,,,,,,,,,,,,,,,,,,,,,,,2019.0,,,,,,,,,,,,,
per_year,equal_weight_universe,,,,,,realized,c2c,primary,,,0.5814472521154206,,,2.0498890203488562,,,,,,,,,,,,,,,,,,,,,,,,,,,,,,,,,,,2020.0,,,,,,,,,,,,,
per_year,equal_weight_universe,,,,,,realized,c2c,primary,,,0.3783772541254673,,,6.786894295955925,,,,,,,,,,,,,,,,,,,,,,,,,,,,,,,,,,,2021.0,,,,,,,,,,,,,
metrics,sleeve_T10_standalone,,,,,,realized,c2c,primary,2473.0,1.6536403739894734,0.10456106185541802,0.7543838856857419,0.4904610766854494,0.6634021483259559,-0.792550173555929,0.13192989585288295,0.36999191356409733,55.62159365971672,0.49532029264541133,0.7469750766479625,1.3422693740541336,13.924669330777983,-0.06502885634139881,-0.0986831205084978,-1.032301091533721,-1.5665459727918183,-0.11822670473414817,-0.16099701075995967,-1.8767907543193127,-2.55574831377386,5.0,474.0,1211.0,1756.0,698.0,True,48.18856533429207,0.21698313931958876,-1.5119066132837067,2.1571320905321323,0.2578757875787579,0.5254237288135594,0.3056031631878935,-0.07166643621682667,1.0635437827139855,0.31405754111246864,0.0018798645449661958,0.011927061140760104,,strategy_stream,0.1954555796809813,0.5032030674933282,0.5034676072426837,0.023129058955427183,0.5604246118579845,1.8810253205826923,21.0,2.4486669726638715,0.5581331635005344,0.5088539418671435,1266.0,1207.0
per_year,sleeve_T10_standalone,,,,,,realized,c2c,primary,,,-0.2847660051462384,,,-6.141412972795184,,,,,,,,,,,,,,,,,,,,,,,,,,,,,,,,,,,2011.0,,,,,,,,,,,,,
per_year,sleeve_T10_standalone,,,,,,realized,c2c,primary,,,0.053345218261827254,,,0.9026187633461689,,,,,,,,,,,,,,,,,,,,,,,,,,,,,,,,,,,2012.0,,,,,,,,,,,,,
per_year,sleeve_T10_standalone,,,,,,realized,c2c,primary,,,-0.3468485965094211,,,-0.44012570718216576,,,,,,,,,,,,,,,,,,,,,,,,,,,,,,,,,,,2013.0,,,,,,,,,,,,,
per_year,sleeve_T10_standalone,,,,,,realized,c2c,primary,,,1.1825257697474414,,,4.271538543001791,,,,,,,,,,,,,,,,,,,,,,,,,,,,,,,,,,,2014.0,,,,,,,,,,,,,
per_year,sleeve_T10_standalone,,,,,,realized,c2c,primary,,,-0.044599659913185485,,,0.3234606213652919,,,,,,,,,,,,,,,,,,,,,,,,,,,,,,,,,,,2015.0,,,,,,,,,,,,,
per_year,sleeve_T10_standalone,,,,,,realized,c2c,primary,,,-0.3917909758848501,,,-0.5402677463090011,,,,,,,,,,,,,,,,,,,,,,,,,,,,,,,,,,,2016.0,,,,,,,,,,,,,
per_year,sleeve_T10_standalone,,,,,,realized,c2c,primary,,,-0.3523983193357282,,,-1.3695640399692157,,,,,,,,,,,,,,,,,,,,,,,,,,,,,,,,,,,2017.0,,,,,,,,,,,,,
per_year,sleeve_T10_standalone,,,,,,realized,c2c,primary,,,0.36493045975494187,,,2.1093875556540453,,,,,,,,,,,,,,,,,,,,,,,,,,,,,,,,,,,2018.0,,,,,,,,,,,,,
per_year,sleeve_T10_standalone,,,,,,realized,c2c,primary,,,1.183568496520817,,,3.5494099650210655,,,,,,,,,,,,,,,,,,,,,,,,,,,,,,,,,,,2019.0,,,,,,,,,,,,,
per_year,sleeve_T10_standalone,,,,,,realized,c2c,primary,,,0.2608946494164035,,,1.8723848394788611,,,,,,,,,,,,,,,,,,,,,,,,,,,,,,,,,,,2020.0,,,,,,,,,,,,,
per_year,sleeve_T10_standalone,,,,,,realized,c2c,primary,,,0.7472199492972589,,,3.771478268793241,,,,,,,,,,,,,,,,,,,,,,,,,,,,,,,,,,,2021.0,,,,,,,,,,,,,
metrics,sleeve_T11_standalone,,,,,,realized,c2c,primary,2473.0,1.4696508248808602,0.09650286150469567,0.5491001992800876,0.4332935830322666,0.632983046768559,-0.772774057603454,0.12487849527968464,0.23791432899721848,54.77327023250632,0.4070511433048092,0.5844826452656904,0.07665465757589693,13.772842840361589,-0.0506462991672129,-0.07884564393447993,-0.8039850745333381,-1.251635794868293,-0.09117530527567973,-0.13052245000239956,-1.4473631008190635,-2.071979659303267,6.0,362.6666666666667,701.0,1017.0,,False,34.49569974620977,0.2797533090057086,-1.53728052179496,1.8985891544234483,0.32493249324932494,0.4915254237288136,0.6585978674632951,0.09129353868661783,0.6566078095027099,0.10173280975037557,0.0017618605041300613,0.011556422395113853,,strategy_stream,0.21408259113733144,0.7042621396662022,0.3660030016674379,0.3926807044810342,0.5815681811955202,2.2865107361161887,21.0,5.439201939517809,0.7720737768693224,0.7000073874887025,1240.0,1233.0
per_year,sleeve_T11_standalone,,,,,,realized,c2c,primary,,,-0.18714144025258517,,,-12.690042703339502,,,,,,,,,,,,,,,,,,,,,,,,,,,,,,,,,,,2011.0,,,,,,,,,,,,,
per_year,sleeve_T11_standalone,,,,,,realized,c2c,primary,,,-0.0827059476228732,,,0.30304982062528013,,,,,,,,,,,,,,,,,,,,,,,,,,,,,,,,,,,2012.0,,,,,,,,,,,,,
per_year,sleeve_T11_standalone,,,,,,realized,c2c,primary,,,0.031533857919463726,,,0.4529341439263984,,,,,,,,,,,,,,,,,,,,,,,,,,,,,,,,,,,2013.0,,,,,,,,,,,,,
per_year,sleeve_T11_standalone,,,,,,realized,c2c,primary,,,0.506776770751312,,,5.417226185549972,,,,,,,,,,,,,,,,,,,,,,,,,,,,,,,,,,,2014.0,,,,,,,,,,,,,
per_year,sleeve_T11_standalone,,,,,,realized,c2c,primary,,,0.23056199372293484,,,1.458674556251842,,,,,,,,,,,,,,,,,,,,,,,,,,,,,,,,,,,2015.0,,,,,,,,,,,,,
per_year,sleeve_T11_standalone,,,,,,realized,c2c,primary,,,-0.21575927278033502,,,-0.6356566643757059,,,,,,,,,,,,,,,,,,,,,,,,,,,,,,,,,,,2016.0,,,,,,,,,,,,,
per_year,sleeve_T11_standalone,,,,,,realized,c2c,primary,,,0.4996941107997499,,,3.8684737084413463,,,,,,,,,,,,,,,,,,,,,,,,,,,,,,,,,,,2017.0,,,,,,,,,,,,,
per_year,sleeve_T11_standalone,,,,,,realized,c2c,primary,,,-0.07436315078217837,,,0.24157477715224446,,,,,,,,,,,,,,,,,,,,,,,,,,,,,,,,,,,2018.0,,,,,,,,,,,,,
per_year,sleeve_T11_standalone,,,,,,realized,c2c,primary,,,0.05318706158163189,,,0.7057754370364306,,,,,,,,,,,,,,,,,,,,,,,,,,,,,,,,,,,2019.0,,,,,,,,,,,,,
per_year,sleeve_T11_standalone,,,,,,realized,c2c,primary,,,0.2372804083782447,,,1.3152151430000336,,,,,,,,,,,,,,,,,,,,,,,,,,,,,,,,,,,2020.0,,,,,,,,,,,,,
per_year,sleeve_T11_standalone,,,,,,realized,c2c,primary,,,0.22070219897243248,,,3.0343744766880665,,,,,,,,,,,,,,,,,,,,,,,,,,,,,,,,,,,2021.0,,,,,,,,,,,,,
metrics,sleeve_S2_standalone,,,,,,realized,c2c,primary,2473.0,19.249206561559614,0.35870027415060934,0.626623681779661,0.7934210528764791,0.826399447827938,-0.8174289632801708,0.4388152246419315,0.49717941677556593,20.515098945846898,0.49086931965788677,1.0128549429857971,0.4695238459548711,19.565440622112583,-0.05877220878218792,-0.09198452874893992,-0.9329798906378132,-1.4602091252109979,-0.10528603269350081,-0.15141361979903242,-1.6713639542137149,-2.4036166985779532,13.0,144.92307692307693,134.0,190.0,113.0,True,32.55571748159951,1.1018042356257292,-0.8746303527093395,3.0642215910069948,0.15931593159315932,0.6186440677966102,0.4160842478133346,0.09199812185893985,1.3740447988307867,0.6902413238545309,0.017484696276506385,0.04028249875905353,,strategy_stream,0.05957487463465779,0.6477777639875363,0.3755953090372049,-0.3076257036798071,0.6408054295600425,0.7211807201275326,21.0,3.722656167145208,0.6112251387337063,0.584265837835838,1352.0,1120.0
per_year,sleeve_S2_standalone,,,,,,realized,c2c,primary,,,-0.38934251192594904,,,-19.32909421402908,,,,,,,,,,,,,,,,,,,,,,,,,,,,,,,,,,,2011.0,,,,,,,,,,,,,
per_year,sleeve_S2_standalone,,,,,,realized,c2c,primary,,,-0.30237621990047614,,,-0.3054911948124997,,,,,,,,,,,,,,,,,,,,,,,,,,,,,,,,,,,2012.0,,,,,,,,,,,,,
per_year,sleeve_S2_standalone,,,,,,realized,c2c,primary,,,1.5479578694998977,,,2.646256061360034,,,,,,,,,,,,,,,,,,,,,,,,,,,,,,,,,,,2013.0,,,,,,,,,,,,,
per_year,sleeve_S2_standalone,,,,,,realized,c2c,primary,,,0.12405154884300851,,,1.6672344291595298,,,,,,,,,,,,,,,,,,,,,,,,,,,,,,,,,,,2014.0,,,,,,,,,,,,,
per_year,sleeve_S2_standalone,,,,,,realized,c2c,primary,,,-0.32075809067248284,,,-1.9240873830135021,,,,,,,,,,,,,,,,,,,,,,,,,,,,,,,,,,,2015.0,,,,,,,,,,,,,
per_year,sleeve_S2_standalone,,,,,,realized,c2c,primary,,,0.9399837359314163,,,2.4340057016134593,,,,,,,,,,,,,,,,,,,,,,,,,,,,,,,,,,,2016.0,,,,,,,,,,,,,
per_year,sleeve_S2_standalone,,,,,,realized,c2c,primary,,,1.1987896588646492,,,5.768468388282125,,,,,,,,,,,,,,,,,,,,,,,,,,,,,,,,,,,2017.0,,,,,,,,,,,,,
per_year,sleeve_S2_standalone,,,,,,realized,c2c,primary,,,-0.027352696772775853,,,0.3879178934075095,,,,,,,,,,,,,,,,,,,,,,,,,,,,,,,,,,,2018.0,,,,,,,,,,,,,
per_year,sleeve_S2_standalone,,,,,,realized,c2c,primary,,,1.2446640594029699,,,4.586741211779898,,,,,,,,,,,,,,,,,,,,,,,,,,,,,,,,,,,2019.0,,,,,,,,,,,,,
per_year,sleeve_S2_standalone,,,,,,realized,c2c,primary,,,0.7212055951512897,,,1.2945351464279589,,,,,,,,,,,,,,,,,,,,,,,,,,,,,,,,,,,2020.0,,,,,,,,,,,,,
per_year,sleeve_S2_standalone,,,,,,realized,c2c,primary,,,0.524280306569862,,,5.413384287986628,,,,,,,,,,,,,,,,,,,,,,,,,,,,,,,,,,,2021.0,,,,,,,,,,,,,
metrics,sleeve_S3_standalone,,,,,,realized,c2c,primary,2473.0,6.664021868144189,0.23062747312924414,0.642626794275596,0.6326785209346393,0.652971545378758,-0.7890323906696459,0.2922915153502283,0.4065727227914831,27.07106650186327,0.5013775024356306,0.8109113807787596,0.7746272266004285,18.632723463482513,-0.06014604296764738,-0.09243024951411921,-0.9547888322220016,-1.4672847230040489,-0.10864134208252098,-0.14548844139594627,-1.7246278395038794,-2.309557407408412,11.0,186.0,920.0,1334.0,512.0,True,42.76762067103668,0.5392571985783415,-1.729250291195042,3.009625961203792,0.2601260126012601,0.6186440677966102,0.10234777877786118,-0.08938461555853383,1.7732404487011881,0.6626946384613188,0.00851933458600053,0.024120643541465744,,strategy_stream,0.11825110632085609,0.6478190110859613,0.36747506801603846,-0.06785787507149636,0.6740202465323253,1.2487977532792671,21.0,1.5940924047700658,0.6308813236282556,0.5900385099955522,1470.0,995.0
per_year,sleeve_S3_standalone,,,,,,realized,c2c,primary,,,3.583396635975511e-05,,,4.91853636766061,,,,,,,,,,,,,,,,,,,,,,,,,,,,,,,,,,,2011.0,,,,,,,,,,,,,
per_year,sleeve_S3_standalone,,,,,,realized,c2c,primary,,,-0.4607675792006296,,,-0.8535488537419337,,,,,,,,,,,,,,,,,,,,,,,,,,,,,,,,,,,2012.0,,,,,,,,,,,,,
per_year,sleeve_S3_standalone,,,,,,realized,c2c,primary,,,1.5201100123427262,,,3.1778869106651335,,,,,,,,,,,,,,,,,,,,,,,,,,,,,,,,,,,2013.0,,,,,,,,,,,,,
per_year,sleeve_S3_standalone,,,,,,realized,c2c,primary,,,-0.5595057043892773,,,-2.3196162008164167,,,,,,,,,,,,,,,,,,,,,,,,,,,,,,,,,,,2014.0,,,,,,,,,,,,,
per_year,sleeve_S3_standalone,,,,,,realized,c2c,primary,,,-0.2551222945831695,,,-1.3139060988197433,,,,,,,,,,,,,,,,,,,,,,,,,,,,,,,,,,,2015.0,,,,,,,,,,,,,
per_year,sleeve_S3_standalone,,,,,,realized,c2c,primary,,,0.7631563831338997,,,2.301176699339496,,,,,,,,,,,,,,,,,,,,,,,,,,,,,,,,,,,2016.0,,,,,,,,,,,,,
per_year,sleeve_S3_standalone,,,,,,realized,c2c,primary,,,0.6345938029943783,,,5.72945626448738,,,,,,,,,,,,,,,,,,,,,,,,,,,,,,,,,,,2017.0,,,,,,,,,,,,,
per_year,sleeve_S3_standalone,,,,,,realized,c2c,primary,,,0.40126740197642774,,,3.123295656036864,,,,,,,,,,,,,,,,,,,,,,,,,,,,,,,,,,,2018.0,,,,,,,,,,,,,
per_year,sleeve_S3_standalone,,,,,,realized,c2c,primary,,,0.8565934971785716,,,2.257497331255853,,,,,,,,,,,,,,,,,,,,,,,,,,,,,,,,,,,2019.0,,,,,,,,,,,,,
per_year,sleeve_S3_standalone,,,,,,realized,c2c,primary,,,0.7083781412105739,,,1.1969150485155413,,,,,,,,,,,,,,,,,,,,,,,,,,,,,,,,,,,2020.0,,,,,,,,,,,,,
per_year,sleeve_S3_standalone,,,,,,realized,c2c,primary,,,0.34183118554844616,,,3.2789532174075937,,,,,,,,,,,,,,,,,,,,,,,,,,,,,,,,,,,2021.0,,,,,,,,,,,,,
metrics,STRATEGY,,,,,,realized,o2o,primary,2473.0,60.91321752183336,0.5225924351843778,0.488123344434799,1.0922198074109173,1.3846209839337436,-0.5306024012913015,0.9849040145927906,0.5331404315708892,37.874114183011926,0.3483027922637449,1.5306809001036659,0.417111041252278,8.230087655400679,-0.042180949107293975,-0.06724497014380601,-0.6696018084154308,-1.0674808075228441,-0.07533764965739496,-0.1149546547807957,-1.1959481121214652,-1.8248485715956058,13.0,97.15384615384616,70.0,99.0,59.0,True,14.976258834231999,3.4894725109174907,-0.237233527054237,2.944058617769524,0.01755175517551755,0.5932203389830508,1.4490627179615834,0.38146379351388715,1.4812777572608433,0.6780066510079099,0.013798142780558593,0.03655850476774457,,,,,,,,,,,,,,
per_year,STRATEGY,,,,,,realized,o2o,primary,,,-0.22465847092017155,,,-13.251585347622724,,,,,,,,,,,,,,,,,,,,,,,,,,,,,,,,,,,2011.0,,,,,,,,,,,,,
per_year,STRATEGY,,,,,,realized,o2o,primary,,,0.2208891083721667,,,3.2835217135311705,,,,,,,,,,,,,,,,,,,,,,,,,,,,,,,,,,,2012.0,,,,,,,,,,,,,
per_year,STRATEGY,,,,,,realized,o2o,primary,,,0.5912125002724726,,,1.4920877916770425,,,,,,,,,,,,,,,,,,,,,,,,,,,,,,,,,,,2013.0,,,,,,,,,,,,,
per_year,STRATEGY,,,,,,realized,o2o,primary,,,0.7648076012000611,,,6.481810335286039,,,,,,,,,,,,,,,,,,,,,,,,,,,,,,,,,,,2014.0,,,,,,,,,,,,,
per_year,STRATEGY,,,,,,realized,o2o,primary,,,0.3534747287600881,,,2.259102296429564,,,,,,,,,,,,,,,,,,,,,,,,,,,,,,,,,,,2015.0,,,,,,,,,,,,,
per_year,STRATEGY,,,,,,realized,o2o,primary,,,0.1468426395314757,,,0.9402600863084148,,,,,,,,,,,,,,,,,,,,,,,,,,,,,,,,,,,2016.0,,,,,,,,,,,,,
per_year,STRATEGY,,,,,,realized,o2o,primary,,,0.2585489738299527,,,2.419006016573615,,,,,,,,,,,,,,,,,,,,,,,,,,,,,,,,,,,2017.0,,,,,,,,,,,,,
per_year,STRATEGY,,,,,,realized,o2o,primary,,,0.8648608631398411,,,1.774298366082411,,,,,,,,,,,,,,,,,,,,,,,,,,,,,,,,,,,2018.0,,,,,,,,,,,,,
per_year,STRATEGY,,,,,,realized,o2o,primary,,,0.773799666221894,,,3.8201301453571865,,,,,,,,,,,,,,,,,,,,,,,,,,,,,,,,,,,2019.0,,,,,,,,,,,,,
per_year,STRATEGY,,,,,,realized,o2o,primary,,,1.5578146499068795,,,2.4674056436178415,,,,,,,,,,,,,,,,,,,,,,,,,,,,,,,,,,,2020.0,,,,,,,,,,,,,
per_year,STRATEGY,,,,,,realized,o2o,primary,,,0.4091083355634364,,,5.662062235025551,,,,,,,,,,,,,,,,,,,,,,,,,,,,,,,,,,,2021.0,,,,,,,,,,,,,
metrics,buy_hold_QQQ,,,,,,realized,o2o,primary,2473.0,6.8966976412474255,0.2343836742462655,0.19046605745390197,1.1698611113008928,1.7924186615414786,-0.27564602384358095,0.8503067484088567,0.22284740889918925,0.016806281155617553,0.15684805551830308,1.4207852826915313,-0.7412189371552144,7.582034633270494,-0.01839925571194576,-0.029160798904851532,-0.2920791295349589,-0.4629133316052109,-0.037841684414273984,-0.05051261595830786,-0.6007181169117473,-0.8018629193819712,2.0,102.5,71.0,102.0,50.0,True,5.042298603853405,4.648349744046212,-0.2871265317267706,3.124031367523069,0.022502250225022502,0.6779661016949152,1.891289297114689,0.20001365502159074,1.8756211109962884,0.2697091115624457,13.946195001499305,106.65171223452708,,window_entry,0.2872632919552906,1.103343049085339,0.440998889778628,0.7036140676623026,0.18539779032128467,2.3470066595382106,21.0,2.5613736292158764,1.0783681424664717,0.7669415105879785,1442.0,1031.0
per_year,buy_hold_QQQ,,,,,,realized,o2o,primary,,,0.10763713939580377,,,4.446958584163656,,,,,,,,,,,,,,,,,,,,,,,,,,,,,,,,,,,2011.0,,,,,,,,,,,,,
per_year,buy_hold_QQQ,,,,,,realized,o2o,primary,,,0.154582785441981,,,1.2361547190182707,,,,,,,,,,,,,,,,,,,,,,,,,,,,,,,,,,,2012.0,,,,,,,,,,,,,
per_year,buy_hold_QQQ,,,,,,realized,o2o,primary,,,0.390364367928113,,,10.599786634211052,,,,,,,,,,,,,,,,,,,,,,,,,,,,,,,,,,,2013.0,,,,,,,,,,,,,
per_year,buy_hold_QQQ,,,,,,realized,o2o,primary,,,0.21192264712863085,,,4.476493249562955,,,,,,,,,,,,,,,,,,,,,,,,,,,,,,,,,,,2014.0,,,,,,,,,,,,,
per_year,buy_hold_QQQ,,,,,,realized,o2o,primary,,,0.09104286005893081,,,2.614240020893876,,,,,,,,,,,,,,,,,,,,,,,,,,,,,,,,,,,2015.0,,,,,,,,,,,,,
per_year,buy_hold_QQQ,,,,,,realized,o2o,primary,,,0.07448227343218061,,,0.9617017938808119,,,,,,,,,,,,,,,,,,,,,,,,,,,,,,,,,,,2016.0,,,,,,,,,,,,,
per_year,buy_hold_QQQ,,,,,,realized,o2o,primary,,,0.31985761810770064,,,7.31467654322306,,,,,,,,,,,,,,,,,,,,,,,,,,,,,,,,,,,2017.0,,,,,,,,,,,,,
per_year,buy_hold_QQQ,,,,,,realized,o2o,primary,,,-0.006980993356777487,,,0.0051032231674193775,,,,,,,,,,,,,,,,,,,,,,,,,,,,,,,,,,,2018.0,,,,,,,,,,,,,
per_year,buy_hold_QQQ,,,,,,realized,o2o,primary,,,0.3807064637714028,,,4.5415437744223,,,,,,,,,,,,,,,,,,,,,,,,,,,,,,,,,,,2019.0,,,,,,,,,,,,,
per_year,buy_hold_QQQ,,,,,,realized,o2o,primary,,,0.48753122625872725,,,3.8998398953615316,,,,,,,,,,,,,,,,,,,,,,,,,,,,,,,,,,,2020.0,,,,,,,,,,,,,
per_year,buy_hold_QQQ,,,,,,realized,o2o,primary,,,0.16125134890818948,,,6.2098289893037695,,,,,,,,,,,,,,,,,,,,,,,,,,,,,,,,,,,2021.0,,,,,,,,,,,,,
metrics,buy_hold_TQQQ,,,,,,realized,o2o,primary,2473.0,117.65792572844045,0.6269414706979872,0.562710381163404,1.1412249659607967,1.7937434135358288,-0.6936992048238446,0.903765589377013,0.6422068213389439,0.0024879495265331206,0.45470360596692555,1.41236359886193,-0.633529263086602,5.596794666502715,-0.054682521247727635,-0.0859814589796299,-0.8680581137009564,-1.3649133469356127,-0.11127661428579316,-0.1462746318773597,-1.7664614888247963,-2.3220377943900887,13.0,101.53846153846153,98.0,140.0,77.0,True,16.378959481021298,3.8277246575061117,-0.3309962287554674,3.093923342817064,0.0279027902790279,0.6610169491525424,1.9072206219773842,0.5747600552632703,1.8370782857503238,0.6808076797369933,251.99123374966953,720.9725898400172,,window_entry,0.29103677846614173,0.3769870469453802,0.5622950093547402,-0.19396649081629505,0.18888480202972524,2.419074158436007,21.0,2.788493189411977,0.36277009259415566,0.25478548787885624,1436.0,1037.0
per_year,buy_hold_TQQQ,,,,,,realized,o2o,primary,,,0.2886523124425582,,,4.063786605542959,,,,,,,,,,,,,,,,,,,,,,,,,,,,,,,,,,,2011.0,,,,,,,,,,,,,
per_year,buy_hold_TQQQ,,,,,,realized,o2o,primary,,,0.4196978121406514,,,1.2224751543095949,,,,,,,,,,,,,,,,,,,,,,,,,,,,,,,,,,,2012.0,,,,,,,,,,,,,
per_year,buy_hold_TQQQ,,,,,,realized,o2o,primary,,,1.5315892633988821,,,10.473043929514702,,,,,,,,,,,,,,,,,,,,,,,,,,,,,,,,,,,2013.0,,,,,,,,,,,,,
per_year,buy_hold_TQQQ,,,,,,realized,o2o,primary,,,0.6507188711861462,,,4.385035211097131,,,,,,,,,,,,,,,,,,,,,,,,,,,,,,,,,,,2014.0,,,,,,,,,,,,,
per_year,buy_hold_TQQQ,,,,,,realized,o2o,primary,,,0.1617949099644942,,,2.679661566365772,,,,,,,,,,,,,,,,,,,,,,,,,,,,,,,,,,,2015.0,,,,,,,,,,,,,
per_year,buy_hold_TQQQ,,,,,,realized,o2o,primary,,,0.12332478272384662,,,0.9106876420523066,,,,,,,,,,,,,,,,,,,,,,,,,,,,,,,,,,,2016.0,,,,,,,,,,,,,
per_year,buy_hold_TQQQ,,,,,,realized,o2o,primary,,,1.153467517646003,,,7.1193693265053115,,,,,,,,,,,,,,,,,,,,,,,,,,,,,,,,,,,2017.0,,,,,,,,,,,,,
per_year,buy_hold_TQQQ,,,,,,realized,o2o,primary,,,-0.20919840755100394,,,-0.015618593688765335,,,,,,,,,,,,,,,,,,,,,,,,,,,,,,,,,,,2018.0,,,,,,,,,,,,,
per_year,buy_hold_TQQQ,,,,,,realized,o2o,primary,,,1.2848705703058787,,,4.423721131136692,,,,,,,,,,,,,,,,,,,,,,,,,,,,,,,,,,,2019.0,,,,,,,,,,,,,
per_year,buy_hold_TQQQ,,,,,,realized,o2o,primary,,,1.113381018656804,,,3.1071828662837757,,,,,,,,,,,,,,,,,,,,,,,,,,,,,,,,,,,2020.0,,,,,,,,,,,,,
per_year,buy_hold_TQQQ,,,,,,realized,o2o,primary,,,0.4461676540446229,,,5.705542445409816,,,,,,,,,,,,,,,,,,,,,,,,,,,,,,,,,,,2021.0,,,,,,,,,,,,,
metrics,vol_targeted_QQQ_matched,,,,,,realized,o2o,primary,2473.0,13.350477556401671,0.31185335280016213,0.28104892552578065,1.0865820088734346,1.4352528418265915,-0.3303290703044749,0.9440687509358983,0.30540454198445416,1.2941123930986929,0.22853970367360238,1.3363303490610507,-0.8052717637575781,6.963886291064393,-0.027861302504253272,-0.04343804161637896,-0.44228446577157154,-0.6895575333396773,-0.0514162791332634,-0.07024144596146338,-0.8162081275613676,-1.115048386461686,6.0,209.0,381.0,552.0,242.0,True,11.085510448634842,2.8131618678738084,-0.6348761698223717,3.169456908488269,0.12286228622862286,0.6694915254237288,1.297038504462318,0.2712876102913564,1.6601858324337815,0.353679140921521,0.24097856914378477,1.1090635168016159,,window_entry,0.3396357869515811,0.6336010701149238,0.466001793662884,0.4887017446786569,0.1331050783988741,2.6047566626054457,21.0,3.0333689247495883,0.7126000300761878,0.4934594904686405,1437.0,1036.0
per_year,vol_targeted_QQQ_matched,,,,,,realized,o2o,primary,,,0.07728842852829887,,,4.004821526308114,,,,,,,,,,,,,,,,,,,,,,,,,,,,,,,,,,,2011.0,,,,,,,,,,,,,
per_year,vol_targeted_QQQ_matched,,,,,,realized,o2o,primary,,,0.1512288076651378,,,0.8284717105106574,,,,,,,,,,,,,,,,,,,,,,,,,,,,,,,,,,,2012.0,,,,,,,,,,,,,
per_year,vol_targeted_QQQ_matched,,,,,,realized,o2o,primary,,,0.8805239546311061,,,7.615363335184636,,,,,,,,,,,,,,,,,,,,,,,,,,,,,,,,,,,2013.0,,,,,,,,,,,,,
per_year,vol_targeted_QQQ_matched,,,,,,realized,o2o,primary,,,0.32803591396710097,,,4.074362997581483,,,,,,,,,,,,,,,,,,,,,,,,,,,,,,,,,,,2014.0,,,,,,,,,,,,,
per_year,vol_targeted_QQQ_matched,,,,,,realized,o2o,primary,,,6.640176942362963e-05,,,0.681606795357205,,,,,,,,,,,,,,,,,,,,,,,,,,,,,,,,,,,2015.0,,,,,,,,,,,,,
per_year,vol_targeted_QQQ_matched,,,,,,realized,o2o,primary,,,0.08172507511823524,,,0.7472109853969362,,,,,,,,,,,,,,,,,,,,,,,,,,,,,,,,,,,2016.0,,,,,,,,,,,,,
per_year,vol_targeted_QQQ_matched,,,,,,realized,o2o,primary,,,0.9386225556834544,,,7.621723694697119,,,,,,,,,,,,,,,,,,,,,,,,,,,,,,,,,,,2017.0,,,,,,,,,,,,,
per_year,vol_targeted_QQQ_matched,,,,,,realized,o2o,primary,,,-0.021876769909522586,,,0.08102363889709864,,,,,,,,,,,,,,,,,,,,,,,,,,,,,,,,,,,2018.0,,,,,,,,,,,,,
per_year,vol_targeted_QQQ_matched,,,,,,realized,o2o,primary,,,0.45761009766864635,,,4.638103967298688,,,,,,,,,,,,,,,,,,,,,,,,,,,,,,,,,,,2019.0,,,,,,,,,,,,,
per_year,vol_targeted_QQQ_matched,,,,,,realized,o2o,primary,,,0.3165616579339303,,,2.787974115623617,,,,,,,,,,,,,,,,,,,,,,,,,,,,,,,,,,,2020.0,,,,,,,,,,,,,
per_year,vol_targeted_QQQ_matched,,,,,,realized,o2o,primary,,,0.17697945069398036,,,4.247131432814963,,,,,,,,,,,,,,,,,,,,,,,,,,,,,,,,,,,2021.0,,,,,,,,,,,,,
metrics,naive_fast_1d_momentum,,,,,,realized,o2o,primary,2473.0,9.094967609899406,0.26566514471489433,0.3857121395354316,0.7902521313745848,1.0753642567437471,-0.561448932320914,0.4731777538817101,0.3048234724569663,64.65533401490748,0.3403068392009202,0.8957312558652275,-0.5477077999764521,8.077247252174521,-0.03781616454297369,-0.06371215572779777,-0.6003130015140417,-1.011399117285434,-0.08018054200470594,-0.10940669033740648,-1.2728266447849212,-1.7367773663965853,9.0,187.33333333333334,829.0,1204.0,604.0,True,21.473167065297837,1.2371959101656134,-2.0118490160716545,2.245589220409864,0.12376237623762376,0.6186440677966102,0.7364096139170996,0.22231591171568388,1.8071444867222326,0.31051482901858507,0.004108943968236871,0.01663225893312688,,window_entry,0.42968565116461893,0.33939243448804923,0.5348450932287256,0.4268842736045882,0.07192943231277871,3.1920026460366526,21.0,2.528688251483612,0.39112004039146203,0.1159796346588269,1258.0,1213.0
per_year,naive_fast_1d_momentum,,,,,,realized,o2o,primary,,,-0.019217271791786228,,,0.07715019308961864,,,,,,,,,,,,,,,,,,,,,,,,,,,,,,,,,,,2011.0,,,,,,,,,,,,,
per_year,naive_fast_1d_momentum,,,,,,realized,o2o,primary,,,-0.33488468567411633,,,-0.8860947672624576,,,,,,,,,,,,,,,,,,,,,,,,,,,,,,,,,,,2012.0,,,,,,,,,,,,,
per_year,naive_fast_1d_momentum,,,,,,realized,o2o,primary,,,0.8158171020876919,,,6.3962460028352375,,,,,,,,,,,,,,,,,,,,,,,,,,,,,,,,,,,2013.0,,,,,,,,,,,,,
per_year,naive_fast_1d_momentum,,,,,,realized,o2o,primary,,,0.17183879437502347,,,0.5937205008824493,,,,,,,,,,,,,,,,,,,,,,,,,,,,,,,,,,,2014.0,,,,,,,,,,,,,
per_year,naive_fast_1d_momentum,,,,,,realized,o2o,primary,,,0.4058955598763041,,,2.0293808621380234,,,,,,,,,,,,,,,,,,,,,,,,,,,,,,,,,,,2015.0,,,,,,,,,,,,,
per_year,naive_fast_1d_momentum,,,,,,realized,o2o,primary,,,0.26238901542976345,,,1.9001521067913325,,,,,,,,,,,,,,,,,,,,,,,,,,,,,,,,,,,2016.0,,,,,,,,,,,,,
per_year,naive_fast_1d_momentum,,,,,,realized,o2o,primary,,,0.42413981644499055,,,2.480518553598995,,,,,,,,,,,,,,,,,,,,,,,,,,,,,,,,,,,2017.0,,,,,,,,,,,,,
per_year,naive_fast_1d_momentum,,,,,,realized,o2o,primary,,,0.5139236626525332,,,1.460424102117269,,,,,,,,,,,,,,,,,,,,,,,,,,,,,,,,,,,2018.0,,,,,,,,,,,,,
per_year,naive_fast_1d_momentum,,,,,,realized,o2o,primary,,,0.4473115800932552,,,3.0397641988600634,,,,,,,,,,,,,,,,,,,,,,,,,,,,,,,,,,,2019.0,,,,,,,,,,,,,
per_year,naive_fast_1d_momentum,,,,,,realized,o2o,primary,,,0.14817500515484583,,,1.4150580505448855,,,,,,,,,,,,,,,,,,,,,,,,,,,,,,,,,,,2020.0,,,,,,,,,,,,,
per_year,naive_fast_1d_momentum,,,,,,realized,o2o,primary,,,0.14372654803565665,,,4.37939532887892,,,,,,,,,,,,,,,,,,,,,,,,,,,,,,,,,,,2021.0,,,,,,,,,,,,,
metrics,matched_exposure_levered_QQQ_1.70,,,,,,realized,o2o,primary,2473.0,21.584154389947713,0.37389430195231976,0.31890832552620946,1.1384076775942409,1.7899229239206638,-0.46478566973180446,0.8044445564943261,0.3630749943806221,0.850781323624918,0.2577727834468464,1.408507870868723,-0.6347189045536348,5.602771280956826,-0.03099582675378356,-0.04872928266747292,-0.4920434956281226,-0.7735533810282211,-0.06304944624238995,-0.0829119423455536,-1.0008789303461978,-1.316186280981961,5.0,111.0,92.0,131.0,71.0,True,9.05870724204294,4.127457615773421,-0.3331615383990623,3.090704605263223,0.028352835283528353,0.6694915254237288,1.902033811964935,0.33249509627314233,1.834269765250106,0.4165446995541424,0.43947168510854345,2.1038578001387616,,window_entry,0.29163573200802656,0.6651647822093928,0.45240046703363646,0.3759179080989377,0.18888279412275166,2.4244451260569138,21.0,2.788444664761012,0.6398465387830834,0.44984556449745056,1439.0,1034.0
per_year,matched_exposure_levered_QQQ_1.70,,,,,,realized,o2o,primary,,,0.16667188958806745,,,4.057198183377386,,,,,,,,,,,,,,,,,,,,,,,,,,,,,,,,,,,2011.0,,,,,,,,,,,,,
per_year,matched_exposure_levered_QQQ_1.70,,,,,,realized,o2o,primary,,,0.25255357749325924,,,1.2179222933134195,,,,,,,,,,,,,,,,,,,,,,,,,,,,,,,,,,,2012.0,,,,,,,,,,,,,
per_year,matched_exposure_levered_QQQ_1.70,,,,,,realized,o2o,primary,,,0.7218102435084985,,,10.45740633786312,,,,,,,,,,,,,,,,,,,,,,,,,,,,,,,,,,,2013.0,,,,,,,,,,,,,
per_year,matched_exposure_levered_QQQ_1.70,,,,,,realized,o2o,primary,,,0.36016717587259306,,,4.374258634432207,,,,,,,,,,,,,,,,,,,,,,,,,,,,,,,,,,,2014.0,,,,,,,,,,,,,
per_year,matched_exposure_levered_QQQ_1.70,,,,,,realized,o2o,primary,,,0.13877196887664378,,,2.6667060055454046,,,,,,,,,,,,,,,,,,,,,,,,,,,,,,,,,,,2015.0,,,,,,,,,,,,,
per_year,matched_exposure_levered_QQQ_1.70,,,,,,realized,o2o,primary,,,0.10044360099471827,,,0.9047503926578364,,,,,,,,,,,,,,,,,,,,,,,,,,,,,,,,,,,2016.0,,,,,,,,,,,,,
per_year,matched_exposure_levered_QQQ_1.70,,,,,,realized,o2o,primary,,,0.5676531572326691,,,7.108946969801638,,,,,,,,,,,,,,,,,,,,,,,,,,,,,,,,,,,2017.0,,,,,,,,,,,,,
per_year,matched_exposure_levered_QQQ_1.70,,,,,,realized,o2o,primary,,,-0.06201143082529714,,,-0.019473412236908814,,,,,,,,,,,,,,,,,,,,,,,,,,,,,,,,,,,2018.0,,,,,,,,,,,,,
per_year,matched_exposure_levered_QQQ_1.70,,,,,,realized,o2o,primary,,,0.6524015161133849,,,4.415038047377168,,,,,,,,,,,,,,,,,,,,,,,,,,,,,,,,,,,2019.0,,,,,,,,,,,,,
per_year,matched_exposure_levered_QQQ_1.70,,,,,,realized,o2o,primary,,,0.7222324139738101,,,3.0994597424048798,,,,,,,,,,,,,,,,,,,,,,,,,,,,,,,,,,,2020.0,,,,,,,,,,,,,
per_year,matched_exposure_levered_QQQ_1.70,,,,,,realized,o2o,primary,,,0.2584089042148259,,,5.693302307134749,,,,,,,,,,,,,,,,,,,,,,,,,,,,,,,,,,,2021.0,,,,,,,,,,,,,
metrics,long_legs_only,,,,,,realized,o2o,primary,2473.0,106.92128645530592,0.6112936057120661,0.4851296842489904,1.2132741348145604,1.46144543261059,-0.515343773042012,1.1861860716850694,0.5886052081758347,28.073355493337786,0.34492733133373843,1.7064614911780445,0.32047614488941006,7.915546088155569,-0.0436438244289731,-0.06680624990580378,-0.6928242342169704,-1.0605163396535342,-0.07382427945065632,-0.11300928839643454,-1.1719241048698361,-1.7939668376240587,11.0,97.63636363636364,76.0,107.0,59.0,True,14.151678269992479,4.319583826380975,-0.04564319759802681,3.161748008253398,0.0009000900090009,0.6186440677966102,1.718511446351372,0.46211162605223954,1.4769068321037677,0.7755574412260902,0.02177486784068741,0.05205809590369103,,strategy_stream,-0.04332999776463693,0.979383840523744,0.11230421433039922,-0.4938797438337267,0.9474865394289979,-1.2502544235111377,21.0,1.2724188378209138,0.9349055223833613,0.9423199623149751,1337.0,1136.0
per_year,long_legs_only,,,,,,realized,o2o,primary,,,-0.12621529872793846,,,-5.720817796186456,,,,,,,,,,,,,,,,,,,,,,,,,,,,,,,,,,,2011.0,,,,,,,,,,,,,
per_year,long_legs_only,,,,,,realized,o2o,primary,,,0.12954836757807353,,,2.562346145547172,,,,,,,,,,,,,,,,,,,,,,,,,,,,,,,,,,,2012.0,,,,,,,,,,,,,
per_year,long_legs_only,,,,,,realized,o2o,primary,,,1.115807410639197,,,3.2008804903165196,,,,,,,,,,,,,,,,,,,,,,,,,,,,,,,,,,,2013.0,,,,,,,,,,,,,
per_year,long_legs_only,,,,,,realized,o2o,primary,,,0.7672639253867648,,,7.099918219770746,,,,,,,,,,,,,,,,,,,,,,,,,,,,,,,,,,,2014.0,,,,,,,,,,,,,
per_year,long_legs_only,,,,,,realized,o2o,primary,,,0.31579484631850274,,,2.472808478226684,,,,,,,,,,,,,,,,,,,,,,,,,,,,,,,,,,,2015.0,,,,,,,,,,,,,
per_year,long_legs_only,,,,,,realized,o2o,primary,,,0.13754115954975532,,,0.9326121568211121,,,,,,,,,,,,,,,,,,,,,,,,,,,,,,,,,,,2016.0,,,,,,,,,,,,,
per_year,long_legs_only,,,,,,realized,o2o,primary,,,0.3554916041502001,,,3.045877029966752,,,,,,,,,,,,,,,,,,,,,,,,,,,,,,,,,,,2017.0,,,,,,,,,,,,,
per_year,long_legs_only,,,,,,realized,o2o,primary,,,0.5547655937374043,,,1.3357143466697934,,,,,,,,,,,,,,,,,,,,,,,,,,,,,,,,,,,2018.0,,,,,,,,,,,,,
per_year,long_legs_only,,,,,,realized,o2o,primary,,,0.977229684470204,,,4.546127732420723,,,,,,,,,,,,,,,,,,,,,,,,,,,,,,,,,,,2019.0,,,,,,,,,,,,,
per_year,long_legs_only,,,,,,realized,o2o,primary,,,2.1289739023571976,,,3.1002154413872978,,,,,,,,,,,,,,,,,,,,,,,,,,,,,,,,,,,2020.0,,,,,,,,,,,,,
per_year,long_legs_only,,,,,,realized,o2o,primary,,,0.4984566439708942,,,7.034020283026087,,,,,,,,,,,,,,,,,,,,,,,,,,,,,,,,,,,2021.0,,,,,,,,,,,,,
metrics,equal_weight_universe,,,,,,realized,o2o,primary,2473.0,2.9440666562208997,0.15007730115057183,0.3203522650119241,0.5805573946525712,0.5902814041583745,-0.586094351920676,0.2560633806805287,0.18599141320097393,0.037233462312764434,0.3605867398447287,0.5158021431433202,-1.0739737706999977,13.578887613185648,-0.029342119893517867,-0.054660070418068966,-0.4657917130661358,-0.8677017178289329,-0.07362964895624674,-0.10107243847321161,-1.1688344415552923,-1.6044752196179688,5.0,234.2,128.0,182.0,107.0,True,12.863282771907668,1.1667107363784932,-2.159396480949021,2.8124280550081333,0.22997299729972998,0.7372881355932204,-0.5245129194084133,-0.03385309176609197,1.2586464784009161,0.36883062156854307,4.030710329593015,15.853519052296495,,window_entry,0.42897753191146104,0.560041444208366,0.47533344009932316,0.7303273640865175,0.13510538460861188,3.4223574355019144,21.0,2.946430489364162,0.7158960219391418,0.3726499934207736,1789.0,680.0
per_year,equal_weight_universe,,,,,,realized,o2o,primary,,,3.583396635975511e-05,,,4.91853636766061,,,,,,,,,,,,,,,,,,,,,,,,,,,,,,,,,,,2011.0,,,,,,,,,,,,,
per_year,equal_weight_universe,,,,,,realized,o2o,primary,,,0.0008773279489964203,,,1.235779228099099,,,,,,,,,,,,,,,,,,,,,,,,,,,,,,,,,,,2012.0,,,,,,,,,,,,,
per_year,equal_weight_universe,,,,,,realized,o2o,primary,,,0.0005765544893809871,,,1.2259617071327575,,,,,,,,,,,,,,,,,,,,,,,,,,,,,,,,,,,2013.0,,,,,,,,,,,,,
per_year,equal_weight_universe,,,,,,realized,o2o,primary,,,0.00032477477553816136,,,1.2259617071327575,,,,,,,,,,,,,,,,,,,,,,,,,,,,,,,,,,,2014.0,,,,,,,,,,,,,
per_year,equal_weight_universe,,,,,,realized,o2o,primary,,,-0.11852028952128368,,,-2.232709537216965,,,,,,,,,,,,,,,,,,,,,,,,,,,,,,,,,,,2015.0,,,,,,,,,,,,,
per_year,equal_weight_universe,,,,,,realized,o2o,primary,,,-0.010912391228150131,,,-0.12706223163504698,,,,,,,,,,,,,,,,,,,,,,,,,,,,,,,,,,,2016.0,,,,,,,,,,,,,
per_year,equal_weight_universe,,,,,,realized,o2o,primary,,,0.5508362792651822,,,10.480198097052718,,,,,,,,,,,,,,,,,,,,,,,,,,,,,,,,,,,2017.0,,,,,,,,,,,,,
per_year,equal_weight_universe,,,,,,realized,o2o,primary,,,-0.2831706595205771,,,-1.1657740254221112,,,,,,,,,,,,,,,,,,,,,,,,,,,,,,,,,,,2018.0,,,,,,,,,,,,,
per_year,equal_weight_universe,,,,,,realized,o2o,primary,,,0.8809066456994501,,,5.252899924366073,,,,,,,,,,,,,,,,,,,,,,,,,,,,,,,,,,,2019.0,,,,,,,,,,,,,
per_year,equal_weight_universe,,,,,,realized,o2o,primary,,,0.5936729716503955,,,1.8871610743996008,,,,,,,,,,,,,,,,,,,,,,,,,,,,,,,,,,,2020.0,,,,,,,,,,,,,
per_year,equal_weight_universe,,,,,,realized,o2o,primary,,,0.35506843922321973,,,6.421340615225772,,,,,,,,,,,,,,,,,,,,,,,,,,,,,,,,,,,2021.0,,,,,,,,,,,,,
metrics,sleeve_T10_standalone,,,,,,realized,o2o,primary,2473.0,0.5902274171992856,0.04840432080003243,0.7043046703560462,0.4061004077058746,0.5070328106599319,-0.8661090614058049,0.05588709662206521,0.28601686845661195,52.680765170325905,0.46309627415874677,0.6176185912447376,0.6660756832147856,6.299660621226819,-0.06257890594541873,-0.09537633026192761,-0.993409334700476,-1.5140523050101462,-0.11061996010145327,-0.1546345967091164,-1.756037426809996,-2.4547481218745335,5.0,457.6,1435.0,2082.0,,False,54.1018833963383,0.0894688276292217,-1.9983038670563968,3.2467165971815484,0.2623762376237624,0.5338983050847458,0.6193629999387285,0.07513914525580234,0.44141438131150185,0.022355105978875356,0.0009188234195827073,0.009624628818898287,,strategy_stream,0.38235985080117796,0.5271737348337016,0.45968258933686523,0.537596090969588,0.5785765540714481,4.479975345377681,21.0,3.7350621526970356,0.583456643525328,0.4813361308027782,1235.0,1238.0
per_year,sleeve_T10_standalone,,,,,,realized,o2o,primary,,,-0.2798373440486186,,,-10.894584672653107,,,,,,,,,,,,,,,,,,,,,,,,,,,,,,,,,,,2011.0,,,,,,,,,,,,,
per_year,sleeve_T10_standalone,,,,,,realized,o2o,primary,,,0.392673015870566,,,1.8759472321747501,,,,,,,,,,,,,,,,,,,,,,,,,,,,,,,,,,,2012.0,,,,,,,,,,,,,
per_year,sleeve_T10_standalone,,,,,,realized,o2o,primary,,,-0.4081185470485429,,,-0.4987024438150137,,,,,,,,,,,,,,,,,,,,,,,,,,,,,,,,,,,2013.0,,,,,,,,,,,,,
per_year,sleeve_T10_standalone,,,,,,realized,o2o,primary,,,1.5346363981869686,,,4.5654215790428045,,,,,,,,,,,,,,,,,,,,,,,,,,,,,,,,,,,2014.0,,,,,,,,,,,,,
per_year,sleeve_T10_standalone,,,,,,realized,o2o,primary,,,0.16462686348273858,,,1.0683431759060513,,,,,,,,,,,,,,,,,,,,,,,,,,,,,,,,,,,2015.0,,,,,,,,,,,,,
per_year,sleeve_T10_standalone,,,,,,realized,o2o,primary,,,-0.613898108261631,,,-1.5619893696084224,,,,,,,,,,,,,,,,,,,,,,,,,,,,,,,,,,,2016.0,,,,,,,,,,,,,
per_year,sleeve_T10_standalone,,,,,,realized,o2o,primary,,,-0.5243609790183352,,,-2.0617073642382957,,,,,,,,,,,,,,,,,,,,,,,,,,,,,,,,,,,2017.0,,,,,,,,,,,,,
per_year,sleeve_T10_standalone,,,,,,realized,o2o,primary,,,0.8332831393960929,,,1.6410788528843543,,,,,,,,,,,,,,,,,,,,,,,,,,,,,,,,,,,2018.0,,,,,,,,,,,,,
per_year,sleeve_T10_standalone,,,,,,realized,o2o,primary,,,0.4929023785775346,,,2.1835984025186006,,,,,,,,,,,,,,,,,,,,,,,,,,,,,,,,,,,2019.0,,,,,,,,,,,,,
per_year,sleeve_T10_standalone,,,,,,realized,o2o,primary,,,-0.031581619378048265,,,1.6172302385564044,,,,,,,,,,,,,,,,,,,,,,,,,,,,,,,,,,,2020.0,,,,,,,,,,,,,
per_year,sleeve_T10_standalone,,,,,,realized,o2o,primary,,,0.8643991353951237,,,6.581645241272578,,,,,,,,,,,,,,,,,,,,,,,,,,,,,,,,,,,2021.0,,,,,,,,,,,,,
metrics,sleeve_T11_standalone,,,,,,realized,o2o,primary,2473.0,17.1959756793749,0.3439779709006203,0.5340126253805767,0.8074724947709148,0.9736423509860032,-0.6166126119200541,0.557851014155413,0.43119096542801055,53.489493794281266,0.3554037657708019,1.2132425341437811,0.4730425095289274,5.940988664853801,-0.048700982261316916,-0.07184038946925156,-0.7731041260080757,-1.1404308277539787,-0.08449396086381326,-0.11555173193347863,-1.341300046394845,-1.8343268775527113,12.0,154.33333333333334,562.0,816.0,369.0,True,26.333419189801965,1.3062412002837491,-1.7563792500694724,2.687366969595158,0.18676867686768678,0.5338983050847458,0.765277032825339,0.25452679380817056,1.2892547384338275,0.4397270951798966,0.0064307576404358515,0.018202497012415143,,strategy_stream,0.23051241495462163,0.7018422019020555,0.35093191266616114,0.290510673048599,0.5895214960626285,2.4681857053557557,21.0,2.4256009201663,0.7461148753599622,0.6675541156821189,1259.0,1214.0
per_year,sleeve_T11_standalone,,,,,,realized,o2o,primary,,,-0.27700535575010254,,,-11.131545170994684,,,,,,,,,,,,,,,,,,,,,,,,,,,,,,,,,,,2011.0,,,,,,,,,,,,,
per_year,sleeve_T11_standalone,,,,,,realized,o2o,primary,,,0.7353693673114099,,,1.57035359350609,,,,,,,,,,,,,,,,,,,,,,,,,,,,,,,,,,,2012.0,,,,,,,,,,,,,
per_year,sleeve_T11_standalone,,,,,,realized,o2o,primary,,,-0.2580901180289713,,,-0.4671839263839581,,,,,,,,,,,,,,,,,,,,,,,,,,,,,,,,,,,2013.0,,,,,,,,,,,,,
per_year,sleeve_T11_standalone,,,,,,realized,o2o,primary,,,0.7754262126707128,,,4.177841521703483,,,,,,,,,,,,,,,,,,,,,,,,,,,,,,,,,,,2014.0,,,,,,,,,,,,,
per_year,sleeve_T11_standalone,,,,,,realized,o2o,primary,,,0.49179117136935324,,,2.0007225073656643,,,,,,,,,,,,,,,,,,,,,,,,,,,,,,,,,,,2015.0,,,,,,,,,,,,,
per_year,sleeve_T11_standalone,,,,,,realized,o2o,primary,,,-0.0922441494770192,,,-0.060928150840953495,,,,,,,,,,,,,,,,,,,,,,,,,,,,,,,,,,,2016.0,,,,,,,,,,,,,
per_year,sleeve_T11_standalone,,,,,,realized,o2o,primary,,,0.34927929143803915,,,1.4927544773860582,,,,,,,,,,,,,,,,,,,,,,,,,,,,,,,,,,,2017.0,,,,,,,,,,,,,
per_year,sleeve_T11_standalone,,,,,,realized,o2o,primary,,,1.3113568057370788,,,1.5936133116279059,,,,,,,,,,,,,,,,,,,,,,,,,,,,,,,,,,,2018.0,,,,,,,,,,,,,
per_year,sleeve_T11_standalone,,,,,,realized,o2o,primary,,,0.3824729900267858,,,1.7830405876359232,,,,,,,,,,,,,,,,,,,,,,,,,,,,,,,,,,,2019.0,,,,,,,,,,,,,
per_year,sleeve_T11_standalone,,,,,,realized,o2o,primary,,,0.8654582670993956,,,3.397656466377807,,,,,,,,,,,,,,,,,,,,,,,,,,,,,,,,,,,2020.0,,,,,,,,,,,,,
per_year,sleeve_T11_standalone,,,,,,realized,o2o,primary,,,0.010895881549739306,,,1.2246219826759104,,,,,,,,,,,,,,,,,,,,,,,,,,,,,,,,,,,2021.0,,,,,,,,,,,,,
metrics,sleeve_S2_standalone,,,,,,realized,o2o,primary,2473.0,198.5829532989448,0.7154726093438708,0.583498405777851,1.2070829402076682,1.3557787688957572,-0.5848873576289952,1.2232656425405388,0.7043472504225956,12.966475864731118,0.427935486073113,1.6459192409723589,0.09351572911215658,4.79778672075682,-0.054728731340089334,-0.08308837561480628,-0.8687916761756587,-1.3189870723026054,-0.10148415015732934,-0.1380398902274065,-1.6110109399861794,-2.1913153232902376,13.0,102.6923076923077,77.0,108.0,59.0,True,20.902013743401824,3.4229841111348676,-0.42640860954610965,3.3363788303675217,0.0279027902790279,0.6440677966101694,1.272535005471746,0.4442240149585328,1.590430886936794,1.0373825688659801,0.05517864813907995,0.1045603125351494,,strategy_stream,0.06459211285649359,0.6652234653195217,0.3546180902581894,-0.48279211792905075,0.6323702082588307,0.7622658607325025,21.0,2.7956881472939763,0.6284345988201724,0.5956612215382402,1374.0,1099.0
per_year,sleeve_S2_standalone,,,,,,realized,o2o,primary,,,-0.3211268305197379,,,-13.812505345965537,,,,,,,,,,,,,,,,,,,,,,,,,,,,,,,,,,,2011.0,,,,,,,,,,,,,
per_year,sleeve_S2_standalone,,,,,,realized,o2o,primary,,,0.02650937468489345,,,1.6862065359241432,,,,,,,,,,,,,,,,,,,,,,,,,,,,,,,,,,,2012.0,,,,,,,,,,,,,
per_year,sleeve_S2_standalone,,,,,,realized,o2o,primary,,,1.9275691458049016,,,2.8029392645809255,,,,,,,,,,,,,,,,,,,,,,,,,,,,,,,,,,,2013.0,,,,,,,,,,,,,
per_year,sleeve_S2_standalone,,,,,,realized,o2o,primary,,,0.5569246489343407,,,3.836408151039047,,,,,,,,,,,,,,,,,,,,,,,,,,,,,,,,,,,2014.0,,,,,,,,,,,,,
per_year,sleeve_S2_standalone,,,,,,realized,o2o,primary,,,0.13172940582962633,,,1.7483464898078611,,,,,,,,,,,,,,,,,,,,,,,,,,,,,,,,,,,2015.0,,,,,,,,,,,,,
per_year,sleeve_S2_standalone,,,,,,realized,o2o,primary,,,0.8159745176852031,,,4.509048053851067,,,,,,,,,,,,,,,,,,,,,,,,,,,,,,,,,,,2016.0,,,,,,,,,,,,,
per_year,sleeve_S2_standalone,,,,,,realized,o2o,primary,,,1.1977732086530435,,,5.5670824605694,,,,,,,,,,,,,,,,,,,,,,,,,,,,,,,,,,,2017.0,,,,,,,,,,,,,
per_year,sleeve_S2_standalone,,,,,,realized,o2o,primary,,,0.2805960208901659,,,0.9734042066834857,,,,,,,,,,,,,,,,,,,,,,,,,,,,,,,,,,,2018.0,,,,,,,,,,,,,
per_year,sleeve_S2_standalone,,,,,,realized,o2o,primary,,,0.9151580380462241,,,3.860447315510614,,,,,,,,,,,,,,,,,,,,,,,,,,,,,,,,,,,2019.0,,,,,,,,,,,,,
per_year,sleeve_S2_standalone,,,,,,realized,o2o,primary,,,3.146463428209752,,,3.4508382517652625,,,,,,,,,,,,,,,,,,,,,,,,,,,,,,,,,,,2020.0,,,,,,,,,,,,,
per_year,sleeve_S2_standalone,,,,,,realized,o2o,primary,,,0.36794077189182306,,,5.852723821430339,,,,,,,,,,,,,,,,,,,,,,,,,,,,,,,,,,,2021.0,,,,,,,,,,,,,
metrics,sleeve_S3_standalone,,,,,,realized,o2o,primary,2473.0,104.93312368260916,0.6082434924427285,0.6120506745144497,1.072096948012145,1.1950777943357533,-0.5998631970738311,1.0139703442547852,0.6561843648492812,21.564068965265434,0.46603272722959216,1.4080220690724374,0.267517533993668,6.06616561482601,-0.05560970292968983,-0.0870923778928902,-0.8827766666048357,-1.3825486379630822,-0.10477284849166464,-0.14156329183098923,-1.6632174075647608,-2.247247589762754,15.0,103.86666666666666,297.0,432.0,201.0,True,24.023426194506303,2.531876542163757,-0.47430026873320486,3.3641406358681336,0.06795679567956796,0.6694915254237288,0.880969085366188,0.3526071105848718,1.669001985109756,0.9119263699228641,0.028206341457285428,0.05541986515906336,,strategy_stream,0.09590416727112447,0.66633142714425,0.33711500819209145,-0.3649909683293615,0.6980733987202214,1.102481938783206,21.0,0.5723432660063251,0.663431175471931,0.6257182752693974,1484.0,981.0
per_year,sleeve_S3_standalone,,,,,,realized,o2o,primary,,,3.583396635975511e-05,,,4.91853636766061,,,,,,,,,,,,,,,,,,,,,,,,,,,,,,,,,,,2011.0,,,,,,,,,,,,,
per_year,sleeve_S3_standalone,,,,,,realized,o2o,primary,,,-0.4323629665760069,,,-1.0958772549871467,,,,,,,,,,,,,,,,,,,,,,,,,,,,,,,,,,,2012.0,,,,,,,,,,,,,
per_year,sleeve_S3_standalone,,,,,,realized,o2o,primary,,,2.7330346260228793,,,8.596921409011548,,,,,,,,,,,,,,,,,,,,,,,,,,,,,,,,,,,2013.0,,,,,,,,,,,,,
per_year,sleeve_S3_standalone,,,,,,realized,o2o,primary,,,0.15338434832988113,,,1.2538876965206662,,,,,,,,,,,,,,,,,,,,,,,,,,,,,,,,,,,2014.0,,,,,,,,,,,,,
per_year,sleeve_S3_standalone,,,,,,realized,o2o,primary,,,0.0919064946274386,,,1.8742205529761118,,,,,,,,,,,,,,,,,,,,,,,,,,,,,,,,,,,2015.0,,,,,,,,,,,,,
per_year,sleeve_S3_standalone,,,,,,realized,o2o,primary,,,0.8425251481169613,,,3.5684200816796614,,,,,,,,,,,,,,,,,,,,,,,,,,,,,,,,,,,2016.0,,,,,,,,,,,,,
per_year,sleeve_S3_standalone,,,,,,realized,o2o,primary,,,0.4996615513804954,,,4.4689739057123505,,,,,,,,,,,,,,,,,,,,,,,,,,,,,,,,,,,2017.0,,,,,,,,,,,,,
per_year,sleeve_S3_standalone,,,,,,realized,o2o,primary,,,0.4780847349507684,,,2.7019498597994183,,,,,,,,,,,,,,,,,,,,,,,,,,,,,,,,,,,2018.0,,,,,,,,,,,,,
per_year,sleeve_S3_standalone,,,,,,realized,o2o,primary,,,1.1624203959511479,,,4.321463370775397,,,,,,,,,,,,,,,,,,,,,,,,,,,,,,,,,,,2019.0,,,,,,,,,,,,,
per_year,sleeve_S3_standalone,,,,,,realized,o2o,primary,,,2.4463917617988313,,,2.038315028688886,,,,,,,,,,,,,,,,,,,,,,,,,,,,,,,,,,,2020.0,,,,,,,,,,,,,
per_year,sleeve_S3_standalone,,,,,,realized,o2o,primary,,,0.30410688621637494,,,4.595862810145299,,,,,,,,,,,,,,,,,,,,,,,,,,,,,,,,,,,2021.0,,,,,,,,,,,,,
metrics,STRATEGY,,,,,,synthetic,c2c,early,986.0,-0.3377438660489658,-0.09996755878248287,0.568778647513248,0.08193718810334125,0.12992780442397467,-0.6453735749855631,-0.15489874803863657,0.04660605693224465,43.944845573631504,0.39701654176743517,0.11739071809140285,1.4323226330450438,15.375317257157525,-0.05612975865456685,-0.0799723899380157,-0.8910322953003558,-1.2695223331648422,-0.09013390020463169,-0.11975695238089741,-1.4308313078266157,-1.9010826826251546,4.0,237.25,507.0,731.0,,False,32.493910425357996,-0.30765013343690684,-1.5062403213568638,1.3772386525751286,0.3333333333333333,0.425531914893617,0.7841822824815137,0.0995471140743065,-0.4720995872366618,-0.2632799587437955,-0.0022748415082033424,0.0029566107862701433,,,,,,,,,,,,,,
per_year,STRATEGY,,,,,,synthetic,c2c,early,,,-0.029089214222888016,,,-1.660703323005504,,,,,,,,,,,,,,,,,,,,,,,,,,,,,,,,,,,2007.0,,,,,,,,,,,,,
per_year,STRATEGY,,,,,,synthetic,c2c,early,,,0.0676323160262784,,,0.6682333237192569,,,,,,,,,,,,,,,,,,,,,,,,,,,,,,,,,,,2008.0,,,,,,,,,,,,,
per_year,STRATEGY,,,,,,synthetic,c2c,early,,,0.18625182322242173,,,1.739370907454308,,,,,,,,,,,,,,,,,,,,,,,,,,,,,,,,,,,2009.0,,,,,,,,,,,,,
per_year,STRATEGY,,,,,,synthetic,c2c,early,,,-0.5052837907017929,,,-2.3679912736451656,,,,,,,,,,,,,,,,,,,,,,,,,,,,,,,,,,,2010.0,,,,,,,,,,,,,
per_year,STRATEGY,,,,,,synthetic,c2c,early,,,0.08865913174884299,,,0.8398180142498258,,,,,,,,,,,,,,,,,,,,,,,,,,,,,,,,,,,2011.0,,,,,,,,,,,,,
metrics,buy_hold_QQQ,,,,,,synthetic,c2c,early,986.0,-0.011313472688626036,-0.0029037325052285734,0.2831253684401351,0.11078041937481528,0.1105135342605896,-0.5311685604951986,-0.005466687453266205,0.031370874045124224,0.15210669875411956,0.20969584136794325,0.1496017939148314,0.18732715665952887,5.536563047066673,-0.028389657449419625,-0.041422559230902094,-0.4506718405048596,-0.6575627423568593,-0.049176193877895805,-0.06255543846241965,-0.780647876553656,-0.9930367999570027,1.0,756.0,756.0,1094.0,494.0,True,22.957730275927034,-0.012648168918829762,-1.605822357598883,2.881406341038516,0.28843537414965986,0.5531914893617021,-0.21189584564793942,-0.11198507114217282,1.202872219925251,0.11957686109033494,-0.019090102730600026,0.7265527104709222,,window_entry,0.019745382064071833,0.8562297253667891,0.5161423768322358,0.029517403668004552,0.181712673995159,0.0803671114577956,21.0,2.227901451916375,0.8127721332053379,0.798199895194975,525.0,461.0
per_year,buy_hold_QQQ,,,,,,synthetic,c2c,early,,,-0.0579391846261742,,,-6.001696964672987,,,,,,,,,,,,,,,,,,,,,,,,,,,,,,,,,,,2007.0,,,,,,,,,,,,,
per_year,buy_hold_QQQ,,,,,,synthetic,c2c,early,,,-0.4173671092610174,,,-2.7304759792923843,,,,,,,,,,,,,,,,,,,,,,,,,,,,,,,,,,,2008.0,,,,,,,,,,,,,
per_year,buy_hold_QQQ,,,,,,synthetic,c2c,early,,,0.5469890495305672,,,6.598930273924752,,,,,,,,,,,,,,,,,,,,,,,,,,,,,,,,,,,2009.0,,,,,,,,,,,,,
per_year,buy_hold_QQQ,,,,,,synthetic,c2c,early,,,0.20147271401111055,,,2.101467720223932,,,,,,,,,,,,,,,,,,,,,,,,,,,,,,,,,,,2010.0,,,,,,,,,,,,,
per_year,buy_hold_QQQ,,,,,,synthetic,c2c,early,,,-0.03086667696968537,,,-0.20154868848401106,,,,,,,,,,,,,,,,,,,,,,,,,,,,,,,,,,,2011.0,,,,,,,,,,,,,
metrics,buy_hold_TQQQ,,,,,,synthetic,c2c,early,986.0,-0.6744768243893944,-0.24936879495238273,0.8496767767252255,0.08193213071781301,0.08174792664722491,-0.9454511084116204,-0.26375641504226277,0.06962041654721618,0.37629429743287984,0.6292350633326595,0.11064293871114068,0.18741899816577517,5.534101288119677,-0.08528900954947469,-0.12444132714728046,-1.3539210530095382,-1.9754448267032094,-0.14764566667150802,-0.187856438458032,-2.3438022970148875,-2.9821285100535766,1.0,983.0,983.0,1423.0,,False,68.86158422911515,-0.362130493720108,-1.627802936401081,2.8439689851531473,0.28843537414965986,0.5319148936170213,-0.23633628407850643,-0.5316662907018683,1.1285060325542031,0.20308915374818626,-0.6626961839538985,0.21724465984448357,,window_entry,0.0267414105375461,0.2853278877069975,0.7959536333653549,-0.02891419631777418,0.18168980885122543,0.10898225865767164,21.0,2.228674111218078,0.271926858938327,0.2649828966121297,525.0,461.0
per_year,buy_hold_TQQQ,,,,,,synthetic,c2c,early,,,-0.20189301048360064,,,-6.131725223969753,,,,,,,,,,,,,,,,,,,,,,,,,,,,,,,,,,,2007.0,,,,,,,,,,,,,
per_year,buy_hold_TQQQ,,,,,,synthetic,c2c,early,,,-0.8846532540287887,,,-2.779258354997118,,,,,,,,,,,,,,,,,,,,,,,,,,,,,,,,,,,2008.0,,,,,,,,,,,,,
per_year,buy_hold_TQQQ,,,,,,synthetic,c2c,early,,,1.9624040545472137,,,6.482047035095661,,,,,,,,,,,,,,,,,,,,,,,,,,,,,,,,,,,2009.0,,,,,,,,,,,,,
per_year,buy_hold_TQQQ,,,,,,synthetic,c2c,early,,,0.5085176409561596,,,2.0149080062904106,,,,,,,,,,,,,,,,,,,,,,,,,,,,,,,,,,,2010.0,,,,,,,,,,,,,
per_year,buy_hold_TQQQ,,,,,,synthetic,c2c,early,,,-0.20873716919657026,,,-0.3035209597976638,,,,,,,,,,,,,,,,,,,,,,,,,,,,,,,,,,,2011.0,,,,,,,,,,,,,
metrics,vol_targeted_QQQ_matched,,,,,,synthetic,c2c,early,986.0,-0.01171177304303006,-0.003006410629209255,0.3094871073938379,0.12698999460754715,0.11971463053079032,-0.5213751529425992,-0.00576630975266335,0.03930936070675264,1.5476342467072701,0.23132228217366965,0.16993330835825135,-0.2461094661205592,2.8830710452016706,-0.032081651714544634,-0.0471227518990931,-0.5092804325092443,-0.7480504957079821,-0.053377027347104575,-0.0695309881163717,-0.8473340405059947,-1.1037702178110416,2.0,455.0,753.0,1091.0,419.0,True,25.519063278974105,-0.011781038341193047,-1.6158788242490947,2.43541691128694,0.28843537414965986,0.5531914893617021,-0.25250071415396314,-0.11659069229402053,0.9676041447969809,0.12518196104096213,-0.0019425847131553607,0.07735330927542723,,window_entry,0.017063322917185715,0.7515445045124834,0.5247193223647213,0.01390590343158781,0.16727835471577712,0.07023216600109343,21.0,1.5795143593695173,0.7054694472554943,0.6937300644845397,525.0,461.0
per_year,vol_targeted_QQQ_matched,,,,,,synthetic,c2c,early,,,-0.09225526646993731,,,-6.5393315223912065,,,,,,,,,,,,,,,,,,,,,,,,,,,,,,,,,,,2007.0,,,,,,,,,,,,,
per_year,vol_targeted_QQQ_matched,,,,,,synthetic,c2c,early,,,-0.41277309505854387,,,-3.146821895102094,,,,,,,,,,,,,,,,,,,,,,,,,,,,,,,,,,,2008.0,,,,,,,,,,,,,
per_year,vol_targeted_QQQ_matched,,,,,,synthetic,c2c,early,,,0.6250346509970117,,,6.116668952949851,,,,,,,,,,,,,,,,,,,,,,,,,,,,,,,,,,,2009.0,,,,,,,,,,,,,
per_year,vol_targeted_QQQ_matched,,,,,,synthetic,c2c,early,,,0.22688673362119416,,,1.5146343403331366,,,,,,,,,,,,,,,,,,,,,,,,,,,,,,,,,,,2010.0,,,,,,,,,,,,,
per_year,vol_targeted_QQQ_matched,,,,,,synthetic,c2c,early,,,-0.07007731536918449,,,-0.24344649410852248,,,,,,,,,,,,,,,,,,,,,,,,,,,,,,,,,,,2011.0,,,,,,,,,,,,,
metrics,naive_fast_1d_momentum,,,,,,synthetic,c2c,early,986.0,-0.7633528035329459,-0.3081148331793254,0.5408707321359478,-0.4158738221657867,-0.3765557248693421,-0.763313452458704,-0.40365439936484643,-0.22495607470429463,61.86863971017858,0.49311811384784504,-0.45619105927572223,-0.5086387262655993,7.303115078002408,-0.06612302768306608,-0.09251964328657893,-1.0496705231041938,-1.4687038051481667,-0.10065429194306409,-0.14474909519218498,-1.5978373492358393,-2.29782065028082,1.0,985.0,985.0,1425.0,,False,51.78273594122624,-0.5950145885088765,-1.7585000622578841,1.782138331911633,0.33877551020408164,0.40425531914893614,-0.2803118107224462,-0.2961429559731569,-0.5040606293729158,-0.319883081189685,-0.004980145589472765,-0.006086374722853191,,window_entry,0.10603480746927085,0.2641793541923481,0.6793655815417162,0.3997290104398144,0.06311715579381094,0.4492672643824027,21.0,3.126516375022345,0.36049529903610955,0.3051046080760468,497.0,489.0
per_year,naive_fast_1d_momentum,,,,,,synthetic,c2c,early,,,-0.31414846399634044,,,-24.871959304388476,,,,,,,,,,,,,,,,,,,,,,,,,,,,,,,,,,,2007.0,,,,,,,,,,,,,
per_year,naive_fast_1d_momentum,,,,,,synthetic,c2c,early,,,-0.4706694957498496,,,-1.6766704487350763,,,,,,,,,,,,,,,,,,,,,,,,,,,,,,,,,,,2008.0,,,,,,,,,,,,,
per_year,naive_fast_1d_momentum,,,,,,synthetic,c2c,early,,,0.6241095265176679,,,5.066114131703513,,,,,,,,,,,,,,,,,,,,,,,,,,,,,,,,,,,2009.0,,,,,,,,,,,,,
per_year,naive_fast_1d_momentum,,,,,,synthetic,c2c,early,,,0.0029855743102784604,,,0.2514413499387972,,,,,,,,,,,,,,,,,,,,,,,,,,,,,,,,,,,2010.0,,,,,,,,,,,,,
per_year,naive_fast_1d_momentum,,,,,,synthetic,c2c,early,,,-0.5998394001040068,,,-2.424211214172356,,,,,,,,,,,,,,,,,,,,,,,,,,,,,,,,,,,2011.0,,,,,,,,,,,,,
metrics,matched_exposure_levered_QQQ_1.70,,,,,,synthetic,c2c,early,986.0,-0.26288508771460983,-0.07499325766684906,0.480377780935764,0.06568517805660698,0.06613385723385293,-0.758805710860975,-0.09883064477962131,0.031557356712816176,1.2473215883486508,0.35606040060549005,0.08862922318559453,0.18940692550260638,5.562595516819739,-0.04829288536370152,-0.07039277707299264,-0.7666257885966317,-1.1174506933820865,-0.08319644880023598,-0.10630452661016718,-1.3207026809348545,-1.6875320439057029,1.0,983.0,983.0,1423.0,,False,40.89331298019115,-0.18338758149327747,-1.629734426758131,2.775886236584572,0.28843537414965986,0.5531914893617021,-0.23906257127530703,-0.25511796946367027,1.069772820371345,0.14868856850488488,-0.060123434379207565,0.05302069478442092,,window_entry,0.0307006325568539,0.5040163699430245,0.5671700909196572,0.02653295803209094,0.18123127599236832,0.12524137868024066,21.0,2.2283421716214393,0.48207872106037497,0.4688215866688727,525.0,461.0
per_year,matched_exposure_levered_QQQ_1.70,,,,,,synthetic,c2c,early,,,-0.10744921400510754,,,-6.140164551487513,,,,,,,,,,,,,,,,,,,,,,,,,,,,,,,,,,,2007.0,,,,,,,,,,,,,
per_year,matched_exposure_levered_QQQ_1.70,,,,,,synthetic,c2c,early,,,-0.6459312253871439,,,-2.7820651049852745,,,,,,,,,,,,,,,,,,,,,,,,,,,,,,,,,,,2008.0,,,,,,,,,,,,,
per_year,matched_exposure_levered_QQQ_1.70,,,,,,synthetic,c2c,early,,,0.9861069902221307,,,6.469638591731789,,,,,,,,,,,,,,,,,,,,,,,,,,,,,,,,,,,2009.0,,,,,,,,,,,,,
per_year,matched_exposure_levered_QQQ_1.70,,,,,,synthetic,c2c,early,,,0.2816053144962056,,,1.740568392670561,,,,,,,,,,,,,,,,,,,,,,,,,,,,,,,,,,,2010.0,,,,,,,,,,,,,
per_year,matched_exposure_levered_QQQ_1.70,,,,,,synthetic,c2c,early,,,-0.08365778821684144,,,-0.3087739886181811,,,,,,,,,,,,,,,,,,,,,,,,,,,,,,,,,,,2011.0,,,,,,,,,,,,,
metrics,long_legs_only,,,,,,synthetic,c2c,early,986.0,-0.5456223400748101,-0.18258372096169528,0.567167906290055,-0.08867418526880046,-0.15051892235589037,-0.684688533697928,-0.26666683020903026,-0.05029617768508078,34.69793518315924,0.40234931583287536,-0.12500624632843269,1.3992957434252584,15.618580863505555,-0.05612210767248005,-0.0812937456977199,-0.8909108397250333,-1.290498205566563,-0.09072103964641799,-0.11987929213130008,-1.4401518575139187,-1.9030247659552935,1.0,960.0,960.0,1389.0,,False,41.000209403721826,-0.44532387423641084,-1.4502476766824743,1.3228205929441144,0.43945578231292515,0.3829787234042553,0.09771787467081898,-0.11193159383073203,-0.4202627505310799,-0.24761497132972743,-0.005262091821830162,-0.004337979235979011,,strategy_stream,0.09378642164815071,0.9380507006181716,0.2041526044946366,0.47465588233468364,0.8749949827846613,0.9576129903199864,21.0,3.7195742197103874,0.8806870828925855,0.8478929483764759,485.0,501.0
per_year,long_legs_only,,,,,,synthetic,c2c,early,,,-0.07427244935023214,,,-6.597374658745529,,,,,,,,,,,,,,,,,,,,,,,,,,,,,,,,,,,2007.0,,,,,,,,,,,,,
per_year,long_legs_only,,,,,,synthetic,c2c,early,,,-0.365692890467058,,,-1.149776902929477,,,,,,,,,,,,,,,,,,,,,,,,,,,,,,,,,,,2008.0,,,,,,,,,,,,,
per_year,long_legs_only,,,,,,synthetic,c2c,early,,,0.49399037961546255,,,2.6642938868262394,,,,,,,,,,,,,,,,,,,,,,,,,,,,,,,,,,,2009.0,,,,,,,,,,,,,
per_year,long_legs_only,,,,,,synthetic,c2c,early,,,-0.5092994481571639,,,-2.294825433155787,,,,,,,,,,,,,,,,,,,,,,,,,,,,,,,,,,,2010.0,,,,,,,,,,,,,
per_year,long_legs_only,,,,,,synthetic,c2c,early,,,0.055528235294365125,,,0.7025685641803043,,,,,,,,,,,,,,,,,,,,,,,,,,,,,,,,,,,2011.0,,,,,,,,,,,,,
metrics,equal_weight_universe,,,,,,synthetic,c2c,early,986.0,0.015430134179020172,0.003921156195241693,0.005425606168709264,-0.3324674593092954,-0.5024817100497556,-0.01333777922077628,0.2939886865973686,-0.0017869776796559747,0.1223273824439214,0.0376970758029682,-0.047403615309473714,-9.119257578701648,183.3831815117719,5.555555555591951e-07,-0.00034799031155259205,8.819171036939745e-06,-0.005524174938168275,2.3611111101828887e-07,-0.0018812032379394105,3.7481476892013294e-06,-0.02986317559894289,0.0,,10.0,11.0,,False,0.09229705272834658,4.248408892083088,-1.1206605999023376,1.059428539252396,0.012244897959183673,0.9787234042553191,0.748351194786946,0.010515846262187267,-0.7509166846286087,-0.0026304965089152255,0.03205460720979025,-4.107679736220208,,window_entry,0.057884214370872385,6.311302914986019,0.5685070167614833,0.08512302079853463,0.003556766915673748,0.2303941302234244,21.0,3.1043553455104207,10.453410894404247,5.887200012216165,976.0,7.0
per_year,equal_weight_universe,,,,,,synthetic,c2c,early,,,0.005218620820047981,,,,,,,,,,,,,,,,,,,,,,,,,,,,,,,,,,,,,,2007.0,,,,,,,,,,,,,
per_year,equal_weight_universe,,,,,,synthetic,c2c,early,,,0.013977543603247211,,,1.221111210954931,,,,,,,,,,,,,,,,,,,,,,,,,,,,,,,,,,,2008.0,,,,,,,,,,,,,
per_year,equal_weight_universe,,,,,,synthetic,c2c,early,,,0.0014961143208729322,,,1.2259617071327573,,,,,,,,,,,,,,,,,,,,,,,,,,,,,,,,,,,2009.0,,,,,,,,,,,,,
per_year,equal_weight_universe,,,,,,synthetic,c2c,early,,,0.0013873476037102872,,,1.2259617071327562,,,,,,,,,,,,,,,,,,,,,,,,,,,,,,,,,,,2010.0,,,,,,,,,,,,,
per_year,equal_weight_universe,,,,,,synthetic,c2c,early,,,-0.006632796973605748,,,-1.678561567562871,,,,,,,,,,,,,,,,,,,,,,,,,,,,,,,,,,,2011.0,,,,,,,,,,,,,
metrics,sleeve_T10_standalone,,,,,,synthetic,c2c,early,986.0,-0.7664771666536893,-0.3104610233096745,0.8179402519468534,-0.06226209395590255,-0.07538768473834835,-0.9084735241068208,-0.3417392087622024,-0.050927281173491296,58.72205847511922,0.5092214782167483,-0.10001008078416966,1.0336068146369017,7.9047819930790375,-0.0784182563363428,-0.10698538707282962,-1.2448512270796688,-1.69834036867615,-0.11730216101779999,-0.14780284159400256,-1.8621140778213243,-2.3462973715584257,2.0,480.5,690.0,996.0,,False,57.71351264287112,-0.5379347211645126,-2.2478889500665282,1.3998213904472132,0.5782312925170068,0.44680851063829785,0.8288210023335879,-0.004648411999578439,-0.6887519891750252,-0.5223155253810281,-0.005286957429144248,-0.0012838052121468193,,strategy_stream,0.0748687826269922,0.5549623903633584,0.49999167774903386,0.19506992305318308,0.6368806160782418,0.5092328080324978,21.0,3.194746372159903,0.5136056876620827,0.4970596099570747,484.0,502.0
per_year,sleeve_T10_standalone,,,,,,synthetic,c2c,early,,,0.07740420681663651,,,4.980081733627824,,,,,,,,,,,,,,,,,,,,,,,,,,,,,,,,,,,2007.0,,,,,,,,,,,,,
per_year,sleeve_T10_standalone,,,,,,synthetic,c2c,early,,,0.0421748908671955,,,0.7217787759693486,,,,,,,,,,,,,,,,,,,,,,,,,,,,,,,,,,,2008.0,,,,,,,,,,,,,
per_year,sleeve_T10_standalone,,,,,,synthetic,c2c,early,,,-0.21679450848248638,,,0.09120058071663617,,,,,,,,,,,,,,,,,,,,,,,,,,,,,,,,,,,2009.0,,,,,,,,,,,,,
per_year,sleeve_T10_standalone,,,,,,synthetic,c2c,early,,,-0.787718137470995,,,-4.084980999636095,,,,,,,,,,,,,,,,,,,,,,,,,,,,,,,,,,,2010.0,,,,,,,,,,,,,
per_year,sleeve_T10_standalone,,,,,,synthetic,c2c,early,,,0.2508967540612679,,,2.490190141260034,,,,,,,,,,,,,,,,,,,,,,,,,,,,,,,,,,,2011.0,,,,,,,,,,,,,
metrics,sleeve_T11_standalone,,,,,,synthetic,c2c,early,986.0,1.032713230575224,0.1987745265271792,0.6518211559034905,0.5863456343277478,0.8041951630592905,-0.5374438934589691,0.3698516793034407,0.3821924155112895,49.31257768851266,0.4364947098811589,0.8755946105631982,1.3347082050108985,13.159652637675853,-0.058852532307599265,-0.08747381204233118,-0.9342549870738116,-1.3886037173688919,-0.10762067348385479,-0.13308436453966874,-1.7084252278053782,-2.112648791778159,7.0,124.57142857142857,364.0,526.0,128.0,True,29.677305074069487,0.6697863098791211,-1.0039342792093522,2.1299768839494613,0.2571428571428571,0.5531914893617021,2.102860233301268,0.54959872679692,0.13922246556856455,-0.07262419580008161,0.004030909269897761,0.01630811449644879,,strategy_stream,-0.21677421915098455,0.6891300439096475,0.4035150404001027,-0.8316576211045231,0.6236436351479957,-1.2828379456337362,21.0,2.395812957337603,0.6836420525149501,0.7527674099833422,482.0,504.0
per_year,sleeve_T11_standalone,,,,,,synthetic,c2c,early,,,0.18897010037381645,,,6.978861781076491,,,,,,,,,,,,,,,,,,,,,,,,,,,,,,,,,,,2007.0,,,,,,,,,,,,,
per_year,sleeve_T11_standalone,,,,,,synthetic,c2c,early,,,0.8537323538864434,,,1.64299492215074,,,,,,,,,,,,,,,,,,,,,,,,,,,,,,,,,,,2008.0,,,,,,,,,,,,,
per_year,sleeve_T11_standalone,,,,,,synthetic,c2c,early,,,-0.16707531606617387,,,0.1120634536445405,,,,,,,,,,,,,,,,,,,,,,,,,,,,,,,,,,,2009.0,,,,,,,,,,,,,
per_year,sleeve_T11_standalone,,,,,,synthetic,c2c,early,,,0.05664867389701245,,,0.6094185070213486,,,,,,,,,,,,,,,,,,,,,,,,,,,,,,,,,,,2010.0,,,,,,,,,,,,,
per_year,sleeve_T11_standalone,,,,,,synthetic,c2c,early,,,0.047904742026317004,,,0.6478432166639113,,,,,,,,,,,,,,,,,,,,,,,,,,,,,,,,,,,2011.0,,,,,,,,,,,,,
metrics,sleeve_S2_standalone,,,,,,synthetic,c2c,early,986.0,-0.4283267346314015,-0.1331732223589842,0.7922892889329388,0.19803209707559122,0.2477662834126324,-0.6929058214415562,-0.19219527133128125,0.15690864746369926,40.04232499425706,0.5537475625787484,0.2833577212204619,1.1400800985400321,9.841510365167041,-0.08221497187691668,-0.10986505853800316,-1.3051222177949444,-1.7440537360026591,-0.12407573450117544,-0.1522340256919226,-1.969641223366722,-2.416640238378269,3.0,314.0,542.0,785.0,446.0,True,42.59848358069344,-0.31262432641931226,-0.5658077427944963,2.012287576745358,0.06394557823129252,0.46808510638297873,0.3640822053106586,-0.11160185688539837,0.08207752730324497,-0.1542208093758033,-0.0033258114352272042,0.006187609821561748,,strategy_stream,-0.04886611290191426,0.6084570313834762,0.43284749213946194,-0.25483014811118615,0.7183892124304375,-0.31896019414216265,21.0,2.123829901494722,0.5688699077356558,0.5791788187989007,505.0,481.0
per_year,sleeve_S2_standalone,,,,,,synthetic,c2c,early,,,-0.3621275356336142,,,-16.20116067696744,,,,,,,,,,,,,,,,,,,,,,,,,,,,,,,,,,,2007.0,,,,,,,,,,,,,
per_year,sleeve_S2_standalone,,,,,,synthetic,c2c,early,,,-0.2071004455519193,,,0.43430774341774825,,,,,,,,,,,,,,,,,,,,,,,,,,,,,,,,,,,2008.0,,,,,,,,,,,,,
per_year,sleeve_S2_standalone,,,,,,synthetic,c2c,early,,,0.9240485225869579,,,3.3191944435559972,,,,,,,,,,,,,,,,,,,,,,,,,,,,,,,,,,,2009.0,,,,,,,,,,,,,
per_year,sleeve_S2_standalone,,,,,,synthetic,c2c,early,,,-0.15191582417094107,,,0.11161063896179593,,,,,,,,,,,,,,,,,,,,,,,,,,,,,,,,,,,2010.0,,,,,,,,,,,,,
per_year,sleeve_S2_standalone,,,,,,synthetic,c2c,early,,,-0.3073068807485141,,,-0.6606942569736921,,,,,,,,,,,,,,,,,,,,,,,,,,,,,,,,,,,2011.0,,,,,,,,,,,,,
metrics,sleeve_S3_standalone,,,,,,synthetic,c2c,early,986.0,-0.8000263342907066,-0.33725881033880445,0.5828871275052913,-0.42682101786350307,-0.7237690156076576,-0.8850105586883066,-0.38107885496718036,-0.24879471625936034,17.671896546723826,0.5199811355620134,-0.47846873519835387,0.7877255909082338,10.521791905950108,-0.061221947822613254,-0.09122786891114756,-0.9718682923056419,-1.4481975226637838,-0.11325401771458538,-0.1311747951542672,-1.7978517951101798,-2.082335317548189,1.0,817.0,817.0,1179.0,,False,59.07479266566114,-0.5709013863959703,-2.136632638834008,0.49473307153612095,0.7727891156462585,0.5531914893617021,-1.0098540177049469,-0.3370075983214649,-0.501860178664274,-0.3375099271703206,-0.019084471745695483,-0.04095593326353172,,strategy_stream,0.22349911999486977,0.711000079592606,0.4244421392545325,0.6959741879315545,0.5308934890650308,1.1851958672143155,21.0,2.0673916759328206,0.7332894341634387,0.631914134852311,687.0,295.0
per_year,sleeve_S3_standalone,,,,,,synthetic,c2c,early,,,-0.01952403617620535,,,-0.6751625076042306,,,,,,,,,,,,,,,,,,,,,,,,,,,,,,,,,,,2007.0,,,,,,,,,,,,,
per_year,sleeve_S3_standalone,,,,,,synthetic,c2c,early,,,-0.49929363716505704,,,-2.209055248771271,,,,,,,,,,,,,,,,,,,,,,,,,,,,,,,,,,,2008.0,,,,,,,,,,,,,
per_year,sleeve_S3_standalone,,,,,,synthetic,c2c,early,,,0.10030546548350827,,,0.6886906809060616,,,,,,,,,,,,,,,,,,,,,,,,,,,,,,,,,,,2009.0,,,,,,,,,,,,,
per_year,sleeve_S3_standalone,,,,,,synthetic,c2c,early,,,-0.6704920891910755,,,-3.946358762550756,,,,,,,,,,,,,,,,,,,,,,,,,,,,,,,,,,,2010.0,,,,,,,,,,,,,
per_year,sleeve_S3_standalone,,,,,,synthetic,c2c,early,,,0.1235014315107863,,,0.8990077562025982,,,,,,,,,,,,,,,,,,,,,,,,,,,,,,,,,,,2011.0,,,,,,,,,,,,,
