date,STRATEGY,buy_hold_QQQ,matched_exposure_levered_QQQ_1.70
2011-10-04,0.0,0.0,0.0
2011-10-05,-0.03429504572156761,-0.00029602913192616764,-0.00033261151967567404
2011-10-06,-0.06305623577358133,0.0,0.0
2011-10-07,-0.06396509734582811,0.0,0.0
2011-10-10,-0.06637618927952205,0.0,0.0
2011-10-11,-0.07665570646518094,0.0,0.0
2011-10-12,-0.051918482502402497,0.0,0.0
2011-10-13,-0.06293672311338616,-0.006508614547444447,-0.010898646844791693
2011-10-14,-0.015542076544632355,0.0,0.0
2011-10-17,-0.016905403123375295,0.0,0.0
2011-10-18,-0.04579102124673129,-0.012435650352367378,-0.02039409669560832
2011-10-19,-0.027158721967818433,-0.0041451166963482056,-0.0056302224513974375
2011-10-20,-0.06104597425486591,-0.018135287597744187,-0.03244284379648332
2011-10-21,-0.049668942106976366,-0.012436061749189209,-0.021758056358037292
2011-10-24,-0.03705313614673589,-0.006909038869612916,-0.01233950538689954
2011-10-25,-0.012039311289482657,0.0,0.0
2011-10-26,-0.02807053403515747,-0.010980285061765405,-0.018306513996701357
2011-10-27,0.0,0.0,0.0
2011-10-28,-0.00201110097012136,-0.002046543198163553,-0.004768507013167889
2011-10-31,-0.007123419981375667,-0.0035820604797374145,-0.0077235692410773105
2011-11-01,-0.08254200089930286,-0.03616097376811167,-0.06054977235372483
2011-11-02,-0.06856673954995118,-0.02746176963115421,-0.0483228506836858
2011-11-03,-0.06539375904123534,-0.02166227071113591,-0.03738221979814205
2011-11-04,-0.06128610166208137,-0.013986529309729323,-0.026317981185278616
2011-11-07,-0.05818111577256013,-0.01501009609560433,-0.026676426301878498
2011-11-08,-0.03317453067307674,-0.0001704191618634443,-0.00250877184345899
2011-11-09,-0.06529723584098446,-0.015351294572163554,-0.029065321466352767
2011-11-10,-0.0832678011237904,-0.021662398335121957,-0.040215520312964936
2011-11-11,-0.08054928569588315,-0.023368055677596034,-0.042903013792703226
2011-11-14,-0.07462800717188722,-0.016204224543468593,-0.03156036088141645
2011-11-15,-0.08554667771332625,-0.02251513180164144,-0.04179711862199409
2011-11-16,-0.08272309638982578,-0.015863128871447474,-0.03213460639036758
2011-11-17,-0.10052479704597617,-0.02763214674265635,-0.05161399575207526
2011-11-18,-0.11265066674322333,-0.047759318647614624,-0.0850352961258456
2011-11-21,-0.11411213864938563,-0.06805742632281142,-0.11700316063973548
2011-11-22,-0.10328589898312102,-0.07573296671290197,-0.1313496380146203
2011-11-23,-0.100416407644485,-0.07726794542123672,-0.13299826229499645
2011-11-25,-0.07663899557466003,-0.09517823115673174,-0.1611556173000891
2011-11-28,-0.10731286951422703,-0.07624484863558911,-0.1324335198545623
2011-11-29,-0.12215044916569895,-0.06737516230654195,-0.1202386686298258
2011-11-30,-0.14688292256976032,-0.047418231894479135,-0.08753814044772201
2011-12-01,-0.16670601368249227,-0.03854877215371011,-0.0735928270054953
2011-12-02,-0.15699458499085794,-0.022173922933915624,-0.047147003641482166
2011-12-05,-0.15145793082092662,-0.01995623830664306,-0.042672003279731086
2011-12-06,-0.1597288049632739,-0.023026854789664042,-0.048011059704360703
2011-12-07,-0.16978302182886273,-0.029337984101833525,-0.0587352903717
2011-12-08,-0.17422267978700978,-0.03291991953114026,-0.06466391307173702
2011-12-09,-0.195525429860686,-0.04059538459310452,-0.07680015086717407
2011-12-12,-0.19429411783363204,-0.03786664686465402,-0.07356862064580005
2011-12-13,-0.18648144501475572,-0.032237853469333166,-0.06464698990539319
2011-12-14,-0.22079171477091752,-0.052705860657420334,-0.09815573844055714
2011-12-15,-0.21968506710908509,-0.05594680190195078,-0.10206495414853856
2011-12-16,-0.21697805735360498,-0.061543846629015575,-0.1118324608393424
2011-12-19,-0.21695634485712423,-0.05812230817336905,-0.10694983190563956
2011-12-20,-0.21791107937666576,-0.05589861800779794,-0.10455706648376151
2011-12-21,-0.22270292284718307,-0.04905585900943232,-0.09354194384856884
2011-12-22,-0.22850336433264895,-0.055043337223702915,-0.10438586789887572
2011-12-23,-0.2340059044874353,-0.04717386029113757,-0.09113596143769065
2011-12-27,-0.23763440303479455,-0.04154583083106478,-0.08275537919395448
2011-12-28,-0.23323291858090667,-0.03846427581362344,-0.07806402996487327
2011-12-29,-0.2483469568922736,-0.04685433210608747,-0.09216429301774587
2011-12-30,-0.2443925438333595,-0.04360065153587567,-0.08667326514261764
2012-01-03,-0.2179630101978679,-0.025793588760163466,-0.05880829290343004
2012-01-04,-0.21522891944236178,-0.027505879822991908,-0.06103762293373505
2012-01-05,-0.2096905881963539,-0.023910027508945997,-0.054864946313994745
2012-01-06,-0.18779387735007003,-0.013636867890711946,-0.03739979943937677
2012-01-09,-0.17720503514963426,-0.007815204111327967,-0.02871365084213473
2012-01-10,-0.15662471800183975,-0.0031919275058067687,-0.0203057506604174
2012-01-11,-0.1686913697747987,-0.006616660832325816,-0.02664645468260829
2012-01-12,-0.14826862324906454,-0.0021647805397277953,-0.018396007302697415
2012-01-13,-0.15921259852509928,-0.005760563830899179,-0.024871048741542
2012-01-17,-0.14173510431663028,0.0,-0.007088682938432012
2012-01-18,-0.14025245546532883,0.0,-0.003666111103217906
2012-01-19,-0.0956113124896919,0.0,0.0
2012-01-20,-0.09938076404258445,-0.002677687405456597,-0.004365527025704585
2012-01-23,-0.15448544403071918,0.0,0.0
2012-01-24,-0.15825691503532047,-0.004350005722209338,-0.007155468450122271
2012-01-25,-0.15858630731907952,0.0,0.0
2012-01-26,-0.20167470031339074,0.0,0.0
2012-01-27,-0.15316254344941527,-0.009888130251678229,-0.016291035042702906
2012-01-30,-0.1575465231304285,-0.013184412833166181,-0.021965468390325538
2012-01-31,-0.1981159766407573,0.0,0.0
2012-02-01,-0.19610264137690692,0.0,0.0
2012-02-02,-0.2285594160576292,0.0,0.0
2012-02-03,-0.2955112526942818,0.0,0.0
2012-02-06,-0.3005846628861176,0.0,0.0
2012-02-07,-0.3188391001673967,0.0,0.0
2012-02-08,-0.3137711600248769,0.0,0.0
2012-02-09,-0.282683040611976,0.0,0.0
2012-02-10,-0.136631679368577,-0.003828050995601795,-0.005802160318868599
2012-02-13,-0.18480861172478003,0.0,0.0
2012-02-14,-0.19844405695209444,-0.0004766179790457459,-0.0007013767212935562
2012-02-15,-0.16801812989867737,0.0,0.0
2012-02-16,-0.0694372265200347,-0.011339134672597062,-0.01884662787093172
2012-02-17,-0.18689658806407616,0.0,0.0
2012-02-21,-0.19844946499369376,-0.0022002029199471584,-0.003169483118945049
2012-02-22,-0.17537962834107546,-0.0023572082167453434,-0.004020785673813032
2012-02-23,-0.2220843850630203,-0.0037718732462380666,-0.006123230785244904
2012-02-24,-0.2413614542285777,0.0,0.0
2012-02-27,-0.13067351929024007,-0.004850458967089355,-0.008946090336724999
2012-02-28,-0.1513506712065542,0.0,0.0
2012-02-29,-0.20609174429559018,0.0,0.0
2012-03-01,-0.21460325171888162,-0.0015449797374301744,-0.0026364415059207946
2012-03-02,-0.23406602945800092,0.0,0.0
2012-03-05,-0.21583039731870923,0.0,-0.0003733890125857675
2012-03-06,-0.14833100485604167,-0.019439292924434026,-0.03290580314798486
2012-03-07,-0.1373995515220584,-0.014811120095828745,-0.025647229948688288
2012-03-08,-0.10388208015921141,-0.0060171242026940686,-0.01137724246681393
2012-03-09,-0.08803444407426397,0.0,0.0
2012-03-12,-0.07414691405689533,0.0,0.0
2012-03-13,-0.060507895186568406,0.0,0.0
2012-03-14,-0.02034799015418265,0.0,0.0
2012-03-15,0.0,0.0,0.0
2012-03-16,-0.05488644944144072,0.0,0.0
2012-03-19,-0.05809656106108407,-0.0005999126052615988,-0.0011783493120992583
2012-03-20,-0.1152384332748898,-0.00044971000412219464,-0.0005378779312663617
2012-03-21,-0.23852838144861732,0.0,0.0
2012-03-22,-0.22753573755716128,-0.005960799785474147,-0.010791463919176847
2012-03-23,-0.26918511067181705,-0.0008942920143294453,-0.0018554691457003392
2012-03-26,-0.3830990873067208,0.0,0.0
2012-03-27,-0.4250442656685923,0.0,0.0
2012-03-28,-0.33398351659161685,0.0,0.0
2012-03-29,-0.2392311891516885,-0.00952524000687327,-0.015569058753792109
2012-03-30,-0.3599403178991568,-0.003956873799772609,-0.006320850148260226
2012-04-02,-0.33838953265483485,-0.01128400182640854,-0.01873612269758307
2012-04-03,-0.3357670682364585,0.0,0.0
2012-04-04,-0.2536261640167211,-0.008638466155284297,-0.015653956747800568
2012-04-05,-0.2575888770633412,-0.016545156466342248,-0.028580468542263704
2012-04-09,-0.2755427766897409,-0.02093767449474926,-0.03686286352142176
2012-04-10,-0.26959383704184203,-0.01654494506192461,-0.029372891851469518
2012-04-11,-0.2835907442628719,-0.023426834818523257,-0.04042685522523337
2012-04-12,-0.28278227082218665,-0.025330183283932106,-0.04425450466407532
2012-04-13,-0.2630278520760265,-0.019473171452692895,-0.034966788894825185
2012-04-16,-0.2783598681107998,-0.02620873383932154,-0.04559970128075963
2012-04-17,-0.29501565776626115,-0.03777606872909911,-0.06482026699759447
2012-04-18,-0.2799473635500874,-0.02518373266816576,-0.045443489220318045
2012-04-19,-0.28723527408796934,-0.028405100575404463,-0.050239595348153365
2012-04-20,-0.2947553794558099,-0.030601275574626552,-0.054480989091212684
2012-04-23,-0.3418557874626206,-0.04758596323681441,-0.08126220878911483
2012-04-24,-0.34038832978723343,-0.04905004344514241,-0.08424573265358504
2012-04-25,-0.31279773635847563,-0.032797656768139616,-0.058315397258990265
2012-04-26,-0.29971524765290924,-0.027380169328192094,-0.0503937043109981
2012-04-27,-0.27317621096098477,-0.0174233361595566,-0.03326668878718886
2012-04-30,-0.27716779819150505,-0.01859534119842232,-0.035524561375340324
2012-05-01,-0.28849130092516395,-0.023719535751364096,-0.04505260916321485
2012-05-02,-0.29233634104986095,-0.025915920027700157,-0.04780942269398225
2012-05-03,-0.2708074652484237,-0.017716379182364905,-0.033428421265125796
2012-05-04,-0.3198065598731805,-0.03762940382137425,-0.06672952185166392
2012-05-07,-0.3641216871044597,-0.058567738719005114,-0.10135171843165969
2012-05-08,-0.365166184652184,-0.05798171434070054,-0.10070320930294852
2012-05-09,-0.3780407383499502,-0.06647393273559898,-0.11396617912686058
2012-05-10,-0.37489435362349877,-0.05417467518998276,-0.0939986267867472
2012-05-11,-0.377030195547132,-0.06354575552477759,-0.11031981592100482
2012-05-14,-0.38032608106878085,-0.0685240226517766,-0.11695829091700671
2012-05-15,-0.3798159922413771,-0.06676677288985833,-0.11311292508186788
2012-05-16,-0.38472830892278254,-0.06910963508758983,-0.11785374572612661
2012-05-17,-0.3988050960055175,-0.07833397804435294,-0.13304752979871803
2012-05-18,-0.4174887419313852,-0.09531867967341212,-0.15974250808245816
2012-05-21,-0.4468671633295136,-0.10805690814376667,-0.18046925184320295
2012-05-22,-0.4009387984516324,-0.08228726826886168,-0.1405727802053982
2012-05-23,-0.3959219384475384,-0.0937079241369112,-0.15787704341436204
2012-05-24,-0.40054856163869024,-0.08287277119566505,-0.1404106310457256
2012-05-25,-0.39649734840765305,-0.08931555994577067,-0.15087876648490572
2012-05-29,-0.3891824515939917,-0.08287287942238741,-0.14083432981333355
2012-05-30,-0.38806461592085295,-0.08814394426606853,-0.14965104677419683
2012-05-31,-0.3886846385594639,-0.0887298760640155,-0.15027828307960167
2012-06-01,-0.3809339523949402,-0.10791088092832146,-0.18019552843717723
2012-06-04,-0.37759079664416884,-0.11318168576973664,-0.18934054054726435
2012-06-05,-0.38227221320393456,-0.11201038737191615,-0.18782192660164776
2012-06-06,-0.33848399892183434,-0.09853982292439767,-0.16626303676193321
2012-06-07,-0.2962450119714013,-0.07511262957948428,-0.13067330880849193
2012-06-08,-0.3266524848093748,-0.08990117366680739,-0.1533461133128321
2012-06-11,-0.2887445847166723,-0.07262370957691111,-0.12579074921062094
2012-06-12,-0.3286413023457996,-0.0909259892313421,-0.15527529688908537
2012-06-13,-0.32009745553481306,-0.08682643537858703,-0.1479945796394433
2012-06-14,-0.3272770989750666,-0.09063327724114223,-0.15428587701925267
2012-06-15,-0.3189690781237313,-0.08458033792105646,-0.14500960728086487
2012-06-18,-0.3075172372141308,-0.07959060541781704,-0.13612095613734587
2012-06-19,-0.2716360937935841,-0.062420168819947275,-0.10935738683632312
2012-06-20,-0.2607570491554072,-0.05537589938299803,-0.09850688754963033
2012-06-21,-0.25656848077177175,-0.057430519359311316,-0.10152229758954023
2012-06-22,-0.3142683945486744,-0.07709547374122483,-0.133971994696524
2012-06-25,-0.3163804932911152,-0.07812315480122523,-0.13563001404901331
2012-06-26,-0.33184372373382254,-0.08531400847435033,-0.1477871370314302
2012-06-27,-0.3232248374268003,-0.07915039758960629,-0.13781136363062163
2012-06-28,-0.33141626748222996,-0.083993378905028,-0.14582875307625964
2012-06-29,-0.3004212792391838,-0.06975783320481932,-0.12339390475892908
2012-07-02,-0.27823387923002707,-0.05728390518458348,-0.10437028014575789
2012-07-03,-0.27544036357436175,-0.055229097475372746,-0.10092958930069795
2012-07-05,-0.2693237582298741,-0.04877205713996702,-0.09013477451792684
2012-07-06,-0.25823095010586794,-0.0517070842259818,-0.09483479461372946
2012-07-09,-0.2810829228386903,-0.060218851956926334,-0.10899145286610745
2012-07-10,-0.2816278175828404,-0.05581629764761675,-0.10177682386817322
2012-07-11,-0.2843436269174612,-0.07137217330615664,-0.12632817830199783
2012-07-12,-0.30403726990777247,-0.08267247005772582,-0.14418938260959213
2012-07-13,-0.3034150111276138,-0.08149854940506729,-0.1427209032165324
2012-07-16,-0.2903865447723607,-0.07210588494229131,-0.1281596562253159
2012-07-17,-0.2957823966031642,-0.06682320503224337,-0.12019591859665213
2012-07-18,-0.30400158485609186,-0.06961113310510825,-0.12471632909287866
2012-07-19,-0.2747928102178845,-0.04862513133146085,-0.09017533060761085
2012-07-20,-0.2670713261132657,-0.04510301029632391,-0.08416290374002888
2012-07-23,-0.3198272865294711,-0.0757749034200107,-0.13383521154889533
2012-07-24,-0.3052596276584786,-0.06726301804045476,-0.11965334060977706
2012-07-25,-0.30314232639629135,-0.08340633690432708,-0.14490077651227007
2012-07-26,-0.3110937365828199,-0.06917106839897202,-0.12276998635205671
2012-07-27,-0.31347796585192433,-0.06344741943777388,-0.11398172121547467
2012-07-30,-0.3197862860503151,-0.0458368451577883,-0.08555710064451949
2012-07-31,-0.3232447629577774,-0.04745125855241106,-0.08826426359747419
2012-08-01,-0.31580682758919476,-0.04246143003743719,-0.08042861520270983
2012-08-02,-0.34909442570562466,-0.05919130876482315,-0.1078862741560137
2012-08-03,-0.30642989529638365,-0.040113556652157434,-0.07610031347222346
2012-08-06,-0.2924921087868755,-0.032482096109528125,-0.06345099157111311
2012-08-07,-0.27804362675064587,-0.026024695842760126,-0.05231235468823148
2012-08-08,-0.27310777801723995,-0.024556752717771135,-0.051139530670746725
2012-08-09,-0.26387063233999886,-0.022649324452728936,-0.04782017878034539
2012-08-10,-0.25998753515875195,-0.02308956663022521,-0.047916566023054497
2012-08-13,-0.24964497415813014,-0.019274048305948255,-0.041587118685347035
2012-08-14,-0.251178462517897,-0.012963644655737072,-0.031707473586391366
2012-08-15,-0.27483401849777855,-0.016925993030440067,-0.03843669017796858
2012-08-16,-0.2569033539354958,-0.01002866433533256,-0.02655213787646382
2012-08-17,-0.23357820418364827,0.0,-0.009895600793245807
2012-08-20,-0.24584522232213035,0.0,-0.006962961513003796
2012-08-21,-0.27168633368033424,0.0,0.0
2012-08-22,-0.20168518642129252,-0.00874800002178544,-0.016091237201094843
2012-08-23,-0.2065573975212378,-0.006998438771897431,-0.012113102985769064
2012-08-24,-0.17230153175792307,-0.012976201380249908,-0.023068189300090136
2012-08-27,-0.13815496706032226,-0.0002914704931481493,-0.0009741072746803914
2012-08-28,-0.1550835632794687,-0.0037907504988660135,-0.00734356272036274
2012-08-29,-0.15080467298993716,-0.0029158756352721804,-0.004990368625452102
2012-08-30,-0.16316159794683216,-0.007289756886308063,-0.012977449796980234
2012-08-31,-0.16354557798358205,-0.0058319736651578635,-0.010708570714702326
2012-09-04,-0.16195899948395442,-0.00831065050277402,-0.014385582998368451
2012-09-05,-0.16696905158989195,-0.007873419921327174,-0.014574739528874225
2012-09-06,-0.15296695043492214,-0.0023330197070344783,-0.005110144375004566
2012-09-07,-0.12184710718871195,0.0,0.0
2012-09-10,-0.15654898755323754,-0.0017302037150117577,-0.0029928674958592527
2012-09-11,-0.13096320082932944,-0.0118229452254337,-0.020739304361015565
2012-09-12,-0.13795400444721717,-0.00994879157797246,-0.01750981299673182
2012-09-13,-0.14219311920211342,-0.009804337161197774,-0.016588808786970777
2012-09-14,-0.1718656850168918,0.0,0.0
2012-09-17,-0.0971544338466438,0.0,0.0
2012-09-18,-0.12658992292727123,-0.0027061566156151295,-0.005083462751553802
2012-09-19,-0.17339412096724505,0.0,0.0
2012-09-20,-0.1533494764161154,-0.0028467553548870983,-0.005162000685229318
2012-09-21,-0.17883500806912533,0.0,0.0
2012-09-24,-0.1850099757605369,-0.012913505711611983,-0.02217939007139902
2012-09-25,-0.20191147351686667,-0.007946728599654507,-0.013344903978452671
2012-09-26,-0.18305225206618791,-0.02568574847360261,-0.043673209828634874
2012-09-27,-0.18347199362917388,-0.02994319213701313,-0.05088637476764013
2012-09-28,-0.1676323047059166,-0.022279805387275586,-0.03826060993714675
2012-10-01,-0.1663495022181496,-0.02242183252915919,-0.03790282177417692
2012-10-02,-0.17027485349605243,-0.024266319313953177,-0.04127135369360346
2012-10-03,-0.16857020518892718,-0.02298917198412076,-0.03949382909781407
2012-10-04,-0.1639239874120536,-0.017880498663064848,-0.030353538215252107
2012-10-05,-0.14813742977818267,-0.011068946595771845,-0.019692514208991097
2012-10-08,-0.17653491544045585,-0.026962697820727133,-0.04600170666309389
2012-10-09,-0.18690392654211707,-0.03278134261972698,-0.05635932950663025
2012-10-10,-0.21071156283817183,-0.045979106166470385,-0.07752114340808136
2012-10-11,-0.20639378798944563,-0.043424352526163834,-0.0731228754972183
2012-10-12,-0.21417178106197055,-0.05364204339518641,-0.08956143165281716
2012-10-15,-0.2127825763008897,-0.05037782436086824,-0.0848379129289325
2012-10-16,-0.20789089278631678,-0.04555343032526349,-0.07709258248176587
2012-10-17,-0.20357424556279835,-0.03845766248876259,-0.06582278279503029
2012-10-18,-0.20163350025161952,-0.037180684529332986,-0.06373426574436336
2012-10-19,-0.21578407197149163,-0.046404812528004546,-0.079056574150419
2012-10-22,-0.2552969239473629,-0.06854257745406822,-0.11615518633042521
2012-10-23,-0.25903584851359407,-0.07095489995445503,-0.11919012887904112
2012-10-24,-0.24830584505552322,-0.066981323185476,-0.11319997089808809
2012-10-25,-0.25083761824774053,-0.06910999702225096,-0.11651176906372407
2012-10-26,-0.25365009102364755,-0.07549617809691522,-0.12657071098482653
2012-10-31,-0.24907602224376868,-0.07393538015209378,-0.12417222620265089
2012-11-01,-0.25088180200785093,-0.07265774562004157,-0.12283501303512079
2012-11-02,-0.23397862648341783,-0.06116331852976353,-0.10413581557802143
2012-11-05,-0.26318397060421017,-0.07521255655626768,-0.1264917579244228
2012-11-06,-0.2547260837120514,-0.0676910492445687,-0.11499817998222084
2012-11-07,-0.2574192534630778,-0.07748290081245912,-0.13027253204674027
2012-11-08,-0.26378963590650506,-0.08699094092806836,-0.14719646860707625
2012-11-09,-0.25881729218514626,-0.10331045229443103,-0.17229206347677428
2012-11-12,-0.23715263119461827,-0.09479606617460701,-0.1589001912561523
2012-11-13,-0.2394361243583205,-0.10714224470230371,-0.1780595572251188
2012-11-14,-0.24244898307087637,-0.10203326374683475,-0.1706209345621812
2012-11-15,-0.25045382481060596,-0.11636634173701832,-0.19279179337800245
2012-11-16,-0.26462672923620423,-0.11920456708616745,-0.1973827547066248
2012-11-19,-0.2377868679541858,-0.10643255730320322,-0.17741088998471555
2012-11-20,-0.21565410617485392,-0.09536344878359626,-0.1601182543635269
2012-11-21,-0.2148848747311185,-0.09380249679502184,-0.1586325168971926
2012-11-23,-0.21080994733062108,-0.08784218857572568,-0.14785648272789564
2012-11-26,-0.20641003887268572,-0.08145640118369468,-0.13816229227646348
2012-11-27,-0.19566229406205848,-0.07535415357551745,-0.12942558419471717
2012-11-28,-0.1932262389859164,-0.08273355441002928,-0.14079620669601633
2012-11-29,-0.15762980626676526,-0.06542033710526907,-0.11277017526469779
2012-11-30,-0.15740348219840938,-0.06471119301894379,-0.11182034471015534
2012-12-03,-0.14758298946989834,-0.05917646590883885,-0.10241864048008797
2012-12-04,-0.16687192602468626,-0.06783290535085074,-0.11598681518959808
2012-12-05,-0.1706819778350619,-0.07024537208038739,-0.12008585464698507
2012-12-06,-0.1841785611151905,-0.0820241199464189,-0.13922373623080064
2012-12-07,-0.15966156931231001,-0.06868451360757555,-0.11742881912582459
2012-12-10,-0.17717996753456133,-0.08131439412703323,-0.13758421000102317
2012-12-11,-0.15511640821016048,-0.06967788336899883,-0.11833236039520922
2012-12-12,-0.1301707598586156,-0.059034566306171876,-0.10255325105973245
2012-12-13,-0.1378422202248264,-0.06783337309389126,-0.11614739782454608
2012-12-14,-0.1688649128786769,-0.07961156810218306,-0.1344887473857891
2012-12-17,-0.17263887975352277,-0.08131444561429135,-0.13837252072342632
2012-12-18,-0.16624528783931103,-0.06527856360149764,-0.1123690902262402
2012-12-19,-0.1548256672535664,-0.05307435930283577,-0.09284126312623497
2012-12-20,-0.12904685863895082,-0.05818313141177789,-0.10109203242384435
2012-12-21,-0.1116600911429545,-0.07434161812424944,-0.12724583871720074
2012-12-24,-0.12213912620884637,-0.0722010288151046,-0.12212513233788103
2012-12-26,-0.12712873290719984,-0.07091679455306377,-0.12221989083179885
2012-12-27,-0.13304106765486878,-0.07890812852420814,-0.13472721467955473
2012-12-28,-0.14136234277947413,-0.08818368387374853,-0.14824998796666022
2012-12-31,-0.13493083099894143,-0.09103749660661964,-0.15465126897275228
2013-01-02,-0.210863646493764,-0.04794159519112906,-0.08405756163560374
2013-01-03,-0.2092277127829716,-0.04123534328856149,-0.07386635289615118
2013-01-04,-0.2201685807072049,-0.04580154228964639,-0.08100840055184533
2013-01-07,-0.22253520519045478,-0.05179509261839643,-0.09099021937471874
2013-01-08,-0.23090085302371688,-0.04922631032998426,-0.08656995930276434
2013-01-09,-0.2445436105054175,-0.049511725833710996,-0.0872260465465089
2013-01-10,-0.2406264791493561,-0.0408067812893691,-0.07334841781279433
2013-01-11,-0.24132513144010193,-0.042091231528775475,-0.07501767185897523
2013-01-14,-0.2482924294051745,-0.04523101669703822,-0.0808673493526667
2013-01-15,-0.2517868474637631,-0.04936905802536029,-0.08646626254275447
2013-01-16,-0.2577450233359295,-0.048084733143435754,-0.08402871347231644
2013-01-17,-0.2638086630615667,-0.04166343334837286,-0.07420800400771554
2013-01-18,-0.2620188541707076,-0.04380404950666572,-0.07829133628768581
2013-01-22,-0.299971272884319,-0.04209137715271083,-0.07475125492787948
2013-01-23,-0.3101851324446243,-0.03609783707157155,-0.06556073421131747
2013-01-24,-0.3332327519639875,-0.04894082888713325,-0.08620764360893574
2013-01-25,-0.33016681817659144,-0.0459441138293305,-0.08123842567661954
2013-01-28,-0.32771123879474007,-0.04394616957588171,-0.07824817475963997
2013-01-29,-0.29217341289219145,-0.043090596417492466,-0.07731724008613639
2013-01-30,-0.3085560653487587,-0.040093683317240725,-0.07173318981185017
2013-01-31,-0.27488498988727705,-0.04423171839949669,-0.07886930023099403
2013-02-01,-0.3103076298207573,-0.03923755226351067,-0.07085429745154315
2013-02-04,-0.3040665691057636,-0.040236503820182734,-0.07335377227492124
2013-02-05,-0.29712260250094846,-0.04737131280974727,-0.08523285290465388
2013-02-06,-0.2958000628752666,-0.04066446742657326,-0.07455085980830134
2013-02-07,-0.30764128444171646,-0.03952264926113369,-0.07250708158626362
2013-02-08,-0.3051399390741365,-0.03495618864735128,-0.06434818063107695
2013-02-11,-0.307506021202149,-0.02939085300098221,-0.05568764906899337
2013-02-12,-0.31423841858874746,-0.030960775855517375,-0.057974900179895816
2013-02-13,-0.31814791478912674,-0.030818120618748224,-0.0585242147728926
2013-02-14,-0.31612720169293107,-0.03467058760630504,-0.06448514241741221
2013-02-15,-0.32345246509656667,-0.030675484897071725,-0.05748282827593243
2013-02-19,-0.3289894862968745,-0.03153153561051181,-0.05903671904653818
2013-02-20,-0.3382803448220737,-0.026679699791448686,-0.05133127522043812
2013-02-21,-0.2868198887878316,-0.044945372876636136,-0.08133331779902486
2013-02-22,-0.29103409629294463,-0.04622969649265629,-0.08395166714705615
2013-02-25,-0.3011865860162928,-0.035955202073271186,-0.06708345838632201
2013-02-26,-0.27401314081565653,-0.0526512545261022,-0.09389515923105407
2013-02-27,-0.26787943266211334,-0.05036811357809989,-0.09020736175631183
2013-02-28,-0.24321315361188345,-0.040521944340598526,-0.07521864977004988
2013-03-01,-0.25993897763552887,-0.04594425327073959,-0.08360105240004112
2013-03-04,-0.24916233341491334,-0.04180581599337985,-0.07694050520071705
2013-03-05,-0.22140826690743398,-0.028677706339843456,-0.05456118477885974
2013-03-06,-0.21972266615320513,-0.017118680005108522,-0.03605951906777327
2013-03-07,-0.22117278196231782,-0.02139992876524688,-0.04346316644296433
2013-03-08,-0.22412563891698145,-0.016690415179887674,-0.035290368101495995
2013-03-11,-0.2256255968500529,-0.020115544070267277,-0.040612715554778855
2013-03-12,-0.24052476199574913,-0.018831291718254817,-0.03889091307238757
2013-03-13,-0.23289554636527976,-0.01826057151357119,-0.03870976653329172
2013-03-14,-0.23798375638990643,-0.01740406623546198,-0.0366283277286501
2013-03-15,-0.2381246438415361,-0.016846197884949676,-0.03599585122914084
2013-03-18,-0.1948903946188646,-0.029289791944328014,-0.056132147535033816
2013-03-19,-0.20230223803540326,-0.01942109423365579,-0.04034725149191554
2013-03-20,-0.20111869547176642,-0.017418177627396503,-0.03672164807552525
2013-03-21,-0.20272949956882058,-0.02642878123177339,-0.051095964581094555
2013-03-22,-0.21272247750812634,-0.024569465201298657,-0.04890155294449228
2013-03-25,-0.21249406807826487,-0.015987539765504044,-0.034844306875785214
2013-03-26,-0.21973140684587422,-0.01899152653160263,-0.03935961127215282
2013-03-27,-0.22063275525658854,-0.024140719725774695,-0.047786496286066904
2013-03-28,-0.21301229563645063,-0.016130535619624298,-0.0348355625083675
2013-04-01,-0.21259074002138834,-0.012984103901920063,-0.029597530460997112
2013-04-02,-0.2220703185343953,-0.01570163723145168,-0.03481308558981511
2013-04-03,-0.22713211685261336,-0.012125876591521867,-0.028584530882098558
2013-04-04,-0.24337895982314217,-0.022138193440989107,-0.04485139608572519
2013-04-05,-0.2705885332671437,-0.03687026956905959,-0.06962005283970896
2013-04-08,-0.27749435175547355,-0.029146572043107444,-0.05661121042716777
2013-04-09,-0.27152983306119305,-0.021852355103848864,-0.04438290505437548
2013-04-10,-0.26010972804291665,-0.014414730109478469,-0.032545846682087265
2013-04-11,-0.25976525373941195,-0.001112273651113882,-0.010355663423824768
2013-04-12,-0.26025142067199114,-0.0015419892841077587,-0.011154555686696321
2013-04-15,-0.2759793040297146,-0.003544191638462757,-0.015147414479880883
2013-04-16,-0.26657331262212336,-0.0139853099769508,-0.031979030442103595
2013-04-17,-0.26936313332862116,-0.015129518916035645,-0.03522818430551378
2013-04-18,-0.24823122260738284,-0.02342532876593828,-0.04852913465624198
2013-04-19,-0.2526522537122541,-0.03758567792625489,-0.07203609093383856
2013-04-22,-0.24983108360289863,-0.02285326138444066,-0.04863438300302547
2013-04-23,-0.25067437030282214,-0.010695834364530143,-0.02804554209019805
2013-04-24,-0.2558517272073043,-0.009265195125960468,-0.02633476486758901
2013-04-25,-0.2557720719925214,-0.004688385399039041,-0.017971288808683927
2013-04-26,-0.25569215064935025,-0.00440245615570245,-0.017881969190195912
2013-04-29,-0.25488389081665763,-0.0019709032142279925,-0.014396170159269417
2013-04-30,-0.2529412933752272,0.0,-0.00183366373886229
2013-05-01,-0.2384477450504724,0.0,0.0
2013-05-02,-0.24778920677495286,-0.003251791328875986,-0.005042945018878586
2013-05-03,-0.24344722713247158,0.0,0.0
2013-05-06,-0.23535579823904273,0.0,0.0
2013-05-07,-0.22572587903181884,0.0,0.0
2013-05-08,-0.21883456273911328,-0.0027582659835081458,-0.005406177274508761
2013-05-09,-0.20858606696030868,0.0,0.0
2013-05-10,-0.18738644324478726,0.0,0.0
2013-05-13,-0.19677086770955998,0.0,0.0
2013-05-14,-0.21365472735792768,0.0,0.0
2013-05-15,-0.20467253528620255,0.0,0.0
2013-05-16,-0.19903290321126865,0.0,0.0
2013-05-17,-0.20242883888771135,0.0,0.0
2013-05-20,-0.21480164845210992,0.0,0.0
2013-05-21,-0.2192929038765481,-0.00013491228156892188,0.0
2013-05-22,-0.21369390552850764,0.0,0.0
2013-05-23,-0.1261731434273451,-0.018696021221760062,-0.031396527532614904
2013-05-24,-0.12864360651044315,-0.018830596911289077,-0.03178099040378746
2013-05-28,-0.12112111454176955,-0.0012104337057643466,-0.0021260222982304455
2013-05-29,-0.1511878382918015,-0.010221868101996212,-0.016854240444578505
2013-05-30,-0.1395073124433005,-0.010625617020842859,-0.01822275522162864
2013-05-31,-0.1344727842056217,-0.009549783429891434,-0.016321289562122532
2013-06-03,-0.1407991231032193,-0.01479517498114069,-0.02422264997039647
2013-06-04,-0.13152299601765916,-0.011163600239339266,-0.019101992284577762
2013-06-05,-0.14944297956511,-0.021520857959273387,-0.03623702750985236
2013-06-06,-0.17511110756896253,-0.02972511177342474,-0.05013376182862184
2013-06-07,-0.1570272145591164,-0.022327821181981178,-0.03717778642418812
2013-06-10,-0.12751226672721117,-0.011164017583623509,-0.01894561003520645
2013-06-11,-0.1548743951020113,-0.022462326448832948,-0.03860602751479669
2013-06-12,-0.1511407220269544,-0.0168127074263571,-0.02823700334081547
2013-06-13,-0.2007188517841163,-0.0351054962086047,-0.059181234483477674
2013-06-14,-0.15601853764172746,-0.021520527260562305,-0.03682192145199514
2013-06-17,-0.15617465496043548,-0.020309957372938947,-0.03480976936386582
2013-06-18,-0.14236436574452038,-0.017216436920671874,-0.02986679362738709
2013-06-19,-0.12413681919266295,-0.010222284662540826,-0.01855793861015298
2013-06-20,-0.1804892726797096,-0.032819187544570916,-0.05579019241281924
2013-06-21,-0.21710771520932703,-0.045141071822684675,-0.07679441856171687
2013-06-24,-0.23789489889602877,-0.05768928337323875,-0.09704723663832315
2013-06-25,-0.22993405130992683,-0.05026788244500502,-0.08556711289404706
2013-06-26,-0.21145786073886674,-0.04433093904298124,-0.07588964407781873
2013-06-27,-0.20504758617707786,-0.038933975268559906,-0.06748993676508441
2013-06-28,-0.2051446490316563,-0.04284665939936749,-0.07392818568389381
2013-07-01,-0.17979988030470695,-0.03205253042323808,-0.055475479676605044
2013-07-02,-0.18646524216686788,-0.03299686862435902,-0.05728669642839779
2013-07-03,-0.1903827164212959,-0.035695717190460496,-0.061859731005521224
2013-07-05,-0.15061574544850265,-0.022742353394304526,-0.04049880071163803
2013-07-08,-0.12496175141799104,-0.015725946595826712,-0.02882984837674707
2013-07-09,-0.1372122662165508,-0.015320999557673187,-0.028136516675190015
2013-07-10,-0.13732111210603115,-0.014915958269487217,-0.027674413264355047
2013-07-11,-0.12931050113336373,0.0,0.0
2013-07-12,-0.1244078858273363,0.0,0.0
2013-07-15,-0.1175964988843986,0.0,0.0
2013-07-16,-0.13897936086224627,0.0,0.0
2013-07-17,-0.1183295437239138,0.0,0.0
2013-07-18,-0.16218039746718005,-0.0006612897845226229,-0.0010714740103416887
2013-07-19,-0.1654202477201998,-0.011642198634895351,-0.019519343228705854
2013-07-22,-0.17608842758891408,-0.009657457549405057,-0.01618356346028882
2013-07-23,-0.18750492026756105,-0.008598836660515752,-0.014809028885445885
2013-07-24,-0.18838978922067084,-0.008069910366074629,-0.01430360758672744
2013-07-25,-0.18222392160665757,-0.009922283115413433,-0.017194371416846765
2013-07-26,-0.17737013202727003,-0.012303525723163289,-0.021394829246536684
2013-07-29,-0.17347992658117783,-0.005027251995312065,-0.008975650053882456
2013-07-30,-0.1679655652969435,-0.0013227259076573628,-0.002501873194202142
2013-07-31,-0.1536852813681613,0.0,0.0
2013-08-01,-0.13225538267716375,0.0,0.0
2013-08-02,-0.12634129152542262,0.0,0.0
2013-08-05,-0.16934616061103358,0.0,0.0
2013-08-06,-0.17517061979077053,-0.00013013663060723601,0.0
2013-08-07,-0.1212814876216246,-0.007670627133118502,-0.012850141527620429
2013-08-08,-0.10889086996754793,-0.001169943456250211,-0.0014545892138008165
2013-08-09,-0.11691635346261431,-0.003380054906815144,-0.0049946631760368065
2013-08-12,-0.13640674822654686,-0.009490565122487582,-0.016051982642347418
2013-08-13,-0.1116872018663333,-0.0020805106997047185,-0.003457244080494415
2013-08-14,-0.10370855829823789,0.0,0.0
2013-08-15,-0.14427349116776,-0.014534283103586954,-0.024415008946607752
2013-08-16,-0.16398679224192148,-0.020114821074264322,-0.034137749847153454
2013-08-19,-0.16453767607915326,-0.020504348913560788,-0.03427520313891241
2013-08-20,-0.16866730584449707,-0.020504241244699517,-0.03462277297788807
2013-08-21,-0.16866153574904597,-0.021153152417540788,-0.03573527862893067
2013-08-22,-0.1631057400414626,-0.017130402218217267,-0.030032500852750332
2013-08-23,-0.1346925808030276,-0.004801449585096207,-0.008570153864563723
2013-08-26,-0.13693428954737086,-0.004411978723758425,-0.008365422631201214
2013-08-27,-0.17334672362030001,-0.016480985266768,-0.028462086194066205
2013-08-28,-0.1987854752248086,-0.026214075698615558,-0.04459014069818534
2013-08-29,-0.18542619540152838,-0.021542226210389037,-0.037441003296929565
2013-08-30,-0.1673095161306637,-0.013366894138337249,-0.02433865929452539
2013-09-03,-0.16086860350885146,-0.012718034381006937,-0.0230959895157139
2013-09-04,-0.16168242167663494,-0.011809071541827532,-0.02206214569478826
2013-09-05,-0.133069836666875,-0.004023234807170817,-0.008564186647791239
2013-09-06,-0.11859335697874296,0.0,-0.0014083144392285085
2013-09-09,-0.11876185158867336,0.0,0.0
2013-09-10,-0.11600973858953545,0.0,0.0
2013-09-11,-0.12317597170460703,-0.007538145475942559,-0.012519010300329425
2013-09-12,-0.11039751709762535,-0.002555303436194256,-0.004400829305482468
2013-09-13,-0.11597295195175739,-0.00242753139838614,-0.0039458557877248834
2013-09-16,-0.08883463923832058,0.0,0.0
2013-09-17,-0.10915918288000004,-0.0088937875289814,-0.015135740191249969
2013-09-18,-0.09612484074401051,-0.0029225998710159518,-0.004801739222268342
2013-09-19,-0.12826231835932367,0.0,0.0
2013-09-20,-0.1137445700773444,0.0,0.0
2013-09-23,-0.0940778688988484,-0.0016361252877992172,-0.0026464735816882357
2013-09-24,-0.09804028471965887,-0.005664455850299732,-0.009800665470604986
2013-09-25,-0.0980691625652872,-0.0070493689452292285,-0.012714945108573517
2013-09-26,-0.09311926122757541,-0.007175569970854889,-0.012280660939832932
2013-09-27,-0.10651373450040347,-0.009315290560434009,-0.015511960595794516
2013-09-30,-0.1342585310769887,-0.015106393566206355,-0.026100801569895804
2013-10-01,-0.11165756442092367,-0.007049214655747038,-0.01247733021830122
2013-10-02,-0.10811609924566501,-0.003901953394383706,-0.007755740641615105
2013-10-03,-0.09591695072525697,0.0,0.0
2013-10-04,-0.11622563534234365,-0.010435313135429336,-0.018054682137696898
2013-10-07,-0.11939535014967761,-0.010686544590893465,-0.017929179126123462
2013-10-08,-0.11858186701890339,-0.010183606107565968,-0.017742626130371253
2013-10-09,-0.16049271565809853,-0.027031710292404476,-0.046200038397844034
2013-10-10,-0.14279108608486768,-0.021876456055564764,-0.0380467750490906
2013-10-11,-0.12033498917806462,-0.014332758458173389,-0.025641336387750124
2013-10-14,-0.11795581118855059,-0.010183920971071347,-0.018995292276505538
2013-10-15,-0.08399094496571868,0.0,0.0
2013-10-16,-0.08842071089606296,0.0,0.0
2013-10-17,-0.08121362572053226,0.0,0.0
2013-10-18,-0.029895528841772157,0.0,0.0
2013-10-21,-0.02376733707336276,0.0,0.0
2013-10-22,-0.010740001988181147,0.0,0.0
2013-10-23,0.0,-0.007260680556739119,-0.011528247068065656
2013-10-24,-0.021201594956996916,-0.007865463359262304,-0.012919605834564418
2013-10-25,-0.002956121477934781,0.0,0.0
2013-10-28,-0.00572955976470213,-0.002046594581357475,-0.003958156804019453
2013-10-29,-0.009336750304539954,0.0,0.0
2013-10-30,-0.014458474396419896,0.0,0.0
2013-10-31,0.0,-0.006959449690245978,-0.011607926100743793
2013-11-01,-0.020031980655626502,-0.0033593630787712714,-0.006567044047422477
2013-11-04,-0.024133060933079986,-0.003479956470260781,-0.005647738726450524
2013-11-05,-0.04330320719042846,-0.008879614505563405,-0.015310467313095377
2013-11-06,-0.018176358622867372,0.0,0.0
2013-11-07,-0.023880844459551076,-0.004319204442255642,-0.007149399444159155
2013-11-08,-0.046240137421108995,-0.019554637294682986,-0.033095882688035316
2013-11-11,-0.0236512160636434,-0.011397179222712328,-0.020902510015579412
2013-11-12,-0.026657268131669798,-0.014516020969824406,-0.024947180776035305
2013-11-13,-0.02616152305492314,-0.01643540151174172,-0.027963438545367314
2013-11-14,0.0,-0.0005997746125123715,-0.001862346030317319
2013-11-15,0.0,0.0,0.0
2013-11-18,-0.005263049796911612,0.0,0.0
2013-11-19,-0.02097883303390824,-0.010127947129262904,-0.01684554914997305
2013-11-20,-0.03205657202927026,-0.009770042747086816,-0.01604300493548383
2013-11-21,-0.034454666282404456,-0.010604158109016493,-0.018235237000168936
2013-11-22,-0.03070880555854738,-0.003097850664005364,-0.004901193736250309
2013-11-25,-0.018351285165471798,0.0,0.0
2013-11-26,-0.016633080642179054,-0.0009491852886345242,-0.000835353571350117
2013-11-27,-0.01555598164899974,0.0,0.0
2013-11-29,-0.014732786537844822,0.0,0.0
2013-12-02,0.0,0.0,0.0
2013-12-03,0.0,-0.004777856840296524,-0.008254422581967735
2013-12-04,0.0,-0.009089006417653422,-0.015417527777337181
2013-12-05,0.0,-0.0031464844708164463,-0.005016227200471568
2013-12-06,0.0,0.0,0.0
2013-12-09,0.0,0.0,0.0
2013-12-10,0.0,-0.0016214063630399789,-0.002769868094943506
2013-12-11,-0.0070704734267140745,-0.0008107211662539138,-0.0012601611511202648
2013-12-12,0.0,-0.013203521807527374,-0.021890098408023695
2013-12-13,-0.0010457887098112018,-0.011466893766691744,-0.019319306777695444
2013-12-16,-0.0008997126843435233,-0.012508602806674762,-0.02129126325459818
2013-12-17,0.0,-0.011929773482657113,-0.01980873177244502
2013-12-18,0.0,-0.012740885308470506,-0.021882159365437026
2013-12-19,0.0,-0.00405340742134741,-0.007397980482528821
2013-12-20,0.0,-0.003329825952424259,-0.00656630642501943
2013-12-23,0.0,0.0,0.0
2013-12-24,0.0,0.0,0.0
2013-12-26,-0.04268115026280406,0.0,0.0
2013-12-27,-0.04467876977987051,0.0,0.0
2013-12-30,-0.007976738617459622,-0.005236950450203004,-0.008979550098676792
2013-12-31,-0.013192665790276115,-0.0034153814326952636,-0.00570449373615034
2014-01-02,0.0,-0.0034155834386976336,-0.0057954754517718365
2014-01-03,-0.008611923214819628,-0.00660335625521935,-0.01141093236677082
2014-01-06,-0.01071245229670359,-0.013547966141411294,-0.02305963116677079
2014-01-07,-0.011123140270306475,-0.01286457571125843,-0.022313260694297177
2014-01-08,0.0,-0.008083205148283201,-0.014389576817943728
2014-01-09,0.0,-0.002504626230634077,-0.005124425047624004
2014-01-10,-0.014789758107988105,-0.007058615099804766,-0.012257036311195124
2014-01-13,-0.0222556430142955,-0.007627636084634126,-0.013505028125369689
2014-01-14,-0.04551828096024613,-0.01764627714157574,-0.03054978092714422
2014-01-15,-0.039657116035479945,0.0,0.0
2014-01-16,-0.03158335407885682,0.0,0.0
2014-01-17,-0.040439917525364244,-0.0021521685521922462,-0.0034421299678296657
2014-01-21,-0.032223750656683925,0.0,0.0
2014-01-22,-0.0259355627185488,0.0,0.0
2014-01-23,-0.031010370923614028,-0.0030416796655894363,-0.005040068079297244
2014-01-24,-0.048310405802964196,-0.008224044380111262,-0.014353850400464885
2014-01-27,-0.05275325025788358,-0.022981379224982112,-0.038889027226228556
2014-01-28,-0.07917953377835141,-0.03695095660341319,-0.06354648184525014
2014-01-29,-0.08319166099323727,-0.041344147232767026,-0.0696489962597765
2014-01-30,-0.06623802853714966,-0.031656141767171575,-0.05352061448865131
2014-01-31,-0.0750929666183312,-0.036500147096563795,-0.06255639041944583
2014-02-03,-0.06549170640572244,-0.030078921400465086,-0.051581490817705467
2014-02-04,-0.09509660232825512,-0.04573771043502006,-0.07818425669280227
2014-02-05,-0.09926970673002367,-0.04675134240520362,-0.07989607443144087
2014-02-06,-0.084916256628354,-0.04325916415401554,-0.07399236901505335
2014-02-07,-0.03980301358476368,-0.02850160654710121,-0.04992695251038881
2014-02-10,-0.011364710448064863,-0.017011050617245838,-0.0308708936484402
2014-02-11,0.0,-0.008899797375092389,-0.017868316400756035
2014-02-12,0.0,0.0,0.0
2014-02-13,-0.016479442259436095,-0.007418636323620609,-0.012852989980354557
2014-02-14,0.0,0.0,0.0
2014-02-18,0.0,0.0,0.0
2014-02-19,-0.0035956587504851756,0.0,0.0
2014-02-20,0.0,-0.004330175684146287,-0.007830365512054405
2014-02-21,-0.0020241730565042637,0.0,0.0
2014-02-24,0.0,-0.0022140290909052895,-0.004780385735232984
2014-02-25,0.0,0.0,0.0
2014-02-26,-0.0008816995585556597,0.0,0.0
2014-02-27,0.0,-0.003390249006993251,-0.0061842620535464965
2014-02-28,0.0,0.0,0.0
2014-03-03,0.0,-0.010286818765547157,-0.01824418915718473
2014-03-04,0.0,0.0,0.0
2014-03-05,-0.0027659753334590143,0.0,0.0
2014-03-06,0.0,0.0,0.0
2014-03-07,0.0,-1.9155944808169068e-07,0.0
2014-03-10,0.0,-0.008656718665448704,-0.014972142247732134
2014-03-11,0.0,-0.004821467508259292,-0.008435079185972527
2014-03-12,-0.006769900635484327,-0.015998533624484557,-0.027050260847782504
2014-03-13,0.0,-0.004054576851558855,-0.0071648201007945556
2014-03-14,-0.06047291969473312,-0.024984416031877954,-0.04273066257256841
2014-03-17,-0.060943963989657846,-0.02224465544994636,-0.03807047511477857
2014-03-18,-0.05207030329753881,-0.018738383222502875,-0.03207911298551902
2014-03-19,-0.024255454137484422,-0.00778053189807848,-0.013601067746435436
2014-03-20,-0.04438371830516519,-0.01654658338610049,-0.028429215248945816
2014-03-21,-0.002097245106087997,-0.005071842730016374,-0.00966295120958438
2014-03-24,-0.03135991276247818,-0.019130104663006353,-0.032382018610299546
2014-03-25,-0.04471500555257335,-0.026159066933486352,-0.044243693277207674
2014-03-26,-0.029672932660265383,-0.023193579835313893,-0.039574337335188114
2014-03-27,-0.07793938047239757,-0.04186471196200159,-0.07029105745622644
2014-03-28,-0.07769639532617145,-0.04285354994824764,-0.07246114519262858
2014-03-31,-0.05994202369919743,-0.036593111443390836,-0.06228966805507474
2014-04-01,-0.04142129927798521,-0.03252929715813768,-0.055220143821396395
2014-04-02,-0.005663821355357035,-0.016164739812402962,-0.028047068180714563
2014-04-03,-0.00546285192931395,-0.01682359997563443,-0.029054786447803682
2014-04-04,-0.014100067026850627,-0.019130198164573176,-0.0341804738178072
2014-04-07,-0.07489080008316151,-0.057460555915127776,-0.09627894852031682
2014-04-08,-0.07740552082419094,-0.059437647498049806,-0.0996626436946062
2014-04-09,-0.0413018762053472,-0.04834515922220883,-0.08180940263687819
2014-04-10,-0.013776425789421731,-0.034945732589184764,-0.059820020815579356
2014-04-11,-0.12391753244448223,-0.07382524024909753,-0.12318930116489357
2014-04-14,-0.11817537054327076,-0.06822423415054635,-0.11486452175033157
2014-04-15,-0.11004683282038763,-0.06569818592813692,-0.11105045624061616
2014-04-16,-0.08511389792436408,-0.057900237643442654,-0.09801621908970715
2014-04-17,-0.09239439870163024,-0.05724097039907383,-0.09658420998689621
2014-04-21,-0.06438954140913344,-0.05120075511366762,-0.08710521515056513
2014-04-22,-0.04268631937687606,-0.043073346957928194,-0.07459696929893089
2014-04-23,-0.028900063253125774,-0.03878969737417015,-0.06713364843245362
2014-04-24,-0.011010428238184988,-0.031540792543260476,-0.05535292347835985
2014-04-25,-0.013478295253573025,-0.04384162104460576,-0.07559009985385667
2014-04-28,-0.04204279397794941,-0.049003599151887345,-0.08473690634322839
2014-04-29,-0.045791556132030786,-0.04757615541482707,-0.08199081915228068
2014-04-30,-0.05149898486152116,-0.04724669559056616,-0.08119549250161695
2014-05-01,-0.02716300526147264,-0.0387897225963687,-0.0675921286948048
2014-05-02,-0.031482029160463276,-0.034176798875404035,-0.060604190671240565
2014-05-05,-0.050679428526590575,-0.04494028248018567,-0.07772300023091783
2014-05-06,-0.027109821286871005,-0.03571407998801712,-0.062479969944070346
2014-05-07,-0.04447250044008111,-0.04472068399111695,-0.07684627150987489
2014-05-08,-0.06091154503813312,-0.052848096887663565,-0.09059177500951954
2014-05-09,-0.049591304056483154,-0.05087116508515177,-0.08774038825450736
2014-05-12,-0.029578288349409232,-0.04109577261908226,-0.07165046011587517
2014-05-13,0.0,-0.03022280687389134,-0.05392902236105834
2014-05-14,-0.018144512321451756,-0.033408061882696405,-0.05912072538353441
2014-05-15,-0.029428208605964068,-0.035714363356526335,-0.0632918238620479
2014-05-16,-0.04729642429762948,-0.041975077758644286,-0.07384230073306464
2014-05-19,-0.035793290131182154,-0.039668382156864856,-0.06997302772295322
2014-05-20,-0.009383430421322947,-0.030552296910975385,-0.05454881341262319
2014-05-21,-0.013177733357990884,-0.03187061063936958,-0.05731984943788504
2014-05-22,0.0,-0.023303619853484947,-0.043265623381645746
2014-05-23,0.0,-0.01913030105541924,-0.035716269954770063
2014-05-27,0.0,-0.00858623312813378,-0.018062597923010904
2014-05-28,0.0,-0.001007784255360522,-0.005612128647090264
2014-05-29,-0.00023950864380917203,-0.00023913548209919533,-0.0041956929686889355
2014-05-30,0.0,0.0,0.0
2014-06-02,0.0,0.0,0.0
2014-06-03,-0.010599886416173931,-0.005470000691659482,-0.009418846060312736
2014-06-04,-0.00631085307874546,-0.005141893496137029,-0.008919656073402726
2014-06-05,-0.005596483964569243,0.0,0.0
2014-06-06,-0.008043128521676546,0.0,0.0
2014-06-09,-0.06047855430025861,0.0,0.0
2014-06-10,-0.026302911005045893,-0.0018310280663593748,-0.00386439972989594
2014-06-11,-0.03453470148451376,-0.0026932645335893124,-0.005367170356706086
2014-06-12,-0.018851581814751772,-0.0016159007999702046,-0.0032296060779175573
2014-06-13,0.0,-0.004201162655534718,-0.007578641452814727
2014-06-16,-0.003163350552425892,-0.00732501394163243,-0.0126548336849579
2014-06-17,-0.009628605342740904,-0.005493678447222594,-0.009709216381135422
2014-06-18,-0.02929444795386038,-0.0032317864095809945,-0.005737435366315324
2014-06-19,-0.055079262744189506,0.0,0.0
2014-06-20,-0.04676880271337702,-0.0017285880630284467,-0.0029755255516172863
2014-06-23,-0.033750337593659197,-0.0010823097879412158,-0.0023473934567191934
2014-06-24,-0.04577231909787638,-0.0008668569610563726,-0.00156348802725359
2014-06-25,-0.0005902465560593262,-0.003990230894065694,-0.007192291925476657
2014-06-26,0.0,0.0,0.0
2014-06-27,0.0,-0.001392571673930032,-0.002236745236517401
2014-06-30,-0.03051964494270165,0.0,0.0
2014-07-01,-0.05893179046600916,0.0,0.0
2014-07-02,-0.089734595674824,0.0,0.0
2014-07-03,-0.13357736846633195,0.0,0.0
2014-07-07,-0.11364880224503282,0.0,0.0
2014-07-08,-0.08132391378894588,-0.003766363345446222,-0.006043354115877642
2014-07-09,-0.09036844884839346,-0.01129969051974955,-0.019054522532798046
2014-07-10,-0.09412345587140669,-0.019355770993333188,-0.03241763521925922
2014-07-11,-0.10659767928964536,-0.007218969929135621,-0.012500464285270962
2014-07-14,-0.12358495500075461,0.0,0.0
2014-07-15,-0.11874268263621413,0.0,0.0
2014-07-16,-0.12823351599247523,0.0,0.0
2014-07-17,-0.14117407418275396,-0.005926304626370449,-0.010314463617660086
2014-07-18,-0.11868406291062039,-0.01133216137082338,-0.018859879350286657
2014-07-21,-0.11664778013604127,-0.002911226556983171,-0.006319371027734277
2014-07-22,-0.10043248129802829,0.0,0.0
2014-07-23,-0.09480307971075408,0.0,0.0
2014-07-24,-0.10445354584095434,0.0,0.0
2014-07-25,-0.12865228915372529,-0.008009502061275153,-0.012891289580028276
2014-07-28,-0.1304260173706694,-0.005750466087390493,-0.01013552100425641
2014-07-29,-0.13001769278296005,-0.00431284083375727,-0.007455580749029522
2014-07-30,-0.13011523145993376,-0.0026701170231512306,-0.0047810519319386735
2014-07-31,-0.10850340579791462,-0.012527437993850588,-0.02121287531596905
2014-08-01,-0.1147971085486793,-0.026492370036509394,-0.04493288632384829
2014-08-04,-0.11252414647327535,-0.025978991900317827,-0.04422560942451359
2014-08-05,-0.11473652352559371,-0.02525998319651912,-0.04302469159500444
2014-08-06,-0.1456829195907916,-0.03491268572986095,-0.05961366048637373
2014-08-07,-0.1281100044502379,-0.025054830657742166,-0.04344913984796839
2014-08-08,-0.15354975312418462,-0.031113216369210384,-0.05277359113611402
2014-08-11,-0.12530768350919963,-0.021871663524176244,-0.038117369291784664
2014-08-12,-0.11928534772257482,-0.020947738944447902,-0.036218520732992365
2014-08-13,-0.10763323296530669,-0.016326852328095498,-0.02821352608759997
2014-08-14,-0.08599659948780725,-0.008625730814932009,-0.016001609535326144
2014-08-15,-0.0632254879063201,0.0,-0.0003801881828254805
2014-08-18,-0.049243858935330564,0.0,0.0
2014-08-19,-0.036533241309251396,0.0,0.0
2014-08-20,-0.029320557939661374,0.0,0.0
2014-08-21,-0.02472614542902607,0.0,0.0
2014-08-22,-0.02049995724738285,0.0,0.0
2014-08-25,-0.043652542142027295,0.0,0.0
2014-08-26,-0.041612181258190994,0.0,0.0
2014-08-27,-0.023924462276119662,-0.0002008910924239382,0.0
2014-08-28,0.0,-0.0037174707517318994,-0.005966255744379367
2014-08-29,-0.03566189793205787,0.0,0.0
2014-09-02,-0.032359820827385644,0.0,0.0
2014-09-03,-0.045897816905034805,0.0,0.0
2014-09-04,-0.0518895424400172,-0.006279582369015602,-0.010036029891543063
2014-09-05,-0.048830691077577204,-0.00797400080117916,-0.01288087124622983
2014-09-08,-0.062469650048712966,-0.0041865080064205085,-0.007053976244706273
2014-09-09,-0.057560963092161854,-0.0024919337840154654,-0.004153991614634367
2014-09-10,-0.024156840537674196,-0.009568809587816807,-0.015859519345603923
2014-09-11,-0.024794893297479303,-0.006977611338281009,-0.011923663493013548
2014-09-12,-0.02546476306468437,-0.0043855871246268885,-0.007240554070025107
2014-09-15,-0.027688872935190956,-0.007475552825105591,-0.012791801267143965
2014-09-16,-0.035228757588664505,-0.021828556724533765,-0.03680615647964425
2014-09-17,-0.009385545718884392,-0.009768139892139316,-0.016662635808997517
2014-09-18,0.0,-0.004983497972557371,-0.008589949912939376
2014-09-19,0.0,0.0,0.0
2014-09-22,-0.020049039391858425,-0.007167898515141102,-0.012604986264700191
2014-09-23,-0.02646114167357494,-0.018019489716933013,-0.03091545014277941
2014-09-24,-0.02417984508195259,-0.015729484896224943,-0.027544749030591453
2014-09-25,-0.021109143707294775,-0.009358156623516689,-0.01688892163235034
2014-09-26,-0.026140517857180967,-0.023893243059114777,-0.04137098363824865
2014-09-29,-0.026727938484165104,-0.02648135844385635,-0.04637737731826097
2014-09-30,-0.005431281104448238,-0.015330872994060663,-0.026923745037072733
2014-10-01,-0.006162367594537588,-0.019412876630066966,-0.03371585723866488
2014-10-02,-0.013295343511144031,-0.03275322012356263,-0.05637076997136725
2014-10-03,-0.012628928628105829,-0.02668030723730097,-0.046754011305401244
2014-10-06,-0.009779000898159085,-0.01971163503761242,-0.03579156913279591
2014-10-07,-0.030074803453138732,-0.029468154262622392,-0.051461087308873776
2014-10-08,-0.03408188116803623,-0.03822888835393112,-0.06558234608033986
2014-10-09,-0.0297824249795009,-0.021304475008978585,-0.03826829580746671
2014-10-10,-0.1184347916201911,-0.04151384141374059,-0.07251782222889469
2014-10-13,-0.1658364914906093,-0.06162424574389047,-0.10525385761574124
2014-10-14,-0.18057432306653598,-0.06889133167534256,-0.11700030953790963
2014-10-15,-0.21172487573419474,-0.08850369576785777,-0.14903399475200618
2014-10-16,-0.21493299022053236,-0.09995256817986975,-0.16725595779028946
2014-10-17,-0.1533182831215223,-0.07426716454841853,-0.12511371681601802
2014-10-20,-0.17003267244681564,-0.07436693145029083,-0.12608318587310818
2014-10-21,-0.1625480891975608,-0.048781525174437124,-0.08422665661803697
2014-10-22,-0.11280552503968821,-0.032753312039007665,-0.05797851173624202
2014-10-23,-0.12001212382264892,-0.031060685797789978,-0.055421764066842516
2014-10-24,-0.10770117429176385,-0.024191439047474117,-0.04508456748023082
2014-10-27,-0.09612053556710887,-0.020209484244546827,-0.037881571202522335
2014-10-28,-0.07121604551215566,-0.013041607335352978,-0.026203209519210735
2014-10-29,-0.04840250732856477,-0.006072642956986618,-0.014375633554465472
2014-10-30,-0.05812622715510274,-0.010951099761851713,-0.022741723276292092
2014-10-31,-0.0003303770073723733,0.0,0.0
2014-11-03,0.0,-0.000983366959599552,-0.0020718288114146555
2014-11-04,-0.007054918748347516,-0.002950549586917095,-0.005490190829190111
2014-11-05,0.0,0.0,0.0
2014-11-06,-0.012594941834719098,-0.0065674823075684285,-0.011172783076629278
2014-11-07,-0.01837293229290271,-0.0015682746069691778,-0.0020999129770746805
2014-11-10,-0.03487962464157224,-0.0037247279101166875,-0.006092009654831032
2014-11-11,-0.05349185987173177,-0.0004901340925996811,-0.0002689487711744487
2014-11-12,-0.042068253683386736,-0.0015684822974072476,-0.002443909617590556
2014-11-13,-0.029225665283338587,0.0,0.0
2014-11-14,-0.023133327601775333,0.0,0.0
2014-11-17,-0.014572620592755214,0.0,0.0
2014-11-18,-0.04483480401776674,0.0,0.0
2014-11-19,-0.026778172352916907,0.0,0.0
2014-11-20,0.0,-0.007724710132516854,-0.013052185681527662
2014-11-21,-0.05159916793582886,0.0,0.0
2014-11-24,-0.05369619801739578,-0.0042074650169261485,-0.006953567755764389
2014-11-25,-0.0806699952282931,0.0,0.0
2014-11-26,-0.08370778326110473,0.0,0.0
2014-11-28,-0.10421993580354794,0.0,0.0
2014-12-01,-0.04039197278016038,-0.0007561592628830827,-0.0014074376350170503
2014-12-02,-0.011039616203644353,-0.008318467846801125,-0.014527035717482706
2014-12-03,-0.07660633437762188,-0.0038751999761804656,-0.007300428012989024
2014-12-04,-0.06624838147932144,-0.004537273828152388,-0.008716672879984233
2014-12-05,-0.09276647529877569,-0.0024576928707318313,-0.0045746328074716125
2014-12-08,-0.09136898839948382,-0.006522348837242453,-0.012129366087661797
2014-12-09,-0.012757119745993806,-0.02259210326672434,-0.039302254155389904
2014-12-10,-0.003412685886366673,-0.009736189235279746,-0.01712669524278887
2014-12-11,0.0,-0.02070171300622481,-0.03591363398825431
2014-12-12,-0.0019770426750472803,-0.02826381485898577,-0.0486838100829976
2014-12-15,-0.00043789120294523975,-0.02457746565497876,-0.04276998107838226
2014-12-16,-0.008444530281436213,-0.04565745959547485,-0.07708915921569581
2014-12-17,-0.011735417168425966,-0.05435392972722786,-0.09197966992019435
2014-12-18,-0.005099092520509441,-0.02400990620929533,-0.04161875738593446
2014-12-19,-0.0032578154962755734,-0.013636320267389035,-0.024656579854754668
2014-12-22,-0.0013859031663813193,-0.011928620024593162,-0.021845161258102985
2014-12-23,0.0,-0.004243366443215324,-0.008844068611307376
2014-12-24,-0.006960858685926108,-0.01012594020209956,-0.018543902836567927
2014-12-26,-0.0034581027014805032,-0.00765909937653797,-0.015067038896313
2014-12-29,-0.002919600293383673,-0.004432892543386524,-0.009452032475299132
2014-12-30,-0.0036553403395547246,-0.006520217387640748,-0.013344980446164167
2014-12-31,-0.004105343010482931,-0.008607734903469222,-0.01719437011909508
2015-01-02,-0.0077633727802106645,-0.01562879803742734,-0.029108333046571455
2015-01-05,-0.013173305772551602,-0.027679146797947918,-0.04915313872848681
2015-01-06,-0.013012484593698193,-0.03631294584481737,-0.06398107235900452
2015-01-07,-0.017088654361893996,-0.04437811880020048,-0.07715728570444069
2015-01-08,-0.01317948765350252,-0.030241030569365113,-0.053479128615093297
2015-01-09,-0.00933717317208782,-0.016957606646141876,-0.03194979211620741
2015-01-12,-0.010883062977295799,-0.024548023791397422,-0.04446669883809751
2015-01-13,-0.01324042331738029,-0.027204780010064433,-0.04988558644436303
2015-01-14,-0.019742572145265314,-0.04656030381488918,-0.08174661282528628
2015-01-15,-0.01715307332638727,-0.03773648753648429,-0.06690279475099026
2015-01-16,-0.020662006212831208,-0.05585875732603096,-0.09613089982529899
2015-01-20,-0.017763292954666388,-0.037736463405132814,-0.06629233212611219
2015-01-21,-0.015239504511391777,-0.03878026770560661,-0.06836546542152144
2015-01-22,-0.009969826462274844,-0.027204823634293884,-0.04853056462542671
2015-01-23,-0.006940165673550602,-0.013162124424581534,-0.02560202822795843
2015-01-26,-0.00515733897461057,-0.012023543384404034,-0.023594571058704328
2015-01-27,-0.011666663672245448,-0.027583951760065784,-0.04949006251522392
2015-01-28,-0.012628332512266138,-0.022175856530124327,-0.04244113048702902
2015-01-29,-0.019648372249752688,-0.04333469631436382,-0.07693853584344967
2015-01-30,-0.014594968940422559,-0.034225808663866264,-0.061809296177642525
2015-02-02,-0.016769889108259384,-0.038685284609421,-0.06939952173030484
2015-02-03,-0.016624907996253047,-0.029007476155509027,-0.05395587299388949
2015-02-04,-0.018949407926526107,-0.027204875685051588,-0.05075675966755466
2015-02-05,-0.016019516946684242,-0.021606743924660998,-0.04146905212269281
2015-02-06,-0.014477861458305874,-0.014110896239499238,-0.028629337963523405
2015-02-09,-0.02126420985878308,-0.025401698474069256,-0.04739630095837055
2015-02-10,-0.01979711652780647,-0.019329231212366293,-0.036936019153811506
2015-02-11,0.0,-0.008417847352678587,-0.01911919600423806
2015-02-12,0.0,0.0,-0.004827485047949498
2015-02-13,0.0,0.0,0.0
2015-02-17,0.0,0.0,0.0
2015-02-18,0.0,-0.0002806781385694679,-0.00026519625052823237
2015-02-19,-0.0006230941410483304,0.0,0.0
2015-02-20,0.0,0.0,0.0
2015-02-23,0.0,0.0,0.0
2015-02-24,-0.017776374974975084,0.0,0.0
2015-02-25,-0.07807333498202784,0.0,0.0
2015-02-26,-0.0780273430322056,0.0,0.0
2015-02-27,-0.07638882957967486,0.0,0.0
2015-03-02,-0.09298631812301295,-0.0021133765261680537,-0.003823772397712366
2015-03-03,-0.09867335541090816,0.0,0.0
2015-03-04,-0.061005308895110355,-0.004952423308728138,-0.00855605818428351
2015-03-05,-0.07041930082732484,-0.0029347530613510475,-0.005182917070554294
2015-03-06,-0.08320795577603757,-0.005044027755790825,-0.008599371940017808
2015-03-09,-0.10657805236884355,-0.01302293653415143,-0.02250125297451655
2015-03-10,-0.10857236937680281,-0.019259502290337904,-0.033347973438040635
2015-03-11,-0.13383511696397177,-0.029072394097116483,-0.05060608846225512
2015-03-12,-0.13470498056582725,-0.036868057880477756,-0.06300183693393169
2015-03-13,-0.13340708699170156,-0.030723453609386442,-0.05269310208814426
2015-03-16,-0.1317289267272289,-0.030448229313069897,-0.05232686932823938
2015-03-17,-0.13007981701213212,-0.024211635860327818,-0.042627362799923185
2015-03-18,-0.12684561713334086,-0.022652629050804896,-0.03957452207923329
2015-03-19,-0.12028776104046401,-0.009354559437255383,-0.017119761459625682
2015-03-20,-0.11529201167220782,-0.0007332996215702048,-0.0030666600190306648
2015-03-23,-0.11487306622031546,-0.0030313045245536907,-0.006531058931953826
2015-03-24,-0.11804296682953364,-0.004502080529098174,-0.009602323690820369
2015-03-25,-0.11713193528403931,-0.006432416003431585,-0.012271749882424299
2015-03-26,-0.13865801581557913,-0.03869737175261756,-0.06624245619399782
2015-03-27,-0.14134682481924132,-0.034192930344311145,-0.058995740281764575
2015-03-30,-0.134183204350519,-0.024265282154672385,-0.04190472348613472
2015-03-31,-0.1342088774760526,-0.021783385438518987,-0.038532922620586496
2015-04-01,-0.1366787800422351,-0.029413227783855245,-0.05126615475236351
2015-04-02,-0.1386226266516738,-0.0335496011466222,-0.058587408171068
2015-04-06,-0.14150527070902774,-0.03952458039187601,-0.06837220242413022
2015-04-07,-0.13698779420599727,-0.0264718021668513,-0.04642547750116466
2015-04-08,-0.13698244375840662,-0.027206967012136762,-0.04783257704161903
2015-04-09,-0.13453517647293367,-0.020312975680775724,-0.03594169313887119
2015-04-10,-0.12950224091869478,-0.014062140743529628,-0.025350219779771588
2015-04-13,-0.12860111410109354,-0.008914111197246721,-0.017151292781985794
2015-04-14,-0.12911188353056047,-0.013142955476070028,-0.02397682143189439
2015-04-15,-0.12932551991932573,-0.012407365772385992,-0.022799741107492166
2015-04-16,-0.13036909061052893,-0.011488290450617611,-0.021572284562345834
2015-04-17,-0.13476434515486246,-0.019668935903932816,-0.03557794396856462
2015-04-20,-0.13481899967372213,-0.020772499211283213,-0.03759332625610723
2015-04-21,-0.1303670476138803,-0.005329435171599006,-0.011873810656089723
2015-04-22,-0.13225313954327111,-0.004226396991003911,-0.010300846719273227
2015-04-23,-0.13723459091309542,-0.004777638477168722,-0.010959939987374767
2015-04-24,-0.1072570330985606,0.0,0.0
2015-04-27,-0.1066844236372444,0.0,0.0
2015-04-28,-0.11648541107924315,-0.005498608355999468,-0.009353644977247888
2015-04-29,-0.12835498704089054,-0.013701035961946828,-0.02343766577143147
2015-04-30,-0.14254663960158465,-0.020011151484730205,-0.033936012320029074
2015-05-01,-0.1537037506462522,-0.026140478089653807,-0.044767400119923084
2015-05-04,-0.11495803248937453,-0.01397189323833048,-0.024654484869449766
2015-05-05,-0.12884808564184447,-0.019379981475539765,-0.03341518921073716
2015-05-06,-0.1584317373761004,-0.029836262332594177,-0.05125471646726987
2015-05-07,-0.1766310289355748,-0.03848979379759032,-0.06547600623127925
2015-05-08,-0.13659809509315868,-0.022444892472141098,-0.03907507342329375
2015-05-11,-0.13054575359706788,-0.019740611109971717,-0.03459283737223995
2015-05-12,-0.15239326016253607,-0.02992678421891448,-0.051777584972741764
2015-05-13,-0.141773644929982,-0.024337791532194175,-0.042023375418483
2015-05-14,-0.12374836300462078,-0.018658873016046407,-0.03273973677459674
2015-05-15,-0.10165728859747492,-0.009825043957553237,-0.018032892415996926
2015-05-18,-0.11131141663359378,-0.013971513554443815,-0.0251601687992159
2015-05-19,-0.0858854626474782,-0.006940688442065968,-0.01341378845427621
2015-05-20,-0.09014916966392938,-0.008383017506206292,-0.01592635041100443
2015-05-21,-0.09607478173411421,-0.010186005916130503,-0.01897648600065338
2015-05-22,-0.07991251898354579,-0.004506945935171536,-0.009420077115139036
2015-05-26,-0.08601967835797542,-0.006490029694650512,-0.013032560756625955
2015-05-27,-0.09923723169597898,-0.012799812869141447,-0.023806157262384886
2015-05-28,-0.050977997775342176,-0.0018025455752230801,-0.005689959299169822
2015-05-29,-0.05055743164849502,-0.0027943635141631784,-0.007371889836119472
2015-06-01,-0.0457927961189194,-0.002794220955023796,-0.007227354464968028
2015-06-02,-0.040394869946208556,-0.008473222836620997,-0.016945401461346155
2015-06-03,-0.03768038581862132,-0.003425114088067005,-0.00822383240278668
2015-06-04,-0.06387446079898396,-0.010546104073940188,-0.020405731995399523
2015-06-05,-0.07634314543059573,-0.013701227707283326,-0.02589898674549851
2015-06-08,-0.07748811777114639,-0.015323829541180167,-0.028730069090218913
2015-06-09,-0.11499969786528796,-0.027222225733983363,-0.048449843166867734
2015-06-10,-0.10213178966204262,-0.02316608473740278,-0.04188978805050869
2015-06-11,-0.0692983160641979,-0.009825238688791815,-0.019841120649494726
2015-06-12,-0.08753601419966328,-0.016946639172216615,-0.031753561639954686
2015-06-15,-0.1162535901675068,-0.027132042430217274,-0.0486873609193571
2015-06-16,-0.11811437326781571,-0.02569010978538455,-0.04669774840387042
2015-06-17,-0.10361464468915838,-0.017757566368286182,-0.03294241728827185
2015-06-18,-0.09755216896634811,-0.013069984449163963,-0.02675270544258468
2015-06-19,-0.06824322379896064,-0.0018554906971472995,-0.006610337593617954
2015-06-22,-0.06355896052992605,0.0,-0.003432993137352791
2015-06-23,-0.05785562148301715,0.0,-0.0014642315335916534
2015-06-24,-0.06754769717308884,-0.0014436907507576757,-0.004198896477773717
2015-06-25,-0.07027461323653883,-0.0015342667049259573,-0.00448750660804853
2015-06-26,-0.07652596931429301,-0.0075804963829917416,-0.014873862517680081
2015-06-29,-0.1368321266304986,-0.02490792236773509,-0.04410501237914799
2015-06-30,-0.1559905551796672,-0.030051944034271583,-0.053138526659692875
2015-07-01,-0.1415560020946709,-0.02427616881276984,-0.04369299037065255
2015-07-02,-0.14535400050869207,-0.02337391682435319,-0.04230434427817786
2015-07-06,-0.1707856635453996,-0.03203745978355421,-0.05628203119799979
2015-07-07,-0.16761219424635132,-0.027073883130958487,-0.04806340308075485
2015-07-08,-0.1826065238760246,-0.03266924786931524,-0.05762633779919668
2015-07-09,-0.17603901128953303,-0.02996150950716414,-0.053210666884956015
2015-07-10,-0.1933219163881349,-0.03050304295033568,-0.05576181531368529
2015-07-13,-0.17076649551725587,-0.02021495978542409,-0.037976732444682026
2015-07-14,-0.15538402104056426,-0.010197795735992221,-0.021081547038759862
2015-07-15,-0.14249084158554015,-0.00315852998114452,-0.009915915780402629
2015-07-16,-0.13158074003843268,0.0,0.0
2015-07-17,-0.11373864844931969,0.0,0.0
2015-07-20,-0.09821945972442692,0.0,0.0
2015-07-21,-0.10244344121926696,0.0,0.0
2015-07-22,-0.13752648071039386,-0.016226853589563994,-0.027811303231593865
2015-07-23,-0.1273120021436468,-0.011314928831944293,-0.019184835654281307
2015-07-24,-0.11245395223949184,-0.010700908221190741,-0.018868897679525598
2015-07-27,-0.10570006667831433,-0.031138234560173172,-0.0524710359254007
2015-07-28,-0.10809165984641,-0.029383886936173664,-0.04918042204493933
2015-07-29,-0.10296916935039602,-0.02324397619812768,-0.03956630649420545
2015-07-30,-0.10297708958969487,-0.023945735087234854,-0.04057526176603332
2015-07-31,-0.08480716364244856,-0.013946036257290184,-0.023956756919162103
2015-08-03,-0.09958087304652641,-0.017981135593726827,-0.030346557104973026
2015-08-04,-0.0978081822829252,-0.02166486483500285,-0.037271554397355744
2015-08-05,-0.09837341970516678,-0.017630329135081335,-0.030218392205128675
2015-08-06,-0.09954512341636057,-0.01464814780952084,-0.025436371692061366
2015-08-07,-0.09495319662007773,-0.033681875482625245,-0.05702967421940752
2015-08-10,-0.09873806079410019,-0.026401578172949636,-0.044920149485736305
2015-08-11,-0.10318595110934148,-0.02666465644273086,-0.045841977791564736
2015-08-12,-0.09429682763625902,-0.04069883806670793,-0.06860419980915833
2015-08-13,-0.10150266550931253,-0.02973476855429602,-0.05082615114320721
2015-08-14,-0.0973604430688324,-0.034559006764758426,-0.05894300137485675
2015-08-17,-0.09494014772166592,-0.033155624111976256,-0.05660621890082884
2015-08-18,-0.09892754598536779,-0.024033132862256945,-0.04235045209438226
2015-08-19,-0.09542915956065945,-0.030699912365946602,-0.05299480391318456
2015-08-20,-0.087676703620715,-0.043067349016400636,-0.07298177275530948
2015-08-21,-0.07433818168213202,-0.07411795320690462,-0.12354837294501153
2015-08-24,-0.09858529172384922,-0.17358461204748998,-0.24936871858624332
2015-08-25,0.0,-0.10481760555207509,-0.16747697372205028
2015-08-26,-0.02721545181221574,-0.11455364429498993,-0.18176664144488497
2015-08-27,0.0,-0.08332752942235055,-0.13363634036155703
2015-08-28,-0.012212621234328425,-0.07841561998383162,-0.12707673936449282
2015-08-31,-0.01310880152967886,-0.07885411475273296,-0.12773750841212206
2015-09-01,0.0,-0.10797528610767937,-0.17450562244191903
2015-09-02,-0.022150645698182037,-0.09771272317757829,-0.15905255802451057
2015-09-03,-0.03175791929032634,-0.08516978944832809,-0.13919023590455015
2015-09-04,-0.028945397810159812,-0.105694516933583,-0.1720447761351639
2015-09-08,-0.03344217082146861,-0.08683597921981334,-0.1420113786049475
2015-09-09,-0.03147798269249802,-0.06789010582568078,-0.11193268072386509
2015-09-10,-0.046008600917984754,-0.09016947372343342,-0.1474864569198664
2015-09-11,-0.04700813275829108,-0.08341541099349337,-0.13667754390506537
2015-09-14,-0.04755843536626503,-0.07069710067964197,-0.11640234712178121
2015-09-15,-0.04658667386014581,-0.07473186764103523,-0.12270735429864876
2015-09-16,-0.02702752774689321,-0.06587261047174497,-0.10814066839569303
2015-09-17,-0.02247789852364801,-0.061750387543627494,-0.1012758511611972
2015-09-18,-0.04879035322463343,-0.07485447029566605,-0.12276490230832515
2015-09-21,-0.03794978673323546,-0.06869964760516978,-0.1133039703404155
2015-09-22,-0.07048926114738141,-0.08514202758547329,-0.13974509695173964
2015-09-23,-0.07066966616923565,-0.08232803636383235,-0.13522573719914577
2015-09-24,-0.07599426771791984,-0.09296736199127553,-0.1522560934378273
2015-09-25,-0.06814712988106408,-0.07766808362993993,-0.12677085382512232
2015-09-28,-0.0537761211802964,-0.09903441177053507,-0.16112209244287368
2015-09-29,-0.033989173721162946,-0.11873002302399316,-0.192812960415351
2015-09-30,-0.059389750189731805,-0.11301443130023636,-0.18422547162193859
2015-10-01,-0.06948154591262456,-0.10378243418173949,-0.17033419014664497
2015-10-02,-0.08571487318053461,-0.11380590047078076,-0.18577189568613006
2015-10-05,-0.061794756450629595,-0.07881136221583529,-0.12972254277880668
2015-10-06,-0.05201691202822145,-0.07467842495091026,-0.12267618279462555
2015-10-07,-0.04372593574902539,-0.07107342704453945,-0.11737236351294666
2015-10-08,-0.048582484402686976,-0.07485454271311143,-0.12357775208053079
2015-10-09,-0.030183540869246572,-0.06720491284306485,-0.11141476303672271
2015-10-12,-0.023781602034471327,-0.06166568178953924,-0.1020807144821968
2015-10-13,-0.030575487680804203,-0.06650130596423409,-0.11038313702803293
2015-10-14,-0.035104039842207224,-0.06720476350716009,-0.11150534600764239
2015-10-15,-0.02056316065164432,-0.06527046072424625,-0.1083933626559106
2015-10-16,0.0,-0.0513777128777555,-0.08590471675634326
2015-10-19,-0.002619013585085317,-0.050674621744804416,-0.08530530953831172
2015-10-20,0.0,-0.04566265892264698,-0.07677002623787765
2015-10-21,0.0,-0.04407998591549189,-0.07419299681632963
2015-10-22,-0.006638125650130222,-0.046278326927812974,-0.07790422965563193
2015-10-23,0.0,-0.009524747533556366,-0.01688467669895921
2015-10-26,0.0,-0.009173433061546388,-0.016316232522853635
2015-10-27,0.0,-0.010491875970950026,-0.018494656497433315
2015-10-28,-0.057893121891160804,-0.004337191410449748,-0.0077296886461667436
2015-10-29,-0.0762792880578701,-0.00213899090771974,-0.004719333857921559
2015-10-30,-0.07499222724224075,0.0,0.0
2015-11-02,-0.06648415735586255,-0.0022826307414389735,-0.004337273792818563
2015-11-03,-0.05359485677377751,0.0,0.0
2015-11-04,-0.053007740540620185,0.0,0.0
2015-11-05,0.0,-0.002340051430720913,-0.003639346582705816
2015-11-06,-0.032721482240766986,-0.007800523553624039,-0.01265080357938586
2015-11-09,-0.05349577058497024,-0.008927329517583904,-0.014961658210202677
2015-11-10,0.0,-0.020974560370175754,-0.03532582602557488
2015-11-11,0.0,-0.01560107250034426,-0.02618039889291135
2015-11-12,0.0,-0.023488174042608945,-0.03980400502538417
2015-11-13,0.0,-0.03310867858713351,-0.055431918824094484
2015-11-16,0.0,-0.04905596359851461,-0.08220167639051545
2015-11-17,-0.00900339551930096,-0.03276185097223716,-0.05540569536018092
2015-11-18,-0.0090153057950918,-0.029901692587083528,-0.05079840408884839
2015-11-19,-0.010488937684867694,-0.014734350004360408,-0.025370487783610507
2015-11-20,-0.010902438652728996,-0.009880503839120092,-0.017748235021198266
2015-11-23,-0.00989682523273927,-0.007540505918324336,-0.013819334104772762
2015-11-24,-0.016271345108861968,-0.017161025362686155,-0.02975027940631536
2015-11-25,-0.019977087816958172,-0.010140624444753832,-0.018458618833533835
2015-11-27,-0.01922460069383214,-0.008580947281056073,-0.015394270139733823
2015-11-30,-0.01389560170067794,-0.0064138502360050476,-0.011787652277378546
2015-12-01,-0.013424488769029463,-0.007887201406883704,-0.01464969061930299
2015-12-02,-0.007607920599086215,-0.0012133659130443286,-0.0033520611107306086
2015-12-03,-0.010511080835330255,-0.0054603856349849655,-0.010306770186944147
2015-12-04,-0.02114673565447278,-0.02201451593803505,-0.03859965612091576
2015-12-07,-0.011597649360825302,-0.0014733428562841988,-0.004363172428048845
2015-12-08,-0.05217167702829684,-0.017074162897135925,-0.030527948865154975
2015-12-09,-0.041520458980050745,-0.010920867507989929,-0.020544802422211905
2015-12-10,-0.061001240033090265,-0.019414663355910355,-0.03489946295355495
2015-12-11,-0.08188926754664316,-0.028601786566643583,-0.05020760795499035
2015-12-14,-0.10950006137657864,-0.038569098013855774,-0.06687558989455389
2015-12-15,-0.10695900359661248,-0.02366148231237264,-0.04354642264564701
2015-12-16,-0.09901681560853193,-0.020108230473116495,-0.036767046419017624
2015-12-17,-0.09266237185837811,-0.007887257274829751,-0.017009374633027763
2015-12-18,-0.14320689397847863,-0.029633714104062014,-0.05291373155147372
2015-12-21,-0.14443964819877186,-0.03624095775952907,-0.06417948989947386
2015-12-22,-0.15366808259247033,-0.029546785442975065,-0.05328082132213241
2015-12-23,-0.15300401890851845,-0.02328761185844075,-0.04309035029278985
2015-12-24,-0.15283100429622853,-0.021113914046158477,-0.03971949154619381
2015-12-28,-0.15420827831858108,-0.023635011591743305,-0.04419167859275175
2015-12-29,-0.13714455374065226,-0.015984769534820087,-0.031029871321382685
2015-12-30,-0.1245895070458447,-0.007291119739457508,-0.016798075335854534
2015-12-31,-0.14879907618751287,-0.018853270621704388,-0.03596697069270627
2016-01-04,-0.20964625198854425,-0.04858579369852878,-0.08588261675565378
2016-01-05,-0.2132143497186494,-0.04345703421628422,-0.07674801278814336
2016-01-06,-0.1748569911261424,-0.06632098228876859,-0.11301747259018124
2016-01-07,-0.15343279403399668,-0.0790140116267537,-0.13432566746914265
2016-01-08,-0.15133118524583022,-0.08179588476943955,-0.13975333826898784
2016-01-11,-0.16796937473372653,-0.08944614911411175,-0.15167905462645215
2016-01-12,-0.15735984259301705,-0.08440388174744695,-0.14456724009242639
2016-01-13,-0.15360012770904463,-0.07883991113499889,-0.1354522915053581
2016-01-14,-0.17840497704378966,-0.11074551843002722,-0.18646160023004177
2016-01-15,-0.20238728475807166,-0.1253507442670304,-0.21116860181644703
2016-01-19,-0.21111207165757062,-0.11152807725896552,-0.18957312832081397
2016-01-20,-0.2073946310732202,-0.13534857458383787,-0.22584683412803908
2016-01-21,-0.20349137830478403,-0.12048271177186554,-0.20268108915252392
2016-01-22,-0.18241631979667505,-0.10570352751102707,-0.1802903833130458
2016-01-25,-0.19460985571228906,-0.1011823817976818,-0.17256331904330813
2016-01-26,-0.1926474074690051,-0.10761606042178018,-0.18366456730283665
2016-01-27,-0.19242722299317294,-0.10857196930268098,-0.18521123780446513
2016-01-28,-0.19257366040334822,-0.1111803566105275,-0.19120105576171653
2016-01-29,-0.2224262021253418,-0.11361438874972929,-0.19345836322205545
2016-02-01,-0.21981854466902395,-0.09918295034270397,-0.1726952557235626
2016-02-02,-0.21954552925647808,-0.09657519375508006,-0.1678791232670559
2016-02-03,-0.23703342294522445,-0.10613808320041873,-0.184102525174347
2016-02-04,-0.24463376447890206,-0.11865694161652418,-0.20351908288170717
2016-02-05,-0.2306640013075698,-0.11952615371276554,-0.20417076204176565
2016-02-08,-0.25292215290525977,-0.16299484927565833,-0.2694535995997185
2016-02-09,-0.2859649462795184,-0.17134053604905342,-0.2822728943786147
2016-02-10,-0.2633105241093998,-0.15308369209970318,-0.254326554746344
2016-02-11,-0.27952835145872856,-0.17021021332566688,-0.2800016148411326
2016-02-12,-0.2650616939048087,-0.1512580407044838,-0.2517770172449706
2016-02-16,-0.24799641449830545,-0.13534858139566497,-0.2272169511500206
2016-02-17,-0.25365072617799134,-0.1223952898459324,-0.20746611823362082
2016-02-18,-0.24391385310185731,-0.10622500712874305,-0.18333683099249964
2016-02-19,-0.268297128937693,-0.12343835516280854,-0.20877465292522068
2016-02-22,-0.24271568307553915,-0.10831156369578865,-0.18646036327580573
2016-02-23,-0.24241692006358895,-0.10744209003482519,-0.18575284563581296
2016-02-24,-0.27655803318478045,-0.12735078421503465,-0.21599453954729497
2016-02-25,-0.24128294127162253,-0.10674657181472225,-0.18361390696676794
2016-02-26,-0.21871974048433085,-0.09292364170224754,-0.16318560211628363
2016-02-29,-0.23051214965839473,-0.10179130296965966,-0.17589335807063278
2016-03-01,-0.2283759464383318,-0.10048729588708505,-0.1747063072115207
2016-03-02,-0.21688799492038036,-0.0815350456501408,-0.14550981528168438
2016-03-03,-0.22232304299675698,-0.08101351709116411,-0.14440689525818873
2016-03-04,-0.24226864721040353,-0.08075264769417334,-0.14403799667675754
2016-03-07,-0.23114099510731578,-0.08614254740188343,-0.1525622859265402
2016-03-08,-0.2381659814286342,-0.09335831537170458,-0.16421869997413774
2016-03-09,-0.23363866498314612,-0.09127191249609545,-0.16037820050061535
2016-03-10,-0.23429541525190956,-0.08501267541314461,-0.150070651073819
2016-03-11,-0.2261526374764069,-0.08040506466650599,-0.14417351608182039
2016-03-14,-0.22052869562981647,-0.0777965166838488,-0.13997540439353962
2016-03-15,-0.2177186187127108,-0.07605795837516638,-0.13715571735763077
2016-03-16,-0.21667997152663587,-0.07536258080990221,-0.13684050483768773
2016-03-17,-0.2002998321699372,-0.0675384138220736,-0.12373005114983204
2016-03-18,-0.18306794067144194,-0.06311528336237171,-0.11724750196325473
2016-03-21,-0.18068930439052922,-0.06555655800373827,-0.12061490566643518
2016-03-22,-0.19406047307357566,-0.06555667762650175,-0.12071476362236433
2016-03-23,-0.20055619429656923,-0.05919138313371175,-0.11070951225773307
2016-03-24,-0.16148367455611357,-0.06965457484426762,-0.12810760416808875
2016-03-28,-0.1364875644473027,-0.06224329710081855,-0.11502952910218156
2016-03-29,-0.15211479392238014,-0.06791083114767593,-0.12453018470891575
2016-03-30,-0.09624869850368534,-0.04550155785806331,-0.08842945147241599
2016-03-31,-0.0988746681233672,-0.047245863577923264,-0.09122750080665332
2016-04-01,-0.07293087319600855,-0.053698021782867866,-0.10089898432715727
2016-04-04,-0.07194790946739704,-0.03782878929074296,-0.0765942638455599
2016-04-05,0.0,-0.048902542217564626,-0.09412997763303843
2016-04-06,0.0,-0.04977412247758506,-0.09468094414329442
2016-04-07,0.0,-0.04070610967149069,-0.0808497659486731
2016-04-08,-0.00801836041639592,-0.04306048541068541,-0.08552288486233506
2016-04-11,-0.010542504800352792,-0.04558895875055324,-0.08936000732308946
2016-04-12,-0.027670359109705167,-0.05247769925195689,-0.10047826619181321
2016-04-13,0.0,-0.037915925521015525,-0.07686937517457193
2016-04-14,0.0,-0.03285885510005537,-0.06923211027925336
2016-04-15,0.0,-0.03373070591602667,-0.07075812500759981
2016-04-18,-0.018489426360725814,-0.03817761392023955,-0.07741373808016727
2016-04-19,0.0,-0.028411692432272595,-0.059900583427541454
2016-04-20,-0.02646314746417877,-0.036172144251988,-0.07496937844212692
2016-04-21,-0.0011264274724195333,-0.03591029296408654,-0.07328303893288834
2016-04-22,-0.008799612946536084,-0.04785605695118034,-0.0930234472040431
2016-04-25,-0.018065038163219027,-0.05273893013207687,-0.10227414061786455
2016-04-26,-0.00989950303563003,-0.04785635669872601,-0.09405930310828636
2016-04-27,-0.02770994095217072,-0.06416133879428021,-0.11929094265213303
2016-04-28,-0.017041947284035852,-0.06102236440376008,-0.11439864207010686
2016-04-29,-0.03547250083327125,-0.07340416431170826,-0.13542084274240707
2016-05-02,-0.04489283093277818,-0.07593304044042504,-0.1385492471949119
2016-05-03,-0.04613125737779955,-0.0761943230972788,-0.13917604818850726
2016-05-04,-0.05343634528853247,-0.08378022597478041,-0.15091753690938348
2016-05-05,-0.05132857940897284,-0.08081548708469244,-0.1470496091575263
2016-05-06,-0.060661899779395845,-0.08892459639230632,-0.1595092142497504
2016-05-09,-0.04851723738528291,-0.07942059951302183,-0.14428852281207294
2016-05-10,-0.04291269787015717,-0.07357845980704913,-0.13527998310739353
2016-05-11,-0.03530176022499021,-0.0656439507759955,-0.12258005635629665
2016-05-12,-0.03963090959701643,-0.07052658855711114,-0.1299706140419361
2016-05-13,-0.04941650362968897,-0.07758965505477544,-0.14100044244548493
2016-05-16,-0.050576579846827396,-0.07881007297434262,-0.1446183910834269
2016-05-17,-0.04008084019590441,-0.06948033388134289,-0.12854091148535185
2016-05-18,-0.053289782480497205,-0.08247231184659165,-0.14959573878381938
2016-05-19,-0.04826448082445178,-0.08064115529494287,-0.14736795226647637
2016-05-20,-0.0418458879536856,-0.0781996514601867,-0.14324110854358751
2016-05-23,-0.03453485615258378,-0.07070108960787025,-0.13180093081603417
2016-05-24,-0.026577856236074338,-0.0678239282877704,-0.12705186510460653
2016-05-25,0.0,-0.050820803113576285,-0.09973061766221336
2016-05-26,0.0,-0.04663547556886238,-0.09292636497178419
2016-05-27,0.0,-0.04419399683208658,-0.08949132191062326
2016-05-31,0.0,-0.03852637033425654,-0.07971496825455027
2016-06-01,-0.007056028930751301,-0.04096795562046829,-0.08420670831938548
2016-06-02,-0.010963126969777526,-0.039834347976192674,-0.08280079843607946
2016-06-03,-0.01302863371664209,-0.03774157764364838,-0.07929474687279703
2016-06-06,-0.025646577966734307,-0.03870090053870223,-0.08113255758777904
2016-06-07,-0.027688724428034717,-0.036433739520021935,-0.07623173641700975
2016-06-08,-0.024233092980600723,-0.03774168326439209,-0.07876920931181342
2016-06-09,-0.022428958743024863,-0.04166540407386743,-0.08555370239476046
2016-06-10,-0.013312091113768965,-0.04803056750149981,-0.09563955478945751
2016-06-13,0.0,-0.05561636144306248,-0.10773001902061952
2016-06-14,-0.021666442996199464,-0.0606736598073474,-0.11637243332972358
2016-06-15,-0.02355976482314559,-0.055877972245649166,-0.10869412512521126
2016-06-16,-0.04085312261065677,-0.06546968069374692,-0.12379604907874431
2016-06-17,-0.04132907449226009,-0.06000762214265121,-0.11482153551331764
2016-06-20,-0.04252037929385699,-0.05825905854190494,-0.11254876370719857
2016-06-21,-0.04160222040989581,-0.062018646929666965,-0.11819844580118133
2016-06-22,-0.04501248878831643,-0.059745360814458914,-0.11484073272376083
2016-06-23,-0.049797258466351635,-0.05528666546273042,-0.10799299306835797
2016-06-24,-0.0997080521269531,-0.0830007346023659,-0.15288359028228105
2016-06-27,-0.09663155739482898,-0.0943664061949866,-0.17277518109838852
2016-06-28,-0.10147301346356263,-0.0965517791623417,-0.17603388560641342
2016-06-29,-0.0783782376789609,-0.0796787539565188,-0.14965833484111835
2016-06-30,-0.08146579822237443,-0.06910001073922423,-0.13374105152255378
2016-07-01,-0.08146234971115751,-0.060357087317425395,-0.11982842175352404
2016-07-05,-0.08524362390454931,-0.060182428480363925,-0.11862428193955088
2016-07-06,-0.09558417184693246,-0.06542792920713347,-0.1278482084397371
2016-07-07,-0.09885185960525467,-0.05240133156906834,-0.10690024216425698
2016-07-08,-0.09321700514085396,-0.04540741944074289,-0.09684023191032265
2016-07-11,-0.08351498293915782,-0.03255573515775645,-0.07500415501297386
2016-07-12,-0.07986893999300293,-0.024337403284851455,-0.06225662761350059
2016-07-13,-0.08261897943305008,-0.023113594946705618,-0.059434023582200624
2016-07-14,-0.08802977815746538,-0.021277456453884458,-0.057012571858274685
2016-07-15,-0.08406052896746719,-0.018829483612653686,-0.053315258367049756
2016-07-18,-0.08119242078528432,-0.022064498770003937,-0.058316002034004555
2016-07-19,-0.08706238041946746,-0.01961643649279099,-0.05436832137241743
2016-07-20,-0.10052973273661248,-0.014458307735554454,-0.04654979265550507
2016-07-21,-0.08543122390182978,-0.007638792764949498,-0.034823433395160586
2016-07-22,-0.07742982400270382,-0.00991190989299684,-0.03845117457534186
2016-07-25,-0.0676511359998273,-0.007289246067564759,-0.03460567326660191
2016-07-26,-0.060204258382276166,-0.00676476363589662,-0.03344104231030931
2016-07-27,-0.04040348772710789,0.0,-0.017580197195414038
2016-07-28,-0.05165271980957409,0.0,-0.017242989825857702
2016-07-29,-0.08830783152256172,0.0,-0.010269728766114872
2016-08-01,-0.1518477078915189,0.0,-0.009215549343326801
2016-08-02,-0.14947405172452932,0.0,-0.004229901537037506
2016-08-03,-0.11109627362170404,-0.006916621769418763,-0.015812353612735253
2016-08-04,-0.09696634398260884,-0.003198603621684004,-0.009417950350456117
2016-08-05,-0.07526860430871296,0.0,0.0
2016-08-08,-0.06295352094975504,0.0,0.0
2016-08-09,-0.09909318017441149,-0.0008561425482358498,-0.0017940628163622963
2016-08-10,-0.1118274579871501,0.0,0.0
2016-08-11,-0.08554335914859734,0.0,0.0
2016-08-12,-0.07421789538316181,-0.0008545580834627975,-0.0013748691490339526
2016-08-15,-0.10603847716756742,0.0,0.0
2016-08-16,-0.08488475651473015,0.0,0.0
2016-08-17,-0.07126227443259225,-0.003405454014889231,-0.005669776425522355
2016-08-18,-0.07077873823064618,-0.0028094861770399104,-0.00480071984553343
2016-08-19,-0.06643737249908688,-0.003405455698962112,-0.005571866570755035
2016-08-22,-0.06376907373025831,-0.003320325152517789,-0.005926299805855129
2016-08-23,-0.0587369853841595,0.0,0.0
2016-08-24,-0.05907683539391728,-0.0028014708704763303,-0.00427656814902555
2016-08-25,-0.005815077372318567,-0.011120787943198929,-0.01873815538886381
2016-08-26,0.0,-0.009847278376244217,-0.01622132726350589
2016-08-29,0.0,-0.008489036379304427,-0.01392907679966715
2016-08-30,0.0,-0.00899866516571024,-0.014745384109985826
2016-08-31,-0.005405853736072608,-0.012139293927843742,-0.020165820362879394
2016-09-01,-0.006594667156311296,-0.011290528906426567,-0.01883521917209008
2016-09-02,-0.007452541116019118,-0.004159808895560557,-0.006810811851363563
2016-09-06,-0.018660627095919535,-0.004159699662912741,-0.006795649194988984
2016-09-07,-0.03657583896238836,0.0,0.0
2016-09-08,-0.04934552144443305,-0.0033064800059449118,-0.005341162498290086
2016-09-09,-0.047818702681720504,-0.014497989033811831,-0.024054757706266305
2016-09-12,-0.10832244345514519,-0.03662644013202243,-0.06107357531752555
2016-09-13,-0.07994598431359767,-0.018737049323681254,-0.03285950510206781
2016-09-14,-0.09095336139717036,-0.02161992123833545,-0.037149109108013834
2016-09-15,-0.08124017722950061,-0.01771982097480107,-0.03071000554587422
2016-09-16,-0.04525230392418633,-0.0037839798356582577,-0.007533986133165693
2016-09-19,-0.036953575545784156,-0.0006389951450240794,-0.002454446380067532
2016-09-20,-0.04158515905805915,-0.003953710899673557,-0.008540405376937343
2016-09-21,-0.04069259758664745,-0.0014040830838168983,-0.0040080481687065905
2016-09-22,-0.008774731943496428,0.0,0.0
2016-09-23,-0.009991734370479621,0.0,0.0
2016-09-26,-0.03756269682297597,-0.011261700259616925,-0.018055494420991858
2016-09-27,-0.045892347550675616,-0.01462315188309038,-0.02297648457066248
2016-09-28,-0.014211677276140922,-0.0029417282201402717,-0.004591075135481626
2016-09-29,-0.015196587685169516,-0.004201994158433808,-0.005949262887241513
2016-09-30,-0.009829048730790824,-0.007143419991231692,-0.010429687673399135
2016-10-03,-0.0015130956190322342,-0.003613782319547898,-0.006054593306395573
2016-10-04,0.0,-0.0008404658117373565,-0.0013932058821635174
2016-10-05,-0.004453284169922078,-0.0023531526107243295,-0.0034922073333288894
2016-10-06,-0.003166034499854198,-0.0030256733661548907,-0.004848685477868764
2016-10-07,0.0,-0.0013447838835712878,-0.001815725482068098
2016-10-10,0.0,0.0,0.0
2016-10-11,-0.006257006296724876,0.0,0.0
2016-10-12,-0.04009264259802581,-0.01250977902529371,-0.021728497710986505
2016-10-13,-0.06193965509171273,-0.020989117790421674,-0.03499878740731899
2016-10-14,-0.043806220047794775,-0.012929398689610183,-0.02243840479978676
2016-10-17,-0.052907771766252054,-0.017463420556069975,-0.028691997353586407
2016-10-18,-0.031928363203369,-0.007640275974667654,-0.013290396508803815
2016-10-19,-0.04105158438202006,-0.011334129645030111,-0.019287648123051393
2016-10-20,-0.04017755220886077,-0.0116699758115687,-0.02061364597730775
2016-10-21,-0.03877698569664745,-0.011082391833256988,-0.01919077474243447
2016-10-24,-0.013625034601870256,-0.001763123526221988,-0.003006632167109835
2016-10-25,0.0,0.0,0.0
2016-10-26,-0.023580375357436623,-0.010198423562009618,-0.016970410566935934
2016-10-27,-0.008187327861748916,-0.006269357489862237,-0.01009818866386969
2016-10-28,-0.0358522413996305,-0.017889109285615046,-0.029818007059474128
2016-10-31,-0.03776304901836347,-0.017638298470734726,-0.02883508015637748
2016-11-01,-0.043887862035316916,-0.020480183235364935,-0.03373632702910778
2016-11-02,-0.057642971030933965,-0.030176924931370808,-0.05019184471726412
2016-11-03,-0.07486677721012958,-0.038870770381191355,-0.06461995838869883
2016-11-04,-0.12194649034781824,-0.04906894741729184,-0.08254175907573313
2016-11-07,-0.08547996297444282,-0.03469099322279501,-0.058523244540077624
2016-11-08,-0.07094015653118602,-0.028505383300893028,-0.04851076133370247
2016-11-09,-0.09017056625426678,-0.032601196139168453,-0.05565181612618697
2016-11-10,-0.03979109987175422,-0.011870070204239913,-0.021398093920157235
2016-11-11,-0.07322616472374588,-0.036697039596928605,-0.06216046166218725
2016-11-14,-0.08821862367509525,-0.03184894886942058,-0.05326774335576967
2016-11-15,-0.11044765859404371,-0.03460742395415284,-0.05923079673581577
2016-11-16,-0.11732099070119151,-0.033186454259316545,-0.056546337437294314
2016-11-17,-0.11045993791670139,-0.023322531289368342,-0.039865664846400306
2016-11-18,-0.11759754696703317,-0.014545233620493314,-0.025862442701373722
2016-11-21,-0.12664282440089647,-0.016969421377191263,-0.029609075981741895
2016-11-22,-0.12910633342837796,-0.00526639237001747,-0.009815071450472002
2016-11-23,-0.11396253605869222,-0.009446000197557147,-0.016935307804801458
2016-11-25,-0.1253862332218929,-0.009028153917055248,-0.01564975954184744
2016-11-28,-0.11667509701561385,-0.008275829221970121,-0.015457134483514934
2016-11-29,-0.11641431273976155,-0.008359535990843714,-0.015539681248515014
2016-11-30,-0.13797857667599844,-0.004598090220924056,-0.009519922155529437
2016-12-01,-0.13452101440461373,-0.018223302474679626,-0.03154767976524875
2016-12-02,-0.13886245847165535,-0.034273131580796146,-0.05854802408374371
2016-12-05,-0.15199011382987393,-0.027920025791037473,-0.048255984707093025
2016-12-06,-0.17540250895616438,-0.02265391234792702,-0.040358875185281695
2016-12-07,-0.18516270705768245,-0.02507789623045542,-0.04380550541356898
2016-12-08,-0.16052465393106474,-0.010282027558000006,-0.018949358624764545
2016-12-09,-0.14382053770710168,-0.0052663156644355835,-0.010655711399018886
2016-12-12,-0.168648582326417,-0.005600633155774637,-0.011688864901005847
2016-12-13,-0.16095364638246434,-0.0026753637880166936,-0.005720560194979241
2016-12-14,-0.13348549019276712,0.0,0.0
2016-12-15,-0.16572324177325493,-0.001990277718779132,-0.0037034653611517365
2016-12-16,-0.1640421982683682,0.0,0.0
2016-12-19,-0.1788918542912704,-0.00515238865499168,-0.007134713952681504
2016-12-20,-0.18757399057083302,0.0,0.0
2016-12-21,-0.19461824125805616,0.0,0.0
2016-12-22,-0.2055599985957951,-0.001077912359514488,-0.001937983681959854
2016-12-23,-0.20060669310545576,-0.005638828950467745,-0.00937937328642513
2016-12-27,-0.20006571472240986,-0.001160703255792539,-0.0022511025694590403
2016-12-28,-0.20048110149386167,0.0,0.0
2016-12-29,-0.1685021317104609,-0.010159635622798646,-0.016751314834522635
2016-12-30,-0.16757402156151846,-0.009416265035235294,-0.01598395037287792
2017-01-03,-0.17817846195886378,-0.014950102661675513,-0.025269013067108936
2017-01-04,-0.1777853710681846,-0.011646178284629438,-0.019724077371393478
2017-01-05,-0.1862686893098059,-0.008094880101398916,-0.013312302337873283
2017-01-06,-0.19082909755929356,-0.0006606453105184595,-0.0018665306307382723
2017-01-09,-0.1827130142245419,0.0,0.0
2017-01-10,-0.1778094495846626,0.0,0.0
2017-01-11,-0.17275874764057975,0.0,0.0
2017-01-12,-0.1709252311289441,-0.0013047557573102608,-0.0016871699484953817
2017-01-13,-0.1704772858414918,0.0,0.0
2017-01-17,-0.17109731109546955,0.0,-0.00045631310161076133
2017-01-18,-0.17611586094669585,0.0,0.0
2017-01-19,-0.16837066551380886,0.0,0.0
2017-01-20,-0.15875213058920135,0.0,0.0
2017-01-23,-0.16067450763386448,-0.002833987707772212,-0.005508319119193472
2017-01-24,-0.15330672972870407,0.0,0.0
2017-01-25,-0.11358923614253813,0.0,0.0
2017-01-26,-0.12260253017459899,0.0,0.0
2017-01-27,-0.12441086888930386,0.0,0.0
2017-01-30,-0.10726469005611206,-0.0035763194617457472,-0.006188233714745417
2017-01-31,-0.08560398618766707,-0.011524437229885609,-0.018805210314990495
2017-02-01,-0.06765411367300556,-0.0030201017803203056,-0.00522269162369704
2017-02-02,-0.07468627721763565,-0.004927635800198171,-0.008371024401022886
2017-02-03,-0.06215519016469606,-0.0030201225462571646,-0.004677880815525559
2017-02-06,-0.061276084934986486,-0.0028611812951678806,-0.004809886914974304
2017-02-07,-0.05738585602060653,0.0,0.0
2017-02-08,-0.044309462978881164,0.0,0.0
2017-02-09,-0.06357344640236906,0.0,0.0
2017-02-10,-0.10574515465130774,0.0,0.0
2017-02-13,-0.13831420303587527,0.0,0.0
2017-02-14,-0.1612168393274438,0.0,0.0
2017-02-15,-0.2203204803631318,0.0,0.0
2017-02-16,-0.1707118932905568,0.0,0.0
2017-02-17,-0.12068642729855328,-0.0023964926488246885,-0.004195937191962429
2017-02-21,-0.1798832513383719,0.0,0.0
2017-02-22,-0.12318772263482236,0.0,0.0
2017-02-23,-0.1265227582544839,0.0,0.0
2017-02-24,-0.016773911757908322,-0.009794408589055559,-0.016582065362770182
2017-02-27,-0.09001244135263953,-0.005203257405453243,-0.00836868043831962
2017-02-28,-0.09297619139610036,-0.002372364333143917,-0.0036512492064459945
2017-03-01,-0.13982312501893457,0.0,0.0
2017-03-02,-0.1030566450909971,0.0,0.0
2017-03-03,-0.12557546893123894,-0.005479506008987722,-0.009991029872592372
2017-03-06,-0.1532036438159391,-0.00624051843019946,-0.011822238151095399
2017-03-07,-0.1771047403779571,-0.007153795379996608,-0.013207932956414203
2017-03-08,-0.1835204802992818,-0.00624064414908676,-0.011007091278287584
2017-03-09,-0.18643998062287537,-0.005327531168007771,-0.009672165263568178
2017-03-10,-0.17964820847951046,0.0,-0.0005863713424035799
2017-03-13,-0.17608291893547523,-0.0007606865372012939,-0.0021394600899646843
2017-03-14,-0.19405473520245742,-0.000989214817175732,-0.00219650097491475
2017-03-15,-0.19391756414450778,0.0,0.0
2017-03-16,-0.17717661604127632,0.0,0.0
2017-03-17,-0.2067505034254028,-0.0013276477746124726,-0.0028948958026709937
2017-03-20,-0.2147387404696819,-0.0032204019238660786,-0.005520130792769362
2017-03-21,-0.2362891771165393,0.0,0.0
2017-03-22,-0.15233456328869577,-0.01859444930445997,-0.030895154040043837
2017-03-23,-0.1499249921283231,-0.013530188917612263,-0.02246094887554173
2017-03-24,-0.1395873725721004,-0.011564871388441755,-0.0196399214218963
2017-03-27,-0.1684905810073164,-0.019728466836631986,-0.03312581831592176
2017-03-28,-0.1401273098238245,-0.011111226494317172,-0.018804536062467903
2017-03-29,-0.1258634995962714,-0.004384116040664465,-0.007771704910052857
2017-03-30,-0.12315326071789023,-0.0008314797936807006,-0.0010358189335863965
2017-03-31,-0.11762595721212132,-0.00022686267710914088,-0.0005120666050199008
2017-04-03,-0.11605866481169735,0.0,0.0
2017-04-04,-0.1354769090387492,-0.004302717439961579,-0.007806812366494498
2017-04-05,-0.12032473198189675,0.0,0.0
2017-04-06,-0.13699469145083998,-0.0045217852637811085,-0.007263225622442859
2017-04-07,-0.13877172188831277,-0.005275523660608017,-0.009114113778820876
2017-04-10,-0.13586042567806422,-0.004521958546740312,-0.00741574669649947
2017-04-11,-0.1523829405966327,-0.006029127306601878,-0.010871134222455892
2017-04-12,-0.16374687589420966,-0.009571271669469694,-0.01639464894368503
2017-04-13,-0.1787979589490304,-0.014771194144194366,-0.025302312565855023
2017-04-17,-0.17783298041407025,-0.014545163726380372,-0.02500445229991377
2017-04-18,-0.17313399425200582,-0.012510444498857187,-0.02180879893771026
2017-04-19,-0.15081569915004112,-0.0064058375553470714,-0.01180925776709485
2017-04-20,-0.15097919641009372,-0.0051246533784570225,-0.009482876119719652
2017-04-21,-0.1391760978696982,0.0,-0.0009272906381019297
2017-04-24,-0.10943333043955816,0.0,0.0
2017-04-25,-0.09478504805651833,0.0,0.0
2017-04-26,-0.08855650367964074,0.0,0.0
2017-04-27,-0.09494670866931754,0.0,0.0
2017-04-28,-0.09173012742835829,0.0,0.0
2017-05-01,-0.10980119017631018,0.0,0.0
2017-05-02,-0.1545640678651382,0.0,0.0
2017-05-03,-0.13196899251747107,-0.0018203677806396534,-0.0028755623684435516
2017-05-04,-0.14642055037424417,-0.002912254013125004,-0.004716530120343343
2017-05-05,-0.16358020683286945,0.0,-0.0003637173472920141
2017-05-08,-0.17535485528075967,0.0,0.0
2017-05-09,-0.20858388660134142,0.0,0.0
2017-05-10,-0.18528146471968976,0.0,0.0
2017-05-11,-0.16774743436523865,-0.0027457357957378914,-0.004284877671664633
2017-05-12,-0.18296485322128309,-0.000360755957974912,-0.0003072049609728067
2017-05-15,-0.20675767641644682,0.0,0.0
2017-05-16,-0.23625946274714416,0.0,0.0
2017-05-17,-0.13820633199914056,-0.006385163136441552,-0.010283842867583104
2017-05-18,0.0,-0.02424953861114565,-0.04101356864642558
2017-05-19,0.0,-0.01183788484148418,-0.02099505082431352
2017-05-22,0.0,-0.00896816080841345,-0.015784582328082886
2017-05-23,0.0,0.0,-0.0006371742234176914
2017-05-24,0.0,0.0,0.0
2017-05-25,0.0,0.0,0.0
2017-05-26,0.0,0.0,0.0
2017-05-30,-0.016772513620573193,0.0,0.0
2017-05-31,-0.05547881593040094,0.0,0.0
2017-06-01,-0.05475283775481721,-0.0018328570168741898,-0.002470576788350942
2017-06-02,-0.06497659842830705,0.0,0.0
2017-06-05,-0.06058749387919171,0.0,0.0
2017-06-06,-0.04305579440740426,-0.0013246484129418867,-0.0020294692937263825
2017-06-07,-0.044514326427280704,-0.0013245446373421066,-0.002426850403298819
2017-06-08,-0.04666864305094931,0.0,0.0
2017-06-09,-0.09416036518678672,-1.3967337209042086e-07,0.0
2017-06-12,-0.0401777450334615,-0.034370542204297916,-0.05739589345723317
2017-06-13,-0.031966178759670894,-0.025952350086527964,-0.04366162039375987
2017-06-14,-0.02947706343384837,-0.01955057342230837,-0.03307522379045935
2017-06-15,-0.038213762432918075,-0.0375710818797369,-0.06302673655712976
2017-06-16,-0.04948412600098695,-0.032576823676375266,-0.05472530854839519
2017-06-19,-0.04658820626441407,-0.026926024446619623,-0.04528711358212589
2017-06-20,-0.02919796515370776,-0.021135462676981187,-0.035783850360653235
2017-06-21,-0.036739290320249474,-0.025600297222170054,-0.043574800992418394
2017-06-22,-0.031261593717167635,-0.01667079013026318,-0.02876405405762117
2017-06-23,-0.04113464894079821,-0.019600817256200775,-0.033753232107960884
2017-06-26,-0.03487879116512438,-0.00906617920292041,-0.01647072465676891
2017-06-27,-0.07653518199722853,-0.023019148602102857,-0.03906136554695572
2017-06-28,-0.08446066698192167,-0.03355382624127867,-0.057494457757137796
2017-06-29,-0.08531485653530568,-0.027274711108913663,-0.04761841537777012
2017-06-30,-0.11624214977450853,-0.03746045979525614,-0.06422638402907477
2017-07-03,-0.1159019528387687,-0.03543731152667817,-0.06124224060203409
2017-07-05,-0.15093796801781934,-0.04694877756461813,-0.08086490315437966
2017-07-06,-0.13661890065209215,-0.04792584439066949,-0.08237761653878517
2017-07-07,-0.12510688687225135,-0.04604181107369376,-0.07898947356306152
2017-07-10,-0.10076090765840251,-0.03836795629649992,-0.06657174362896734
2017-07-11,-0.08491553726079593,-0.0341122412312348,-0.059892991767025006
2017-07-12,-0.04783034142657683,-0.021693961836767528,-0.0396127222799475
2017-07-13,-0.03090053877042709,-0.01729835723898121,-0.031864136520538655
2017-07-14,-0.02111046766737712,-0.01192645605607745,-0.023900974343208592
2017-07-17,0.0,-0.007531806606021041,-0.015650363619518326
2017-07-18,-0.014643933102896467,-0.00878740516630061,-0.01827400531132195
2017-07-19,0.0,0.0,-0.0011265215347947555
2017-07-20,0.0,0.0,0.0
2017-07-21,-0.015484744984543997,-0.004918629470000657,-0.008994426714769577
2017-07-24,-0.00820515140517819,-0.001801291971252117,-0.0029257554809164477
2017-07-25,-0.009490798761059294,-0.00041535959085980956,-0.000693482279887303
2017-07-26,0.0,0.0,0.0
2017-07-27,0.0,0.0,0.0
2017-07-28,-0.05364370635253246,-0.018654624317343438,-0.030706053764693153
2017-07-31,-0.0373287707650829,-0.010767636238504963,-0.018062336135955426
2017-08-01,-0.04778881586754402,-0.014402212355982269,-0.024295234436914726
2017-08-02,-0.029990621154429298,-0.009121575849408536,-0.015769524289634407
2017-08-03,-0.0467547002054548,-0.01186519525790608,-0.02001260944107519
2017-08-04,-0.05294250315844995,-0.014470916953868262,-0.024617428901422267
2017-08-07,-0.0497579284078522,-0.013099271135765256,-0.022439296189658342
2017-08-08,-0.03311491174111081,-0.010562043098039986,-0.018399604939130176
2017-08-09,-0.060046801174444275,-0.01851762075556984,-0.03162809586998083
2017-08-10,-0.061243998009506306,-0.017283034895755556,-0.029462242087454182
2017-08-11,-0.11591802555529929,-0.03154870105161878,-0.05381636211138807
2017-08-14,-0.08829438480587404,-0.01776308131615012,-0.031488602396880117
2017-08-15,-0.058085867108424005,-0.010493566411926891,-0.019996467997394407
2017-08-16,-0.05610270739334311,-0.009807589653428095,-0.018195916489494257
2017-08-17,-0.07129526536438979,-0.014402500422401765,-0.0259285798982285
2017-08-18,-0.11740511615907501,-0.03024528505909041,-0.052687861380100065
2017-08-21,-0.11910831993776916,-0.031548425090503485,-0.05444070886028152
2017-08-22,-0.10942117087734571,-0.02750201662800089,-0.048450724256489885
2017-08-23,-0.10579130907950074,-0.02290719978995559,-0.04172639110975629
2017-08-24,-0.08290866057719948,-0.01927203303240088,-0.03483508577450434
2017-08-25,-0.0856518015027935,-0.020575090942556162,-0.03784363418766434
2017-08-28,-0.09312477419459664,-0.02345561099861293,-0.0422491365432599
2017-08-29,-0.12188544858459083,-0.03175437866244024,-0.056366354118516204
2017-08-30,-0.11478291444381084,-0.018723258847664237,-0.03433825869044438
2017-08-31,-0.10568597717878747,-0.00521251854614746,-0.011780871574785357
2017-09-01,-0.08220194019814075,0.0,0.0
2017-09-05,-0.1015033341298156,-0.005601423410808493,-0.009987365192841047
2017-09-06,-0.10231767205515296,-0.009085768582638654,-0.015277478798012445
2017-09-07,-0.10114665307652349,-0.00676308672887882,-0.01171731922640118
2017-09-08,-0.10206693845117698,-0.007582753031338929,-0.013622950125738442
2017-09-11,-0.10349741708848137,-0.007172796007521409,-0.012946604500193026
2017-09-12,-0.10014819992586688,-0.0007511366199249858,-0.0024559572405817853
2017-09-13,-0.10219439167414335,-0.0028690055571328754,-0.0063497929023633715
2017-09-14,-0.10247703909127936,-0.0036887109085754766,-0.006974354872497757
2017-09-15,-0.10109906376204647,-0.0058751263566392264,-0.010881918127048418
2017-09-18,-0.09830493058154466,-0.0010970028899291995,-0.0032798430714333637
2017-09-19,-0.0898206916743245,-0.0017815835728821616,-0.004440472360077052
2017-09-20,-0.08955994564273217,-0.0021927405041120007,-0.004966442328175225
2017-09-21,-0.09826200912240934,-0.005616000450327729,-0.011021768015705313
2017-09-22,-0.1094712226491189,-0.01417394662826943,-0.025611054446608605
2017-09-25,-0.1097101446062303,-0.015885937357985158,-0.028260875535177754
2017-09-26,-0.11203659330581028,-0.017392079558707807,-0.031089659851605944
2017-09-27,-0.11955401059765547,-0.014653567911719234,-0.026533667859363175
2017-09-28,-0.11259854686146675,-0.01342100058531659,-0.02448193728172343
2017-09-29,-0.11605929621638733,-0.009381308017871737,-0.018012123927959034
2017-10-02,-0.120474805759622,-0.0027402025711470435,-0.006706686712907084
2017-10-03,-0.14439136444079959,-0.0020556043751913666,-0.005910269375141719
2017-10-04,-0.13704933113008744,-0.0031510538264334365,-0.007759543891626697
2017-10-05,-0.13839964540583682,0.0,0.0
2017-10-06,-0.16025260489533344,0.0,0.0
2017-10-09,-0.16593253138833852,0.0,0.0
2017-10-10,-0.15959301158400763,0.0,0.0
2017-10-11,-0.16881366879746484,-0.0031086011864501772,-0.0048449824769263294
2017-10-12,-0.18384814084345025,-0.0011483996822191367,-0.0016145439191780353
2017-10-13,-0.20002693017119733,0.0,0.0
2017-10-16,-0.21314996951976317,0.0,0.0
2017-10-17,-0.21733859080841444,0.0,0.0
2017-10-18,-0.22156117534147868,0.0,0.0
2017-10-19,-0.17788742583982464,-0.008044406260196313,-0.01339078976252217
2017-10-20,-0.22488208405260035,-0.0018770002820658327,-0.0031425913177700604
2017-10-23,-0.23184207514928845,-0.0011394062210678957,-0.0021802467850673413
2017-10-24,-0.2126345119381694,-0.00777613698332924,-0.013566890621667604
2017-10-25,-0.1769141249096733,-0.009988088970766529,-0.017139409397160965
2017-10-26,-0.1757973739382661,-0.01240118052756245,-0.020955538804609763
2017-10-27,-0.1480755482634094,0.0,0.0
2017-10-30,-0.14075649909316412,0.0,0.0
2017-10-31,-0.17029987320857654,0.0,0.0
2017-11-01,-0.19604766596456746,0.0,0.0
2017-11-02,-0.17560505480899113,-0.005434211445312642,-0.009419858998364172
2017-11-03,-0.1974168440565438,-0.002618742259758222,-0.004635261927858347
2017-11-06,-0.193876961737535,0.0,0.0
2017-11-07,-0.20507666641035394,0.0,0.0
2017-11-08,-0.18578735283501013,0.0,0.0
2017-11-09,-0.14410963036001778,-0.0037064908278801045,-0.0063223828480528654
2017-11-10,-0.16248098429323976,-0.0030561232291340668,-0.005332174871644613
2017-11-13,-0.11675246692455377,-0.004551761487590511,-0.007621935276147851
2017-11-14,-0.1180929988567937,-0.003056036468489065,-0.0056530330976318766
2017-11-15,-0.08957714059805988,-0.0074779637557672585,-0.01285317296841526
2017-11-16,-0.07657831274544968,-0.002860848839686514,-0.00511715193409934
2017-11-17,-0.05188126459089648,0.0,0.0
2017-11-20,-0.07276049813995222,-0.003364565527298913,-0.0060022073707328705
2017-11-21,-0.04896666689364948,-0.00012969218452141273,-0.0004161503636787023
2017-11-22,-0.030075227565984575,0.0,0.0
2017-11-24,-0.038606622354565245,0.0,0.0
2017-11-27,-0.03185062294795282,0.0,0.0
2017-11-28,-0.05375901176677611,0.0,0.0
2017-11-29,-0.05617734069182412,-0.0008307601229872175,-0.0010705647385399475
2017-11-30,-0.052466934079728356,-0.012969116780619516,-0.022064049095259386
2017-12-01,-0.020768162674415835,-0.014949769909045174,-0.026182466919870584
2017-12-04,-0.05808553612156386,-0.006899743620456644,-0.011899078439692845
2017-12-05,-0.038069487897597676,-0.024660922562867782,-0.04254198507124196
2017-12-06,-0.01469060882321549,-0.027471293672322594,-0.04681491771600177
2017-12-07,-0.006275497432306376,-0.019485743347056328,-0.033189424437717774
2017-12-08,-0.019973641289658506,-0.008880555400996193,-0.01582571919930631
2017-12-11,-0.04076629249238628,-0.011308003189954174,-0.019817280368593426
2017-12-12,-0.07565302242567329,-0.004535690965137951,-0.008761681109562325
2017-12-13,-0.0748473524289901,-0.0014054357466094514,-0.0036786622164524108
2017-12-14,-0.07590077237458204,-0.0017891297418353158,-0.003945933089706921
2017-12-15,-0.08243021043620258,-0.00031946115248793205,-0.0014664345939472412
2017-12-18,-0.06707059809835281,0.0,0.0
2017-12-19,-0.07023982247460558,-0.00012681823595084296,0.0
2017-12-20,-0.08781096451007486,-0.0006950421761391379,-0.0008374667072613695
2017-12-21,-0.08051167542607507,-0.0038526757183270366,-0.0065289280868244814
2017-12-22,-0.09260018811150361,-0.006631354503398357,-0.011154116728437025
2017-12-26,-0.07893280033541472,-0.011809676296702709,-0.019544094214217766
2017-12-27,-0.09299640285049493,-0.011557041930112644,-0.019606353925481268
2017-12-28,-0.08407882199614714,-0.008336471079896435,-0.01470648744969516
2017-12-29,-0.09533641777025048,-0.009410290354118556,-0.016025027920522295
2018-01-02,-0.08353290339428543,-0.011367851709302879,-0.019968091162650192
2018-01-03,-0.07766329623517387,0.0,0.0
2018-01-04,-0.057622357738823515,0.0,0.0
2018-01-05,-0.05013899377721054,0.0,0.0
2018-01-08,-0.04697798372096007,0.0,0.0
2018-01-09,-0.07390312657519271,0.0,0.0
2018-01-10,-0.02047494354663304,-0.006324736550431864,-0.010836090787894825
2018-01-11,-0.07958602620959376,-0.002517620162018841,-0.004103749995422623
2018-01-12,-0.07991728462240355,0.0,0.0
2018-01-16,-0.05962964161670181,0.0,0.0
2018-01-17,0.0,-0.004710775965961256,-0.008173694390691044
2018-01-18,0.0,-0.0003018629451927435,-0.0005697210762285465
2018-01-19,-0.030349977383637095,0.0,0.0
2018-01-22,-0.022914887809583617,-0.00018070984500151432,-0.0007236476772101152
2018-01-23,-0.05594325248456611,0.0,0.0
2018-01-24,-0.035300546750011375,0.0,0.0
2018-01-25,-0.005368617211306215,-0.0017661346888638851,-0.0029594343686001334
2018-01-26,0.0,-0.0034145347907353907,-0.006338628464791052
2018-01-29,0.0,0.0,0.0
2018-01-30,0.0,-0.011843503521448695,-0.019815259067282653
2018-01-31,-0.043570760721209356,-0.005394144269265322,-0.008760562765854574
2018-02-01,-0.05012984655675301,-0.014481829974148597,-0.023952655467077033
2018-02-02,-0.06554695919843134,-0.01917237895693269,-0.03172778567680423
2018-02-05,-0.10217581794489905,-0.04397319527099519,-0.07357937795721026
2018-02-06,-0.12660467878351822,-0.08653963758633887,-0.14323068387685944
2018-02-07,-0.02741702036004645,-0.05147799924279939,-0.08559962943151167
2018-02-08,-0.05029052029261738,-0.058337923445659357,-0.09618131436489508
2018-02-09,-0.10665354865851961,-0.08765346957416176,-0.14649430659567275
2018-02-12,-0.07447679903893101,-0.07545810491300864,-0.12648926706925834
2018-02-13,-0.07504072983642496,-0.07393370301832669,-0.12489096978302072
2018-02-14,-0.06459678605401864,-0.06930216223522423,-0.11753786285866241
2018-02-15,0.0,-0.03769972191839144,-0.06631359042309015
2018-02-16,0.0,-0.03171934977649182,-0.056620303937912286
2018-02-20,-0.013399805012909605,-0.036292619986087016,-0.06475644567804395
2018-02-21,0.0,-0.02620813263243227,-0.04818260648831296
2018-02-22,-0.01913191459064223,-0.029491533122007696,-0.0529194657568689
2018-02-23,-0.010585077575690938,-0.026032037176314304,-0.04849406904077169
2018-02-26,0.0,-0.009439515555709876,-0.02020765736113561
2018-02-27,0.0,-0.0007036733506673443,-0.005843471992560523
2018-02-28,-0.012701360695102193,-0.007739578571336003,-0.017908939801579482
2018-03-01,-0.049321553913816985,-0.019172398610440733,-0.036835421072981434
2018-03-02,-0.12984425241952335,-0.04731525682159021,-0.08242961450345698
2018-03-05,-0.07878479117161175,-0.031426271971430886,-0.05646530488309465
2018-03-06,-0.021634196217735102,-0.011256875741407324,-0.02346440123758986
2018-03-07,-0.04205147195283776,-0.019465687051090308,-0.03674770977036801
2018-03-08,0.0,-0.0055110753157444625,-0.014090684837923195
2018-03-09,0.0,0.0,0.0
2018-03-12,0.0,0.0,0.0
2018-03-13,0.0,0.0,0.0
2018-03-14,-0.03179073868574345,-0.010718072737942896,-0.010734580335297172
2018-03-15,-0.04233425584678452,-0.015360572806852102,-0.017923903497600313
2018-03-16,-0.04308674123553735,-0.015245947631943313,-0.01889504583403312
2018-03-19,-0.07478565412001781,-0.029264092508139217,-0.040013278422441734
2018-03-20,-0.10676494212911425,-0.040344267833352654,-0.06033885782786441
2018-03-21,-0.1032936763504575,-0.0401146728054913,-0.06044800451841181
2018-03-22,-0.14117731664944477,-0.05504141298804066,-0.08480987158365971
2018-03-23,-0.14886933893776078,-0.06652329263016843,-0.10509507748110691
2018-03-26,-0.154530584511124,-0.07163304886442379,-0.11570395179903048
2018-03-27,-0.09835152579420747,-0.049242753870916256,-0.07906965111625985
2018-03-28,-0.1730409835734893,-0.09201351440642025,-0.14799931183888604
2018-03-29,-0.17579425943289462,-0.09241529013052585,-0.14913044265183673
2018-04-02,-0.17497011460104572,-0.08730549463824855,-0.14181774585880114
2018-04-03,-0.19812093424173083,-0.0994770745389768,-0.16177290570882918
2018-04-04,-0.18738713098830884,-0.11469028194630748,-0.18685990055247514
2018-04-05,-0.11110854519545055,-0.07387195493027421,-0.11988766130616813
2018-04-06,-0.1473638007602297,-0.08793742912352687,-0.14201707602102576
2018-04-09,-0.1516173395643864,-0.09310432366856713,-0.15153790033561587
2018-04-10,-0.12854513548314184,-0.08030166553760754,-0.1321796865877234
2018-04-11,-0.12547582938920354,-0.08035906895079958,-0.1316442782335676
2018-04-12,-0.1034602738372965,-0.07433093143212488,-0.12162191016281809
2018-04-13,-0.09923202300861811,-0.06416944662190482,-0.10617862308377135
2018-04-16,-0.11516057334158758,-0.0671547020488622,-0.11149232408015886
2018-04-17,-0.11122488669621977,-0.05716566275328394,-0.09553351762411355
2018-04-18,-0.10793054537847846,-0.04648715444770557,-0.07784506821118686
2018-04-19,-0.1335925014942828,-0.0493576709045952,-0.0825437991802207
2018-04-20,-0.1399225381422361,-0.055730232351256404,-0.09319134490003844
2018-04-23,-0.14359113855195027,-0.06376775885721953,-0.10713905234995091
2018-04-24,-0.1454475051868389,-0.06623635874096045,-0.11145064958947093
2018-04-25,-0.15210629939214926,-0.08874101978653048,-0.14743282268105484
2018-04-26,-0.1536858800078279,-0.0774883744261956,-0.12948776956295205
2018-04-27,-0.15552186297784554,-0.05641953364491292,-0.09600169488993593
2018-04-30,-0.1590605649534479,-0.06732718525916925,-0.11298016156360335
2018-05-01,-0.16488450062333926,-0.0785221769134068,-0.13120752595473073
2018-05-02,-0.13410651240311255,-0.06394010867962974,-0.10731690954168704
2018-05-03,-0.16374281238270316,-0.07576657163319545,-0.1259805577031281
2018-05-04,-0.15763589030220293,-0.07519226269567403,-0.12558206962897545
2018-05-07,-0.08284899350203923,-0.04912805980561663,-0.08308109230152583
2018-05-08,-0.08155862406621017,-0.047693054381321764,-0.08129438320180471
2018-05-09,-0.0628703350297416,-0.04493737393857744,-0.07658163504885396
2018-05-10,-0.02616624251332167,-0.0331682592493322,-0.057664006113900323
2018-05-11,-0.008314732315657825,-0.0274272235321108,-0.04898999408674831
2018-05-14,0.0,-0.02495836568950438,-0.044385587510836544
2018-05-15,-0.023968474419764796,-0.033225197064763234,-0.058231728761310664
2018-05-16,-0.030917702956642312,-0.03506266591047813,-0.061676309310231936
2018-05-17,-0.02022991308367761,-0.033340168394894176,-0.05860723534010526
2018-05-18,-0.035857679549130994,-0.03741652501349124,-0.06525848722521943
2018-05-21,-0.03208478579752094,-0.031215939859205455,-0.055563234898639235
2018-05-22,-0.031127299659081564,-0.028862288608283215,-0.0515945771795997
2018-05-23,-0.06813798391144543,-0.04189456024642202,-0.07281736851539133
2018-05-24,-0.026909606136163222,-0.026680748921706132,-0.04757547106134963
2018-05-25,-0.024707013312648685,-0.026795905239822337,-0.04765161821126784
2018-05-29,-0.03209210325357892,-0.03012541935093993,-0.053798568099648114
2018-05-30,-0.02365037050343466,-0.02650860876932637,-0.04780889958250467
2018-05-31,-0.01766232369819476,-0.023064094699104754,-0.04262652843537773
2018-06-01,-0.005765556710699671,-0.018815673774490116,-0.03562280741441426
2018-06-04,0.0,-0.005840772829643237,-0.01385764431328973
2018-06-05,0.0,0.0,0.0
2018-06-06,-0.028053632192606592,0.0,0.0
2018-06-07,-0.0697560989065692,0.0,0.0
2018-06-08,-0.02379960329415054,-0.012963651231106987,-0.0225797731234737
2018-06-11,-0.024850489627692096,-0.00898340722714841,-0.015407592453197783
2018-06-12,-0.024857045069162198,-0.0042073497072688815,-0.007295861614230237
2018-06-13,-0.0188014509147707,0.0,0.0
2018-06-14,-0.01782632643578619,0.0,0.0
2018-06-15,-0.018017346896262776,0.0,0.0
2018-06-18,0.0,-0.006016041428583696,-0.010246952684065946
2018-06-19,0.0,-0.012926552653069634,-0.022174022319933817
2018-06-20,0.0,0.0,0.0
2018-06-21,0.0,0.0,0.0
2018-06-22,0.0,-0.007879031466415332,-0.01295238134309451
2018-06-25,-0.025074674889659088,-0.022342705514687422,-0.037123913049662116
2018-06-26,-0.057671865081613594,-0.032079107113837435,-0.054403176529145725
2018-06-27,-0.05001921897612571,-0.027576791677364154,-0.04686525968838218
2018-06-28,-0.11139667408828069,-0.046035791058207765,-0.0774829880757284
2018-06-29,-0.09590774234755861,-0.03202254706314367,-0.05427386452428162
2018-07-02,-0.10144681113159237,-0.04310931607871116,-0.07289191460973443
2018-07-03,-0.09391823038949809,-0.02391837424334453,-0.04116395937646855
2018-07-05,-0.11857211496670561,-0.03258533192197055,-0.055208305439840344
2018-07-06,-0.12241281480949762,-0.024649926788959498,-0.04289688918131773
2018-07-09,-0.07155019431012766,-0.006640904370287415,-0.012680699729187617
2018-07-10,-0.0642798365332573,-0.0010131526929608725,-0.003917723611647772
2018-07-11,-0.0856469310161464,-0.009961412564671868,-0.01777419418048276
2018-07-12,-0.0817041088649505,-0.0028141116201172434,-0.006260206471590202
2018-07-13,-0.05385339596560734,0.0,0.0
2018-07-16,-0.054525403324619415,0.0,0.0
2018-07-17,-0.08366955290614886,-0.013193101502289917,-0.021759945732154673
2018-07-18,-0.034381573304751556,0.0,0.0
2018-07-19,-0.044418818524119885,-0.005602346709208228,-0.008908046950869553
2018-07-20,-0.04421138757206322,-0.003993772527930206,-0.007155924283272275
2018-07-23,-0.057929571954966064,-0.010150658536279722,-0.01736322048056904
2018-07-24,-0.019447302818149326,0.0,0.0
2018-07-25,-0.04463157605269796,-0.005678193290388545,-0.009514684771834925
2018-07-26,-0.03834518977718526,-0.00589880626958339,-0.010342013859321209
2018-07-27,-0.041231967100028966,-0.001212984754867974,-0.002493729360529051
2018-07-30,-0.05241608885410598,-0.02083825162402586,-0.03532801535363583
2018-07-31,-0.056792829930768285,-0.0309264746619905,-0.05337187516952979
2018-08-01,-0.0560647368563264,-0.025083005251134938,-0.04339345754305879
2018-08-02,-0.05912713759006194,-0.03054071412500492,-0.052990509419944765
2018-08-03,-0.0030226942018007907,-0.008490047322953331,-0.01605599223178933
2018-08-06,-0.0013167646508848163,-0.007993541128623827,-0.014615275790522131
2018-08-07,0.0,0.0,0.0
2018-08-08,-0.0034422351646093974,-0.0005503477635382392,-0.0007366555895622628
2018-08-09,-0.009022354217438466,0.0,0.0
2018-08-10,0.0,-0.006762112321281655,-0.011261515201764327
2018-08-13,-0.004252166033840821,-0.005827338679377458,-0.010085656017963074
2018-08-14,-0.00026518093467098325,-0.004947864459229789,-0.008618666636361794
2018-08-15,-0.00533702835401606,-0.010445577878784085,-0.017244828762860376
2018-08-16,0.0,-0.007146859952646301,-0.012953735672053712
2018-08-17,0.0,-0.014073707405650615,-0.024418776582544877
2018-08-20,-0.0017232189169400502,-0.009071282304217165,-0.015935880205022013
2018-08-21,-0.0027920625366175678,-0.009181073336805623,-0.016167732684835845
2018-08-22,0.0,-0.010610392810368574,-0.019045261383094925
2018-08-23,0.0,-0.006432066754043841,-0.011582809671500383
2018-08-24,0.0,-0.0028038547967648153,-0.0056076423384371354
2018-08-27,0.0,0.0,0.0
2018-08-28,0.0,0.0,0.0
2018-08-29,-0.0015906815645559957,0.0,0.0
2018-08-30,0.0,0.0,0.0
2018-08-31,0.0,-0.0010734957288072167,-0.0018628755080914994
2018-09-04,-0.014395825827885012,-0.001610000459570271,-0.0029448728155851978
2018-09-05,-0.007612992759289616,-0.004614361442488613,-0.008202864999376613
2018-09-06,-0.030158893558233868,-0.01529233179874867,-0.02623022051529944
2018-09-07,-0.04107652759299041,-0.031550624868198485,-0.05319268291805934
2018-09-10,-0.03811562989954609,-0.022697332088008393,-0.038922951412413975
2018-09-11,-0.05132981959361982,-0.028921478873669026,-0.04961641366146152
2018-09-12,-0.04499689608993385,-0.01894110108248026,-0.03256476249059148
2018-09-13,-0.02974203665803621,-0.01427286435399211,-0.025673947251520057
2018-09-14,-0.03253661030673438,-0.009229039426133179,-0.01689152736751609
2018-09-17,-0.0417187757136126,-0.01448763743930448,-0.026157690966508218
2018-09-18,-0.067151251145247,-0.026238630486208336,-0.04527751050134521
2018-09-19,-0.06526550842043521,-0.018833926317761596,-0.03333176950591654
2018-09-20,-0.05082575142553358,-0.012985074053568635,-0.024246822335400875
2018-09-21,-0.042269391694882974,-0.0062243458067337,-0.01265515785972171
2018-09-24,-0.05887977173785108,-0.02147587591617872,-0.037668643299203275
2018-09-25,-0.05651653607354101,-0.012015449223695573,-0.022370848114452002
2018-09-26,-0.06773768642193545,-0.009381277064123061,-0.018572222936070748
2018-09-27,-0.06542690322328337,-0.0055110550195093255,-0.011342537824702625
2018-09-28,-0.0643448815110188,-0.003952460940838676,-0.009088195204525862
2018-10-01,-0.038190221708854555,0.0,0.0
2018-10-02,-0.048192261826766725,-0.004602294631268378,-0.008886385319797241
2018-10-03,-0.036192972694682024,-0.0018198190937878111,-0.003745680024080378
2018-10-04,-0.056160759782807546,-0.008937556587055195,-0.015560591045085559
2018-10-05,-0.09768044860475911,-0.02413609217218926,-0.04165319405602874
2018-10-08,-0.0922438078375708,-0.03933449889388663,-0.0687377832434456
2018-10-09,-0.09030862537785678,-0.04115448398509147,-0.07011880287650696
2018-10-10,-0.09953573829898876,-0.04474031939341805,-0.07572285545760071
2018-10-11,-0.12897836766560467,-0.08482404979676694,-0.1420685235800211
2018-10-12,-0.10083264981196949,-0.06796638201807892,-0.11757079521330516
2018-10-15,-0.11216092145332168,-0.07042793733372488,-0.12026930178306283
2018-10-16,-0.09923065860648739,-0.06876890711989903,-0.11868425516694292
2018-10-17,-0.05814138146709957,-0.04704082266966869,-0.08366516904627708
2018-10-18,-0.07852132752197327,-0.05485510543804162,-0.0972818337912974
2018-10-19,-0.10283162445621818,-0.06577217168623795,-0.11659612753726556
2018-10-22,-0.10935691801037284,-0.06855501612773751,-0.11981621733242209
2018-10-23,-0.10388707642228379,-0.0868578258226318,-0.14777404634563496
2018-10-24,-0.09955953200619294,-0.0738531314038815,-0.12797145929942877
2018-10-25,-0.05502525146432369,-0.10146769859244631,-0.17456286141215083
2018-10-26,-0.08073178147032412,-0.11597103186691093,-0.19917496969298243
2018-10-29,-0.06205513568160648,-0.09451049392723654,-0.16555106747689552
2018-10-30,-0.0843616049807171,-0.12908223504175032,-0.21775826363630024
2018-10-31,0.0,-0.09766817563990571,-0.1697208832554693
2018-11-01,-0.01647602777342716,-0.0899082607310786,-0.1566652550095433
2018-11-02,-0.011088772400549174,-0.08209465333982913,-0.14503135406234702
2018-11-05,-0.016830192004495426,-0.09242319792349585,-0.1617578231573431
2018-11-06,-0.012969776054983395,-0.09579522977291932,-0.1678469210279684
2018-11-07,-0.027524976895188624,-0.07808097645400502,-0.13939643316060235
2018-11-08,-0.03390274024660456,-0.06480896577662643,-0.11897966967280627
2018-11-09,-0.05253281229200579,-0.07513791847320417,-0.13539877703166903
2018-11-12,-0.08489716597244679,-0.08857031176601282,-0.15692109622196893
2018-11-13,-0.11583591059140663,-0.10574904936518181,-0.18447727933026326
2018-11-14,-0.12608491364412977,-0.1003438400913077,-0.17688974357008236
2018-11-15,-0.09141502394891032,-0.11757621877783586,-0.20368315997079878
2018-11-16,-0.10292600327919843,-0.10928140193947466,-0.19061920414720057
2018-11-19,-0.09610746990001484,-0.10794324837390157,-0.1890468694851325
2018-11-20,-0.12629972916820575,-0.1525230312969833,-0.25667710728788207
2018-11-21,-0.11534573337339749,-0.1365746827633172,-0.23333925292211455
2018-11-23,-0.10418802397554738,-0.1486695756947073,-0.2505675781335043
2018-11-26,-0.1081480895042366,-0.13609308949954757,-0.2314240812344236
2018-11-27,-0.11141422493712327,-0.13309611668141008,-0.2270658792746305
2018-11-28,-0.1054374441137158,-0.11907505958593012,-0.20565057168141432
2018-11-29,-0.09868484998687121,-0.10103952395876525,-0.17947354220464018
2018-11-30,-0.10122557868683257,-0.09895278619236514,-0.17644686779118135
2018-12-03,-0.0472293847480969,-0.07363927066509679,-0.13668612809584046
2018-12-04,-0.06743790109677794,-0.08262996955983204,-0.15050555622132755
2018-12-06,-0.17903137965704363,-0.13106265480151702,-0.22504285941641422
2018-12-07,-0.1677455354792624,-0.11083336611879824,-0.1934845631315003
2018-12-10,-0.18591904754684185,-0.1380196314747656,-0.23605804036191635
2018-12-11,-0.17090925583422578,-0.1131347412417878,-0.19823193122314253
2018-12-12,-0.16946274740144684,-0.11168948426618241,-0.19540192535659218
2018-12-13,-0.16904773294279873,-0.11099408499506447,-0.19460677489329237
2018-12-14,-0.17757979717930472,-0.12662082871924174,-0.21784369287533323
2018-12-17,-0.18319258977820418,-0.14171261675327895,-0.24167729342087962
2018-12-18,-0.18620937865307374,-0.15102447982076372,-0.2557240632775626
2018-12-19,-0.18453784176378063,-0.15353944635096306,-0.2595027468145473
2018-12-20,-0.19926042679470002,-0.17510686420149157,-0.2928869249175228
2018-12-21,-0.20867875057924679,-0.1809939541580997,-0.3016384502840789
2018-12-24,-0.24559705856343783,-0.21605853528870367,-0.3518025916716987
2018-12-26,-0.2609159808323508,-0.22142520091412532,-0.359317401139305
2018-12-27,-0.20612078483145535,-0.1930338456653118,-0.3209816203242488
2018-12-28,-0.20599229785773854,-0.17274685222859287,-0.2942438637478657
2018-12-31,-0.20573285805602004,-0.1710293199972618,-0.29028832823979633
2019-01-02,-0.2050296094020987,-0.18970631395318271,-0.31806549403625695
2019-01-03,-0.2045040891311949,-0.1810656682844679,-0.30469955870495535
2019-01-04,-0.20427348992307282,-0.18246090150449024,-0.30939596522053037
2019-01-07,-0.2050094412185841,-0.15949045795070582,-0.27716013113685023
2019-01-08,-0.2123157955063416,-0.14381884047422777,-0.2534773821899591
2019-01-09,-0.20899127470227885,-0.1405986679045077,-0.24898078761942632
2019-01-10,-0.2115615270113459,-0.14349673513905958,-0.25393500813471015
2019-01-11,-0.20233986372796164,-0.1395789519245515,-0.24766563361793814
2019-01-14,-0.2089018188197762,-0.14494585822960493,-0.2559874036951645
2019-01-15,-0.20364027607586732,-0.14135008558708384,-0.250642262939036
2019-01-16,-0.18188758254063153,-0.12712736433673522,-0.2295441813731035
2019-01-17,-0.19293722064244856,-0.13152840009659839,-0.23634029446297677
2019-01-18,-0.16261527363880524,-0.11569596086389611,-0.21153678814983579
2019-01-22,-0.16831260578042084,-0.11956007876810848,-0.21855173625746804
2019-01-23,-0.1833371612354372,-0.12648360917110069,-0.22921119565032755
2019-01-24,-0.18249327642068947,-0.1269665464128492,-0.23051381322384723
2019-01-25,-0.15823340621111548,-0.11714495178866391,-0.21581430649777844
2019-01-28,-0.17596302575741596,-0.12514161158419768,-0.22831680105743601
2019-01-29,-0.1691814252935977,-0.12417572906877217,-0.22646301867930085
2019-01-30,-0.16678369484445232,-0.12310221963663648,-0.2253235099252805
2019-01-31,-0.14133483347525688,-0.10539113769432329,-0.1997288281686136
2019-02-01,-0.13436578635713337,-0.10201013475879439,-0.19455468339976145
2019-02-04,-0.128443254645068,-0.10120501568811313,-0.19320476608498438
2019-02-05,-0.10684623247571767,-0.08896848428797322,-0.17447104033457328
2019-02-06,-0.09736059309526368,-0.08193767554899412,-0.16370223134521433
2019-02-07,-0.10331917551020331,-0.09288632434313016,-0.18103973709662513
2019-02-08,-0.13471892907695782,-0.10506933240305216,-0.20012526182673285
2019-02-11,-0.10835433995193378,-0.09213508456312736,-0.17961063430179125
2019-02-12,-0.10130836823216038,-0.08966614732038225,-0.17608041283912645
2019-02-13,-0.0817469123161948,-0.07882504432025172,-0.159259296216815
2019-02-14,-0.09636638103240702,-0.0855337539032065,-0.17033523874874335
2019-02-15,-0.07224721517551558,-0.07415544072824487,-0.15282203638330516
2019-02-19,-0.08938018407942205,-0.08011295293617793,-0.16176690474407285
2019-02-20,-0.08601776474405098,-0.07479977715988007,-0.1532050246262887
2019-02-21,-0.11115955130221511,-0.07807351321224654,-0.1587050497384389
2019-02-22,-0.11869741144710566,-0.07700000342390656,-0.15686286165137642
2019-02-25,-0.08144267627118706,-0.0650855333720024,-0.13816176620743892
2019-02-26,-0.03804263928105245,-0.07104260669688489,-0.14801044378289918
2019-02-27,-0.03475990666934137,-0.07211623439329173,-0.14921916865257634
2019-02-28,-0.041874269416501964,-0.07131114793299786,-0.1484352127670474
2019-03-01,-0.03046470188647521,-0.06385086639036541,-0.13693167430127817
2019-03-04,-0.03060832750852671,-0.05794734911377186,-0.1288739511990612
2019-03-05,-0.0073072443020391065,-0.06326042411201016,-0.13622125937634277
2019-03-06,-0.006505738973414887,-0.06234814337778216,-0.1347878991791106
2019-03-07,-0.01855164000407905,-0.07093530455801922,-0.1483672362823908
2019-03-08,-0.07877631674238472,-0.09031030020471009,-0.178166375420586
2019-03-11,-0.09259951893988239,-0.07759059150500291,-0.15866639451808673
2019-03-12,-0.11017188468458994,-0.05982589619224332,-0.130816642213317
2019-03-13,-0.1071705765653882,-0.05225863707424927,-0.11917740764604356
2019-03-14,-0.10251148432890378,-0.04941378726217627,-0.11497898734006684
2019-03-15,-0.09447069441660183,-0.04796504019783365,-0.11227385254422795
2019-03-18,-0.07903825918099472,-0.04327485284168542,-0.10519045509441294
2019-03-19,-0.0921018989678557,-0.03666154314896086,-0.09444108853185096
2019-03-20,-0.06452430253181896,-0.03730667708860924,-0.0959599164696906
2019-03-21,-0.036733249125011636,-0.03644636778279553,-0.09475034926201975
2019-03-22,-0.044060085194715604,-0.02268197976221764,-0.07299150855578906
2019-03-25,0.0,-0.043490278605342714,-0.10696567098560872
2019-03-26,0.0,-0.03440326922311787,-0.09194134252777453
2019-03-27,-0.0010355943125386347,-0.035908769184388345,-0.09464278930813175
2019-03-28,-0.0034307504467255834,-0.04107048333145624,-0.1030007669028774
2019-03-29,-0.0011399432768111062,-0.033919414393195235,-0.09233391669743041
2019-04-01,-0.00042290178260484534,-0.0241338677045696,-0.07707180797915403
2019-04-02,0.0,-0.020208815929401602,-0.06995051712018818
2019-04-03,0.0,-0.012036290494192525,-0.05697655686308356
2019-04-04,0.0,-0.01165974566725847,-0.056596107542631446
2019-04-05,-0.01995512573394853,-0.00945497725745681,-0.052328381525928114
2019-04-08,-0.025213871044989067,-0.008809983503544117,-0.0520708512384398
2019-04-09,-0.017446580102196685,-0.008057225192494522,-0.05063516257975298
2019-04-10,-0.0072187997447756835,-0.006874481638699748,-0.04867330539971626
2019-04-11,0.0,-0.0011751049352743959,-0.040303960390523974
2019-04-12,-0.03644823708319955,-0.0007988646320058468,-0.039491375954307184
2019-04-15,-0.049933512641104905,-0.000852401051372742,-0.03967052961934858
2019-04-16,-0.05357607667154063,0.0,-0.0337127257799843
2019-04-17,-0.07600311186118225,0.0,-0.023181413727112354
2019-04-18,-0.04887546407386634,-0.0015443611388772371,-0.02556569869874381
2019-04-22,-0.05230672456373475,-0.006285218240582924,-0.033481478297384015
2019-04-23,-0.08382732171974416,0.0,-0.017303803853853994
2019-04-24,-0.08581420232469328,0.0,0.0
2019-04-25,-0.03792803017980351,0.0,0.0
2019-04-26,-0.03940316031207969,-0.004971139427597415,-0.008011691392521114
2019-04-29,-0.06068318426646124,-0.002511586323157955,-0.004136134023582372
2019-04-30,-0.05449678018874937,-0.00863348909729944,-0.014696479282170882
2019-05-01,-0.06439187419063608,-0.0018312777830254978,-0.00348907560065681
2019-05-02,-0.040785563205858466,-0.011825401791748846,-0.02001141232938264
2019-05-03,-0.030456627296991723,-0.0076393665525325005,-0.01326273672000855
2019-05-06,-0.04147915293393467,-0.021348201216360163,-0.037141028138584664
2019-05-07,-0.027668635206092307,-0.017057658019520305,-0.029348805101680475
2019-05-08,-0.0349533639933477,-0.02877847468326855,-0.049397288575863674
2019-05-09,-0.03928469083318453,-0.038876584026488525,-0.06602526109966234
2019-05-10,-0.03878272856006082,-0.03673127497094941,-0.06352449301639485
2019-05-13,-0.046816666498470605,-0.05671930080548948,-0.0966177518828667
2019-05-14,-0.05087598617006983,-0.06074804391917521,-0.10439861085544422
2019-05-15,-0.05103980033758726,-0.061637587791689374,-0.10583531838335203
2019-05-16,-0.042229554170329586,-0.041649954217226504,-0.07343633280163653
2019-05-17,-0.05366704410973977,-0.04201612057640536,-0.07439080598729297
2019-05-20,-0.09006670350329649,-0.05567280231005178,-0.09670126437501958
2019-05-21,-0.07950759243390093,-0.050388065532424586,-0.08858789527192046
2019-05-22,-0.11034626753079768,-0.053946011228610535,-0.0947937950423473
2019-05-23,-0.13315975057189433,-0.06378327021948871,-0.11038483962441759
2019-05-24,-0.12654475233487283,-0.06237012209103632,-0.10842880096777519
2019-05-28,-0.1447042644911013,-0.0652480228479233,-0.1131992587816234
2019-05-29,-0.1840068439472301,-0.07712549426215298,-0.13208983542695296
2019-05-30,-0.14966689348234563,-0.07654992243414238,-0.13169058429424907
2019-05-31,-0.1672283346388731,-0.08602066240837025,-0.14723760514963957
2019-06-03,-0.16417847545742237,-0.09235171698638578,-0.15715514255387686
2019-06-04,-0.1536877104880069,-0.099938676697375,-0.170763938741323
2019-06-05,-0.08927404317379561,-0.07613129072438385,-0.13294163457607955
2019-06-06,-0.10171400037212841,-0.07649798960919574,-0.13376469011156278
2019-06-07,-0.07501546650262614,-0.06577147985420773,-0.11680058372305535
2019-06-10,-0.03470914304766548,-0.046463829145704016,-0.08556150936700513
2019-06-11,0.0,-0.031760500833566185,-0.06112437749888833
2019-06-12,-0.04675952067276279,-0.0430628653941213,-0.07999382572712677
2019-06-13,-0.047958146822362435,-0.042016435863154844,-0.07816881852514268
2019-06-14,-0.08422527039588423,-0.04526074284018933,-0.08408392134228448
2019-06-17,-0.07696915978169772,-0.042330158555139774,-0.07931243523569509
2019-06-18,-0.06977961629924867,-0.02731339788365461,-0.0544365026948741
2019-06-19,-0.0657181856946304,-0.02338901957601347,-0.04752687498057662
2019-06-20,-0.05620407578402953,-0.007377786768880568,-0.021516419599497905
2019-06-21,-0.0624747720779969,-0.013081039514578396,-0.031651134363882893
2019-06-24,-0.061440818961300825,-0.011423611746667284,-0.028282337732394414
2019-06-25,-0.06291327601908125,-0.01404559210022005,-0.03267335943385741
2019-06-26,-0.07662323946773753,-0.02385185691752434,-0.049676517930032915
2019-06-27,-0.07546245206585511,-0.022278553669530465,-0.04709964404191769
2019-06-28,-0.07203610249681325,-0.01970895097706915,-0.042946528066771794
2019-07-01,-0.009413467220942384,-0.0020367387642047374,-0.013799977038726152
2019-07-02,-0.037811561933992155,-0.007910216479270482,-0.023543631884849092
2019-07-03,-0.03229119040983597,-0.0011455118901321226,-0.01264313850232801
2019-07-05,-0.052138540414843004,-0.003033260160533624,-0.015417628209770662
2019-07-08,-0.04865365597066751,-0.004711514148635132,-0.017914769881589354
2019-07-09,-0.028471825086311964,-0.009955326281165133,-0.02752150126772679
2019-07-10,-0.002090441034476198,0.0,-0.0003842287903905728
2019-07-11,-0.0023901936897646747,0.0,0.0
2019-07-12,-0.00634697425259001,-0.0011407570210029139,-0.0026499660067448305
2019-07-15,0.0,0.0,0.0
2019-07-16,-0.003598732478547917,-0.00036086520827305346,-0.0008798360990533993
2019-07-17,-0.008055889363539515,-0.004279158049327658,-0.006865406637067695
2019-07-18,-0.012948802866974751,-0.013868378167561368,-0.023634119181776603
2019-07-19,0.0,-0.0012372893898390247,-0.0017437901774440823
2019-07-22,-0.02287713425291993,-0.01309476514031449,-0.021952389654785853
2019-07-23,0.0,-0.002061844294891757,-0.0037584922544748878
2019-07-24,-0.00010721597624729906,-0.004794676568040779,-0.008443632251990407
2019-07-25,0.0,0.0,0.0
2019-07-26,0.0,0.0,-0.0003023249249398674
2019-07-29,-0.0029119914431150473,0.0,0.0
2019-07-30,-0.025320813574416623,-0.010148636334564087,-0.017330781326049483
2019-07-31,-0.013014012973977307,-0.0041516742231101356,-0.007364501195446738
2019-08-01,-0.07196888321020667,-0.018862384636449292,-0.032387270783496236
2019-08-02,-0.07864835652471969,-0.03275279762701455,-0.05533523506991267
2019-08-05,-0.08635717631330153,-0.059867548961221706,-0.09987326658997786
2019-08-06,-0.09214768555351227,-0.06514689068238644,-0.11060441407641564
2019-08-07,-0.11520006879830469,-0.07093888788210334,-0.12045769203920942
2019-08-08,-0.1047623025428599,-0.05141029399210173,-0.0878818409710328
2019-08-09,-0.0980466656684813,-0.03972384498314152,-0.07022434611166861
2019-08-12,-0.10577455762705024,-0.05007766173017891,-0.08720743392158459
2019-08-13,-0.10745772314241875,-0.05597186282387745,-0.09627079528451332
2019-08-14,-0.10544403218858811,-0.049975073661897906,-0.08824323057000427
2019-08-15,-0.11213951717087067,-0.062071605072960945,-0.10789806679780212
2019-08-16,-0.10986796282501643,-0.05586963648815968,-0.10005541063817891
2019-08-19,-0.09713804316347496,-0.035623204725394486,-0.06740722599854754
2019-08-20,-0.09678984966780968,-0.036648392854136014,-0.06790249963275607
2019-08-21,-0.09399850217275751,-0.033316763649867354,-0.06254497394323033
2019-08-22,-0.09358995320065766,-0.03142048750570825,-0.059695062915213204
2019-08-23,-0.10428785744753322,-0.04290169379860753,-0.07874875624021815
2019-08-26,-0.11487650657207926,-0.05622831692838981,-0.10162997430551401
2019-08-27,-0.1101147460473213,-0.04613096476367562,-0.08601503611093186
2019-08-28,-0.11652291026349271,-0.05781712069096834,-0.10472043082657279
2019-08-29,-0.10538076758176618,-0.039570021200611594,-0.07527905732352802
2019-08-30,-0.09822072658134084,-0.03167628917075804,-0.062240722379803604
2019-09-03,-0.10834846388528607,-0.045567209057424396,-0.08474765605582268
2019-09-04,-0.10433724725968763,-0.03931380963325348,-0.07518627381940102
2019-09-05,-0.09030607312978933,-0.02409055155834905,-0.0505018114343464
2019-09-06,-0.08305095603669055,-0.015428365875288952,-0.03659961540499179
2019-09-09,-0.08304776095321087,-0.014967092847598229,-0.035522183099775395
2019-09-10,-0.11146077364632734,-0.02537203064163651,-0.052594712592194726
2019-09-11,-0.11109220862581382,-0.021066654825051323,-0.04566004094011944
2019-09-12,-0.07301695567405841,-0.007688389119614891,-0.02331564704877076
2019-09-13,-0.08202494453979392,-0.01107142095892344,-0.028968622264735622
2019-09-16,-0.1098552771563166,-0.019528855006380463,-0.04323748297419616
2019-09-17,-0.10458970993714767,-0.01747859809422614,-0.04007849956437903
2019-09-18,-0.09644494475466403,-0.014915684424397058,-0.035828385907828
2019-09-19,-0.08502116349117428,-0.011532888213696024,-0.03015968377276068
2019-09-20,-0.08515339166514513,-0.010251548062722882,-0.028207951954034804
2019-09-23,-0.12993752361879207,-0.022379308512619933,-0.048931196974502766
2019-09-24,-0.10243301704149854,-0.017192191152115455,-0.03979210874801331
2019-09-25,-0.15843680453140074,-0.0356303163732945,-0.0701573467368618
2019-09-26,-0.13558858923349082,-0.025101259797317477,-0.05304499995302714
2019-09-27,-0.1404320149470888,-0.02561491291887741,-0.05456631557158953
2019-09-30,-0.16824175189136958,-0.035578926445914316,-0.07122397764933286
2019-10-01,-0.1660150632569719,-0.026796256904642823,-0.05625827577100451
2019-10-02,-0.2176842199159863,-0.044772095600029704,-0.08535668997752255
2019-10-03,-0.21532730681071954,-0.054890089702061995,-0.10215282102112255
2019-10-04,-0.20979964837040466,-0.03922543933549405,-0.07812034494427822
2019-10-07,-0.1982313984120453,-0.0331135879345984,-0.06799790296710273
2019-10-08,-0.22092744479481774,-0.039327956171218315,-0.07857578835134638
2019-10-09,-0.22353047963686967,-0.03968750759147577,-0.07890794008193236
2019-10-10,-0.22432413263470763,-0.038198104838576885,-0.07669917636599954
2019-10-11,-0.2189668151238222,-0.019965289645742734,-0.047206304524675224
2019-10-14,-0.21636936225490722,-0.019914103871226385,-0.04689321483272846
2019-10-15,-0.20338645080669848,-0.015599907408583524,-0.039783631975214284
2019-10-16,-0.1877644657562535,-0.009539423890907894,-0.030080240366333943
2019-10-17,-0.1776341932771116,-0.0026571837212943095,-0.018763316299027832
2019-10-18,-0.1938213550127199,-0.007793521365942135,-0.026603891254704637
2019-10-21,-0.1985586182812088,-0.010309702727530845,-0.031510515907139824
2019-10-22,-0.178862624420717,-0.002914091817984077,-0.020261995644254793
2019-10-23,-0.22202223973008406,-0.016730064155172863,-0.04243364236811853
2019-10-24,-0.19565156005705897,-0.005790229508274458,-0.024009439079836326
2019-10-25,-0.18863066735238343,-0.00835818524762888,-0.02886438438846539
2019-10-28,-0.14038200933551837,0.0,0.0
2019-10-29,-0.12627684294252361,0.0,0.0
2019-10-30,-0.1363314435489943,-0.0041577269394772465,-0.0074018730570869495
2019-10-31,-0.1358467413711295,0.0,0.0
2019-11-01,-0.12595288918161152,0.0,0.0
2019-11-04,-0.08474609286924306,0.0,0.0
2019-11-05,-0.06866401925325871,0.0,0.0
2019-11-06,-0.06657025805914396,-0.0018467484711878202,-0.0032550554162380507
2019-11-07,-0.0825165054357847,0.0,0.0
2019-11-08,-0.08443627047941038,-0.0034371077587056487,-0.0064894308654667165
2019-11-11,-0.08809579091890041,-0.002740002474306835,-0.004878231394103705
2019-11-12,-0.11061772585643115,0.0,0.0
2019-11-13,-0.11277850969090186,-0.0014422888379194143,-0.0022187332811168803
2019-11-14,-0.11457209085792364,-0.0014916219765538363,-0.0025093936830689056
2019-11-15,-0.1336384952010583,0.0,0.0
2019-11-18,-0.15452946139438895,-0.00029598384161388935,0.0
2019-11-19,-0.16329066907687428,0.0,0.0
2019-11-20,-0.14229123317006476,-0.00490594731419336,-0.008288499544945482
2019-11-21,-0.14380562614192305,-0.00937080721922845,-0.015958497452649545
2019-11-22,-0.1433724361607358,-0.008045993321404654,-0.014138837858124087
2019-11-25,-0.13558216804911793,-0.005593056149202691,-0.009885386912259486
2019-11-26,-0.11391853510443495,0.0,0.0
2019-11-27,-0.13000338961133884,0.0,0.0
2019-11-29,-0.11741681814200455,0.0,0.0
2019-12-02,-0.11033108672996339,-0.0019954289929001723,-0.0033519621104383113
2019-12-03,-0.020112203605017198,-0.025838487060312776,-0.042888725566994745
2019-12-04,0.0,-0.014987466364435265,-0.02493478337539301
2019-12-05,0.0,-0.011532460594266936,-0.01951446501272125
2019-12-06,0.0,-0.005888097187929153,-0.010210667998382883
2019-12-09,0.0,-0.004330766432970035,-0.007156715897165267
2019-12-10,0.0,-0.006569413258365575,-0.01181335211160306
2019-12-11,0.0,-0.005644693454155081,-0.01010940503178237
2019-12-12,0.0,-0.0036496348123157274,-0.006798007200797818
2019-12-13,0.0,0.0,0.0
2019-12-16,-0.06286322079371254,0.0,0.0
2019-12-17,-0.057084979860502205,0.0,0.0
2019-12-18,-0.06688384400967562,0.0,0.0
2019-12-19,-0.04612936017312186,0.0,0.0
2019-12-20,-0.07495658168365027,0.0,0.0
2019-12-23,-0.0616483837027495,0.0,0.0
2019-12-24,-0.05821436911339528,0.0,-0.00023793860092813368
2019-12-26,-0.07376543686917958,0.0,0.0
2019-12-27,-0.07108062836143947,0.0,0.0
2019-12-30,-0.041275387067824076,-0.004847679220173373,-0.008103128834579532
2019-12-31,-0.004450454732263576,-0.014030677296542726,-0.023672490361462795
2020-01-02,-0.07921199595720307,-0.0006524665862270851,-0.0015028802035743638
2020-01-03,-0.023915177829935574,-0.005780059288786554,-0.0105529252564448
2020-01-06,-0.021167135638195833,-0.009509140692778195,-0.017058737240314703
2020-01-07,0.0,0.0,0.0
2020-01-08,-0.01622672118263202,-0.0006491824591129403,-0.001114730104848305
2020-01-09,-0.04687086224828685,0.0,0.0
2020-01-10,-0.05766784448191564,0.0,0.0
2020-01-13,-0.06797769027914968,-0.0023658053668826895,-0.003870566642715234
2020-01-14,-0.07879022433575822,0.0,0.0
2020-01-15,-0.08555982494180037,-0.002898173880884203,-0.0046809636874657334
2020-01-16,-0.09816167893587535,0.0,0.0
2020-01-17,-0.10579246413389354,0.0,0.0
2020-01-21,-0.09400732744964135,-0.0023290538897074997,-0.003795414178624834
2020-01-22,-0.11063956046527601,0.0,0.0
2020-01-23,-0.0817440049731083,-0.0029857773772697938,-0.005025764868420324
2020-01-24,-0.10621757389648645,0.0,0.0
2020-01-27,0.0,-0.03532381886824287,-0.058662797206971096
2020-01-28,0.0,-0.02659257221931699,-0.04475794505178732
2020-01-29,0.0,-0.013118860785052422,-0.02196302092007063
2020-01-30,-0.038468103885659466,-0.02331273305939585,-0.03899019014046068
2020-01-31,-0.018409831322238945,-0.009351766936127492,-0.01571557561446424
2020-02-03,-0.07294912487781857,-0.024376421885780042,-0.04126131553916634
2020-02-04,-0.061074507643983034,-0.0009749276760914194,-0.001860456129748389
2020-02-05,0.0,0.0,0.0
2020-02-06,-0.0072327755232031166,-0.006168495294208709,-0.010693809714172442
2020-02-07,-0.017871453415416294,-0.0045610380105470805,-0.008200287358265279
2020-02-10,-0.01621342697798589,-0.007688918996234584,-0.013404478343119752
2020-02-11,-0.005819281535746623,0.0,0.0
2020-02-12,-0.00753351763595389,0.0,0.0
2020-02-13,-0.006968920016331981,-0.003170863758637399,-0.005508726138346187
2020-02-14,-0.028200155378967806,0.0,0.0
2020-02-18,-0.016055511618263796,-0.0035847059257427816,-0.006381906504195345
2020-02-19,-0.03328226994084116,0.0,0.0
2020-02-20,-0.024654843516051073,0.0,0.0
2020-02-21,0.0,-0.012053252814789972,-0.020486652421360496
2020-02-24,0.0,-0.06250846543174149,-0.10290004055526036
2020-02-25,0.0,-0.05586828270765687,-0.09416691077985007
2020-02-26,-0.018394245506739515,-0.08352794698489996,-0.13953509403052744
2020-02-27,-0.10112582663060554,-0.10809998365041495,-0.17767830945719432
2020-02-28,-0.2486280945514976,-0.15995072024032408,-0.25638597421587805
2020-03-02,-0.09679794970933064,-0.11664300830397167,-0.1894284386666465
2020-03-03,0.0,-0.08183608364857697,-0.13666584184459551
2020-03-04,-0.05787682403176109,-0.09786499505367119,-0.16342171434736663
2020-03-05,-0.07070366245324178,-0.10052950882392153,-0.17079900936037262
2020-03-06,-0.16981971833177245,-0.13444853417967584,-0.2251769354301092
2020-03-09,-0.2791307520023849,-0.18177392362253197,-0.29283577535930183
2020-03-10,-0.23929517217388396,-0.14950459054661414,-0.2508097524055317
2020-03-11,-0.2580381143749456,-0.1569481606504396,-0.26455614388435067
2020-03-12,-0.2995640080457672,-0.22994526187298603,-0.3677753804095951
2020-03-13,-0.32940313050519554,-0.20888355682331794,-0.3479362564588423
2020-03-16,-0.4978130831811779,-0.26352576353175017,-0.431311293994064
2020-03-17,-0.5138631743255859,-0.25794290776811624,-0.43991791656177925
2020-03-18,-0.5251512181409617,-0.2742678626958772,-0.4647568586094951
2020-03-19,-0.5306024012913018,-0.25701263761733395,-0.44344581929663796
2020-03-20,-0.48115719613220387,-0.2314253520956462,-0.4098305761230976
2020-03-23,-0.46868442260284526,-0.2756457596241686,-0.46478605429490005
2020-03-24,-0.4808037915531749,-0.23754369432581768,-0.4200401598902124
2020-03-25,-0.46485276850346213,-0.21842893599869306,-0.3963623142286862
2020-03-26,-0.46465974963165957,-0.22076008294948768,-0.39922777269144716
2020-03-27,-0.4639377846981928,-0.2077910202191272,-0.3852443300150804
2020-03-30,-0.46548044578275505,-0.207239639581691,-0.385624940716247
2020-03-31,-0.4576000282817525,-0.18748939406209786,-0.36247695296329885
2020-04-01,-0.4734455427817642,-0.2169456396955396,-0.3997321613231941
2020-04-02,-0.4696218336418897,-0.23190666843110286,-0.41846657586021574
2020-04-03,-0.46956681850897586,-0.21363969353572965,-0.39718690820243974
2020-04-06,-0.4759517473242504,-0.19274498853132405,-0.3718688830023159
2020-04-07,-0.4773696927154776,-0.14235166762786,-0.3054453527069513
2020-04-08,-0.4857343560461156,-0.16023726554586215,-0.32805773224358803
2020-04-09,-0.4775385541459056,-0.14243644777747244,-0.3046387200488083
2020-04-13,-0.48291568651450933,-0.15239655387299922,-0.3182352429342371
2020-04-14,-0.4481928702960626,-0.12175331662691036,-0.2749445803258047
2020-04-15,-0.44668052596521124,-0.1164558292279041,-0.26905852094869576
2020-04-16,-0.433313878619071,-0.1028507062056494,-0.24933437220265464
2020-04-17,-0.42300385605613355,-0.08386337041470537,-0.22359819346825138
2020-04-20,-0.43015900541058005,-0.09577294084899557,-0.23972774594430124
2020-04-21,-0.4354795890106953,-0.10747063274868274,-0.25645602057178696
2020-04-22,-0.44142923356270924,-0.11382802447588036,-0.26742143887987513
2020-04-23,-0.43618631572411737,-0.10242700539389149,-0.2524544094380463
2020-04-24,-0.4379575676305235,-0.10590264748946865,-0.2570784301127146
2020-04-27,-0.42587058266335387,-0.0837786955398151,-0.22583765602949069
2020-04-28,-0.4235093277145595,-0.0789892147801654,-0.21904462965819538
2020-04-29,-0.42667871791150946,-0.08377867593288935,-0.2266374874023056
2020-04-30,-0.418198120944436,-0.06784262793106333,-0.20467351519493648
2020-05-01,-0.43306479748172055,-0.09094130190381733,-0.23727017146841822
2020-05-04,-0.45096037647351994,-0.10382584169073039,-0.2556715124929626
2020-05-05,-0.4208297840258203,-0.07848081317411892,-0.2206645408172594
2020-05-06,-0.41094430116325187,-0.0701738241012313,-0.20886046214580734
2020-05-07,-0.3980568109105639,-0.059917087993718976,-0.1940948721110789
2020-05-08,-0.3886760720414756,-0.0525847937056223,-0.18315736872908583
2020-05-11,-0.3880794111591428,-0.05283912935680912,-0.18365756522091636
2020-05-12,-0.36484075074735445,-0.03588604710004306,-0.15846867202885517
2020-05-13,-0.39471158707382326,-0.05635703019097815,-0.18852194851412774
2020-05-14,-0.42347644266401985,-0.07623443295904364,-0.21735863039981385
2020-05-15,-0.41967678243117146,-0.07280142597338168,-0.21299017940420895
2020-05-18,-0.3785330283055507,-0.04101447873205888,-0.16566694141180083
2020-05-19,-0.36976809406494493,-0.03499613541345825,-0.15708011176365488
2020-05-20,-0.3588635314134133,-0.027367145109319146,-0.14578180533324714
2020-05-21,-0.3470773841422016,-0.01914484671938721,-0.13337406295155996
2020-05-22,-0.3660890669259792,-0.03181733991910507,-0.15242397349646908
2020-05-26,-0.3375446332528368,-0.011007410501897352,-0.12191018288937294
2020-05-27,-0.3612938447157271,-0.030800202578798785,-0.1515207505251046
2020-05-28,-0.3576803830962275,-0.029020048118596486,-0.1485028150040144
2020-05-29,-0.34887638718857195,-0.023637251936800774,-0.13966095867600525
2020-06-01,-0.3317267800675724,-0.014821960599759931,-0.1273521362626141
2020-06-02,-0.3173900846222867,-0.006175639940100841,-0.1142128958502725
2020-06-03,-0.2860604760972204,0.0,-0.10282980985895362
2020-06-04,-0.28528354416877544,0.0,-0.10235606767032845
2020-06-05,-0.28780147635419007,-0.000465502249901939,-0.10430192333981503
2020-06-08,-0.2666622167628093,0.0,-0.08249269616721977
2020-06-09,-0.21651815162556254,0.0,-0.07494575413642612
2020-06-10,-0.18914267478972313,0.0,-0.045701737071710324
2020-06-11,-0.08902871258985878,-0.011793952109735772,-0.06475647681295338
2020-06-12,0.0,-0.02432278546092126,-0.08932449418190391
2020-06-15,-0.08970855169111047,-0.051461337457896716,-0.1314814855553268
2020-06-16,0.0,-0.0051828621372378425,-0.0567545173850349
2020-06-17,0.0,-0.002652613637762813,-0.0522881796070821
2020-06-18,-0.012625435581880895,-0.007182451799168876,-0.05930405684326334
2020-06-19,0.0,0.0,-0.03618756114202093
2020-06-22,-0.03889018422524615,-0.010645093043312293,-0.053424965272068525
2020-06-23,0.0,0.0,-0.02223564978100856
2020-06-24,-0.016487526012962328,-0.0013285334736232723,-0.02485573143853359
2020-06-25,-0.06447578769840612,-0.01847988437251169,-0.05274740120897914
2020-06-26,-0.0443201846823289,-0.010508443726585659,-0.040684960320591324
2020-06-29,-0.09974192268976223,-0.033900121928327254,-0.07925184447401867
2020-06-30,-0.0937433759936227,-0.022626785011920836,-0.0610605353127599
2020-07-01,-0.08570803912332092,-0.0030197643640608174,-0.029129793304187857
2020-07-02,-0.05199929473730558,0.0,0.0
2020-07-06,-0.022565265989553107,0.0,0.0
2020-07-07,-0.006589982694550578,0.0,0.0
2020-07-08,0.0,-0.0005812961161397734,-0.0006136293523333336
2020-07-09,0.0,0.0,0.0
2020-07-10,0.0,0.0,0.0
2020-07-13,-0.05570150777985727,0.0,0.0
2020-07-14,0.0,-0.04113938638374581,-0.0671650236125112
2020-07-15,0.0,-0.019033637698939065,-0.031444162653535224
2020-07-16,-0.04464054410261842,-0.03330893095269183,-0.05448475726941626
2020-07-17,-0.02175416749565806,-0.02742638781152218,-0.04416097769281613
2020-07-20,-0.015127740384279664,-0.025590201001521873,-0.041066424214470376
2020-07-21,0.0,0.0,0.0
2020-07-22,-0.038241762048397465,-0.014493473763700582,-0.024860250225719915
2020-07-23,-0.035349903190079135,-0.014493841233351734,-0.024204210728152487
2020-07-24,-0.13569771588048307,-0.053504463736898544,-0.08872759676217057
2020-07-27,-0.12909788564722458,-0.04150716991398906,-0.06856481439288398
2020-07-28,-0.12637595319308226,-0.0338688140914466,-0.05646087349454787
2020-07-29,-0.12917775672480625,-0.037259519006511255,-0.06315294670574834
2020-07-30,-0.12976984536692082,-0.03971856930345585,-0.06697704518058045
2020-07-31,-0.12357933686997868,-0.00927725735562912,-0.016387621624105786
2020-08-03,-0.12307868302533054,-0.0014902880780254257,-0.0026974037340062873
2020-08-04,-0.12135155133110564,0.0,0.0
2020-08-05,-0.11883118973109474,0.0,0.0
2020-08-06,-0.12010078390647405,-0.00011020229409197668,-0.00017853699590897332
2020-08-07,-0.11439259725574247,0.0,0.0
2020-08-10,-0.14245033399453577,-0.008428633972993316,-0.014535438592465977
2020-08-11,-0.1611418888787579,-0.0181344873198378,-0.03081940238974812
2020-08-12,-0.14325773820372134,-0.024300886097667895,-0.04175687118388216
2020-08-13,-0.1335904168857862,-0.005181336419874283,-0.010458452434632726
2020-08-14,-0.13391470690450702,-0.003502883245505961,-0.007918056859130718
2020-08-17,-0.13724175094660007,-0.0005475124524190189,-0.0026275094030364654
2020-08-18,-0.12767921727965803,0.0,0.0
2020-08-19,-0.1283805360247532,0.0,0.0
2020-08-20,-0.13101916240498512,-0.009535629200887574,-0.016053380737462652
2020-08-21,-0.1146084839241488,0.0,0.0
2020-08-24,-0.08881564867684122,0.0,0.0
2020-08-25,-0.0939922234038909,-0.008484654571749517,-0.01310394062280007
2020-08-26,-0.11219188627087462,0.0,0.0
2020-08-27,-0.0920023899544875,0.0,0.0
2020-08-28,-0.02987678616593059,-0.002184888376600247,-0.00461040435737925
2020-08-31,-0.01905707570963977,0.0,-0.00012421565067355367
2020-09-01,0.0,0.0,0.0
2020-09-02,0.0,0.0,0.0
2020-09-03,0.0,-0.01708105397596371,-0.028265591873983476
2020-09-04,0.0,-0.05843060558095725,-0.09880365720762418
2020-09-08,-0.1221531872965188,-0.10241794035191076,-0.1705916349825808
2020-09-09,-0.08846093833699487,-0.09114078377489021,-0.1552441521819572
2020-09-10,-0.05957925851380497,-0.07366453847414123,-0.1274571317994191
2020-09-11,-0.11585689299379498,-0.09605419384817915,-0.1619480635321895
2020-09-14,-0.10596406858263785,-0.09536142979363416,-0.1619447325627078
2020-09-15,-0.06590007796998032,-0.07996273919728625,-0.13827509153011996
2020-09-16,-0.05514131362094654,-0.07715990300510112,-0.13387934321025996
2020-09-17,-0.16257706011095574,-0.11781708817960768,-0.19709006886028035
2020-09-18,-0.11304014540602492,-0.10383592092465699,-0.17515848822865587
2020-09-21,-0.19951150261826933,-0.13456789916998635,-0.21941718765119622
2020-09-22,-0.15312150510923506,-0.10977129183880374,-0.1797712767028823
2020-09-23,-0.14105142490034928,-0.10264874525613421,-0.16960828215865364
2020-09-24,-0.22809587811265486,-0.13812904573254192,-0.2234255144703271
2020-09-25,-0.2031013114371477,-0.12322443288051221,-0.20184259336313015
2020-09-28,-0.12244216068452562,-0.08804129348307199,-0.1459519574098458
2020-09-29,-0.1130434215971885,-0.08790933169903581,-0.14523982904907262
2020-09-30,-0.11407514674663044,-0.08945897066497,-0.14856934594966498
2020-10-01,-0.06631339027518113,-0.07086160413048337,-0.11862954432319439
2020-10-02,-0.12130876943911495,-0.08988792635738885,-0.14954156024573106
2020-10-05,-0.1149293014371674,-0.08883275671450042,-0.14822223651023037
2020-10-06,-0.07945593485568381,-0.07857748035713208,-0.13349491388869472
2020-10-07,-0.08009638946110242,-0.08372141984561865,-0.14173033279607605
2020-10-08,-0.039621827992770475,-0.06885023813499536,-0.11826760492336441
2020-10-09,-0.019774077202914464,-0.06650913617865395,-0.11427565726783506
2020-10-12,0.0,-0.041976372771283965,-0.07464610089757606
2020-10-13,0.0,-0.022719571974449848,-0.043552990646699596
2020-10-14,-0.0064140749257747265,-0.02614862508782645,-0.04886313592315916
2020-10-15,-0.07951132221121648,-0.05302293638736366,-0.09264258818417237
2020-10-16,-0.02857361719368734,-0.037854380846016666,-0.06729823541436963
2020-10-19,-0.04085921498199252,-0.042174439601957214,-0.07444639808167519
2020-10-20,-0.08577174578514579,-0.06172801699934538,-0.1065543520514487
2020-10-21,-0.08959212093670033,-0.06136496635965616,-0.10615256485787761
2020-10-22,-0.09281945152116478,-0.060112138683779626,-0.10393038871966087
2020-10-23,-0.0980773983065103,-0.06103543967751335,-0.1049838589715526
2020-10-26,-0.12407678587917781,-0.06891638713189074,-0.11822709195735037
2020-10-27,-0.13863897058501584,-0.07181783050406798,-0.12374836814009316
2020-10-28,-0.18410067914256933,-0.08332605228483625,-0.1416890511664637
2020-10-29,-0.22761577823086498,-0.09984612092519718,-0.1698083031241171
2020-10-30,-0.22015964759043372,-0.09542762105460223,-0.16359668089006318
2020-11-02,-0.2272925108706162,-0.10363807648054757,-0.1780226333211532
2020-11-03,-0.22299357374998208,-0.10327560076394837,-0.17728297677090565
2020-11-04,-0.13720661929659417,-0.06492658975805565,-0.11663305116807687
2020-11-05,-0.04632002803291302,-0.03215025697309026,-0.06469332562919561
2020-11-06,-0.034713460103445004,-0.031556719128998933,-0.06394866802083121
2020-11-09,0.0,-0.01856488034786008,-0.043384397387069784
2020-11-10,-0.10909935328075349,-0.0597162589141953,-0.10796099353647581
2020-11-11,-0.11248554029672908,-0.056880494325307285,-0.10453241239675382
2020-11-12,-0.08766526798504748,-0.041283959481946186,-0.07961641757070748
2020-11-13,-0.09441892177267341,-0.04322949267295895,-0.08346942295465998
2020-11-16,-0.0819475501647483,-0.04174540300868479,-0.07996300042221938
2020-11-17,-0.05985761882065488,-0.032578608047831636,-0.06537657940087738
2020-11-18,-0.08949111868196125,-0.038184248119854325,-0.07441908350107684
2020-11-19,-0.11353414565350706,-0.04530668341866495,-0.08643515251112743
2020-11-20,-0.08412510728716749,-0.03620583808508249,-0.07143923067983304
2020-11-23,-0.09066621119035301,-0.039140695202020015,-0.07583933180589397
2020-11-24,-0.09001994387564183,-0.038876906947185486,-0.07583837145678962
2020-11-25,-0.08789608674205585,-0.02542324025922449,-0.054650840862569994
2020-11-27,-0.09792222187327748,-0.01638838645221108,-0.03939744942440626
2020-11-30,-0.08298531786794405,-0.012992071771097957,-0.03353437894556577
2020-12-01,-0.06882897936635912,-0.004319631912261479,-0.019402574150802043
2020-12-02,-0.06007506273418606,-0.003396304018155716,-0.017959091395371662
2020-12-03,-0.06374788510121876,0.0,-0.007393097025715001
2020-12-04,-0.05736911295930458,0.0,-0.006337113324679899
2020-12-07,-0.040679072770526736,0.0,0.0
2020-12-08,-0.03558682388304735,0.0,0.0
2020-12-09,-0.06778936759094167,0.0,0.0
2020-12-10,-0.009063667858615787,-0.02876075714362758,-0.04881988234980361
2020-12-11,-0.0036359530991324496,-0.023567090732012796,-0.03986163562776612
2020-12-14,0.0,-0.01619817907165566,-0.02766000842997407
2020-12-15,0.0,-0.005518706327127698,-0.009602084831210833
2020-12-16,0.0,-0.001201353288271867,-0.002310963498070029
2020-12-17,0.0,0.0,0.0
2020-12-18,0.0,0.0,0.0
2020-12-21,0.0,-0.014902948438813235,-0.025504176830020486
2020-12-22,-0.0024845525506851374,-0.0040056208477057265,-0.006845424844633796
2020-12-23,-0.0010921820345829447,-0.004134384441436878,-0.007679396863529364
2020-12-24,-0.012882044055749775,-0.008441924836479764,-0.014522819274714549
2020-12-28,0.0,0.0,0.0
2020-12-29,0.0,0.0,0.0
2020-12-30,0.0,0.0,0.0
2020-12-31,-0.0011496364769412182,-0.004106398348118656,-0.006771759918202891
2021-01-04,0.0,0.0,0.0
2021-01-05,0.0,-0.02164402284853484,-0.03633510390232819
2021-01-06,-0.003035998866968259,-0.025737794113859347,-0.04388021935981923
2021-01-07,-0.021862466015623028,-0.015328147219136223,-0.026438102028710553
2021-01-08,0.0,0.0,0.0
2021-01-11,0.0,-0.004285793087535517,-0.00756249535250364
2021-01-12,-0.0051255098315891034,-0.009075655769722024,-0.015749672778258228
2021-01-13,-0.015884982731263597,-0.009926665410008417,-0.017433473004318967
2021-01-14,-0.03185440149017349,-0.002646850628653663,-0.005382751363882554
2021-01-15,-0.007766825486061002,-0.010115798715740199,-0.017812377028476267
2021-01-19,-0.021836189251828175,-0.009737767643695938,-0.017685416682459376
2021-01-20,-0.006491265038907068,0.0,0.0
2021-01-21,-0.007864065223234351,0.0,0.0
2021-01-22,0.0,0.0,0.0
2021-01-25,0.0,0.0,0.0
2021-01-26,-0.0023060446552656266,-0.00018241146173514355,-0.00021765524440520156
2021-01-27,-0.016699307303725153,-0.008057125065566217,-0.01365781527534049
2021-01-28,0.0,-0.02505348179604694,-0.04330704648181738
2021-01-29,-0.004456799423133817,-0.028367463263803905,-0.04890511731744951
2021-02-01,-0.016268602894808804,-0.03283721080183288,-0.056572145074907265
2021-02-02,0.0,-0.010428938055185744,-0.02034526324624486
2021-02-03,0.0,0.0,0.0
2021-02-04,-0.02913561570566381,-0.006064478095310966,-0.010307633198388455
2021-02-05,0.0,0.0,0.0
2021-02-08,0.0,0.0,0.0
2021-02-09,0.0,-0.001441006143740875,-0.002543207583511231
2021-02-10,0.0,0.0,0.0
2021-02-11,0.0,-0.00196997591719128,-0.0032302012013302184
2021-02-12,0.0,-0.0038209122080863356,-0.006259541857569051
2021-02-16,0.0,0.0,0.0
2021-02-17,-0.02710030476390024,-0.01423238774224067,-0.024162505322790073
2021-02-18,-0.040001066282956854,-0.020874179141253113,-0.03546139592782738
2021-02-19,-0.036958795838381686,-0.010110936705476914,-0.016659600381900508
2021-02-22,-0.04920780014384418,-0.03193396508408897,-0.05342437516380094
2021-02-23,-0.08871891904975049,-0.06010218565586656,-0.10017341382203648
2021-02-24,-0.0928401192171946,-0.05494310112659784,-0.09206286158287713
2021-02-25,-0.09699669493673391,-0.0470855577199083,-0.07893151012603272
2021-02-26,-0.09078341304789994,-0.06351214959268359,-0.10748720733780692
2021-03-01,-0.08352992048297947,-0.053371395381232145,-0.09087005648163027
2021-03-02,-0.07490460897452278,-0.038605182591989196,-0.0678071154028066
2021-03-03,-0.1348228307087822,-0.05930173994383403,-0.10123090453390049
2021-03-04,-0.18205738085452183,-0.08447575874201263,-0.14249063080191138
2021-03-05,-0.20242775004652935,-0.09034637917330357,-0.15221488634503377
2021-03-08,-0.19576722767096744,-0.08643261103853028,-0.14643475376141502
2021-03-09,-0.21047446892981903,-0.08835993816428511,-0.15114006956761594
2021-03-10,-0.16873032615579264,-0.06259318533150415,-0.11154175294437652
2021-03-11,-0.17433900483344522,-0.06374956901985052,-0.11289553601776792
2021-03-12,-0.187575821441899,-0.06941284666176917,-0.12334485687496399
2021-03-15,-0.17592030559963157,-0.06369023944136853,-0.11399888526049717
2021-03-16,-0.1738473300495359,-0.04797520009252665,-0.0883930201512998
2021-03-17,-0.185763966827732,-0.05876791088180111,-0.10621862762377055
2021-03-18,-0.1858575459625028,-0.06048790404280702,-0.10908554297876538
2021-03-19,-0.1946122086257317,-0.07531343516439126,-0.1336559582495217
2021-03-22,-0.18905773151890415,-0.06422966336944536,-0.11615162989210148
2021-03-23,-0.166967368040856,-0.050810489971989004,-0.0948252092915367
2021-03-24,-0.184277406579907,-0.054076100871131905,-0.10017595640662524
2021-03-25,-0.23234057099143934,-0.07978626030108671,-0.1408827734635868
2021-03-26,-0.21129027057874028,-0.07640164642347924,-0.13565596971376004
2021-03-29,-0.16485700131296088,-0.06351693113424106,-0.11530825881918894
2021-03-30,-0.17847683904758138,-0.06814860337001749,-0.1226391809480627
2021-03-31,-0.18054958951765043,-0.061409043623734005,-0.11211937482913092
2021-04-01,-0.12691087415988545,-0.04089426911717786,-0.07897498162312766
2021-04-05,-0.07691005413425034,-0.028840982873961418,-0.059289404515880384
2021-04-06,-0.06327366675738388,-0.018153134336729493,-0.04219412993995242
2021-04-07,-0.06723325330867147,-0.019340642477881698,-0.04396143106511541
2021-04-08,-0.06250029216882402,-0.00678248618723909,-0.02310518185331978
2021-04-09,-0.07357783447409039,-0.009394910187076722,-0.027854729481904705
2021-04-12,-0.07179331830036817,-0.002388558426424714,-0.015781142838419804
2021-04-13,-0.08361332070744776,0.0,-0.0048693910390594786
2021-04-14,-0.08152571573258705,0.0,0.0
2021-04-15,-0.09018897928065428,-0.004048621429463495,-0.007264756327777122
2021-04-16,-0.09221861134439369,0.0,0.0
2021-04-19,-0.10162586577471999,-0.00514398375611913,-0.008913739430136958
2021-04-20,-0.07555535862122797,-0.01154506666413413,-0.019623407888392008
2021-04-21,-0.07158991797502956,-0.020635015307527316,-0.03530905480937718
2021-04-22,-0.06497790446394713,-0.009528201694653515,-0.0162048236999931
2021-04-23,-0.07008974035889903,-0.018413520680299222,-0.0313423206472937
2021-04-26,-0.06465016003339508,-0.007248350804106352,-0.012704722314239691
2021-04-27,-0.035707141534266684,-0.0006429446742248768,-0.0016511766364805114
2021-04-28,-0.0608616658418587,-0.006839309006724914,-0.012210316000198396
2021-04-29,-0.05795250093844706,0.0,0.0
2021-04-30,-0.06648366069981249,-0.013640716633371297,-0.023157210944319773
2021-05-03,-0.0649476769637719,-0.009171607864218112,-0.015573557750300226
2021-05-04,-0.07320517792081349,-0.02573340115080447,-0.04281631228560112
2021-05-05,-0.0762350422665099,-0.029559830394959463,-0.05021098369108057
2021-05-06,-0.08007028604548638,-0.03975386238383005,-0.06693553302264899
2021-05-07,-0.05832145563544511,-0.023367309776610612,-0.039665949090633035
2021-05-10,-0.09002833767025775,-0.028011800387557906,-0.047413765803203
2021-05-11,-0.11305097868150094,-0.06621722772390615,-0.11010615661372902
2021-05-12,-0.08449261468290437,-0.06466927091295838,-0.10771287476794333
2021-05-13,-0.08836021004855199,-0.06557471110730417,-0.11004641769516421
2021-05-14,-0.08363584098863652,-0.05774664275894825,-0.09735714433120812
2021-05-17,-0.08076116072716677,-0.05181732285150087,-0.08838170237196707
2021-05-18,-0.07895720411888374,-0.0495971560484465,-0.08455591654085048
2021-05-19,-0.09663211971679464,-0.0750969024138507,-0.12575739586060564
2021-05-20,-0.07887665092785501,-0.0533071101721575,-0.08947678625986966
2021-05-21,-0.064128981752687,-0.03487581786920557,-0.059479335831044144
2021-05-24,-0.06661378064706647,-0.03797197353822501,-0.0647809954695101
2021-05-25,-0.053405132209848216,-0.024243527825185796,-0.04219901314062002
2021-05-26,-0.05380561393591965,-0.025441166200677823,-0.04425933042254182
2021-05-27,-0.05569922361175639,-0.02541209538923861,-0.04420621768317856
2021-05-28,-0.04773257360968031,-0.024097730379517568,-0.04203726250795525
2021-06-01,-0.03698737859692325,-0.020651179812347875,-0.036386333982694974
2021-06-02,-0.04038045972666959,-0.026638897475389167,-0.04637896438442479
2021-06-03,-0.04397440835132571,-0.03452536743489598,-0.05942142547359497
2021-06-04,-0.0431805069302571,-0.030728243465457772,-0.05331494903753542
2021-06-07,-0.03831797415348703,-0.021381174266182912,-0.03839018813557382
2021-06-08,-0.03258383419390376,-0.011596191008256596,-0.02179718940972397
2021-06-09,-0.03359050068521863,-0.012268011355090702,-0.022941336669335843
2021-06-10,-0.03599255553264791,-0.01513049799989663,-0.027783452984188606
2021-06-11,-0.030488415517847867,-0.005871184429888321,-0.012161642678826468
2021-06-14,-0.017591610935252633,-0.00201557937467578,-0.005862791866632966
2021-06-15,0.0,0.0,0.0
2021-06-16,-0.009520020239348836,-0.004097101412765758,-0.007083468284633687
2021-06-17,-0.03775935200420122,-0.012146389500572563,-0.02061625589948357
2021-06-18,-0.017321886828885025,-0.0015109535044250944,-0.002883434870368018
2021-06-21,-0.034803821310696814,-0.003843703461146375,-0.0068385557773195105
2021-06-22,-0.021169291142507207,0.0,0.0
2021-06-23,0.0,0.0,0.0
2021-06-24,0.0,0.0,0.0
2021-06-25,0.0,0.0,0.0
2021-06-28,0.0,0.0,0.0
2021-06-29,0.0,0.0,0.0
2021-06-30,0.0,0.0,0.0
2021-07-01,-0.022252274243083292,-0.0021420297875649474,-0.00373544624996891
2021-07-02,-0.0434068195602616,0.0,0.0
2021-07-06,-0.03437328258057071,0.0,0.0
2021-07-07,-0.01881948457981608,0.0,0.0
2021-07-08,0.0,-0.018513517439723626,-0.031219619835179624
2021-07-09,-0.04018973884682853,-0.011809098782414429,-0.01972555054671865
2021-07-12,-0.06738907037992581,-1.3072242599498907e-07,0.0
2021-07-13,-0.07337811660274496,-0.0011589880400499908,-0.001819401136271881
2021-07-14,-0.08261214126991623,0.0,0.0
2021-07-15,-0.06413674243257483,-0.005070866013429098,-0.008287376771684452
2021-07-16,-0.08768306629441192,-0.009401641010323258,-0.01577258061036413
2021-07-19,-0.09849837330276123,-0.02954883594402058,-0.04954627680100265
2021-07-20,-0.08000264486929243,-0.025217936205381153,-0.04233967569639574
2021-07-21,-0.053495899567477134,-0.017762183557733846,-0.02972408183557662
2021-07-22,-0.020228948134243474,-0.008387494076276258,-0.014316557196832669
2021-07-23,-0.0010572476386253582,0.0,0.0
2021-07-26,-0.0006146858418071277,0.0,0.0
2021-07-27,-0.005638488918695783,0.0,0.0
2021-07-28,-0.006856279399865661,-0.00711555654976892,-0.012302480799956439
2021-07-29,0.0,-0.008066245278912865,-0.01389114354712151
2021-07-30,-0.005333356830391933,-0.015697802584119347,-0.026996897360285876
2021-08-02,0.0,-0.005268826066766152,-0.00927484721281524
2021-08-03,-0.006149148003597449,-0.007984594517773336,-0.01386545214172552
2021-08-04,0.0,-0.00393803166626161,-0.0069563305313870005
2021-08-05,0.0,-0.0001088181980886116,-0.0008335351124676427
2021-08-06,-0.010884763280308407,0.0,0.0
2021-08-09,-0.004881524403965387,0.0,0.0
2021-08-10,-0.005783797388003498,0.0,0.0
2021-08-11,-0.019756795613865008,-0.003033201083702197,-0.005224341699370472
2021-08-12,-0.04016867501930055,-0.009668311028832366,-0.016335374764992472
2021-08-13,-0.03609007887194948,-0.003710177398071557,-0.006463799801847081
2021-08-16,-0.020702347367202,-0.004306095470954063,-0.0074541316824676684
2021-08-17,-0.033150498327742195,-0.008422523174355767,-0.014612831818246574
2021-08-18,-0.04893604831129528,-0.011049479534190887,-0.01923136171316009
2021-08-19,-0.0875431507835509,-0.024482412225032335,-0.0416175133999922
2021-08-20,-0.05437254261103608,-0.011374631487738984,-0.019470890083550074
2021-08-23,-0.026090326791231133,-0.0012459906277964006,-0.0024205089218264364
2021-08-24,0.0,0.0,0.0
2021-08-25,0.0,0.0,0.0
2021-08-26,-0.0010505919537022734,-0.0018953653165445505,-0.003238635319521954
2021-08-27,-0.0033268656588089085,-0.004164398636925859,-0.0071187591400638794
2021-08-30,0.0,0.0,0.0
2021-08-31,0.0,0.0,0.0
2021-09-01,-0.01458501122347855,0.0,0.0
2021-09-02,-0.01694335018920734,0.0,0.0
2021-09-03,0.0,-0.007199719973976948,-0.012122664728601462
2021-09-07,0.0,-0.000759140081886045,-0.0013930797646781734
2021-09-08,0.0,-0.0001044600454179756,-0.00042183637770587534
2021-09-09,-0.009776795766985868,-0.0025132892402649487,-0.004451913817804631
2021-09-10,0.0,-0.0019373871361694217,-0.0034409954656245967
2021-09-13,-0.003244168105284717,-0.007802086577213596,-0.013576797901314053
2021-09-14,-0.003469473114939059,-0.010760516481581495,-0.018628663281140323
2021-09-15,-0.014592649952542724,-0.01633682671502601,-0.02793995107053293
2021-09-16,-0.016405785545232976,-0.013849897644376052,-0.02389914419847372
2021-09-17,-0.006128190075233797,-0.010865086721495665,-0.018769386369050678
2021-09-20,-0.0821546005635082,-0.036922068572290634,-0.06223172982104608
2021-09-21,-0.08252551274231379,-0.036607374310390184,-0.06238831247044119
2021-09-22,-0.0817848833698297,-0.0378917519234534,-0.06442928001614023
2021-09-23,-0.060657045031444645,-0.028272480433742753,-0.04851056196499226
2021-09-24,-0.06093592045060814,-0.02856106955672899,-0.04924797044556006
2021-09-27,-0.06349867275492915,-0.029740354225907595,-0.05122814473255166
2021-09-28,-0.07281205782103384,-0.04161351889629428,-0.07095497479664414
2021-09-29,-0.08135414567416588,-0.053407641425385566,-0.09144229385895564
2021-09-30,-0.08403998068241758,-0.053932196493468254,-0.09216630334435905
2021-10-01,-0.09375972564688706,-0.06014398348390626,-0.10235411885742474
2021-10-04,-0.09893209101672062,-0.060353710787942605,-0.10296218073527097
2021-10-05,-0.1226129797671629,-0.07296059532418131,-0.12381181276322573
2021-10-06,-0.12223589773717758,-0.071990944590405,-0.12261131027949002
2021-10-07,-0.0631255517946343,-0.04913555867338559,-0.0851613542385471
2021-10-08,-0.058130346629127194,-0.04578097399054393,-0.07974997805370243
2021-10-11,-0.09175156632984782,-0.057575444952695176,-0.09894885642033069
2021-10-12,-0.09067191536751273,-0.05678907272292366,-0.09769083979338711
2021-10-13,-0.09101474630136142,-0.05775876309714789,-0.09927107243679756
2021-10-14,-0.0845040431398103,-0.04680298370317748,-0.08170270933251866
2021-10-15,-0.0775654039475826,-0.035821063150911825,-0.06374803297320708
2021-10-18,-0.08557867755126769,-0.03652872007939689,-0.06512618675496651
2021-10-19,-0.04670925323279851,-0.020435974624257502,-0.03833676021699628
2021-10-20,-0.030755794800468306,-0.014696035664777507,-0.028871734155715867
2021-10-21,-0.04361259926556982,-0.019361427386589525,-0.036734883237124705
2021-10-22,-0.02541584410874942,-0.01459116928115567,-0.02890153163787723
2021-10-25,-0.02419866836498763,-0.01569197291079516,-0.03074098783633228
2021-10-26,-0.011717827047780238,-0.0034519109247945767,-0.010270463412475284
2021-10-27,-0.012777840093393111,-0.0051555435223585855,-0.01314438133571283
2021-10-28,0.0,0.0,-0.002723667301927968
2021-10-29,-6.950590508725263e-05,-0.002330263679230171,-0.006934966128523068
2021-11-01,0.0,0.0,0.0
2021-11-02,0.0,0.0,0.0
2021-11-03,-0.01702721823945874,0.0,0.0
2021-11-04,-0.05047069335668941,0.0,0.0
2021-11-05,-0.041047277173991814,0.0,0.0
2021-11-08,-0.020371352683306587,-0.003674840632936438,-0.006440036128452009
2021-11-09,-0.002735681536239598,-0.0021998708944774847,-0.003963271853724359
2021-11-10,0.0,-0.01892376044530064,-0.0320834080920982
2021-11-11,-0.020398201831721807,-0.018673819684314252,-0.0319817854845581
2021-11-12,-0.015638299561240077,-0.020673766173135766,-0.03515023630313652
2021-11-15,-0.006122936308945337,-0.010324355782113992,-0.0179188911980821
2021-11-16,-0.01663253166388956,-0.015449107770387993,-0.02665628659189112
2021-11-17,0.0,-0.00572469012096799,-0.010141040392942946
2021-11-18,0.0,-0.0007749415256450565,-0.0019542261453773246
2021-11-19,0.0,0.0,0.0
2021-11-22,-0.006710093603808587,0.0,0.0
2021-11-23,0.0,-0.018394466051210534,-0.03110738365255461
2021-11-24,-0.01793860643658929,-0.026235380208932346,-0.04452420442486216
2021-11-26,-0.017073257877790127,-0.023325899825236918,-0.0397090929671573
2021-11-29,-0.017475883785948776,-0.023868558344339652,-0.04159980504321681
2021-11-30,-0.01062608858872982,-0.016742088476211614,-0.03022981383718637
2021-12-01,-0.0015826121203599275,-0.01797525082926854,-0.032885358954446
2021-12-02,-0.08341616084200132,-0.04874760945298873,-0.0830072108797737
2021-12-03,-0.034378028959306195,-0.035161523966908526,-0.06072433429518653
2021-12-06,-0.08447489897410987,-0.054098208546480064,-0.09203327813400175
2021-12-07,-0.024052034617286,-0.030920546152904294,-0.05384144529230317
2021-12-08,0.0,-0.018246715617196707,-0.0335608436254643
2021-12-09,-0.0029947700895353035,-0.01780264191696279,-0.03271238297555945
2021-12-10,-0.0080696782219295,-0.02206841101451873,-0.04047167909463589
2021-12-13,-0.00611343859513247,-0.01866564072503063,-0.034894547227723116
2021-12-14,-0.08618922813684537,-0.04504917310537593,-0.07850061779048512
2021-12-15,-0.07659337163401114,-0.04347099024122614,-0.07565438631532662
2021-12-16,-0.003788679684229357,-0.01856723559258533,-0.03493029307768114
2021-12-17,-0.06053928490039473,-0.05483812762953988,-0.09447471623688442
2021-12-20,-0.041000384031072534,-0.06291377493556383,-0.10761215215705922
2021-12-21,-0.03415174692715184,-0.051853267445882145,-0.08969157809208428
2021-12-22,-0.0274670220399027,-0.03985459052995344,-0.07107493415131783
2021-12-23,0.0,-0.026522479474926475,-0.048781667113591
2021-12-27,0.0,-0.016795080997878742,-0.03242809355081877
2021-12-28,0.0,-0.0016112911329274615,-0.007263941737501778
2021-12-29,-0.02588648648199332,-0.008153950226599482,-0.018371572100862266
2021-12-30,-0.03785637930008068,-0.009190939834519352,-0.020124800382233077
2021-12-31,-0.05039654899259971,-0.013313767423677958,-0.027083991975787813
2022-01-03,-0.05131814278492519,-0.01481992011593214,-0.029697733163594697
2022-01-04,-0.03840991865772059,-0.00694427411339027,-0.01659466019692679
2022-01-05,-0.07145893381951662,-0.025461068261673048,-0.04724816946375532
2022-01-06,-0.07930783725028334,-0.05587747634307483,-0.09829612646200403
2022-01-07,-0.07548454103806468,-0.0519029046779792,-0.09179759418285849
2022-01-10,-0.0976441128949862,-0.07464114918455855,-0.1282670379232731
2022-01-11,-0.10201063773391517,-0.06343250685727653,-0.11013103376411815
2022-01-12,-0.08533323930526049,-0.04096556073723345,-0.0730811529952432
2022-01-13,-0.08291871282035324,-0.04020002316030247,-0.07209093054115356
2022-01-14,-0.10927185163464748,-0.07402408648794245,-0.12691315460291896
2022-01-18,-0.09896937133186168,-0.07656686514453359,-0.13120484760510553
2022-01-19,-0.10528865957939026,-0.08123308119222217,-0.13932771031254354
2022-01-20,-0.10829610313570837,-0.08705959360932747,-0.14903024497348938
2022-01-21,-0.11460881767401421,-0.11253853107190448,-0.18847996652482923
2022-01-24,-0.09322863325613362,-0.14601671389971427,-0.2398444619691763
2022-01-25,-0.08652536466035754,-0.14414048706690663,-0.23744328590750008
2022-01-26,-0.05350558046215104,-0.12873456957787477,-0.2147829126924018
2022-01-27,-0.06502556866545739,-0.13740016757296358,-0.22719814532448923
2022-01-28,-0.12075898915465799,-0.15312717941987686,-0.25091621249627605
2022-01-31,-0.07582024198270498,-0.12801847477562867,-0.21324927209215871
2022-02-01,-0.08023303449823682,-0.10029288095513633,-0.1712906636967334
2022-02-02,-0.10424098281400451,-0.0871336881670105,-0.15022748267213137
2022-02-03,-0.07848823861749465,-0.11485934372140638,-0.19379730571770637
2022-02-04,-0.06862573150285334,-0.1258459181786521,-0.2126681346183491
2022-02-07,-0.09110022954262964,-0.11463723717869068,-0.19540508934902112
2022-02-08,-0.0718570706217948,-0.12614231967215617,-0.21292780967993774
2022-02-09,-0.11900163406007036,-0.10194713313416648,-0.17555596192442935
2022-02-10,-0.10638621793609748,-0.11241505125996198,-0.1926315219445227
2022-02-11,-0.10972338504519341,-0.11510610034584501,-0.19671725336212798
2022-02-14,-0.051879373126464956,-0.144584964698538,-0.24225126249380136
2022-02-15,-0.08600443554279624,-0.12873449995516784,-0.21846909222245814
2022-02-16,-0.09233221970586913,-0.12648796955416686,-0.21497589619041557
2022-02-17,-0.08636039270698492,-0.12915430672152428,-0.2199540556373919
2022-02-18,-0.056955235655665515,-0.14478234219758335,-0.24418684187655793
2022-02-22,-0.015082217931190911,-0.16433586982370607,-0.2730918838279369
2022-02-23,-0.03110745091757794,-0.15734908690967742,-0.263011235763
2022-02-24,0.0,-0.21284952571265048,-0.3418303847485096
2022-02-25,-0.09511687647813094,-0.1573735477594035,-0.2572948616832752
2022-02-28,-0.1010641295800413,-0.1544110930797027,-0.2534144286655672
2022-03-01,-0.1148224676775218,-0.14641180967965217,-0.2411731592049159
2022-03-02,-0.10618427400091168,-0.15300363317346277,-0.25152507931699475
2022-03-03,-0.11565952640535249,-0.13609177410787698,-0.2257455979217181
2022-03-04,-0.06320738112746294,-0.1610031703417354,-0.2631364160695375
2022-03-07,-0.05146110802747417,-0.1672985060485196,-0.27264060420063885
2022-03-08,-0.01548640892807529,-0.199986791268021,-0.3211998008994281
2022-03-09,-0.04549815738108476,-0.1809763623971501,-0.2938886459415929
2022-03-10,-0.046817074824041516,-0.18327232402022886,-0.29829313134002833
2022-03-11,-0.06208746908796048,-0.17463118749844597,-0.2855398618664866
2022-03-14,-0.01497661975590292,-0.2022581952783976,-0.3251159334140613
2022-03-15,-0.005374193034762276,-0.20781296748300992,-0.33371238548385207
2022-03-16,-0.06052132446322778,-0.1799393583414386,-0.2940853011415505
2022-03-17,-0.08895710359154363,-0.16463218549603065,-0.2725615762543071
2022-03-18,-0.08695934062560762,-0.15384321065085427,-0.25636374583215193
2022-03-21,-0.08421404307669744,-0.13435631306062357,-0.22738959606396758
2022-03-22,-0.08661718972921162,-0.13339210173054372,-0.22564594845495745
2022-03-23,-0.08594527369241722,-0.12493818355125885,-0.21332402245116366
2022-03-24,-0.08466384910927582,-0.12545733801622694,-0.21438160459854227
2022-03-25,-0.09563168992460214,-0.11114480524945991,-0.19303379731929138
2022-03-28,-0.093540372804788,-0.11176284426945537,-0.19397994259665885
2022-03-29,-0.09690787259245293,-0.08813095911986635,-0.1570700950362115
2022-03-30,-0.09811071764076162,-0.08719175483101638,-0.1558224738606231
2022-03-31,-0.10144796144379864,-0.09223439291484914,-0.16388502741361022
2022-04-01,-0.09906327133924131,-0.10318521198942843,-0.1811511674841657
2022-04-04,-0.09219168433067304,-0.10343227129392107,-0.18153147200859754
2022-04-05,-0.09554061578314188,-0.0908253233855909,-0.16214453138241536
2022-04-06,-0.08335468234623333,-0.12088448342599545,-0.20898694458714562
2022-04-07,-0.08083942185594517,-0.1293134765706515,-0.22198434477302897
2022-04-08,-0.08124142720736449,-0.12911581902938607,-0.2220607003521553
2022-04-11,-0.07808144962178454,-0.14768027998459043,-0.25012684277239616
2022-04-12,-0.08369896795153642,-0.14533170189505473,-0.2473066656157753
2022-04-13,-0.052787231190717376,-0.16006464779251206,-0.26856296661837453
2022-04-14,-0.08911382728881811,-0.14365069891105242,-0.2445582950916706
2022-04-18,-0.03582574725009613,-0.16612070086049635,-0.27807418073554757
2022-04-19,-0.0481621041421848,-0.16443993677789648,-0.275778663744905
2022-04-20,-0.0944788199409774,-0.14204406171801076,-0.24205479758862858
2022-04-21,-0.08594315928448304,-0.14674088502555194,-0.24994785094077177
2022-04-22,-0.006527836949644872,-0.17363541129045867,-0.2892500803685487
2022-04-25,0.0,-0.19978846585961973,-0.32714369519799136
2022-04-26,-0.021001131770836512,-0.19054364068920626,-0.313965888957059
2022-04-27,0.0,-0.21583161637531212,-0.3512592801217779
2022-04-28,-0.03002509525911068,-0.20443604551333638,-0.33526836496234325
2022-04-29,-0.045346029432877355,-0.19986284330277115,-0.32996687356096555
2022-05-02,0.0,-0.22673283021586044,-0.3688729076798678
2022-05-03,-0.0335638146405135,-0.2127169135543634,-0.3497299951935252
2022-05-04,-0.03944671687014978,-0.21071464236606552,-0.34682904655310565
2022-05-05,-0.07760571520088522,-0.19622900175141322,-0.3274977932814709
2022-05-06,-0.007047466372219646,-0.23138001957130272,-0.3784079604880818
2022-05-09,0.0,-0.2498453813860375,-0.4037909134591796
2022-05-10,-0.007541530148410525,-0.24729931912383218,-0.40212466665192026
2022-05-11,0.0,-0.26230418643688114,-0.4214852332913065
2022-05-12,0.0,-0.2894707115773062,-0.4578293811132246
2022-05-13,0.0,-0.26902780236080825,-0.4307228558496927
2022-05-16,-0.022708759267530576,-0.2580772609084042,-0.4168714344716996
2022-05-17,-0.042045485835301544,-0.24744767027474046,-0.4030675196760123
2022-05-18,-0.02637232074481588,-0.2546410072814531,-0.4131800980049265
2022-05-19,0.0,-0.28492243930251215,-0.4546165132960923
2022-05-20,-0.02808210187568483,-0.2754301499284648,-0.4421560347664023
2022-05-23,-0.004510780655073154,-0.28378525047212055,-0.4531713375829539
2022-05-24,0.0,-0.28778982283740273,-0.45876907295799374
2022-05-25,0.0,-0.2937720543118155,-0.4667844912122411
2022-05-26,-0.02251149348992154,-0.28207966146071184,-0.4516959420201486
2022-05-27,-0.02413083438875141,-0.2521691452526772,-0.412075377738345
2022-05-31,-0.01993930612081396,-0.23602739368368397,-0.3907610848823637
2022-06-01,-0.01109092514085841,-0.23256675430296736,-0.3865031477546438
2022-06-02,-0.03102186692204434,-0.2464589800334599,-0.4049590939982485
2022-06-03,-0.03270104663848916,-0.23612633272128802,-0.39206575497621465
2022-06-06,-0.028275637148689525,-0.23187445776470839,-0.38705095974210957
2022-06-07,-0.030865376170260195,-0.24902990809153847,-0.4097756572884318
2022-06-08,-0.029754051682452265,-0.23607689358777617,-0.3920999759436271
2022-06-09,-0.041954593943883456,-0.24383874331581146,-0.4026108024525409
2022-06-10,-0.04640535200373186,-0.2741449231497839,-0.4428272506209031
2022-06-13,0.0,-0.30850491941378766,-0.48738615156437815
2022-06-14,0.0,-0.3136711280826642,-0.49491732039443004
2022-06-15,-0.009738239541559501,-0.3093204064903533,-0.48982311715154303
2022-06-16,0.0,-0.3187881155200468,-0.5026734480664913
2022-06-17,0.0,-0.3272174103654223,-0.5139441537116199
2022-06-21,-0.033736602758252965,-0.30965222764899625,-0.49207136229431825
2022-06-22,-0.031092089079422847,-0.31022197378150007,-0.4933912426904592
2022-06-23,-0.053704679410646494,-0.2986061517461528,-0.47849197686628364
2022-06-24,-0.07313688024262321,-0.28738683870879034,-0.4646207756891908
2022-06-27,-0.08315881924897695,-0.2669293309691402,-0.4385662061122647
2022-06-28,-0.08408853882062572,-0.27435924266645284,-0.4485442809509673
2022-06-29,-0.06697041207456356,-0.2981357259553673,-0.4790377867346465
2022-06-30,-0.06346021910427302,-0.30469879338070593,-0.48760687984901074
2022-07-01,-0.062411157494048686,-0.3091568071434089,-0.4931492205411214
2022-07-05,-0.07262730354691804,-0.3107420652186489,-0.49542028935561233
2022-07-06,-0.04761201229350709,-0.2883527134077576,-0.46659023356740237
2022-07-07,-0.03530954579596135,-0.2827059878784761,-0.4594246319862021
2022-07-08,-0.025193517987408542,-0.2766379494444198,-0.45233033033734604
2022-07-11,-0.02171257180407482,-0.274656550397972,-0.4498769333818682
2022-07-12,-0.029822527746155236,-0.2809968001039128,-0.4585748105426868
2022-07-13,-0.08273306337867414,-0.30507045298841073,-0.4887365496583779
2022-07-14,-0.0663935021074804,-0.29915103050691505,-0.4810677314197046
2022-07-15,-0.05959906941107096,-0.2824580068595064,-0.4594269271329222
2022-07-18,-0.032930453994966635,-0.270099573169709,-0.4437591420728574
2022-07-19,-0.041553082960052334,-0.2740868678358701,-0.44899540142050376
2022-07-20,-0.012653259436121167,-0.2601679160881796,-0.4316172330620207
2022-07-21,0.0,-0.24835411810788055,-0.41643253534792724
2022-07-22,0.0,-0.24109741409140661,-0.4068308656979329
2022-07-25,-0.028445337684475325,-0.2520196804969511,-0.4214763017911425
2022-07-26,-0.04536981240912641,-0.26066323815267123,-0.4330073746784763
2022-07-27,-0.04167706039289942,-0.2594001284196804,-0.43175085447408557
2022-07-28,-0.0006760120263299418,-0.2407011182785015,-0.40832105234777993
2022-07-29,0.0,-0.22881276220094038,-0.39246140481253233
2022-08-01,0.0,-0.22321565535369803,-0.3854457292631358
2022-08-02,-0.004123330757468513,-0.22502358909358777,-0.3879775819049751
2022-08-03,0.0,-0.21727173630368302,-0.37719737250593366
2022-08-04,0.0,-0.20013287455916207,-0.35467277547731835
2022-08-05,-0.021224878745148112,-0.2094948067447766,-0.36756653867485034
2022-08-08,-0.024163380065085782,-0.2008263006519787,-0.35533340213214726
2022-08-09,-0.0477976073789147,-0.21053481444808142,-0.36886158354210197
2022-08-10,-0.02305891285857986,-0.1961206391712338,-0.3494407776987697
2022-08-11,-0.0015759192228944618,-0.18690742142870298,-0.33728473266603654
2022-08-12,-0.011645134888768394,-0.19218264151742204,-0.3446100513425179
2022-08-15,0.0,-0.18415817071821738,-0.33389703681666205
2022-08-16,-0.004178037233844689,-0.17761992844498653,-0.3247549134392622
2022-08-17,-0.005669155368676959,-0.18502509516380872,-0.3351555072299367
2022-08-18,-0.012372907047447423,-0.18658539867632884,-0.33764617208844694
2022-08-19,-0.016045767973012715,-0.19220738511909352,-0.3454840875442623
2022-08-22,-0.005972025339365583,-0.21120365467791624,-0.37175928608742737
2022-08-23,-0.03557799711261089,-0.2220516285752825,-0.3870790856379679
2022-08-24,-0.03357656951676191,-0.22331483121083184,-0.38845155937017484
2022-08-25,-0.05182836135241842,-0.2153399428490297,-0.37791900838560133
2022-08-26,-0.07048835805804898,-0.20679531365182657,-0.3665668159915446
2022-08-29,-0.01685920364946414,-0.24558026179702708,-0.4187622084202106
2022-08-30,-0.02660260826398475,-0.2419146672021807,-0.41380527901718933
2022-08-31,-0.014809604973171187,-0.24714069753388468,-0.42081148667994095
2022-09-01,0.0,-0.26514610625538526,-0.44420778369407476
2022-09-02,-0.035774394389536335,-0.2512270213573454,-0.4260491318234645
2022-09-06,0.0,-0.26777145292964566,-0.44732390197218386
2022-09-07,0.0,-0.2730220557197891,-0.45409357434441766
2022-09-08,-0.02293750440380593,-0.2648241291584572,-0.4440325027054295
2022-09-09,-0.059711479406465706,-0.2500135123460392,-0.4247850534056097
2022-09-12,-0.09329617957783376,-0.2359705752428365,-0.4063144798685364
2022-09-13,-0.06011154705421473,-0.25256454743355905,-0.4291690174082887
2022-09-14,-0.024239659292782822,-0.26972799272997217,-0.4533216597537656
2022-09-15,-0.01839281327567721,-0.2717094996034308,-0.45626569749146484
2022-09-16,0.0,-0.28743635567271997,-0.4761320742520587
2022-09-19,0.0,-0.29017532220905495,-0.47938362745101115
2022-09-20,-0.017609569715538176,-0.2842455213466364,-0.47209413118654575
2022-09-21,-0.023691446038889508,-0.28151608490261526,-0.4686598139250582
2022-09-22,0.0,-0.30034802542326766,-0.49243105466704473
2022-09-23,0.0,-0.31138914282326313,-0.5056318708472135
2022-09-26,0.0,-0.31764164681857854,-0.5138012725315451
2022-09-27,-0.0015009183508546409,-0.3107440195754343,-0.5051904847346846
2022-09-28,-0.024070591836921285,-0.3190559963878157,-0.5153248774153222
2022-09-29,-0.018397457432520747,-0.31558227132737204,-0.5116498787907926
2022-09-30,0.0,-0.32756628874829374,-0.5265681521054617
2022-10-03,0.0,-0.3324293171289119,-0.5326352047104362
2022-10-04,0.0,-0.3078163545925122,-0.5030467607983822
2022-10-05,0.0,-0.30957802011626967,-0.5059850371660755
2022-10-06,-0.016964981852215066,-0.30292849140215217,-0.49782847762580595
2022-10-07,0.0,-0.31766652693963904,-0.5159326868715606
2022-10-10,0.0,-0.3318587207149324,-0.5337454645303752
2022-10-11,0.0,-0.34327187478092447,-0.547264116237534
2022-10-12,0.0,-0.34649748641485,-0.5512629192715528
2022-10-13,0.0,-0.36694214173860606,-0.5751006880169329
2022-10-14,-0.1118167788621528,-0.3271446451765836,-0.5265576711472804
2022-10-17,-0.08962816399229168,-0.3379622144197352,-0.5405538656805727
2022-10-18,-0.14060965117886148,-0.31391991155947874,-0.5120254965906439
2022-10-19,-0.09869674759374769,-0.330295533161439,-0.5313513520010978
2022-10-20,-0.09713337109864595,-0.3311639020772621,-0.5324240786841639
2022-10-21,-0.09002397770595783,-0.3351338026252938,-0.5372007226309091
2022-10-24,-0.1404204742017744,-0.3160041607665198,-0.5143411418790494
2022-10-25,-0.13490987836207757,-0.30677428062744283,-0.5029811554634223
2022-10-26,-0.13569799450205045,-0.30913143016219236,-0.5068920980167517
2022-10-27,-0.13588087664091952,-0.3132748468063439,-0.512014965379832
2022-10-28,-0.14058143151985958,-0.32458876505270096,-0.5258276168205596
2022-10-31,-0.13700661034369688,-0.30799009161219815,-0.5063078056530412
2022-11-01,-0.12359097764386917,-0.30158872207673504,-0.49888837933460795
2022-11-02,-0.13977248071378312,-0.3175177012381557,-0.5179384252759367
2022-11-03,-0.2125054194289201,-0.34746495861273696,-0.5533485799226752
2022-11-04,-0.22431630359032262,-0.34121260600999126,-0.5464450809573365
2022-11-07,-0.22459573140917788,-0.3406667906451204,-0.5459534599647959
2022-11-08,-0.24021178763502615,-0.3322556683751203,-0.5361571455088846
2022-11-09,-0.23376677485650943,-0.33567961650647005,-0.5405973200644497
2022-11-10,-0.2700735998470247,-0.31521028899577686,-0.517820076238547
2022-11-11,-0.29956808650568145,-0.29895880616855364,-0.5004430467639163
2022-11-14,-0.28462914171122733,-0.2907712079590423,-0.4905957364127874
2022-11-15,-0.2552468674242654,-0.2750157053845178,-0.4713042295133806
2022-11-16,-0.27990508592506524,-0.28697499103219437,-0.4858491747377517
2022-11-17,-0.31114033358721194,-0.30312701969606637,-0.5058990219585713
2022-11-18,-0.2777570930888038,-0.2857343769182117,-0.4843616572614362
2022-11-21,-0.29789656551875865,-0.29687472475690646,-0.4977569256784483
2022-11-22,-0.2998281989893211,-0.29876016150358753,-0.5002447846114451
2022-11-23,-0.2848924995322749,-0.290498190891175,-0.49066220046142484
2022-11-25,-0.28246709886338894,-0.2874709996909204,-0.48681528106853966
2022-11-28,-0.2878036878448289,-0.29315296011988945,-0.49376744324612165
2022-11-29,-0.2911234390741243,-0.29801593358358647,-0.5000591276773674
2022-11-30,-0.2988470126955107,-0.3032264144691339,-0.5062801956095921
2022-12-01,-0.2435612339199631,-0.27134369785828927,-0.46802065668083837
2022-12-02,-0.2650173679837582,-0.28412154313715277,-0.48389682770264075
2022-12-05,-0.2566382821409322,-0.27955620249886226,-0.4782173882709919
2022-12-06,-0.266674749480328,-0.2867515009874525,-0.487238601990027
2022-12-07,-0.29713144418687654,-0.30414442031677513,-0.5084399181239817
2022-12-08,-0.2940723395015451,-0.30057148399359934,-0.5042161239060439
2022-12-09,-0.2902974379995691,-0.2983385078401718,-0.5017685866071746
2022-12-12,-0.29219495707387655,-0.2998025159660713,-0.5035707645822283
2022-12-13,-0.2714131942019783,-0.263999462573554,-0.4595622125121348
2022-12-14,-0.28129152745792074,-0.2853374353350645,-0.48449132702540165
2022-12-15,-0.3089791626648094,-0.29952960254870153,-0.502225275938967
2022-12-16,-0.3171243642410302,-0.31473886675131535,-0.520865038822572
2022-12-19,-0.31777995906508893,-0.31889328326800526,-0.5260894257199501
2022-12-20,-0.32365004837065614,-0.33209945618798997,-0.5415348356564791
2022-12-21,-0.32404073518301113,-0.32702604570624494,-0.5355951639045935
2022-12-22,-0.32365833019140977,-0.3275731140002025,-0.5367929172584951
2022-12-23,-0.32166849462312663,-0.33978474171562056,-0.5515348709986629
2022-12-27,-0.32603891189520573,-0.33662620869190896,-0.547733969410777
2022-12-28,-0.3086801745086334,-0.34550512366503683,-0.5581867021199474
2022-12-29,-0.3086186722882557,-0.34602734709783345,-0.5593657025444708
2022-12-30,-0.31312590409693963,-0.3443858643294322,-0.5579886143456259
2023-01-03,-0.3350990290145546,-0.33187592701722113,-0.543182410860573
2023-01-04,-0.32444787035268663,-0.33687486195542005,-0.5491717853639835
2023-01-05,-0.3126557740702779,-0.34334143203822787,-0.5568521011848346
2023-01-06,-0.30857611215645875,-0.3450573372470602,-0.5592303826042904
2023-01-09,-0.34468314755389207,-0.32645409415341164,-0.5376089430713129
2023-01-10,-0.34353859974938383,-0.3297868137701987,-0.5413705936599942
2023-01-11,-0.338820405459348,-0.3187690402713711,-0.5287461699312104
2023-01-12,-0.32254959728578625,-0.30832338995395225,-0.5166577023348409
2023-01-13,-0.32845216177056524,-0.3123522411965328,-0.5215670940785895
2023-01-17,-0.3125092093649594,-0.30173258172031003,-0.508819980776265
2023-01-18,-0.30029975821732724,-0.2959127038535977,-0.5015456696136003
2023-01-19,-0.3294130054442511,-0.31304879134829855,-0.52234540911657
2023-01-20,-0.3289262665163052,-0.3116310662102004,-0.5207512013713977
2023-01-23,-0.30202114846501793,-0.29484312101246424,-0.501189951432546
2023-01-24,-0.28247408512139016,-0.28546700321300056,-0.48997273736555813
2023-01-25,-0.2958062058915527,-0.2942713054846744,-0.5008213019901906
2023-01-26,-0.27338809856903235,-0.2757424868911953,-0.4778577741610438
2023-01-27,-0.2740935073048313,-0.27380248980490274,-0.4759570594265473
2023-01-30,-0.272474085809675,-0.27148940795306453,-0.4733367769182545
2023-01-31,-0.289111480484193,-0.27800561918537237,-0.4814190331532364
2023-02-01,-0.2689737848591306,-0.2678087211086565,-0.4690164932682168
2023-02-02,-0.19794084429734726,-0.2350786279567797,-0.4280120001562838
2023-02-03,-0.2103213105087992,-0.24161961422152178,-0.43738860498412513
2023-02-06,-0.210933335219178,-0.2451760211990337,-0.44186979686804084
2023-02-07,-0.20905329880338275,-0.2453005585980671,-0.44209487819335913
2023-02-08,-0.1733640197076861,-0.23266616220455572,-0.42646640455485785
2023-02-09,-0.17294923656172256,-0.23192007781323132,-0.42643454507214207
2023-02-10,-0.2268434393766131,-0.2551991801068254,-0.45510485026941105
2023-02-13,-0.22143745867682518,-0.25109554813112234,-0.4500555764984834
2023-02-14,-0.21347474345005046,-0.2467182290428519,-0.4448404996404852
2023-02-15,-0.19550778307101724,-0.24171916716306774,-0.43863182578871607
2023-02-16,-0.20096617265490735,-0.24301233191432703,-0.4410266162856361
2023-02-17,-0.22399181212493102,-0.2512447523889203,-0.4512452529649976
2023-02-21,-0.23083481549539575,-0.26072059472288855,-0.4632083118853214
2023-02-22,-0.22600632950844446,-0.26728659015297873,-0.47177374314032194
2023-02-23,-0.23360963741890284,-0.25895481597956505,-0.4618401947500832
2023-02-24,-0.21804163249616082,-0.2743995327066875,-0.4808259448869395
2023-02-27,-0.22712132961627063,-0.266167346438423,-0.4708272985477676
2023-02-28,-0.2231459870302268,-0.2705695668770285,-0.47615491188409664
2023-03-01,-0.22146837274800257,-0.2706689646471937,-0.47639526802883625
2023-03-02,-0.21066370429929504,-0.2821096259862499,-0.4905454480247504
2023-03-03,-0.22726465487345604,-0.2653715999111369,-0.4699702505866601
2023-03-06,-0.2399552500480674,-0.25156823683832263,-0.4530005054711125
2023-03-07,-0.2400006941988826,-0.2537318125859138,-0.4555880602606046
2023-03-08,-0.2316860106309664,-0.2619394670022194,-0.46620459619797383
2023-03-09,-0.2345940955816629,-0.25805945486373216,-0.46137025917946994
2023-03-10,-0.2190455669979271,-0.2717384173326415,-0.47844317763121647
2023-03-13,-0.19991690322610112,-0.2869096523510002,-0.4967088138628989
2023-03-14,-0.18799154755050806,-0.2680577219039758,-0.4736161624210705
2023-03-15,-0.19071778525998806,-0.2670625538297363,-0.4729107501223664
2023-03-16,-0.187360301605363,-0.25888013470838345,-0.46328507397813745
2023-03-17,-0.12018658016877048,-0.2371928603534691,-0.4359173807386124
2023-03-20,-0.1357849580874012,-0.24213969478840836,-0.4422617121701007
2023-03-21,-0.10485543047653112,-0.23297298152448276,-0.43080924856202374
2023-03-22,-0.09998504659150953,-0.22716907925112773,-0.42374640526765595
2023-03-23,-0.09684286759383687,-0.2280408947225412,-0.42512550312853115
2023-03-24,-0.10038043980058298,-0.2295355241962248,-0.4271496428270235
2023-03-27,-0.09315440168487565,-0.22385610912391707,-0.4199733862962377
2023-03-28,-0.12099871068017476,-0.2324001282961814,-0.4307929050144831
2023-03-29,-0.10125397732377217,-0.22564962929580434,-0.42273579423237717
2023-03-30,-0.06039833053518273,-0.21478910565616638,-0.4091221029204688
2023-03-31,-0.0604262072262477,-0.21312023613134146,-0.40682191344799357
2023-04-03,-0.04331546313062751,-0.20599621154876224,-0.3981810779113437
2023-04-04,-0.03936066099657676,-0.20143775786767282,-0.3921804822230931
2023-04-05,-0.07706672627355149,-0.20766497050676103,-0.4006648352434622
2023-04-06,-0.1063235753655647,-0.21728020217254385,-0.41323353567258636
2023-04-10,-0.10639918723727537,-0.21521263551748748,-0.4108167209571345
2023-04-11,-0.06988405511909135,-0.20833772196095734,-0.40168054836061573
2023-04-12,-0.0710354365431557,-0.20836258315247724,-0.40189597275752875
2023-04-13,-0.09861110725660083,-0.21581072347447428,-0.4119935856529453
2023-04-14,-0.08304296160124647,-0.20893555894310123,-0.40334508637347544
2023-04-17,-0.09033080196471277,-0.20754059746996723,-0.40148389579224597
2023-04-18,-0.0811768177285791,-0.2004665777159499,-0.3924430182451648
2023-04-19,-0.10597481693312583,-0.21187479815486476,-0.40725730582482755
2023-04-20,-0.1129309506194941,-0.2136683313116271,-0.40974443808879557
2023-04-21,-0.11004164717468734,-0.2131202401623319,-0.4093301002003813
2023-04-24,-0.11074052229499043,-0.21194952913406195,-0.40783408431016877
2023-04-25,-0.11590883089716886,-0.21715577340718017,-0.41449097064033635
2023-04-26,-0.11725282057820685,-0.2192729989313823,-0.41776739457302436
2023-04-27,-0.11578556743383495,-0.21364356070402657,-0.41082877341275825
2023-04-28,-0.10898944729882043,-0.20265843312956788,-0.39710611866763423
2023-05-01,-0.08706995731001854,-0.19772647330683268,-0.3907672218520335
2023-05-02,-0.08379646877636515,-0.1976515293208193,-0.39073037094172647
2023-05-03,-0.09872334577301833,-0.2035552333041588,-0.39861386976302404
2023-05-04,-0.10464144869172953,-0.21025572280661364,-0.4075765683646577
2023-05-05,-0.10442435612097811,-0.20674354899231195,-0.4032440130470858
2023-05-08,-0.0727933415192431,-0.19690455521414685,-0.39081642755378476
2023-05-09,-0.08171446698270202,-0.1979507266861038,-0.39214209721269944
2023-05-10,-0.06715946386081506,-0.19266991400036648,-0.3855303982144248
2023-05-11,-0.062363088343725726,-0.18873405542077915,-0.3806936196135513
2023-05-12,-0.060230742888927824,-0.18614358447990165,-0.3773521756380941
2023-05-15,-0.06671828392108137,-0.1892073725050506,-0.38126344508768784
2023-05-16,-0.04865418779476416,-0.18783751743438915,-0.37963351229204434
2023-05-17,-0.03049775415600242,-0.18240718114393506,-0.37262597506289086
2023-05-18,-0.0013272877242073156,-0.17423694432609083,-0.3622793181734607
2023-05-19,0.0,-0.15936597304168143,-0.34270854406773266
2023-05-22,0.0,-0.16245477792535812,-0.34669182851891
2023-05-23,0.0,-0.1633515318407418,-0.34806565058401084
2023-05-24,0.0,-0.1746106942203458,-0.3632522358194159
2023-05-25,0.0,-0.15525591897269642,-0.33810465529321765
2023-05-26,0.0,-0.15122077272745527,-0.33280722077922853
2023-05-30,0.0,-0.12145414096414608,-0.2919956908741713
2023-05-31,0.0,-0.13226478581094947,-0.30687981359527083
2023-06-01,-0.001681943286749199,-0.1338589529497125,-0.30944077202308884
2023-06-02,-0.005545018447319694,-0.11873887951516737,-0.28873978470456474
2023-06-05,-0.006085359345203933,-0.11716962158093058,-0.2863853820169534
2023-06-06,-0.00714530698148963,-0.117543281188766,-0.28711758962620426
2023-06-07,-0.009678499581667888,-0.11542596146474815,-0.28430003912712476
2023-06-08,-0.009810221203886527,-0.13039659767793743,-0.30550656000273724
2023-06-09,0.0,-0.11667154441211292,-0.28666999903639867
2023-06-12,0.0,-0.11278573106953138,-0.28132112557069633
2023-06-13,0.0,-0.09510000903226068,-0.2567589997380756
2023-06-14,0.0,-0.09514995588123554,-0.25692957689061247
2023-06-15,-0.0012513777697700235,-0.09181218039242656,-0.2526800732446304
2023-06-16,0.0,-0.07161066426600005,-0.22396970406910188
2023-06-20,-0.0005253871400227039,-0.0872235794186591,-0.2459372379877487
2023-06-21,-0.0011547642301934502,-0.08774766051059213,-0.24678124840126148
2023-06-22,-0.0017156736584651444,-0.10049367863440528,-0.265143633482237
2023-06-23,0.0,-0.09655281560882045,-0.26005511479203636
2023-06-26,0.0,-0.09707638576777533,-0.26068275116170425
2023-06-27,-0.011245851205582857,-0.10393583480860813,-0.2705779652899283
2023-06-28,0.0,-0.09712620789771154,-0.261487566119346
2023-06-29,0.0,-0.09148922094775291,-0.2538990570786347
2023-06-30,0.0,-0.08323286931741625,-0.24256878129176795
2023-07-03,0.0,-0.07694720294685109,-0.2338434871760573
2023-07-05,-0.008099666033931752,-0.08036435692288646,-0.23886026481030198
2023-07-06,-0.011949786331860168,-0.0858269837851876,-0.2468405907094301
2023-07-07,-0.004453321847431635,-0.08403097782025015,-0.24442124903451046
2023-07-10,-0.008581455966155671,-0.08719898640792423,-0.2489092211638093
2023-07-11,0.0,-0.08512872490705103,-0.2460514553216493
2023-07-12,0.0,-0.0712848823728407,-0.22648949860935352
2023-07-13,0.0,-0.06203081636647301,-0.2138476925596544
2023-07-14,0.0,-0.053200866294298654,-0.20124863930534642
2023-07-17,0.0,-0.05267719139469218,-0.20047887247608864
2023-07-18,-9.923051417226603e-05,-0.0472894531677408,-0.19278213504439456
2023-07-19,-0.0005742663862933206,-0.035166835789382844,-0.17518448426521804
2023-07-20,0.0,-0.04566813322323515,-0.19099909007931481
2023-07-21,-0.0007653637611856334,-0.054223626667887936,-0.2040751454335601
2023-07-24,-0.008845665142952708,-0.06060922367978905,-0.2132696797802457
2023-07-25,-0.006697821159012296,-0.05978589898913833,-0.21217305388023844
2023-07-26,-0.004851381800329846,-0.05786539897944332,-0.20961271126448044
2023-07-27,0.0,-0.04452060983975792,-0.19087884542126143
2023-07-28,-0.0039374647226178006,-0.050332449950351243,-0.1991435366097415
2023-07-31,0.0,-0.04272468481181091,-0.18834084695344222
2023-08-01,-0.004559765199983468,-0.04641631779170974,-0.19382345113445387
2023-08-02,-0.008944827605815608,-0.0540241153592419,-0.20510337818937885
2023-08-03,-0.02548432929151334,-0.07228267635088825,-0.23191340816191874
2023-08-04,-0.020950265745456553,-0.0627793653278782,-0.21818980507848784
2023-08-07,-0.01979049916055997,-0.06744377878563557,-0.2250060571894852
2023-08-08,-0.0305597310833714,-0.07053674506768881,-0.2296315773199309
2023-08-09,-0.03233131794026434,-0.0714096279520452,-0.23097056479992895
2023-08-10,-0.042478460534290496,-0.07470240113040105,-0.2362659172728917
2023-08-11,-0.07139881067685372,-0.08712419220622969,-0.2537300385667427
2023-08-14,-0.08188190327033162,-0.08852117552016103,-0.25577619434232635
2023-08-15,-0.05839467175907187,-0.07871831437683263,-0.24214422133700797
2023-08-16,-0.0757378757083047,-0.08742373117124791,-0.25453483451025105
2023-08-17,-0.08144806380261072,-0.09218779126805032,-0.2618259392433563
2023-08-18,-0.09224976818029773,-0.11388862176909009,-0.29179294917062404
2023-08-21,-0.07833300806876908,-0.10301332047165934,-0.27639808694391665
2023-08-22,-0.06582803948393545,-0.08572743376639469,-0.25280400518442714
2023-08-23,-0.0703554109197344,-0.09064145691451153,-0.25955198922026
2023-08-24,-0.0513062441931359,-0.07053681966553405,-0.23159656187183564
2023-08-25,-0.07751565274985939,-0.09690210848494207,-0.26861352867328125
2023-08-28,-0.0540581395984584,-0.08463004260204054,-0.25151001667373574
2023-08-29,-0.058273575416726064,-0.08570250116662292,-0.25310962410305105
2023-08-30,-0.043845140256146053,-0.06494952877620441,-0.2241470886936191
2023-08-31,-0.03373512299600745,-0.059811216406304046,-0.21757351214095377
2023-09-01,-0.008073743198257599,-0.05118069962271543,-0.20508731732852048
2023-09-05,-0.027797861898914866,-0.0602352367978739,-0.2179205454286669
2023-09-06,-0.02460282024821292,-0.05896322097420803,-0.2160621244924198
2023-09-07,-0.07333347477145946,-0.07659832005359946,-0.24152092253506963
2023-09-08,-0.0708106923979781,-0.07210825859398495,-0.23526132501241903
2023-09-11,-0.06626421879131328,-0.0630039274181674,-0.22233412057572155
2023-09-12,-0.06845177568793925,-0.06397688729254125,-0.22389089612330515
2023-09-13,-0.07145455997879258,-0.06956410055677087,-0.23199167737367954
2023-09-14,-0.06638036212831533,-0.062180862565892725,-0.22200229287264162
2023-09-15,-0.06823406291969691,-0.062380199718354956,-0.2224883256809269
2023-09-18,-0.08001245847993499,-0.07748474012788575,-0.24398253576779005
2023-09-19,-0.07945921515347909,-0.07748485486174461,-0.2441537387194398
2023-09-20,-0.0775570136796323,-0.07341283615883043,-0.23863002797730604
2023-09-21,-0.09232517231993365,-0.09876746526198044,-0.27390930989027285
2023-09-22,-0.09523502913699333,-0.10168998236886262,-0.2786430647110476
2023-09-25,-0.10249751154061792,-0.10843447385053606,-0.28788435539803203
2023-09-26,-0.10267386089536024,-0.10828467362390648,-0.28783921231939835
2023-09-27,-0.10953298397316269,-0.11230635859720395,-0.2935699761186634
2023-09-28,-0.11381808401505011,-0.11547885020209359,-0.29840700815535015
2023-09-29,-0.06326891874554486,-0.09691884619353797,-0.27278649996212867
2023-10-02,-0.06902406139340289,-0.10441267443133129,-0.28300908026391813
2023-10-03,-0.07177433339528527,-0.1038132401492009,-0.28250326063724807
2023-10-04,-0.0800617699486359,-0.1113322247631896,-0.29315776640169344
2023-10-05,-0.06489664747632473,-0.10141528568160851,-0.2802021813665452
2023-10-06,-0.07382080888449294,-0.11163199274611779,-0.29439540358908434
2023-10-09,-0.043623624314531706,-0.09502047300856797,-0.27142105588125964
2023-10-10,-0.0174146952610289,-0.08352991535375798,-0.2554314959789542
2023-10-11,0.0,-0.07593606441205158,-0.24495952252721087
2023-10-12,0.0,-0.07146471511650287,-0.2390308993641974
2023-10-13,-0.00379522026359147,-0.07436237271859047,-0.24317670881156872
2023-10-16,-0.036025446870180056,-0.08422945632525236,-0.25710819175633126
2023-10-17,-0.04563254749770729,-0.08625265252114556,-0.26043390888970097
2023-10-18,-0.04945799181578381,-0.08660240343978554,-0.26095110039768266
2023-10-19,-0.0491690130570015,-0.08875073039426995,-0.2645166997153826
2023-10-20,-0.07934158781226208,-0.10211480664320272,-0.2829393660170264
2023-10-23,-0.11589862637301196,-0.11760216177906091,-0.3041742134290165
2023-10-24,-0.09728943942725032,-0.10698579369806716,-0.28959415642893094
2023-10-25,-0.10275154452194946,-0.10900907539808435,-0.2926935161744114
2023-10-26,-0.1392441016822784,-0.12794376224540005,-0.3189387612488679
2023-10-27,-0.13964463458140342,-0.13466330010212713,-0.3285193177964617
2023-10-30,-0.145711620067977,-0.13116609296203086,-0.3238945846822223
2023-10-31,-0.1452795789346919,-0.12766894703120701,-0.31937602125210907
2023-11-01,-0.1564943023765477,-0.12144899367246997,-0.3111473592346181
2023-11-02,-0.14274615207109909,-0.0969189913717382,-0.2781709686462389
2023-11-03,-0.12059390441663098,-0.08890062438382185,-0.2672795206567168
2023-11-06,-0.09415804292606034,-0.07955831325030449,-0.25447337316215324
2023-11-07,-0.09101428574355663,-0.07511195698885687,-0.24834022619125384
2023-11-08,-0.0724901947897616,-0.06809270931590794,-0.23876980777875034
2023-11-09,-0.06452450849397307,-0.06669371494632614,-0.23716793359431687
2023-11-10,-0.07121971284225415,-0.07123997345210586,-0.24366265064849135
2023-11-13,-0.03735377652009664,-0.05882507171644047,-0.22678562808412517
2023-11-14,-0.003163211147824141,-0.041539397395385924,-0.20236047409933122
2023-11-15,0.0,-0.03269654765988805,-0.18996499911227582
2023-11-16,-0.008581140877154114,-0.03871663784677537,-0.19904693162011
2023-11-17,-0.008780412252519687,-0.03779253109995073,-0.19771220992687144
2023-11-20,-0.0060257354553776565,-0.03569419841542176,-0.19467427915743096
2023-11-21,-0.0004104336546544296,-0.02829999727639576,-0.1845968209638169
2023-11-22,-0.003045519080434822,-0.024403263972566314,-0.17947200570601562
2023-11-24,-0.0035713940050590143,-0.026701405339854656,-0.18273749034881737
2023-11-27,-0.006660873447290161,-0.02830018058648376,-0.18511804145389632
2023-11-28,-0.00813880680904866,-0.029798899393412293,-0.18729009528213658
2023-11-29,-0.0012578297993682819,-0.01910769996838546,-0.17196908375123798
2023-11-30,-0.005502243577875543,-0.02562738243129492,-0.18175426129011618
2023-12-01,-0.018887700121204665,-0.031447496243997564,-0.190256813700872
2023-12-04,-0.021080305705545643,-0.03559405242740998,-0.19627877800212423
2023-12-05,-0.02505855999995199,-0.039840762218308234,-0.2026527329014718
2023-12-06,-0.0027284205546348472,-0.02515282401344332,-0.18139071390719352
2023-12-07,-0.01373087251722005,-0.030648258868135936,-0.18979366788190966
2023-12-08,-0.0013963139158489346,-0.02914959655737137,-0.18793322405198998
2023-12-11,0.0,-0.021480795851035794,-0.17693946979603825
2023-12-12,0.0,-0.011938676294503847,-0.1630976147228792
2023-12-13,0.0,-0.0017968278635904777,-0.14848680619685006
2023-12-14,-0.0008491285799115955,0.0,-0.1292327595935534
2023-12-15,-9.989151806111263e-05,-0.0019755480414258564,-0.13231124160597552
2023-12-18,0.0,0.0,-0.12657754690885914
2023-12-19,0.0,0.0,-0.11714609853377278
2023-12-20,0.0,0.0,-0.11427383528086155
2023-12-21,0.0,-0.0031591387181882924,-0.12016185597227835
2023-12-22,0.0,0.0,-0.11292294289631633
2023-12-26,-0.00041379319187972996,0.0,-0.11230027251586372
2023-12-27,0.0,0.0,-0.10510401079965359
2023-12-28,-0.0015197816049158375,0.0,-0.09934876972779472
2023-12-29,-0.0013719973952515119,-0.0033684602522007223,-0.10467027239425308
2024-01-02,0.0,-0.016551327632097768,-0.12475372383920136
2024-01-03,-0.01149540493576473,-0.030873027089013738,-0.14688667765287766
2024-01-04,-0.028760096658190903,-0.03933049721947979,-0.16032284930632867
2024-01-05,-0.024750635214685457,-0.0393063109099131,-0.1603756920480598
2024-01-08,-0.009774527261707244,-0.03557437127384111,-0.15465537401986207
2024-01-09,0.0,-0.026074891854236837,-0.14133299812969136
2024-01-10,0.0,-0.015993996568248847,-0.1256806964408974
2024-01-11,0.0,-0.0069790820522129815,-0.11257583044453412
2024-01-12,0.0,-0.005500881230602772,-0.11030201818405261
2024-01-16,-0.011829387005757419,-0.010565810387294539,-0.11803895602415848
2024-01-17,-0.018071213695820765,-0.01575170080724142,-0.12619933149983076
2024-01-18,0.0,-0.00521029955972141,-0.11062780879595013
2024-01-19,0.0,0.0,-0.0931368341031672
2024-01-22,0.0,0.0,-0.06226318608502912
2024-01-23,-0.0013507265907194421,-0.0023145696507647084,-0.0660878920825555
2024-01-24,-0.002423594422695796,0.0,-0.047148913789346825
2024-01-25,-0.000761775191044034,0.0,-0.04411669930679207
2024-01-26,-0.0001995638038869707,-0.009151293455737064,-0.05918488882655126
2024-01-29,-6.607092632782141e-06,-0.009548224233845493,-0.0596887176890768
2024-01-30,0.0,-0.00294137271594741,-0.04916323954012325
2024-01-31,-0.00028393902869205956,-0.017532338510915957,-0.07314919567831002
2024-02-01,-0.003370454511543053,-0.02234149802099905,-0.08191696934401016
2024-02-02,0.0,-0.010645593913132245,-0.06320208191666077
2024-02-05,0.0,0.0,-0.04347425104539093
2024-02-06,0.0,0.0,-0.04159387691459426
2024-02-07,0.0,0.0,-0.03856749064517617
2024-02-08,0.0,0.0,-0.03258719407844268
2024-02-09,0.0,0.0,-0.025682184304065214
2024-02-12,0.0,0.0,-0.01434033569613169
2024-02-13,-0.014361220252044116,-0.022109043964890662,-0.05153504541911191
2024-02-14,-0.008379965246464782,-0.012999932882970078,-0.036405801904383805
2024-02-15,-0.0017985931584069137,-0.006912005254217424,-0.026700858972712904
2024-02-16,-0.0010068920581244312,-0.0046918935457935795,-0.02332230897154619
2024-02-20,-0.010277841273770072,-0.019202446972167664,-0.04748835414598129
2024-02-21,-0.016220254977424853,-0.02835727956362144,-0.0629582652073688
2024-02-22,-0.003509251462772256,-0.005607445590376736,-0.02570942842081836
2024-02-23,0.0,0.0,-0.006191100999502486
2024-02-26,-0.002864285946224565,-0.004662918928229232,-0.01433478789586673
2024-02-27,-0.0025521307694336137,-0.004503753328013227,-0.014085036618712965
2024-02-28,-0.007829513423295076,-0.009598915192785884,-0.022783304827976192
2024-02-29,-0.0023515796303859027,-0.003229917483938305,-0.012770230346304867
2024-03-01,0.0,0.0,-0.006405563332974151
2024-03-04,0.0,0.0,0.0
2024-03-05,-0.007397639625259855,-0.010480458364535594,-0.01800507169546206
2024-03-06,-0.008869949511629227,-0.011871705867251836,-0.021257570218336075
2024-03-07,-0.010054928407381647,-0.007159024787728674,-0.013725096701973749
2024-03-08,-0.0043659199978766106,0.0,-0.0010968383156341188
2024-03-11,-0.016856069188895262,-0.018618470157053424,-0.032822899568745956
2024-03-12,-0.0087403245665576,-0.013638481873371577,-0.024563642478311998
2024-03-13,-0.003935341069499221,-0.007088380226215052,-0.013854665437608715
2024-03-14,-0.013895667686025681,-0.009668026645226924,-0.019031232816836163
2024-03-15,-0.035954006920613235,-0.021848527100157722,-0.039084130533131756
2024-03-18,-0.006953935620016893,-0.014580507028413514,-0.027755962677275092
2024-03-19,-0.03313335677555462,-0.021947727781296944,-0.04014982533619982
2024-03-20,-0.013234766826708433,-0.012222038704828853,-0.02370278964911754
2024-03-21,0.0,0.0,0.0
2024-03-22,-0.014088348012244678,-0.007864204619187687,-0.013274188822398059
2024-03-25,-0.022066479289284624,-0.011874309784030368,-0.020280915773291164
2024-03-26,-0.00903363667267354,-0.0057477603253485166,-0.009882871885174782
2024-03-27,-0.011385890612189864,-0.005435820226027732,-0.010185122589512985
2024-03-28,-0.012831935750553858,-0.009134039680519512,-0.016301835916814444
2024-04-01,-0.010833069693313435,-0.008710897432581466,-0.015784622616901722
2024-04-02,-0.024067717834285074,-0.019605006271040448,-0.03443656833975606
2024-04-03,-0.030974642995428736,-0.02210026584854674,-0.038729195332129596
2024-04-04,-0.016220122721574026,-0.005681072852561253,-0.01127171438090624
2024-04-05,-0.035819978144554177,-0.026956812523201035,-0.04717421109144415
2024-04-08,-0.030327833546439975,-0.01664188512215803,-0.030055106141813948
2024-04-09,-0.02048635884592731,-0.013188829294250026,-0.024449840568119607
2024-04-10,-0.030945459750748805,-0.026466724821056498,-0.0469475755128389
2024-04-11,-0.028256059763025365,-0.019203916802182475,-0.03517975775657434
2024-04-12,-0.028698644033937848,-0.017332615190915668,-0.03261326870534864
2024-04-15,-0.029042757461042013,-0.015193929596236111,-0.029467517656955655
2024-04-16,-0.04772650244520038,-0.04005658183180261,-0.07112894717507534
2024-04-17,-0.037404263725489995,-0.0351552235344057,-0.0629426563608887
2024-04-18,-0.07574653229326078,-0.049881271520440085,-0.08807569485527922
2024-04-19,-0.09575153271295456,-0.05939402298101748,-0.10364213350609353
2024-04-22,-0.12430773365661874,-0.07033286168666697,-0.12215272125424304
2024-04-23,-0.10752405709451729,-0.06262450416608478,-0.1097174492716324
2024-04-24,-0.06768930827115338,-0.04607159979469677,-0.08297893540864754
2024-04-25,-0.09957137665891758,-0.06603307818699822,-0.1160188812144507
2024-04-26,-0.06737844268961912,-0.04736399376085787,-0.08482545949311071
2024-04-29,-0.04107140591328351,-0.035088405385667154,-0.06476374442793431
2024-04-30,-0.0440069994431882,-0.03949968175327834,-0.07216003240622149
2024-05-01,-0.05603087357876391,-0.05732228409671336,-0.10238767767606893
2024-05-02,-0.05611170071462401,-0.052532357909921945,-0.0947424142213169
2024-05-03,-0.016435142048003892,-0.032170041517136205,-0.06128324596251622
2024-05-06,0.0,-0.025798576438290532,-0.05070621843710965
2024-05-07,0.0,-0.018223797275910947,-0.03833992897066518
2024-05-08,-0.028054125536176477,-0.02497418843475563,-0.04972601382596731
2024-05-09,-0.01016490453162422,-0.019048225085393722,-0.0402041243144724
2024-05-10,0.0,-0.014124655119268525,-0.03206520946836733
2024-05-13,0.0,-0.01089432555173142,-0.026655551834930513
2024-05-14,-0.006182165768085612,-0.013879556564298956,-0.03180571269953236
2024-05-15,0.0,-0.0010026164938170545,-0.00998642099280711
2024-05-16,0.0,0.0,0.0
2024-05-17,-0.0013305348398671146,-0.0013254185086956083,-0.0023785468230577145
2024-05-20,-0.004872289854208289,-0.0016125184222255395,-0.0028261582653877904
2024-05-21,-0.000772156493801246,0.0,0.0
2024-05-22,0.0,0.0,0.0
2024-05-23,0.0,0.0,0.0
2024-05-24,-0.025609493510638792,-0.011421438687971519,-0.01931732986164414
2024-05-28,-0.0023960835584125872,-0.00297486352902554,-0.005004656827821252
2024-05-29,-0.01078743476770383,-0.011008841159687033,-0.018958981048366574
2024-05-30,-0.011212417480041093,-0.01096548507613726,-0.01881022042232816
2024-05-31,-0.022445541286895576,-0.01904301976978162,-0.03317805243686189
2024-06-03,-0.018758045073492324,-0.012984893924097296,-0.0230087449119174
2024-06-04,-0.033706259646429704,-0.016676303961577377,-0.02935537995611648
2024-06-05,-0.015477918408735802,-0.0055804182888882226,-0.010602178861074507
2024-06-06,0.0,0.0,0.0
2024-06-07,-0.004983658916357214,-0.002628116479096776,-0.0051778335676716525
2024-06-10,-0.01393135516318178,-0.005170073328811142,-0.009488851844138724
2024-06-11,0.0,-0.0014648258578275897,-0.0032131792281417937
2024-06-12,0.0,0.0,0.0
2024-06-13,0.0,0.0,0.0
2024-06-14,0.0,-0.002511960593746587,-0.004762379972854225
2024-06-17,0.0,0.0,0.0
2024-06-18,-0.0002875755052144102,0.0,0.0
2024-06-20,0.0,0.0,0.0
2024-06-21,0.0,-0.010752228669703268,-0.01885750624988547
2024-06-24,-8.225183702537109e-05,-0.015377979633517724,-0.0267722175017846
2024-06-25,-0.0009741182608433707,-0.0197228947406779,-0.03448389888398473
2024-06-26,0.0,-0.014616176146509341,-0.026140356041086443
2024-06-27,0.0,-0.011383300835486665,-0.020609165589191458
2024-06-28,0.0,-0.006667757541096386,-0.013208109145437463
2024-07-01,-0.00404553436193722,-0.011547931413911194,-0.021533744925121723
2024-07-02,-0.008521808439940659,-0.010786067640287778,-0.020488310243380936
2024-07-03,0.0,0.0,-0.00028894401862367136
2024-07-05,0.0,0.0,0.0
2024-07-08,0.0,0.0,0.0
2024-07-09,-1.2660448499901555e-05,0.0,0.0
2024-07-10,0.0,0.0,0.0
2024-07-11,-0.00016653155658441499,0.0,0.0
2024-07-12,-0.0006025518986398914,-0.020991748451428704,-0.03685147090013852
2024-07-15,0.0,-0.01284155086689276,-0.02304536313427441
2024-07-16,0.0,-0.010833893539136441,-0.019750240146003906
2024-07-17,-0.013196613461528006,-0.029400393399084734,-0.05135853888580333
2024-07-18,-0.01830988766575381,-0.034867066096485155,-0.06200421291977132
2024-07-19,-0.03590359073742333,-0.04754944910101755,-0.08332324445241657
2024-07-22,-0.03570556863348118,-0.04355394023289594,-0.07701452580663115
2024-07-23,-0.034460505200096136,-0.0430569298585306,-0.07638275751925716
2024-07-24,-0.06291013937081413,-0.05814469657740706,-0.1014869414203784
2024-07-25,-0.1250163020152737,-0.07822203084415857,-0.13571003478381172
2024-07-26,-0.12289752995690251,-0.08034896055130791,-0.13989115423447973
2024-07-29,-0.10852023388883447,-0.07426614445885249,-0.13009999337430245
2024-07-30,-0.11506944365690364,-0.07398784041106321,-0.12997176899732477
2024-07-31,-0.11188764410473706,-0.06997236872163015,-0.12465126173912844
2024-08-01,-0.10491089502186945,-0.06223963393970533,-0.11261162045249629
2024-08-02,-0.23405244511901513,-0.10372597841897557,-0.17882451507254482
2024-08-05,-0.3159729418563344,-0.15576798303148276,-0.2600963648607242
2024-08-06,-0.2684707370410172,-0.13088004285037125,-0.21884597563212682
2024-08-07,-0.24095949466910305,-0.11247266231068465,-0.1903867194686112
2024-08-08,-0.2679014435954947,-0.123266660453488,-0.20740821752845762
2024-08-09,-0.24604472643855058,-0.1119757135254642,-0.19108328668656094
2024-08-12,-0.23098730039064486,-0.1027322509129247,-0.1765117241013383
2024-08-13,-0.20824563449437106,-0.09392598427234422,-0.1626985138242415
2024-08-14,-0.16253498851151538,-0.07863948994501835,-0.1388330324429906
2024-08-15,-0.13982684738409523,-0.06820325568854835,-0.12230081292612693
2024-08-16,-0.11978134095229298,-0.06053016723120741,-0.11093140084137232
2024-08-19,-0.10937242811153947,-0.05546106212794644,-0.10279553629090821
2024-08-20,-0.08200193116167287,-0.04516411585851077,-0.08614641250766653
2024-08-21,-0.08287309051115643,-0.04377261449495051,-0.0840268237236248
2024-08-22,-0.06381919024898886,-0.0362387571955064,-0.0716008996007611
2024-08-23,-0.0952808080091766,-0.04737075748640018,-0.09094939465113794
2024-08-26,-0.09334725536013955,-0.04695314091327685,-0.09026861777340167
2024-08-27,-0.12374176201214515,-0.05840317551894103,-0.10903658490691648
2024-08-28,-0.11071109735230922,-0.05323481339846525,-0.10093225745847612
2024-08-29,-0.12333806390852065,-0.05921823866230558,-0.11097520498702929
2024-08-30,-0.11268719165114216,-0.05571968002105898,-0.10587117453535244
2024-09-03,-0.12156035307747526,-0.059377367085522326,-0.11211921405447811
2024-09-04,-0.16343543740573074,-0.08826074608262713,-0.15905070419718903
2024-09-05,-0.16406138916179291,-0.08766428267854132,-0.15821357719044216
2024-09-06,-0.16307066187551755,-0.08496096592829905,-0.15446447152013953
2024-09-09,-0.191119488388531,-0.09941253355140223,-0.1781799613729549
2024-09-10,-0.18736261453847503,-0.0930911730616224,-0.1684273813984103
2024-09-11,-0.1758682422241411,-0.08579591530226882,-0.15724662863729366
2024-09-12,-0.13862977288821954,-0.06842200091123907,-0.1300319428186879
2024-09-13,-0.12362049966232935,-0.060808513180018786,-0.11828648943515441
2024-09-16,-0.12599790085877194,-0.05939724043705852,-0.11607919913454257
2024-09-17,-0.1084905184367162,-0.053234777840398984,-0.10629189454661414
2024-09-18,-0.11585069860330388,-0.05639552459175978,-0.11137599460481906
2024-09-19,-0.08079991251480911,-0.04067177685761214,-0.08646810040892705
2024-09-20,-0.08664170435576002,-0.04091030448958721,-0.08753325720767402
2024-09-23,-0.0846066969762157,-0.0386467620625196,-0.08389054692707643
2024-09-24,-0.07360782876999272,-0.03564098603167076,-0.07894756087064736
2024-09-25,-0.07439775004090188,-0.03508351831348011,-0.07824060628399154
2024-09-26,-0.02444735192327585,-0.017904214074550562,-0.05010646858800305
2024-09-27,-0.03227532528403465,-0.02361741585976762,-0.05951137828491948
2024-09-30,-0.05931875087405636,-0.03301327209192206,-0.07518893068400556
2024-10-01,-0.05489289758978966,-0.029191197744365627,-0.06905583245429892
2024-10-02,-0.08096625232346899,-0.04380254799111272,-0.09316149769429372
2024-10-03,-0.08063054676589076,-0.04503692450588204,-0.09522316965521394
2024-10-04,-0.04813758420753422,-0.0296888802795352,-0.07050254490154373
2024-10-07,-0.05960761088119715,-0.033789629653853126,-0.07738472335892288
2024-10-08,-0.05718700400528609,-0.03524285417290274,-0.08023877869677931
2024-10-09,-0.041259313414803045,-0.02660348751661079,-0.06631425554070647
2024-10-10,-0.03866458356617797,-0.02292078746869186,-0.06036122603466343
2024-10-11,-0.04060323698732493,-0.02313974591825807,-0.06141293396681835
2024-10-14,-0.010184806123338497,-0.013126935528685157,-0.04457436302870965
2024-10-15,0.0,-0.00902606903883063,-0.03791849040323603
2024-10-16,-0.051356099240015385,-0.022263971008840144,-0.0603348808689691
2024-10-17,-0.029286188207627406,-0.01179311052516141,-0.04308271749018111
2024-10-18,-0.037363104509484546,-0.016530830195366608,-0.05115950416111792
2024-10-21,-0.04381307816278246,-0.01814326809762601,-0.053928464880248494
2024-10-22,-0.04617712150692843,-0.019178381410798417,-0.05570825846985017
2024-10-23,-0.044566505664898726,-0.017466419164474445,-0.05301904762220844
2024-10-24,-0.04642236056713833,-0.02041257735453128,-0.058456725256537556
2024-10-25,-0.03608459738367997,-0.014380906397796878,-0.049002638117497166
2024-10-28,-0.028869883455116985,-0.007771997988452406,-0.037983206710001216
2024-10-29,-0.0327835715419974,-0.013226408609394058,-0.04704988221661488
2024-10-30,-0.03002694351262747,-0.005920623241317924,-0.03519748967026892
2024-10-31,-0.059806717828219225,-0.019875121118258954,-0.05854810051547854
2024-11-01,-0.08661135570398071,-0.03357078866299745,-0.08226493436488214
2024-11-04,-0.08458840878782448,-0.030943088384060458,-0.0779213181369317
2024-11-05,-0.08524789618385242,-0.02937059096487904,-0.0755559694890875
2024-11-06,-0.034287002543716305,-0.003591782185308645,-0.0329073056317839
2024-11-07,0.0,0.0,-0.007574333538804767
2024-11-08,0.0,0.0,0.0
2024-11-11,-0.0033669238956394176,0.0,0.0
2024-11-12,-0.017615134177582314,-0.0031045393760343876,-0.005377936999099386
2024-11-13,-0.029671227130403377,-0.005762910690138567,-0.010019656501552676
2024-11-14,-0.03284885132889093,-0.006713720991549654,-0.011838192087851973
2024-11-15,-0.0641574155838247,-0.024119132688591893,-0.04175458487814887
2024-11-18,-0.08623340415639835,-0.0334525437661044,-0.05822128069553567
2024-11-19,-0.0845668821538621,-0.034830151546355936,-0.06090660892712885
2024-11-20,-0.0801628614947607,-0.023692330165162923,-0.04211333666798289
2024-11-21,-0.06765614777338413,-0.017715906924460123,-0.03211507447070494
2024-11-22,-0.069468930489892,-0.02124731013079373,-0.03848405193612692
2024-11-25,-0.04652195088609323,-0.010613959491384328,-0.020472509764840052
2024-11-26,-0.04728833789108222,-0.014145570080194014,-0.026507813041880546
2024-11-27,-0.056878979434299426,-0.01397082493527857,-0.02645702377815451
2024-11-29,-0.06252040318665819,-0.018317401597963356,-0.03450920107840694
2024-12-02,-0.049263070200050385,-0.00846014578718568,-0.01774112474372569
2024-12-03,-0.039980163001658964,-0.002755273101489375,-0.008471499199613763
2024-12-04,-0.015205613519857608,0.0,0.0
2024-12-05,-0.01460499522291081,0.0,0.0
2024-12-06,-0.016878649705869164,-0.00158605538697687,-0.00306822741980306
2024-12-09,-0.012417078794336733,0.0,0.0
2024-12-10,-0.014890472725224702,-0.0036722077570746636,-0.006509886248644903
2024-12-11,-0.01618982466981167,-0.0010464951367060715,-0.0023074497599038235
2024-12-12,-0.012590547175992728,0.0,0.0
2024-12-13,-0.006284439368986261,0.0,0.0
2024-12-16,-0.0008615707123497129,0.0,0.0
2024-12-17,0.0,0.0,0.0
2024-12-18,-0.0003666046264345635,-0.002256106318382023,-0.0041651576659584855
2024-12-19,-0.022138700917848864,-0.028284132902781756,-0.05001440976184879
2024-12-20,-0.03779662432975628,-0.048326966096679524,-0.08357349285440163
2024-12-23,-0.03620651127078023,-0.029779782155922585,-0.05249888731442642
2024-12-24,-0.027726280909944334,-0.019919421725146158,-0.036166109924406165
2024-12-26,-0.024163134895754834,-0.013402030298316547,-0.025324971269099827
2024-12-27,-0.026815935669331936,-0.017715934661879373,-0.033257295264648046
2024-12-30,-0.042817753483667675,-0.037324298551471013,-0.0663233206070698
2024-12-31,-0.04105909425941212,-0.034728636203352314,-0.06232001820937738
2025-01-02,-0.045008681168861364,-0.0395840927002451,-0.07051258318424247
2025-01-03,-0.04557090109770001,-0.041358448590149255,-0.07410760405304606
2025-01-06,-0.026930633463458586,-0.021432135671751396,-0.0409162301362016
2025-01-07,-0.021468444706138068,-0.01850022028367737,-0.03601413535208009
2025-01-08,-0.04405945070920403,-0.03812728679771382,-0.06925339318809598
2025-01-10,-0.052607206414611585,-0.04485029913266092,-0.08082125662621731
2025-01-13,-0.06919450122360116,-0.06404797579004318,-0.11245355467110818
2025-01-14,-0.05790505499629384,-0.049967282115492284,-0.08885324147233964
2025-01-15,-0.041015828643752084,-0.04195570552658823,-0.07647705800098314
2025-01-16,-0.01824302352157492,-0.030844364599834972,-0.05841647546619366
2025-01-17,-0.007142308820550447,-0.023617310871540953,-0.04731750180192962
2025-01-21,0.0,-0.020573390349453047,-0.042170486606089796
2025-01-22,0.0,-0.011067854696953705,-0.026590678009477897
2025-01-23,-0.010089694842431496,-0.01205746624602655,-0.028469549390394033
2025-01-24,0.0,-0.004624895205251445,-0.01626389549981344
2025-01-27,-0.10561236729105605,-0.04574693620087367,-0.08530335541999623
2025-01-28,-0.11108299301340374,-0.03786612224520913,-0.07175504826535806
2025-01-29,-0.10025669990511399,-0.02434548016777094,-0.04946761355673135
2025-01-30,-0.09573198487201096,-0.0220110512550733,-0.04574407682031023
2025-01-31,-0.08419356181056148,-0.01601665378617867,-0.03620459990002611
2025-02-03,-0.10705806505133786,-0.04113421669649242,-0.07760477116541886
2025-02-04,-0.10151550978362289,-0.031497988138603494,-0.06155697901649371
2025-02-05,-0.10194816683908492,-0.02554072768031579,-0.051949779579345545
2025-02-06,-0.10219927949245633,-0.01519497275697268,-0.03470311871893905
2025-02-07,-0.08999246862293542,-0.010003318215743517,-0.026200001530874983
2025-02-10,-0.1052449079210811,-0.015456501282615442,-0.035943850695475676
2025-02-11,-0.11034819499122361,-0.01780926010669892,-0.04019538205652429
2025-02-12,-0.12333682606293939,-0.024644448115421103,-0.051848354435594546
2025-02-13,-0.09423320541229285,-0.010302247736451609,-0.027400499624368524
2025-02-14,-0.07197215291542225,0.0,-0.009031447198800668
2025-02-18,-0.05696010274789942,0.0,0.0
2025-02-19,-0.05197318304787879,-0.0021492126475881612,-0.0039296765818317425
2025-02-20,-0.04064146297102722,-0.001852729269060327,-0.0035631659392244552
2025-02-21,-0.042546026392667025,-0.0025014045330360446,-0.0052871363055085885
2025-02-24,-0.07974165855736515,-0.021955954623813168,-0.03856913896691405
2025-02-25,-0.09129752842398242,-0.037964462581727365,-0.06567688517346504
2025-02-26,-0.10183001074349607,-0.0448383618242153,-0.07727764715809349
2025-02-27,-0.09631157941348134,-0.04002096458410409,-0.06957543595136717
2025-02-28,-0.15717676371534506,-0.07337189383606202,-0.12468874458822465
2025-03-03,-0.15284701783925647,-0.05226828653304083,-0.09017491842360215
2025-03-04,-0.2032360287546091,-0.0843962386581475,-0.14198053012991374
2025-03-05,-0.20102217022426205,-0.08065348086915236,-0.13630420947131516
2025-03-06,-0.20758867610127285,-0.08530415679748915,-0.14449638033913292
2025-03-07,-0.21217252186557123,-0.09740303567804898,-0.1646906980470767
2025-03-10,-0.21242165013260883,-0.10427703313031178,-0.17592614328990075
2025-03-11,-0.22709811560686566,-0.12484345125596796,-0.20973602265687363
2025-03-12,-0.21298623657037952,-0.11222564368212262,-0.19039679148026545
2025-03-13,-0.21915021918975486,-0.11761741364831058,-0.19886996666854373
2025-03-14,-0.2168360472425428,-0.12228645424633433,-0.20703553598121294
2025-03-17,-0.2050636390113687,-0.11139200259139459,-0.19045987421972232
2025-03-18,-0.2054230060446769,-0.11176253073910225,-0.19124154528159298
2025-03-19,-0.20008596537236878,-0.1165797987484678,-0.1993541212288702
2025-03-20,-0.19882439431945464,-0.11645018674509455,-0.19946490610906942
2025-03-21,-0.19767360497321784,-0.12163815882340479,-0.20794388787782947
2025-03-24,-0.20828644729040136,-0.09498081626288712,-0.16581442526150048
2025-03-25,-0.21169931007359355,-0.08820786268679093,-0.1553770260873072
2025-03-26,-0.213579143998876,-0.08651928747679871,-0.1527475411134015
2025-03-27,-0.24467713754090425,-0.10487112058312542,-0.18213153604058074
2025-03-28,-0.2384640317279606,-0.10969569011176372,-0.19002250927498288
2025-03-31,-0.2037065185680379,-0.14289220449975903,-0.241307735745114
2025-04-01,-0.21364991621510654,-0.1329091316994656,-0.225721402462994
2025-04-02,-0.21060324636293326,-0.1350986563134886,-0.22951405691120275
2025-04-03,-0.21207635600814467,-0.15306086055808688,-0.2589855563978639
2025-04-04,-0.20231513108981558,-0.18701800890342635,-0.31103041235444107
2025-04-07,-0.24154399393377435,-0.24172083072605333,-0.39009251466908035
2025-04-08,-0.13296921997379174,-0.18698098839768773,-0.30816173437796135
2025-04-09,-0.21564398268504503,-0.2288987061885881,-0.3658708625395689
2025-04-10,-0.103261302028411,-0.15840495990510572,-0.27319265898231126
2025-04-11,-0.11479456738524063,-0.174938223700558,-0.2988213029173161
2025-04-14,-0.1258733466898173,-0.13817899492908547,-0.24412518611842837
2025-04-15,-0.11586775956959483,-0.14916406733758292,-0.2602196041239825
2025-04-16,-0.11300414571174022,-0.166810752709191,-0.2866421109861006
2025-04-17,-0.10752182553301404,-0.1702620947428961,-0.29304022703356203
2025-04-21,-0.09690737371314417,-0.1868512010080754,-0.31671024020268546
2025-04-22,-0.09832466947205376,-0.18575631303865325,-0.3158670623647776
2025-04-23,-0.12256409405496205,-0.14985060441027698,-0.2639330947869978
2025-04-24,-0.12116927022880186,-0.1529865750509175,-0.2681614502154299
2025-04-25,-0.14323679829072067,-0.13352147380994794,-0.2398618887043953
2025-04-28,-0.1254526138702412,-0.12227667740811299,-0.22325080617244264
2025-04-29,-0.13480123664679133,-0.1275836278484348,-0.23125284367783294
2025-04-30,-0.13957559392595753,-0.13322467171275454,-0.24014616704712388
2025-05-01,-0.11236805101069347,-0.10301565924104139,-0.19340225886585838
2025-05-02,-0.10874869781379026,-0.09720768470708507,-0.18473017678715042
2025-05-05,-0.11326804904586496,-0.1008075164906439,-0.1904771090436458
2025-05-06,-0.12897376224170387,-0.11015971915574407,-0.20511412413227126
2025-05-07,-0.1213162558811014,-0.10548360244966015,-0.1977970216212247
2025-05-08,-0.09902127650157433,-0.09351501738617951,-0.17976654366026112
2025-05-09,-0.09274844571737118,-0.09039769976404699,-0.17498464712834372
2025-05-12,-0.036867401279348955,-0.0592609478818692,-0.1272618485802105
2025-05-13,-0.028550270287197255,-0.055234308148936706,-0.1210197593287311
2025-05-14,0.0,-0.04111334351003593,-0.09887122944546711
2025-05-15,-0.0018601606574081275,-0.0415769954843247,-0.09978538927064118
2025-05-16,0.0,-0.03389496645188195,-0.08769667495144262
2025-05-19,-0.00687470118597544,-0.04580789240634586,-0.10687992889569353
2025-05-20,-0.008142652517738047,-0.03610325456338259,-0.09114126710958215
2025-05-21,-0.007711763471435096,-0.04204099796703775,-0.10093831333541103
2025-05-22,-0.014066121995811698,-0.04688417999151451,-0.10889165709553361
2025-05-23,-0.060624109318930475,-0.06076399484334316,-0.13173938607001012
2025-05-27,-0.011579733619064947,-0.04226373410099993,-0.10190674614806816
2025-05-28,0.0,-0.031074556051455482,-0.08442204517076268
2025-05-29,0.0,-0.02337373184835223,-0.0722307695202109
2025-05-30,-0.0368364553322712,-0.03615893018741634,-0.09298577267887342
2025-06-02,-0.05459996225616037,-0.040241034538676446,-0.099706563897486
2025-06-03,-0.025554085523990078,-0.028513927319364862,-0.08067740690138481
2025-06-04,0.0,-0.02025649947945518,-0.06734108255445925
2025-06-05,0.0,-0.016229832534163435,-0.061008172445885855
2025-06-06,-0.002234779372166873,-0.01656397671772447,-0.062255089680850806
2025-06-09,0.0,-0.016304002699413456,-0.06182438436317528
2025-06-10,0.0,-0.014392825660983766,-0.058898228609520764
2025-06-11,0.0,-0.0061354672552681455,-0.04535230450070071
2025-06-12,-0.005083623818078031,-0.014541339877532256,-0.059447445412765365
2025-06-13,-0.013682016683843501,-0.020868817549961505,-0.07018279753035928
2025-06-16,-0.010722965081013669,-0.01563608634800795,-0.06192203124008466
2025-06-17,0.0,-0.013390836159784203,-0.05856109452802338
2025-06-18,-0.003275240020919723,-0.0163783910914439,-0.06397615399998335
2025-06-20,0.0,-0.012370276961820581,-0.05781996155950553
2025-06-23,-0.022385413003459198,-0.021385426920902395,-0.07226410104943048
2025-06-24,0.0,-0.0026600037156683243,-0.041833452531395476
2025-06-25,0.0,0.0,-0.02623136264341852
2025-06-26,0.0,0.0,-0.022373191935469938
2025-06-27,0.0,0.0,-0.010999150212388953
2025-06-30,0.0,0.0,0.0
2025-07-01,0.0,-0.0027754941461607396,-0.004644607544457613
2025-07-02,-0.0003437402942209067,-0.009251837397416529,-0.01609662819391422
2025-07-03,0.0,0.0,0.0
2025-07-07,0.0,0.0,0.0
2025-07-08,-0.0011731940630430593,-0.0002528133952396372,-0.0007697954621073144
2025-07-09,0.0,0.0,0.0
2025-07-10,0.0,0.0,0.0
2025-07-11,-0.004320628016761474,-0.006446966966973222,-0.011445137060719146
2025-07-14,-0.003507849096602844,-0.005207823237135867,-0.009193464159280795
2025-07-15,0.0,0.0,0.0
2025-07-16,-0.016414621344068125,-0.005301205068218073,-0.009009797258260677
2025-07-17,-0.014130856879895015,-0.003980443375103615,-0.006896355622073358
2025-07-18,-0.008033893311166218,0.0,0.0
2025-07-21,-0.008229118752749232,-0.001829036668263062,-0.0030441539378853744
2025-07-22,-0.005514008353741273,0.0,0.0
2025-07-23,-0.00634094363271287,-0.0034734546918653297,-0.006110367044306453
2025-07-24,-0.002061558448562817,0.0,0.0
2025-07-25,-0.0022163990703746306,-0.0003539559845834317,-0.0008540277505842964
2025-07-28,0.0,0.0,0.0
2025-07-29,-0.0004555772713688011,0.0,0.0
2025-07-30,0.0,-0.004520252045250306,-0.007800627248752523
2025-07-31,-0.00024314743881725942,0.0,0.0
2025-08-01,0.0,-0.027344332386726178,-0.045935219893278645
2025-08-04,0.0,-0.026961405210737643,-0.045984553155682395
2025-08-05,0.0,-0.015926258481612665,-0.0278451002439577
2025-08-06,-0.020376471851274003,-0.023375863781873396,-0.04053908987945365
2025-08-07,0.0,-0.004995522815153142,-0.009541206168855676
2025-08-08,-0.005149366041859782,-0.007118964577935927,-0.013538873840208132
2025-08-11,0.0,0.0,-0.0009710727025534771
2025-08-12,0.0,0.0,0.0
2025-08-13,0.0,0.0,0.0
2025-08-14,-0.012789922686572863,-0.007687641920594013,-0.013094902697967203
2025-08-15,-0.007264456059465019,-0.005079401316687604,-0.009263404225580807
2025-08-18,-0.023850423577256974,-0.010845198068817785,-0.019121344688162734
2025-08-19,-0.023121345575639274,-0.01093096928983317,-0.01925441184537202
2025-08-20,-0.04811769287718182,-0.02476198014129749,-0.04299719844556715
2025-08-21,-0.05391823658363848,-0.031591868728613304,-0.05451687963512353
2025-08-22,-0.052630624679112725,-0.031042689740639284,-0.05403622252878848
2025-08-25,-0.03276376807401016,-0.021209927122154415,-0.037764355067202215
2025-08-26,-0.03319948354880797,-0.02218798288626278,-0.03961806166829429
2025-08-27,-0.03163732995366897,-0.01916777305780737,-0.034476740388478144
2025-08-28,-0.0265840504410938,-0.014843604397925203,-0.027459759739381306
2025-08-29,-0.027906352498733744,-0.013899777038412608,-0.02656138691540655
2025-09-02,-0.04867679564961502,-0.03680846676649352,-0.06474119015731117
2025-09-03,-0.03807123983604155,-0.023217619695132252,-0.041995141746863696
2025-09-04,-0.036102874637351734,-0.020626507137756045,-0.03782111829303103
2025-09-05,-0.01855854729346862,-0.003895460589390609,-0.00989186034986933
2025-09-08,-0.02072269032157459,-0.007533443696842612,-0.01595057856686799
2025-09-09,-0.018319147850014317,-0.005302460904104356,-0.012338309857485186
2025-09-10,-0.009810728704457983,0.0,-0.0005374693692044019
2025-09-11,-0.009579119743817088,-0.0008567339324417889,-0.0020446983466638757
2025-09-12,-0.007145221779434663,0.0,0.0
2025-09-15,-0.0032271191883712635,0.0,0.0
2025-09-16,0.0,0.0,0.0
2025-09-17,-0.0020377989493577386,-0.0025481990744005145,-0.00442143990298538
2025-09-18,0.0,0.0,0.0
2025-09-19,0.0,0.0,0.0
2025-09-22,0.0,0.0,0.0
2025-09-23,0.0,0.0,0.0
2025-09-24,0.0,-0.0046318022354921995,-0.008024172214278869
2025-09-25,-0.0022950981340420507,-0.01688373136073995,-0.028901678021763466
2025-09-26,-0.004009331331685351,-0.013314426442523564,-0.02327780551576475
2025-09-29,0.0,-0.005412155493906834,-0.009865036910694402
2025-09-30,-0.005396811496446441,-0.006540966512120661,-0.011910704528855676
2025-10-01,-0.006816682809698715,-0.008632900557585255,-0.01561372033434294
2025-10-02,0.0,0.0,0.0
2025-10-03,-0.0006291098059612033,-0.0009059134691276061,-0.0019329196820109251
2025-10-06,-0.0005736925661250503,0.0,0.0
2025-10-07,0.0,0.0,0.0
2025-10-08,-0.004289310090666243,-0.005927650343669155,-0.010456860671187673
2025-10-09,-0.005677155821414814,0.0,0.0
2025-10-10,-0.005940721986270936,-0.00013067240095043786,-0.0007409244931619874
2025-10-13,-0.012197903901544405,-0.019297897761490823,-0.03561998383827325
2025-10-14,-0.020173493366125728,-0.026444664477752178,-0.04814992007518071
2025-10-15,0.0,-0.012216578503008169,-0.0240793308791033
2025-10-16,0.0,-0.010417662322629195,-0.021145717412848652
2025-10-17,-0.010174837783787472,-0.022127094568499706,-0.04117984344747572
2025-10-20,0.0,-0.007097761176782846,-0.015615533547082117
2025-10-21,0.0,0.0,-0.0033878531963804637
2025-10-22,-0.009050654908790312,-0.0013407242885096204,-0.005716095027924584
2025-10-23,-0.019898721026526123,-0.011003602232513843,-0.022473432978795227
2025-10-24,0.0,0.0,0.0
2025-10-27,0.0,0.0,0.0
2025-10-28,0.0,0.0,0.0
2025-10-29,0.0,0.0,0.0
2025-10-30,-0.0036567336723084543,-0.0053810749303330185,-0.009331319240860503
2025-10-31,-0.004297130622884948,-0.0022343170322169925,-0.004996712441367901
2025-11-03,0.0,-0.0007553967790878691,-0.002439258180116255
2025-11-04,-0.038068726823741184,-0.019368277903648257,-0.03390788276401824
2025-11-05,-0.05253310300300129,-0.026904786336023112,-0.04690158455865112
2025-11-06,-0.0301907638743224,-0.02171269157277833,-0.03855569879302456
2025-11-07,-0.08263259665933109,-0.04292178531204316,-0.07440700222282004
2025-11-10,-0.04848256479735158,-0.026228256202385447,-0.047083597331075144
2025-11-11,-0.052136065830832745,-0.023632243083090088,-0.04290585938820246
2025-11-12,-0.04242698877275597,-0.016913918807479278,-0.03177394309706083
2025-11-13,-0.05313326442512101,-0.02839955574819608,-0.05100257169150857
2025-11-14,-0.07952758151655792,-0.05670463952967397,-0.09835388033540948
2025-11-17,-0.07190156891376598,-0.04608426574702984,-0.08059302918274647
2025-11-18,-0.09534028730909505,-0.056594532955845045,-0.09799865946128161
2025-11-19,-0.10268258571961619,-0.06060650319175098,-0.10475127602835477
2025-11-20,-0.06054193215851289,-0.03771396634233426,-0.06719977589181869
2025-11-21,-0.15769826898436134,-0.07571110824593097,-0.12845199322735834
2025-11-24,-0.13540770348513664,-0.06342287911505284,-0.10871969676749016
2025-11-25,-0.11388736911172692,-0.05047408043568924,-0.08844409632498662
2025-11-26,-0.07413368341753013,-0.03631371509358283,-0.06511425934046544
2025-11-28,-0.056870000364058204,-0.030649512540661727,-0.05586642865396585
2025-12-01,-0.06367406005919551,-0.03455156058522346,-0.06284219220473775
2025-12-02,-0.055097259190730496,-0.02537865558712693,-0.04751491133065777
2025-12-03,-0.052248076569320845,-0.025126994915918743,-0.047175424761745965
2025-12-04,-0.04577399896258971,-0.016772332319450634,-0.033424065710231154
2025-12-05,-0.046040398292994666,-0.017637725228076606,-0.03515248981973751
2025-12-08,-0.043001110020095545,-0.013185006499984664,-0.028037856285540896
2025-12-09,-0.05393479949880897,-0.019793217590108547,-0.03896745063903717
2025-12-10,-0.049180465192574574,-0.01847167138252237,-0.03695066188564977
2025-12-11,-0.0474280617663666,-0.018518829060042097,-0.03710685328971275
2025-12-12,-0.05729195785992569,-0.021256407762449636,-0.04219766840045058
2025-12-15,-0.06546741522523669,-0.027093739256131677,-0.05247993302897025
2025-12-16,-0.07405229639332822,-0.04300063508152907,-0.07871885674571866
2025-12-17,-0.07072796887163657,-0.035448371149818914,-0.0662276983159239
2025-12-18,-0.0756501648686343,-0.04057752231411704,-0.07609578185707655
2025-12-19,-0.0745009982074234,-0.03719487639013963,-0.07065720772284445
2025-12-22,-0.0651512452331029,-0.02114560523585407,-0.0440644176712327
2025-12-23,-0.0692062489069063,-0.02610807765158729,-0.05237436803456719
2025-12-24,-0.06487725855404758,-0.020137215838875067,-0.04247056623581391
2025-12-26,-0.06023086581296655,-0.01593106842875347,-0.03591620785653782
2025-12-29,-0.06982370098498136,-0.023114868620430773,-0.04798611967821631
2025-12-30,-0.06805145694835246,-0.023524450727237634,-0.04884668358463107
2025-12-31,-0.06861027433059919,-0.023823746047116567,-0.0495074399396519
2026-01-02,-0.06762049922732061,-0.02317777305198576,-0.04902611524528211
2026-01-05,-0.060467295908341545,-0.02434366395818266,-0.0511102608164985
2026-01-06,-0.05952287762103525,-0.024485439593702307,-0.05137151092463366
2026-01-07,-0.05564803157106035,-0.018483142946153053,-0.04159472474113879
2026-01-08,-0.05640052209999291,-0.018498819754133033,-0.04175384967646889
2026-01-09,-0.05837453149224603,-0.02105111016509298,-0.046498531101128227
2026-01-12,-0.05639433996787446,-0.019633208693169646,-0.04427747947941074
2026-01-13,-0.04901561214692074,-0.011819164747231437,-0.031153889268663026
2026-01-14,-0.05291862527544089,-0.0197435124600972,-0.04456455623319089
2026-01-15,-0.04129441476257667,-0.012874771823932374,-0.033532190900024905
2026-01-16,-0.04168218579028804,-0.014607686269927922,-0.03676209826346555
2026-01-20,-0.0548424169489552,-0.038191387224441375,-0.07565337048541965
2026-01-21,-0.058956633702777594,-0.039861480936430826,-0.07889812948501318
2026-01-22,-0.042429780261076355,-0.01957028792107296,-0.04542563156811075
2026-01-23,-0.04087339794627243,-0.02369777738378076,-0.052704726892466636
2026-01-26,-0.0366603468012584,-0.018215338220820665,-0.04371104545557514
2026-01-27,-0.02891788963094921,-0.00923563322816856,-0.028550590288535793
2026-01-28,-0.01592311766319998,0.0,-0.011485401091840708
2026-01-29,-0.016407347804503924,-0.00442211799580472,-0.018774492249889585
2026-01-30,-0.016799799671561866,-0.015343570901288794,-0.037705474828031105
2026-02-02,-0.013831399428702595,-0.026375239235718384,-0.0561412013451863
2026-02-03,-0.0006293236741401476,-0.01126780154467144,-0.030992942915115007
2026-02-04,-0.030559325965574424,-0.032166438778821305,-0.06572309091884898
2026-02-05,-0.062309391966351324,-0.05547286959229336,-0.10400757033035135
2026-02-06,-0.053408805748505594,-0.055504465580017315,-0.10449697940917335
2026-02-09,-0.04420679657219284,-0.04393780362859112,-0.08621989999872481
2026-02-10,-0.02415009688312464,-0.03171013726882488,-0.06630826895905573
2026-02-11,-0.01775022744193333,-0.0300262417891064,-0.06381030405908283
2026-02-12,-0.014970446294908513,-0.03265432130452772,-0.0679621878786687
2026-02-13,-0.04652020707803173,-0.05512674651258209,-0.10537084561977239
2026-02-17,-0.04962394073869736,-0.058352907486686756,-0.1106192003661094
2026-02-18,-0.03453138651610299,-0.05248301674308309,-0.10111264885932891
2026-02-19,-0.03718659404125735,-0.05138136686163963,-0.09959618920412394
2026-02-20,-0.0422957746981919,-0.055614612775311545,-0.10704572465112305
2026-02-23,-0.03783634837803396,-0.04540138959973217,-0.09027358677318675
2026-02-24,-0.03795250795182403,-0.05202656955023899,-0.10154270864721626
2026-02-25,-0.028243375909435375,-0.038382629737298335,-0.07931474883404244
2026-02-26,-0.02419066881483878,-0.03126949831400949,-0.0680669068643468
2026-02-27,-0.034626923642414376,-0.05111393722202906,-0.10074722554230853
2026-03-02,-0.038053267423478254,-0.05759758564023054,-0.11110418836412594
2026-03-03,-0.04421133361358376,-0.061578924683556746,-0.11800420758007002
2026-03-04,-0.037689299727343806,-0.04925694409283454,-0.09778720253860318
2026-03-05,-0.04145385471359753,-0.0441581798392211,-0.08983169645713218
2026-03-06,-0.049705128455794556,-0.05531570243798667,-0.10846795681274446
2026-03-09,-0.05489458572558492,-0.06488380838594976,-0.12402313016658395
2026-03-10,-0.05639662746509089,-0.04356008163166969,-0.08920389771868009
2026-03-11,-0.04862399014019081,-0.04171889197089973,-0.08632982671978684
2026-03-12,-0.0638176055676023,-0.05146004841865348,-0.10232401538107982
2026-03-13,-0.06830040547906713,-0.056228464593829464,-0.11078327697928336
2026-03-16,-0.06695233488250685,-0.0557406240622943,-0.11045424604898146
2026-03-17,-0.06395871178968071,-0.05086209505147177,-0.10239487946383286
2026-03-18,-0.06395278388801962,-0.05345869811825377,-0.10660718900192923
2026-03-19,-0.05923216229499784,-0.07231163266988028,-0.13696787399996957
2026-03-20,-0.05730685727543383,-0.06987242234065794,-0.1335351597486144
2026-03-23,-0.060430606431418954,-0.06955037638532757,-0.13418707940846508
2026-03-24,-0.05378863500895348,-0.0785475915549868,-0.148035289063831
2026-03-25,-0.05821959226867912,-0.07172485395760941,-0.13766418013331116
2026-03-26,-0.0498562441798428,-0.08202991621183942,-0.15380734402616414
2026-03-27,-0.034344225408352136,-0.10060714709008067,-0.18358752386884614
2026-03-30,-0.02812376195287325,-0.10601176750193919,-0.1927817768978357
2026-03-31,-0.03288272062921571,-0.11088067889348441,-0.20039167626974475
2026-04-01,0.0,-0.08379466687132442,-0.15907423255742625
2026-04-02,0.0,-0.09562805807459607,-0.1787271047444
2026-04-06,-0.0158277372293818,-0.07631015034435462,-0.14743513016664467
2026-04-07,-0.014943763691119494,-0.07723978817949584,-0.1490710378028498
2026-04-08,-0.04423358726640392,-0.04088880029601161,-0.0910949887771968
2026-04-09,-0.041511627539634444,-0.045269176079622664,-0.09766300975023912
2026-04-10,-0.007789689191093574,-0.035956855112375674,-0.08327134111175549
2026-04-13,-0.006029426087709844,-0.039675578581323645,-0.08929575724092464
2026-04-14,0.0,-0.022752798980853917,-0.06148159924592966
2026-04-15,0.0,-0.00879215226989638,-0.03874775371391581
2026-04-16,0.0,0.0,-0.012522409394601142
2026-04-17,-0.000487421790655862,0.0,0.0
2026-04-20,0.0,0.0,0.0
2026-04-21,0.0,0.0,0.0
2026-04-22,-5.7919286371443945e-05,0.0,0.0
2026-04-23,0.0,0.0,0.0
2026-04-24,-0.00014185536957000977,0.0,0.0
2026-04-27,0.0,0.0,0.0
2026-04-28,-7.913327663633396e-05,-0.00902953174441623,-0.01539864613477615
2026-04-29,-0.0011761747701182212,-0.0071904991729602186,-0.012768502855594388
2026-04-30,0.0,0.0,0.0
2026-05-01,-0.00048017616426609955,0.0,0.0
2026-05-04,0.0,0.0,0.0
2026-05-05,-0.00015161698838572768,0.0,0.0
2026-05-06,-0.00018263597683765287,0.0,0.0
2026-05-07,-0.00014708435673516096,0.0,0.0
2026-05-08,-7.94720708147123e-05,0.0,0.0
2026-05-11,0.0,0.0,0.0
2026-05-12,0.0,-0.0030126249916199166,-0.005208771056041894
2026-05-13,-0.0004774124948548897,-0.0005630125997915236,-0.0013258068279276003
2026-05-14,-0.00022463190039401226,0.0,0.0
2026-05-15,0.0,-0.006269109993885524,-0.011465524611181666
2026-05-18,-0.0009654549349447095,-0.0043101179390395705,-0.008362282228525864
2026-05-19,-0.030358232635184446,-0.020724678052442047,-0.03594685010105536
2026-05-20,0.0,-0.013056141726254022,-0.02315996600603143
2026-05-21,0.0,-0.007878490507356894,-0.014928731375955073
2026-05-22,0.0,0.0,0.0
2026-05-26,0.0,0.0,0.0
2026-05-27,0.0,0.0,0.0
2026-05-28,-0.00013977581732127486,-0.00440696710281574,-0.007730673238962593
2026-05-29,-0.0008128377088107985,0.0,0.0
2026-06-01,-0.0003423865304017504,-0.0010842836679030299,-0.0016266042020024463
2026-06-02,-0.00020689653347782944,0.0,0.0
2026-06-03,-6.923822460835893e-05,0.0,0.0
2026-06-04,0.0,-0.01583042226942344,-0.027328407249296527
2026-06-05,-0.0004295715592945726,-0.023083253422599426,-0.03990625581257223
2026-06-08,-0.00020080822731571857,-0.039475701783101,-0.07137831600243061
2026-06-09,0.0,-0.032557462858267106,-0.06018852926973739
2026-06-10,-0.07155661529858648,-0.06108696203569741,-0.10655358362646439
2026-06-11,-0.07323340874822437,-0.06425844257311086,-0.11212516801836026
2026-06-12,-0.014030837383289141,-0.039743375206134246,-0.07321299567331963
2026-06-15,0.0,-0.01232447683243132,-0.02787521238513746
2026-06-16,0.0,-0.006771113142038265,-0.019082178364463243
2026-06-17,-0.03316331862328081,-0.016218528617186534,-0.035767385994502576
2026-06-18,-0.022814471413107662,-0.013528759562484005,-0.032834048440356645
2026-06-22,0.0,-0.005987670649271082,-0.020253279512386535
2026-06-23,-0.09299363472551359,-0.04119317026089375,-0.07891870091384723
2026-06-24,-0.09647189072104168,-0.041688828564070635,-0.07998061742245921
2026-06-25,-0.05000445665808417,-0.0275824946358455,-0.057688759784022214
2026-06-26,-0.11180472362008653,-0.052727365002928295,-0.09815097912566528
2026-06-29,-0.11591106851398358,-0.043537533520082605,-0.08354402191139398
2026-06-30,-0.08022191749573204,-0.029886709562963354,-0.06149560271521104
2026-07-01,-0.07966288112517483,-0.023175155623582633,-0.05119522789197084
2026-07-02,-0.10296621042294785,-0.028011199811984744,-0.05988979590026677
2026-07-06,-0.1320183573857061,-0.03558014613147309,-0.07295513501301365
2026-07-07,-0.15571609642432238,-0.043296426078396566,-0.08579979023884543
2026-07-08,-0.16843384681335138,-0.0556477711220047,-0.10628547149734291
2026-07-09,-0.1329142891746844,-0.03772352635811582,-0.07709023105552959
2026-07-10,-0.1529258924057485,-0.034548613432498376,-0.07226764528826934
2026-07-13,-0.16582701060834104,-0.038540770436550686,-0.07908178459046633
2026-07-14,-0.14756971951940212,-0.035191699159810685,-0.07439091490552685
2026-07-15,-0.14592447055722546,-0.03032884021211324,-0.06669889348131852
2026-07-16,-0.20263426616988456,-0.04619000750214419,-0.09234243484037308
2026-07-17,-0.23761880890046383,-0.0734648427159994,-0.13672738354360658
2026-07-20,-0.2164099740857972,-0.0593854133473416,-0.11370412371048821
2026-07-21,-0.20064164990472577,-0.053477604310829485,-0.10464625691997098
2026-07-22,-0.21672132456975235,-0.057429529170515026,-0.11139427402758739
2026-07-23,-0.21767426342695007,-0.06941922994570837,-0.1306740210283649
2026-07-24,-0.21980715736625145,-0.0751260659688221,-0.14045861145157912
2026-07-27,-0.222155978926328,-0.07342471677442552,-0.13825584652878953
2026-07-28,-0.2307038034163299,-0.09412200806872861,-0.17012646090311656
2026-07-29,-0.2310146985798036,-0.09508650393319107,-0.17208120369708857
2026-07-30,-0.23251770436376196,-0.09609122791880553,-0.17496056643950697
2026-07-31,-0.19379990137909164,-0.07284869403065175,-0.13946980128026631
2026-08-03,-0.24015061126346104,-0.07795268448082593,-0.14704161433997287
2026-08-04,-0.17639744699035975,-0.051347667960659704,-0.10494274404275195
2026-08-05,-0.15260409977325273,-0.027113739726279396,-0.06645724246317941
2026-08-06,-0.185999620551485,-0.047784212255297276,-0.09991847547278443
2026-08-07,-0.14659162471879184,-0.03528544988168747,-0.07954017301443772
2026-08-10,-0.14331615039237744,-0.032284699367779446,-0.07507444778963823
2026-08-11,-0.15087061839717386,-0.031079084073934338,-0.07311740746219664
2026-08-12,-0.12820113646596898,-0.02600183866460326,-0.06542513038591513
2026-08-13,-0.1297199436426748,-0.028587315442516137,-0.06946930373763249
2026-08-14,-0.12038646951446152,-0.017522048006927027,-0.051554455213604466
