date,STRATEGY,buy_hold_QQQ,matched_exposure_levered_QQQ_1.70
2011-10-04,1.0111426875097465,1.0000002777777777,1.0000002777777777
2011-10-05,0.976465502810571,0.9997042485636212,0.9996676661657099
2011-10-06,0.9473838358053992,1.0265948816267878,1.046185491511516
2011-10-07,0.9464648470726632,1.044650420287799,1.0756280109851069
2011-10-10,0.9440268890949949,1.0559831386673777,1.0953207119311028
2011-10-11,0.9336328304615852,1.0713491096023426,1.121282388919116
2011-10-12,0.9586456935808394,1.0919011935876843,1.1588253230922738
2011-10-13,0.9475046801578204,1.0847944295947276,1.1461956951410894
2011-10-14,0.9954274304629247,1.1103406749400238,1.1931125634473396
2011-10-17,0.9940489127621411,1.1120692382087018,1.1944949322152887
2011-10-18,0.9648414312225106,1.0982399339947149,1.170134287065276
2011-10-19,0.9836813443898765,1.1074595814419077,1.1877696600298497
2011-10-20,0.9494164970400305,1.0919015427451828,1.1557421197137372
2011-10-21,0.9609202999019324,1.0982394764929646,1.1685050441607585
2011-10-24,0.9736766798456714,1.104385908616217,1.179755455564594
2011-10-25,0.9989692259367325,1.1195605032040812,1.205758110871614
2011-10-26,0.9827593722856035,1.1072674097350068,1.1836848831383067
2011-10-27,1.0194823671050417,1.1260908778369692,1.2171275513563071
2011-10-28,1.0174320851275351,1.1237862842104178,1.2113236700917447
2011-10-31,1.0122201660405454,1.1220571522068765,1.2077269824381838
2011-11-01,0.935332252642634,1.0853703351429966,1.1434307551962362
2011-11-02,0.9495797851639826,1.0951664295660661,1.158312478429116
2011-11-03,0.9528145828437864,1.101697192395924,1.1716286217091312
2011-11-04,0.9570022671119427,1.1103407747686835,1.1850952113596276
2011-11-07,0.9601677454764196,1.1091881455482528,1.1846589379325647
2011-11-08,0.9856615180468546,1.1258989703733862,1.2140740560255663
2011-11-09,0.9529129865444587,1.1088039250562676,1.1817513478105812
2011-11-10,0.934592312111728,1.1016970486797175,1.1681801335912683
2011-11-11,0.9373637906551825,1.099776323505642,1.1649091112329883
2011-11-14,0.943400429701114,1.1078434483961472,1.1787145665967873
2011-11-15,0.9322690376118877,1.1007367933018437,1.1662551267141703
2011-11-16,0.9351476289832836,1.1082275531208798,1.1780156365666004
2011-11-17,0.916999109059856,1.0949745694550113,1.154306735090869
2011-11-18,0.9046369987176992,1.0723095447761812,1.1136287496037982
2011-11-21,0.9031470538793474,1.0494520308857895,1.0747197809459172
2011-11-22,0.9141842143211573,1.0408086748700394,1.057258288068035
2011-11-23,0.9171096101434573,1.0390801493489097,1.0552517020345542
2011-11-25,0.9413502624840345,1.018911539962715,1.0209806094845355
2011-11-28,0.910078788871843,1.0402322493063718,1.0559390656182268
2011-11-29,0.8949521380466509,1.050220322170787,1.0707817550285448
2011-11-30,0.8697378175163158,1.0726936394574382,1.1105824688228867
2011-12-01,0.849528525665369,1.0826814571628605,1.1275556940257203
2011-12-02,0.8594291559758882,1.1011210254952268,1.159743634260363
2011-12-05,0.8650736772748918,1.1036183399239177,1.1651902804929797
2011-12-06,0.8566416669262237,1.100160546713052,1.1586919678203171
2011-12-07,0.8463915701167057,1.0930536415657683,1.1456392112079983
2011-12-08,0.8418654171123973,1.089020056753825,1.1384233211781867
2011-12-09,0.8201476390414387,1.0803767855643907,1.1236519717875486
2011-12-12,0.8214029399414247,1.0834495922284084,1.1275851562530235
2011-12-13,0.8293678221202299,1.0897881251241082,1.1384439188302
2011-12-14,0.7943891070932055,1.0667392889421017,1.0976594977765817
2011-12-15,0.7955173148710417,1.0630896945710304,1.0929014836342026
2011-12-16,0.798277063584335,1.0567869135610373,1.0810131821327682
2011-12-19,0.7982991990916429,1.0606398768041092,1.0869559643310274
2011-12-20,0.7973258640837039,1.0631439540146945,1.0898682650499278
2011-12-21,0.792440664159584,1.070849522501991,1.1032750742907893
2011-12-22,0.786527216343727,1.0641070779036532,1.0900766355643456
2011-12-23,0.7809174736816349,1.0729688240907636,1.1062034617711478
2011-12-27,0.7772182833935358,1.0793064967259491,1.1164036993164066
2011-12-28,0.7817055191833615,1.0827766077206427,1.1221136697161556
2011-12-29,0.7662970236291728,1.0733286418651602,1.1049518510731329
2011-12-30,0.7703284780149857,1.076992581874671,1.111635132385217
2012-01-03,0.797272921527179,1.0970449528274708,1.1455503578153108
2012-01-04,0.8000602788424824,1.095116757481418,1.1428369788143606
2012-01-05,0.8057065098909744,1.099166013970314,1.1503499135938595
2012-01-06,0.8280298204963584,1.1107345253029706,1.1716072250434415
2012-01-09,0.8388249584077605,1.1172902477787687,1.1821793758163197
2012-01-10,0.8598062288493665,1.1224964773899633,1.1924128627765416
2012-01-11,0.847504490136838,1.1186399164319458,1.1846954172161372
2012-01-12,0.8683251201076798,1.1236531382186628,1.1947372640332423
2012-01-13,0.8571679302877289,1.119603959455796,1.1868563127018508
2012-01-17,0.8749859274544435,1.1313655040133352,1.208499720049112
2012-01-18,0.8764974618149538,1.1338718150706317,1.2126654265262473
2012-01-19,0.9220083199260307,1.1519962325068922,1.2448672163890422
2012-01-20,0.9181654305342001,1.148911546703975,1.2394327149124822
2012-01-23,0.8619871809413306,1.152381844933218,1.2456515196896025
2012-01-24,0.8581422327540917,1.1473689773135882,1.2367382995406166
2012-01-25,0.857806423128939,1.1616369177294144,1.264123754407137
2012-01-26,0.8138785662443462,1.1699275359872332,1.2779717021953558
2012-01-27,0.863335854757403,1.1583591401263664,1.2571522204113086
2012-01-30,0.8588664647748633,1.1545027283678886,1.2499004551670532
2012-01-31,0.8175066222779953,1.1710847683486165,1.280046338858908
2012-02-01,0.8195591820785615,1.1735912415753038,1.2846204129640177
2012-02-02,0.7864700725984638,1.1801468248194298,1.2971478396746399
2012-02-03,0.7182138557020992,1.1909445815611441,1.3178160005830322
2012-02-06,0.7130416034704316,1.191715502014036,1.3180623966677742
2012-02-07,0.6944315265407426,1.194221953910747,1.3239203731193767
2012-02-08,0.6995982021535854,1.1978856960021225,1.3302442317827488
2012-02-09,0.7312919917214937,1.2086827523665726,1.3499579036013878
2012-02-10,0.8801887792008277,1.204055853153009,1.3421252314209688
2012-02-13,0.8310732461624664,1.2133105707642444,1.358980497928493
2012-02-14,0.8171721501855927,1.212732285132052,1.358027340642554
2012-02-15,0.8481908463193757,1.2243010309976723,1.3803795209681633
2012-02-16,0.9486923390471877,1.2104185167273902,1.3543640218158213
2012-02-17,0.8289445911016214,1.2268073785345108,1.384746029646846
2012-02-21,0.8171666367825416,1.2241081533580465,1.380357100481854
2012-02-22,0.8406859284618796,1.2239155381014655,1.3791782626489724
2012-02-23,0.7930712525239262,1.222180016605129,1.3762669101283667
2012-02-24,0.7734186204201762,1.2322059903228866,1.3949405044225491
2012-02-27,0.8862630183410815,1.2262292257278238,1.3824612406556283
2012-02-28,0.865183026560447,1.2358695065662948,1.4016247588021038
2012-02-29,0.8093754677897664,1.248209571745688,1.426187872615394
2012-03-01,0.8006981360542371,1.2462811132492746,1.42242781171279
2012-03-02,0.7808561773343204,1.2497519831378303,1.4297305863631335
2012-03-05,0.7994470827533423,1.2497521077128384,1.4291967406712278
2012-03-06,0.8682615231593349,1.2254578104080798,1.3826841531336154
2012-03-07,0.8794059470801625,1.2312418791554884,1.3930619572500054
2012-03-08,0.9135764181245332,1.2422321940581516,1.41346419481986
2012-03-09,0.9297328036734347,1.2503302537543235,1.4298564326668213
2012-03-12,0.9438908956487839,1.2530296347752645,1.4338450121030044
2012-03-13,0.9577956348916952,1.2607424108381249,1.4504405677076075
2012-03-14,0.9987379499368255,1.2786740848828062,1.4842526422559776
2012-03-15,1.0871797104541743,1.285615061711455,1.4981891310423674
2012-03-16,1.0275082762425711,1.287411480074038,1.5018156177739557
2012-03-19,1.0240183080214016,1.286639145698983,1.5000459543738518
2012-03-20,0.9618948239331869,1.2868325182520268,1.5010078242963238
2012-03-21,0.8278564937757636,1.2961031262557128,1.5197749834143583
2012-03-22,0.8398074731788027,1.2883773150187754,1.5033743865155746
2012-03-23,0.7945271197754133,1.2949440315801548,1.5169550878242257
2012-03-26,0.6706821556407951,1.301317264395427,1.5283217375502165
2012-03-27,0.625080208774387,1.3161892466887741,1.5578423111802153
2012-03-28,0.7240796075896334,1.3179274538390273,1.5619374823222103
2012-03-29,0.8270924155006337,1.3053738785295632,1.5376195858901858
2012-03-30,0.6958598998597855,1.3127125812269307,1.5520647095555007
2012-04-02,0.7192894763217675,1.3030559580428338,1.5326728300074675
2012-04-03,0.7221405664288143,1.3190861613218832,1.5655661896699327
2012-04-04,0.8114424908948725,1.3076912801614002,1.5410588842510207
2012-04-05,0.8071343096722351,1.2972616743902259,1.5208215744352396
2012-04-09,0.7876151942748826,1.2914675646455973,1.5078549368863776
2012-04-10,0.7940827607587946,1.2972619532508676,1.5195809832944405
2012-04-11,0.7788656072189815,1.2881841477091955,1.502275271974626
2012-04-12,0.7797445631401355,1.2856734670883014,1.496282833427266
2012-04-13,0.8012211663927764,1.2933993703415876,1.5108233672148683
2012-04-16,0.7845525096394128,1.2845145832086655,1.4941768390857266
2012-04-17,0.7664446730644027,1.2692562718321843,1.464085771253121
2012-04-18,0.7828266168073807,1.2858666480688759,1.4944213994059727
2012-04-19,0.7749033483389904,1.281617386241911,1.486912777810165
2012-04-20,0.7667276423625966,1.278720442192596,1.4802725951689537
2012-04-23,0.7155210344234787,1.2563161757430295,1.4383448230917957
2012-04-24,0.7171164246341099,1.2543849278011587,1.4336739190035077
2012-04-25,0.7471123580092456,1.2758232261552451,1.4742695753840869
2012-04-26,0.7613353742921832,1.282969358866415,1.48667151002841
2012-04-27,0.7901880765186424,1.296103279709753,1.513484986462438
2012-04-30,0.7858485038691128,1.2945573040819855,1.5099501374778455
2012-05-01,0.7735378214458065,1.2877980499592792,1.4950333480075897
2012-05-02,0.7693575718363537,1.2849008298554192,1.4907173739525956
2012-05-03,0.7927633287965641,1.2957167307136945,1.5132317835632083
2012-05-04,0.7394925072899043,1.2694497354823155,1.4610967064061267
2012-05-07,0.6913140000978624,1.2418302676777278,1.4068933660283793
2012-05-08,0.6901784435563574,1.2426032843253465,1.407908649993982
2012-05-09,0.6761814899949932,1.2314013165617128,1.3871445928630526
2012-05-10,0.6796021756308741,1.247625096984669,1.4184051176971988
2012-05-11,0.6772801316267626,1.2352638345984055,1.3928532158133968
2012-05-14,0.6736969117596463,1.2286970713238174,1.382460243808687
2012-05-15,0.6742514699833291,1.23101503516675,1.3884804185470923
2012-05-16,0.6689108989559794,1.2279245980638382,1.3810583500351514
2012-05-17,0.6536069016512466,1.215756894922285,1.357271475397957
2012-05-18,0.6332944208833334,1.1933526100492118,1.3154787199629603
2012-05-21,0.6013547972141154,1.1765497891542107,1.283029630709186
2012-05-22,0.651287183643684,1.2105421644954464,1.3454901977924585
2012-05-23,0.656741412050324,1.1954773353866828,1.3183992283753554
2012-05-24,0.651711441188987,1.2097698356872866,1.3457440530345253
2012-05-25,0.6561158380164942,1.201271242206702,1.3293554941220593
2012-05-29,0.6640684454163727,1.2097696929269148,1.3450807245693535
2012-05-30,0.6652837336798311,1.2028167042361848,1.3312775705915365
2012-05-31,0.6646096576471109,1.2020438097100345,1.3302955906388612
2012-06-01,0.673036046387279,1.1767424116332807,1.2834581628189812
2012-06-04,0.6766706574884058,1.1697897659079417,1.2691410410553066
2012-06-05,0.6715811163884443,1.1713348094152851,1.2715185317037252
2012-06-06,0.7191867745129634,1.1891036445632013,1.305270400723601
2012-06-07,0.7651081441156128,1.2200061311030888,1.3609884755070596
2012-06-08,0.7320497565999816,1.2004987672514023,1.3254926993500684
2012-06-11,0.7732624564466917,1.2232892310351202,1.3686324457325347
2012-06-12,0.7298875545265852,1.1991469472223173,1.3224724347694197
2012-06-13,0.7391762514287183,1.2045546119770802,1.333870879532006
2012-06-14,0.7313706887521791,1.1995330595578428,1.3240214370650174
2012-06-15,0.7404030004557812,1.207517408050289,1.3385440513336957
2012-06-18,0.7528532095400479,1.2140992951440102,1.35245982303576
2012-06-19,0.7918624606547626,1.236748580444115,1.3943599622483294
2012-06-20,0.8036899372545138,1.2460405787750175,1.4113471370726134
2012-06-21,0.8082436638170521,1.243330357997487,1.4066263130661392
2012-06-22,0.7455134882638482,1.2173905888092789,1.3558241644104152
2012-06-25,0.7432172573645909,1.2160349889447797,1.3532284253703395
2012-06-26,0.7264059469692021,1.2065496333764698,1.3341956446654082
2012-06-27,0.735776225288908,1.2146799671983086,1.3498133782175228
2012-06-28,0.7268706687330403,1.2082916575655953,1.3372616243720155
2012-06-29,0.7605677910766457,1.2270695688976059,1.3723848643680014
2012-07-02,0.7846894821943318,1.2435237547264242,1.402167607867355
2012-07-03,0.7877265357360071,1.2462342231398216,1.4075542371234877
2012-07-05,0.7943763849633897,1.2547516156893526,1.4244542341711435
2012-07-06,0.8064362608877704,1.2508800620770855,1.4170960416183855
2012-07-09,0.781592059788794,1.2396523070548104,1.3949328560997507
2012-07-10,0.7809996612786209,1.2454596555186888,1.406227835329929
2012-07-11,0.7780470884725591,1.2249401152102648,1.36779106491773
2012-07-12,0.7566365593885646,1.2100340501464393,1.3398281673469734
2012-07-13,0.757313066509005,1.211582552633851,1.3421271690349748
2012-07-16,0.771477350788771,1.2239722863446387,1.3649237650038564
2012-07-17,0.7656110901577045,1.2309405963086761,1.3773915233786946
2012-07-18,0.7566753554527182,1.2272630789689993,1.3703145215423733
2012-07-19,0.7884305426066057,1.254945423490094,1.424390740928349
2012-07-20,0.7968251834597417,1.259591404606044,1.4338035931500983
2012-07-23,0.7394699736897197,1.2191325348450448,1.3560383074816593
2012-07-24,0.7553076368430804,1.230360445055975,1.3782409651302054
2012-07-25,0.7576095238162495,1.2090660165448346,1.3387144331054035
2012-07-26,0.7489649119919569,1.2278435622329498,1.3733616499309136
2012-07-27,0.7463728263055156,1.2353935483699305,1.3871202606946014
2012-07-30,0.739514548578777,1.2586234131955907,1.4316208856146853
2012-07-31,0.7357545626559097,1.256493862828091,1.4273826428256124
2012-08-01,0.7438409350763022,1.2630758765695624,1.439649869026597
2012-08-02,0.707651333794367,1.2410077250596743,1.3966630865218166
2012-08-03,0.754035345611349,1.266172923860621,1.4464261118745363
2012-08-06,0.7691882243131282,1.2762394778530772,1.4662294625651662
2012-08-07,0.7848963208297786,1.2847573451830872,1.4836677358680161
2012-08-08,0.7902624754266084,1.2866936886448677,1.485503869496223
2012-08-09,0.8003049127894144,1.2892097508729992,1.4907005345874524
2012-08-10,0.8045265372585879,1.2886290335090336,1.4905496339791515
2012-08-13,0.8157707597325985,1.2936620309288573,1.5004588027303627
2012-08-14,0.8141035823016424,1.301985997056206,1.5159260410632258
2012-08-15,0.7883857418008022,1.296759318148799,1.5053910070844867
2012-08-16,0.8078795965078757,1.3058574889806036,1.5239970603470865
2012-08-17,0.8332382260613895,1.3194089520732388,1.5500739716415561
2012-08-20,0.8199017728334584,1.321344229681747,1.554665212545201
2012-08-21,0.7918078408692323,1.32773261688013,1.5682493591464783
2012-08-22,0.8679116678777773,1.3161176119187374,1.5430142867179875
2012-08-23,0.8626146988248672,1.3184405614554433,1.5492529931517707
2012-08-24,0.8998569810467848,1.3105036910643673,1.5320726860599423
2012-08-27,0.9369804333677272,1.327345621999519,1.5667217160372209
2012-08-28,0.9185760070317999,1.322699513800331,1.5567328216164176
2012-08-29,0.923227929737838,1.323861113692413,1.5604232167477083
2012-08-30,0.9097937316410969,1.3180537688930523,1.5478974818190085
2012-08-31,0.909376276335923,1.319989315224114,1.5514556499857717
2012-09-04,0.911101172289761,1.3166982951401056,1.5456891778283386
2012-09-05,0.9056543452918675,1.31727882044419,1.5453925332205944
2012-09-06,0.9208771455712775,1.3246349905192762,1.5602353785052314
2012-09-07,0.9547100077410717,1.3426386852976286,1.5960394896767314
2012-09-10,0.9169828274941514,1.3403156468564081,1.5912627549659701
2012-09-11,0.944799175696392,1.3267647416638064,1.5629387409281257
2012-09-12,0.9371989158432549,1.3292810528530796,1.5680931366770925
2012-09-13,0.9325902362914447,1.3294750029413034,1.5695630957660296
2012-09-14,0.9003308247805015,1.3511557502688645,1.6137363941611294
2012-09-17,0.9815553811954408,1.3590932579283392,1.6289787224009447
2012-09-18,0.9495537146996873,1.3554153387171586,1.6206978697425458
2012-09-19,0.8986691402265488,1.3598669230420262,1.6304418256740834
2012-09-20,0.9204612710858027,1.3559957145969224,1.6220254838527273
2012-09-21,0.8927539181625127,1.368017273373258,1.6470873749058614
2012-09-24,0.8860406185756999,1.3503513744999687,1.6105559815361477
2012-09-25,0.8676656531387315,1.3571460113821214,1.625107152043621
2012-09-26,0.8881690160548715,1.3328787257818488,1.5751537823755024
2012-09-27,0.8877126815439589,1.3270544693098898,1.5632730694713532
2012-09-28,0.9049332699612299,1.3375381147560705,1.5840688073221894
2012-10-01,0.9063279067984504,1.3373438191726859,1.5846581156883077
2012-10-02,0.9020603445327091,1.334820529390579,1.5791098492918527
2012-10-03,0.9039136035856756,1.3365676889984324,1.5820375876121622
2012-10-04,0.9089648772830441,1.3435564423456579,1.597092445327797
2012-10-05,0.926127702440504,1.352874763232196,1.6146520833720779
2012-10-08,0.8952545322005674,1.3311318370177598,1.5713185446369566
2012-10-09,0.8839815537133672,1.3231718304251046,1.5542586348173313
2012-10-10,0.8580983745784241,1.3051170619232637,1.5194032783101439
2012-10-11,0.8627925717882685,1.3086120090324163,1.52664760985758
2012-10-12,0.8543364955317664,1.2946340314296052,1.499571871552012
2012-10-15,0.8558468107616798,1.2990995394526261,1.507351919607254
2012-10-16,0.8611649498286866,1.3056993938268924,1.520109155601256
2012-10-17,0.8658579211072842,1.315406526795072,1.5386715003829963
2012-10-18,0.8679678600327569,1.3171534547012886,1.5421114704494254
2012-10-19,0.8525836455675853,1.3045346882673001,1.5168742897193972
2012-10-22,0.8096260745972389,1.2742498434545684,1.45576963397118
2012-10-23,0.8055611916699137,1.2709497446050921,1.4507708184157904
2012-10-24,0.8172266337226315,1.2763856662621302,1.4606371319999096
2012-10-25,0.814474141276581,1.2734736036840444,1.4551823110530542
2012-10-26,0.8114164779384102,1.2647371976630142,1.438614354809895
2012-10-31,0.8163893127101164,1.2668723962117754,1.4425648688135204
2012-11-01,0.8144261055890574,1.268620222320681,1.4447673757393171
2012-11-02,0.8328028950614667,1.2843447971277109,1.4755665877917772
2012-11-05,0.8010514374965091,1.2651251968297208,1.4387443973988963
2012-11-06,0.8102466805189805,1.2754147487539282,1.4576753245199936
2012-11-07,0.8073187210088556,1.2620193266707471,1.4325171320746564
2012-11-08,0.8003929704685281,1.2490121635566678,1.404641929832419
2012-11-09,0.8057988016757935,1.2266867901144725,1.3633072923567873
2012-11-12,0.8293521815385636,1.2383346173985612,1.3853648760177262
2012-11-13,0.8268696141020258,1.2214448319125222,1.3538077262190404
2012-11-14,0.8235940952392699,1.2284340061089387,1.3660597876938536
2012-11-15,0.8148913937144392,1.2088261078377616,1.329542446047494
2012-11-16,0.7994828995847226,1.2049433665343996,1.3219807316044392
2012-11-19,0.8286626522019376,1.222415696533187,1.3548761378412237
2012-11-20,0.8527249417447428,1.2375584281888523,1.383358619651731
2012-11-21,0.8535612345630154,1.2396938374721285,1.3858057590749548
2012-11-23,0.85799141295441,1.2478476420707543,1.4035548289067579
2012-11-26,0.862774904157733,1.2565835095271418,1.4195220076092447
2012-11-27,0.874459634248986,1.264931489661529,1.4339121291889272
2012-11-28,0.8771080639013166,1.2548363418527717,1.4151837204222169
2012-11-29,0.9158077833181248,1.2785211221833486,1.4613450429614565
2012-11-30,0.9160538382532288,1.279491243542752,1.4629094968761431
2012-12-03,0.9267304786943288,1.2870628458327829,1.4783949252160862
2012-12-04,0.9057599382357255,1.275220687150201,1.456046955951535
2012-12-05,0.9016177272117059,1.2719203909927566,1.4492954798120319
2012-12-06,0.886944515709095,1.255806860453317,1.4177737166728859
2012-12-07,0.913598891758558,1.2740556723448542,1.4536718494736118
2012-12-10,0.8945532446516699,1.2567777776335955,1.4204741596267794
2012-12-11,0.9185402986895606,1.2726967253523804,1.452183638056102
2012-12-12,0.9456607014414847,1.287256966940316,1.478173209829825
2012-12-13,0.937320445381787,1.275220047269642,1.455782462320883
2012-12-14,0.9035932033648649,1.2591072730491402,1.4255726570198246
2012-12-17,0.8994902231506063,1.2567777071981372,1.4191757429884062
2012-12-18,0.9064412065566613,1.2787150707854145,1.4620056650645636
2012-12-19,0.9188563863585676,1.29541063307376,1.4941697025403267
2012-12-20,0.946882584044059,1.2884217445829997,1.4805799645969735
2012-12-21,0.9657851248960903,1.2663166556487664,1.4375023604454527
2012-12-24,0.9543925305873149,1.2692450187988746,1.44593661127343
2012-12-26,0.9489679314217188,1.2710018734524042,1.4457805357544329
2012-12-27,0.9425401610426398,1.2600695905425843,1.4251798805509353
2012-12-28,0.9334934395620619,1.2473804706042833,1.4029066913960295
2012-12-31,0.940485648677404,1.243476405490743,1.3923632222676705
2013-01-02,0.8579330323137726,1.3024323430387252,1.5086372263704872
2013-01-03,0.8597115862517941,1.3116066114810299,1.5254230376202698
2013-01-04,0.8478168966298087,1.305359972373886,1.5136594610956
2013-01-07,0.8452439505093554,1.297160691995324,1.4972185333338475
2013-01-08,0.8361489879202278,1.3006748305374072,1.504499087892164
2013-01-09,0.8213168587914761,1.3002843771982204,1.5034184548761556
2013-01-10,0.8255754845249699,1.3121928916986365,1.5262761219570877
2013-01-11,0.8248159239298087,1.3104357415843402,1.5235267146921125
2013-01-14,0.8172412189454932,1.3061404612394756,1.5138917847449824
2013-01-15,0.8134421585323509,1.3004795492243986,1.504669885516395
2013-01-16,0.806964550612814,1.3022365278474943,1.508684741816027
2013-01-17,0.8003722845315974,1.3110209768846486,1.5248603083877896
2013-01-18,0.80231812844333,1.308092577004442,1.518134703341905
2013-01-22,0.7610570288552302,1.3104355423682812,1.5239655266557817
2013-01-23,0.7499527279758379,1.3186348087279347,1.5391031172968417
2013-01-24,0.7248958236601187,1.301065374082455,1.5050958534971994
2013-01-25,0.7282290446673716,1.3051649320449068,1.5132805896166732
2013-01-28,0.73089870074873,1.3078981542948616,1.518205794149831
2013-01-29,0.7695347040236337,1.3090685931541726,1.5197391248974208
2013-01-30,0.7517238166694316,1.3131684220421156,1.5289365436050373
2013-01-31,0.7883303267403258,1.3075075185717648,1.5171827462277312
2013-02-01,0.7498195513139222,1.3143396241118894,1.5303841561156002
2013-02-04,0.7566047058949761,1.312973041127099,1.526267302690119
2013-02-05,0.7641540454978024,1.3032124991871559,1.5067014189593977
2013-02-06,0.7655918837451153,1.3123875795211817,1.5242955949272314
2013-02-07,0.7527183479110787,1.3139496064945544,1.5276618762338574
2013-02-08,0.7554377598435502,1.3201966034923873,1.5411002989902527
2013-02-11,0.7528654033607067,1.3278100787887401,1.5553649511861343
2013-02-12,0.7455460775192823,1.3256623972058725,1.5515976487581276
2013-02-13,0.7412957525721322,1.32585755203391,1.5506928796271509
2013-02-14,0.7434926308509651,1.320587310649832,1.5408747109611354
2013-02-15,0.7355287531048,1.3260526801649635,1.5524081341786915
2013-02-19,0.7295090159994707,1.3248815880020939,1.549848740308444
2013-02-20,0.719408183118174,1.3315189832101433,1.5625402795524597
2013-02-21,0.775354946809321,1.306531226919818,1.5131242939998815
2013-02-22,0.7707733459141185,1.3047742500285011,1.508811643845646
2013-02-25,0.7597357650762998,1.3188299358693971,1.5365950575327276
2013-02-26,0.78927818336157,1.2959894477167784,1.4924338435716167
2013-02-27,0.7959466264159494,1.2991128239711913,1.4985079682334743
2013-02-28,0.8227633045317602,1.3125825535646496,1.5231956865121465
2013-03-01,0.8045793280126259,1.3051647412866505,1.5093891369689103
2013-03-04,0.8162954769560624,1.3108261949668505,1.5203596401708817
2013-03-05,0.8464691349455896,1.3287856757396264,1.5572203362966957
2013-03-06,0.8483016858855135,1.3445986234289202,1.5876941963041549
2013-03-07,0.8467251494000374,1.338741801173443,1.5754997421842227
2013-03-08,0.8435148632310536,1.3451844971074005,1.5889610551501068
2013-03-11,0.8418841393996835,1.3404988616218314,1.5801946838549423
2013-03-12,0.8256860693505765,1.3422557410227547,1.5830306429857706
2013-03-13,0.8339803977907027,1.343036496121025,1.5833290071633233
2013-03-14,0.828448599089399,1.3442082101362138,1.5867573187400876
2013-03-15,0.8282954291105297,1.344971383675983,1.587799062797354
2013-03-18,0.8752988276621373,1.3279483320599084,1.554632823374554
2013-03-19,0.8672408218826131,1.3414488809938072,1.5806319263613757
2013-03-20,0.868527545344258,1.344188905508296,1.5866036119749276
2013-03-21,0.8667763118124243,1.3318622441339891,1.5629278567357034
2013-03-22,0.8559121489497948,1.3344058205803384,1.5665422444376977
2013-03-25,0.8561604710476166,1.3461460428153067,1.58969575696341
2013-03-26,0.8482921831817883,1.3420365370302991,1.582258656098296
2013-03-27,0.8473122554776097,1.3349923517967357,1.5683788401820948
2013-03-28,0.8555970645609589,1.3459504220168494,1.5897101597005854
2013-04-01,0.8560553712724827,1.3502547949561583,1.5983376561551614
2013-04-02,0.8457493658494841,1.3465371624203915,1.5897471811493598
2013-04-03,0.8402462814195064,1.3514288647412638,1.60000615497235
2013-04-04,0.8225830433830125,1.3377318423447064,1.5732132066661613
2013-04-05,0.7930013472045813,1.3175781077288562,1.5324170648332978
2013-04-08,0.7854934814599898,1.328144259358669,1.5538437649331343
2013-04-09,0.7919779851670361,1.3381228741273066,1.573984852329154
2013-04-10,0.8043936916341622,1.3482976735924779,1.5934815217301737
2013-04-11,0.8047681971077053,1.3664956638058163,1.6300306924217052
2013-04-12,0.8042396462827115,1.3659078053972422,1.6287148470616195
2013-04-15,0.7871406106078046,1.363168757991696,1.6221382597535834
2013-04-16,0.7973666136228441,1.34888512775131,1.5944151176029424
2013-04-17,0.7943335771549348,1.3473198301582938,1.5890634772953929
2013-04-18,0.8173077617341941,1.335971018987007,1.5671556498984587
2013-04-19,0.8125013064176914,1.3165994167386974,1.5284376389911654
2013-04-22,0.8155684253203224,1.3367536170464291,1.566982296675242
2013-04-23,0.8146516211300696,1.3533851872094416,1.6008939166067053
2013-04-24,0.8090229037497367,1.3553423263997704,1.6037117161713412
2013-04-25,0.8091095032830806,1.3616034811631417,1.617487091998291
2013-04-26,0.8091963921458085,1.3619946373069887,1.6176342092142342
2013-04-29,0.810075115836687,1.3653210437320473,1.6233756247895323
2013-04-30,0.8121870683605904,1.3752998043738902,1.6440671705117587
2013-05-01,0.827944160031751,1.3839094246258594,1.6602017694816056
2013-05-02,0.8177883123789115,1.3794092399589113,1.651829463237865
2013-05-03,0.8225088245494222,1.4079763025636696,1.710486973384529
2013-05-06,0.8313056618709408,1.41345586919902,1.7212155136682523
2013-05-07,0.8417751146463475,1.4187386072309949,1.7327341868890969
2013-05-08,0.8492672138980992,1.41482534879118,1.7233667187051727
2013-05-09,0.8604091705714909,1.4197171203891918,1.7337513616564015
2013-05-10,0.8834569713442689,1.423434897700163,1.7418539135194393
2013-05-13,0.8732544154718782,1.4267610184931718,1.7493723425741168
2013-05-14,0.8548986258280169,1.4312606146044016,1.7579743176060731
2013-05-15,0.8646638828037988,1.4355656967583894,1.7682029525442455
2013-05-16,0.8707951763700935,1.4424145521297411,1.7822400558175269
2013-05-17,0.8671031840046576,1.4471101622969889,1.7908584694890595
2013-05-20,0.8536517164849301,1.4508283181248562,1.7967208291540846
2013-05-21,0.8487689147130136,1.4506325835662932,1.7994391491950101
2013-05-22,0.8548560321158697,1.4547415598928992,1.8071800789109524
2013-05-23,0.9500068289157403,1.4275436808169653,1.7504408998070315
2013-05-24,0.94732099157637,1.4273479079684561,1.7497461061651676
2013-05-28,0.9554992922167663,1.4529806916756287,1.8033379737662698
2013-05-29,0.922811360195901,1.4398713835451817,1.776721431334335
2013-05-30,0.9355101909058268,1.4392840332131738,1.7742482786915545
2013-05-31,0.9409836278575399,1.4408490930494595,1.7776845695521473
2013-06-03,0.9341057605666147,1.4332184039619462,1.763405388426019
2013-06-04,0.9441905777256301,1.4385014066667021,1.7726593389867529
2013-06-05,0.9247083352011689,1.4234342734149923,1.741693244676199
2013-06-06,0.8968024672300399,1.4114992044236365,1.7165793432534007
2013-06-07,0.9164629087963686,1.4222603504776141,1.7399931239071535
2013-06-10,0.9485509612343294,1.438500799538627,1.7729419498725119
2013-06-11,0.9188034104304043,1.4220646800759005,1.7374120350603237
2013-06-12,0.9228625840430752,1.4302834156654576,1.7561507289852887
2013-06-13,0.8689622472888244,1.4036721355775794,1.7002289309070537
2013-06-14,0.9175595218753573,1.4234347544961512,1.740636235995683
2013-06-17,0.9173897942940075,1.4251958208228317,1.7442725571650894
2013-06-18,0.9324040605250544,1.4296960935911234,1.753205404446594
2013-06-19,0.9522206793075928,1.4398707775572452,1.7736425419490316
2013-06-20,0.890955435242163,1.4069981238098925,1.7063571545838965
2013-06-21,0.8511446074955308,1.3890729666543296,1.6683987355146683
2013-06-24,0.8285452031538646,1.3708185618094104,1.6317982461448177
2013-06-25,0.8372000751274927,1.3816147821723397,1.652544897078906
2013-06-26,0.8572870146428341,1.3902515004779956,1.670033825937876
2013-06-27,0.8642561350848514,1.3981026879778828,1.685213609662132
2013-06-28,0.864150610318715,1.3924107437620636,1.6735785344729897
2013-07-01,0.8917049286448078,1.4081134117864833,1.7069258971713623
2013-07-02,0.8844584824654314,1.406739643758718,1.7036527023389327
2013-07-03,0.8801994839397906,1.402813516585753,1.6953884053509842
2013-07-05,0.9234333279276316,1.421657313240433,1.7339914530450955
2013-07-08,0.9513238297297163,1.4318643718112938,1.755079351246472
2013-07-09,0.9380053185981034,1.4324534650972514,1.7563323264856032
2013-07-10,0.9378869835554942,1.433042695492648,1.757167430564061
2013-07-11,0.9465959572733197,1.4581667800909959,1.8100515153812442
2013-07-12,0.9519259811621948,1.4722996827487291,1.8405433892398466
2013-07-15,0.9593311828466091,1.479365467397924,1.854525140936889
2013-07-16,0.9360841691528512,1.4823102291387869,1.8612082907924865
2013-07-17,0.9585342313702351,1.48368403272889,1.8641394779155749
2013-07-18,0.9108604728944626,1.4827028876345871,1.8621421009133363
2013-07-19,0.9073381734344697,1.4664106885084378,1.8277526996199602
2013-07-22,0.8957399447337279,1.4693554171660808,1.8339710583758986
2013-07-23,0.8833281655289542,1.470926076075639,1.8365333825406231
2013-07-24,0.8823661539567225,1.4717108355731918,1.8374755583365436
2013-07-25,0.8890695601240242,1.4689624997023356,1.8320867713594877
2013-07-26,0.8943465016735481,1.4654294880671634,1.824256532093843
2013-07-29,0.898575854104038,1.476225179214941,1.8474076143101776
2013-07-30,0.9045709558083715,1.481721525420022,1.859475637325524
2013-07-31,0.9200961907552684,1.4872175675567636,1.8701497422639983
2013-08-01,0.9433943418092093,1.4972283738002876,1.8916718787691345
2013-08-02,0.9498240217151589,1.5023313035677657,1.9031311174851293
2013-08-05,0.9030700005945447,1.509790454337994,1.9165055176253003
2013-08-06,0.8967377667499661,1.5095939752953436,1.9178086460041406
2013-08-07,0.9553249378582449,1.4982094147136258,1.8931645334800933
2013-08-08,0.9687957659717524,1.5080240848756323,1.915019022233529
2013-08-09,0.9600706231493313,1.5046872797045463,1.9082298377812588
2013-08-12,0.9388810614132416,1.4954616897097892,1.8870240149071382
2013-08-13,0.9657556506676971,1.5066493191434318,1.9111783134152218
2013-08-14,0.9744298700718762,1.512538441028067,1.9239910407827219
2013-08-15,0.9303284981001961,1.490554779121107,1.8770167823088186
2013-08-16,0.9088965971462932,1.4821140009188407,1.8583103159243168
2013-08-19,0.9082976874156378,1.4815248250880542,1.8580458570224465
2013-08-20,0.9038080377230683,1.4815249879413457,1.857377135766211
2013-08-21,0.9038143108537702,1.4805434848476107,1.855236684860785
2013-08-22,0.9098544592224831,1.4866280491627408,1.8662087782097307
2013-08-23,0.9407446694564132,1.5052760639579505,1.9075021415291717
2013-08-26,0.9383075291928156,1.5058651536073844,1.9078960425879297
2013-08-27,0.8987206696604767,1.487610317266063,1.8692302419433529
2013-08-28,0.8710641750567715,1.4728886438378912,1.8382000095721722
2013-08-29,0.8855881130269215,1.479954995779531,1.8519548858815131
2013-08-30,0.9052841991510113,1.492320499806679,1.877163678355392
2013-09-03,0.9122866286702538,1.4933019251324773,1.8795545638764766
2013-09-04,0.9114018620702405,1.4946767663682021,1.8815436701255062
2013-09-05,0.9425088839564969,1.5064531437249389,1.9075136224007805
2013-09-06,0.958247418952236,1.5131275808028735,1.9212814564190412
2013-09-09,0.9580642350309988,1.5162681719586402,1.9274117283091265
2013-09-10,0.9610562764445387,1.5362888788304194,1.9722937425636886
2013-09-11,0.953265293201448,1.524708109768723,1.9476025768852585
2013-09-12,0.9671577697811182,1.532363194579357,1.9636140144623946
2013-09-13,0.9610962701307468,1.5325594893400671,1.9645113558845002
2013-09-16,0.9906004930887559,1.5449265144937867,1.9900384272946623
2013-09-17,0.9685040616172815,1.5311862663259892,1.9599177226885265
2013-09-18,0.9826747339266473,1.540411312461798,1.9804827817245003
2013-09-19,0.9477355203181036,1.5614135521223322,2.026009089341314
2013-09-20,0.9635189216917525,1.5639375358998417,2.0327787371779675
2013-09-23,0.9849001601845785,1.5613787381488176,2.0273990419526084
2013-09-24,0.9805923020998107,1.5550786807751105,2.0128561527991273
2013-09-25,0.980560906691962,1.552912763201991,2.006932067116874
2013-09-26,0.9859423389950722,1.552715392680946,2.007814870740983
2013-09-27,0.9713801394206328,1.5493690033345655,2.001246353506894
2013-09-30,0.941216559511891,1.5403120799695758,1.979721582723382
2013-10-01,0.9657878718970162,1.5529130045011037,2.0074150856134567
2013-10-02,0.9696380809808374,1.5578351245230333,2.0170130325106252
2013-10-03,0.9829007477370421,1.5659061778589938,2.0356355837172213
2013-10-04,0.9608215578753326,1.5495654565523318,1.998882830305022
2013-10-07,0.957375508248873,1.549172051664148,1.9991383087012444
2013-10-08,0.9582599106034475,1.5499596061422736,1.9995180626176465
2013-10-09,0.9126952863149986,1.5235770557140231,1.941589141585468
2013-10-10,0.9319401388289907,1.531649700171924,1.958186214581608
2013-10-11,0.9563539517620598,1.5434624228435794,1.983439166952254
2013-10-14,0.9589405457998186,1.5499591130955654,1.9969680908360576
2013-10-15,0.9958664592255717,1.569449543952615,2.038983704828606
2013-10-16,0.9910505075840403,1.5718124614526159,2.044233892014194
2013-10-17,0.9988859043583923,1.5751598448759871,2.0510932770946857
2013-10-18,1.054677898064102,1.6058726025580956,2.12025781638671
2013-10-21,1.061340343816489,1.6208349743442632,2.152543037237302
2013-10-22,1.0755033982023863,1.626938138840376,2.165982191200006
2013-10-23,1.142329695286573,1.6151254607286805,2.141012213354822
2013-10-24,1.1181104837797573,1.6141415165215407,2.137998555045016
2013-10-25,1.1389528299394536,1.6354037783106168,2.187333178143309
2013-10-28,1.1357846490264345,1.6320567697995947,2.1786753704415838
2013-10-29,1.131664048156221,1.6377664923973252,2.191282623794649
2013-10-30,1.1258133506350019,1.6407193724596243,2.1987440179356255
2013-10-31,1.1431379043292214,1.6293008685311796,2.1732211598609763
2013-11-01,1.120238587942985,1.6352076003771587,2.1843047691208355
2013-11-04,1.115550487629131,1.6350097404635513,2.186326086195979
2013-11-05,1.0936363668108209,1.6261504169203729,2.165080219519158
2013-11-06,1.1223598198247404,1.641113907389132,2.198790297563916
2013-11-07,1.115838805840118,1.6340256009100895,2.18307026743269
2013-11-08,1.0902790505417597,1.6090225201708777,2.1260193918201504
2013-11-11,1.1161013027633904,1.6224098380617324,2.1528300613469273
2013-11-12,1.1126649707020422,1.617291463495601,2.1439366785219964
2013-11-13,1.113231675690156,1.6141415413946885,2.1373045602038374
2013-11-14,1.1564486107936143,1.6401296089312392,2.1946953891817476
2013-11-15,1.1669332214192234,1.6499724137272864,2.218740101520384
2013-11-18,1.1607915937652236,1.6523353015777822,2.222505149162706
2013-11-19,1.1424523242053488,1.6356005370035878,2.1850658294364176
2013-11-20,1.1295253425534497,1.6361919150488466,2.1868494880855507
2013-11-21,1.1267269267013729,1.634813676790742,2.1819772410336284
2013-11-22,1.1310980960228512,1.64721661356663,2.211612220846846
2013-11-25,1.1455184971038965,1.6592256628953699,2.2372966185030463
2013-11-26,1.1475235270433197,1.6576507503056248,2.2354276847826102
2013-11-27,1.1487804296412178,1.6692665841754262,2.2614871187129917
2013-11-29,1.1497410433641344,1.6842294851317061,2.295196753605912
2013-12-02,1.1733229156105702,1.689545198701429,2.308258260605417
2013-12-03,1.2360800141281798,1.6814727936168232,2.289204921494062
2013-12-04,1.270028477359002,1.6741889115475161,2.272670624755265
2013-12-05,1.2703463801931085,1.6842290709709724,2.296679512732855
2013-12-06,1.2992824930540525,1.6948607637685629,2.319580756605499
2013-12-09,1.3066336257446958,1.6997824140782363,2.3306080416737953
2013-12-10,1.3194617743884822,1.6970263760562663,2.3241525648173442
2013-12-11,1.3101325549751035,1.698404364497117,2.3276710999611896
2013-12-12,1.4047276800804998,1.6773392999059027,2.2795908022910245
2013-12-13,1.4032586317323124,1.6802911897095103,2.2855823099381354
2013-12-16,1.403463828768683,1.6785205110027608,2.280986452315235
2013-12-17,1.4077128990860683,1.679504394908479,2.284441652109576
2013-12-18,1.4148613696413619,1.6781256812911103,2.2796093050875204
2013-12-19,1.4484718130966696,1.6928925034263358,2.313366248869068
2013-12-20,1.4490897758286851,1.6941224344823642,2.3153045551155507
2013-12-23,1.502315126043329,1.7221677142953837,2.381461266269345
2013-12-24,1.5165194548344323,1.7265130110455678,2.391496675939851
2013-12-26,1.4517926601061781,1.7300676985329249,2.399722830866328
2013-12-27,1.44876323124519,1.7348085692360442,2.4111409939282638
2013-12-30,1.5044225755349256,1.7257234627183675,2.3894900325783115
2013-12-31,1.49651252050235,1.7288835362593948,2.3973866552314247
2014-01-02,1.5355668727158804,1.7288831858176508,2.3971672854871917
2014-01-03,1.5223426887168305,1.7233530102187713,2.3836276271198
2014-01-06,1.5191171858435133,1.711305441478204,2.355540971917197
2014-01-07,1.5184865469962259,1.7124909930525671,2.3573405763600355
2014-01-08,1.5418277876405313,1.7207857556779096,2.3764456953772397
2014-01-09,1.5657339134860733,1.7304635221884068,2.398785282625625
2014-01-10,1.5425770876441407,1.722563223273964,2.381587551214274
2014-01-13,1.5308874984521514,1.7215760807934068,2.378578466991031
2014-01-14,1.4944643973030285,1.7041956564357246,2.3374811647792986
2014-01-15,1.50364142199827,1.7383634158326604,2.415104889960213
2014-01-16,1.5162827849031684,1.743695860798622,2.4287994621317814
2014-01-17,1.5024157631580306,1.7399431334024233,2.420439218717329
2014-01-21,1.515280094263184,1.7464606509589935,2.4348870227756003
2014-01-22,1.5251257233722963,1.753176262231708,2.4501424609233737
2014-01-23,1.5171799240611883,1.7478436616446837,2.437793576116343
2014-01-24,1.490092672746098,1.7387580628449568,2.4149734825794527
2014-01-27,1.483136360510687,1.7128858537011245,2.354858804052386
2014-01-28,1.4417598321952925,1.68839472224785,2.29444452751203
2014-01-29,1.4354779085497251,1.680692684721008,2.279492497826602
2014-01-30,1.4620227858429997,1.6976774659316611,2.3190093308300184
2014-01-31,1.4481583089874746,1.6891850707740468,2.2968703925545895
2014-02-03,1.4631913277145605,1.7004426112388793,2.3237604600731845
2014-02-04,1.4168379381634255,1.6729899940082034,2.2585798938246064
2014-02-05,1.4103039670770585,1.6712129184994384,2.254385696497806
2014-02-06,1.4327776506767729,1.677335322512903,2.2688506158152806
2014-02-07,1.5034129852574618,1.7032079221978622,2.3278143146331653
2014-02-10,1.5479398009205887,1.7233528920939305,2.374504373588681
2014-02-11,1.5812837703418776,1.737573348735024,2.4063625402046678
2014-02-12,1.6406299014200187,1.757126274501517,2.453449120459382
2014-02-13,1.6135932356904632,1.744090793696312,2.421914963496808
2014-02-14,1.6853710245629576,1.7693709662915056,2.4860288192124824
2014-02-18,1.7131348912114799,1.7764805129930272,2.4992573093376533
2014-02-19,1.706975042749134,1.7788512388287052,2.5057365284328657
2014-02-20,1.7654410050218914,1.7711485004486156,2.48611569553833
2014-02-21,1.7618674469066782,1.783986143156698,2.516687318803996
2014-02-24,1.7866013681185704,1.780036345937977,2.504656582645144
2014-02-25,1.7928646158868689,1.7879363618538562,2.5266496963713423
2014-02-26,1.7912838479464914,1.7881341104210813,2.5281489503699945
2014-02-27,1.8121046496121154,1.7820718905288555,2.512514214750508
2014-02-28,1.8199328689905108,1.7929794507218357,2.5391887782470652
2014-03-03,1.8406398609031094,1.77453539606191,2.492863337870925
2014-03-04,1.909355528484401,1.7975407407565989,2.5484966332742744
2014-03-05,1.9040742981898096,1.8036885684784594,2.5642535490380887
2014-03-06,1.9138460350399458,1.8098367730431482,2.5780293038841706
2014-03-07,1.9152677178962119,1.8098364263518147,2.5795072972448896
2014-03-10,1.915337315276599,1.7941695252685301,2.540886547061476
2014-03-11,1.916542061427963,1.8011107038466678,2.557748948931835
2014-03-12,1.9035672621083692,1.7808820385747888,2.5097309519956568
2014-03-13,1.9704853803693132,1.8024986507580674,2.5610255915114433
2014-03-14,1.8513243762025942,1.7646190581556467,2.4692832413228403
2014-03-17,1.8503961903059385,1.7695775776061606,2.481304228876738
2014-03-18,1.867881608970117,1.7759233580196876,2.4967589912096
2014-03-19,1.9226903625971818,1.7957552803001706,2.5444232437426373
2014-03-20,1.8830279123225553,1.7798901579627586,2.5061739290552882
2014-03-21,1.9663527895487156,1.800657565563273,2.5545816440868454
2014-03-24,1.908691130741193,1.775214406151875,2.495977643940102
2014-03-25,1.8823751156448347,1.7624931317584276,2.4653803675792676
2014-03-26,1.9120153003695772,1.767860179358685,2.477425005305141
2014-03-27,1.8169069705934122,1.7340684778414583,2.3981910016054937
2014-03-28,1.8173857692716977,1.7322788424913682,2.3925932444537827
2014-03-31,1.8523704990002938,1.7436092143128334,2.4188306439538625
2014-04-01,1.8888653157061412,1.7509640548451026,2.4370665333026853
2014-04-02,1.9593249031915587,1.7805812325039867,2.5071596802064113
2014-04-03,1.9597209105074778,1.779388803152277,2.504560263582888
2014-04-04,1.9427014044306767,1.7752142369293011,2.491338515608568
2014-04-07,1.8229141536812825,1.7058425459484479,2.331155046965667
2014-04-08,1.8179589332253725,1.7022643328980016,2.3224267805719356
2014-04-09,1.8891006371248533,1.7223399260841685,2.368479346159817
2014-04-10,1.9433391347575149,1.7465907011423092,2.4252011170297614
2014-04-11,1.726307694316021,1.6762251384615863,2.261739595947548
2014-04-14,1.7376225403940717,1.6863620452647832,2.283213425195365
2014-04-15,1.7536397051407935,1.69093378022818,2.293051835009846
2014-04-16,1.8027696888431077,1.7050467937881084,2.326673744854636
2014-04-17,1.7884235684997374,1.70623995989023,2.330367622785058
2014-04-21,1.8436067303739312,1.7171717636308554,2.3548187591359206
2014-04-22,1.8863726120954036,1.7318810457806435,2.3870838705859443
2014-04-23,1.9135382282372804,1.7396337523201597,2.4063355612227024
2014-04-24,1.9487894924943643,1.7527530868474301,2.4367240272086224
2014-04-25,1.9439265966198465,1.7304905950867984,2.3845220830723965
2014-04-28,1.887640669485885,1.7211482572865964,2.360927828986575
2014-04-29,1.8802537884667858,1.7237316974533783,2.3680113809344956
2014-04-30,1.8690073835958252,1.724327965958566,2.370062931833576
2014-05-01,1.9169610756146866,1.7396337066720973,2.405152908040325
2014-05-02,1.90845050216426,1.7479823456535422,2.423178345164804
2014-05-05,1.870622307372195,1.7285021972195613,2.3790202509854708
2014-05-06,1.917065873859109,1.7452001177654304,2.4183397588425186
2014-05-07,1.8828529684236655,1.7288996346403827,2.381281779119105
2014-05-08,1.850460071375965,1.7141903439105075,2.3458251525374667
2014-05-09,1.8727664407325637,1.7177682677844919,2.353180325479288
2014-05-12,1.9122017956004542,1.7354601325405135,2.3946844125250357
2014-05-13,1.9842191110763636,1.7551384257781983,2.440396990531257
2014-05-14,1.9482164229669785,1.7493736341317432,2.4270049546996515
2014-05-15,1.925827097155668,1.745199604914682,2.4162455757367987
2014-05-16,1.8903726420994307,1.7338687337642082,2.3890305436585977
2014-05-19,1.913197380749771,1.7380434762885255,2.399011361623213
2014-05-20,1.9656003291069193,1.7545421025927324,2.438798234990978
2014-05-21,1.9580716007067696,1.752156169928677,2.431650327342887
2014-05-22,1.9916541340072325,1.7676610248872928,2.467903306012085
2014-05-23,2.0104886577868064,1.7752140507136642,2.487376918266192
2014-05-27,2.0792404183447935,1.7942970925859303,2.5329146940952825
2014-05-28,2.11706747299821,1.8080128480385027,2.565030770446643
2014-05-29,2.1165604170388996,1.8094039768539056,2.5686844766151573
2014-05-30,2.1312666133935476,1.8149701944313956,2.5817814633868563
2014-06-02,2.149163023791781,1.816957277755788,2.5862760526121065
2014-06-03,2.1263821398497473,1.8070185201897482,2.56191631660308
2014-06-04,2.135599971706359,1.8076146769465367,2.563207359711929
2014-06-05,2.1371352673918853,1.820535499117092,2.5950373244929668
2014-06-06,2.1318770293773888,1.8410095576772891,2.646174737080087
2014-06-09,2.019184751157282,1.8451834162901843,2.655835176828241
2014-06-10,2.0926337800416506,1.8418048336673762,2.645571968088258
2014-06-11,2.074942320323577,1.8402138492371227,2.6415808569948713
2014-06-12,2.108647901215531,1.8422017829317092,2.6472578753992093
2014-06-13,2.2226611452384164,1.837431500629054,2.635707554265287
2014-06-16,2.215630088876771,1.8316674220409899,2.622226024370819
2014-06-17,2.201260018260271,1.8350465719249385,2.6300490984237848
2014-06-18,2.157549514000162,1.8392201776022334,2.6405974941576025
2014-06-19,2.1002386080285285,1.8505510105985092,2.667096953938337
2014-06-20,2.118709944638072,1.8473521702115634,2.659160938803253
2014-06-23,2.147645581230311,1.848548141126654,2.6608362280002265
2014-06-24,2.120924790052112,1.848946847573182,2.66292697978333
2014-06-25,2.2213492271521527,1.8431668847849745,2.647914414052063
2014-06-26,2.2239673342592106,1.8603073679950057,2.690746153958854
2014-06-27,2.3038821166384142,1.8577167566495325,2.684727640316309
2014-06-30,2.23356845244877,1.867881449192323,2.7086263657252756
2014-07-01,2.1681102184822936,1.8780463593375603,2.7327750345137773
2014-07-02,2.0971441864194085,1.8931934513215205,2.7709070483911407
2014-07-03,1.9961356062412121,1.9013652572006134,2.790787925812934
2014-07-07,2.0420486735687073,1.9049528498880814,2.7992639364771
2014-07-08,2.1165214060050177,1.8977781052994596,2.7823469932451634
2014-07-09,2.0956838634282473,1.8834274722296311,2.745925298724248
2014-07-10,2.0870327699000755,1.8680810187725503,2.708518419301958
2014-07-11,2.058293629647843,1.8912010525483183,2.764271837614121
2014-07-14,2.0191569489266126,1.9071456114282124,2.8035221762070557
2014-07-15,2.03031297363117,1.9129252739650005,2.819014189229575
2014-07-16,2.0084472123896844,1.917111445902694,2.829433466053169
2014-07-17,1.9786336917957825,1.905750059471573,2.8002493775089734
2014-07-18,2.0304480265686475,1.895386429631872,2.7760706922537426
2014-07-21,2.035139382037419,1.9115303001486856,2.8115532261828906
2014-07-22,2.072497519046265,1.9220935640911618,2.8402702893577576
2014-07-23,2.085466996690562,1.9320587617193115,2.863386138331956
2014-07-24,2.0632334603559688,1.941028620553278,2.886953383334904
2014-07-25,2.007482408392552,1.9254819478159626,2.8497368312662914
2014-07-28,2.003395947673758,1.9298668012961322,2.857692606679804
2014-07-29,2.0043366793891653,1.9326572730590643,2.8654294692667666
2014-07-30,2.004111961775605,1.935845846991115,2.8731507092840936
2014-07-31,2.053903060426238,1.9167125048650075,2.8257128011712056
2014-08-01,2.039403111211313,1.8896061720861252,2.7572342351392676
2014-08-04,2.044639747888634,1.8906026537416394,2.7592761105767565
2014-08-05,2.039542691962536,1.8919982702141396,2.762743104367765
2014-08-06,1.9682458434935173,1.873262098331236,2.714851524500789
2014-08-07,2.0087317684230435,1.892396477163485,2.76151774204782
2014-08-08,1.950121586401362,1.880636977103174,2.7345984858537666
2014-08-11,2.0151879855241828,1.8985750956737408,2.77691031509416
2014-08-12,2.0290627372433794,1.9003684597262263,2.7823922023654064
2014-08-13,2.055907836053668,1.9093377329008978,2.8055022487404995
2014-08-14,2.105756088986739,1.9242858301683068,2.84075748254809
2014-08-15,2.158218045735305,1.9428216762551176,2.885855797774192
2014-08-18,2.1904300706830413,1.9511931773168865,2.907550062835737
2014-08-19,2.219713835323194,1.9605602999680725,2.9332367941177657
2014-08-20,2.236331007551368,1.965343844557281,2.9445345642193113
2014-08-21,2.2469159923710804,1.9679343381016166,2.9526907542842804
2014-08-22,2.2566526317443167,1.9717216166733922,2.9602486028644326
2014-08-25,2.2033118054515928,1.983281318825051,2.991197229900376
2014-08-26,2.208012556403352,1.9838797119127773,2.9919645452317423
2014-08-27,2.248762975850272,1.9834811681502136,2.991966032005913
2014-08-28,2.3733707300527374,1.9765046971087872,2.97411519748047
2014-08-29,2.288731825322663,1.9854739209862706,2.996860609291676
2014-09-02,2.2965688784712692,1.9932470082774918,3.016985244116901
2014-09-03,2.264438194837008,1.9996252248677284,3.0305223191160713
2014-09-04,2.250217608829771,1.9870684135610102,3.000107906534434
2014-09-05,2.2574773971209683,1.9836802117225751,2.9914865513147113
2014-09-08,2.2251070911104844,1.9912537778539792,3.0091450866679743
2014-09-09,2.2367572250561545,1.994642291214511,3.0179335548145008
2014-09-10,2.31603759179007,1.9804911918439738,2.9824596917687654
2014-09-11,2.314523256045719,1.9856726172263786,2.994387390774864
2014-09-12,2.3129334067472875,1.9908556942274693,3.0085796584040936
2014-09-15,2.3076547694802056,1.984676920868816,2.991756479874294
2014-09-16,2.289759827935678,1.9559762922188946,2.918980440423631
2014-09-17,2.3510953505579653,1.98009260593937,2.9800258294016015
2014-09-18,2.3962765649421414,1.9896600966137254,3.0044902841848193
2014-09-19,2.4588457882067507,2.0067798786397733,3.0498632043968956
2014-09-22,2.4095482921404883,1.9923954841274563,3.0114197205962583
2014-09-23,2.393781921451539,1.9706187292524757,2.955575310559066
2014-09-24,2.3993912779674997,1.9752142648486608,2.9658554878541477
2014-09-25,2.406941659109418,1.9880001182265405,2.9983543037484477
2014-09-26,2.394570285972078,1.9588313992332922,2.923687363668895
2014-09-29,2.3931259092375123,1.9536376213555948,2.9084185477975004
2014-09-30,2.4454911055385113,1.9760141911933105,2.967749465083764
2014-10-01,2.44369347660154,1.9678225084320387,2.947034451999993
2014-10-02,2.4261545888116123,1.9410513755351484,2.8779400672577014
2014-10-03,2.427793200239969,1.9532383749200306,2.907269865658596
2014-10-06,2.434800733035442,1.967222966071202,2.9407038146711537
2014-10-07,2.384896484404855,1.9476437796048898,2.8929139277553055
2014-10-08,2.375043698242562,1.930062914708338,2.849846020228444
2014-10-09,2.3856153979833215,1.9640264868667712,2.933150137118727
2014-10-10,2.1676328996542997,1.923470737005636,2.8286937667179943
2014-10-13,2.0510794295740813,1.8831135822445813,2.7288533369338164
2014-10-14,2.0148413744763136,1.8685301404209969,2.6930282654341777
2014-10-15,1.9382469692491282,1.8291724427875802,2.595329907598472
2014-10-16,1.930358710456312,1.8061970759980406,2.5397554130161315
2014-10-17,2.0818597734983055,1.857742027180378,2.668283483114389
2014-10-20,2.04076166770336,1.8575418169691462,2.6653267351093684
2014-10-21,2.059165103702273,1.9088860954703533,2.7929834235481725
2014-10-22,2.181474398076462,1.9410511910810828,2.8730366748068374
2014-10-23,2.1637544830116835,1.944447919364016,2.8808344054466666
2014-10-24,2.194025209414526,1.9582329855239617,2.912361440952791
2014-10-27,2.222500214167388,1.9662238923001292,2.9343295942615817
2014-10-28,2.2837365146464466,1.980608243454066,2.9699469998471524
2014-10-29,2.339831486923263,1.994593420943529,3.006019488579238
2014-10-30,2.3159223593820775,1.9848034319887125,2.980504059371956
2014-10-31,2.4580334420936527,2.031153573451199,3.1006975634837097
2014-11-03,2.4960525592566936,2.0291562041371947,3.094273448936201
2014-11-04,2.4784431112595326,2.0251605541140876,3.083674142156579
2014-11-05,2.5335101845125614,2.0381462390321627,3.1168692878349824
2014-11-06,2.501600771100957,2.024760749667082,3.0820451834037943
2014-11-07,2.4869621734291325,2.034949866040199,3.110324133569612
2014-11-10,2.4451423002511627,2.0305546988507404,3.0978812900406454
2014-11-11,2.39798801273901,2.037147274074709,3.116031009670108
2014-11-12,2.426929835361043,2.0349494427367136,3.10925194100567
2014-11-13,2.459466663868068,2.0505327171133754,3.149786614868244
2014-11-14,2.474901663431798,2.0549284867341084,3.161922303786844
2014-11-17,2.4965903018257785,2.0571254867442734,3.1665773810178983
2014-11-18,2.4199207519129247,2.0575251555636545,3.1680649992469494
2014-11-19,2.4656674121338136,2.0689119377647462,3.19743342178716
2014-11-20,2.590721761981559,2.05293019275581,3.1556999270616717
2014-11-21,2.457042674710066,2.089291065747911,3.252473527339942
2014-11-24,2.451609853242221,2.0805004466786,3.229857232293754
2014-11-25,2.3817282498046715,2.0942856790822773,3.2654166738156154
2014-11-26,2.3738581862397794,2.096283744722937,3.270869642753268
2014-11-28,2.3207169062629864,2.1134643015744397,3.317890405827747
2014-12-01,2.4860773990906306,2.1118661859660315,3.3132206820017234
2014-12-02,2.5621211880388532,2.0958835167364307,3.2696912933955944
2014-12-03,2.392256064403818,2.10527420476332,3.293668385765015
2014-12-04,2.4190906383870248,2.1038749353121715,3.2889694405085086
2014-12-05,2.350389635642696,2.108270055427914,3.302712275525652
2014-12-08,2.3540101353647755,2.0996795501445122,3.2776464984567215
2014-12-09,2.5576716142354083,2.0657166978227344,3.187489833838175
2014-12-10,2.5818804423889414,2.0928872131923026,3.2610659079981623
2014-12-11,2.6407291982934593,2.0697119701543443,3.198732904179709
2014-12-12,2.6355083639751897,2.053729737843664,3.1563628594342292
2014-12-15,2.639572846208166,2.06152070528947,3.1759842959503484
2014-12-16,2.6184294806133974,2.016968890618826,3.0621170240726623
2014-12-17,2.6097391395226426,1.9985892114456578,3.012711941468331
2014-12-18,2.62726387578975,2.0627202219169436,3.1798039299944825
2014-12-19,2.6321261897897914,2.084644425484477,3.236082576087131
2014-12-22,2.637069403335989,2.088253588985416,3.2454105548757273
2014-12-23,2.6519438104600757,2.1044960980782053,3.288546755433808
2014-12-24,2.6334840043524466,2.0920634884374247,3.2563637685196967
2014-12-26,2.6427731164049493,2.0972770684599156,3.2678996220294367
2014-12-29,2.6442011945330193,2.1040955414312768,3.28652959796238
2014-12-30,2.6422500532714683,2.099684054887156,3.2736132232394604
2014-12-31,2.64105667147361,2.095272161138541,3.2608413701753505
2015-01-02,2.6313557820673017,2.0804333948458202,3.221312146882889
2015-01-05,2.6170089437532593,2.0549654129189383,3.1548056784241805
2015-01-06,2.6174354324831106,2.036718186846412,3.1056082196932353
2015-01-07,2.6066256592959594,2.0196727317191865,3.061890987849273
2015-01-08,2.6169925497523345,2.049550963023265,3.140452518083701
2015-01-09,2.6271821518591634,2.0776250052876772,3.211884497097192
2015-01-12,2.623082538958589,2.061582929617121,3.1703547723739915
2015-01-13,2.6168309517956776,2.0559679701909825,3.1523754971749045
2015-01-14,2.599587618456878,2.015060761591211,3.0466641034258144
2015-01-15,2.606454823821795,2.0337095822992715,3.0959142650003737
2015-01-16,2.5971493309722704,1.9954088120355635,2.9989386155937994
2015-01-20,2.604836555655559,2.0337096333000213,3.097939713086573
2015-01-21,2.6115295007966117,2.03150359017314,3.0910612840157325
2015-01-22,2.6255043908820848,2.055967877992731,3.1568713110676403
2015-01-23,2.6335388810585356,2.0856466214702056,3.232945682000473
2015-01-26,2.6382668372879126,2.0880529718530703,3.239606204882451
2015-01-27,2.621004473945745,2.055166604233189,3.1536878022246704
2015-01-28,2.61845418221774,2.0665964204411855,3.17707538617235
2015-01-29,2.5998374312867285,2.0218779678944623,3.0626167759143312
2015-01-30,2.613238772914665,2.041129276770841,3.1128139350489814
2015-02-02,2.6074710068373252,2.0317043335561813,3.0876303985097344
2015-02-03,2.6078554885999443,2.0521580362409995,3.138870732483261
2015-02-04,2.6016910453974416,2.0559677679853126,3.149485039895863
2015-02-05,2.609460951646756,2.067799219616408,3.180300635651094
2015-02-06,2.613549335377023,2.083641426109037,3.222901400073373
2015-02-09,2.595552320740752,2.0597787186501364,3.160634673606245
2015-02-10,2.5994429698192025,2.072612661430225,3.195340742247846
2015-02-11,2.7014924642153297,2.0956734816984506,3.2544550088381454
2015-02-12,2.7766548173769494,2.114522333109672,3.3018733395028788
2015-02-13,2.8685294338309233,2.13136721502568,3.3482291247358527
2015-02-17,2.9001136081495025,2.1435995997617883,3.3803752253879393
2015-02-18,2.9022766981552577,2.142997938216289,3.379478762552788
2015-02-19,2.900468306548936,2.147208912401,3.389520228376149
2015-02-20,2.937731326800877,2.1578372849485303,3.4185047821109333
2015-02-23,3.0012657592229406,2.172475353402981,3.459214276487286
2015-02-24,2.94791413368744,2.1730763343560966,3.459565612517157
2015-02-25,2.766946932233038,2.1742801894089037,3.4618564659138764
2015-02-26,2.767084966297239,2.1742808061626646,3.4620324248059164
2015-02-27,2.772002580618346,2.1823010016182276,3.4838648546741946
2015-03-02,2.72218910656413,2.1776889779083746,3.4705433484055312
2015-03-03,2.7051207962805464,2.1865122800588463,3.495148337085457
2015-03-04,2.8181726145052273,2.1756837456782625,3.465243644550652
2015-03-05,2.789918722861471,2.180095406451262,3.4770332731050573
2015-03-06,2.7515365706573824,2.175483451429852,3.4650922565493243
2015-03-09,2.681396699963661,2.1580374694044973,3.416503120169236
2015-03-10,2.675411224614637,2.144401141793201,3.378592223178319
2015-03-11,2.5995910052973747,2.122945133354791,3.3182725511502063
2015-03-12,2.5969803134539315,2.1058998187612614,3.2749475714924965
2015-03-13,2.6008756369970705,2.1193350714561046,3.3109781289462052
2015-03-16,2.605912241937321,2.1199368527597713,3.312258166767973
2015-03-17,2.6108616584584428,2.1335732409299264,3.346159380880967
2015-03-18,2.6205683518131417,2.1369820284636436,3.356829512049273
2015-03-19,2.6402502207586047,2.166058420974747,3.4353122312885462
2015-03-20,2.6552437922792116,2.1849089114313207,3.4844299054195353
2015-03-23,2.6565011589189584,2.179884295491312,3.472321317320031
2015-03-24,2.646987444760372,2.1766684256961595,3.4615867914053298
2015-03-25,2.649721692543436,2.172447723476896,3.452256750890773
2015-03-26,2.58511620411385,2.101900001515746,3.263621126474549
2015-03-27,2.577046373718068,2.1117490179698133,3.288949473544522
2015-03-30,2.598546302542913,2.1334559426485624,3.348685112476867
2015-03-31,2.598469250670317,2.1388826402962695,3.360470056665071
2015-04-01,2.5910564166698165,2.122199896313279,3.315965521553968
2015-04-02,2.5852224163997266,2.1131556651606807,3.2903766548422015
2015-04-06,2.576570835494363,2.1000912996678363,3.2561773474798876
2015-04-07,2.5901289830410024,2.1286313595457376,3.332884406598863
2015-04-08,2.5901450411561524,2.1270239125836534,3.32796638497993
2015-04-09,2.597489940663709,2.1420977092882936,3.3695267880790953
2015-04-10,2.612595117811022,2.155765236639203,3.406545558577437
2015-04-13,2.615299638873406,2.1670214664602563,3.4352020246396333
2015-04-14,2.613766684073889,2.1577750465141525,3.411345789529176
2015-04-15,2.613125504495364,2.1593834224343427,3.4154598598676267
2015-04-16,2.609993471512527,2.161392991911688,3.4197500025702396
2015-04-17,2.59680214454555,2.143505910169207,3.3707981453868086
2015-04-20,2.5966381118095097,2.141092955445863,3.3637540853359127
2015-04-21,2.609999603088415,2.1748594046103675,3.4536476075159572
2015-04-22,2.6043389399619876,2.1772712111376125,3.459145349804017
2015-04-23,2.5893882805344997,2.1760659148588353,3.4568417210640274
2015-04-24,2.679358898348389,2.2148568816479037,3.561044512899903
2015-04-27,2.6810774515180444,2.2297292861622235,3.6023001139596103
2015-04-28,2.6516620835017997,2.217468878077715,3.5686054775921323
2015-04-29,2.6160383315916116,2.199179685027109,3.5178706078802353
2015-04-30,2.573445410694412,2.185109835646892,3.4800524129118346
2015-05-01,2.539959955344203,2.1714430966114406,3.4410345034059358
2015-05-04,2.6562461525649423,2.198575746625586,3.513487260304776
2015-05-05,2.614558411644648,2.1865171739009313,3.4819285740577897
2015-05-06,2.5257700106618493,2.1632024982496194,3.4176652429885963
2015-05-07,2.4711491000622834,2.1439074657133914,3.366435889251053
2015-05-08,2.5912985736447642,2.1796832520923286,3.461539972513899
2015-05-11,2.6094632589401057,2.1857130674435803,3.477686331951404
2015-05-12,2.5438930855607675,2.1630006589486523,3.415781713711749
2015-05-13,2.5757653731343546,2.1754625996223793,3.4509193039006414
2015-05-14,2.6298640345772815,2.188125050551563,3.4843617564454727
2015-05-15,2.6961652197798944,2.207822097912236,3.5373402235544433
2015-05-18,2.6671906158699366,2.198576593217868,3.5116656350269517
2015-05-19,2.7435006609640435,2.2142534298768215,3.553979622282141
2015-05-20,2.73070414308821,2.211037426522225,3.544928620059088
2015-05-21,2.712919806479526,2.207017250462006,3.5339411162769037
2015-05-22,2.7614270522643714,2.2196800168194217,3.5683661690942365
2015-05-26,2.7430978439477784,2.215258276883999,3.555352918860831
2015-05-27,2.7034284536937254,2.2011891685505027,3.516543190940381
2015-05-28,2.848267240026063,2.2257100975035065,3.5818031729277853
2015-05-29,2.849529470742058,2.2234986119985107,3.5757443543628593
2015-06-01,2.8638294082121507,2.223498929866799,3.5762650141468293
2015-06-02,2.880030019205121,2.210836293055231,3.5412576923443115
2015-06-03,2.8881769074712027,2.2220922089716137,3.5726754015578672
2015-06-04,2.809561527138122,2.2062143290536445,3.528792543267153
2015-06-05,2.7721396908907163,2.1991792574869167,3.5090041910548626
2015-06-08,2.7687033246097643,2.1955612946580962,3.4988057828018473
2015-06-09,2.6561211036988683,2.169031092208642,3.427769238398277
2015-06-10,2.6947411159820924,2.178075188577521,3.451400525691519
2015-06-11,2.7932830960476545,2.2078216637142902,3.530826442782849
2015-06-12,2.738546917106638,2.1919428684979083,3.487914255245378
2015-06-15,2.6523578396664655,2.169232176562172,3.4269136281714174
2015-06-16,2.6467731350621677,2.172447296009029,3.4340808095626905
2015-06-17,2.6902906739633186,2.1901347203798864,3.4836316404079635
2015-06-18,2.7084857747663094,2.200586759066238,3.5059288400950597
2015-06-19,2.796449708336132,2.2255920442145927,3.578487694092809
2015-06-22,2.810508427292671,2.2298227578005507,3.5899334423897016
2015-06-23,2.827625663487398,2.232239455220847,3.5970255125392896
2015-06-24,2.798537168582989,2.2290167917658685,3.5871744286992215
2015-06-25,2.7903529687734814,2.2288146045472796,3.5861347683940425
2015-06-26,2.7715909878286076,2.215317972104574,3.5487199973171517
2015-06-29,2.5905961828051676,2.176639008164011,3.4434206228400153
2015-06-30,2.5330966472000287,2.1651563200414574,3.410879193317753
2015-07-01,2.576418577123714,2.1780492333753805,3.4449048497681725
2015-07-02,2.5650197745301293,2.1800632758624756,3.4499071697453436
2015-07-06,2.4886925950579633,2.1607241734469462,3.3995553465611774
2015-07-07,2.498217019803142,2.1718040650898836,3.4291613115645205
2015-07-08,2.4532150517031015,2.159313871154572,3.394712750738489
2015-07-09,2.4729259023522046,2.1653581915609807,3.4106193225760664
2015-07-10,2.421055311059871,2.1641493592428116,3.401429320300527
2015-07-13,2.4887501234045026,2.1871148244021206,3.4654965263463184
2015-07-14,2.5349170173435183,2.2094755332226823,3.5263580546594406
2015-07-15,2.5736128753693985,2.2251888599764382,3.566580009413852
2015-07-16,2.6063569895723777,2.2417082682724296,3.613422371046594
2015-07-17,2.659905848131702,2.2729326081281793,3.6979103828057847
2015-07-20,2.7064830578626413,2.292876050535126,3.755361285914583
2015-07-21,2.6938057668345867,2.2967040308915787,3.7647415647407754
2015-07-22,2.588512241680401,2.2594357508437395,3.6600391954951843
2015-07-23,2.6191686064510957,2.270716988234001,3.6925156165403816
2015-07-24,2.6637615628772617,2.272127211845769,3.6937050413658246
2015-07-27,2.684031768353734,2.2251887220623816,3.567201674847413
2015-07-28,2.676853961668337,2.229217939322006,3.579589985696699
2015-07-29,2.692227916995969,2.243319497063391,3.615784646118767
2015-07-30,2.6922041462529562,2.2417077645940644,3.6119861902699526
2015-07-31,2.746736922846043,2.2646741132045003,3.6745505662108147
2015-08-03,2.702397094674874,2.255406684293458,3.650494619860904
2015-08-04,2.7077174107653614,2.2469462484963065,3.6244237947185534
2015-08-05,2.7060209830441564,2.2562123829010923,3.6509771275864886
2015-08-06,2.702504388815796,2.2630615707723565,3.6689801989754764
2015-08-07,2.7162859814783378,2.219346731702645,3.5500395797833466
2015-08-10,2.7049265982295347,2.2360674198798662,3.595628810877455
2015-08-11,2.6915772973256216,2.2354632069572196,3.592158365538948
2015-08-12,2.7182559192348887,2.203230845451167,3.5064644822034556
2015-08-13,2.6966292847599815,2.228412068095299,3.573394240956146
2015-08-14,2.7090611951376795,2.2173322207513486,3.5428363975142796
2015-08-17,2.716325144690337,2.2205553753468767,3.5516337796220103
2015-08-18,2.7043579028131033,2.24150703777188,3.6053030574554916
2015-08-19,2.7148574902021108,2.226195418412691,3.5652298237335223
2015-08-20,2.7381246707645506,2.197791076805797,3.4899840513803957
2015-08-21,2.7781571199374637,2.1264770289998474,3.2996138698585957
2015-08-24,2.7053850988091472,1.8980315527013576,2.825932784933
2015-08-25,3.1045649567848708,2.0559690137117244,3.134234040632374
2015-08-26,3.0200728188055983,2.0336082142859553,3.0804371346098836
2015-08-27,3.2210647992728276,2.1053253581830296,3.2616352796217765
2015-08-28,3.1817271549080806,2.1166065603898505,3.286330482143539
2015-08-31,3.178840500104925,2.11559946768659,3.283842857445235
2015-09-01,3.273745365163219,2.0487167560514,3.107772994652722
2015-09-02,3.201229791473423,2.0722868257002416,3.1659497885675565
2015-09-03,3.1697780240792857,2.1010942321554165,3.2407262982248417
2015-09-04,3.178985503239403,2.0539550078070805,3.117037445028202
2015-09-08,3.1642642134354397,2.097267487391016,3.2301054250405907
2015-09-09,3.1706944652189657,2.140780551184082,3.343343949166782
2015-09-10,3.1231249211503225,2.089611437127597,3.2094931701382046
2015-09-11,3.1198527084207863,2.105123520224345,3.2501859342346937
2015-09-14,3.1180511578084946,2.1343337147882973,3.326516810298022
2015-09-15,3.1212324575351964,2.125067049244357,3.3027800877132796
2015-09-16,3.185264121470007,2.145414140895771,3.3576198955926606
2015-09-17,3.200158449052817,2.1548816669110122,3.383464158369716
2015-09-18,3.114018172429399,2.1247854672332687,3.302563434329283
2015-09-21,3.1495074267363568,2.138921273315954,3.338181398150057
2015-09-22,3.0429814731881994,2.10115799293774,3.2386373897778316
2015-09-23,3.042390873084052,2.1076208979193765,3.2556516112844385
2015-09-24,3.0249594834427063,2.0831855158648596,3.1915367212903316
2015-09-25,3.0506490145659098,2.1183234301470715,3.28748206214766
2015-09-28,3.097696037692768,2.0692512981812143,3.158158526323083
2015-09-29,3.1624734652278343,2.0240163084245237,3.0388505984443857
2015-09-30,3.079318445741383,2.0371433309754066,3.071180274441691
2015-10-01,3.046280476267389,2.0583464959706377,3.1234773591992426
2015-10-02,2.9931366963628907,2.0353255605410907,3.065358387490514
2015-10-05,3.0714450676415805,2.1156976576104136,3.2763697160575385
2015-10-06,3.1034552405007263,2.125189791286189,3.3028974403701112
2015-10-07,3.1305977856674225,2.1334694045091065,3.3228649492717213
2015-10-08,3.114698682021808,2.12478530091183,3.29950326500597
2015-10-09,3.1749321381383084,2.1423542366691946,3.3452937754106813
2015-10-12,3.1958904557267123,2.1550762109578665,3.3804340559712136
2015-10-13,3.1736490040805814,2.143970213423968,3.3491775807248634
2015-10-14,3.1588236774312883,2.142354579649569,3.344952753935002
2015-10-15,3.2064268132867917,2.146797100648052,3.356668567008048
2015-10-16,3.2938471848317135,2.1787046306272475,3.4413325069608867
2015-10-19,3.285220554307444,2.1803194228663805,3.4435891202288156
2015-10-20,3.331208325369448,2.191830418082708,3.4757222560367973
2015-10-21,3.344057799548909,2.1954653495578245,3.4854241058136592
2015-10-22,3.3218595236942057,2.1904164108935524,3.471452273287107
2015-10-23,3.5658502540070423,2.2748285048380352,3.7011751205649936
2015-10-26,3.742344359049072,2.275635370202011,3.703315165982013
2015-10-27,3.9362072543414475,2.2726072970574833,3.6951139626992853
2015-10-28,3.7083279279769865,2.2867427858964504,3.7356412846120466
2015-10-29,3.635956167332058,2.2917914018517784,3.7469744924079698
2015-10-30,3.641022305451317,2.299666437237767,3.7697651632134406
2015-11-02,3.674511831858523,2.2944171479330726,3.7534146595659545
2015-11-03,3.7252467903131135,2.3095626264199507,3.7962882569808367
2015-11-04,3.7275578014892092,2.329958665671641,3.851914113571761
2015-11-05,3.968026382182547,2.3245064425625155,3.8378956631056576
2015-11-06,3.838186677387066,2.311783768221099,3.8031843047163005
2015-11-09,3.7557537531662,2.30915835690084,3.7942830911494445
2015-11-10,4.121550235840217,2.281088806978497,3.7158420657302687
2015-11-11,4.157109428905017,2.2936088116056923,3.7510694655772174
2015-11-12,4.166869665291227,2.2752321910202604,3.6985925048378028
2015-11-13,4.1726147172463515,2.252816813088612,3.6383951231108673
2015-11-16,4.199482592256001,2.215660298182409,3.535280316123876
2015-11-17,4.161672989501501,2.253624907095434,3.638496133641623
2015-11-18,4.161622972505649,2.260288957910116,3.6562430239150046
2015-11-19,4.155434481037141,2.2956282391959424,3.754189173609872
2015-11-20,4.153697990920727,2.306937500130481,3.7835494366026188
2015-11-23,4.157921046972513,2.312389598563693,3.7986832254934235
2015-11-24,4.131151361718746,2.2899741859160394,3.737318592443872
2015-11-25,4.115589159724716,2.306331429871265,3.7808130991698308
2015-11-27,4.118749216299181,2.309965413194473,3.792616707152384
2015-11-30,4.141128254805081,2.315014659733941,3.8065090893986504
2015-12-01,4.143106685360526,2.3115818124057745,3.795484763515808
2015-12-02,4.167533262136873,2.3271315732479128,3.839002262069783
2015-12-03,4.155341491262236,2.317236192843499,3.8122133200233304
2015-12-04,4.110677243992003,2.2786657534912496,3.703231553380589
2015-12-07,4.150778465654127,2.326525837716136,3.8351075481162127
2015-12-08,3.9803885427668666,2.29017657187037,3.7343230764796735
2015-12-09,4.025118147546799,2.304513495784748,3.7727772991611
2015-12-10,3.9433089466310087,2.28472330254444,3.717484379664888
2015-12-11,3.855590038701279,2.263317685206999,3.658518719881256
2015-12-14,3.7396389906540954,2.2400942615271187,3.594315085003492
2015-12-15,3.75031011856698,2.274828389915292,3.6841770335874324
2015-12-16,3.783663198767349,2.2831073198294805,3.710290608555999
2015-12-17,3.81034857467959,2.3115816822357695,3.786395463359772
2015-12-18,3.5980877339023296,2.2609133366988456,3.648094964206892
2015-12-21,3.592910804013678,2.2455187320875862,3.6047002306261415
2015-12-22,3.5541561544235645,2.2611158768860404,3.646680965938344
2015-12-23,3.55694487830447,2.2756994926192693,3.6859337851202127
2015-12-24,3.5576714501569873,2.280764118673548,3.698918043501083
2015-12-28,3.5518876118753515,2.274890065600209,3.6816915630979135
2015-12-29,3.6235464261994146,2.292714813375223,3.7323897142866116
2015-12-30,3.6762711262392203,2.3129706580522424,3.7872093701047413
2015-12-31,3.5746034620627665,2.2860313244103483,3.713372431538104
2016-01-04,3.3190768064983946,2.216755774615219,3.5211016499801837
2016-01-05,3.30409264219335,2.2287055722150204,3.556287359924526
2016-01-06,3.465173701887504,2.175433518272069,3.4165805158214324
2016-01-07,3.555144244629032,2.1458592845724063,3.3345031792324233
2016-01-08,3.563969914150669,2.1393776351368063,3.3135962574746785
2016-01-11,3.494098127029592,2.1215528354322584,3.267659422322908
2016-01-12,3.5386526725664815,2.1333011099778525,3.295053521099627
2016-01-13,3.5544415297735696,2.146264931521868,3.3301635202066358
2016-01-14,3.450273996788775,2.0719261853213005,3.133680044006488
2016-01-15,3.349560713020521,2.0378966128182836,3.0385107958917734
2016-01-19,3.3129211223149317,2.070102855596418,3.1216947050388675
2016-01-20,3.3285324493366577,2.0146020814337233,2.981971505688467
2016-01-21,3.3449240913908804,2.049238927315164,3.071203965711058
2016-01-22,3.4334284327264606,2.0836738157552626,3.1574510415469774
2016-01-25,3.3822218909107913,2.0942078983888357,3.1872150294640558
2016-01-26,3.3904631581466655,2.079217693126471,3.144453974614914
2016-01-27,3.3913878190200077,2.076990464945824,3.138496332680646
2016-01-28,3.3907728576651217,2.070913030334479,3.115424068353384
2016-01-29,3.2654076283690134,2.0652418360592226,3.1067291138882336
2016-02-01,3.276358440463387,2.0988664910337778,3.186706820703286
2016-02-02,3.277504963935791,2.1049424560930743,3.205258149285335
2016-02-03,3.204064858814677,2.0826613189610477,3.1427669985084936
2016-02-04,3.1721473568487975,2.0534928963101264,3.067976085838532
2016-02-05,3.2308131341047464,2.0514676680541823,3.0654658736843823
2016-02-08,3.137340413934452,1.9501874041419778,2.8140019903208913
2016-02-09,2.998577778359741,1.9307422989233247,2.764623167836024
2016-02-10,3.0937146299007727,1.9732799906909282,2.8722700678882376
2016-02-11,3.0256081462630533,1.9333759041476848,2.773371941542318
2016-02-12,3.0863606228288685,1.977533682979715,2.882090667372858
2016-02-16,3.158025966628464,2.014602065562448,2.976693932594251
2016-02-17,3.134280783158433,2.0447826994577185,3.0527724446597295
2016-02-18,3.175170612144664,2.0824587898009943,3.145716386734231
2016-02-19,3.0727734697298956,2.0423524003838014,3.0477320814130575
2016-02-22,3.1802023063127502,2.0775971992461923,3.1336848086479674
2016-02-23,3.1814569563806447,2.0796230369371274,3.1364101058310565
2016-02-24,3.0380819461479582,2.0332366024097417,3.019921698235102
2016-02-25,3.1862190805774953,2.0812435656411887,3.1446491138784154
2016-02-26,3.2809728495093036,2.1134504214417227,3.2233371896483423
2016-02-29,3.2314508324620626,2.092789137227475,3.174388005135959
2016-03-01,3.240421780698238,2.0958274198296167,3.1789604230937005
2016-03-02,3.288665233118556,2.1399853795031625,3.291422802425021
2016-03-03,3.265840843333738,2.1412005194885455,3.295671155629665
2016-03-04,3.182079625646501,2.1418083344006726,3.297092121281956
2016-03-07,3.228810006946099,2.1292500908695926,3.2642572912125507
2016-03-08,3.1993086991788857,2.112437649758832,3.2193577854289734
2016-03-09,3.2183210857813473,2.1172988822189396,3.234151059554199
2016-03-10,3.2155630744602157,2.131882645900854,3.2738548546676145
2016-03-11,3.249758527981048,2.1426181884880267,3.296570112172932
2016-03-14,3.273376173865665,2.148695997465039,3.3127408778353713
2016-03-15,3.2851770429619505,2.152746766462129,3.323602070124844
2016-03-16,3.289538823739368,2.15436696744623,3.324816241679187
2016-03-17,3.3583269338265516,2.1725969531211833,3.3753165832747674
2016-03-18,3.4306919622061263,2.182902664265162,3.4002868059784674
2016-03-21,3.440681003861128,2.1772145952592252,3.387315856128093
2016-03-22,3.3845290137385557,2.177214316543131,3.386931211858297
2016-03-23,3.3572503455384464,2.192045189606159,3.425470580799553
2016-03-24,3.521334712024069,2.1676663854095657,3.3584546250208356
2016-03-28,3.6263054413001345,2.184934356211614,3.4088302469455543
2016-03-29,3.560679163154357,2.1717292361461498,3.3722345375257903
2016-03-30,3.7952878583624785,2.2239419166386867,3.511291461389753
2016-03-31,3.7842601446568316,2.2198777564111185,3.500513615668734
2016-04-01,3.8932106598313334,2.2048444944892234,3.463259891796928
2016-04-04,3.8973385988984566,2.241819150251808,3.5568795876464097
2016-04-05,4.338068682439624,2.216017763658453,3.489333524216866
2016-04-06,4.365203868027052,2.21398701767879,3.487211248539906
2016-04-07,4.448263835529981,2.235115112696771,3.5404877590350936
2016-04-08,4.412596052869482,2.2296295145409872,3.52248730633716
2016-04-11,4.401367992690671,2.2237382761718423,3.507707040175077
2016-04-12,4.325178777786152,2.207687795545034,3.4648804619202953
2016-04-13,4.464645006792393,2.2416161264369903,3.555819882435385
2016-04-14,4.526721251977384,2.253398891487218,3.5852379708747484
2016-04-15,4.52763814666069,2.251367515123373,3.5793598932051123
2016-04-18,4.443924714559994,2.2410064032835124,3.5537230432764173
2016-04-19,4.577370743409035,2.26376059668267,3.6211822108560314
2016-04-20,4.456239106427984,2.2456790647157967,3.56313850666483
2016-04-21,4.57221466725221,2.24628916739316,3.5696341416207398
2016-04-22,4.5370916525542375,2.2184560310733628,3.49359578439341
2016-04-25,4.494680366242148,2.207079138392157,3.457962907872386
2016-04-26,4.532057047839453,2.218455332673971,3.489605756416229
2016-04-27,4.450532070392977,2.1804653983468136,3.3924156479487304
2016-04-28,4.49936343250037,2.1877790789293274,3.4112603696084722
2016-04-29,4.414999955899266,2.158929996937191,3.3302846581405015
2016-05-02,4.371879612508528,2.1530378200866775,3.318234312876937
2016-05-03,4.366210875531223,2.152429042296151,3.3158199292833066
2016-05-04,4.332772779850603,2.134754202149773,3.2705927231650196
2016-05-05,4.342420805721655,2.141661921218187,3.285491648662674
2016-05-06,4.2996987381192175,2.1227680317160336,3.2374983199584055
2016-05-09,4.35528936045061,2.1449119516034387,3.2961271161255166
2016-05-10,4.380943415657426,2.158523895637434,3.3308272373566425
2016-05-11,4.415781498964324,2.1770109737121874,3.37974626445052
2016-05-12,4.395965377284964,2.1656346295027413,3.3512784709940395
2016-05-13,4.35117308545293,2.1491779765102934,3.308792519296135
2016-05-16,4.345862986516476,2.146334453202857,3.2948564918754686
2016-05-17,4.393905878125049,2.168072359651047,3.356785562449956
2016-05-18,4.333443652160176,2.1378015880067007,3.2756841760201727
2016-05-19,4.356446320937363,2.1420681070824164,3.284265418348351
2016-05-20,4.385826600157862,2.1477567100994768,3.300161665929052
2016-05-23,4.419291903228358,2.1652280492673563,3.3442282479795837
2016-05-24,4.455714041851497,2.1719317162176583,3.362521241219712
2016-05-25,4.63258268908943,2.2115482950607714,3.467760339843452
2016-05-26,4.673133449873664,2.2212999352422518,3.4939697368140252
2016-05-27,4.694316506372592,2.226988479782056,3.5072012276620375
2016-05-31,4.771600942864587,2.240193815254465,3.544858902289134
2016-06-01,4.737932388565734,2.2345050224588796,3.5275571053388997
2016-06-02,4.719289275878852,2.237146281413131,3.532972549460816
2016-06-03,4.70943350193802,2.2420223497847034,3.546477558960334
2016-06-06,4.649225707257267,2.2397871670921954,3.5393984699292216
2016-06-07,4.6394813992770585,2.2450695585541425,3.558276012164999
2016-06-08,4.655970293549827,2.242022103692736,3.548501884508699
2016-06-09,4.664578902178898,2.232879996391023,3.5223685998490653
2016-06-10,4.708080956354627,2.218049428704395,3.48351876266253
2016-06-13,4.822041509366498,2.2003748423742513,3.4369473328508824
2016-06-14,4.717565021878501,2.188591546225499,3.4036574951983103
2016-06-15,4.708435345438377,2.1997653000177313,3.433233678939625
2016-06-16,4.625046056350672,2.17741701580049,3.3750623649209235
2016-06-17,4.62275099662112,2.190143386454021,3.409631420386032
2016-06-20,4.6170064754175115,2.194217467368058,3.4183859421829497
2016-06-21,4.621433875668166,2.1854577818246335,3.396623851987944
2016-06-22,4.604989419989342,2.1907544445083134,3.4095574743801844
2016-06-23,4.581917061989098,2.201143020380663,3.4359343794048955
2016-06-24,4.341245143192252,2.1365703848277464,3.2630196544299204
2016-06-27,4.356080128493901,2.110088839809342,3.1863989550239613
2016-06-28,4.332734426364693,2.1049970111263283,3.1738467051375405
2016-06-29,4.444098393847555,2.1443104624207314,3.275443061383609
2016-06-30,4.429210048744533,2.168958496851782,3.3367550696481083
2016-07-01,4.429226677608766,2.189329147041706,3.3903453246123325
2016-07-05,4.410993216489935,2.189736094912653,3.3949835677564892
2016-07-06,4.361130665082169,2.1775142950385296,3.3594537950878736
2016-07-07,4.34537373907189,2.207865729089557,3.4401435620350207
2016-07-08,4.37254524119847,2.224161255259895,3.478893857514827
2016-07-11,4.419328794979844,2.2541051484235153,3.563004550300763
2016-07-12,4.436910165411136,2.273253521988156,3.612106931003937
2016-07-13,4.423649361078834,2.27610494483074,3.6229793593091255
2016-07-14,4.3975582650308755,2.280383071623462,3.6323065833798487
2016-07-15,4.416698149386066,2.2860867471582162,3.6465483173989974
2016-07-18,4.430528286093906,2.278549295558769,3.6272858822898995
2016-07-19,4.402223097079569,2.284253179475665,3.6424920091461415
2016-07-20,4.337282965185032,2.2962714062722385,3.672608310258182
2016-07-21,4.410088601515891,2.312160594273677,3.717777238993916
2016-07-22,4.448671683962518,2.3068643253230965,3.7038034915415903
2016-07-25,4.495824923419533,2.3129750236303055,3.718616032306484
2016-07-26,4.531734076406536,2.314197046016963,3.7231020907241303
2016-07-27,4.627214214423204,2.337215248969166,3.784196703875371
2016-07-28,4.5729699503730545,2.337419254316564,3.785495597701366
2016-07-29,4.396217480162562,2.3471962956689802,3.812356000395009
2016-08-01,4.089825558811435,2.3486220121622194,3.816416608991884
2016-08-02,4.101271427377623,2.35595520480881,3.8356208961422276
2016-08-03,4.286330666426703,2.339659953751454,3.7910062855220787
2016-08-04,4.354465773670848,2.3484194379581833,3.815636977695921
2016-08-05,4.459093175037802,2.3679743433791214,3.87086142881686
2016-08-08,4.5184770181860054,2.3797884792624644,3.9021894354481015
2016-08-09,4.344210081270353,2.3777510410895664,3.8951886624795624
2016-08-10,4.282804865065522,2.38284386491566,3.9076206963122786
2016-08-11,4.409547880701315,2.383454934585857,3.9096076732001515
2016-08-12,4.464159737091071,2.3814181339049374,3.904232474225442
2016-08-15,4.310719570874476,2.390176758683387,3.9294293474070865
2016-08-16,4.412723689940001,2.392826048561381,3.9364143096129283
2016-08-17,4.478411864000671,2.384677389487376,3.914095720559196
2016-08-18,4.4807434956377366,2.3861034368538867,3.9175166873165277
2016-08-19,4.5016777414026565,2.3846773854576826,3.9144811343125543
2016-08-22,4.51454438882534,2.384881088046743,3.913085938254104
2016-08-23,4.538809327709028,2.399547629257412,3.952923521683661
2016-08-24,4.537170556855017,2.392825366471727,3.9360185748552947
2016-08-25,4.794000964897,2.3728627689128348,3.8788530264940575
2016-08-26,4.822097112938861,2.3759186157750576,3.88880185559082
2016-08-29,4.841479432314837,2.3791777821387723,3.8978629463669185
2016-08-30,4.847466038223182,2.377954903592551,3.8946361459990375
2016-08-31,4.821261345829968,2.3704188152919956,3.8732095760371874
2016-09-01,4.815498613149577,2.372455467386934,3.878469340782239
2016-09-02,4.811340098264817,2.3895659696839058,3.926000903314644
2016-09-06,4.757009282123764,2.389566231792847,3.9260608401356785
2016-09-07,4.670165901033484,2.4026031392322924,3.960805831785294
2016-09-08,4.608265298882879,2.3946589799902003,3.9396505242135538
2016-09-09,4.61566650098165,2.3677702252671007,3.8655296071801324
2016-09-12,4.322376672397015,2.3146043391921918,3.7189052584996607
2016-09-13,4.459930594370694,2.3575854457072656,3.830655712347445
2016-09-14,4.406572707788159,2.3506590485951127,3.8136654237846446
2016-09-15,4.4536570381639455,2.360029441731601,3.8391694627250366
2016-09-16,4.628107031799335,2.393511737400348,3.930965175572462
2016-09-19,4.668334835774078,2.4010678874909033,3.9510842462493185
2016-09-20,4.645883391995131,2.39310394101312,3.92697894436251
2016-09-21,4.650210053414826,2.399229684807371,3.9449307312246047
2016-09-22,4.804930823132571,2.426594219875067,4.023966016048076
2016-09-23,4.7990314451993346,2.4298612312313463,4.027144477433488
2016-09-26,4.665382141069732,2.402496862372755,3.9544323927886595
2016-09-27,4.625004442056947,2.3943290013922174,3.934614854483909
2016-09-28,4.7785754152809,2.4227132398764084,4.008655554556151
2016-09-29,4.773801095522442,2.4196509685319074,4.003185936252334
2016-09-30,4.7998200583126325,2.4125037119362496,3.9851426183182026
2016-10-03,4.840131358597339,2.4210802416749675,4.002761755436532
2016-10-04,4.862798783070221,2.4278190159392303,4.021533836059206
2016-10-05,4.841143358228058,2.4241433969313766,4.01308085395702
2016-10-06,4.8474029943571715,2.4225092648205573,4.007618120488477
2016-10-07,4.890903889378692,2.426593593008272,4.019832288585842
2016-10-10,4.9071764213979225,2.431494949309843,4.031166278144549
2016-10-11,4.876472187630096,2.4323118506276535,4.033470537553845
2016-10-12,4.710434750969356,2.4018841668556985,3.945829282211275
2016-10-13,4.60322760638235,2.3812597706917913,3.8923039596963136
2016-10-14,4.692211571268815,2.400863520973425,3.9429658928841986
2016-10-17,4.647548651277868,2.38983536585663,3.9177422115645815
2016-10-18,4.750498310312521,2.4137283168324037,3.979864114803177
2016-10-19,4.705729054457446,2.4047437127754967,3.9556743771108116
2016-10-20,4.710018084529117,2.403926830164637,3.950326003832809
2016-10-21,4.71689091149445,2.4053560176383235,3.9560651130374036
2016-10-24,4.840315972858894,2.4280233843807033,4.021343375290546
2016-10-25,4.924771422199655,2.442930731442508,4.059664742495726
2016-10-26,4.80864346351461,2.4180166891106074,3.9907705650514593
2016-10-27,4.884450703921934,2.4276151253641243,4.018669482013944
2016-10-28,4.748207328332951,2.3992288766105454,3.93861363054489
2016-10-31,4.738797037578894,2.399841590057995,3.942603984237842
2016-11-01,4.708633733466685,2.3928990624312614,3.9227065651143516
2016-11-02,4.640892965775828,2.3692105941472286,3.8559026801362286
2016-11-03,4.55606965732302,2.3479721319234503,3.797329375763584
2016-11-04,4.3242128314971735,2.3230586918372693,3.7245728733923955
2016-11-07,4.503802143372434,2.3581830379942783,3.822079990019917
2016-11-08,4.575407366628499,2.3732940545652084,3.8627273150776693
2016-11-09,4.480701994387081,2.3632882675123486,3.83373702671239
2016-11-10,4.728809350693347,2.41393297215619,3.9727956550514514
2016-11-11,4.564149298810866,2.3532824056582085,3.807314107908487
2016-11-14,4.4903148654187595,2.3651259554852593,3.843415562881997
2016-11-15,4.380841949506844,2.3583871919288484,3.8192075653174036
2016-11-16,4.346992359970275,2.3618585224648125,3.830105570084276
2016-11-17,4.380781476649536,2.3859554030206804,3.8978235084826434
2016-11-18,4.345630383575628,2.407397733234994,3.9546718957061433
2016-11-21,4.30108445976347,2.40147561046537,3.9394618206747714
2016-11-22,4.288952240906599,2.430065299677958,4.0198188429831685
2016-11-23,4.3635319814164095,2.4198548072706836,3.990913070497261
2016-11-25,4.307272884091216,2.4208755767903405,3.996131965455152
2016-11-28,4.350173238734787,2.422713453907987,3.9969139586129856
2016-11-29,4.351457541683864,2.422508964069876,3.9965788464215075
2016-11-30,4.2452584709099135,2.4316979155358673,4.021017050169619
2016-12-01,4.262286174774505,2.398412465798741,3.9315917392452
2016-12-02,4.24090555510206,2.359203845041008,3.821979393380161
2016-12-05,4.176254853153419,2.374724042414915,3.8637616227659275
2016-12-06,4.060954158710217,2.387588792780352,3.895821239859252
2016-12-07,4.012887414024854,2.381667168061202,3.881829076641054
2016-12-08,4.134224193961457,2.417812450339531,3.982736699393862
2016-12-09,4.216488148174332,2.430065487064381,4.016406126622919
2016-12-12,4.09421570356403,2.4292487725907304,4.012211869777317
2016-12-13,4.132111504196465,2.4363950030269734,4.036441185964844
2016-12-14,4.267385894820003,2.462739340678254,4.104850890900109
2016-12-15,4.108622337120445,2.4578378054413412,4.089648717812968
2016-12-16,4.116901092132785,2.4644918730095124,4.108269146588958
2016-12-19,4.043769930521702,2.451793853042699,4.0789578213874185
2016-12-20,4.001012393888469,2.467154753392746,4.115724880178665
2016-12-21,3.9663210694132216,2.4698173584475267,4.12640094212057
2016-12-22,3.9124354155676815,2.467155111791113,4.118404044429517
2016-12-23,3.9368293128919296,2.455890480824345,4.087697887354965
2016-12-27,3.9394935077727817,2.4669506333983637,4.117111990357144
2016-12-28,3.937447822871576,2.479648844708813,4.152753670189656
2016-12-29,4.094936939372254,2.454456515974078,4.08318958603009
2016-12-30,4.09950766971042,2.45629981399272,4.086376261614558
2017-01-03,4.047283224693154,2.4425778399155114,4.047817683433149
2017-01-04,4.049219107477898,2.450770412180059,4.0708444354944975
2017-01-05,4.007440704236136,2.459576384617323,4.097470957797379
2017-01-06,3.9849817360154955,2.478010676327824,4.145002428262337
2017-01-09,4.024951591282671,2.499106077587909,4.206075116068069
2017-01-10,4.049100526288058,2.5062748302927473,4.22328903582547
2017-01-11,4.0739740788843255,2.5118048057472993,4.23976314975991
2017-01-12,4.08300372860296,2.508527513965761,4.232609948784897
2017-01-13,4.085209756753314,2.5148768630822325,4.252136898510343
2017-01-17,4.082156274101482,2.515696281828861,4.25019659273371
2017-01-18,4.057441063213279,2.518358925906039,4.260453939187387
2017-01-19,4.095584380340512,2.5234795175538105,4.272395325519137
2017-01-20,4.142953466260648,2.5296238005736695,4.291105035202102
2017-01-23,4.133486198728399,2.5224548778175557,4.267468259294231
2017-01-24,4.169770820800847,2.5310571924258736,4.293676807440453
2017-01-25,4.365370398175394,2.55911699281794,4.375609034606481
2017-01-26,4.320981985306418,2.5722248522984263,4.4140093772517
2017-01-27,4.312076330482583,2.5769354640807265,4.425969109782641
2017-01-30,4.396517342000211,2.567719519628872,4.398580178517062
2017-01-31,4.503191357396258,2.547237733079462,4.342737829825527
2017-02-01,4.59159037658859,2.569152856697886,4.4028536379862375
2017-02-02,4.5569585785277615,2.564237264633122,4.388919214366477
2017-02-03,4.618671317935174,2.5691528031854065,4.40526495379388
2017-02-06,4.623000710247554,2.569562384532044,4.404680698875417
2017-02-07,4.642159198430908,2.582260580882985,4.439584163340166
2017-02-08,4.706557445188247,2.5828754722933533,4.443243230456414
2017-02-09,4.611686730146526,2.593321356599547,4.473297795691671
2017-02-10,4.404000706536811,2.6058142184626636,4.51042140674689
2017-02-13,4.243605587804256,2.616669273329756,4.54215254348956
2017-02-14,4.130815339102506,2.62445296860436,4.564572344042685
2017-02-15,3.839743416782003,2.6303926181121553,4.583997484920893
2017-02-16,4.0840543686927235,2.6494402979924896,4.6384864394814365
2017-02-17,4.330418353992363,2.6430909337948507,4.619023641715603
2017-02-21,4.038887526676083,2.663572533192917,4.681621672856681
2017-02-22,4.318100046201824,2.669102582272719,4.696875643750464
2017-02-23,4.301675758090097,2.6766807094261083,4.71715351981452
2017-02-24,4.842163740935809,2.650464204895546,4.638933371822734
2017-02-27,4.481480723383753,2.662753250702753,4.677677169428698
2017-02-28,4.466884931867174,2.6703306475798514,4.699930016768613
2017-03-01,4.236174491943756,2.679752890075688,4.724956738274485
2017-03-02,4.4172410015877395,2.6912225296879035,4.76280281407681
2017-03-03,4.306340941477768,2.6764759596649554,4.715217508884102
2017-03-06,4.170278495358063,2.6744279058916183,4.7064958249420865
2017-03-07,4.052571058050202,2.6719700743884793,4.699896033823863
2017-03-08,4.020975005433397,2.6744275675541163,4.710378208761782
2017-03-09,4.006597133672661,2.6768849577809464,4.716736198141271
2017-03-10,4.040045059030396,2.6918367236225094,4.760010042997116
2017-03-13,4.057603295088728,2.6897890796665056,4.752612987539721
2017-03-14,3.969096207932071,2.6891739188500843,4.752341313052364
2017-03-15,3.9697717440382143,2.694294779569383,4.769326787672499
2017-03-16,4.052217086837536,2.7104750586938415,4.816624713713417
2017-03-17,3.906572451404839,2.706876502514024,4.802681087046647
2017-03-20,3.8672322098954166,2.701746239600233,4.790036315314034
2017-03-21,3.7611012353610493,2.7152923501563437,4.828450972019486
2017-03-22,4.174558518302221,2.6648029842045737,4.679275235464145
2017-03-23,4.186425105492581,2.678553931692181,4.719999381588897
2017-03-24,4.237335518856638,2.683890343344766,4.733620574339545
2017-03-27,4.094993823945007,2.661723795074524,4.668504582373033
2017-03-28,4.234676451309567,2.68512212185547,4.737654191590288
2017-03-29,4.3049224562899,2.7033881934089297,4.790925675892293
2017-03-30,4.318269763265485,2.713034639433253,4.823449571082775
2017-03-31,4.34549046961252,2.7146763516646533,4.825978483522739
2017-04-03,4.3532090264363585,2.718986009336134,4.839775828928931
2017-04-04,4.257578612197681,2.707286980814752,4.8019926071365875
2017-04-05,4.332199620751377,2.723295894611307,4.8519277185771355
2017-04-06,4.250103880749498,2.710981735366138,4.816687072853325
2017-04-07,4.2413524120346535,2.7089290826844485,4.807706697303408
2017-04-10,4.255689880412444,2.7109812634653667,4.815947051626443
2017-04-11,4.17432027111861,2.706876796969149,4.799181761110829
2017-04-12,4.118355487321377,2.6972304897676307,4.772382066930929
2017-04-13,4.044232343619843,2.683069562239916,4.729162726894761
2017-04-17,4.048984642331851,2.683685109948806,4.730607923375344
2017-04-18,4.072126075096097,2.6892262524678068,4.746113002502383
2017-04-19,4.182038577006471,2.7058509034952833,4.7946300534811455
2017-04-20,4.181233390372556,2.709339947104449,4.805917489080034
2017-04-21,4.2393609527577025,2.7235014222566294,4.847428571426952
2017-04-24,4.385837283814787,2.7505934821790357,4.927789984512566
2017-04-25,4.457976726279092,2.7622933451825173,4.964552661208474
2017-04-26,4.4886508836282415,2.774195468567887,5.001413718653818
2017-04-27,4.457180584713083,2.776042814225581,5.007511462379496
2017-04-28,4.473021512085743,2.7969775616242694,5.070426803343447
2017-05-01,4.384025658695853,2.800057547710225,5.07865666215053
2017-05-02,4.163578717878494,2.8191442989125437,5.138518348463602
2017-05-03,4.274854299233133,2.8140124194618292,5.123742218471204
2017-05-04,4.203683680093832,2.8109342346144572,5.114282371899137
2017-05-05,4.119176294351631,2.8195535702092775,5.136649380200888
2017-05-08,4.061188842169013,2.824068504441481,5.151935689918828
2017-05-09,3.897543458334035,2.8330999569889728,5.178915806620633
2017-05-10,4.012302559684833,2.8402826995430126,5.200483502428043
2017-05-11,4.098653651290415,2.8324840336648625,5.178200066786629
2017-05-12,4.023711341788525,2.8392580506368192,5.19888588809664
2017-05-15,3.9065371260635335,2.845619637819446,5.217267370849757
2017-05-16,3.761247571838275,2.860807708448048,5.26304597805789
2017-05-17,4.244136828003249,2.8425409845276177,5.208921640214677
2017-05-18,5.047983608264729,2.791434441462974,5.047189680547518
2017-05-19,5.090135086722322,2.82694179624181,5.152548060257866
2017-05-22,5.16899558373418,2.8351515248767374,5.179970995520749
2017-05-23,5.292706248625315,2.8610123162627903,5.259692500824009
2017-05-24,5.303231233788526,2.8640906377745603,5.267625078538388
2017-05-25,5.3885975063654925,2.8794841269615397,5.31663018397387
2017-05-26,5.413616232784845,2.89364608989209,5.3600856481729355
2017-05-30,5.322816280783905,2.8967253271225863,5.368086048239411
2017-05-31,5.113275214288344,2.910885999844349,5.4097961344334395
2017-06-01,5.1172053815243315,2.9055507620142134,5.3964308176739975
2017-06-02,5.06185786478222,2.921148855150147,5.445130378820515
2017-06-05,5.0856187924167005,2.943930050022612,5.516926998182174
2017-06-06,5.180528685265474,2.940030377754038,5.505730564243633
2017-06-07,5.172632752646635,2.9400306832621443,5.503538241671666
2017-06-08,5.160970109202184,2.9498827907614005,5.5348961122602285
2017-06-09,4.9038681513247075,2.9498823787413238,5.535242488160442
2017-06-12,5.196109340075007,2.8484937198038036,5.217542300050035
2017-06-13,5.240563608551389,2.8733263998613365,5.29356483185497
2017-06-14,5.254038723684535,2.892210890673416,5.352163104130076
2017-06-15,5.206741588162216,2.839052502894077,5.186374218079322
2017-06-16,5.145728165000731,2.8537849792207926,5.232324635105675
2017-06-19,5.161405563095484,2.8704541746226964,5.284567332894511
2017-06-20,5.2555496546644465,2.8875356531357936,5.337170199254179
2017-06-21,5.214723814326147,2.874364914547344,5.294045398294072
2017-06-22,5.244377961574862,2.9007059138477422,5.376026474008953
2017-06-23,5.190929029549034,2.8920626772524747,5.348410163683716
2017-06-26,5.224795842753415,2.9231386247527467,5.444073033229503
2017-06-27,4.999284129145506,2.8819790004420778,5.3190283579393665
2017-06-28,4.956378594979679,2.8509029361680542,5.216996722749387
2017-06-29,4.951754340547604,2.8694255898382273,5.271663012142536
2017-06-30,4.784325843831758,2.839378825077365,5.179733878421798
2017-07-03,4.786167539485423,2.845346875338002,5.196251835909918
2017-07-05,4.596495998980019,2.8113893997762487,5.08763564041934
2017-07-06,4.674013934509459,2.8085071671606556,5.07926240502157
2017-07-07,4.736335559180048,2.8140648446196237,5.098016597976758
2017-07-10,4.8681353474551825,2.83670181676567,5.166751744314458
2017-07-11,4.953916101854154,2.8492556773990794,5.2037202553885615
2017-07-12,5.154681120018287,2.8858881460756853,5.315976464724777
2017-07-13,5.246332574495463,2.898854664433687,5.358866765843412
2017-07-14,5.299332262339052,2.9147011432868055,5.402944799467481
2017-07-17,5.417311410840323,2.927664844070956,5.4486139304985235
2017-07-18,5.33798066494242,2.9239609754858824,5.434091437532343
2017-07-19,5.513679333910003,2.9542147323209234,5.529006918297219
2017-07-20,5.603657747965462,2.970472051002089,5.582254690227452
2017-07-21,5.516886536757553,2.955861399632217,5.532045509513022
2017-07-24,5.557678887720606,2.9651213635457903,5.565922377971647
2017-07-25,5.550474559953671,2.9692382369463246,5.578383495517961
2017-07-26,5.622450716599312,2.978909958864362,5.606838268200078
2017-07-27,5.703148963071412,3.0007250218968955,5.6791293908157705
2017-07-28,5.397210914811659,2.9447476239337567,5.504745738404733
2017-07-31,5.4902574227897984,2.96841430640933,5.576551046799272
2017-08-01,5.430602227410017,2.957507942909627,5.541153610868329
2017-08-02,5.5321079831326605,2.973353681006445,5.589572221943325
2017-08-03,5.436499943075957,2.9651208335968042,5.565475192352043
2017-08-04,5.401209981080893,2.957301779303631,5.5393238268153855
2017-08-07,5.419372085267588,2.961417711231193,5.551693724315862
2017-08-08,5.5142896885128945,2.9690312348902537,5.574635653626557
2017-08-09,5.360693111217625,2.94515873394966,5.499509341985023
2017-08-10,5.353865319329148,2.9488633866308844,5.51180950585758
2017-08-11,5.042051195824421,2.9060560452429582,5.373499307042202
2017-08-14,5.199592933920763,2.9474228993255345,5.500301543467937
2017-08-15,5.371876610302899,2.9692367145956897,5.565566861699261
2017-08-16,5.383186865575568,2.9712951422193568,5.575792426687454
2017-08-17,5.296541444336591,2.957507078501514,5.531877630653626
2017-08-18,5.0335700965895045,2.9099672382256787,5.379908208712817
2017-08-21,5.0238564717251455,2.906056873326382,5.369953561070501
2017-08-22,5.0791037258442175,2.9181990324486287,5.4039714586844285
2017-08-23,5.09980536839269,2.9319868143055845,5.44215981669168
2017-08-24,5.230308521470917,2.9428949501537467,5.481296431362194
2017-08-25,5.2146639801455565,2.938984831677763,5.464210495645325
2017-08-28,5.172044503687238,2.9303411830694777,5.439191077736354
2017-08-29,5.0080180933627085,2.905438863289722,5.359017572488176
2017-08-30,5.048524903582877,2.944541670581257,5.484117976657433
2017-08-31,5.100406091913021,2.9850836870683692,5.612224296805981
2017-09-01,5.234339053067927,3.0124546816315165,5.701058613390145
2017-09-05,5.124260328280663,2.995580647453826,5.644120059032425
2017-09-06,5.1196160377861855,2.985084215528526,5.613960811297851
2017-09-07,5.126294533459893,2.9920811893528256,5.634257489688628
2017-09-08,5.121046008879708,2.989611981762604,5.623393376236019
2017-09-11,5.11288777612267,2.990846958718271,5.627249262290164
2017-09-12,5.131988860510735,3.0101919166042785,5.687057057209608
2017-09-13,5.1203191241633075,3.0038119324093047,5.664858071870882
2017-09-14,5.118707143839353,3.001342607185793,5.6612974074714515
2017-09-15,5.126565942409406,2.994756129733282,5.639020160321729
2017-09-18,5.142501300160468,3.009150010139986,5.682360035797181
2017-09-19,5.190888178486631,3.0070877418566697,5.675743220194207
2017-09-20,5.1923752519463315,3.0058491502343014,5.672744634577196
2017-09-21,5.142746087635629,2.995536734782882,5.63822286790942
2017-09-22,5.07881827313393,2.969756309753991,5.555048490839303
2017-09-25,5.077455665621975,2.964599015265349,5.539941705498372
2017-09-26,5.064187582133326,2.9600618301415795,5.523814640305777
2017-09-27,5.021314631500364,2.9683114723732524,5.549788617695689
2017-09-28,5.060982677295089,2.9720245255861,5.561485653977698
2017-09-29,5.041245508200125,2.9841939163732514,5.598370439125203
2017-10-02,5.016063199527194,3.004199945567446,5.662823399338216
2017-10-03,4.879663502684399,3.006262266607889,5.667363821261537
2017-10-04,4.921536212347223,3.002962274780004,5.656820998850807
2017-10-05,4.9138351688856625,3.022554865418236,5.721758967537833
2017-10-06,4.789204485633098,3.030805160030033,5.745669929002849
2017-10-09,4.7568110187441945,3.0491621554804156,5.803916184954842
2017-10-10,4.792966244542635,3.0520492463039934,5.81166787974189
2017-10-11,4.740379462916869,3.0425616423958286,5.783510450702825
2017-10-12,4.6546356292574815,3.0485442739194206,5.80228468670637
2017-10-13,4.56236558367919,3.059886578235627,5.836373732135289
2017-10-16,4.487522935426071,3.0668991228895868,5.8603606865869295
2017-10-17,4.463634604267001,3.068755986814304,5.865608464673811
2017-10-18,4.4395525756657745,3.076799759770782,5.8907151952474095
2017-10-19,4.688630474849573,3.0520487325219117,5.811833866516957
2017-10-20,4.420612938593486,3.0710246057538324,5.872203084819369
2017-10-23,4.380919072587423,3.073294034983519,5.877871982381224
2017-10-24,4.490462666798045,3.05287414336853,5.810796506510092
2017-10-25,4.694181355040122,3.0460684100249584,5.789751815873987
2017-10-26,4.700550352184712,3.038643810502704,5.767272084386498
2017-10-27,4.8586520535367175,3.0817505469851674,5.895857202781036
2017-10-30,4.9003936812226705,3.116811910745686,6.010560239457989
2017-10-31,4.7319034177707255,3.1362002856063476,6.07427507014786
2017-11-01,4.585059920213018,3.1504313768206775,6.123165405095475
2017-11-02,4.701647176827415,3.1333112665750864,6.065486050355814
2017-11-03,4.577251293597503,3.142181209037729,6.094782929615256
2017-11-06,4.597439769774553,3.158474015462539,6.14796220490795
2017-11-07,4.53356618568306,3.169199960980586,6.181699861359443
2017-11-08,4.643576014398641,3.171880706997857,6.1919995625624145
2017-11-09,4.881270274115072,3.1601241602502395,6.152851370732919
2017-11-10,4.776495705980599,3.162187048689159,6.158982738089684
2017-11-13,5.0372922523946135,3.1574430625525127,6.144804542666628
2017-11-14,5.029646999095295,3.1621873238835745,6.156995984094727
2017-11-15,5.192277186554684,3.1481614980333097,6.112412721164448
2017-11-16,5.266411438143442,3.162806435757618,6.160314160024906
2017-11-17,5.407262382717007,3.18796912706688,6.238658177874063
2017-11-20,5.288185003551984,3.1772429960398574,6.201212457775345
2017-11-21,5.423884767551831,3.187555672386604,6.236061958004473
2017-11-22,5.53162546016433,3.2098324687242488,6.310058339889903
2017-11-24,5.482969644822283,3.2141616379270395,6.325466223443013
2017-11-27,5.521500115832616,3.2215869338879304,6.347636342518645
2017-11-28,5.396553310857978,3.2283941012181527,6.370843414732278
2017-11-29,5.382761220756725,3.2257120801375736,6.364023014417706
2017-11-30,5.403922222379073,3.1865246811055914,6.2302768128514145
2017-12-01,5.584705037649918,3.180130352229223,6.204039017774375
2017-12-04,5.371878497970267,3.206119009613953,6.295036249213378
2017-12-05,5.486033002643568,3.1487789242855926,6.099815089291517
2017-12-06,5.619366232594403,3.139705938773595,6.072592904490055
2017-12-07,5.6673588663975965,3.1654864423386653,6.159398788614489
2017-12-08,5.589236311461535,3.1997241685460356,6.270020235787975
2017-12-11,5.470652724315193,3.1918874104231487,6.244590624598121
2017-12-12,5.2716885066712145,3.213751103261353,6.315024116333438
2017-12-13,5.276283362677376,3.2238568007441577,6.347407233775567
2017-12-14,5.270275551806995,3.2226180853132975,6.345704492892744
2017-12-15,5.233037193896425,3.2273627547178925,6.361500989556293
2017-12-18,5.320635351074212,3.2727622646530885,6.5084800544285315
2017-12-19,5.302560792359045,3.2723472187159985,6.510352750602397
2017-12-20,5.202349951879477,3.270487556846678,6.50490054692124
2017-12-21,5.2439788848500495,3.2601533729442025,6.467847125673854
2017-12-22,5.175036296263072,3.251059417870829,6.437735516078877
2017-12-26,5.252983444686168,3.234112001711472,6.383113803076832
2017-12-27,5.17277662458524,3.2349388139332023,6.382708470394356
2017-12-28,5.2236349165878195,3.2454789766824317,6.414608329582575
2017-12-29,5.159431170922065,3.2419646214827003,6.4060241660015445
2018-01-02,5.226748371695948,3.23555798854871,6.380353433377358
2018-01-03,5.260223615679072,3.278548140674997,6.522330844956245
2018-01-04,5.37452007328351,3.3186439104729897,6.659720297160914
2018-01-05,5.41719881270147,3.3287727599765993,6.6903868677043175
2018-01-08,5.4352265239260324,3.34634010418513,6.750881704419669
2018-01-09,5.281668423376366,3.36597476026061,6.817639251586569
2018-01-10,5.586377310014486,3.3446858566665587,6.743762693697262
2018-01-11,5.249258000219193,3.3575005143393315,6.789661364539078
2018-01-12,5.247368784145668,3.3717614207644035,6.833857816158384
2018-01-16,5.363072234316799,3.421984605055684,7.010032089906495
2018-01-17,5.807618157722634,3.4058644022222984,6.952734229934663
2018-01-18,5.886783807061692,3.4209516347043976,7.006038326879837
2018-01-19,5.708120051655008,3.4370735115752926,7.061666116348002
2018-01-22,5.751888816563599,3.436452398553757,7.056555958065673
2018-01-23,5.557457974221184,3.485229608838013,7.231124793741729
2018-01-24,5.6789771200733,3.51065183724722,7.317709310903054
2018-01-25,5.855179918195861,3.504451553256934,7.296053030468943
2018-01-26,5.982775026479381,3.4986645944107804,7.271325070367897
2018-01-29,6.304800736031555,3.5251190941016555,7.362692680001021
2018-01-30,7.3716567709990395,3.4833693336971363,7.216799017114015
2018-01-31,7.050468077710957,3.506104093141729,7.298191348652174
2018-02-01,7.002116748199808,3.4740689187422507,7.186336638926987
2018-02-02,6.888467085405526,3.457534174961219,7.129090744645773
2018-02-05,6.618451710813159,3.3701083438232096,6.82095033251644
2018-02-06,6.438370533404359,3.220056565249415,6.308129172269328
2018-02-07,7.169547907221284,3.343653016044713,6.73244891497483
2018-02-08,7.000932316566902,3.319470966253121,6.654539220773731
2018-02-09,6.585443416879388,3.216130174841519,6.284100121167236
2018-02-12,6.822639371081369,3.259120287668083,6.431391079251498
2018-02-13,6.818482266799648,3.2644939858941107,6.443158850981345
2018-02-14,6.895471435699156,3.280820718743736,6.497297517508583
2018-02-15,7.6736400152832385,3.392223084524811,6.874446093208349
2018-02-16,7.717659692732824,3.413304608552055,6.945814782657921
2018-02-20,7.614244557694213,3.397183286413725,6.885910871424403
2018-02-21,7.9573613244042845,3.4327323053383196,7.007938955906149
2018-02-22,7.805121767178902,3.4211579275789346,6.973062916843357
2018-02-23,7.873132037487662,3.4333530627930657,7.005645752851067
2018-02-26,8.326423316527862,3.491843677577153,7.213909909068219
2018-02-27,8.55927516537476,3.5226385617372076,7.319668991535605
2018-02-28,8.450560724210705,3.4978361578995387,7.2308346600173525
2018-03-01,8.137118413842535,3.4575341056802626,7.091484794902225
2018-03-02,7.447902480273682,3.3583271788375444,6.755788760681112
2018-03-05,7.884934458890347,3.414337742718733,6.946955993064234
2018-03-06,8.374102126965456,3.485437266485691,7.189931504768411
2018-03-07,8.199345045821383,3.4565002289980495,7.09213058626793
2018-03-08,8.564565197713428,3.5056918972770923,7.258947297888643
2018-03-09,8.741698157533062,3.535452795958812,7.36797397688552
2018-03-12,9.175701782599093,3.5891905170140928,7.5550746338086165
2018-03-13,9.279184273625928,3.605930644799427,7.555227875900279
2018-03-14,8.984192151166226,3.5672820178604896,7.4741256753149505
2018-03-15,8.886356912536788,3.550541484593526,7.419808700550263
2018-03-16,8.87937446195134,3.5509548150243955,7.4124714988985785
2018-03-19,8.58523440802263,3.5004063568320825,7.252918439356888
2018-03-20,8.288492701646868,3.460452013077145,7.099354055239214
2018-03-21,8.320703216469756,3.4612799168240036,7.098529427120228
2018-03-22,7.969173937179693,3.40745512697279,6.91446996995989
2018-03-23,7.89779824492957,3.366052265311343,6.76121061689512
2018-03-26,7.845266504036084,3.3476268387187864,6.681058153916422
2018-03-27,8.366562342189203,3.4283646895819744,6.957838643649003
2018-03-28,7.673505100158044,3.274136293465623,6.437059349481069
2018-03-29,7.647956946102496,3.2726875180697337,6.428513398431774
2018-04-02,7.655604337865378,3.2911130862239943,6.483762489090523
2018-04-03,7.440783616333983,3.2472232132643337,6.332996709123545
2018-04-04,7.54038455467933,3.1923654424685504,6.143458746358265
2018-04-05,8.248187608382848,3.339553498725109,6.649449275223426
2018-04-06,7.91176841110986,3.2888343742980237,6.482256504292376
2018-04-09,7.872299040731072,3.270202910919616,6.410324507029236
2018-04-10,8.086390273999644,3.316368408208934,6.556580223164949
2018-04-11,8.11487093083746,3.316161415482189,6.560625355287256
2018-04-12,8.319157327689854,3.337898461291843,6.636346629917917
2018-04-13,8.358392046284273,3.374540070765679,6.753024182953061
2018-04-16,8.210588092532923,3.36377544673906,6.712877961060955
2018-04-17,8.24710805415854,3.3997952296470912,6.833450380463765
2018-04-18,8.277676854306081,3.4383011899869214,6.967090646549761
2018-04-19,8.03955483468583,3.427950306728622,6.931590663351161
2018-04-20,7.980817258170667,3.404971292122239,6.851146029118871
2018-04-23,7.946775638942629,3.375988528985999,6.74576792098839
2018-04-24,7.929550070858087,3.3670869290154695,6.713192821334714
2018-04-25,7.867761892386859,3.2859366821004246,6.441339304157711
2018-04-26,7.85310467277893,3.326512940840316,6.576918269710112
2018-04-27,7.836068248476898,3.402485719463943,6.829913194534162
2018-04-30,7.803231980755839,3.3631534842453004,6.7016370098312255
2018-05-01,7.749190608477174,3.3227851207710115,6.563925118279188
2018-05-02,8.034785232744145,3.3753670474797444,6.744424169375456
2018-05-03,7.7597845440450675,3.3327216422958967,6.6034160545201415
2018-05-04,7.816451799374705,3.334792560493287,6.6064267227261935
2018-05-07,8.510413196036069,3.428778268426815,6.927531291383547
2018-05-08,8.522386771812181,3.4339527984617333,6.941030285779885
2018-05-09,8.695798849540356,3.4438895910174994,6.976636171997155
2018-05-10,9.036382887596432,3.486328202337608,7.119563169472455
2018-05-11,9.202030340283066,3.507029978963225,7.185097306935888
2018-05-14,9.35799695020305,3.5159325091155327,7.219884647850195
2018-05-15,9.133700039681871,3.4861228885240974,7.115273895500961
2018-05-16,9.068669180227507,3.4794971033044697,7.089249304516967
2018-05-17,9.168685485263122,3.4857083098815047,7.112436857729268
2018-05-18,9.022440894340924,3.4710092506313748,7.062185134077219
2018-05-21,9.057747622561932,3.4933681306549023,7.135434974718884
2018-05-22,9.066707774925309,3.501855233827773,7.1654190881476785
2018-05-23,8.72036190456676,3.454861766156458,7.005076063443091
2018-05-24,9.10617693804967,3.5097217146364477,7.195784350728483
2018-05-25,9.126788794974658,3.50930646894001,7.19520904165875
2018-05-29,9.057679145830457,3.497300471974439,7.148767434510298
2018-05-30,9.136676855160736,3.5103424400871144,7.194020745058422
2018-05-31,9.192712978901845,3.5227631189293693,7.2331747400124575
2018-06-01,9.3040428880881,3.5380826301334443,7.286089448305069
2018-06-04,9.69715527320902,3.5848692230637047,7.450530215290201
2018-06-05,9.895034718422897,3.616543323979912,7.563212000220713
2018-06-06,9.617443053899189,3.6229598075062683,7.586768576043137
2018-06-07,9.204795697920654,3.640970039158118,7.649857802692476
2018-06-08,9.659536817542586,3.593769773427562,7.4771257490808445
2018-06-11,9.649138260787076,3.608261722594514,7.531991911343675
2018-06-12,9.649073394466134,3.6256512049296914,7.594045498795492
2018-06-13,9.708993708864517,3.645317128456695,7.660669297750514
2018-06-14,9.718642599438853,3.6562892058065124,7.701574855125288
2018-06-15,9.716752445350508,3.6624992726614667,7.719937161770601
2018-06-18,9.949203365918791,3.6404655253049776,7.640831330949975
2018-06-19,9.977852855643176,3.615155782971579,7.5487551028370135
2018-06-20,10.146544153964195,3.667850739264877,7.738635653562187
2018-06-21,10.250784277983854,3.6863140052296774,7.8029775831773005
2018-06-22,10.28542270743275,3.6572694211873853,7.70191044190837
2018-06-25,10.027519076941156,3.603951776976163,7.513300521850963
2018-06-26,9.692243196742323,3.5680603434006755,7.378470816266739
2018-06-27,9.770953896767654,3.584657291850109,7.437289012399072
2018-06-28,9.139660826232662,3.516611623909979,7.198379564144798
2018-06-29,9.29897103647256,3.5682688415076846,7.379479834941929
2018-07-02,9.241999372623228,3.5273995296128517,7.2342036074826686
2018-07-03,9.319434007942705,3.598143367274112,7.481776130927895
2018-07-05,9.06585838368587,3.5661942398006596,7.372188413425021
2018-07-06,9.026355162310383,3.5954466348796497,7.468254118507438
2018-07-09,9.549498714154137,3.661833546442096,7.704030367451447
2018-07-10,9.624277417123519,3.6825792062681795,7.772407673658528
2018-07-11,9.40450781833735,3.6495931105806565,7.664285944427953
2018-07-12,9.44506141082263,3.67594030615216,7.754129332413421
2018-07-13,9.731517765695724,3.7226188385413495,7.915972778816941
2018-07-16,9.72460588594578,3.7267682935620923,7.932380185706629
2018-07-17,9.4248459880511,3.677600661189612,7.759772023338834
2018-07-18,9.931793692646794,3.7400450280985296,7.983962962757955
2018-07-19,9.828556382747433,3.719091999143071,7.912841445831703
2018-07-20,9.83068989777194,3.7251081390120877,7.926830328316009
2018-07-23,9.689592572615283,3.7020811081079907,7.845335653526892
2018-07-24,10.085398977428635,3.7632816271799947,8.066466879837808
2018-07-25,9.826368081631818,3.741912986694699,7.989716990253704
2018-07-26,9.89102622177767,3.7410827579233774,7.98304336757077
2018-07-27,9.861334496749992,3.7587168239379505,8.046351294543822
2018-07-30,9.746301076897915,3.6848614177007444,7.781494614057303
2018-07-31,9.70128444484346,3.6468965932910784,7.635944416467958
2018-08-01,9.708773189884448,3.6688872143639393,7.716434991765076
2018-08-02,9.677275103838426,3.648348318832407,7.63902069065609
2018-08-03,10.254333019851922,3.731331188075636,7.936951750277147
2018-08-06,10.271879226392194,3.733199680714537,7.948573241733866
2018-08-07,10.325069248460784,3.7682595784392148,8.07298971575331
2018-08-08,10.289527932016705,3.766185725207789,8.067042702754723
2018-08-09,10.23191281638159,3.773654006118885,8.090444565008724
2018-08-10,10.335557783876304,3.7481361338678547,7.999333900550846
2018-08-13,10.291609276126906,3.7516636461664405,8.008847124093647
2018-08-14,10.33281699100283,3.754982477580579,8.020715720362949
2018-08-15,10.280396618929185,3.7342360093103846,7.950926233869734
2018-08-16,10.335612291799043,3.7466842294274105,7.985643084644197
2018-08-17,10.38797285427172,3.7205447037866066,7.892885806722312
2018-08-20,10.37007210294058,3.7394221253109405,7.9615162096153735
2018-08-21,10.358968984433908,3.739007811940977,7.95964041998018
2018-08-22,10.407336819639047,3.733614054783543,7.936359933562693
2018-08-23,10.428340475963115,3.7493816116448633,7.996734485454403
2018-08-24,10.560139946386402,3.7630732282324977,8.045076245529202
2018-08-27,10.934457868982818,3.8045652689884832,8.197668515484189
2018-08-28,11.201629279414483,3.834231702382037,8.301169510234235
2018-08-29,11.183811054226728,3.8363062693456738,8.307397125209441
2018-08-30,11.308481259808275,3.866388713094704,8.417893534384815
2018-08-31,11.701030349146416,3.8622381613252883,8.402212046689888
2018-09-04,11.532584354233308,3.860163825489744,8.393103908550914
2018-09-05,11.611950489822137,3.8485477980953267,8.348842690143131
2018-09-06,11.348140220324845,3.807262614031123,8.197090330703588
2018-09-07,11.220392653143286,3.7444017332132162,7.970123192772301
2018-09-10,11.255038206914994,3.778632004492266,8.09024427335108
2018-09-11,11.10041857226526,3.754567033611543,8.000227846624636
2018-09-12,11.174520302380712,3.7931550536558163,8.143766830766488
2018-09-13,11.353017875565309,3.811204271452897,8.201772979814107
2018-09-14,11.320318484488967,3.8307056592247966,8.275702455371917
2018-09-17,11.212877688392203,3.8103738752199687,8.19770087672341
2018-09-18,10.915291521512728,3.7649399683357654,8.0367522714825
2018-09-19,10.937356654366432,3.793569432956453,8.137310247371355
2018-09-20,11.106316689198076,3.8161833693352873,8.213786365418267
2018-09-21,11.206434914084634,3.8423229727211505,8.311363762860845
2018-09-24,11.012076353091008,3.783354628848568,8.100802905507404
2018-09-25,11.039728645321285,3.819932315833445,8.229578116683465
2018-09-26,10.908429624542386,3.8301170493395644,8.261554539012112
2018-09-27,10.935468168880112,3.845080832170029,8.322413258566735
2018-09-28,10.948128937773754,3.8511069627240975,8.34139007473341
2018-10-01,11.254165405890479,3.883530127233027,8.466471504066483
2018-10-02,11.137131230917408,3.8656569773780936,8.391235175982265
2018-10-03,11.277535277220114,3.8764628049561884,8.434758810879256
2018-10-04,11.043891594496664,3.848820856963348,8.334728203396834
2018-10-05,10.558068455503893,3.789796886128657,8.113815923537764
2018-10-08,10.62168275411817,3.7307734157390042,7.884505020983152
2018-10-09,10.64432638281042,3.723705448806195,7.872812657613282
2018-10-10,10.536359654485253,3.70977974896666,7.825366106128161
2018-10-11,10.19185055470781,3.5541133743333684,7.2636523975514375
2018-10-12,10.521184453511708,3.6195806350267885,7.471061716682599
2018-10-15,10.388632003232871,3.610021110798627,7.448214887706209
2018-10-16,10.53992940122612,3.6164640046160095,7.461634639714205
2018-10-17,11.020716280058585,3.7008456751855423,7.758122734453273
2018-10-18,10.78224991275654,3.6704986726318483,7.642837630409132
2018-10-19,10.49779439053218,3.628101916955979,7.4793137127877225
2018-10-22,10.421441732617927,3.6172946567280126,7.452050914296495
2018-10-23,10.485444515045181,3.546215143864878,7.215346751640565
2018-10-24,10.536081243595138,3.596719266435554,7.3830047905740654
2018-10-25,11.057178211792952,3.4894772628082618,6.9885400122522014
2018-10-26,10.756385324021497,3.433153131091577,6.780162298837542
2018-10-29,10.97492132321554,3.51649577672693,7.064838108805559
2018-10-30,10.713912648964344,3.382235378557815,6.62282737021475
2018-10-31,12.113835205579917,3.5042328246635663,7.0295344823390575
2018-11-01,11.914247320290063,3.534368687996761,7.140069586850876
2018-11-02,11.979507644087482,3.564713067703049,7.238567677701445
2018-11-05,11.909957033159191,3.52460185364191,7.096953503745012
2018-11-06,11.956721475796572,3.511506466364685,7.045400330137891
2018-11-07,11.780402171434208,3.580300302810126,7.286275574943735
2018-11-08,11.703142997214968,3.6318425561246843,7.459133521218425
2018-11-09,11.477461374588897,3.5917297571447597,7.320121616642406
2018-11-12,11.08540492756893,3.5395646531112943,7.137903514516308
2018-11-13,10.710618073787328,3.472850508097091,6.9045998754690965
2018-11-14,10.586463339785155,3.4938418011561803,6.968839530768753
2018-11-15,11.006448670148677,3.42691933936316,6.7419938343155
2018-11-16,10.86700656348673,3.4591325104548156,6.852599444026378
2018-11-19,10.949605153185905,3.464329270141583,6.865911570637634
2018-11-20,10.583861099926898,3.2912023400942867,6.293322089467414
2018-11-21,10.71655599982782,3.3531382321043917,6.490911368421238
2018-11-23,10.851718652745127,3.3061673510196803,6.345048243956217
2018-11-26,10.803747071527289,3.3550085140533135,6.507126114940469
2018-11-27,10.764181645134194,3.366647348283049,6.5440247076420235
2018-11-28,10.836583383088822,3.4210985459289995,6.725336799130807
2018-11-29,10.918383195551584,3.491140091897879,6.946963873257023
2018-11-30,10.887605226778165,3.499244000881329,6.97258912593066
2018-12-03,11.541706221880542,3.5975498010576565,7.309222295541868
2018-12-04,11.296903585083353,3.5626341510350716,7.192220501114937
2018-12-06,9.945078575786878,3.3745443587561934,6.561152547623773
2018-12-07,10.081793432312374,3.453105410808026,6.828339963836883
2018-12-10,9.861642502019098,3.3475267302511753,6.467892832036543
2018-12-11,10.043468645295809,3.4441679511838315,6.78814650716968
2018-12-12,10.060991410073974,3.4497806501901884,6.81210667119517
2018-12-13,10.06601882683397,3.452481254210031,6.8188387899341425
2018-12-14,9.962662806709515,3.391794324166639,6.622104085996863
2018-12-17,9.894670362123348,3.3331849106626406,6.420317586138692
2018-12-18,9.858125478843151,3.2970220098993948,6.301391009422905
2018-12-19,9.878374201260096,3.287255061610383,6.269398892934139
2018-12-20,9.700027232395401,3.203497344621232,5.9867527003386165
2018-12-21,9.585935210156608,3.1806346534130134,5.912658160205555
2018-12-24,9.138712911167271,3.044460296193506,5.487944886621309
2018-12-26,8.953142011274572,3.0236186885543956,5.424320966405332
2018-12-27,9.61692198568687,3.1338773720161384,5.748889762262143
2018-12-28,9.61847845571254,3.212662522218615,5.975264216398757
2018-12-31,9.621621266716327,3.219332610383483,6.00875364506115
2019-01-02,9.630140305018475,3.146799941669515,5.773579062381685
2019-01-03,9.636506370977395,3.1803561494427144,5.886741372989346
2019-01-04,9.639299811783124,3.1749377191982413,5.846979381053718
2019-01-07,9.630384619069966,3.2641441287752686,6.119903151733011
2019-01-08,9.54187664727449,3.3250053273876428,6.320412470829825
2019-01-09,9.582149344432429,3.3375109645770404,6.358482760626581
2019-01-10,9.551013731523629,3.326256233160911,6.316537993809069
2019-01-11,9.662723440859892,3.341471062306421,6.36961747450364
2019-01-14,9.583232998251235,3.3206285199807093,6.29916144528141
2019-01-15,9.646970459978062,3.33459281136862,6.344415927178396
2019-01-16,9.910479004741392,3.3898271778355866,6.523042233546834
2019-01-17,9.776625509694684,3.372735622871128,6.465503135733009
2019-01-18,10.143940578809147,3.4342213776189134,6.67550131513415
2019-01-22,10.074924036134162,3.419214959322724,6.616109456878377
2019-01-23,9.892919047314997,3.39232722041589,6.5258614476799774
2019-01-24,9.903141728893342,3.390451719087997,6.514832873113077
2019-01-25,10.197021798720879,3.4285941777084905,6.639285827933172
2019-01-28,9.982248109279366,3.397538908475302,6.533433814014085
2019-01-29,10.064399299728144,3.4012899423233245,6.549128809693307
2019-01-30,10.093445011256494,3.4054589485448923,6.558776428087854
2019-01-31,10.401728324052575,3.4742404688537585,6.775473071836325
2019-02-01,10.486150212381446,3.487370695614148,6.819279821079727
2019-02-04,10.557894785541226,3.4904973997811486,6.8307088575581325
2019-02-05,10.819517553031993,3.5380183381264247,6.989317412788984
2019-02-06,10.934425025306371,3.5653226956830637,7.080491227230127
2019-02-07,10.862243739872927,3.5228032882385425,6.933703728834218
2019-02-08,10.481872299669442,3.475490209397513,6.772116677566606
2019-02-11,10.801248587592807,3.5257207505569594,6.945803186923062
2019-02-12,10.88660232786932,3.5353089427214077,6.975691706339757
2019-02-13,11.123566581216542,3.577410692834851,7.118107210889136
2019-02-14,10.946468746395217,3.5513572170545893,7.024333059061886
2019-02-15,11.23864434688165,3.595545239066645,7.172608087833819
2019-02-19,11.031098384997401,3.5724090609237784,7.096876614749753
2019-02-20,11.071830178718141,3.593042939122316,7.169365528788206
2019-02-21,10.767266719578677,3.580329286534342,7.122799722904536
2019-02-22,10.675954323980765,3.5844982941392396,7.138396555848781
2019-02-25,11.127252046529364,3.630768497535825,7.296728847519706
2019-02-26,11.652992942543927,3.607634023808508,7.213345299474333
2019-02-27,11.692759424426178,3.60346455830408,7.203111664808955
2019-02-28,11.606577206514357,3.606591135827659,7.209749004974231
2019-03-01,11.744790827340037,3.6355633639561122,7.3071433855905985
2019-03-04,11.743050970223207,3.658489851156404,7.375363868623177
2019-03-05,12.025316452298103,3.6378563643324973,7.313158093308628
2019-03-06,12.035025755765451,3.641399234048366,7.325293596573557
2019-03-07,11.88910369577726,3.608050734897509,7.2103245259445226
2019-03-08,11.159551886460102,3.5328073555885764,6.958030963585281
2019-03-11,10.992099893026205,3.5822047275335174,7.123126996226131
2019-03-12,10.77923115022264,3.6511944569817345,7.358916130509774
2019-03-13,10.81558850217982,3.680582135747043,7.45745937830274
2019-03-14,10.872027977740188,3.691630195699682,7.493005184185386
2019-03-15,10.969432781660505,3.697256448570797,7.515908130849015
2019-03-18,11.156378758925433,3.715470932470766,7.575879513509851
2019-03-19,10.998127979362343,3.741153919903184,7.666888719198547
2019-03-20,11.33219843795448,3.738648522812459,7.654029605743248
2019-03-21,11.668854679114014,3.7419895599203254,7.664270372039246
2019-03-22,11.580098594387321,3.7954439754811653,7.84849097684007
2019-03-25,12.85464343779382,3.7146343200274208,7.560849698753476
2019-03-26,13.150151166181315,3.7499239947297403,7.688052747509464
2019-03-27,13.136532944424594,3.744077340273598,7.665181025323817
2019-03-28,13.10503627919343,3.724031667875295,7.594418446186277
2019-03-29,13.135160739770377,3.7518030595389518,7.68472902948884
2019-04-01,13.144589943811614,3.789805524915675,7.8139452380440915
2019-04-02,13.164932203921781,3.8050485817354893,7.874237444173695
2019-04-03,13.54233414957663,3.836786830478702,7.984081108985363
2019-04-04,13.594206996280128,3.8382491536583543,7.987302172315712
2019-04-05,13.322932886416035,3.8468114382013905,8.023434753023293
2019-04-08,13.251444414117033,3.8493162908765877,8.025615125863748
2019-04-09,13.357034574993685,3.852239650456074,8.037770342981231
2019-04-10,13.496073138284954,3.8568328706800266,8.05438035089106
2019-04-11,13.755535414675558,3.878966571814229,8.125239171919088
2019-04-12,13.254170398675116,3.8804277123670516,8.132118894892965
2019-04-15,13.06867321316169,3.880219802069536,8.130602095493042
2019-04-16,13.018567794640807,3.8948356602386243,8.181043671925838
2019-04-17,12.710071917843518,3.9201017300409338,8.270206725321911
2019-04-18,13.083227237698786,3.9140476772686132,8.250020244552019
2019-04-22,13.036028412513424,3.8954630351423396,8.183001522147661
2019-04-23,12.602445722042216,3.9336740674197084,8.319969341825873
2019-04-24,12.575115115516105,3.976895939741266,8.471948307952571
2019-04-25,13.233815052328387,3.9906788174958683,8.520180315761005
2019-04-26,13.213523847552608,3.970840596683337,8.451919260462494
2019-04-29,12.920805724422967,3.9806558831577297,8.484939708069929
2019-04-30,13.005903024803427,3.956225335434194,8.394963662270063
2019-05-01,12.86979070882893,3.9833707760381976,8.490452762508086
2019-05-02,13.194508155589883,3.9434874370571587,8.349679474341622
2019-05-03,13.336588199280214,3.9601925592155904,8.407179407426067
2019-05-06,13.184967457522076,3.9054850031101003,8.20373205890751
2019-05-07,13.374938523222417,3.92260718296128,8.27012320424256
2019-05-08,13.274733178403018,3.8758331681775076,8.099306509984965
2019-05-09,13.215153458665108,3.8355348571247623,7.957633185796681
2019-05-10,13.222058218489892,3.844096096529684,7.97894018079402
2019-05-13,13.111547100658791,3.764330305228225,7.696979648015523
2019-05-14,13.055708985156619,3.748252885423307,7.630685326557656
2019-05-15,13.053455633573908,3.7447030015340315,7.61844431935887
2019-05-16,13.17464528673963,3.82446722745151,7.8944895185628265
2019-05-17,13.017316488823077,3.8230059751182552,7.886357234914476
2019-05-20,12.51661968495288,3.7685065446065096,7.696268106523762
2019-05-21,12.661865911215443,3.7895962317210277,7.76539547425049
2019-05-22,12.237663423778407,3.775397613197458,7.712520089184914
2019-05-23,11.923851749874501,3.73614027212034,7.579681578034607
2019-05-24,12.014844592391867,3.7417796924225386,7.596347380093799
2019-05-28,11.765050779813635,3.7302949148331743,7.5557022193310805
2019-05-29,11.224422756216756,3.6828957412549954,7.39475110004417
2019-05-30,11.696787160974678,3.6851926635569847,7.398152791686079
2019-05-31,11.455220135213324,3.647397982155822,7.265689370625255
2019-06-03,11.497172581193542,3.6221327767589253,7.181190163652849
2019-06-04,11.641478670257374,3.591855657351086,7.065240766255367
2019-06-05,12.527523152187138,3.6868632882534498,7.387493617700799
2019-06-06,12.356404880388423,3.685399910781432,7.380481036128597
2019-06-07,12.723657508550277,3.728205966046325,7.525018281454433
2019-06-10,13.278092568270356,3.8052565987443603,7.791180827865447
2019-06-11,14.00783601622331,3.8639328595862956,7.999389597781832
2019-06-12,13.352836318442044,3.8188287527468727,7.838618496418323
2019-06-13,13.336046159893696,3.8230047169101025,7.85416788685679
2019-06-14,12.828022240095695,3.810057729779397,7.8037701442684755
2019-06-17,12.929664647694798,3.8217527504086304,7.844424066270766
2019-06-18,13.030374593828451,3.8816798191277315,8.056371497041267
2019-06-19,13.087266447729215,3.8973407525118753,8.115242771081862
2019-06-20,13.220538539197237,3.9612364401172955,8.336856541023709
2019-06-21,13.132699653803803,3.938476590194214,8.250506943782343
2019-06-24,13.147183099510944,3.9450908520791463,8.279209698529753
2019-06-25,13.126557162504625,3.9346273706223327,8.241797401862868
2019-06-26,12.934510242727432,3.8954937173371618,8.09692742553799
2019-06-27,12.9507703623027,3.9017722652824283,8.118882855715707
2019-06-28,12.998766105200096,3.912026724316614,8.154268152696218
2019-07-01,13.875973711048255,3.9825508472527837,8.402602023037696
2019-07-02,13.478177857134677,3.959111684150237,8.31958432681419
2019-07-03,13.555506316193686,3.9861074474607285,8.41245849596403
2019-07-05,13.277487891966958,3.9785740504252725,8.388819343372395
2019-07-08,13.326303581796456,3.9718766777845778,8.367543246054499
2019-07-09,13.60900735933166,3.9509503077843626,8.285692162399528
2019-07-10,13.978553461010783,4.013940648389246,8.51690661718437
2019-07-11,13.974354574970075,4.035495191105997,8.594491387299053
2019-07-12,13.918928641693837,4.030891671633519,8.57171627727745
2019-07-15,14.188024089147143,4.0591425485272525,8.67383558413702
2019-07-16,14.136965186051109,4.057677745206068,8.666204030472842
2019-07-17,14.07372693679774,4.041772836017354,8.614286175748852
2019-07-18,14.004306162144887,4.002848824628238,8.46883712017839
2019-07-19,14.620428548727121,4.054120214520116,8.658710234844637
2019-07-22,14.285955041982668,4.005989030183231,8.483424165592497
2019-07-23,14.8766106637789,4.050773228621419,8.641235040277452
2019-07-24,14.87501565344333,4.0396802728634915,8.600596906250338
2019-07-25,15.007943453407165,4.069816120191437,8.708651176710731
2019-07-26,15.016052705450967,4.070653792932597,8.706018334397404
2019-07-29,14.97232608846333,4.082789794567116,8.75368994072726
2019-07-30,14.635834034272628,4.041355045711585,8.601981654568476
2019-07-31,14.820633600724301,4.065839381418635,8.689223380694203
2019-08-01,13.935364162014059,4.0057786430722215,8.470181814262158
2019-08-02,13.835064838678678,3.949067006672019,8.269302450127986
2019-08-05,13.71930879443651,3.838363176642493,7.879430331630998
2019-08-06,13.632358202494105,3.816808734141289,7.7854931938265075
2019-08-07,13.286202400704047,3.7931612270841235,7.69924065364041
2019-08-08,13.442936448922984,3.872892370920468,7.984399553446536
2019-08-09,13.543778806179322,3.92060568566898,8.138967788575396
2019-08-12,13.42773637322742,3.8783332283193572,7.9903031036512475
2019-08-13,13.40246187113665,3.8542684442468786,7.9109652484594015
2019-08-14,13.43269956063186,3.8787520738375796,7.981236060949337
2019-08-15,13.332159805249349,3.8293644788428307,7.809183718775421
2019-08-16,13.366269585029993,3.8546858128870833,7.877835899108497
2019-08-19,13.557422729603855,3.9373477378645005,8.163627984571445
2019-08-20,13.562651221486462,3.933162110234963,8.159292512741766
2019-08-21,13.604566242591392,3.946764451949433,8.206190631477355
2019-08-22,13.610701035489202,3.954506548838487,8.231137868975276
2019-08-23,13.450060741480252,3.907631196956518,8.064347745382479
2019-08-26,13.29106102814654,3.8532213960462007,7.864052656972712
2019-08-27,13.362563875157042,3.894446762416446,8.000740984371703
2019-08-28,13.266338543541828,3.8467346442587753,7.836999758812064
2019-08-29,13.433649545302288,3.9212337158384547,8.094720413886861
2019-08-30,13.541165098337864,3.9534621644109884,8.208853955327575
2019-09-03,13.38908646119486,3.8967484584605576,8.01183523641119
2019-09-04,13.449319101457828,3.9222797738109145,8.095532611913603
2019-09-05,13.660011951711741,3.9844331365191956,8.311612741985916
2019-09-06,13.768955172365931,4.019799019824639,8.433308255522096
2019-09-09,13.76900314990786,4.021682300634604,8.442739763854084
2019-09-10,13.342351853787376,3.9792011267959984,8.293292134173523
2019-09-11,13.347886245560792,3.9967790712417286,8.353996099656541
2019-09-12,13.919626250657728,4.051399717932892,8.549591995694888
2019-09-13,13.784361815079729,4.037587510064667,8.500107603411715
2019-09-16,13.366460073699793,4.003057584647485,8.375202420953672
2019-09-17,13.44552810858693,4.0114283526446695,8.402855182251113
2019-09-18,13.567830331840625,4.021892190420204,8.44005935941341
2019-09-19,13.73937043338873,4.035703436266354,8.489681420270129
2019-09-20,13.737384888159239,4.040934878758117,8.506766275458707
2019-09-23,13.064904002375405,3.9914197821623225,8.32536141398381
2019-09-24,13.477913122777467,4.012597691985012,8.40536215865945
2019-09-25,12.636957298124221,3.937318702501032,8.139554280328678
2019-09-26,12.980047303263127,3.9803066272358505,8.289350458232567
2019-09-27,12.907318167472804,3.978209489513198,8.276033333005687
2019-09-30,12.489725691792756,3.9375285167720833,8.13021732403971
2019-10-01,12.5231617656855,3.973386310344242,8.261222438027957
2019-10-02,11.747294986047537,3.8999947395699315,8.006503942297245
2019-10-03,11.78268651745839,3.8586850965086636,7.859475818937747
2019-10-04,11.86569012793589,3.9226405711607493,8.069848663022388
2019-10-07,12.039399579020445,3.947593975686237,8.158457381533584
2019-10-08,11.698594550331375,3.922222016470083,8.065861852651365
2019-10-09,11.659507241948997,3.9207540436008337,8.062954299388538
2019-10-10,11.647589706703624,3.9268349619603695,8.082289132110143
2019-10-11,11.728035468806915,4.001275713755901,8.340460587670702
2019-10-14,11.767038957986466,4.0014846945137235,8.343201277757641
2019-10-15,11.961991040562973,4.0190986518031595,8.40543636170023
2019-10-16,12.196571591444222,4.043842332059268,8.490376843217824
2019-10-17,12.348688296911595,4.071941071987526,8.589441687585776
2019-10-18,12.105621023138042,4.050970485070507,8.52080772546675
2019-10-21,12.034486028218815,4.040697445486132,8.477856654603803
2019-10-22,12.330242110114199,4.070892170232219,8.576322713277087
2019-10-23,11.682155051881756,4.014484459371923,8.382238992381042
2019-10-24,12.078138567730464,4.059149504622532,8.543518755371592
2019-10-25,12.183564662623189,4.0486650811369955,8.501020069460665
2019-10-28,12.908069054371714,4.121217749521246,8.765042702212726
2019-10-29,13.119872976348079,4.135687546179677,8.815005524398556
2019-10-30,12.968892563709055,4.118492486655666,8.749757972509437
2019-10-31,12.97617087715832,4.142397765933177,8.831578925296503
2019-11-01,13.124737483096064,4.150155050885164,8.863312852106413
2019-11-04,13.743500908345371,4.197546017762055,9.035554748381507
2019-11-05,13.984990173375934,4.200900872150087,9.047007445716034
2019-11-06,14.01643020181939,4.193142864886832,9.01755893512911
2019-11-07,13.776980510757593,4.209498392200032,9.078492343179027
2019-11-08,13.748153217680427,4.195029892615943,9.019578094755298
2019-11-11,13.69320166588437,4.1979643561898135,9.0342053568194
2019-11-12,13.355011103833672,4.21725735993976,9.101422561006851
2019-11-13,13.322564659890173,4.211174856722885,9.081228931865237
2019-11-14,13.295632150554669,4.21096680618089,9.07858350872532
2019-11-15,13.009330018034719,4.249128975692096,9.213767893006485
2019-11-18,12.695630168607872,4.2478713021743575,9.214280533449244
2019-11-19,12.564071412284271,4.274083033354661,9.30903813899325
2019-11-20,12.879400048645662,4.253114607176536,9.231880180614324
2019-11-21,12.856659843963474,4.234031425210119,9.160479877565509
2019-11-22,12.863164647552454,4.239693789813161,9.177419158130931
2019-11-25,12.980143724106101,4.250177846962754,9.217014695208322
2019-11-26,13.305445978195007,4.284776600746591,9.341698825071523
2019-11-27,13.063914955159827,4.301342521128898,9.40178585811159
2019-11-29,13.252915575724275,4.309311377420326,9.4316082588527
2019-12-02,13.359315292064155,4.300712452558387,9.399993865328529
2019-12-03,14.714046796095268,4.197965291155993,9.027098600583365
2019-12-04,15.381730031260503,4.244725718097361,9.19643315003664
2019-12-05,15.553254367191368,4.2596144137718,9.247555469471626
2019-12-06,15.898623265769944,4.2839377332170265,9.335305238230749
2019-12-09,15.98966954315035,4.290648756357778,9.364108918090734
2019-12-10,16.1541801523484,4.281001730123076,9.32018934951217
2019-12-11,16.175961619146126,4.284986635696286,9.336260310862855
2019-12-12,16.462474638761563,4.2935839646001845,9.367492117993915
2019-12-13,17.14312328556693,4.327763671738679,9.493661119010548
2019-12-16,16.0654513413725,4.372847344274659,9.661865312785077
2019-12-17,16.164508438064235,4.393605895366518,9.739407423201193
2019-12-18,15.996525301896433,4.394236042448861,9.744937151426639
2019-12-19,16.35232197703478,4.395703500887976,9.745786550204397
2019-12-20,15.858133364699444,4.442254631955779,9.91774252368846
2019-12-23,16.08627744339476,4.454828101825142,9.970411519991218
2019-12-24,16.145147178864494,4.454828148837716,9.968039174223474
2019-12-26,15.87855330710488,4.460292112163004,9.98682603008966
2019-12-27,15.924579310351207,4.508204841335697,10.169601026370888
2019-12-30,16.435534236403726,4.486350510406069,10.087195439057933
2019-12-31,17.0668285914149,4.444951674020205,9.9288612440942
2020-01-02,15.785182273176767,4.5052633883128586,10.154317334310106
2020-01-03,16.733142443632087,4.482147150066782,10.062281986851731
2020-01-06,16.78025246971902,4.465335687227572,9.996120474623192
2020-01-07,17.42066897591133,4.531321653840817,10.25059525647032
2020-01-08,17.13798863762429,4.528379999306545,10.239168609345317
2020-01-09,16.604147200068386,4.600669065548838,10.514964580176015
2020-01-10,16.41605654663754,4.61979395249785,10.588561429185935
2020-01-13,16.236452135811238,4.608864419171138,10.547577696523787
2020-01-14,16.04809055922029,4.640596672249529,10.664584621985597
2020-01-15,15.930159587963304,4.627147416182297,10.614664088628176
2020-01-16,15.710626861049757,4.64963357241936,10.698443381482003
2020-01-17,15.577693478088799,4.691872341052736,10.861073600796717
2020-01-21,15.782998443101025,4.680944717526796,10.819851328057165
2020-01-22,15.49325381740543,4.715619206506273,10.956358391188116
2020-01-23,15.996633724509561,4.701539417359667,10.90129431009986
2020-01-24,15.570287781636239,4.741467026304913,11.059846119761946
2020-01-27,17.9657080123908,4.573980303897972,10.411044609698045
2020-01-28,18.034470725889243,4.61537922198239,10.564830134852418
2020-01-29,18.131401529993173,4.679264380469903,10.816938488060853
2020-01-30,17.43392089234479,4.630930471210739,10.628620616628192
2020-01-31,17.797605486190214,4.697125931739576,10.886034271782489
2020-02-03,16.80873165557183,4.6258870257141895,10.603502319199825
2020-02-04,17.02403510865348,4.736844438875694,11.039269761254362
2020-02-05,18.13567251068151,4.837502886575638,11.442059319470216
2020-02-06,18.004501262449423,4.8076627727840755,11.319700114369528
2020-02-07,17.811561684249618,4.815438852033836,11.348231145080243
2020-02-10,17.84163110873291,4.800307718736708,11.288684483121687
2020-02-11,18.030135926501753,4.901387756914288,11.694770731741123
2020-02-12,17.999047101982406,4.904118850578203,11.706167642030294
2020-02-13,18.00928645951218,4.888568557846854,11.64168157036078
2020-02-14,17.624243727978214,4.92429344039896,11.785389286974734
2020-02-18,17.844495009981234,4.906641296523066,11.710176034429717
2020-02-19,17.532076162622314,4.961909347707646,11.939137926411348
2020-02-20,17.688540342872308,4.968843359288425,11.967759324333992
2020-02-21,18.741821462121845,4.908952634081832,11.722579998793865
2020-02-24,19.238756249166308,4.6582485859286065,10.736276404504428
2020-02-25,19.28030685497084,4.691242613761636,10.840792399804714
2020-02-26,18.92566015723523,4.553806074597509,10.297836901678327
2020-02-27,17.33056988657018,4.431711473387874,9.841348079595754
2020-02-28,14.486680899251262,4.17407328520889,8.899393690783462
2020-03-02,17.41401268164291,4.389262522069811,9.700725361187203
2020-03-03,19.339276150342297,4.562212678501021,10.332175421280379
2020-03-04,18.2199802676873,4.482567528509197,10.011967578654648
2020-03-05,17.971918497318466,4.469327976956156,9.923677887474383
2020-03-06,16.055085721750803,4.30078965306368,9.272895955715349
2020-03-09,13.941089455315463,4.065637206004806,8.463171243279133
2020-03-10,14.711480734227848,4.225978467367747,8.96612857134879
2020-03-11,14.349005799131612,4.188992533487956,8.801615066552209
2020-03-12,13.545925074041843,3.826281371831001,7.566312086176579
2020-03-13,12.968858044715077,3.9309336851023353,7.803741946824819
2020-03-16,9.711931463448177,3.6594251191622766,6.805929563945973
2020-03-17,9.401534318568308,3.687165454949274,6.7029275764601755
2020-03-18,9.183231722025592,3.606049311065786,6.405661096162032
2020-03-19,9.077809785735072,3.6917878216103333,6.660706485609726
2020-03-20,10.034044262617195,3.818927035356988,7.063005625539619
2020-03-23,10.27525867426214,3.599202757063862,6.405311689225797
2020-03-24,10.040878851363832,3.7885259511967466,6.940819784213161
2020-03-25,10.349360091002703,3.883504191174883,7.224190542409033
2020-03-26,10.35309293626672,3.871921087128902,7.189897425172834
2020-03-27,10.367055215485896,3.936362328352848,7.357247901649211
2020-03-30,10.337221266765162,3.9391020523716134,7.352692844381384
2020-03-31,10.48962283699704,4.037237928665959,7.629722390651298
2020-04-01,10.183182056337062,3.890874458160664,7.183861023422156
2020-04-02,10.257129823311681,3.8165354498798374,6.959652059160777
2020-04-03,10.258193776159551,3.907301186783001,7.214322000190855
2020-04-06,10.134713874600678,4.011123702988432,7.517322032353359
2020-04-07,10.10729183711363,4.2615202209121,8.31226285640089
2020-04-08,9.94552530305778,4.172649486470332,8.041643340355927
2020-04-09,10.10402617927944,4.261098961628699,8.321916441916693
2020-04-13,10.000036331506069,4.211608754598132,8.159196528376082
2020-04-14,10.671550463072196,4.363870200495461,8.677288759464746
2020-04-15,10.700798107720933,4.390192585578927,8.747731701458726
2020-04-16,10.95929939195218,4.4577943107603595,8.98378556652871
2020-04-17,11.158687765413088,4.552139408115771,9.29178995955009
2020-04-20,11.020312356150503,4.49296261815137,9.09875535750751
2020-04-21,10.917416120626893,4.434838619436608,8.898555392854398
2020-04-22,10.802354301639115,4.403249735770527,8.767323905652553
2020-04-23,10.903748537553199,4.459899613725188,8.946445711812581
2020-04-24,10.869493807803389,4.442629692579316,8.891106545267407
2020-04-27,11.10324734790852,4.552560144305568,9.264988610601321
2020-04-28,11.148912309424617,4.576358323972594,9.346285915296837
2020-04-29,11.087618597177613,4.552560241729311,9.255416421231422
2020-04-30,11.251627203843602,4.631743968016486,9.518275954415575
2020-05-01,10.964116440851242,4.516970275238599,9.128167017356505
2020-05-04,10.618028896858569,4.452949015280908,8.907944196729764
2020-05-05,11.200732744778051,4.578884491916649,9.326899208418357
2020-05-06,11.391910827736737,4.620160619407148,9.468167581003799
2020-05-07,11.641145560618314,4.671124734502935,9.644878608821214
2020-05-08,11.822562260101863,4.707557756284692,9.775776016905995
2020-05-11,11.834101249673404,4.706294002273262,9.769789785676892
2020-05-12,12.283520120741006,4.7905312124642645,10.071244397045835
2020-05-13,11.70583976818175,4.688814104074766,9.711574017162427
2020-05-14,11.14954828249822,4.590046403330763,9.366463548642153
2020-05-15,11.22303096101875,4.60710447729386,9.4187441187777
2020-05-18,12.018721383915915,4.765048839005958,9.98509724151902
2020-05-19,12.18822886763458,4.794953044238505,10.087862352107086
2020-05-20,12.399115216051259,4.832860302049302,10.22307776423878
2020-05-21,12.627050772877826,4.873715614802204,10.37157063882115
2020-05-22,12.259378589439642,4.810747981121158,10.143585894269586
2020-05-26,12.811407274799672,4.914149260713111,10.508767596328436
2020-05-27,12.352114715965962,4.815801977240023,10.154395449407087
2020-05-28,12.421996448084128,4.824647285908107,10.190513375379853
2020-05-29,12.592259356168762,4.851393556970425,10.296330583893806
2020-06-01,12.92392034415165,4.895195358790674,10.443639608103238
2020-06-02,13.201181656451384,4.938157571782699,10.600886875062706
2020-06-03,13.80707360739976,4.975221385779478,10.737116908575008
2020-06-04,13.822098908513974,4.976696062466545,10.742786541070258
2020-06-05,13.773403922652406,4.974379399252389,10.719499008737952
2020-06-08,14.18222190150389,5.044296458369169,10.980506590589297
2020-06-09,15.151971824493858,5.067883501347242,11.070826576448535
2020-06-10,15.681393730769456,5.160333026178147,11.42081193435577
2020-06-11,17.61752529225756,5.099472305597114,11.19276939514475
2020-06-12,19.56363821476714,5.03481935307551,10.898745276197094
2020-06-15,17.808612564711517,4.8947753869228645,10.394220549601945
2020-06-16,20.771130859554205,5.133587731521231,11.288534919701165
2020-06-17,20.79025900094393,5.146644656417509,11.341986975288885
2020-06-18,20.527772925196892,5.123269182949963,11.258022645077194
2020-06-19,21.438669544068,5.195714301767461,11.534675302051664
2020-06-22,20.60491573595502,5.140405439598679,11.328382198046974
2020-06-23,21.769047301887706,5.239768514868712,11.7016484193347
2020-06-24,21.410129568220427,5.2328073070026715,11.67029191264734
2020-06-25,20.365470829654633,5.1429381985752105,11.336491121680845
2020-06-26,20.80423910510969,5.184706702289879,11.480851511097077
2020-06-29,19.597760668873047,5.062139723338452,11.019292323659387
2020-06-30,19.72834331564389,5.121209399170546,11.237001533495885
2020-07-01,19.90326494406009,5.223945648631584,11.619140968901876
2020-07-02,20.6370721950865,5.337443318670278,12.051791259708054
2020-07-06,21.277822959181446,5.388705543074427,12.248985426263857
2020-07-07,21.625589656891414,5.445244370670275,12.45925009500967
2020-07-08,21.792114706974363,5.442079071266172,12.451604733443311
2020-07-09,22.59663604991721,5.526253115775817,12.76982624064625
2020-07-10,22.653140470285162,5.527518729035656,12.770473338340041
2020-07-13,21.391326390141373,5.630466158298769,13.186231087155045
2020-07-14,24.235471899185686,5.398832235491911,12.300577564826247
2020-07-15,26.08722488582129,5.523297905365573,12.77160109206344
2020-07-16,24.92267697279086,5.442921349800527,12.467782487072972
2020-07-17,25.519719026158235,5.476042809881616,12.603914230262873
2020-07-20,25.692584120402266,5.486381397575637,12.644719727539899
2020-07-21,27.83117295249184,5.661898081366302,13.330144777165426
2020-07-22,26.766859858914852,5.579837510071273,12.99875404246002
2020-07-23,26.847343682954904,5.57983542949556,13.007499143942132
2020-07-24,24.054546352564017,5.358961260789823,12.147393066595738
2020-07-27,24.23822736924292,5.426888715667342,12.416165874688806
2020-07-28,24.313981942139154,5.470136307843789,12.577513159237881
2020-07-29,24.23600446346884,5.450938482190705,12.488306854473189
2020-07-30,24.219525942066944,5.437015590032451,12.437331068161539
2020-07-31,24.391815054709213,5.609371195744124,13.111695408362689
2020-08-03,24.405748838448943,5.653460222156647,13.294187994868656
2020-08-04,24.453816939342648,5.6716013489831045,13.360136699841705
2020-08-05,24.52396155893537,5.714216890180288,13.533885964378273
2020-08-06,24.488627263860913,5.713587170370051,13.531469665035218
2020-08-07,24.64749279378253,5.781725389006428,13.805695840745088
2020-08-10,23.866613069949686,5.73299334197013,13.605023996625675
2020-08-11,23.346405173215906,5.676876763252706,13.380212545358694
2020-08-12,23.844142063761275,5.641224338880188,13.229213177919238
2020-08-13,24.11319495534804,5.751768324678657,13.661309627467649
2020-08-14,24.104169583750252,5.761472680011161,13.696381556098205
2020-08-17,24.0115740455942,5.77855982235948,13.769421245108068
2020-08-18,24.277710573942894,5.831090918694345,13.983316641413738
2020-08-19,24.258192050653324,5.8629451345281955,14.111606625549166
2020-08-20,24.184755983508083,5.8070382637001865,13.885067631571925
2020-08-21,24.641484414575974,5.909355618051156,14.29774133469058
2020-08-24,25.35932927327892,6.017367871020789,14.738940358540498
2020-08-25,25.2152591267489,5.966312583204034,14.545802159239193
2020-08-26,24.708741161820836,6.057448758531295,14.91745837715485
2020-08-27,25.270638525625902,6.180229439607471,15.444697484489165
2020-08-28,26.99966694944321,6.16672632814015,15.373491183908271
2020-08-31,27.300792182448124,6.18233720017148,15.442779011341672
2020-09-01,28.085808467330885,6.27832280040783,15.850137012482755
2020-09-02,28.58622752937221,6.397728658403757,16.3676512808799
2020-09-03,30.265996537850356,6.2884487098659925,15.905009929838867
2020-09-04,34.390129494617575,6.02390549855058,14.750467474429913
2020-09-08,30.18926556531002,5.742486466279651,13.575466888049867
2020-09-09,31.347946369992943,5.814634654097762,13.826669134569775
2020-09-10,32.341191079134525,5.9264429294996575,14.281477394325861
2020-09-11,30.405795941716914,5.783199989661392,13.71694185137124
2020-09-14,30.746011454284123,5.787632106106666,13.716996371518144
2020-09-15,32.12381727952456,5.8861487502368135,14.104412801883148
2020-09-16,32.493812578689905,5.904080535668368,14.17636087750113
2020-09-17,28.799083344547583,5.643966896907399,13.141749762850225
2020-09-18,30.50266425601398,5.733414611332333,13.500718226667155
2020-09-21,27.528903083909558,5.536799753382748,12.776307268373733
2020-09-22,29.124261105500235,5.69544171873664,13.425217713488555
2020-09-23,29.539352726894236,5.741009839129401,13.591562064157975
2020-09-24,26.54588270913487,5.5140165039627105,12.710700372778401
2020-09-25,27.405449093767412,5.609372172748554,13.063962099083742
2020-09-28,30.179327733075965,5.834464351964171,13.97876053823371
2020-09-29,30.502551587375613,5.835308607651714,13.99041640691007
2020-09-30,30.467070425883453,5.825394438029178,13.935920035347378
2020-10-01,32.10960341582698,5.944375342877701,14.425964267788169
2020-10-02,30.218305204773706,5.822650095902604,13.920007170779082
2020-10-05,30.437695935467453,5.829400784966389,13.941601401608345
2020-10-06,31.657629605814712,5.895011260417775,14.182653082578655
2020-10-07,31.63560428899894,5.86210173133519,14.047858617750672
2020-10-08,33.027529699132735,5.957243516749574,14.431888365669398
2020-10-09,33.71009641897278,5.9722212518279045,14.497227172826628
2020-10-12,35.953291509112006,6.129175215349075,15.145869931911
2020-10-13,37.24848663409375,6.252375001676152,15.654791117735298
2020-10-14,37.009572049950954,6.230436850301515,15.567876511599396
2020-10-15,34.28681021145013,6.058502298725601,14.851309703723203
2020-10-16,36.18416263596698,6.155546601219066,15.266137231798936
2020-10-19,35.72654271095744,6.127908037510197,15.149138597961475
2020-10-20,34.05361890763286,6.002809555020611,14.623606804041678
2020-10-21,33.91131571486296,6.005132254502603,14.630183116715173
2020-10-22,33.791102534723734,6.0131475060285995,14.666554920830198
2020-10-23,33.59525197416701,6.007240476800656,14.649312087112452
2020-10-26,32.626814133671886,5.9568203134164115,14.43255146776947
2020-10-27,32.08439479129327,5.938257666003498,14.342181144584908
2020-10-28,30.391014947724177,5.864631185709411,14.048534301068473
2020-10-29,28.77014336095253,5.758940269130176,13.588288190746404
2020-10-30,29.047872943454692,5.787208632379435,13.689957857361957
2020-11-02,28.782184580899997,5.734680366402317,13.453838898575315
2020-11-03,28.942313482778744,5.7369993876823795,13.465945339057386
2020-11-04,32.137747709115374,5.98234595441622,14.458642171535796
2020-11-05,35.52313568901894,6.192040037991973,15.308773486780817
2020-11-06,35.95546277940743,6.195837332066962,15.320961782838179
2020-11-09,38.659392902831,6.278955591362416,15.657550593417225
2020-11-10,34.44167813890559,6.015680237375751,14.600583386737537
2020-11-11,34.310770204612524,6.033822689754566,14.656701207220708
2020-11-12,35.27030686386508,6.133605087693731,15.064517521849641
2020-11-13,35.009214708559554,6.1211580942417125,15.001452873341755
2020-11-16,35.49135036358754,6.13065289721848,15.058844774596162
2020-11-17,36.34533369861541,6.189299564045242,15.297590227309584
2020-11-18,35.19972058439118,6.153436199907765,15.149585673491593
2020-11-19,34.27023175812483,6.107868791478938,14.952910846168097
2020-11-20,35.40716732722358,6.166093530485298,15.198358865338058
2020-11-23,35.15429222141209,6.147317110999947,15.126339544506084
2020-11-24,35.17927652345177,6.149004756677653,15.126355263165333
2020-11-25,35.26138355084855,6.235077665607832,15.473145375434493
2020-11-27,34.873779253513774,6.29288020873345,15.722807567345116
2020-11-30,35.45123089420783,6.314608908501765,15.818772260378
2020-12-01,35.998506346406074,6.370092825524926,16.050076713228158
2020-12-02,36.33692744892788,6.37600002685415,16.073703135599008
2020-12-03,36.19493836597846,6.416503656416882,16.24664364687729
2020-12-04,36.44153782445035,6.4198775315905126,16.263927619854122
2020-12-07,37.08676464567235,6.448990291285065,16.39196392534867
2020-12-08,37.283627896172426,6.471141054309822,16.488786346337218
2020-12-09,36.03869710649835,6.49877727241751,16.60940504377846
2020-12-10,38.308997005944015,6.311867517554984,15.798535843640959
2020-12-11,38.518829163395374,6.345619998791304,15.947326991929382
2020-12-14,39.27402528405389,6.393508914412085,16.149988760250693
2020-12-15,40.80980020155365,6.462912429165626,16.449920127552158
2020-12-16,41.3768764609649,6.490969944971545,16.571021314997626
2020-12-17,42.21154244065602,6.5527834607027104,16.839341585496292
2020-12-18,42.26254498538926,6.574512144905747,16.9431082112436
2020-12-21,42.44846866994747,6.476532529399866,16.510988183373872
2020-12-22,42.34300321884087,6.548177141994619,16.827125437349036
2020-12-23,42.40210721507059,6.547330584183811,16.812995359187738
2020-12-24,41.90164562644209,6.519010607541929,16.697046512739778
2020-12-28,43.49141393180843,6.598897972794881,17.039080838753524
2020-12-29,43.659880625551054,6.636939520026436,17.210999616970405
2020-12-30,43.70402794328353,6.63926558904899,17.216361276407866
2020-12-31,43.65378419857067,6.6120021198013985,17.099776211178987
2021-01-04,44.49661730760862,6.659340863500553,17.30462388013091
2021-01-05,45.505208448601635,6.515205937694765,16.675858573455645
2021-01-06,45.36705468731053,6.4879441194217655,16.545293188331602
2021-01-07,44.51035237536024,6.557265506362407,16.84712246841955
2021-01-08,45.73825518128316,6.706471035384883,17.497039589347168
2021-01-11,46.9407343189096,6.677728488179674,17.364718308770158
2021-01-12,46.700139123656015,6.645605412838119,17.22146694122672
2021-01-13,46.195081564860885,6.6398981413347045,17.192005422010784
2021-01-14,45.445465321671485,6.688720008308827,17.4028573756337
2021-01-15,46.57615382726707,6.638629724297988,17.18537572329954
2021-01-19,45.9157275607021,6.641164978733128,17.187597153500075
2021-01-20,46.636029571324634,6.765647362868557,17.73825786209766
2021-01-21,46.57158932259918,6.871531224130774,18.199097296149603
2021-01-22,47.13286631075965,6.87448949480019,18.215571343939295
2021-01-25,47.264351163186944,6.950994702751104,18.55996171596385
2021-01-26,47.15535745880248,6.949726761646862,18.55592204296041
2021-01-27,46.475069238601705,6.8949896691009505,18.306473187329825
2021-01-28,47.32344686254092,6.776848083501311,17.756184591229854
2021-01-29,47.11253575186324,6.753812615873916,17.652284610837267
2021-02-01,46.55356049792066,6.722743424414443,17.50998486918362
2021-02-02,48.928659747335466,6.8785032095741885,18.18235440901234
2021-02-03,50.19557774294251,6.970228971102024,18.59902416880436
2021-02-04,48.73309867970037,6.927958170187474,18.40731224982436
2021-02-05,50.46572610396942,6.999813204172064,18.73029727311848
2021-02-08,50.52957754363094,7.0395473195464255,18.907869380587858
2021-02-09,51.223112353324424,7.029403288609805,18.859782743791108
2021-02-10,51.79149928699313,7.0794890403966155,19.090610716358213
2021-02-11,51.88506249768409,7.0655426174810145,19.028944202688105
2021-02-12,51.93311098105549,7.052438934295151,18.971112239492612
2021-02-16,53.04669979742677,7.127676086549241,19.308861768271335
2021-02-17,51.609118066197375,7.0262322367843755,18.84231129301846
2021-02-18,50.92477524273779,6.978891699057786,18.624142576190977
2021-02-19,51.08615764971375,7.055608604781,18.98718384738258
2021-02-22,50.436388395504494,6.900061127270681,18.277297893177234
2021-02-23,48.34045393224245,6.699287175100578,17.37462716792579
2021-02-24,48.121837864154934,6.736059458528333,17.531232699976062
2021-02-25,47.90134523977526,6.7920654827672164,17.78478415008686
2021-02-26,48.23093933888902,6.674982056692132,17.2334061399281
2021-03-01,48.61571318146323,6.747262067984668,17.554264408792527
2021-03-02,49.07325749171162,6.852510849771452,17.99958355005332
2021-03-03,45.894793570978706,6.704992492860813,17.35420822594918
2021-03-04,43.389156569331156,6.5255602410706945,16.557529874843443
2021-03-05,42.30857571003998,6.483716360209375,16.369765568761945
2021-03-08,42.66189444099046,6.511612431751897,16.48137334982132
2021-03-09,41.88172382908383,6.497875068286696,16.390519057343326
2021-03-10,44.09611283911853,6.681532136280934,17.155117479277695
2021-03-11,43.798590945044864,6.673289807918632,17.128977469049357
2021-03-12,43.096421508142626,6.6329237992988395,16.927212977045443
2021-03-15,43.71470815801154,6.673712689936403,17.10767305103937
2021-03-16,43.82467266970487,6.785724400102324,17.602093160889865
2021-03-17,43.192534415936926,6.70879745350057,17.257900970268462
2021-03-18,43.18757035166743,6.69653789937784,17.202544097977533
2021-03-19,42.72316438954339,6.590866315732132,16.728117345925476
2021-03-22,43.01781106916095,6.669867850903738,17.066106002525334
2021-03-23,44.18963194899701,6.765515372230045,17.477894909913655
2021-03-24,43.271391531134086,6.742239155516249,17.374578073511433
2021-03-25,40.721799277281164,6.558985466965992,16.588575769932252
2021-03-26,41.83844824391926,6.583109898363618,16.68949940102754
2021-03-29,44.30157993927414,6.6749479754127155,17.08239053799156
2021-03-30,43.579092495676065,6.641934915977038,16.940838775971176
2021-03-31,43.469139923735334,6.689972314814493,17.143964258150646
2021-04-01,46.314496754838316,6.836194982485823,17.783944764958594
2021-04-05,48.96687524436335,6.92210690260593,18.164050852151078
2021-04-06,49.690240591865404,6.998286425041418,18.494141145828316
2021-04-07,49.48019759275732,6.989822251661145,18.460016572699633
2021-04-08,49.7312655614957,7.079332721945106,18.86272700573481
2021-04-09,49.14363850033494,7.060712209873536,18.771018647112644
2021-04-12,49.238301194086034,7.110651215771887,19.00414586265894
2021-04-13,48.61128907479282,7.157204276802087,19.214839369802476
2021-04-14,48.72202962918987,7.212434092669857,19.456927360136707
2021-04-15,48.26247208848956,7.18323367744368,19.315577523978053
2021-04-16,48.15480680570514,7.239943834586119,19.5697409004381
2021-04-19,47.65578300402161,7.2027016811057925,19.3953013293363
2021-04-20,49.038737370559566,7.156358200371235,19.185715892478655
2021-04-21,49.24909091008297,7.090547482733796,18.87875184637922
2021-04-22,49.599836405861886,7.170960189472219,19.252616699291956
2021-04-23,49.328670381728664,7.1066309790637625,18.95637980615211
2021-04-26,49.61722216627966,7.187466181871011,19.321112776536413
2021-04-27,51.15255377983429,7.235288951255984,19.537427801481318
2021-04-28,49.81818928034239,7.190427621510051,19.330788180001743
2021-04-29,49.972510877634875,7.2445999932830345,19.578092929912646
2021-04-30,49.51996100684983,7.145778457652537,19.124718902047164
2021-05-03,49.60143987498931,7.178155363011525,19.273192369027907
2021-05-04,49.16340670064416,7.058171795478767,18.739831189068987
2021-05-05,49.00268239627108,7.030450846202264,18.595057625106342
2021-05-06,48.79923537087776,6.9565991621241645,18.267622844081988
2021-05-07,49.95293904858437,7.075313181032358,18.80150929246305
2021-05-10,48.27099359577124,7.041665704383487,18.649821816860424
2021-05-11,47.049718469503894,6.7648826657592025,17.422424363573544
2021-05-12,48.564645431243086,6.7760969936613975,17.46928025795781
2021-05-13,48.35948226094366,6.769537441635522,17.423593937672738
2021-05-14,48.610094448197245,6.82624866553944,17.672025710805336
2021-05-17,48.76258674904102,6.869204216501107,17.847747747570395
2021-05-18,48.858280693688194,6.885288436907602,17.922649338101937
2021-05-19,47.92068475202096,6.700552974560075,17.116002947129896
2021-05-20,48.86255377463042,6.858411303287884,17.826308093446986
2021-05-21,49.644868954077324,6.991938643382047,18.41360096560298
2021-05-24,49.5130585730702,6.969508234043066,18.30980458051833
2021-05-25,50.213733781449065,7.068965331763536,18.751916729094983
2021-05-26,50.192489547551794,7.060288920796491,18.711579645884413
2021-05-27,50.09203980354418,7.060499527196849,18.71261949203143
2021-05-28,50.514644294595485,7.070021575937445,18.755083498012766
2021-06-01,51.084641428702014,7.094990456153212,18.865717901820606
2021-06-02,50.904649672624046,7.051611836811762,18.670081255201268
2021-06-03,50.714002558844534,6.994477516596093,18.414734739962725
2021-06-04,50.756116409196714,7.02198616087958,18.53428790310222
2021-06-07,51.01405772566118,7.089701938337862,18.82648625899755
2021-06-08,51.31823492669363,7.16059022798251,19.151345530038164
2021-06-09,51.26483459153272,7.155723158302348,19.128945308663976
2021-06-10,51.13741350914418,7.134985587574614,19.034145905474343
2021-06-11,51.429389972152286,7.202065610601702,19.33999115936619
2021-06-14,52.113522893191295,7.229997926958797,19.46331064591897
2021-06-15,53.11497782662624,7.282265638522626,19.70269167740539
2021-06-16,52.60932216270419,7.252429457686899,19.563128285786572
2021-06-17,51.10939068217532,7.193812403630494,19.296495943875374
2021-06-18,52.19492619179468,7.271262473735946,19.64588024918265
2021-06-21,51.26637362942672,7.254274768882849,19.567953721406123
2021-06-22,51.990571396986574,7.29071452803932,19.73632123105749
2021-06-23,53.30216346702225,7.361896955342449,20.060908738864967
2021-06-24,54.4255501487112,7.408929438832298,20.274332454390432
2021-06-25,55.10324645975599,7.424605920130918,20.347516774212615
2021-06-28,55.36333364183477,7.431172553315388,20.374800934235726
2021-06-29,56.697257738225474,7.489433089440037,20.645981207205292
2021-06-30,58.23541165700596,7.516974920768007,20.77397716472583
2021-07-01,56.93954130615541,7.500873336575343,20.696377089628918
2021-07-02,55.70759765119275,7.55277914437054,20.942280414408707
2021-07-06,56.23366939592383,7.61082633368954,21.20982840368894
2021-07-07,57.1394512253277,7.678408645963392,21.535135385627434
2021-07-08,61.56227200868604,7.5362542935870245,20.86281664578902
2021-07-09,59.088100373839524,7.587733559771466,21.11034298404781
2021-07-12,57.41364772754456,7.678407642223187,21.538492892682907
2021-07-13,57.04494843490277,7.669509462176104,21.499305734240377
2021-07-14,56.476480896607455,7.728827533315875,21.7777285538952
2021-07-15,57.61386842530083,7.6896356844535285,21.5972483121376
2021-07-16,56.1643032309138,7.656163871416937,21.43423757476826
2021-07-19,55.49848835900835,7.500449676494295,20.69872318686681
2021-07-20,56.637127423828346,7.533922453638322,20.855666589519142
2021-07-21,58.26894288816366,7.591546679983051,21.130405568166246
2021-07-22,60.316932001196136,7.664002038163627,21.465946457436264
2021-07-23,61.49718544197644,7.738998619085555,21.826553402279444
2021-07-26,61.52443055169282,7.785181724816103,22.041178528016726
2021-07-27,61.21515382015532,7.800648656893283,22.115553654728
2021-07-28,61.140183871303954,7.7451427002502795,21.843477480510302
2021-07-29,61.84274059606148,7.737726711492159,21.808343324286106
2021-07-30,61.51291119309332,7.678195614249296,21.518502322645414
2021-08-02,63.99417499910396,7.759548395912159,21.91043527355358
2021-08-03,63.60066534566636,7.738363640392377,21.808911503940607
2021-08-04,64.46349199033904,7.769929455465056,21.96171055362109
2021-08-05,65.8256680783156,7.799799804362517,22.09711956422512
2021-08-06,65.10917126351498,7.803826041789596,22.118217950757924
2021-08-09,65.50433847318398,7.8070034552336915,22.129261128180268
2021-08-10,65.44494575122066,7.8226813710051575,22.208030867502163
2021-08-11,64.5251638079462,7.798953605393168,22.092008525780166
2021-08-12,63.1815382093494,7.747049254430827,21.845254360488994
2021-08-13,63.450014525570424,7.793657835390139,22.06448260198139
2021-08-16,64.46292223208017,7.788996158182756,22.042489281007494
2021-08-17,63.64351437876289,7.756794655872265,21.883508647420925
2021-08-18,62.60442000511186,7.73624481329374,21.780940192952205
2021-08-19,60.06308169230765,7.6311632609751285,21.28378784528645
2021-08-20,62.24655913582747,7.733701253163973,21.77562073950894
2021-08-23,64.10825488690124,7.812934383332648,22.154276130651176
2021-08-24,66.60354905049107,7.91970955051308,22.66540969691884
2021-08-25,66.88507924141133,7.936447450888476,22.74466959399536
2021-08-26,66.81481031533757,7.921404983653484,22.671007903717392
2021-08-27,66.66256156819637,7.9033969199419625,22.582755769435373
2021-08-30,69.13960184237652,7.98347780110872,22.971988603297508
2021-08-31,70.01311192717922,8.061017496001766,23.34819173722573
2021-09-01,68.99196990393065,8.072245892827699,23.401920759736527
2021-09-02,68.82685525396086,8.091948184820406,23.500387971336345
2021-09-03,70.17296147566205,8.033688423845769,23.215500646967776
2021-09-07,71.08517295570358,8.085805262612764,23.46765005639139
2021-09-08,72.87136315087983,8.0911028995455,23.490474652799833
2021-09-09,72.15891471609181,8.071610778514716,23.395766269402984
2021-09-10,73.09789490228997,8.076270948500586,23.41952324288656
2021-09-13,72.8607530430845,8.02881410450411,23.181327953247038
2021-09-14,72.84428372116783,8.004874643009543,23.06260715684216
2021-09-15,72.03120290971309,7.959751429538026,22.843788281278666
2021-09-16,71.89866651471502,7.979875530717049,22.9387488104893
2021-09-17,72.64993710822927,8.004028466046483,23.059300109679743
2021-09-20,67.09256654455903,7.793176719057045,22.03791817641438
2021-09-21,67.06545364509472,7.795723208718403,22.034238423404016
2021-09-22,67.11959209312612,7.785330091623752,21.98627489424318
2021-09-23,68.66399259949796,7.8631687380942115,22.360370944451475
2021-09-24,68.64360739341711,7.860833489864304,22.343041559064776
2021-09-27,68.45627559481525,7.851290779426158,22.29650669506961
2021-09-28,67.77548675206857,7.755213746123548,21.832918535118814
2021-09-29,67.1510781119342,7.659776317732718,21.35145858866194
2021-09-30,66.95474922677613,7.655531645301709,21.33444408486003
2021-10-01,66.24425633088627,7.605266186839943,21.09502646772259
2021-10-04,65.86616731068594,7.603569084362738,21.080736777682624
2021-10-05,64.13514419361329,7.501554827923481,20.590762335966087
2021-10-06,64.1627080962107,7.509401191418572,20.61897461009443
2021-10-07,68.48354995155672,7.694345790003167,21.49906310656608
2021-10-08,68.84868893376034,7.721490915438315,21.62623254636878
2021-10-11,66.39104854959027,7.6260506675452175,21.17505145613852
2021-10-12,66.46996876216619,7.63241395088251,21.204615334946084
2021-10-13,66.44490854259446,7.6245672666189686,21.167479254740968
2021-10-14,66.92082723803753,7.7132208657993,21.580342603712833
2021-10-15,67.4280271564759,7.802085997878049,22.002284464056437
2021-10-18,66.84227372477044,7.796359674680118,21.969897315500926
2021-10-19,69.68354681851442,7.92658133705461,22.59945923267284
2021-10-20,70.84971104632893,7.973028625698754,22.82189101727174
2021-10-21,69.90990570475965,7.9352765176239615,22.637103963182174
2021-10-22,71.24005020077561,7.973877199041351,22.821190764880377
2021-10-25,71.32902318537073,7.964969553108647,22.777962830560405
2021-10-26,72.24134641226811,8.064015500478353,23.25902809649776
2021-10-27,72.16386169006485,8.050229793772894,23.1914899103039
2021-10-28,73.59618394770516,8.100496871350982,23.436380733036195
2021-10-29,73.5910685783289,8.081620577707955,23.337413576747977
2021-11-01,75.19176432469587,8.198268448637258,23.92326786418607
2021-11-02,75.62530778533753,8.20335867526029,23.943291777754183
2021-11-03,74.33761916525035,8.261684042550263,24.231080030558875
2021-11-04,71.8084460660985,8.36624469157697,24.755794945048955
2021-11-05,72.52109481530434,8.484166478416661,25.351837916280072
2021-11-08,74.08471796865881,8.452988518705178,25.18857116417657
2021-11-09,75.41842102715674,8.46550240751689,25.251361690626297
2021-11-10,77.09694958992682,8.323614144401054,24.53846455452733
2021-11-11,75.52431045158141,8.325734683427005,24.541040874402317
2021-11-12,75.89128439698172,8.308766804467918,24.46071482280401
2021-11-15,76.62488987797373,8.396572925178802,24.897561090986837
2021-11-16,75.81463213468307,8.353093676149689,24.67605205915254
2021-11-17,77.23483609708231,8.435597254393022,25.094743903935733
2021-11-18,77.84422158601713,8.47759174550205,25.30229469179071
2021-11-19,79.57723436888519,8.556063230545535,25.69893536646619
2021-11-22,79.04326367753775,8.601451433882751,25.935005591150688
2021-11-23,80.59522867364534,8.443232327491058,25.128235422195615
2021-11-24,79.1494625858019,8.37578908516617,24.780270100450352
2021-11-26,79.21920555078073,8.400814839384362,24.90515004302794
2021-11-29,79.18675582364274,8.396147188487117,24.856114414764082
2021-11-30,79.73881663393024,8.457445172952848,25.150995200263814
2021-12-01,80.46767768790325,8.446838186862937,25.082123622800133
2021-12-02,73.87228411550666,8.182151238654985,23.782213112877933
2021-12-03,77.82452356832086,8.299011293140083,24.360119641686122
2021-12-06,73.78695487364386,8.136128320410142,23.548122008173426
2021-12-07,78.65674944359874,8.335489857839415,24.53862740645917
2021-12-08,82.89359299433261,8.444503195673564,25.064604924080538
2021-12-09,82.64534574141906,8.44832287403919,25.08660975577969
2021-12-10,82.22466837220875,8.411631068318405,24.88537236754805
2021-12-13,82.38682810363186,8.440899831704096,25.030015313699018
2021-12-14,75.74905819666127,8.213963159280283,23.899091629845675
2021-12-15,76.54449322003923,8.227537822540054,23.972908659067617
2021-12-16,82.5795357226022,8.44174625867167,25.029088244880494
2021-12-17,77.87527415163134,8.1297639423522,23.484803297324717
2021-12-20,79.49492384784955,8.06030165425227,23.144083823281598
2021-12-21,80.06263198450783,8.155438072258862,23.608854011853353
2021-12-22,80.61675284859055,8.258644109022073,24.091676776545594
2021-12-23,84.13964989408747,8.373319614773019,24.669852781814054
2021-12-27,84.49878807215416,8.45698936035137,25.093982803599847
2021-12-28,89.04447149057839,8.58759199145703,25.746615221574785
2021-12-29,86.7394229830413,8.531315627014358,25.458538765996597
2021-12-30,85.67357020325584,8.522396011264394,25.41306878071668
2021-12-31,84.55693742058331,8.486933709985975,25.23258210782795
2022-01-03,84.47487458841668,8.473978610751539,25.164794715508357
2022-01-04,85.62428058370556,8.541720597352855,25.504622986160147
2022-01-05,82.68144849533931,8.382449291775197,24.709624051936558
2022-01-06,81.9825470375661,8.12082403486986,23.38569500177016
2022-01-07,82.32299042813504,8.155011120017667,23.554234472764072
2022-01-10,80.34980306367797,7.959429214202574,22.60839924545026
2022-01-11,79.96098816714506,8.055839806820453,23.07875661471908
2022-01-12,81.44601829606242,8.249088152739663,24.039645479611316
2022-01-13,81.66101853081099,8.255672887028448,24.065326904494615
2022-01-14,79.3144172129743,7.964736849019178,22.643512216933413
2022-01-18,80.23179612657796,7.942865261897396,22.532207134926203
2022-01-19,79.66909844438015,7.902729031183197,22.32154064519265
2022-01-20,79.40130222237006,7.852612567598552,22.069905354512684
2022-01-21,78.83918989263573,7.633456724427259,21.046776605509347
2022-01-24,80.74297711449701,7.345495760739206,19.714638128973572
2022-01-25,81.33986612386728,7.361634034720549,19.776912643558482
2022-01-26,84.28009535652953,7.494147285796862,20.364609549589616
2022-01-27,83.25430409538842,7.419610565496553,20.042620421860992
2022-01-28,78.29155112356538,7.28433543689523,19.427492217149414
2022-01-31,82.29309811494066,7.500306740460437,20.404384527131736
2022-02-01,81.90016333759755,7.738787089182962,21.492581270463994
2022-02-02,79.7623882682469,7.851975246859126,22.038854988104468
2022-02-03,82.05552776465717,7.613494367135428,20.908871383812034
2022-02-04,82.93372949825248,7.5189938805166925,20.419456330764216
2022-02-07,80.93249969828456,7.6154048057757455,20.867173506344525
2022-02-08,82.6459966141995,7.516444397465387,20.412721656590033
2022-02-09,78.44803387918421,7.724558119405639,21.381960737080774
2022-02-10,79.5713669405771,7.634518830032748,20.939105992487626
2022-02-11,79.27421065907191,7.611371902014331,20.833142525328093
2022-02-14,84.4249001292698,7.357810881958624,19.652217743910636
2022-02-15,81.38625198182459,7.494147884653194,20.26900846286762
2022-02-16,80.8227977853173,7.513471306792145,20.35960452148963
2022-02-17,81.35455596426611,7.490536937140764,20.23049592839866
2022-02-18,83.9729226329983,7.356113148986444,19.60201848179673
2022-02-22,87.70148336598977,7.187924430749265,18.85236605717527
2022-02-23,86.27452496420355,7.248020904663364,19.113807721101832
2022-02-24,94.26803005164538,6.770636575740411,17.0696326514729
2022-02-25,85.30154948138629,7.2478105058524145,19.262061914820602
2022-02-28,84.74091364725066,7.273291915904939,19.362700966830946
2022-03-01,83.44394221801667,7.342097363576339,19.68017835873572
2022-03-02,84.25824771911529,7.285398113933599,19.411701252749808
2022-03-03,83.36503434070654,7.430864648342905,20.080292246873274
2022-03-04,88.3095947480359,7.216590483487162,19.11056116915188
2022-03-07,89.41689277362048,7.1624414591452705,18.864069996832416
2022-03-08,92.80815678942152,6.881274761372821,17.604686958947532
2022-03-09,89.97900838435079,7.0447920420429,18.31300191547977
2022-03-10,89.85467663520251,7.025043439647929,18.198771562045206
2022-03-11,88.41516664983092,7.099369755773595,18.529527677146962
2022-03-14,92.85621361042386,6.86173739009084,17.503122040284833
2022-03-15,93.76141546114107,6.813958286746586,17.28017300779075
2022-03-16,88.56280401838045,7.053711782064842,18.307901661769343
2022-03-17,85.88221913697042,7.185375685884667,18.86611958706239
2022-03-18,86.07054431627934,7.278176529036834,19.286210409625493
2022-03-21,86.32933810812071,7.44579213225625,20.037655145862193
2022-03-22,86.10279820726299,7.454085749183932,20.082876656350866
2022-03-23,86.16613840841171,7.52680171582907,20.402445876153003
2022-03-24,86.2869357795242,7.522336233911963,20.37501747724764
2022-03-25,85.25301903194335,7.645444789401165,20.928672978393816
2022-03-28,85.45016337704152,7.64012875678643,20.90413469533525
2022-03-29,85.13271580585901,7.843397269191715,21.861391798183973
2022-03-30,85.01932597269757,7.8514757892687514,21.893748860348495
2022-03-31,84.7047305735832,7.808101782692017,21.684646488872822
2022-04-01,84.92953061202348,7.713908844260787,21.236849049605375
2022-04-04,85.5773015826497,7.711783775651904,21.226985849637895
2022-04-05,85.26160441184746,7.820221825814896,21.72978626317324
2022-04-06,86.41034835128531,7.561669420584047,20.514928014805566
2022-04-07,86.6474570027715,7.489167845413757,20.17784036831426
2022-04-08,86.60956075022298,7.490867987155492,20.175860085942702
2022-04-11,86.90744561222296,7.33118667785309,19.447964525351725
2022-04-12,86.37789322549824,7.351387858228912,19.52110583567672
2022-04-13,89.29188175541569,7.22466313961391,18.969823550327128
2022-04-14,85.86744510276594,7.36584692375602,19.592384840585932
2022-04-18,90.89080743325067,7.172572293268627,18.723150159019614
2022-04-19,89.72788337101943,7.187029303896924,18.78268440500651
2022-04-20,85.36169781420533,7.379666335543837,19.657313062324757
2022-04-21,86.1663377294824,7.339266837970493,19.452606679505674
2022-04-22,93.65266372190402,7.107934876465614,18.43330313955159
2022-04-25,103.21824022905022,6.88298064774129,17.450532027081085
2022-04-26,101.05054036484609,6.962499562459338,17.792298505618767
2022-04-27,106.71304298762173,6.744986267734091,16.825094197248813
2022-04-28,103.50897370652882,6.843004717064744,17.239818671316367
2022-04-29,101.87403019943314,6.882340893776247,17.377312880452536
2022-05-02,107.82573087275796,6.651220006314244,16.368284668049306
2022-05-03,104.20668802826681,6.771777232779459,16.864756210413507
2022-05-04,103.5723597957033,6.788999671163066,16.93999232962243
2022-05-05,99.4578379113194,6.913597205398677,17.44134849130623
2022-05-06,107.0658326603722,6.611247432769351,16.12099302015636
2022-05-09,111.94834495843504,6.452418519910836,15.462685992931021
2022-05-10,111.10408313986635,6.474318350806836,15.50590011319353
2022-05-11,112.75145631251534,6.345254713341792,15.0037837091532
2022-05-12,121.04522142426282,6.11158316671907,14.06119803218615
2022-05-13,122.14383709291914,6.287421857512052,14.764205916452514
2022-05-16,119.37010210036357,6.381612407989625,15.123442607336152
2022-05-17,117.00824012055944,6.473042315587138,15.48144721474207
2022-05-18,118.92262064410214,6.411169176676348,15.219177439240731
2022-05-19,128.35204345348723,6.150704909798787,14.144523776987102
2022-05-20,124.74764829327407,6.232352375846016,14.467686357323025
2022-05-23,127.77307553883813,6.160486384294554,14.182004417187542
2022-05-24,128.45847270940138,6.12604124958111,14.036827118938103
2022-05-25,130.0083916084407,6.074585376087704,13.828947201698785
2022-05-26,127.0817085471121,6.175156925342351,14.220268809358057
2022-05-27,126.87118064138947,6.432430777868123,15.247828365531179
2022-05-31,127.41611448988533,6.5712732700466185,15.800614669922476
2022-06-01,128.56647826942807,6.601039791610035,15.911044293136662
2022-06-02,125.97528858521461,6.481546486680667,15.432389224118797
2022-06-03,125.75698113105811,6.570422250719752,15.766778043743845
2022-06-06,126.3323215010357,6.606994546661714,15.896836786178836
2022-06-07,125.99563369615566,6.459432773849097,15.307471628257762
2022-06-08,126.14011520537065,6.570847499025588,15.76589052276267
2022-06-09,124.55394232921117,6.504084325552796,15.493292178486376
2022-06-10,123.97530643241198,6.243407191564366,14.450278370383678
2022-06-13,134.8398446109051,5.947861352431144,13.294643025279125
2022-06-14,135.63887235937418,5.903424459468499,13.09932211956383
2022-06-15,134.31798852919158,5.940846979947106,13.23144030915056
2022-06-16,136.5062777966553,5.859410940538064,12.898166905023242
2022-06-17,139.2533501478619,5.786906770303689,12.605861091100616
2022-06-21,134.55541519116758,5.937992836366305,13.173132058802407
2022-06-22,134.92367258045653,5.93309219267793,13.138900953348843
2022-06-23,131.77479362131248,6.033005121779595,13.525313495802877
2022-06-24,129.06879455471366,6.1295074979919955,13.885063175886755
2022-06-27,127.67320597310136,6.305471757272877,14.560788583539358
2022-06-28,127.54373940805124,6.2415637326504045,14.302007156808687
2022-06-29,129.9274959056961,6.037051466372282,13.51115791381518
2022-06-30,130.41630203647455,5.980599560655934,13.288918435983051
2022-07-01,130.5623873802098,5.942254171784463,13.145177799145099
2022-07-05,129.13975481674788,5.928618651440116,13.086277616743391
2022-07-06,132.62321792870986,6.121199573677613,13.833985274803803
2022-07-07,134.33637760357493,6.169769609078193,14.01982519187619
2022-07-08,135.74506836610485,6.221963546967663,14.20381594480458
2022-07-11,136.2298017838185,6.239006454636825,14.26744480856221
2022-07-12,135.10046324933222,6.184471104712485,14.04186531576524
2022-07-13,127.73249390438615,5.977402748590325,13.259620443160962
2022-07-14,130.00783255134613,6.028318373581544,13.458511287058473
2022-07-15,130.9539800666753,6.171902605769386,14.01976566723317
2022-07-18,134.66767410717276,6.2782030729510385,14.426109760366899
2022-07-19,133.46694413670258,6.243906551527474,14.290307344908976
2022-07-20,137.49134138109198,6.363629738995791,14.74101023845019
2022-07-21,141.80630544548305,6.465245548573035,15.134825458565137
2022-07-22,144.1309654987937,6.5276637357407985,15.383844814622124
2022-07-25,140.03111151439106,6.433716391705578,15.004015347659893
2022-07-26,137.59177063176716,6.359369250313936,14.704956907854925
2022-07-27,138.12401054521357,6.3702338273379215,14.737544766381191
2022-07-28,144.03353123274997,6.531072454928952,15.345196815526482
2022-07-29,147.33419997474954,6.633329572358799,15.756516863026807
2022-08-01,149.23224724192627,6.681472815075607,15.938468447626107
2022-08-02,148.6169133268675,6.665921960816267,15.872804835204034
2022-08-03,151.22279581641322,6.732599146111242,16.15238962624195
2022-08-04,157.13949732281796,6.880018233038769,16.736565176117505
2022-08-05,153.80423054606763,6.7994920280169024,16.40216535549854
2022-08-08,153.34247592577017,6.874053762178421,16.719431820130854
2022-08-09,149.6286053260619,6.790546452266062,16.368578359625577
2022-08-10,153.51603134741006,6.91452928086934,16.87225706775705
2022-08-11,156.89185816831096,6.993776325831506,17.187524163647264
2022-08-12,155.30958668014048,6.948401776435347,16.99754198281576
2022-08-15,157.85363417871412,7.017423872297316,17.27538407444191
2022-08-16,157.19411581761776,7.07366224567347,17.512485095349763
2022-08-17,156.9587374010447,7.009967063781716,17.242745637237334
2022-08-18,155.90052583591913,6.996546188896658,17.17815023020619
2022-08-19,155.32075139098563,6.94818894554727,16.97487384903665
2022-08-22,156.9109282754879,6.784793455512111,16.293426427911072
2022-08-23,152.2375180376887,6.691485134877888,15.896107340912495
2022-08-24,152.553450657239,6.680619758757057,15.860512226993999
2022-08-25,149.67233898570726,6.749215373691735,16.133673995667994
2022-08-26,146.72679069196064,6.822711586752014,16.428093168879673
2022-08-29,155.19234761328715,6.489104738915411,15.074405374409915
2022-08-30,153.65431578561143,6.520634172799285,15.202963366192213
2022-08-31,155.5158842129479,6.4756827267091355,15.021257331285987
2022-09-01,162.59545309381915,6.320810078043939,14.414474237412204
2022-09-02,156.7786992288955,6.44053441079852,14.885418975204239
2022-09-06,163.56983919530603,6.298228286128182,14.333657692446756
2022-09-07,165.79251843076045,6.253065481230155,14.158086201622616
2022-09-08,161.9896518091368,6.323579548405989,14.419020150832742
2022-09-09,155.89280188073602,6.450972349623849,14.918202856038956
2022-09-12,150.3247098585829,6.571761991106118,15.397237283994713
2022-09-13,155.82647365787304,6.429029745212416,14.804504725118074
2022-09-14,161.7737642707064,6.281399204057216,14.178105810847068
2022-09-15,162.7431275967592,6.264355368919256,14.10175217565928
2022-09-16,169.5633426609723,6.129081580231602,13.58651758329737
2022-09-19,170.77749612977826,6.1055224925902865,13.502188532902615
2022-09-20,167.77017790583588,6.156527386720976,13.691241659278198
2022-09-21,166.73153029556295,6.180004501736093,13.780310696656663
2022-09-22,175.5854931103435,6.018022479941933,13.163803435104652
2022-09-23,181.1408774003847,5.923052844850074,12.821440193664223
2022-09-26,184.34482066943335,5.86927223539421,12.609566715304727
2022-09-27,184.0681341452056,5.928601841135142,12.832887544960514
2022-09-28,179.90753173384897,5.857106776263884,12.570052014125265
2022-09-29,180.95334467826177,5.886985853665951,12.665363123999908
2022-09-30,187.06424610698937,5.783905909837088,12.27845762217365
2022-10-03,189.23324364288226,5.7420768073996085,12.121108578941833
2022-10-04,203.12854479813302,5.953784009300425,12.888485037234405
2022-10-05,203.2377772170886,5.93863112885508,12.812280823209933
2022-10-06,199.78985201491616,5.9958267271477705,13.023821240491374
2022-10-07,207.47890598280176,5.869058230241239,12.554288472479367
2022-10-10,215.0136970016502,5.7469847647428,12.092313984304086
2022-10-11,222.19229902086377,5.648815074336748,11.741707676694102
2022-10-12,224.19785207268006,5.621070132522971,11.637998697648916
2022-10-13,238.1981543798375,5.4452164226732105,11.019766031956923
2022-10-14,211.56360402617426,5.787532656541562,12.278729445882686
2022-10-17,216.8488911364202,5.6944858600639305,11.915738062406916
2022-10-18,204.70519498103994,5.901284560475126,12.655621474260633
2022-10-19,214.68877125971412,5.7604304465662235,12.154405306136738
2022-10-20,215.06116465544818,5.752961213510078,12.126584133613646
2022-10-21,216.7546090403467,5.718814306748839,12.00270184614787
2022-10-24,204.75025658783323,5.883356992144654,12.595565200758712
2022-10-25,206.06287034638223,5.962747357901484,12.8901865119634
2022-10-26,205.87514253640373,5.942472450655936,12.78875619497613
2022-10-27,205.8315803484561,5.906833053620925,12.655894601271918
2022-10-28,204.71191685173142,5.809516935297965,12.297663408928035
2022-10-31,205.56343265813135,5.952289618763329,12.803909820695827
2022-11-01,208.7590116070681,6.007350687932952,12.996332683747525
2022-11-02,204.9046074407229,5.870338347284662,12.502269635747487
2022-11-03,187.57975567615546,5.612748467399214,11.583907077000815
2022-11-04,184.76642486731532,5.666527774659242,11.762949361265376
2022-11-07,184.69986567658162,5.671222579012045,11.775699554455642
2022-11-08,180.98014990489278,5.743570438721901,12.029767024642373
2022-11-09,182.51534005368995,5.714119515157962,11.914611072718106
2022-11-10,173.86712134955744,5.89018544162543,12.505339018693896
2022-11-11,166.84158906308465,6.02997178189237,12.956012375276034
2022-11-14,170.4000181415059,6.100397010251627,13.211402424290357
2022-11-15,177.39882164814242,6.235917200462814,13.711727763588195
2022-11-16,171.52527951095712,6.133049985780393,13.33450452787115
2022-11-17,164.08510116623665,5.994119095669416,12.814511628097476
2022-11-18,172.0369274401757,6.143721067830005,13.373083301936328
2022-11-21,167.23974227717684,6.0478979069389105,13.025676940646154
2022-11-22,166.77963074955053,6.031680414330676,12.961154305308888
2022-11-23,170.33728679459088,6.102745353301509,13.209678678817335
2022-11-25,170.91501275755115,6.128783591391576,13.309448554780518
2022-11-28,169.64384711148838,6.079910484712555,13.129144189834342
2022-11-29,168.85308849567002,6.038081854640304,12.965969318932231
2022-11-30,167.01334751383897,5.993264156356094,12.804625887327052
2022-12-01,180.1823179816264,6.267501794864521,13.796887243359128
2022-12-02,175.07150644750405,6.1575937792687085,13.38513865914262
2022-12-05,177.06738923065544,6.196862335048095,13.532434952557033
2022-12-06,174.67672123391785,6.1349723245461965,13.298469724314893
2022-12-07,167.4219927663078,5.985367973641587,12.748613471841024
2022-12-08,168.15066585640847,6.016100411901739,12.85815759849911
2022-12-09,169.04984042714483,6.035307247838465,12.921634492029838
2022-12-12,168.59785488574425,6.022714653044731,12.874894996170573
2022-12-13,173.54803244658984,6.3306728779851795,14.016257040166892
2022-12-14,171.1950316966754,6.147135341579534,13.36972031588288
2022-12-15,164.5998880912523,6.0250621045498916,12.90979025165638
2022-12-16,162.65971610874476,5.894240357166018,12.426367897052364
2022-12-19,162.503554631633,5.858506345261589,12.290873393658527
2022-12-20,161.10531019300205,5.744914090262883,11.890296600597035
2022-12-21,161.01224931535856,5.7885527841257645,12.044342020691788
2022-12-22,161.10333747858365,5.783847202764272,12.013278280761531
2022-12-23,161.57731263846804,5.678809480041446,11.63094562808579
2022-12-27,160.53628731038904,5.705977448447217,11.729522032019025
2022-12-28,164.67110651823486,5.629605892520283,11.458430350763889
2022-12-29,164.6857562336191,5.625114013025447,11.427852968161904
2022-12-30,163.61214193542847,5.639233147337406,11.463567758298455
2023-01-03,158.37818413409497,5.746836765569308,11.847566728467019
2023-01-04,160.91527046935875,5.70383866947725,11.692232267233571
2023-01-05,163.72412604009784,5.6482167809661785,11.49304323347799
2023-01-06,164.6958939784633,5.633457505647261,11.431362491567077
2023-01-09,156.0952647866672,5.793472397629994,11.992114646743575
2023-01-10,156.36789396130055,5.7648061717034516,11.89455621769417
2023-01-11,157.49175913319257,5.859575015363138,12.221970717685235
2023-01-12,161.36743561040336,5.949422769263738,12.535485192385524
2023-01-13,159.96145564402104,5.914768800966343,12.408160090062252
2023-01-17,163.75903748240194,6.006113286195446,12.738756544829071
2023-01-18,166.6673062117587,6.056172683017102,12.927415845504552
2023-01-19,159.7325844543015,5.908777458664666,12.38797448520055
2023-01-20,159.84852476860306,5.920971952586612,12.42932027198505
2023-01-23,166.25727423179134,6.065372647879625,12.936641398519065
2023-01-24,170.91334864378925,6.146020869770076,13.227559908063531
2023-01-25,167.73766208236742,6.0702910913710495,12.946202323867729
2023-01-26,173.0776138712809,6.229665824630083,13.541761546509195
2023-01-27,172.90958681233016,6.246352615349703,13.591056593775543
2023-01-30,173.29533002363942,6.266248476560885,13.659013635278512
2023-01-31,169.33233331848032,6.210199602113268,13.449400274635144
2023-02-01,174.1290952498331,6.297907725696391,13.771060215897597
2023-02-02,191.0490105918226,6.579434032368718,14.834511974017877
2023-02-03,188.1000063898928,6.523172056682846,14.591329675381804
2023-02-06,187.9542232334457,6.492581794786655,14.475109938817429
2023-02-07,188.40204443785504,6.491510592397167,14.469272453386838
2023-02-08,196.9031648495969,6.600184739372379,14.874597004582519
2023-02-09,197.00196542943326,6.606602148029934,14.875423280444885
2023-02-10,184.1644657871537,6.406368080227195,14.131858754853717
2023-02-13,185.4521604124562,6.441665271368733,14.262811698333975
2023-02-14,187.34886448332617,6.4793165689171,14.398064745804438
2023-02-15,191.62856128542754,6.522315756891038,14.559086736863701
2023-02-16,190.3283829606588,6.511192663087072,14.496977831936446
2023-02-17,184.8437181354836,6.440381898191556,14.231957432523268
2023-02-21,183.21372736222392,6.358875900560798,13.921695432537406
2023-02-22,184.3638638127646,6.302398809753781,13.699550925048351
2023-02-23,182.55276990131182,6.374064160664477,13.957177558089159
2023-02-24,186.2610399412852,6.241217179826057,13.464782022137598
2023-02-27,184.0982728449471,6.312025930207211,13.724096970847961
2023-02-28,185.04519211197032,6.274160444903299,13.585925289182777
2023-03-01,185.44479673775737,6.273305479810587,13.57969165122509
2023-03-02,188.01844882092558,6.174899186931196,13.212706653915266
2023-03-03,184.06413303320952,6.318870505315343,13.746324514511167
2023-03-06,181.0412566846354,6.437599462410406,14.1864349489633
2023-03-07,181.03043197178388,6.418989570693973,14.119326701030412
2023-03-08,183.0109742519139,6.348391829846028,13.843986782136087
2023-03-09,182.3182737838782,6.381765565818101,13.969365339740493
2023-03-10,186.02190459584622,6.264106634475873,13.526579104237186
2023-03-13,190.5783170020476,6.133611993273439,13.052859726442579
2023-03-14,193.41891471429702,6.295765957448455,13.651767770700891
2023-03-15,192.76952992349817,6.3043258473075765,13.67006264261185
2023-03-16,193.56927633339032,6.374706527991567,13.919704607231033
2023-03-17,209.56993280241198,6.561248565088653,14.629485884415013
2023-03-20,205.85442797087492,6.518698608945065,14.46494561326725
2023-03-21,213.2217843636244,6.597545647893049,14.761965320975177
2023-03-22,214.38190081615787,6.647467631424314,14.945140201304026
2023-03-23,215.13036205413457,6.639968752987643,14.909373290571482
2023-03-24,214.28771888350224,6.627112770158105,14.856877216173814
2023-03-27,216.00894782614208,6.6759639830754205,15.042993469423275
2023-03-28,209.37648481347992,6.6024730171150265,14.762389190972021
2023-03-29,214.07964385769705,6.660537106421244,14.97135040415446
2023-03-30,223.81138351873358,6.753953373054125,15.324421564445002
2023-03-31,223.8047433423717,6.768308073221394,15.384076991274354
2023-04-03,227.88049100601413,6.829585024682236,15.608177109229581
2023-04-04,228.82251757528246,6.868794342633731,15.763802591954596
2023-04-05,219.8410024173814,6.815231275550152,15.543760848934026
2023-04-06,212.87207496069442,6.73252632735139,15.217791533031193
2023-04-10,212.85406435240373,6.750310401521173,15.280471636189214
2023-04-11,221.5519014298911,6.8094446365898085,15.517418323561644
2023-04-12,221.27764449969175,6.809230794258362,15.511831290623237
2023-04-13,214.70917062996298,6.745165977005961,15.249949643723332
2023-04-14,218.41747419218487,6.804302370822519,15.474248520891445
2023-04-17,216.68152406819232,6.816301064185819,15.522518509021827
2023-04-18,218.86198621846148,6.877147901542326,15.756993718754288
2023-04-19,212.95514857562577,6.779020647489971,15.37278508754682
2023-04-20,211.29821036991342,6.763593659147022,15.308281298374878
2023-04-21,211.9864371179097,6.7683080385490255,15.319027153827529
2023-04-24,211.81996635411153,6.7783778526018,15.35782633430464
2023-04-25,210.58888478380717,6.733596595333643,15.18517995011209
2023-04-26,210.26874892227838,6.7153853828126415,15.100205877098846
2023-04-27,210.61824591327579,6.763806722325285,15.280159055685225
2023-04-28,212.2370691863799,6.8582947636519975,15.636056183225445
2023-05-01,217.45825124665984,6.900716776541116,15.800455507579779
2023-05-02,218.23799017375964,6.901361403597071,15.801411236144629
2023-05-03,214.682435622502,6.850580980504356,15.596952650136446
2023-05-04,213.27275442983506,6.79294704546575,15.36450501179128
2023-05-05,213.3244654795176,6.82315683795682,15.476869858176478
2023-05-08,220.8589147788126,6.907786465097982,15.799179357429743
2023-05-09,218.7339191584257,6.8987878719904305,15.764798107413771
2023-05-10,222.20089403905195,6.9442105258382325,15.93627255790103
2023-05-11,223.34338183493526,6.978064622261184,16.061714437957843
2023-05-12,223.85130258676836,7.000346432250026,16.148374806143842
2023-05-15,222.30598228644592,6.9739934083479955,16.04693601110013
2023-05-16,226.60881664427464,6.985776150209748,16.089208327268345
2023-05-17,230.93364562714768,7.03248492408174,16.270948844486636
2023-05-18,237.8819968936003,7.102760819273748,16.539289448763725
2023-05-19,249.42005983378994,7.23067275655126,17.04685758461893
2023-05-22,250.11998453619773,7.2041045513555755,16.943551080106502
2023-05-23,250.41340438194706,7.1963911661042586,16.907920997166865
2023-05-24,250.829818394404,7.099546027709895,16.514056824176148
2023-05-25,254.96467999984011,7.266025187016267,17.166259465727013
2023-05-26,257.01522134616647,7.300733301473324,17.303648459466075
2023-05-30,275.5781641891728,7.556769538935699,18.362095715737148
2023-05-31,275.98282424121345,7.4637823023169645,17.976075909746058
2023-06-01,275.51863678272287,7.450070151095403,17.909657438601894
2023-06-02,274.45249438965254,7.580124728419383,18.446537660450154
2023-06-05,274.3033695826014,7.593622624327956,18.507599107317176
2023-06-06,274.01084224039147,7.590408609358356,18.48860929887737
2023-06-07,273.31172459224734,7.608620632134498,18.56168248682435
2023-06-08,273.2753716869338,7.479851431812424,18.011691249346484
2023-06-09,276.1856975316189,7.597906810905867,18.500217563326526
2023-06-12,278.54782995874245,7.631330445653216,18.638940626565873
2023-06-13,292.78762266249987,7.78345332482995,19.275959497365438
2023-06-14,292.9032230112971,7.783023709434217,19.271535577960673
2023-06-15,292.53669042932677,7.811733423198412,19.381746478778833
2023-06-16,292.95392113578407,7.985495783050669,20.126350063870166
2023-06-20,292.8000069130001,7.85120205162374,19.55662194886627
2023-06-21,292.61562842656156,7.846694193564061,19.534732534072823
2023-06-22,292.45130781014734,7.737059937696693,19.05850397433086
2023-06-23,293.06053936744496,7.770957079618846,19.19047473501189
2023-06-26,293.7791331486093,7.766453616324365,19.174196982255346
2023-06-27,290.4753367299149,7.707452398536448,18.91756454851422
2023-06-28,296.9726423914979,7.766025073693386,19.153324101829064
2023-06-29,303.16637008115026,7.814511343176886,19.35013212622841
2023-06-30,308.75019943360496,7.885527950746286,19.643982892110078
2023-07-03,314.2569175396201,7.939593804762292,19.870273443785468
2023-07-05,311.71154145869633,7.910201320795324,19.740163287791773
2023-07-06,310.5016145217126,7.863214801137818,19.53319349097868
2023-07-07,312.85743034303437,7.878663059220191,19.595939130844624
2023-07-10,311.560135639694,7.851413587211189,19.47954354857833
2023-07-11,317.3635142965717,7.869220840966387,19.55365972167295
2023-07-12,326.3907627518928,7.988297980182717,20.06099917838019
2023-07-13,334.1328978243525,8.067896379502434,20.388864488961378
2023-07-14,340.7948852843979,8.143846766211851,20.71562100555506
2023-07-17,340.8417981618714,8.14835113042796,20.735584912575742
2023-07-18,340.8079762549884,8.194693499125556,20.93519984090035
2023-07-19,340.64606417414325,8.298965603757045,21.391595012249407
2023-07-20,341.0539093038016,8.208639203887007,20.981443122038964
2023-07-21,340.7928790010098,8.135049542529924,20.64231555331642
2023-07-24,338.0370606264052,8.080124139955709,20.4038552536271
2023-07-25,338.76959121370277,8.087205927296658,20.432296252475187
2023-07-26,339.3993265752738,8.10372501485882,20.49869875253013
2023-07-27,342.2008793169491,8.218509570539231,20.984561667917884
2023-07-28,340.85347542658985,8.16851931008647,20.77021685573552
2023-07-31,342.4581718712119,8.233957132446012,21.05038467237111
2023-08-01,340.8966430166636,8.202203730657692,20.908193302282505
2023-08-02,339.3949425616211,8.136765629361753,20.615648331045254
2023-08-03,333.73085505067627,7.97971550373952,19.920330053808513
2023-08-04,335.2835821638068,8.061457771965024,20.276251776508026
2023-08-07,335.6807537082678,8.021337046140575,20.099472239898617
2023-08-08,331.9927422315247,7.994733046878857,19.97950934945353
2023-08-09,331.3860478352021,7.987224987141598,19.944782701673297
2023-08-10,327.91107593273534,7.958902358565179,19.807447705679895
2023-08-11,318.0070656930378,7.8520569259046,19.354515622279337
2023-08-14,314.41704496791874,7.840040841775875,19.30144856079921
2023-08-15,322.46043933358067,7.924359675813311,19.654993856910558
2023-08-16,316.5211174147368,7.84948045604444,19.333643234984713
2023-08-17,314.56561683892,7.808502624493696,19.144548392965962
2023-08-18,310.86648490464404,7.621843984864081,18.367353822952204
2023-08-21,315.63239313080834,7.715387360802773,18.766619660876856
2023-08-22,319.9148218116774,7.864071075789707,19.37853230322728
2023-08-23,318.36438646639175,7.821803344336204,19.20352329952896
2023-08-24,324.8879292792526,7.994732405229114,19.928547464113354
2023-08-25,315.91230313909136,7.767952653908684,18.968512223150423
2023-08-28,323.9455202095651,7.873510232593871,19.41209190248695
2023-08-29,322.5019097656007,7.864285532335764,19.37060607486401
2023-08-30,327.44304529365525,8.042791216460659,20.121749592641528
2023-08-31,330.9053033221487,8.086988160762475,20.29223533728876
2023-09-01,339.693252535379,8.161223131725823,20.616064869561413
2023-09-05,332.9385669033811,8.083340969957412,20.283235027031605
2023-09-06,334.03273502613285,8.094282152287803,20.331433184403885
2023-09-07,317.3445241640143,7.9425947040247085,19.671159114823784
2023-09-08,318.2084716036656,7.981215749604731,19.83350181157208
2023-09-11,319.76544864346477,8.05952621205151,20.16876893091578
2023-09-12,319.01630190778195,8.051157344944967,20.128393948385032
2023-09-13,317.9879738890127,8.00309920140195,19.918300141363883
2023-09-14,319.7256744086,8.066605764405287,20.177374884250455
2023-09-15,319.09085942438725,8.064891175569414,20.164769620650095
2023-09-18,315.0572516132521,7.934970204805715,19.60731716186993
2023-09-19,315.24671431143014,7.934969217928001,19.602877012361674
2023-09-20,315.89813875069444,7.96999448903898,19.74613448134281
2023-09-21,310.8406621408328,7.751907878184125,18.831166107678236
2023-09-22,309.8441578948556,7.726769989224586,18.708396149934305
2023-09-25,307.35706144766345,7.668757573298736,18.468723224297914
2023-09-26,307.2966691700277,7.670046072672875,18.46989401029468
2023-09-27,304.94770642016385,7.635453744692681,18.32126661911918
2023-09-28,303.48023889353385,7.608165712228821,18.195818166203132
2023-09-29,320.79121362134435,7.767808685321082,18.860286189442455
2023-10-02,318.82031799130084,7.703350885679844,18.59516351215956
2023-10-03,317.87846486938764,7.708506890545393,18.60828194700536
2023-10-04,315.04036449782853,7.643832709556057,18.33195728043352
2023-10-05,320.23378461589925,7.729132779439051,18.66796045075672
2023-10-06,317.17763261457435,7.641254269809467,18.299859153058723
2023-10-09,327.5189052380608,7.7841374500749865,18.895698989314194
2023-10-10,336.4943671684257,7.882972923691065,19.310388314780525
2023-10-11,343.59684306003936,7.948291063762297,19.58197900480187
2023-10-12,347.51515685435874,7.986751157571885,19.73573787968245
2023-10-13,346.1962602891599,7.961827096435507,19.62821628848503
2023-10-16,334.99576803451976,7.8769558559987445,19.266903200419595
2023-10-17,331.657154953029,7.8595534321785525,19.180650707971065
2023-10-18,330.32775507079504,7.856545066637915,19.167237343319865
2023-10-19,330.42817956948085,7.8380663366748164,19.074763505079513
2023-10-20,319.9427525207066,7.723115883860915,18.596971551542477
2023-10-23,307.2386275311368,7.589902150820536,18.046245665185282
2023-10-24,313.7056020515252,7.681218325273427,18.424379525001797
2023-10-25,311.80743774278585,7.6638151659936655,18.343997612673775
2023-10-26,299.12572101719746,7.500949376660701,17.663327034926624
2023-10-27,298.9865297639327,7.443151598127926,17.414855247298444
2023-10-30,296.878160350933,7.473232655497693,17.534797726473823
2023-10-31,297.0283011931341,7.5033131863788745,17.65198669429778
2023-11-01,293.1310148171593,7.556813813115067,17.865397089729097
2023-11-02,297.9087054270146,7.767807436577844,18.72063996401468
2023-11-03,305.6069472453337,7.836777030803455,19.003109728518663
2023-11-06,314.79380979780944,7.917134466298626,19.33523723539127
2023-11-07,315.88631306819923,7.955379583739209,19.494300436372892
2023-11-08,322.32371544159173,8.015755301700473,19.742509291410823
2023-11-09,325.0919121641253,8.027788683826707,19.784053907340425
2023-11-10,322.7652271748604,7.988684262083366,19.61561338422747
2023-11-13,334.5341533478747,8.095470436419118,20.05331905879628
2023-11-14,346.41589303615916,8.244152324593584,20.68678556395663
2023-11-15,355.542354067127,8.320213667130592,21.00826227705088
2023-11-16,352.49139503908197,8.268432153760486,20.772722306681747
2023-11-17,352.4205456251863,8.276380813063021,20.80733832125852
2023-11-20,353.3999498983363,8.294429519741126,20.886127072749485
2023-11-21,355.3964275193628,8.358030381730819,21.147486007345453
2023-11-22,354.45954304391284,8.391547943994501,21.280398119710146
2023-11-24,354.2725722352671,8.371780592635574,21.195707757241266
2023-11-27,353.17413144153426,8.358028804998,21.133968151021023
2023-11-28,352.6486635349403,8.345137647967157,21.07763592284133
2023-11-29,355.09514229924383,8.437097480591481,21.47498644255727
2023-11-30,353.5860734327984,8.381018748522427,21.22120780837606
2023-12-01,348.82697670311995,8.330957322222796,21.000694064064056
2023-12-04,348.04741255212264,8.295290920593308,20.84451438624137
2023-12-05,346.63297465521174,8.258763052573102,20.67920583028905
2023-12-06,354.572285000247,8.385100639706119,21.230636411784808
2023-12-07,350.660447328959,8.337831923695413,21.012705753468364
2023-12-08,355.0459053304694,8.350722594777245,21.060956374599353
2023-12-11,360.36951627901715,8.416685411608917,21.346079452695196
2023-12-12,362.4969473660128,8.498761489550729,21.705068041409476
2023-12-13,364.9784021879809,8.58599610627903,22.083999442223273
2023-12-14,364.66848859563265,8.701161632846485,22.58335324853205
2023-12-15,364.9419439413268,8.683972070024586,22.503512800327623
2023-12-18,365.5196128351939,8.717465284986664,22.652216204355287
2023-12-19,365.74266917144973,8.77365614761945,22.8968208706958
2023-12-20,365.84140457107225,8.791094644134718,22.97131303421931
2023-12-21,366.36327191601384,8.763322356669175,22.818607184666604
2023-12-22,371.3620177675084,8.805088879585432,23.006348435765535
2023-12-26,371.2083506928335,8.810471125493866,23.022497395564017
2023-12-27,372.0290106071619,8.851723659113038,23.20913248340931
2023-12-28,371.4636077603461,8.888772470050888,23.35839469278639
2023-12-29,371.5185877736509,8.858830993294665,23.22038149137847
2024-01-02,372.14069921467893,8.741651484651905,22.699517065864132
2024-01-03,367.86279118412756,8.614349156794928,22.125498784957756
2024-01-04,361.437896734818,8.539172629132963,21.777031598001845
2024-01-05,362.9299805198784,8.539387615735592,21.775661121199597
2024-01-08,368.5031998050143,8.5725599780326,21.924017601244064
2024-01-09,377.43818447643486,8.656998689177394,22.269533494443053
2024-01-10,383.11580791295916,8.74660547366895,22.6754760262563
2024-01-11,386.78135807608544,8.826736997638951,23.015350799143263
2024-01-12,388.8379417729952,8.839876388407287,23.07432213283208
2024-01-16,384.23822727724024,8.794855385556527,22.873664606690546
2024-01-17,381.81116823417227,8.748759185559003,22.662025223103097
2024-01-18,396.3905125978002,8.842459302763718,23.06587275149097
2024-01-19,409.41924973841316,8.943700420403143,23.51950127794297
2024-01-22,432.857825157763,9.120114412808269,24.3202095119126
2024-01-23,432.2731525833214,9.09900527277688,24.221015740482247
2024-01-24,431.8087533468904,9.206922992486582,24.712198248407297
2024-01-25,432.52808480530854,9.226738262463494,24.79083874796592
2024-01-26,432.77144240363225,9.142301672984413,24.40004516852245
2024-01-29,432.85496522601534,9.13863929658649,24.386978364155866
2024-01-30,434.94200843192834,9.199598986281096,24.65995669879851
2024-01-31,434.8185114205168,9.064971963894363,24.03788079224554
2024-02-01,433.47605617734934,9.020599107832389,23.810488533203664
2024-02-02,435.1574183715519,9.128514153778548,24.295859243269728
2024-02-05,451.588507727855,9.242032617770976,24.807500647217385
2024-02-06,451.6120494041001,9.253664893896001,24.856268160813052
2024-02-07,452.2342592764973,9.270896130445099,24.934757505631392
2024-02-08,459.39422189813416,9.307514585771763,25.089856530526365
2024-02-09,460.69455075252074,9.346934481538366,25.268937997631795
2024-02-12,463.3156821995678,9.411555650700684,25.563088904692535
2024-02-13,456.66190364127374,9.203475153041328,24.598443900065817
2024-02-14,459.4331128845933,9.289206058917237,24.99082091521017
2024-02-15,462.482365783381,9.346502928592681,25.24251866440485
2024-02-16,462.8491733187565,9.367397633487284,25.330141377575092
2024-02-20,458.5537971582721,9.2308307523925,24.70339486086012
2024-02-21,455.80058369925126,9.144669535985184,24.30218263098843
2024-02-22,461.6897909640836,9.358780864468578,25.268231421311476
2024-02-23,465.32281518408183,9.469928950861902,25.774439352113212
2024-02-26,463.9899975840924,9.425771439907942,25.563232786923425
2024-02-27,464.13525050973107,9.427278726833409,25.569710087692805
2024-02-28,461.6795639564326,9.379027905980871,25.344120453052234
2024-02-29,464.2285715303411,9.43934186177186,25.60380959571899
2024-03-01,466.8451449788929,9.47531429326616,25.768877270295533
2024-03-04,473.63395784283335,9.598309712774427,26.341980810987902
2024-03-05,470.13018450842657,9.497715027459776,25.86769155788558
2024-03-06,469.4328485497743,9.484361403041582,25.782014304208264
2024-03-07,468.87160230541883,9.529595175620377,25.980434577035556
2024-03-08,471.56610987461386,9.6026168866584,26.31308791712471
2024-03-11,465.65035107922427,9.423830850724533,25.477360620387014
2024-03-12,469.4942433255437,9.471651770312777,25.69492581217624
2024-03-13,471.770046676625,9.534549886999091,25.977021479887757
2024-03-14,467.05249775983225,9.50977853073428,25.84066044131736
2024-03-15,456.60491924471467,9.392813851377811,25.31242739447
2024-03-18,470.3403377925405,9.462605863651314,25.610833774752624
2024-03-19,457.94087493660874,9.391861265241936,25.28435488241721
2024-03-20,467.3655228495724,9.485253331402017,25.717602380883964
2024-03-21,486.05886598184856,9.68152995424666,26.623854066740662
2024-03-22,479.21109952345927,9.605392421659669,26.270444000678776
2024-03-25,475.33325808228693,9.566568468386565,26.0838979248527
2024-03-26,481.6679867850368,9.625882840486968,26.360733927909475
2024-03-27,480.5246529026942,9.628902897902472,26.352686849265606
2024-03-28,479.8217898425824,9.593098475476433,26.189836366271443
2024-04-01,480.7933564116143,9.597195139824752,26.203606577689698
2024-04-02,474.36053834454486,9.491723498780388,25.707019896703656
2024-04-03,471.00336613329785,9.46756556843714,25.59273362209575
2024-04-04,478.1749315257139,9.62652847725233,26.323757587981433
2024-04-05,468.64824802541193,9.420546766332277,25.367894754928436
2024-04-08,471.3177536005797,9.520411044941355,25.823671306860607
2024-04-09,476.1012896330999,9.553841908372933,25.97290507949997
2024-04-10,471.01755090811264,9.425291565100798,25.373928667499552
2024-04-11,472.32475761631713,9.49560665848747,25.68723333012634
2024-04-12,472.109635607496,9.51372372109038,25.75556316009006
2024-04-15,471.9423762253486,9.534429469737985,25.83931517693277
2024-04-16,462.8609763260545,9.29372095737733,24.73012735723055
2024-04-17,467.8781919725509,9.341173604550074,24.948077969215355
2024-04-18,449.24159239332874,9.198602929865608,24.278939620086927
2024-04-19,439.517984575366,9.106504941652725,23.864501029108776
2024-04-22,425.6379899279388,9.000600247059307,23.371677842212446
2024-04-23,433.7958447247199,9.075228941292865,23.7027527087577
2024-04-24,453.157877564476,9.235486380794239,24.41463499980733
2024-04-25,437.6613155587636,9.042228729808125,23.534984304300608
2024-04-26,453.3089765365093,9.222974029898163,24.365473412051863
2024-04-29,466.0957449993578,9.341820506458573,24.89959358627565
2024-04-30,464.66887373722864,9.299112602169085,24.702675894506143
2024-05-01,458.8245631101822,9.126562543718492,23.897899478060523
2024-05-02,458.7852763641855,9.172936357574544,24.101445856581627
2024-05-03,478.0704194757452,9.370074733669147,24.992257869498456
2024-05-06,486.9825325652102,9.431760263682428,25.27385910679478
2024-05-07,498.08688685943997,9.50509571503981,25.60309739289647
2024-05-08,484.1134948075619,9.439741600832573,25.29995593131738
2024-05-09,493.02388120605985,9.497113992507188,25.55346532811105
2024-05-10,499.3233044888703,9.544781682616058,25.77015460923538
2024-05-13,503.3341682089542,9.576056215086258,25.914180544619033
2024-05-14,500.222472944345,9.547154611617739,25.777063413339633
2024-05-15,521.7656549608528,9.671823092629149,26.35797705157913
2024-05-16,536.3415264586962,9.764136166745926,26.768155995697338
2024-05-17,535.6279053716754,9.751194599949097,26.704486683294657
2024-05-20,533.7283150809409,9.74839131729993,26.692504950380908
2024-05-21,535.9273868661459,9.771254494577622,26.796020553808532
2024-05-22,545.7268544753788,9.836391267385359,27.099979001935587
2024-05-23,549.3124790896047,9.933235972931397,27.53579699090644
2024-05-24,535.2448647210466,9.819784127293408,27.003878917429834
2024-05-28,547.9962804900273,9.903685951510319,27.3979897764864
2024-05-29,543.38680655434,9.823882555903706,27.013746337604175
2024-05-30,543.1533582470557,9.824313222112469,27.01784258000301
2024-05-31,536.982863160792,9.74407716392096,26.622212874451364
2024-06-03,539.0084508474101,9.804253957499856,26.902232861996332
2024-06-04,530.7972100423865,9.767586310524718,26.727473207843893
2024-06-05,540.8102653573554,9.877804361240209,27.243857546126613
2024-06-06,557.715058517437,10.01239253468774,27.87285498936566
2024-06-07,554.9355968932699,9.986078800872141,27.728533985174877
2024-06-10,549.9453319573759,9.960627731086563,27.608373597898407
2024-06-11,557.9580141319879,9.99772612320421,27.783294510684822
2024-06-12,565.0724648237666,10.179982431139406,28.656489866181264
2024-06-13,565.1770237562679,10.303571550951851,29.249470890009473
2024-06-14,565.6356772973893,10.277689385241011,29.11017379562631
2024-06-17,565.9676475170926,10.341102570279755,29.419320256804223
2024-06-18,565.8048890849228,10.460809779374973,29.999074169875154
2024-06-20,566.0435845634844,10.491220246294382,30.143571737020647
2024-06-21,566.7328831611455,10.378416247182004,29.57513914459591
2024-06-24,566.6862683404029,10.329886475016119,29.336561478196483
2024-06-25,566.1808183106378,10.28430301367545,29.104103857239085
2024-06-26,571.6462830729299,10.337878723182719,29.355608039464897
2024-06-27,572.9243700738712,10.371795530099465,29.522337875642716
2024-06-28,574.7640244423405,10.42126733338185,29.745432151484753
2024-07-01,572.4387968314537,10.370068354441939,29.494467752103535
2024-07-02,569.8659955278736,10.378061235088694,29.525980887428958
2024-07-03,587.2324807234207,10.503574406411351,30.13486193226728
2024-07-05,592.3074142200682,10.626065081627342,30.727758473600844
2024-07-08,592.4976591965059,10.726303264821404,31.23016916452749
2024-07-09,592.4901579104053,10.776854590550236,31.47541133086216
2024-07-10,592.6165617355031,10.794999776414409,31.564544213841646
2024-07-11,592.5178723770196,10.867587811213657,31.925416643546786
2024-07-12,592.2594795010639,10.639458141606847,30.748918081132324
2024-07-15,595.5872120895264,10.728031129535532,31.18968382378324
2024-07-16,596.719979034046,10.749849521839751,31.294881998075507
2024-07-17,588.8452961259626,10.548076454264876,30.285773891413715
2024-07-18,585.7941032500216,10.488666908690714,29.9459063124279
2024-07-19,575.2955891219638,10.350839997733514,29.26528734831129
2024-07-22,575.4137528676764,10.394261541208309,29.4666958195649
2024-07-23,576.156707093542,10.399662845094808,29.486865285361496
2024-07-24,559.1802419876649,10.23569521540231,28.68540375482198
2024-07-25,522.1202539165779,10.0175030222433,27.59281724036337
2024-07-26,523.384567534827,9.994388426882576,27.459333259864355
2024-07-29,531.9637873431309,10.060493964906799,27.771920149749505
2024-07-30,528.0557430276391,10.063518458584365,27.776013766408376
2024-07-31,529.9543863896985,10.10715694977272,27.94587317738131
2024-08-01,534.1175519561531,10.191193124036115,28.330243741695888
2024-08-02,457.05620888976006,9.740336632441387,26.21636949377558
2024-08-05,408.1726117942083,9.17476557744338,23.621731827896205
2024-08-06,436.5181264556753,9.445237452801841,24.93866769072765
2024-08-07,452.9346344270445,9.64528127719131,25.847241301113314
2024-08-08,436.8578352285517,9.527976554540318,25.303822883655393
2024-08-09,449.9001750321965,9.65068191175237,25.82500310246003
2024-08-12,458.88524198780954,9.751136053373813,26.290206309140782
2024-08-13,472.45564838463326,9.846838929379283,26.73119880242202
2024-08-14,499.7321040971556,10.012966248807116,27.49311423891726
2024-08-15,513.282505594612,10.1263829410077,28.020912235035713
2024-08-16,525.2440597723238,10.209770903601063,28.383885452833677
2024-08-19,531.4552660244254,10.264859848435023,28.643626318362706
2024-08-20,547.7877883905013,10.376762816205463,29.175156531892682
2024-08-21,547.2679502017421,10.391885079463378,29.242825286936203
2024-08-22,558.6377931666996,10.47375993522224,29.639528091739724
2024-08-23,539.8640172764632,10.352781944546496,29.02181932583084
2024-08-26,541.0178067726578,10.357320429326332,29.043553411293864
2024-08-27,522.8807974005229,10.232886172807842,28.444378241004014
2024-08-28,530.6564553431398,10.289053801992262,28.703112271411204
2024-08-29,523.1216921244537,10.224028402525644,28.382486987232866
2024-08-30,529.4772803945709,10.262049295772071,28.545435285963997
2024-09-03,524.1824876942837,10.222299060413075,28.345964021110564
2024-09-04,499.1947882518782,9.908406402877475,26.84765664460201
2024-09-05,498.82127033312446,9.914888521297552,26.87438227307597
2024-09-06,499.41245709861914,9.944267053462335,26.994074033641066
2024-09-09,482.6751619298442,9.78721337330857,26.236947139184128
2024-09-10,484.9169636148831,9.855911313517588,26.548302318220976
2024-09-11,491.775885221302,9.935193167822801,26.90525250850811
2024-09-12,513.9968238626931,10.124005708091826,27.774092692090324
2024-09-13,522.9531570673626,10.206745954560459,28.149071185026987
2024-09-16,521.5345142752658,10.222083085020152,28.21953984752728
2024-09-17,531.9815191470959,10.28905418842267,28.53200362431419
2024-09-18,527.5895525924029,10.254704495553248,28.369691611698517
2024-09-19,548.5050569322564,10.42558370477547,29.16488651161575
2024-09-20,545.0191430274028,10.422991484789579,29.130880937025047
2024-09-23,546.2334725882587,10.447590730880144,29.247175980444858
2024-09-24,552.7967169936743,10.480256265836235,29.404982869759596
2024-09-25,552.3253551894588,10.486314595215589,29.42755268948665
2024-09-26,582.1317557069509,10.673012192567711,30.325746757338
2024-09-27,577.4606476072398,10.610923470483682,30.02549109676901
2024-09-30,561.3232952561533,10.508813177819205,29.52497870447715
2024-10-01,563.9642903351487,10.550349906412261,29.720780420776332
2024-10-02,548.4057986451203,10.391559774565339,28.951197014519636
2024-10-03,548.6061208584,10.378145079398983,28.88537727818494
2024-10-04,567.9953207949766,10.544941297759198,29.674593523134636
2024-10-07,561.1509267187485,10.500376043842019,29.454877108467567
2024-10-08,562.5953512029918,10.484582998771838,29.36376020268276
2024-10-09,572.0997223982056,10.578472074542363,29.8083064060031
2024-10-10,573.6480495390762,10.618494140695482,29.998359353274854
2024-10-11,572.491216310255,10.616114590517814,29.964783139353482
2024-10-14,590.6425017376616,10.72492968666353,30.502361532234524
2024-10-15,598.2223988374831,10.769496213344087,30.714853038929146
2024-10-16,567.5000299551853,10.625632151248771,29.999200433666186
2024-10-17,580.7027450751102,10.739425147014117,30.549982937536534
2024-10-18,575.8709528298036,10.687937562473248,30.29212815792583
2024-10-21,572.0124341184892,10.670414251980315,30.203727933297973
2024-10-22,570.5982104381984,10.659165067154857,30.146907281410424
2024-10-23,571.5617169108231,10.677769967196266,30.232761458163733
2024-10-24,570.451502939311,10.645752334360097,30.05916133411448
2024-10-25,576.6357844295333,10.711302048130754,30.360987005012742
2024-10-28,580.9517879028044,10.783124940605575,30.712786943872036
2024-10-29,578.6105320271691,10.723848654224074,30.423329550751554
2024-10-30,580.2596086596014,10.803244918241521,30.801722121016518
2024-10-31,562.4446806316893,10.65159318720247,30.056244140901878
2024-11-01,546.4095458616812,10.502754317526836,29.299074338793893
2024-11-04,547.6197180185851,10.531311081049735,29.437746096610883
2024-11-05,547.2251978865302,10.548400334835595,29.51326083770056
2024-11-06,577.7111459268342,10.828553802916062,30.87483720063555
2024-11-07,599.9468015369773,10.998161648776072,31.683602889523254
2024-11-08,603.7878763019389,11.098539739596232,32.15148649441236
2024-11-11,601.7549684733206,11.148945090015157,32.405093163186734
2024-11-12,593.1520718460828,11.11433275098196,32.23082061370517
2024-11-13,585.8727490856002,11.084694715172141,32.08040526079079
2024-11-14,583.9541381191098,11.074094183330688,32.02147544569619
2024-11-15,565.0504065975605,10.880042204051257,31.052031950220133
2024-11-18,551.7211923400604,10.775984516445531,30.518427138167855
2024-11-19,552.7274181207822,10.760625642947929,30.431408826649342
2024-11-20,555.3865124017309,10.884800601949246,31.0404065650481
2024-11-21,562.9379145190771,10.951431416494533,31.36440118302086
2024-11-22,561.84337829248,10.912059996056415,31.158013874899623
2024-11-25,575.6984863750016,11.030610638458068,31.741679576972842
2024-11-26,575.2357511928338,10.991236905924113,31.54610501201226
2024-11-27,569.4450381030816,10.993185129949522,31.54775084283499
2024-11-29,566.0388148363256,10.944725385407708,31.286819287253813
2024-12-02,574.0434317657372,11.054623389180302,31.830190363046587
2024-12-03,579.6483385889619,11.118226701498656,32.13057344239139
2024-12-04,594.606911206916,11.256031746779843,32.82224484307427
2024-12-05,594.9695572528976,11.320714889985883,33.12932233863643
2024-12-06,593.5967522411878,11.302759609150192,33.02767404343753
2024-12-09,596.2905946668325,11.369172091471643,33.35660199126384
2024-12-10,594.7971893980435,11.327422129525825,33.13945430665939
2024-12-11,594.0126564468526,11.357274308169544,33.27963330800789
2024-12-12,596.1858565610669,11.415250989457965,33.555266799762414
2024-12-13,599.9934080015904,11.475394577684805,33.837981851758585
2024-12-16,603.2676703512453,11.532071470708274,34.12457013082684
2024-12-17,606.7149735815034,11.603032518762157,34.47280184167239
2024-12-18,606.4925490652613,11.576854843784186,34.32921718681448
2024-12-19,593.2830922390019,11.27485080492619,32.748665004723975
2024-12-20,583.7831956498053,11.042293159609269,31.59178938328618
2024-12-23,584.7479410523736,11.257496738005335,32.66301810237388
2024-12-24,589.8930237917132,11.371906820730349,33.226054700864196
2024-12-26,592.0548378315792,11.447528325393355,33.59977912546667
2024-12-27,590.4453438803214,11.397473952780105,33.32632969222419
2024-12-30,580.7368014078406,11.169957468929452,32.18645115290317
2024-12-31,581.8038062926237,11.2000750235624,32.32445620317111
2025-01-02,579.4075327751993,11.143737003935518,32.04203553421756
2025-01-03,579.066425525927,11.123149094845102,31.91810509219062
2025-01-06,590.375755011188,11.354354751616304,33.06230474807885
2025-01-07,593.6897467187829,11.388373861206386,33.23129369018097
2025-01-08,579.9834451084531,11.160640370196113,32.085443341435735
2025-01-10,574.7973937314656,11.082633039449682,31.686666677401853
2025-01-13,564.7336335996409,10.859881772909395,30.596212735103606
2025-01-14,571.5831096691915,11.023260519501937,31.40978165540616
2025-01-15,581.8300561894858,11.116219103189545,31.836423375770416
2025-01-16,595.6466580475643,11.245144353289716,32.45902225863738
2025-01-17,602.3816278741322,11.329000092713953,32.8416349784115
2025-01-21,610.4652208461097,11.364318801516266,33.01906701333376
2025-01-22,624.1905753423155,11.474611840800469,33.556146667815945
2025-01-23,617.8926829135897,11.463129345815634,33.49137670701563
2025-01-24,630.5676684607586,11.549369709299757,33.91213979493366
2025-01-27,563.971924257416,11.072229330389682,31.532156173849113
2025-01-28,560.5223245506538,11.163670670991573,31.999204281681067
2025-01-29,567.3490349540209,11.320551120690633,32.767514601950765
2025-01-30,570.202173962894,11.347637575277401,32.8958753460156
2025-01-31,577.4779304904661,11.417190764039372,33.22472784356176
2025-02-03,563.0603139914163,11.125750864798947,31.797547943318577
2025-02-04,566.5552701438942,11.237560338114356,32.35076030206482
2025-02-05,566.2824505931884,11.306682624934604,32.681947384515055
2025-02-06,566.124107072831,11.426724755741299,33.276488106786374
2025-02-07,573.8213273421662,11.48696369220936,33.569614380647025
2025-02-10,564.2036322555953,11.423690231753682,33.2337165992206
2025-02-11,560.9856644262895,11.396391094609037,33.08715440108752
2025-02-12,552.7954536149008,11.31708218587198,32.68544379339735
2025-02-13,571.1472558323453,11.483495203259766,33.528229847758716
2025-02-14,585.1843558027796,11.61415787905364,34.16146255204461
2025-02-18,594.6504692757304,11.6947616779259,34.56895955518922
2025-02-19,597.7950596037734,11.669627148217172,34.4331147243669
2025-02-20,604.9404759122837,11.673094450670522,34.44578461594774
2025-02-21,603.7395197960647,11.66550834805196,34.38618875408132
2025-02-24,580.285156745047,11.43799202118905,33.23566455016349
2025-02-25,572.9983988262181,11.250776335802064,32.2985779679169
2025-02-26,566.3569560068983,11.170387722363092,31.8975516960609
2025-02-27,569.8367003842264,11.22672603499409,32.16380912375175
2025-02-28,531.4570830285659,10.836694865655074,30.25859938653156
2025-03-03,534.1872807906786,11.083496523608444,31.451706447311228
2025-03-04,502.413599661741,10.707767780305508,29.660840351503904
2025-03-05,503.8095872735239,10.751538440666007,29.857064850773284
2025-03-06,499.66896097272337,10.697149894042841,29.573870027374493
2025-03-07,496.77853603654603,10.555656388964604,28.875773475283943
2025-03-10,496.6214438060524,10.47526662698572,28.487375823100216
2025-03-11,487.36693919070547,10.234747268437596,27.318603470697504
2025-03-12,496.2654338523428,10.382309520911646,27.987140571070125
2025-03-13,492.3786257036106,10.319254056134879,27.694231720682502
2025-03-14,493.8378677127815,10.26465073907643,27.411956485367746
2025-03-17,501.2611677232811,10.392058754792636,27.984959866401212
2025-03-18,501.0345624909663,10.387725516410232,27.957938311077942
2025-03-19,504.3999277841839,10.331388715102005,27.677495001268117
2025-03-20,505.19543370161756,10.332904496592054,27.67366528322518
2025-03-21,505.9210842565636,10.272232399544482,27.38055570539173
2025-03-24,499.2289690208755,10.583983667756566,28.83692739465746
2025-03-25,497.0769280929015,10.663191745684667,29.197737424571514
2025-03-26,495.8915655975427,10.68293923034078,29.28863598428544
2025-03-27,476.2821763159382,10.468318915809219,28.272861852077895
2025-03-28,480.1999599623061,10.41189672497321,28.000079117486766
2025-03-31,502.1169239970527,10.023671400667768,26.227202197862084
2025-04-01,495.8469389261624,10.140421057880584,26.76600552270539
2025-04-02,497.768070431417,10.114815089331632,26.634897404478455
2025-04-03,496.839175117049,9.904751391480826,25.616098330693283
2025-04-04,502.9942879551208,9.507630634320105,23.81696181007472
2025-04-07,478.25783537523887,8.867894169994438,21.083867192811724
2025-04-08,546.721577444839,9.508063580311914,23.91612902302051
2025-04-09,494.5895450814575,9.01784586066478,21.921184505636667
2025-04-10,565.4544299984813,9.84225342323428,25.124973576055098
2025-04-11,558.181925752686,9.648900843388185,24.23901802041157
2025-04-14,551.1960057172078,10.078791263334914,26.129805869858227
2025-04-15,557.5052054591874,9.950323459502776,25.573438584759916
2025-04-16,559.3109077729067,9.74394967967648,24.660040013696648
2025-04-17,562.7678816257614,9.70358705712329,24.438863798822545
2025-04-21,569.4610117618058,9.50958141290223,23.620616070908323
2025-04-22,568.5673108795909,9.522385866768651,23.649763851484792
2025-04-23,553.282713435516,9.942294572054559,25.44506707622157
2025-04-24,554.1622442434914,9.905620142783295,25.298897228431134
2025-04-25,540.2471745247949,10.133259862833134,26.277183625735677
2025-04-28,551.4613062302927,10.264765076869393,26.851411465950658
2025-04-29,545.5663669627644,10.202701556233265,26.574789355067715
2025-04-30,542.5558116248419,10.13673089262532,26.267356419203477
2025-05-01,559.712008525466,10.490018094007496,27.88324469057312
2025-05-02,561.9942556321732,10.557940972013578,28.18302954521126
2025-05-05,559.1444988628086,10.515841797224235,27.984364076470058
2025-05-06,549.2409839113951,10.406470015892225,27.478377693862672
2025-05-07,554.0695598434237,10.461156086348044,27.731322314628212
2025-05-08,568.1280530091527,10.601125836287434,28.354617178021492
2025-05-09,572.0834972913966,10.637582122952672,28.519922365830446
2025-05-12,607.3202771938323,11.001719015639452,30.169649858701305
2025-05-13,612.5647910918361,11.048809607678965,30.385432389575577
2025-05-14,639.5919478878385,11.213950923793329,31.15108402331703
2025-05-15,638.4022041095825,11.208528624452521,31.11948246929361
2025-05-16,642.8922756393611,11.298368123189848,31.537376745668222
2025-05-19,638.4725833495687,11.159049293265614,30.874231615932487
2025-05-20,637.6574272324918,11.27254272000965,31.418300778669373
2025-05-21,637.9344424720176,11.203102225999226,31.079627083928376
2025-05-22,633.8492744600528,11.146462366460156,30.804688265156184
2025-05-23,603.9175040407044,10.984141239634283,30.014866046309578
2025-05-27,635.4477543417028,11.200497379995475,31.046149369195714
2025-05-28,652.1903258457677,11.331352150656778,31.650577290114764
2025-05-29,666.5066741623949,11.421411454435674,32.07201700500485
2025-05-30,641.9549308309512,11.271891606855306,31.35453814024522
2025-06-02,630.1154349096491,11.224152369322894,31.122207380430133
2025-06-03,649.4747056085389,11.361298093424228,31.7800255389977
2025-06-04,673.9102804310622,11.457866744084642,32.24104839596146
2025-06-05,685.2640256691238,11.50495765436621,32.45997050937138
2025-06-06,683.7326117600704,11.501049917773399,32.416865877907206
2025-06-09,686.8919131699816,11.50409025196,32.43175491261414
2025-06-10,696.4468631879453,11.526441011948759,32.53290907251441
2025-06-11,706.0464741612578,11.623008850592822,33.00117757516987
2025-06-12,702.4571994885416,11.52470417358044,32.51392321905601
2025-06-13,696.3863345222146,11.450705830178983,32.142813265892194
2025-06-16,698.4755624732538,11.511901374510476,32.42837936167557
2025-06-17,706.5410394809197,11.538159040369072,32.54456344694236
2025-06-18,704.2269479919896,11.5032202974436,32.357370475067235
2025-06-20,711.0987862265652,11.550094236967471,32.570183642556074
2025-06-23,695.1805462106249,11.444664206705246,32.070864768719346
2025-06-24,724.9675079172213,11.663653568408762,33.12282062657748
2025-06-25,747.6866603700105,11.775970788277965,33.66216864089138
2025-06-26,753.3918285581204,11.803996066467926,33.79554158805147
2025-06-27,758.3113224552814,11.888941497495003,34.18873037635569
2025-06-30,764.455536516065,11.97584126950096,34.6206395567677
2025-07-01,765.0143942348548,11.94260239216211,34.45984027308839
2025-07-02,764.7514279618972,11.865042733378266,34.06336399398689
2025-07-03,771.4497115389465,12.01755375702094,34.798051652283064
2025-07-07,772.4392381268513,12.02494066181165,34.83130731457925
2025-07-08,771.5330169986194,12.021900595735382,34.80449433226922
2025-07-09,779.7228069294356,12.045796306460705,34.92298805753903
2025-07-10,784.4541659536611,12.098154605294212,35.176650688290195
2025-07-11,781.0648313063765,12.020158202192546,34.774049099825675
2025-07-14,781.7024191162942,12.035149554614298,34.85325541094386
2025-07-15,791.4191077862891,12.171148550328203,35.52172274744329
2025-07-16,778.428262807517,12.106626795947168,35.20167922722468
2025-07-17,780.2356776421469,12.122701982713647,35.27675231506823
2025-07-18,785.0609311099157,12.233499920202291,35.814425946469434
2025-07-21,784.9064259651209,12.211124400267048,35.70540132069139
2025-07-22,787.055216214645,12.25913545355725,35.936583096293454
2025-07-23,786.4007638339643,12.216553901997878,35.71699738325688
2025-07-24,789.7875510382783,12.277167903082324,36.016043521758895
2025-07-25,789.6650072115149,12.272822326029292,35.98528482112506
2025-07-28,791.85672226746,12.333868203558191,36.2887118855486
2025-07-29,791.4959703426143,12.399478069588561,36.614494472937395
2025-07-30,792.3231448910662,12.343429303484466,36.3288784496525
2025-07-31,792.1304935476703,12.481599726467202,37.01753021219493
2025-08-01,793.6403187020027,12.140298714828612,35.31712182199167
2025-08-04,799.9650909098202,12.145078258563688,35.31529562646017
2025-08-05,815.020387999998,12.282814542959459,35.98677337265263
2025-08-06,798.4131480057016,12.189831551481436,35.516873227807366
2025-08-07,825.4180942870261,12.419247610264026,36.66433832457853
2025-08-08,821.1677143819678,12.392743660138507,36.51635454077593
2025-08-11,833.4432130948625,12.484856845222861,36.981583499089915
2025-08-12,835.212632151316,12.495067511465567,37.02691148880341
2025-08-13,862.7219799613712,12.660178288609876,37.85915173466677
2025-08-14,851.6878325376582,12.562851371276164,37.36338982647373
2025-08-15,856.4547740464071,12.59587216234121,37.50844710851095
2025-08-18,842.1456953098826,12.522876147483355,37.13523384474675
2025-08-19,842.7746869269846,12.521790268533268,37.130196035051064
2025-08-20,821.2097886911957,12.346687205242032,36.23131427455046
2025-08-21,816.205532139909,12.260219598035272,35.79518891646006
2025-08-22,817.3163832316033,12.267172301935382,35.813386186781145
2025-08-25,834.4559570975659,12.391656829754979,36.42942528601573
2025-08-26,834.0800557804486,12.379274469405164,36.35924552653343
2025-08-27,835.4277600230507,12.417510864302422,36.55389158898266
2025-08-28,839.7873353294377,12.472255610486549,36.819548524096035
2025-08-29,838.6465562801636,12.484204633131647,36.8535601571532
2025-09-02,820.7274384403603,12.194176536815696,35.40810519301821
2025-09-03,829.8770845504372,12.366239083832362,36.26925129115342
2025-09-04,831.575236471938,12.3990430307746,36.427276278436125
2025-09-05,846.7111132951432,12.610861063031937,37.48465429274293
2025-09-08,844.844059537016,12.564803548280643,37.255276360447986
2025-09-09,846.9176484570017,12.593048188195532,37.3920337896229
2025-09-10,854.2580486685973,12.681469136582498,37.83880360026532
2025-09-11,854.4578628096982,12.670604491659974,37.7817411897088
2025-09-12,856.5576400805542,12.7097100746968,37.95791430194322
2025-09-15,859.9378733056082,12.783575946858711,38.342468268507545
2025-09-16,866.5888787833052,12.87416994917652,38.79915079809987
2025-09-17,864.8229448765954,12.841364001228355,38.62760268455921
2025-09-18,872.0502122222678,12.924136036953824,39.04620996397904
2025-09-19,875.6264509507095,12.976710864972251,39.29568548017416
2025-09-22,876.278697202048,13.00067265907774,39.4199936453375
2025-09-23,876.4692797468795,13.101376940284167,39.942325085604494
2025-09-24,876.5082248099139,13.040693953284133,39.621820990478895
2025-09-25,874.4965524186802,12.880176811568615,38.78792486653975
2025-09-26,872.9940129217036,12.926939620716979,39.01255541041434
2025-09-29,883.7971776481083,13.030470251099064,39.54829257433605
2025-09-30,879.0274908792501,13.0156812724551,39.46658385331436
2025-10-01,877.7726126199742,12.988274055991253,39.318676792214454
2025-10-02,910.4247066997971,13.203383920294964,40.441690175613175
2025-10-03,909.8519495892228,13.191422796963506,40.363519636698946
2025-10-06,909.9024028135468,13.233617011273394,40.57698390304976
2025-10-07,910.5790887374168,13.246015018006371,40.643569131227764
2025-10-08,906.6733326637457,13.16749727253264,40.21856499164273
2025-10-09,905.4095893629326,13.29951979433269,40.9068501813563
2025-10-10,905.1695915247159,13.297781914149677,40.87654129411882
2025-10-13,899.4719325182419,13.042867021064735,39.44974883902172
2025-10-14,892.2095275314397,12.94781845565634,38.9371886145966
2025-10-15,918.1418873970404,13.137045166712914,39.921840600617514
2025-10-16,921.1882568094834,13.16096988806221,40.0418454871716
2025-10-17,911.815315728117,13.005240062127857,39.2223124949587
2025-10-20,923.8601979353157,13.205122979066621,40.268067890043866
2025-10-21,929.8557183239668,13.303000906992262,40.768263778215534
2025-10-22,921.4399151024512,13.285165250566191,40.67302273842659
2025-10-23,911.3527787901181,13.156619976512948,39.98753282543197
2025-10-24,955.4007527197845,13.397612530857932,41.24124576591763
2025-10-27,979.3833487253545,13.583142932370055,42.21616379197419
2025-10-28,993.5998126054867,13.710164813186138,42.87654354277242
2025-10-29,1014.4582141744118,13.823919300198478,43.48579918644683
2025-10-30,1010.7486106634902,13.749531754613233,43.080019311794146
2025-10-31,1010.0989547166457,13.793032281854051,43.26851315262909
2025-11-03,1014.7865659043784,13.813476756084738,43.3797260950624
2025-11-04,976.1549333425622,13.556173789474627,42.011287805733154
2025-11-05,961.4766787116617,13.451989705100212,41.446246298803175
2025-11-06,984.1493843103249,13.52376480410629,41.809173811240235
2025-11-07,930.9321169086942,13.23057200382435,40.250151229719776
2025-11-10,965.5871104674376,13.46134200307177,41.438331327932175
2025-11-11,961.8795867001431,13.497229078935167,41.620003601169536
2025-11-12,971.7322276660097,13.590102651553774,42.10408387756646
2025-11-13,960.8676429631206,13.431326133373927,41.267911595877536
2025-11-14,934.0830445625102,13.04003893939342,39.20880209697339
2025-11-17,941.8218197032409,13.186854129502636,39.98114690357847
2025-11-18,918.0365231536451,13.041561043784453,39.224249160572555
2025-11-19,910.5856573637872,12.986099891008491,38.930606232553735
2025-11-20,953.3494264760253,13.302564472991648,40.56356322664097
2025-11-21,854.7564810726734,12.777295049678136,37.8999616038631
2025-11-24,877.3766474876983,12.947166537525744,38.75803628520436
2025-11-25,899.2151937036047,13.126169685503783,39.639736974431706
2025-11-26,939.5566998912607,13.321921433254388,40.654253580593135
2025-11-28,957.075653531955,13.40022291224595,41.056402888736514
2025-12-01,950.1709851597183,13.34628131497243,40.75305623579551
2025-12-02,958.8746074594736,13.473086813414504,41.41957529396002
2025-12-03,961.7659197074884,13.476565750224319,41.43433813872222
2025-12-04,968.3357266894214,13.592059931738282,42.03232697697712
2025-12-05,968.0653882277605,13.580096810006472,41.95716507324211
2025-12-08,971.1496171370094,13.641650834370097,42.26655059839535
2025-12-09,960.0542559382409,13.550299457541549,41.79126845314988
2025-12-10,964.8788905220259,13.568568405666703,41.878970123881174
2025-12-11,966.6572059769866,13.567916501738285,41.87217801584944
2025-12-12,956.6474567337661,13.530072434678262,41.65079985224857
2025-12-15,948.3511124293245,13.449377635181094,41.20366735743085
2025-12-16,939.6392903500597,13.229481990974136,40.06264678981584
2025-12-17,943.0127732597387,13.333883878099897,40.605834796899984
2025-12-18,938.017794887237,13.26297890632612,40.17671329767434
2025-12-19,939.183953777019,13.309740330600329,40.41321404033616
2025-12-22,948.671957489884,13.531604159864177,41.56962276832789
2025-12-23,944.5569942370154,13.46300334165962,41.20825793557859
2025-12-24,948.949995491026,13.54554405351119,41.63893267178154
2025-12-26,953.6650924245907,13.60368949587345,41.92395418405874
2025-12-29,943.9304121630951,13.504381221754953,41.39908442238311
2025-12-30,945.7288616029703,13.49871919176365,41.36166211316166
2025-12-31,945.1617812306723,13.494581757414716,41.332928594996055
2026-01-02,946.166191708746,13.503511635969511,41.353859383998895
2026-01-05,953.4251663400287,13.48739445416941,41.263228648213655
2026-01-06,954.3835493305816,13.485434559225252,41.251867978473854
2026-01-07,958.3156910470436,13.568409823696825,41.67701933913814
2026-01-08,957.5520737673127,13.568193108768424,41.67009966415482
2026-01-09,955.5488755550851,13.532910452096644,41.46377340051842
2026-01-12,957.5583473119351,13.552511407620145,41.560357605323155
2026-01-13,965.0461811781038,13.660532120536999,42.13104741383295
2026-01-14,961.0854558887331,13.550986577247631,41.54787384325718
2026-01-15,972.8815485564322,13.645939493495968,42.02762506668675
2026-01-16,972.4880437268638,13.621983824040377,41.887169963689345
2026-01-20,959.1332179428521,13.295964645245169,40.19595190974001
2026-01-21,954.9581660518544,13.272877404546858,40.05485097147527
2026-01-22,971.7293949011633,13.553381219295916,41.51042929415845
2026-01-23,973.3087907656376,13.496323138051023,41.1938920166245
2026-01-26,977.5841384690659,13.572111934608031,41.584989441536045
2026-01-27,985.4410799925856,13.696246651766044,42.24425395050505
2026-01-28,998.6280000124484,13.838896111551545,42.98634734099125
2026-01-29,998.1366097702472,13.777698880014581,42.66937538664063
2026-01-30,997.7383548877926,13.626558027868384,41.846146479845444
2026-02-02,1000.7506475764735,13.47389191585112,41.04445417866418
2026-02-03,1014.1479366942555,13.682962176569257,42.13804629464313
2026-02-04,983.7753724514207,13.393748107012854,40.62777805283718
2026-02-05,951.5558320072549,13.071212832254151,38.96294686919093
2026-02-06,960.5880273297985,13.070775578662497,38.94166452426925
2026-02-09,969.9261026212495,13.23084541176572,39.73645792922676
2026-02-10,990.2793720220943,13.400062816205239,40.60233111809243
2026-02-11,996.7738735545572,13.423366070811774,40.710957118107444
2026-02-12,999.5947581187123,13.386996351424962,40.53040913208348
2026-02-13,967.5784847185021,13.076002793596086,38.90366375371932
2026-02-17,964.4288574955134,13.031356287036308,38.67543485316087
2026-02-18,979.7445787657855,13.112589095223198,39.088834842940344
2026-02-19,977.0501098395707,13.127834713483796,39.154779302980934
2026-02-20,971.865381946135,13.069251263069841,38.830830300500416
2026-02-23,976.3907478674716,13.210590997560775,39.56018012018775
2026-02-24,976.2728706924884,13.118905820505377,39.07013334936611
2026-02-25,986.1255674556961,13.307722886128925,40.0367339461262
2026-02-26,990.238200170838,13.40616077292363,40.52585534330127
2026-02-27,979.6476289734596,13.131535644483517,39.10472556792234
2026-03-02,976.170621334266,13.041809107600201,38.65434476247129
2026-03-03,969.9214984925969,12.986711770194747,38.35429191246412
2026-03-04,976.5399708627264,13.157234379478306,39.23344453384873
2026-03-05,972.7197510360678,13.227795648281354,39.57939607373414
2026-03-06,964.3464692908867,13.073387852174749,38.76898339832364
2026-03-09,959.0802777691686,12.940975827976569,38.09255425354821
2026-03-10,957.5560259904903,13.236072667240164,39.60669640360397
2026-03-11,965.4435939294459,13.261552699677221,39.73167767790943
2026-03-12,950.0253171061912,13.126745847590387,39.0361576016343
2026-03-13,945.4762319783994,13.060756231525485,38.6682998505092
2026-03-16,946.8442359096794,13.067507405960404,38.682608023470436
2026-03-17,949.8821244076605,13.135020862118367,39.03307602036217
2026-03-18,949.8881399626301,13.099086742034235,38.84990037367736
2026-03-19,954.6785633379468,12.838182939376395,37.529641722689604
2026-03-20,956.6323370070686,12.871938917716726,37.67891604528849
2026-03-23,953.4623983283198,12.876395678235689,37.650566797874525
2026-03-24,960.2025816989585,12.751884152209499,37.04836633370947
2026-03-25,955.7061057976924,12.846303309015981,37.49936229400282
2026-03-26,964.1931190842256,12.703692623056622,36.797363910724314
2026-03-27,979.9345073435909,12.446604254892334,35.50234899034918
2026-03-30,986.24695009191,12.371810274490253,35.10252954946115
2026-03-31,981.4176227594636,12.304429915566308,34.77160699354525
2026-04-01,1044.9850694599938,12.679270422017217,36.568329053716454
2026-04-02,1055.9933968473313,12.515509350507791,35.713708200356805
2026-04-06,1039.2794108460694,12.782847868679141,37.074464722992474
2026-04-07,1040.2128810654622,12.769982707257254,37.00332597203688
2026-04-08,1009.2830207751385,13.273040252129062,39.524460797590024
2026-04-09,1012.1573922730914,13.212420686730113,39.238845156503935
2026-04-10,1047.7675364980435,13.341292929153267,39.86467836887492
2026-04-13,1049.6263627119306,13.289829901398907,39.60270181886628
2026-04-14,1100.2739162471173,13.524022490208491,40.81222270797674
2026-04-15,1116.4631073794399,13.717222429691507,41.80082214951759
2026-04-16,1132.5349022180571,13.938114642650808,42.94125220618273
2026-04-17,1131.9828800280377,14.077234780634425,43.662616905297746
2026-04-20,1132.9762981851297,14.130657545469774,43.93532607270012
2026-04-21,1133.0560303321017,14.138725193036045,43.971519251074774
2026-04-22,1132.990404535406,14.176669392039065,44.166274183898466
2026-04-23,1133.647070222713,14.25080749673628,44.53983393794491
2026-04-24,1133.4862562986045,14.358964401523652,45.08516623222543
2026-04-27,1133.969657351073,14.46559494758337,45.650561164790616
2026-04-28,1133.8799226164806,14.334977398802298,44.94760432756005
2026-04-29,1132.6359108500171,14.361580099076393,45.0676718441985
2026-04-30,1155.0783526612636,14.508113767527636,45.86547008844712
2026-05-01,1154.5237115684558,14.591193824468318,46.28310776966235
2026-05-04,1155.2665983891945,14.711125351235884,46.92905205196523
2026-05-05,1155.091440346764,14.783085247425289,47.31119856578656
2026-05-06,1155.0556051454898,14.99721703011446,48.48741584386474
2026-05-07,1155.0966767447128,15.189107081613079,49.53094147202096
2026-05-08,1155.1747869602775,15.261937361899987,49.90623311441565
2026-05-11,1155.6567873227598,15.489589008097514,51.15482886979904
2026-05-12,1156.3084844263901,15.442924685141799,50.88837507780526
2026-05-13,1155.7564483080182,15.480868174320364,51.08700744840199
2026-05-14,1156.0487406540917,15.582481331357458,51.65763651220617
2026-05-15,1156.5562922549625,15.48479304191351,51.06535460941999
2026-05-18,1155.4396892750635,15.515318999036426,51.2256607764325
2026-05-19,1121.445287279,15.259539422506887,49.80070719592709
2026-05-20,1174.868675703198,15.379034246648548,50.46124740663154
2026-05-21,1203.3264675128805,15.459714900107292,50.88645353319871
2026-05-22,1234.7988570447715,15.657711756740172,51.99174939637271
2026-05-26,1260.0376900920353,15.829759188287422,52.96875909050613
2026-05-27,1286.555197256331,15.982399236992341,53.824977288641364
2026-05-28,1286.3753679521055,15.91196532933085,53.408873977128295
2026-05-29,1285.5094366775345,16.088810282853732,54.405274680373054
2026-06-01,1286.114698086172,16.071365448628043,54.316778831966865
2026-06-02,1286.2890134458908,16.188244392258902,54.97750237036781
2026-06-03,1286.4661184586123,16.295309722249787,55.61415491677977
2026-06-04,1286.5777662824923,16.03734808833553,54.09430864238854
2026-06-05,1286.0250890652767,15.919160958331346,53.394802223870734
2026-06-08,1286.3194108819414,15.652040935190987,51.64451019292173
2026-06-09,1322.914049612035,15.76477578120368,52.26682072575946
2026-06-10,1228.2507978908513,15.299878755886784,49.68826741003953
2026-06-11,1226.032544278028,15.248198498251543,49.37840845253672
2026-06-12,1304.35245770986,15.647679113858246,51.542476033482245
2026-06-15,1412.7558269611727,16.094478555100626,54.063898536854595
2026-06-16,1420.7947826855045,16.184972336435877,54.55291569306888
2026-06-17,1373.6765126090102,16.03102377519356,53.62498197111324
2026-06-18,1388.3801007320335,16.074854395021262,53.788117060272725
2026-06-22,1447.4422573690192,16.19773877450509,54.487785892405064
2026-06-23,1312.8393408009717,15.624054254407154,51.22515805832606
2026-06-24,1307.8047660910972,15.615977348840483,51.16610046910743
2026-06-25,1375.0636937453305,15.845844429246391,52.40584329319426
2026-06-26,1285.6113758278418,15.436100978688955,50.1555711584514
2026-06-29,1279.6676787050837,15.585852128997209,50.96792473982866
2026-06-30,1331.3256640185257,15.808296533342375,52.19412894067528
2026-07-01,1332.1348368846764,15.917663383502168,52.766975581795855
2026-07-02,1298.4046133216941,15.83885854562167,52.28343452964801
2026-07-06,1256.3533081405028,15.715520221074526,51.55681673619144
2026-07-07,1222.0521992519061,15.589781049435821,50.84247209060941
2026-07-08,1203.6439899201544,15.388512056463853,49.70317823952356
2026-07-09,1255.0564986094155,15.680593176428836,51.3268468642872
2026-07-10,1226.090858455071,15.732329365892946,51.595050896247066
2026-07-13,1207.4172348013258,15.667275931052066,51.216088297470165
2026-07-14,1233.8436094285428,15.721850084788434,51.476967050822815
2026-07-15,1236.2250123002898,15.801091877476777,51.90475232193193
2026-07-16,1154.1408577237669,15.542629243929305,50.47860844017462
2026-07-17,1103.5027522207943,15.09817735649621,48.010177027019665
2026-07-20,1134.201315961102,15.327606018771029,49.290596166067985
2026-07-21,1157.0250547086785,15.4238755968009,49.794341772971364
2026-07-22,1133.750654113773,15.359477757213266,49.41905650416731
2026-07-23,1132.371330143176,15.16410186960439,48.34682966770975
2026-07-24,1129.284089324945,15.071107209073661,47.80266794011587
2026-07-27,1125.8843057438708,15.098831221142053,47.92517284977714
2026-07-28,1113.5118233684682,14.76156244908976,46.152715564670366
2026-07-29,1113.0618205712447,14.745845690252516,46.04400419610395
2026-07-30,1110.8863064864734,14.729473401721554,45.88387087048549
2026-07-31,1166.9280906389736,15.108217690158908,47.85765978216655
2026-08-03,1099.8381144932853,15.025046584953914,47.43655979766313
2026-08-04,1192.117138503161,15.458583569315595,49.7778528921942
2026-08-05,1226.5566347094552,15.853482935681596,51.918191539090515
2026-08-06,1178.2185467281968,15.516651183715993,50.05727334278787
2026-08-07,1235.259345174659,15.720322387738767,51.19059541264736
2026-08-10,1240.0004051276385,15.7692205467621,51.43895294711513
2026-08-11,1229.065748905554,15.788866421381186,51.547792091063855
2026-08-12,1261.8785150054434,15.871601707862107,51.97559158004697
2026-08-13,1259.680129317084,15.829470562986332,51.750678296754245
2026-08-14,1273.1897941783204,16.00978252300878,52.746997457880184
