date,ret60_pct,roll_1260,roll_2520,expanding
1999-06-04,2.937576499388017,,,2.937576499388017
1999-06-07,4.567600487210743,,,3.0190776987791534
1999-06-08,4.494382022471921,,,3.0932570516964075
1999-06-09,3.2766990291262177,,,2.9884448788487474
1999-06-10,1.2334536702768073,,,1.5742782360990493
1999-06-11,0.4242424242424381,,,0.6265452357510304
1999-06-14,-3.344233055885837,,,-2.213690411847354
1999-06-15,0.6711409395973478,,,-2.0252666378409403
1999-06-16,7.149474984558402,,,-1.8368428638345269
1999-06-17,12.291933418694011,,,-1.648419089828113
1999-06-18,9.10216718266257,,,-1.4599953158216994
1999-06-21,8.408004778972543,,,-1.2715715418152855
1999-06-22,6.2801932367149815,,,-1.0831477678088715
1999-06-23,4.181235431235453,,,-0.894723993802458
1999-06-24,2.8315727699530724,,,-0.7063002197960442
1999-06-25,4.228707564026202,,,-0.5178764457896307
1999-06-28,4.52158693115523,,,-0.32945267178321674
1999-06-29,2.2522522522522515,,,-0.14102889777680283
1999-06-30,3.624613655521225,,,0.047394876229610666
1999-07-01,5.423055082339601,,,0.23581865023602458
1999-07-02,5.915492957746493,,,0.4242424242424381
1999-07-06,4.591265397536426,,,0.43658735001018356
1999-07-07,5.467869222096966,,,0.44893227577792905
1999-07-08,8.342857142857163,,,0.4612772015456746
1999-07-09,13.313609467455635,,,0.47362212731342007
1999-07-12,11.208406304728546,,,0.4859670530811655
1999-07-13,14.010823812387251,,,0.498311978848911
1999-07-14,21.656151419558366,,,0.5106569046166565
1999-07-15,20.049352251696504,,,0.523001830384402
1999-07-16,15.46149323927104,,,0.5353467561521474
1999-07-19,11.276473955352051,,,0.5476916819198929
1999-07-20,5.59322033898304,,,0.5600366076876384
1999-07-21,3.7139306917023385,,,0.5723815334553839
1999-07-22,2.650028042624797,,,0.5847264592231294
1999-07-23,6.445993031358865,,,0.5970713849908749
1999-07-26,4.683840749414525,,,0.6094163107586203
1999-07-27,6.108202443280986,,,0.6217612365263658
1999-07-28,8.757309941520464,,,0.6341061622941113
1999-07-29,8.140225787284617,,,0.6464510880618568
1999-07-30,4.44059976931952,,,0.6587960138296023
1999-08-02,8.078994614003609,,,0.6711409395973478
1999-08-03,5.855457227138672,,,0.6992565761313209
1999-08-04,2.9059579439252747,,,0.7273722126652937
1999-08-05,2.9183438757907076,,,0.7554878491992667
1999-08-06,-0.2535211267605364,,,0.47362212731342007
1999-08-09,0.33008036739383684,,,0.35362088160598715
1999-08-10,1.3458162668227303,,,0.3583289844484172
1999-08-11,2.8308665038080605,,,0.36303708729084727
1999-08-12,2.078521939953859,,,0.3677451901332774
1999-08-13,5.068337129840583,,,0.3724532929757074
1999-08-16,8.900600204948073,,,0.37716139581813746
1999-08-17,10.460992907801447,,,0.3818694986605675
1999-08-18,12.067919951485795,,,0.3865776015029976
1999-08-19,14.482758620689683,,,0.3912857043454277
1999-08-20,13.144251296126885,,,0.3959938071878577
1999-08-23,16.84981684981688,,,0.40070191003028777
1999-08-24,15.735735735735767,,,0.40541001287271783
1999-08-25,20.88452088452093,,,0.4101181157151479
1999-08-26,16.898218061008798,,,0.414826218557578
1999-08-27,17.40196078431375,,,0.419534321400008
1999-08-30,12.306777645659972,,,0.4242424242424381
1999-08-31,11.240535818287745,,,0.4365873500101836
1999-09-01,14.919354838709719,,,0.44893227577792905
1999-09-02,12.632197414806146,,,0.46127720154567464
1999-09-03,19.167904903417554,,,0.47362212731342007
1999-09-07,20.45866022933016,,,0.4859670530811655
1999-09-08,21.1133323081655,,,0.49831197884891104
1999-09-09,21.030303030303067,,,0.5106569046166565
1999-09-10,16.44329154056785,,,0.5230018303844021
1999-09-13,13.782782212086708,,,0.5353467561521474
1999-09-14,13.890465380249761,,,0.5476916819198929
1999-09-15,8.44468935115037,,,0.5600366076876385
1999-09-16,11.761363636363708,,,0.5723815334553839
1999-09-17,13.326807439518994,,,0.5847264592231295
1999-09-20,15.893850763304362,,,0.5970713849908749
1999-09-21,13.2571428571429,,,0.6094163107586203
1999-09-22,11.805749372034668,,,0.621761236526366
1999-09-23,5.72687224669608,,,0.6341061622941113
1999-09-24,4.2570498915401656,,,0.6464510880618569
1999-09-27,4.282251548612992,,,0.6587960138296023
1999-09-28,3.4574468085106336,,,0.6711409395973478
1999-09-29,2.0342612419700146,,,0.6992565761313206
1999-09-30,2.939604489577774,,,0.7273722126652941
1999-10-01,1.6218354430379556,,,0.7554878491992669
1999-10-04,2.872062663185404,,,0.7836034857332398
1999-10-05,4.146981627296609,,,0.8117191222672127
1999-10-06,6.737869198312252,,,0.8398347588011855
1999-10-07,4.706339945546523,,,0.8679503953351589
1999-10-08,4.843268242548837,,,0.8960660318691318
1999-10-11,5.346232179226074,,,0.9241816684031047
1999-10-12,4.012345679012386,,,0.9522973049370775
1999-10-13,4.975922953451062,,,0.9804129414710504
1999-10-14,5.125133120340797,,,1.0085285780050237
1999-10-15,4.685152301598161,,,1.0366442145389967
1999-10-18,3.205128205128238,,,1.0647598510729694
1999-10-19,6.375838926174504,,,1.0928754876069424
1999-10-20,7.456140350877183,,,1.1209911241409158
1999-10-21,7.111170856297888,,,1.1491067606748886
1999-10-22,8.956043956043969,,,1.1772223972088616
1999-10-25,9.552733296521264,,,1.2053380337428343
1999-10-26,8.97009966777409,,,1.2334536702768073
1999-10-27,9.516511077051693,,,1.2390718001041034
1999-10-28,15.396622676316142,,,1.2446899299313996
1999-10-29,17.55831820086604,,,1.2503080597586957
1999-11-01,18.21519344817848,,,1.255926189585992
1999-11-02,19.825489915605754,,,1.261544319413288
1999-11-03,23.32563510392609,,,1.2671624492405842
1999-11-04,20.73784237003913,,,1.2727805790678803
1999-11-05,23.416289592760165,,,1.2783987088951765
1999-11-08,20.65040650406502,,,1.2840168387224726
1999-11-09,18.886947170318578,,,1.2896349685497688
1999-11-10,19.850187265917583,,,1.295253098377065
1999-11-11,23.376623376623364,,,1.300871228204361
1999-11-12,26.506024096385516,,,1.3064893580316572
1999-11-15,24.285714285714267,,,1.3121074878589534
1999-11-16,23.510971786833835,,,1.3177256176862495
1999-11-17,21.01712506486766,,,1.3233437475135457
1999-11-18,22.129065040650396,,,1.3289618773408418
1999-11-19,25.306807905955296,,,1.334580007168138
1999-11-22,24.634655532359083,,,1.340198136995434
1999-11-23,26.99841185812599,,,1.3458162668227303
1999-11-24,29.738219895287955,,,1.3596172256334917
1999-11-26,29.226770630279407,,,1.373418184444253
1999-11-29,27.54303599374024,,,1.387219143255014
1999-11-30,17.30673316708231,,,1.4010201020657753
1999-12-01,20.390781563126236,,,1.4148210608765366
1999-12-02,25.914169629253436,,,1.428622019687298
1999-12-03,26.790185277916876,,,1.4424229784980593
1999-12-06,26.48514851485149,,,1.4562239373088204
1999-12-07,28.022046849555295,,,1.4700248961195816
1999-12-08,25.77550766164194,,,1.483825854930343
1999-12-09,28.861788617886177,,,1.4976268137411044
1999-12-10,29.994916115912538,,,1.5114277725518657
1999-12-13,27.924481737413622,,,1.5252287313626267
1999-12-14,25.323156469284758,,,1.539029690173388
1999-12-15,30.877901109989914,,,1.5528306489841492
1999-12-16,32.700948577134284,,,1.5666316077949107
1999-12-17,39.63541666666668,,,1.580432566605672
1999-12-20,41.2743823146944,,,1.594233525416433
1999-12-21,47.83057851239671,,,1.6080344842271943
1999-12-22,46.683804627249394,,,1.6218354430379556
1999-12-23,51.46904512067161,,,1.6424567329845587
1999-12-27,49.013499480789235,,,1.6630780229311617
1999-12-28,48.02127935642926,,,1.6836993128777646
1999-12-29,50.253807106599034,,,1.7043206028243674
1999-12-30,47.58064516129037,,,1.7249418927709703
1999-12-31,44.48424953675112,,,1.7455631827175735
2000-01-03,50.17335314512139,,,1.7661844726641764
2000-01-04,38.41440999877472,,,1.7868057626107794
2000-01-05,33.01111648139204,,,1.8074270525573821
2000-01-06,26.755687438180065,,,1.828048342503985
2000-01-07,46.788990825688145,,,1.8486696324505882
2000-01-10,49.93035329872109,,,1.8692909223971912
2000-01-11,46.97286012526103,,,1.8899122123437941
2000-01-12,45.57948989031326,,,1.9105335022903969
2000-01-13,53.52260778128293,,,1.9311547922369998
2000-01-14,52.44897959183681,,,1.951776082183603
2000-01-18,50.803212851405696,,,1.972397372130206
2000-01-19,54.91679273827541,,,1.993018662076809
2000-01-20,53.32661290322589,,,2.0136399520234116
2000-01-21,56.50406504065049,,,2.0342612419700146
2000-01-24,49.21119592875327,,,2.036474276869207
2000-01-25,46.384653221839734,,,2.038687311768399
2000-01-26,35.74144486692021,,,2.0409003466675912
2000-01-27,38.461538461538524,,,2.0431133815667835
2000-01-28,31.40742509251526,,,2.0453264164659757
2000-01-31,34.363295880149856,,,2.047539451365168
2000-02-01,36.435185185185226,,,2.04975248626436
2000-02-02,36.20531622364811,,,2.0519655211635524
2000-02-03,38.72416891284824,,,2.0541785560627446
2000-02-04,40.61510628674816,,,2.056391590961937
2000-02-07,40.71428571428579,,,2.058604625861129
2000-02-08,44.03508771929832,,,2.0608176607603212
2000-02-09,37.14285714285725,,,2.0630306956595135
2000-02-10,41.921492084146706,,,2.0652437305587057
2000-02-11,35.194585448392644,,,2.067456765457898
2000-02-14,36.87821612349922,,,2.06966980035709
2000-02-15,33.763261909715055,,,2.0718828352562824
2000-02-16,31.95876288659798,,,2.0740958701554746
2000-02-17,36.85092127303189,,,2.076308905054667
2000-02-18,31.304710295956717,,,2.078521939953859
2000-02-22,27.522195318805554,,,2.0872084555687787
2000-02-23,34.19147224456967,,,2.0958949711836983
2000-02-24,39.38650306748477,,,2.104581486798618
2000-02-25,41.58163265306134,,,2.1132680024135375
2000-02-28,38.49354972950489,,,2.121954518028457
2000-02-29,37.783603912473616,,,2.1306410336433768
2000-03-01,36.01895734597165,,,2.1393275492582964
2000-03-02,31.673189823874836,,,2.148014064873216
2000-03-03,39.09980430528384,,,2.1567005804881356
2000-03-06,41.91759112519817,,,2.1653870961030552
2000-03-07,39.116719242902256,,,2.174073611717975
2000-03-08,39.225655064528794,,,2.182760127332895
2000-03-09,41.989003569017136,,,2.191446642947814
2000-03-10,43.9685658153242,,,2.2001331585627337
2000-03-13,37.548188126445694,,,2.2088196741776533
2000-03-14,29.270127915726185,,,2.217506189792573
2000-03-15,22.790003729951568,,,2.226192705407493
2000-03-16,28.129602356406537,,,2.234879221022412
2000-03-17,23.89937106918245,,,2.243565736637332
2000-03-20,20.78513845075367,,,2.2522522522522515
2000-03-21,23.86560443366821,,,2.272141041770879
2000-03-22,27.108013937282305,,,2.2920298312895064
2000-03-23,30.154277699859833,,,2.3119186208081333
2000-03-24,27.094594594594668,,,2.331807410326761
2000-03-27,28.688524590164022,,,2.351696199845388
2000-03-28,25.581395348837276,,,2.3715849893640155
2000-03-29,16.0949868073879,,,2.391473778882643
2000-03-30,21.529745042492966,,,2.4113625684012696
2000-03-31,27.32558139534891,,,2.4312513579198973
2000-04-03,28.521264143581824,,,2.451140147438524
2000-04-04,13.263888888888964,,,2.471028936957152
2000-04-05,8.243243243243326,,,2.490917726475779
2000-04-06,16.47727272727282,,,2.510806515994406
2000-04-07,23.892519970951433,,,2.5306953055130337
2000-04-10,9.726027397260339,,,2.5505840950316605
2000-04-11,4.685408299866212,,,2.570472884550288
2000-04-12,-1.9973368841543881,,,2.226192705407493
2000-04-13,-8.33333333333327,,,2.0740958701554746
2000-04-14,-15.450361604207696,,,2.013639952023412
2000-04-17,-6.883116883116813,,,1.6218354430379556
2000-04-18,0.4092769440655619,,,1.3596172256334917
2000-04-19,-4.099462365591333,,,1.2446899299313998
2000-04-20,-2.240896358543354,,,0.7554878491992669
2000-04-24,-6.41821946169766,,,0.4736221273134203
2000-04-25,5.196220930232642,,,0.4859670530811655
2000-04-26,-2.578397212543493,,,0.41376658811862477
2000-04-27,-0.9161859518153403,,,0.3577991692289407
2000-04-28,2.018842530282705,,,0.3617589980625269
2000-05-01,-0.9067357512952845,,,0.009099545608932181
2000-05-02,-7.237053715020869,,,-0.5801284390279104
2000-05-03,-9.5177664974619,,,-0.9109883415293096
2000-05-04,-12.971985383678408,,,-1.348646324750958
2000-05-05,-7.63888888888885,,,-2.082582700190526
2000-05-08,-14.05867970660143,,,-2.3421466147433954
2000-05-09,-13.892365456820988,,,-2.769856173379079
2000-05-10,-20.050125313283175,,,-3.4952789178269357
2000-05-11,-15.769828926905094,,,-4.447275930007279
2000-05-12,-15.374999999999961,,,-6.4647092038395755
2000-05-15,-13.525091799265565,,,-6.900813724712015
2000-05-16,-7.746031746031701,,,-7.237053715020869
2000-05-17,-9.936708860759447,,,-7.618797130195451
2000-05-18,-17.745803357314117,,,-7.7353174603174155
2000-05-19,-23.29812206572769,,,-8.245238095238035
2000-05-22,-21.56156156156156,,,-9.280879864636171
2000-05-23,-28.064903846153832,,,-9.83197326993506
2000-05-24,-25.526932084309117,,,-12.061402426802717
2000-05-25,-27.758420441347255,,,-13.33150455381006
2000-05-26,-26.045924054395464,,,-13.745455993798819
2000-05-30,-22.960045019696096,,,-13.98383829420023
2000-05-31,-25.739810161920694,,,-14.716839853300694
2000-06-01,-20.74829931972787,,,-15.408912721893442
2000-06-02,-15.84269662921347,,,-15.578148533286654
2000-06-05,-18.383152173913032,,,-15.795332622713026
2000-06-06,-20.305676855895193,,,-16.413628647643662
2000-06-07,-15.97533632286996,,,-16.417953081481
2000-06-08,-13.154831199068685,,,-16.32942972975879
2000-06-09,-8.869987849331707,,,-16.24090637803658
2000-06-12,-16.55172413793101,,,-16.671132059869322
2000-06-13,-14.946418499717984,,,-16.611428098900166
2000-06-14,-14.451538015089959,,,-16.55172413793101
2000-06-15,-16.107382550335558,,,-16.52950705855124
2000-06-16,-17.324561403508763,,,-17.247277676950986
2000-06-19,-15.517241379310342,,,-17.2086358136721
2000-06-20,-16.959064327485386,,,-17.251461988304087
2000-06-21,-16.029723991507428,,,-17.23318713450292
2000-06-22,-16.993464052287578,,,-17.225232198142407
2000-06-23,-16.81818181818181,,,-17.20867733058135
2000-06-26,-12.354312354312336,,,-17.19212246302029
2000-06-27,-15.182648401826492,,,-17.17556759545923
2000-06-28,-8.682452944748043,,,-17.159012727898173
2000-06-29,-10.101164929491112,,,-17.14245786033711
2000-06-30,-6.679151061173549,,,-17.12590299277605
2000-07-03,-7.073170731707334,,,-17.109348125214993
2000-07-05,-14.12661195779602,,,-17.092793257653934
2000-07-06,-6.117353308364559,,,-17.076238390092875
2000-07-07,-1.854219948849134,,,-17.059683522531817
2000-07-10,2.700407608695632,,,-17.043128654970754
2000-07-11,7.954545454545436,,,-17.026573787409696
2000-07-12,20.99533437013994,,,-17.010018919848637
2000-07-13,9.902370990237074,,,-16.993464052287578
2000-07-14,9.375,,,-16.991744066047467
2000-07-17,14.085494043447788,,,-16.99002407980736
2000-07-18,14.04011461318051,,,-16.988304093567248
2000-07-19,14.749262536873143,,,-16.98658410732714
2000-07-20,10.94991364421416,,,-16.98486412108703
2000-07-21,11.015736766809736,,,-16.98314413484692
2000-07-24,4.109589041095885,,,-16.98142414860681
2000-07-25,1.0554089709762238,,,-16.9797041623667
2000-07-26,-1.1102230246251565e-14,,,-16.97798417612659
2000-07-27,1.9417475728155331,,,-16.976264189886482
2000-07-28,-2.524544179523136,,,-16.97454420364637
2000-07-31,0.13995801259623075,,,-16.972824217406263
2000-08-01,-3.4859876965140146,,,-16.97110423116615
2000-08-02,-1.3513513513513487,,,-16.969384244926044
2000-08-03,5.159883720930236,,,-16.967664258685936
2000-08-04,13.00940438871474,,,-16.965944272445824
2000-08-07,9.010339734121132,,,-16.964224286205713
2000-08-08,11.225997045790258,,,-16.962504299965605
2000-08-09,3.7508846426043796,,,-16.960784313725494
2000-08-10,-1.10116999311769,,,-16.959064327485386
2000-08-11,2.3893183415319763,,,-16.952020202020208
2000-08-14,8.45481049562682,,,-16.94497607655503
2000-08-15,13.848508033664885,,,-16.93793195108985
2000-08-16,15.084226646248066,,,-16.93088782562467
2000-08-17,27.986633249791137,,,-16.92384370015949
2000-08-18,19.811320754716988,,,-16.916799574694313
2000-08-21,22.82958199356915,,,-16.909755449229134
2000-08-22,22.82958199356915,,,-16.902711323763956
2000-08-23,13.440467494521569,,,-16.895667198298778
2000-08-24,18.571428571428594,,,-16.888623072833596
2000-08-25,12.195994277539368,,,-16.881578947368418
2000-08-28,5.206942590120178,,,-16.87453482190324
2000-08-29,5.476943565839876,,,-16.86749069643806
2000-08-30,8.356164383561659,,,-16.860446570972883
2000-08-31,8.472314876584397,,,-16.853402445507704
2000-09-01,10.05361930294908,,,-16.846358320042526
2000-09-05,6.133333333333346,,,-16.839314194577344
2000-09-06,5.785123966942174,,,-16.832270069112166
2000-09-07,4.111405835543791,,,-16.825225943646988
2000-09-08,3.256445047489853,,,-16.81818181818181
2000-09-11,-0.9999999999999676,,,-16.804858934169268
2000-09-12,-3.050397877984068,,,-16.79153605015673
2000-09-13,-4.591836734693855,,,-16.778213166144187
2000-09-14,-4.737516005121611,,,-16.76489028213165
2000-09-15,-7.648546144121349,,,-16.75156739811911
2000-09-18,-5.643044619422543,,,-16.73824451410657
2000-09-19,1.844262295082011,,,-16.72492163009403
2000-09-20,0.6648936170213116,,,-16.71159874608149
2000-09-21,-5.518169582772503,,,-16.69827586206895
2000-09-22,-1.130319148936143,,,-16.68495297805641
2000-09-25,-1.2787723785165905,,,-16.67163009404387
2000-09-26,-4.28093645484946,,,-16.658307210031328
2000-09-27,-5.9711286089238484,,,-16.64498432601879
2000-09-28,4.440892098500626e-14,,,-16.63166144200625
2000-09-29,-5.585106382978688,,,-16.61833855799371
2000-10-02,-9.576547231270316,,,-16.60501567398117
2000-10-03,-11.096411443691046,,,-16.59169278996863
2000-10-04,-9.868421052631538,,,-16.57836990595609
2000-10-05,-11.696658097686319,,,-16.565047021943553
2000-10-06,-15.736040609137003,,,-16.55172413793101
2000-10-09,-17.88819875776393,,,-16.804858934169268
2000-10-10,-23.034398034397995,,,-16.94497607655503
2000-10-11,-22.550251256281364,,,-16.988304093567248
2000-10-12,-22.750642673521803,,,-17.258341933264525
2000-10-13,-19.053549190535445,,,-17.64049286886278
2000-10-16,-15.463917525773152,,,-17.61943077117251
2000-10-17,-17.631578947368386,,,-17.70582481383311
2000-10-18,-18.537859007832857,,,-17.831240597584006
2000-10-19,-11.045751633986889,,,-17.824120827561515
2000-10-20,-6.054421768707452,,,-17.817001057539024
2000-10-23,-0.7913669064747886,,,-17.809881287516532
2000-10-24,-7.756813417190744,,,-17.80276151749404
2000-10-25,-11.756373937677012,,,-17.795641747471553
2000-10-26,-7.858687815428944,,,-17.78852197744906
2000-10-27,-11.852107809260504,,,-17.78140220742657
2000-10-30,-14.82316227461854,,,-17.77428243740408
2000-10-31,-11.432926829268252,,,-17.767162667381587
2000-11-01,-13.944223107569687,,,-17.7600428973591
2000-11-02,-10.504774897680724,,,-17.752923127336608
2000-11-03,-7.515657620041727,,,-17.745803357314117
2000-11-06,-9.471516815374025,,,-17.74009213681683
2000-11-07,-11.69354838709673,,,-17.734380916319544
2000-11-08,-18.598790322580594,,,-17.86683944769646
2000-11-09,-19.42781104457746,,,-18.28416149068321
2000-11-10,-25.065274151436,,,-18.499182299352903
2000-11-13,-24.557086614173194,,,-18.580510928156272
2000-11-14,-20.582460732984266,,,-18.894383586751246
2000-11-15,-18.979057591623018,,,-19.023752550970475
2000-11-16,-24.919510624597528,,,-19.259393210258555
2000-11-17,-26.109701965757747,,,-19.738968178930318
2000-11-20,-28.737647433853976,,,-20.16512350745858
2000-11-21,-29.187817258883232,,,-20.416390406730823
2000-11-22,-32.70202020202018,,,-20.640504238344526
2000-11-24,-28.761061946902622,,,-20.992277992277977
2000-11-27,-31.549815498154942,,,-21.80873398524151
2000-11-28,-36.22107186358098,,,-22.590329539729453
2000-11-29,-36.746231155778865,,,-22.782053025447947
2000-11-30,-34.39127604166664,,,-22.967480321166285
2000-12-01,-34.77707006369425,,,-23.04758423596448
2000-12-04,-31.66885676741128,,,-23.29812206572769
2000-12-05,-23.838383838383827,,,-23.81137074975102
2000-12-06,-25.581395348837198,,,-24.485216336594256
2000-12-07,-28.877005347593578,,,-24.865147023033877
2000-12-08,-26.881720430107524,,,-25.036121446068304
2000-12-11,-18.54893908281998,,,-25.028833269726384
2000-12-12,-20.271210013908203,,,-25.021545093384457
2000-12-13,-26.24077800134139,,,-25.365351807803524
2000-12-14,-30.91149273447821,,,-25.559610043025966
2000-12-15,-27.20797720797722,,,-25.66852349603312
2000-12-18,-31.13651647612644,,,-25.89286710815808
2000-12-19,-34.64594127806564,,,-26.07462411450849
2000-12-20,-37.68343815513627,,,-26.162132379991203
2000-12-21,-37.40404745289604,,,-26.465107851409535
2000-12-22,-33.92491467576792,,,-26.979597463468433
2000-12-26,-31.408450704225356,,,-27.345588016319727
2000-12-27,-29.034582132564857,,,-27.81971712230857
2000-12-28,-26.86011904761907,,,-27.80439295206824
2000-12-29,-31.824817518248196,,,-28.132178204923846
2001-01-02,-37.772925764192166,,,-28.73881815950641
2001-01-03,-24.7740963855422,,,-28.737647433853976
2001-01-04,-25.794251134644508,,,-28.70401025446897
2001-01-05,-27.69353551476459,,,-28.670373075083962
2001-01-08,-25.70965125709653,,,-28.63673589569895
2001-01-09,-23.793677204658913,,,-28.603098716313944
2001-01-10,-25.923076923076938,,,-28.56946153692894
2001-01-11,-24.466463414634156,,,-28.535824357543934
2001-01-12,-19.8282747603834,,,-28.502187178158923
2001-01-16,-20.532852564102576,,,-28.468549998773916
2001-01-17,-24.908155767817785,,,-28.43491281938891
2001-01-18,-22.881969587255625,,,-28.401275640003902
2001-01-19,-23.060188542422054,,,-28.367638460618895
2001-01-22,-19.545454545454575,,,-28.33400128123389
2001-01-23,-12.981540930979163,,,-28.30036410184888
2001-01-24,-15.962441314554033,,,-28.266726922463874
2001-01-25,-19.090552724421826,,,-28.233089743078867
2001-01-26,-14.614288622023242,,,-28.19945256369386
2001-01-29,-17.99579269458791,,,-28.165815384308853
2001-01-30,-17.592592592592617,,,-28.132178204923846
2001-01-31,-21.585362132002693,,,-28.09854102553884
2001-02-01,-21.565084694201474,,,-28.064903846153832
2001-02-02,-25.337377726082757,,,-28.049579675913503
2001-02-05,-25.11415525114158,,,-28.034255505673173
2001-02-06,-18.629516979489193,,,-28.018931335432846
2001-02-07,-19.93394090950148,,,-28.003607165192516
2001-02-08,-18.06271649403858,,,-27.988282994952186
2001-02-09,-21.513370348853034,,,-27.97295882471186
2001-02-12,-24.74000582638033,,,-27.95763465447153
2001-02-13,-28.594507269790004,,,-28.382665900335535
2001-02-14,-21.16637974210712,,,-28.356185729153726
2001-02-15,-19.811197218274014,,,-28.32970555797192
2001-02-16,-21.084319651993432,,,-28.30322538679011
2001-02-20,-24.02867142872147,,,-28.2767452156083
2001-02-21,-22.701688555347122,,,-28.25026504442649
2001-02-22,-27.595385980479183,,,-28.223784873244682
2001-02-23,-26.425875572074375,,,-28.197304702062876
2001-02-26,-20.324657492092413,,,-28.170824530881067
2001-02-27,-22.14498510427014,,,-28.144344359699257
2001-02-28,-24.663853911482914,,,-28.117864188517448
2001-03-01,-23.750001192092927,,,-28.09138401733564
2001-03-02,-28.15384498009319,,,-28.15384498009319
2001-03-05,-32.73209657002932,,,-28.572474155305162
2001-03-06,-27.352938932531057,,,-28.55044104082032
2001-03-07,-25.68421327978152,,,-28.52840792633548
2001-03-08,-28.676470588235315,,,-28.660077924546254
2001-03-09,-39.36134658941703,,,-28.72235322244931
2001-03-12,-40.96816504204372,,,-28.754037592988027
2001-03-13,-35.330755880242684,,,-28.836425157351744
2001-03-14,-33.078393881453174,,,-28.971551418576347
2001-03-15,-34.01173929412305,,,-29.118861452039962
2001-03-16,-35.624998807907104,,,-30.049654996680722
2001-03-19,-26.832983811360343,,,-29.96347122290097
2001-03-20,-27.603030492185333,,,-29.87728744912122
2001-03-21,-28.02675857458893,,,-29.79110367534147
2001-03-22,-29.256199608164412,,,-29.752787546058546
2001-03-23,-29.69199303973631,,,-29.996867963421785
2001-03-26,-32.08527695709077,,,-30.956497482807855
2001-03-27,-29.60325534079352,,,-30.945246295725443
2001-03-28,-31.991433382544855,,,-31.163709898936332
2001-03-29,-27.11110968338819,,,-31.150113187531385
2001-03-30,-37.29729485344723,,,-31.408450704225356
2001-04-02,-39.00101687930049,,,-31.542747258458462
2001-04-03,-38.79028724518836,,,-31.656952640485645
2001-04-04,-40.524018799894264,,,-31.801423405622657
2001-04-05,-34.82969192438253,,,-31.958110209685522
2001-04-06,-40.26998834817954,,,-32.06181606345429
2001-04-09,-40.18163594420096,,,-32.516997228541356
2001-04-10,-36.55790906172168,,,-32.72156984122612
2001-04-11,-33.85429795815479,,,-32.93987495688363
2001-04-12,-32.99413035293849,,,-33.04047529362157
2001-04-16,-39.53051643192489,,,-33.466345919803985
2001-04-17,-37.794533459000945,,,-33.886075481080695
2001-04-18,-31.374765744541534,,,-33.88254464520004
2001-04-19,-28.724926189258117,,,-33.87901380931938
2001-04-20,-27.895714672806093,,,-33.87548297343873
2001-04-23,-29.99999763429626,,,-33.87195213755807
2001-04-24,-32.41478066336412,,,-33.868421301677415
2001-04-25,-32.6865694416103,,,-33.864890465796755
2001-04-26,-34.15730222780606,,,-33.933597137603435
2001-04-27,-29.78227156609037,,,-33.92925590668568
2001-04-30,-29.163468234843894,,,-33.92491467576792
2001-05-01,-21.933387761719704,,,-33.92138383988726
2001-05-02,-20.35772432156695,,,-33.91785300400661
2001-05-03,-24.025973382577604,,,-33.91432216812595
2001-05-04,-20.46204294291689,,,-33.910791332245296
2001-05-07,-19.71423706769628,,,-33.90726049636464
2001-05-08,-14.53900805158117,,,-33.90372966048398
2001-05-09,-18.44779652453554,,,-33.90019882460332
2001-05-10,-17.15837021219243,,,-33.89666798872267
2001-05-11,-20.713666436633872,,,-33.89313715284201
2001-05-14,-23.253427185334797,,,-33.889606316961356
2001-05-15,-18.10266524374927,,,-33.886075481080695
2001-05-16,-11.020947287422011,,,-33.88254464520004
2001-05-17,-6.990288299264202,,,-33.87901380931938
2001-05-18,-5.80391977347573,,,-33.87548297343873
2001-05-21,-0.2540075563501887,,,-33.87195213755807
2001-05-22,-2.396931857000373,,,-33.868421301677415
2001-05-23,-0.7142826002470737,,,-33.864890465796755
2001-05-24,5.163331345724753,,,-33.8613596299161
2001-05-25,0.3893492712639057,,,-33.85782879403544
2001-05-29,-1.2419739220110082,,,-33.85429795815479
2001-05-30,-6.561512054563822,,,-33.81550275431971
2001-05-31,-9.45344501901706,,,-33.77670755048462
2001-06-01,-6.819099669660423,,,-33.737912346649544
2001-06-04,-5.50515086380472,,,-33.699117142814465
2001-06-05,6.0975611819100495,,,-33.660321938979386
2001-06-06,12.245863826487803,,,-33.6215267351443
2001-06-07,9.561304672785287,,,-33.58273153130922
2001-06-08,8.228567940848276,,,-33.54393632747414
2001-06-11,9.252663274014793,,,-33.505141123639056
2001-06-12,11.165044633346088,,,-33.466345919803985
2001-06-13,2.981971718859855,,,-33.4275507159689
2001-06-14,4.708801977024923,,,-33.38875551213382
2001-06-15,5.576208389309079,,,-33.34996030829874
2001-06-18,-1.7990665221715552,,,-33.311165104463655
2001-06-19,-2.2897185974426804,,,-33.272369900628576
2001-06-20,2.296099145995134,,,-33.2335746967935
2001-06-21,0.2312103447887015,,,-33.19477949295842
2001-06-22,8.942063397576927,,,-33.15598428912333
2001-06-25,11.322207345392954,,,-33.11718908528825
2001-06-26,11.136645276430656,,,-33.078393881453174
2001-06-27,17.085559168298214,,,-33.07418070502744
2001-06-28,27.9572956415709,,,-33.06996752860171
2001-06-29,34.21439584996791,,,-33.06575435217597
2001-07-02,21.817204744129626,,,-33.061541175750236
2001-07-03,26.954098528694214,,,-33.0573279993245
2001-07-05,17.273958590199157,,,-33.05311482289877
2001-07-06,4.64824704593394,,,-33.048901646473034
2001-07-09,2.463410540324973,,,-33.0446884700473
2001-07-10,-5.373830088924258,,,-33.04047529362157
2001-07-11,1.863354037267162,,,-33.03626211719583
2001-07-12,5.696965997869419,,,-33.032048940770096
2001-07-13,-5.268930299408026,,,-33.02783576434437
2001-07-16,-12.318842353881433,,,-33.02362258791863
2001-07-17,-10.537194479408052,,,-33.019409411492894
2001-07-18,-7.751937722513357,,,-33.015196235067165
2001-07-19,-3.7471780496631357,,,-33.01098305864143
2001-07-20,-7.649660897930621,,,-33.00676988221569
2001-07-23,-7.599545152691533,,,-33.00255670578996
2001-07-24,-11.074196746447685,,,-32.99834352936423
2001-07-25,-12.242689792134875,,,-32.99413035293849
2001-07-26,-14.464101713406341,,,-32.98102866379303
2001-07-27,-14.352794701916515,,,-32.967926974647575
2001-07-30,-10.89743281466211,,,-32.95482528550212
2001-07-31,-13.361000704294323,,,-32.94172359635665
2001-08-01,-8.686445386750009,,,-32.928621907211195
2001-08-02,-8.900416696312286,,,-32.91552021806574
2001-08-03,-7.239525214001985,,,-32.90241852892028
2001-08-06,-7.144418669563235,,,-32.88931683977482
2001-08-07,-7.178925384268931,,,-32.87621515062936
2001-08-08,-9.638553601603594,,,-32.863113461483906
2001-08-09,-9.922487719885776,,,-32.85001177233845
2001-08-10,-14.570524971905495,,,-32.83691008319299
2001-08-13,-14.196248090063113,,,-32.82380839404753
2001-08-14,-15.487098875140715,,,-32.81070670490207
2001-08-15,-23.408424958925643,,,-32.797605015756616
2001-08-16,-22.27897802089911,,,-32.78450332661115
2001-08-17,-22.384384096170795,,,-32.771401637465694
2001-08-20,-23.286577938390842,,,-32.758299948320236
2001-08-21,-25.107170096636622,,,-32.74519825917478
2001-08-22,-18.278405248070662,,,-32.73209657002932
2001-08-23,-16.002702141605152,,,-32.73059275162886
2001-08-24,-12.139504495296205,,,-32.729088933228404
2001-08-27,-14.549404720830783,,,-32.727585114827946
2001-08-28,-16.823047329545492,,,-32.726081296427495
2001-08-29,-21.504696821244906,,,-32.72457747802704
2001-08-30,-23.820559145604182,,,-32.72307365962658
2001-08-31,-24.784393235594017,,,-32.72156984122612
2001-09-04,-25.08975213570683,,,-32.72006602282566
2001-09-05,-23.27903926951318,,,-32.718562204425204
2001-09-06,-25.982528186490363,,,-32.717058386024746
2001-09-07,-24.354654679982822,,,-32.715554567624295
2001-09-10,-19.289944439950048,,,-32.71405074922384
2001-09-17,-26.76055896599848,,,-32.71254693082338
2001-09-18,-27.432783997548704,,,-32.71104311242292
2001-09-19,-28.335725652662568,,,-32.70953929402246
2001-09-20,-32.26560906408448,,,-32.708035475622005
2001-09-21,-34.97116141564254,,,-32.771401637465694
2001-09-24,-31.537570843117745,,,-32.758299948320236
2001-09-25,-31.503689241533316,,,-32.74519825917478
2001-09-26,-34.10709909840403,,,-32.99413035293849
2001-09-27,-34.962322569539616,,,-33.07418070502744
2001-09-28,-34.6561430906326,,,-33.77670755048462
2001-10-01,-37.13348126345112,,,-33.91432216812595
2001-10-02,-36.58966070177843,,,-33.99437437045203
2001-10-03,-32.07712442031483,,,-33.99003313953427
2001-10-04,-27.963179085240053,,,-33.985691908616516
2001-10-05,-23.745500443384195,,,-33.98135067769876
2001-10-08,-24.16090958513334,,,-33.977009446781004
2001-10-09,-23.234567524474414,,,-33.972668215863244
2001-10-10,-20.731707317073234,,,-33.96832698494549
2001-10-11,-20.412839501506607,,,-33.96398575402773
2001-10-12,-19.930479686450532,,,-33.95964452310997
2001-10-15,-18.772130424279087,,,-33.95530329219222
2001-10-16,-19.260970668677757,,,-33.95096206127446
2001-10-17,-22.088836556760118,,,-33.94662083035671
2001-10-18,-21.833953311110843,,,-33.94227959943895
2001-10-19,-19.447783894522853,,,-33.937938368521195
2001-10-22,-15.168677061881041,,,-33.933597137603435
2001-10-23,-13.748443955116073,,,-33.92925590668568
2001-10-24,-12.641972671320511,,,-33.92491467576792
2001-10-25,-10.462285636745495,,,-33.92138383988726
2001-10-26,-14.159719507452218,,,-33.91785300400661
2001-10-29,-18.369303854353667,,,-33.91432216812595
2001-10-30,-20.067044037923086,,,-33.910791332245296
2001-10-31,-21.34570133167466,,,-33.90726049636464
2001-11-01,-19.517193633808084,,,-33.90372966048398
2001-11-02,-17.554427460590226,,,-33.90019882460332
2001-11-05,-13.505886302274906,,,-33.89666798872267
2001-11-06,-9.673605181347988,,,-33.89313715284201
2001-11-07,-5.827162000868135,,,-33.889606316961356
2001-11-08,-7.179735186649183,,,-33.886075481080695
2001-11-09,-6.330683501339218,,,-33.88254464520004
2001-11-12,-7.542575642850869,,,-33.87901380931938
2001-11-13,-3.054182045252951,,,-33.87548297343873
2001-11-14,1.3810765641965705,,,-33.87195213755807
2001-11-15,-0.20222909069144146,,,-33.868421301677415
2001-11-16,4.263772992366355,,,-33.864890465796755
2001-11-19,5.773257496458228,,,-33.8613596299161
2001-11-20,5.260289935717699,,,-33.85782879403544
2001-11-21,1.9368521327537636,,,-33.85429795815479
2001-11-23,5.251873259646445,,,-33.81550275431971
2001-11-26,2.4173047872315,,,-33.77670755048462
2001-11-27,2.1601075521701096,,,-33.737912346649544
2001-11-28,1.6526786090443446,,,-33.699117142814465
2001-11-29,6.363150432012299,,,-33.660321938979386
2001-11-30,9.621242834127086,,,-33.6215267351443
2001-12-03,6.388206618494241,,,-33.58273153130922
2001-12-04,15.11136291481996,,,-33.54393632747414
2001-12-05,21.285016284534606,,,-33.505141123639056
2001-12-06,26.578164943901328,,,-33.466345919803985
2001-12-07,23.827889013366388,,,-33.4275507159689
2001-12-10,20.234609485731703,,,-33.38875551213382
2001-12-11,32.14743119881862,,,-33.34996030829874
2001-12-12,36.26229958456062,,,-33.311165104463655
2001-12-13,32.66599677169933,,,-33.272369900628576
2001-12-14,38.453578049833666,,,-33.2335746967935
2001-12-17,44.73216908161528,,,-33.19477949295842
2001-12-18,39.34480739966217,,,-33.15598428912333
2001-12-19,36.397297242102326,,,-33.11718908528825
2001-12-20,35.29822397036266,,,-33.078393881453174
2001-12-21,38.623596126421276,,,-33.07418070502744
2001-12-24,35.679780248160654,,,-33.06996752860171
2001-12-26,38.14827448347229,,,-33.06575435217597
2001-12-27,38.827198977099876,,,-33.061541175750236
2001-12-28,30.096780100176403,,,-33.0573279993245
2001-12-31,24.313101584171903,,,-33.05311482289877
2002-01-02,26.290933001557182,,,-33.048901646473034
2002-01-03,30.257373524708342,,,-33.0446884700473
2002-01-04,34.03022825484532,,,-33.04047529362157
2002-01-07,26.799997182992776,,,-33.03626211719583
2002-01-08,19.567725551116546,,,-33.032048940770096
2002-01-09,18.986979792041026,,,-33.02783576434437
2002-01-10,20.290695443676988,,,-33.02362258791863
2002-01-11,16.847824782308017,,,-33.019409411492894
2002-01-14,23.14329166398741,,,-33.015196235067165
2002-01-15,21.03209701897397,,,-33.01098305864143
2002-01-16,15.588672611530496,,,-33.00676988221569
2002-01-17,15.094341502986296,,,-33.00255670578996
2002-01-18,11.435168819901476,,,-32.99834352936423
2002-01-22,5.7094414832681295,,,-32.99413035293849
2002-01-23,4.429350820403544,,,-32.98102866379303
2002-01-24,8.136629940978679,,,-32.967926974647575
2002-01-25,14.071682687124687,,,-32.95482528550212
2002-01-28,16.986213263969407,,,-32.94172359635665
2002-01-29,12.035391836908316,,,-32.928621907211195
2002-01-30,8.290889339346052,,,-32.91552021806574
2002-01-31,8.174157225111944,,,-32.90241852892028
2002-02-01,3.7540835993641997,,,-32.88931683977482
2002-02-04,-3.3254791920193094,,,-32.87621515062936
2002-02-05,-4.798107093976778,,,-32.863113461483906
2002-02-06,-4.476817554195978,,,-32.85001177233845
2002-02-07,-6.73204597493825,,,-32.83691008319299
2002-02-08,-4.815794292249176,,,-32.82380839404753
2002-02-11,-6.93597433918317,,,-32.81070670490207
2002-02-12,-8.35014533188444,,,-32.797605015756616
2002-02-13,-6.4083049864026576,,,-32.78450332661115
2002-02-14,-6.324607394776816,,,-32.771401637465694
2002-02-15,-11.63250853030905,,,-32.758299948320236
2002-02-19,-10.201964618533733,,,-32.74519825917478
2002-02-20,-8.511183755624252,,,-32.73209657002932
2002-02-21,-14.765782630618428,,,-32.73059275162886
2002-02-22,-16.397511736946825,,,-32.729088933228404
2002-02-25,-12.910453589321659,,,-32.727585114827946
2002-02-26,-9.98709401776714,,,-32.726081296427495
2002-02-27,-13.892363281777786,,,-32.72457747802704
2002-02-28,-14.804546079905645,,,-32.72307365962658
2002-03-01,-8.288425560839785,,,-32.72156984122612
2002-03-04,-9.012980994717545,,,-32.72006602282566
2002-03-05,-12.672113182116417,,,-32.718562204425204
2002-03-06,-12.374741067754314,,,-32.717058386024746
2002-03-07,-9.705246301192528,,,-32.715554567624295
2002-03-08,-5.682931295255333,,,-32.71405074922384
2002-03-11,-6.548631561767437,,,-32.71254693082338
2002-03-12,-8.56593179897942,,,-32.71104311242292
2002-03-13,-6.740434113718486,,,-32.70953929402246
2002-03-14,-8.102717403502723,,,-32.708035475622005
2002-03-15,-8.749999415640719,,,-32.706531657221554
2002-03-18,-9.258361246298453,,,-32.705027838821096
2002-03-19,-7.726480827213988,,,-32.70352402042064
2002-03-20,-7.037895018825669,,,-32.70202020202018
2002-03-21,-6.231000792796149,,,-32.70124766399969
2002-03-22,-6.714138886414977,,,-32.70047512597919
2002-03-25,-10.40563717893085,,,-32.6997025879587
2002-03-26,-10.297423405957506,,,-32.698930049938205
2002-03-27,-11.70344906126103,,,-32.698157511917714
2002-03-28,-7.324591326901908,,,-32.697384973897215
2002-04-01,-8.376964745007786,,,-32.69661243587672
2002-04-02,-15.445782764848426,,,-32.69583989785623
2002-04-03,-15.934724457456085,,,-32.69506735983573
2002-04-04,-15.651543087196318,,,-32.69429482181524
2002-04-05,-17.160767554939127,,,-32.69352228379475
2002-04-08,-15.349066600845894,,,-32.69274974577425
2002-04-09,-18.825521301230264,,,-32.69197720775376
2002-04-10,-17.160339249398294,,,-32.69120466973327
2002-04-11,-17.417415525360013,,,-32.69043213171277
2002-04-12,-16.906295659462735,,,-32.68965959369228
2002-04-15,-12.867452348744024,,,-32.688887055671785
2002-04-16,-11.223204518756502,,,-32.68811451765129
2002-04-17,-9.251100494190634,,,-32.687341979630794
2002-04-18,-8.155088040965374,,,-32.6865694416103
2002-04-19,-10.33047408060639,,,-32.67298000269799
2002-04-22,-13.73908233897968,,,-32.659390563785685
2002-04-23,-14.988419353786608,,,-32.64580112487337
2002-04-24,-16.773365851552324,,,-32.63221168596107
2002-04-25,-14.639287625867215,,,-32.618622247048755
2002-04-26,-18.892081149086103,,,-32.60503280813645
2002-04-29,-19.18981512436897,,,-32.59144336922414
2002-04-30,-16.8065022286074,,,-32.57785393031183
2002-05-01,-14.517873696731154,,,-32.56426449139952
2002-05-02,-15.973563550112013,,,-32.55067505248721
2002-05-03,-17.52634875619824,,,-32.5370856135749
2002-05-06,-17.675474726030703,,,-32.52349617466259
2002-05-07,-20.652468300148897,,,-32.509906735750285
2002-05-08,-13.26781454719088,,,-32.49631729683797
2002-05-09,-14.808700239360972,,,-32.48272785792567
2002-05-10,-20.000003097183118,,,-32.469138419013355
2002-05-13,-16.594361881742124,,,-32.45554898010105
2002-05-14,-8.971490201195975,,,-32.44195954118874
2002-05-15,-5.392153735378368,,,-32.428370102276425
2002-05-16,-6.514938310433227,,,-32.41478066336412
2002-05-17,-1.6427695477316262,,,-32.40732208340014
2002-05-20,-4.27935327223924,,,-32.39986350343616
2002-05-21,-10.511278418324688,,,-32.39240492347217
2002-05-22,-9.97706807058022,,,-32.38494634350819
2002-05-23,-6.889542562371965,,,-32.37748776354421
2002-05-24,-7.519239490723217,,,-32.37002918358023
2002-05-28,-12.982655509478203,,,-32.36257060361625
2002-05-29,-18.492599076874107,,,-32.35511202365226
2002-05-30,-18.385883458240382,,,-32.34765344368828
2002-05-31,-20.106377301576394,,,-32.3401948637243
2002-06-03,-23.089173812305987,,,-32.33273628376032
2002-06-04,-24.075505558390052,,,-32.32527770379634
2002-06-05,-23.021020536992197,,,-32.31781912383235
2002-06-06,-24.000002208508963,,,-32.31036054386837
2002-06-07,-23.67853872822857,,,-32.30290196390439
2002-06-10,-23.358655636955096,,,-32.29544338394041
2002-06-11,-26.242279285230463,,,-32.28798480397643
2002-06-12,-25.587602477963877,,,-32.28052622401244
2002-06-13,-25.94970702452296,,,-32.27306764404846
2002-06-14,-23.40543597513275,,,-32.26560906408448
2002-06-17,-22.852514552163107,,,-32.256592458734794
2002-06-18,-20.883314568378665,,,-32.24757585338511
2002-06-19,-23.115863057522645,,,-32.23855924803542
2002-06-20,-26.27472963372529,,,-32.229542642685736
2002-06-21,-27.49227954992358,,,-32.22052603733605
2002-06-24,-26.98280942604677,,,-32.211509431986364
2002-06-25,-30.721090926605033,,,-32.20249282663668
2002-06-26,-26.90225275864362,,,-32.19347622128699
2002-06-27,-25.17841850464736,,,-32.18445961593731
2002-06-28,-24.91368917788116,,,-32.17544301058763
2002-07-01,-27.698570981285155,,,-32.166426405237935
2002-07-02,-31.178157218366575,,,-32.157409799888256
2002-07-03,-26.31735669077344,,,-32.14839319453857
2002-07-05,-22.163120467440223,,,-32.139376589188885
2002-07-08,-23.090911634040634,,,-32.1303599838392
2002-07-09,-26.431982366812534,,,-32.12134337848951
2002-07-10,-29.269017546703825,,,-32.11232677313983
2002-07-11,-29.545458239957256,,,-32.10331016779014
2002-07-12,-29.183326919224626,,,-32.094293562440456
2002-07-15,-25.56040515085215,,,-32.08527695709077
2002-07-16,-26.900751006090463,,,-32.08486933025197
2002-07-17,-23.63798897882975,,,-32.084461703413176
2002-07-18,-25.083305665894684,,,-32.084054076574375
2002-07-19,-26.184616088867195,,,-32.08364644973558
2002-07-22,-27.822328994007105,,,-32.08323882289679
2002-07-23,-27.8350549038645,,,-32.08283119605799
2002-07-24,-24.10025641948138,,,-32.08242356921919
2002-07-25,-29.877086917752237,,,-32.082015942380394
2002-07-26,-28.16856635007864,,,-32.081608315541594
2002-07-29,-21.894461668513088,,,-32.0812006887028
2002-07-30,-18.25823922987755,,,-32.080793061864
2002-07-31,-17.673452030509974,,,-32.08038543502521
2002-08-01,-20.80139742857513,,,-32.079977808186406
2002-08-02,-29.96537715011982,,,-32.07957018134761
2002-08-05,-30.72697898046397,,,-32.07916255450881
2002-08-06,-23.88362514714042,,,-32.07875492767002
2002-08-07,-25.877766360831554,,,-32.07834730083122
2002-08-08,-27.632791170797034,,,-32.077939673992425
2002-08-09,-28.893633199607727,,,-32.077532047153625
2002-08-12,-28.78880345742052,,,-32.07712442031483
2002-08-13,-31.369571296610165,,,-32.072839868426335
2002-08-14,-25.364788578599484,,,-32.06855531653783
2002-08-15,-21.704434259877814,,,-32.064270764649336
2002-08-16,-21.33757623244338,,,-32.05998621276083
2002-08-19,-21.011551041913823,,,-32.05570166087234
2002-08-20,-19.366194882798517,,,-32.05141710898384
2002-08-21,-17.20257336285248,,,-32.04713255709534
2002-08-22,-13.606343282054356,,,-32.04284800520684
2002-08-23,-17.648988655585317,,,-32.03856345331834
2002-08-26,-15.94540868689337,,,-32.03427890142984
2002-08-27,-15.907518205044058,,,-32.02999434954135
2002-08-28,-20.027251178060602,,,-32.025709797652844
2002-08-29,-19.790960762250076,,,-32.02142524576435
2002-08-30,-18.663433331988244,,,-32.017140693875845
2002-09-03,-20.000000000000007,,,-32.01285614198735
2002-09-04,-19.539824629251946,,,-32.00857159009885
2002-09-05,-19.264381589764735,,,-32.00428703821035
2002-09-06,-17.9827714254261,,,-32.000002486321854
2002-09-09,-16.618498304747476,,,-31.995717934433355
2002-09-10,-14.373646271088681,,,-31.991433382544855
2002-09-11,-17.892152656013106,,,-31.98310258933002
2002-09-12,-21.399038228340007,,,-31.97477179611519
2002-09-13,-15.910754781243043,,,-31.966441002900357
2002-09-16,-14.361297689123809,,,-31.958110209685522
2002-09-17,-14.097596563403926,,,-31.94977941647069
2002-09-18,-16.710974672539848,,,-31.941448623255855
2002-09-19,-15.239588767828794,,,-31.933117830041024
2002-09-20,-15.516567646890223,,,-31.924787036826192
2002-09-23,-19.801597893926104,,,-31.916456243611357
2002-09-24,-19.425285903151856,,,-31.908125450396525
2002-09-25,-11.991949684067082,,,-31.89979465718169
2002-09-26,-9.812109839704664,,,-31.89146386396686
2002-09-27,-13.898992056798454,,,-31.883133070752027
2002-09-30,-21.336373601657844,,,-31.874802277537192
2002-10-01,-13.396374038444126,,,-31.86647148432236
2002-10-02,-13.828061105077282,,,-31.858140691107526
2002-10-03,-13.221756894766157,,,-31.849809897892694
2002-10-04,-17.94354432455325,,,-31.841479104677862
2002-10-07,-18.709675533838464,,,-31.833148311463027
2002-10-08,-21.001169323329105,,,-31.824817518248196
2002-10-09,-20.365228103823696,,,-31.81701948070635
2002-10-10,-17.816763207757436,,,-31.809221443164503
2002-10-11,-10.149616964589981,,,-31.801423405622657
2002-10-14,-6.2942903013269325,,,-31.79362536808081
2002-10-15,0.6837600428223789,,,-31.785827330538968
2002-10-16,1.6964333686902089,,,-31.77802929299712
2002-10-17,-0.29636579037112254,,,-31.770231255455275
2002-10-18,7.0112335547971805,,,-31.76243321791343
2002-10-21,7.146011617915349,,,-31.754635180371583
2002-10-22,1.3008790051819652,,,-31.74683714282974
2002-10-23,1.1929285145958923,,,-31.73903910528789
2002-10-24,0.5450698477455607,,,-31.731241067746048
2002-10-25,8.666965509799084,,,-31.7234430302042
2002-10-28,10.06741470165462,,,-31.715644992662355
2002-10-29,11.567161755881594,,,-31.70784695512051
2002-10-30,9.155553181966125,,,-31.700048917578663
2002-10-31,7.675438853328709,,,-31.692250880036816
2002-11-01,7.127706096426856,,,-31.68445284249497
2002-11-04,11.01585813642798,,,-31.676654804953127
2002-11-05,11.538464986988028,,,-31.66885676741128
2002-11-06,17.123888790098697,,,-31.662904703948463
2002-11-07,6.2396004279315465,,,-31.656952640485645
2002-11-08,2.2013819529678402,,,-31.65100057702283
2002-11-11,-1.578952570650305,,,-31.645048513560013
2002-11-12,-1.4624464151871575,,,-31.639096450097195
2002-11-13,0.15878923116585675,,,-31.633144386634378
2002-11-14,1.3592247824066872,,,-31.627192323171563
2002-11-15,1.0703390224721332,,,-31.621240259708745
2002-11-18,3.5785273645378313,,,-31.615288196245928
2002-11-19,1.5841569050703663,,,-31.609336132783113
2002-11-20,9.725067091788041,,,-31.603384069320295
2002-11-21,18.10051142613951,,,-31.597432005857478
2002-11-22,16.519538657361267,,,-31.59147994239466
2002-11-25,19.157088309268143,,,-31.585527878931842
2002-11-26,19.478798437726375,,,-31.579575815469028
2002-11-27,22.789267089734988,,,-31.57362375200621
2002-11-29,25.03382597185948,,,-31.567671688543392
2002-12-02,22.538291170912505,,,-31.561719625080574
2002-12-03,17.7209712569667,,,-31.55576756161776
2002-12-04,12.346723566143591,,,-31.549815498154942
2002-12-05,11.727078509720656,,,-31.549203265403083
2002-12-06,16.045593744431507,,,-31.54859103265122
2002-12-09,9.699867613908486,,,-31.54797879989936
2002-12-10,12.97440668073695,,,-31.547366567147503
2002-12-11,15.960319925480992,,,-31.546754334395644
2002-12-12,17.920657776955238,,,-31.54614210164378
2002-12-13,16.033368878840548,,,-31.545529868891922
2002-12-16,19.289341441897534,,,-31.544917636140063
2002-12-17,23.358704759678652,,,-31.544305403388204
2002-12-18,20.68472816020135,,,-31.543693170636345
2002-12-19,14.586184290337712,,,-31.543080937884483
2002-12-20,17.222218739152527,,,-31.542468705132624
2002-12-23,20.459881368461417,,,-31.541856472380765
2002-12-24,22.34556574107176,,,-31.541244239628902
2002-12-26,15.01365429088375,,,-31.540632006877043
2002-12-27,16.79999856387875,,,-31.540019774125184
2002-12-30,18.75602426507996,,,-31.539407541373325
2002-12-31,19.754301633449668,,,-31.538795308621463
2003-01-02,25.992062553466887,,,-31.538183075869604
2003-01-03,27.1287095804986,,,-31.537570843117745
2003-01-06,31.206382829221944,,,-31.535876763038523
2003-01-07,26.423148553052677,,,-31.5341826829593
2003-01-08,16.561658050835646,,,-31.53248860288008
2003-01-09,18.772247805318877,,,-31.53079452280086
2003-01-10,15.025471119575752,,,-31.52910044272164
2003-01-13,18.261631791130227,,,-31.527406362642417
2003-01-14,14.989387690044541,,,-31.525712282563195
2003-01-15,12.3057554426528,,,-31.524018202483973
2003-01-16,8.851377264279648,,,-31.52232412240475
2003-01-17,4.84672786195548,,,-31.52063004232553
2003-01-21,1.7479686931212823,,,-31.51893596224631
2003-01-22,3.9616379527707135,,,-31.517241882167088
2003-01-23,3.2793499632508327,,,-31.515547802087866
2003-01-24,1.3474884719895552,,,-31.513853722008644
2003-01-27,2.5501697675834656,,,-31.512159641929422
2003-01-28,0.8957704620809359,,,-31.5104655618502
2003-01-29,2.4439934831606447,,,-31.50877148177098
2003-01-30,-2.9702970297029063,,,-31.50707740169176
2003-01-31,-5.637062185236785,,,-31.505383321612538
2003-02-03,-6.168584623832418,,,-31.503689241533316
2003-02-04,-8.61352035678582,,,-31.498927314667917
2003-02-05,-5.716526779502374,,,-31.494165387802518
2003-02-06,-3.4303973706433344,,,-31.489403460937123
2003-02-07,-2.05676680783341,,,-31.484641534071724
2003-02-10,-3.6502199609807717,,,-31.479879607206325
2003-02-11,-4.280618086806021,,,-31.475117680340926
2003-02-12,-8.735634687056315,,,-31.47035575347553
2003-02-13,-9.455370459541834,,,-31.46559382661013
2003-02-14,-5.988481810483137,,,-31.460831899744733
2003-02-18,-1.5594527270140102,,,-31.456069972879334
2003-02-19,-6.207927679958514,,,-31.45130804601394
2003-02-20,-9.917057502332005,,,-31.44654611914854
2003-02-21,-9.199131674696803,,,-31.44178419228314
2003-02-24,-11.611289841286588,,,-31.437022265417742
2003-02-25,-8.428831214801235,,,-31.432260338552346
2003-02-26,-13.221069703444465,,,-31.427498411686948
2003-02-27,-10.642131777289032,,,-31.42273648482155
2003-02-28,-10.142857687813823,,,-31.41797455795615
2003-03-03,-9.274937249493686,,,-31.413212631090754
2003-03-04,-7.790740378621197,,,-31.408450704225356
2003-03-05,-6.297715564240958,,,-31.406766456241165
2003-03-06,-7.480164690587554,,,-31.405082208256974
2003-03-07,-2.6962665199878,,,-31.40339796027278
2003-03-10,-6.210938003496203,,,-31.40171371228859
2003-03-11,-7.465008271975426,,,-31.4000294643044
2003-03-12,-6.303174901947795,,,-31.39834521632021
2003-03-13,2.316293540334513,,,-31.39666096833602
2003-03-14,-0.5029054785175568,,,-31.394976720351828
2003-03-17,2.5838799398711476,,,-31.393292472367637
2003-03-18,6.1071757118308145,,,-31.391608224383447
2003-03-19,6.5442990101652665,,,-31.389923976399253
2003-03-20,5.845179937102762,,,-31.388239728415062
2003-03-21,5.843396944066459,,,-31.38655548043087
2003-03-24,2.7218955569010994,,,-31.38487123244668
2003-03-25,4.46993326769789,,,-31.38318698446249
2003-03-26,7.010474587076776,,,-31.3815027364783
2003-03-27,7.064562475659697,,,-31.379818488494106
2003-03-28,7.016819965470589,,,-31.378134240509915
2003-03-31,-0.5905496881221217,,,-31.376449992525725
2003-04-01,-0.8956368360710121,,,-31.374765744541534
2003-04-02,-0.6458969538945314,,,-31.374506022144967
2003-04-03,-0.637898982091234,,,-31.374246299748396
2003-04-04,0.5791491148246397,,,-31.37398657735183
2003-04-07,-2.28464641543471,,,-31.37372685495526
2003-04-08,-3.837641700693284,,,-31.37346713255869
2003-04-09,-5.493694952655681,,,-31.373207410162124
2003-04-10,-4.837516505292072,,,-31.372947687765556
2003-04-11,-4.599848738835178,,,-31.372687965368986
2003-04-14,-1.5506801782547708,,,-31.37242824297242
2003-04-15,3.8324821855820312,,,-31.372168520575848
2003-04-16,4.754289229180575,,,-31.37190879817928
2003-04-17,7.581224895757743,,,-31.371649075782713
2003-04-21,5.52724357021277,,,-31.371389353386142
2003-04-22,10.515715722977447,,,-31.371129630989575
2003-04-23,12.637580054405806,,,-31.370869908593008
2003-04-24,10.895878857041108,,,-31.370610186196437
2003-04-25,7.157062312967155,,,-31.37035046379987
2003-04-28,12.163263437699445,,,-31.370090741403303
2003-04-29,13.461534109191465,,,-31.36983101900673
2003-04-30,12.086570108147331,,,-31.369571296610165
2003-05-01,14.468788436247904,,,-31.360000592697983
2003-05-02,17.441863688731594,,,-31.350429888785804
2003-05-05,16.68732370220727,,,-31.340859184873626
2003-05-06,20.15960206666567,,,-31.331288480961447
2003-05-07,17.77685418979069,,,-31.321717777049265
2003-05-08,14.989651744987231,,,-31.312147073137087
2003-05-09,19.269522298042997,,,-31.30257636922491
2003-05-12,20.46783420726932,,,-31.293005665312727
2003-05-13,17.027358576016738,,,-31.28343496140055
2003-05-14,13.267328243444565,,,-31.27386425748837
2003-05-15,15.311005439670167,,,-31.264293553576188
2003-05-16,14.891918690444106,,,-31.25472284966401
2003-05-19,10.01192073947239,,,-31.24515214575183
2003-05-20,12.24737556458184,,,-31.235581441839653
2003-05-21,11.788453864879699,,,-31.226010737927474
2003-05-22,15.978534058419914,,,-31.216440034015292
2003-05-23,13.44368131677749,,,-31.206869330103114
2003-05-27,15.65977964210079,,,-31.197298626190932
2003-05-28,18.41785389771151,,,-31.187727922278754
2003-05-29,19.632650881397517,,,-31.178157218366575
2003-05-30,21.344203019593277,,,-31.176075181254568
2003-06-02,20.78399428402893,,,-31.17399314414256
2003-06-03,21.67888955317061,,,-31.171911107030557
2003-06-04,26.697208606026912,,,-31.16982906991855
2003-06-05,28.73949736072634,,,-31.167747032806542
2003-06-06,24.3499782500852,,,-31.165664995694534
2003-06-09,16.042148978812932,,,-31.163582958582527
2003-06-10,17.340595298949136,,,-31.161500921470523
2003-06-11,14.736842180741982,,,-31.159418884358516
2003-06-12,13.8135880846594,,,-31.15733684724651
2003-06-13,12.209731192435802,,,-31.1552548101345
2003-06-16,15.223880745727802,,,-31.153172773022494
2003-06-17,13.213103211288546,,,-31.15109073591049
2003-06-18,18.740395503813968,,,-31.149008698798482
2003-06-19,15.183643514010736,,,-31.146926661686475
2003-06-20,14.382529260674715,,,-31.144844624574468
2003-06-23,13.42434165914732,,,-31.14276258746246
2003-06-24,13.80368248466677,,,-31.140680550350456
2003-06-25,16.91089290203429,,,-31.13859851323845
2003-06-26,18.74262635528541,,,-31.13651647612644
2003-06-27,14.072659116094455,,,-31.12526528904403
2003-06-30,13.104234443691599,,,-31.11401410196162
2003-07-01,16.506722726853983,,,-31.102762914879204
2003-07-02,18.70448115073138,,,-31.091511727796796
2003-07-03,17.344591521081256,,,-31.080260540714384
2003-07-07,25.255304542007018,,,-31.06900935363197
2003-07-08,25.26192551763007,,,-31.05775816654956
2003-07-09,26.225011658303863,,,-31.046506979467146
2003-07-10,21.398384740273357,,,-31.035255792384735
2003-07-11,21.15677062659951,,,-31.024004605302324
2003-07-14,22.883303068176165,,,-31.012753418219912
2003-07-15,20.283365729339643,,,-31.0015022311375
2003-07-16,19.46508081822984,,,-30.99025104405509
2003-07-17,13.671162808162274,,,-30.978999856972678
2003-07-18,13.210284606384404,,,-30.967748669890266
2003-07-21,12.37263346130888,,,-30.956497482807855
2003-07-22,16.28942213495361,,,-30.945246295725443
2003-07-23,14.992725283350206,,,-30.933995108643032
2003-07-24,12.441402163330938,,,-30.92274392156062
2003-07-25,15.846988536313876,,,-30.91149273447821
2003-07-28,15.167926235411144,,,-30.902267046777496
2003-07-29,11.91654473147221,,,-30.893041359076786
2003-07-30,11.22123920812015,,,-30.883815671376073
2003-07-31,11.149942532873581,,,-30.87458998367536
2003-08-01,11.205366088218849,,,-30.86536429597465
2003-08-04,13.251711359431951,,,-30.856138608273938
2003-08-05,6.335794603055933,,,-30.846912920573224
2003-08-06,4.6809999109815426,,,-30.83768723287251
2003-08-07,5.757151525872239,,,-30.828461545171802
2003-08-08,5.139857670445758,,,-30.81923585747109
2003-08-11,5.117564102115946,,,-30.810010169770376
2003-08-12,7.526131672446956,,,-30.800784482069666
2003-08-13,11.484291238147515,,,-30.791558794368953
2003-08-14,11.2711527157773,,,-30.78233310666824
2003-08-15,12.567712080597705,,,-30.773107418967527
2003-08-18,13.812741686329733,,,-30.763881731266817
2003-08-19,15.195724172412618,,,-30.754656043566104
2003-08-20,10.96220100426164,,,-30.74543035586539
2003-08-21,11.819111998869335,,,-30.73620466816468
2003-08-22,10.678946495388363,,,-30.72697898046397
2003-08-25,9.130571743581672,,,-30.72668457777102
2003-08-26,10.006764704042759,,,-30.726390175078073
2003-08-27,9.84594295584098,,,-30.72609577238513
2003-08-28,8.777120544370586,,,-30.72580136969218
2003-08-29,8.975196001240992,,,-30.725506966999234
2003-09-02,12.412877116797771,,,-30.725212564306286
2003-09-03,13.858052456514924,,,-30.724918161613342
2003-09-04,13.187539768028977,,,-30.724623758920394
2003-09-05,11.205760542756881,,,-30.724329356227447
2003-09-08,12.561175952322333,,,-30.7240349535345
2003-09-09,13.785050715357583,,,-30.723740550841555
2003-09-10,7.73964171616166,,,-30.723446148148607
2003-09-11,9.362806044658111,,,-30.72315174545566
2003-09-12,9.379041433941238,,,-30.722857342762712
2003-09-15,10.092049948958671,,,-30.722562940069768
2003-09-16,13.232397880720903,,,-30.72226853737682
2003-09-17,14.543625865305598,,,-30.721974134683872
2003-09-18,17.183283091920075,,,-30.721679731990925
2003-09-19,17.140925795481344,,,-30.72138532929798
2003-09-22,12.243543810921809,,,-30.721090926605033
2003-09-23,15.722428917374764,,,-30.68503626198959
2003-09-24,10.918198245290277,,,-30.648981597374156
2003-09-25,8.039540373605302,,,-30.612926932758715
2003-09-26,5.19858751500184,,,-30.576872268143276
2003-09-29,8.371482904935657,,,-30.54081760352784
2003-09-30,1.6619592017581564,,,-30.5047629389124
2003-10-01,2.6951758967848294,,,-30.46870827429696
2003-10-02,3.291917805833622,,,-30.43265360968152
2003-10-03,8.19619687966222,,,-30.396598945066085
2003-10-06,8.165824314262093,,,-30.360544280450647
2003-10-07,7.541900102767185,,,-30.324489615835205
2003-10-08,6.726602903119616,,,-30.28843495121977
2003-10-09,7.8669116644926484,,,-30.25238028660433
2003-10-10,12.283508591632897,,,-30.21632562198889
2003-10-13,12.659849440195048,,,-30.180270957373452
2003-10-14,14.410630800605318,,,-30.144216292758014
2003-10-15,12.252712616119133,,,-30.108161628142575
2003-10-16,12.215185621537028,,,-30.072106963527133
2003-10-17,11.000642307904073,,,-30.0360522989117
2003-10-20,10.188684767925471,,,-29.99999763429626
2003-10-21,10.536220365818604,,,-29.998266610087438
2003-10-22,9.22590872508058,,,-29.996535585878615
2003-10-23,8.752380922895743,,,-29.994804561669795
2003-10-24,7.547174790752509,,,-29.993073537460972
2003-10-27,8.741258995640933,,,-29.99134251325215
2003-10-28,12.432431645660413,,,-29.989611489043327
2003-10-29,16.914931364489917,,,-29.987880464834507
2003-10-30,17.22424234383393,,,-29.986149440625685
2003-10-31,16.06730757189736,,,-29.98441841641686
2003-11-03,18.922509758749317,,,-29.982687392208042
2003-11-04,16.842108235134724,,,-29.98095636799922
2003-11-05,16.13739288315461,,,-29.979225343790397
2003-11-06,16.423704728352394,,,-29.977494319581574
2003-11-07,15.307448245884302,,,-29.97576329537275
2003-11-10,12.897011679741443,,,-29.97403227116393
2003-11-11,9.665317880209589,,,-29.97230124695511
2003-11-12,10.627131772988196,,,-29.970570222746286
2003-11-13,10.777328719625112,,,-29.968839198537463
2003-11-14,7.352945988841109,,,-29.967108174328644
2003-11-17,6.905060953432152,,,-29.96537715011982
2003-11-18,4.214096638924203,,,-29.960962638501442
2003-11-19,5.13213928075964,,,-29.956548126883064
2003-11-20,3.2926885859021926,,,-29.95213361526468
2003-11-21,3.4451477316155055,,,-29.947719103646303
2003-11-24,5.360889332876995,,,-29.943304592027925
2003-11-25,3.867733730743672,,,-29.938890080409546
2003-11-26,4.401777682814201,,,-29.934475568791168
2003-11-28,3.571432160868593,,,-29.930061057172786
2003-12-01,5.7749056525521425,,,-29.925646545554407
2003-12-02,3.4782630809839565,,,-29.92123203393603
2003-12-03,3.402756944030294,,,-29.91681752231765
2003-12-04,7.093479344394948,,,-29.912403010699272
2003-12-05,4.16171685873965,,,-29.90798849908089
2003-12-08,4.198704897859296,,,-29.90357398746251
2003-12-09,2.806803761115906,,,-29.899159475844133
2003-12-10,0.46511581486918807,,,-29.894744964225755
2003-12-11,3.0356128618771017,,,-29.890330452607376
2003-12-12,1.322607577099011,,,-29.885915940988994
2003-12-15,0.5783601435861652,,,-29.881501429370616
2003-12-16,2.7417463307153778,,,-29.877086917752237
2003-12-17,1.1297780546834169,,,-29.872346150169143
2003-12-18,7.043949628543555,,,-29.86760538258605
2003-12-19,8.142720629449451,,,-29.862864615002955
2003-12-22,9.177402380989164,,,-29.858123847419865
2003-12-23,8.147256525848977,,,-29.85338307983677
2003-12-24,10.777308927427542,,,-29.848642312253677
2003-12-26,8.186960251953446,,,-29.843901544670583
2003-12-29,9.603761425707713,,,-29.83916077708749
2003-12-30,6.9735601751811815,,,-29.834420009504395
2003-12-31,5.906559007890988,,,-29.829679241921305
2004-01-02,4.975983825013386,,,-29.82493847433821
2004-01-05,7.767830061003966,,,-29.820197706755117
2004-01-06,7.6810700221721095,,,-29.815456939172023
2004-01-07,7.6683697865349565,,,-29.81071617158893
2004-01-08,7.817278302532182,,,-29.805975404005835
2004-01-09,6.834733184984709,,,-29.80123463642274
2004-01-12,8.996444374117797,,,-29.79649386883965
2004-01-13,7.063737128321113,,,-29.791753101256557
2004-01-14,10.068914471557289,,,-29.787012333673463
2004-01-15,9.00367706390901,,,-29.78227156609037
2004-01-16,9.461108992035827,,,-29.777757639772666
2004-01-20,11.527424883027582,,,-29.773243713454963
2004-01-21,12.364560305154694,,,-29.76872978713726
2004-01-22,11.593210853154567,,,-29.764215860819558
2004-01-23,11.151190234123852,,,-29.759701934501855
2004-01-26,9.177173390024862,,,-29.755188008184152
2004-01-27,6.893316969011365,,,-29.75067408186645
2004-01-28,4.8727524147425205,,,-29.746160155548743
2004-01-29,5.896884360450616,,,-29.74164622923104
2004-01-30,3.703740777777065,,,-29.737132302913338
2004-02-02,4.12279846318977,,,-29.732618376595635
2004-02-03,3.0814782887890635,,,-29.728104450277932
2004-02-04,1.1245712518739737,,,-29.72359052396023
2004-02-05,2.397480805428387,,,-29.719076597642527
2004-02-06,5.554084067119214,,,-29.714562671324824
2004-02-09,5.91692310987475,,,-29.71004874500712
2004-02-10,3.866233014907272,,,-29.70553481868942
2004-02-11,5.101080523440404,,,-29.701020892371716
2004-02-12,6.348531644201572,,,-29.696506966054013
2004-02-13,6.558257991354677,,,-29.69199303973631
2004-02-17,10.550761516665919,,,-29.68755615478917
2004-02-18,9.806032433451882,,,-29.68311926984203
2004-02-19,9.19250160879448,,,-29.67868238489489
2004-02-20,7.725315443660685,,,-29.67424549994775
2004-02-23,3.650411969859424,,,-29.669808615000612
2004-02-24,3.3944845981768834,,,-29.665371730053472
2004-02-25,3.5491422020868635,,,-29.660934845106333
2004-02-26,3.686538549133056,,,-29.656497960159193
2004-02-27,1.90601509881263,,,-29.652061075212053
2004-03-01,3.8219801457049174,,,-29.647624190264914
2004-03-02,3.927034640583127,,,-29.643187305317774
2004-03-03,2.2570863343233327,,,-29.638750420370638
2004-03-04,4.949579724520081,,,-29.634313535423498
2004-03-05,3.98491487581758,,,-29.62987665047636
2004-03-08,3.9324700662032086,,,-29.62543976552922
2004-03-09,3.2231042705242574,,,-29.62100288058208
2004-03-10,-0.2727407755638622,,,-29.61656599563494
2004-03-11,-1.011363229030382,,,-29.6121291106878
2004-03-12,2.138721903289764,,,-29.60769222574066
2004-03-15,0.1538222243669951,,,-29.60325534079352
2004-03-16,0.15362486949987986,,,-29.600365485751706
2004-03-17,-0.1298013525162789,,,-29.597475630709894
2004-03-18,-0.2995412282980614,,,-29.59458577566808
2004-03-19,-2.2672144230692637,,,-29.591695920626268
2004-03-22,-4.231637356538331,,,-29.588806065584453
2004-03-23,-5.208921078273487,,,-29.585916210542642
2004-03-24,-3.9888434199181977,,,-29.583026355500827
2004-03-25,-3.018656738682779,,,-29.580136500459016
2004-03-26,-3.66520815714958,,,-29.5772466454172
2004-03-29,-1.8376253038103196,,,-29.57435679037539
2004-03-30,-1.2376258398942852,,,-29.571466935333575
2004-03-31,-3.370180627817454,,,-29.56857708029176
2004-04-01,-3.160150777594395,,,-29.56568722524995
2004-04-02,-1.5392829786548434,,,-29.562797370208134
2004-04-05,-1.3954681034354932,,,-29.559907515166323
2004-04-06,-1.987808134374347,,,-29.557017660124508
2004-04-07,-3.6264104825048937,,,-29.554127805082697
2004-04-08,-2.6614021500014906,,,-29.551237950040882
2004-04-12,-2.389715384328661,,,-29.54834809499907
2004-04-13,-4.059715098667505,,,-29.545458239957256
2004-04-14,-4.563127652213483,,,-29.531636205294582
2004-04-15,-6.201347516537059,,,-29.51781417063191
2004-04-16,-5.9666515158848465,,,-29.50399213596924
2004-04-19,-4.2464028356147825,,,-29.490170101306568
2004-04-20,-6.129960850425553,,,-29.476348066643897
2004-04-21,-6.737492780099674,,,-29.462526031981227
2004-04-22,-2.172770198866525,,,-29.448703997318553
2004-04-23,0.29649761422045895,,,-29.434881962655883
2004-04-26,-0.8055935505804523,,,-29.421059927993213
2004-04-27,-0.5395218898999632,,,-29.40723789333054
2004-04-28,-2.0827709827946683,,,-29.39341585866787
2004-04-29,-3.4930974949017757,,,-29.379593824005198
2004-04-30,-4.293975487657442,,,-29.365771789342524
2004-05-03,-3.7565196071457363,,,-29.351949754679854
2004-05-04,-5.063293870275764,,,-29.338127720017184
2004-05-05,-4.283405706733745,,,-29.32430568535451
2004-05-06,-5.164071995382069,,,-29.31048365069184
2004-05-07,-6.945184894043122,,,-29.296661616029166
2004-05-10,-6.926179412227295,,,-29.282839581366495
2004-05-11,-4.73741219561028,,,-29.269017546703825
2004-05-12,-5.822650601329338,,,-29.268376649776854
2004-05-13,-6.76431682326225,,,-29.267735752849884
2004-05-14,-6.030285478206521,,,-29.267094855922913
2004-05-17,-6.619648402070288,,,-29.266453958995942
2004-05-18,-4.718796117151037,,,-29.265813062068972
2004-05-19,-4.592964674393096,,,-29.265172165142
2004-05-20,-4.7293692464085435,,,-29.26453126821503
2004-05-21,-4.499584929292311,,,-29.26389037128806
2004-05-24,-3.582174963694096,,,-29.26324947436109
2004-05-25,-2.9419707828160058,,,-29.26260857743412
2004-05-26,-1.1742226043632287,,,-29.261967680507148
2004-05-27,6.661338147750939e-14,,,-29.261326783580177
2004-05-28,-0.5712706584908078,,,-29.260685886653206
2004-06-01,-0.35490326050898746,,,-29.260044989726236
2004-06-02,1.8171588002889871,,,-29.259404092799265
2004-06-03,0.8973631413166094,,,-29.258763195872294
2004-06-04,2.8417165076017437,,,-29.258122298945324
2004-06-07,6.251793438348585,,,-29.257481402018353
2004-06-08,4.477612581647827,-29.256840505091382,,-29.256840505091382
2004-06-09,4.843801865779529,-29.256840505091382,,-29.256199608164412
2004-06-10,5.40772345748437,-29.256840505091382,,-29.252780490700353
2004-06-14,2.309858295279499,-29.256840505091382,,-29.249361373236294
2004-06-15,4.103001575208753,-29.256840505091382,,-29.245942255772235
2004-06-16,5.697840409313204,-29.256840505091382,,-29.242523138308176
2004-06-17,6.062366461974644,-29.256840505091382,,-29.239104020844117
2004-06-18,7.081986288163833,-29.256840505091382,,-29.235684903380058
2004-06-21,5.026157608847459,-29.256840505091382,,-29.232265785916
2004-06-22,3.7917378234356924,-29.256840505091382,,-29.22884666845194
2004-06-23,5.394655438185492,-29.256840505091382,,-29.22542755098788
2004-06-24,3.5205316828773148,-29.256840505091382,,-29.222008433523822
2004-06-25,3.95433581085054,-29.256840505091382,,-29.218589316059763
2004-06-28,3.292411551763341,-29.256840505091382,,-29.215170198595704
2004-06-29,3.346236420294857,-29.256840505091382,,-29.211751081131645
2004-06-30,1.7250760934455434,-29.256840505091382,,-29.208331963667586
2004-07-01,-1.0947926276621667,-29.256840505091382,,-29.204912846203527
2004-07-02,-0.43266589884444207,-29.256840505091382,,-29.201493728739468
2004-07-06,-2.463453928647752,-29.256840505091382,,-29.19807461127541
2004-07-07,-2.2739582669624614,-29.256840505091382,,-29.19465549381135
2004-07-08,-3.9547954759760806,-29.256840505091382,,-29.19123637634729
2004-07-09,-2.4024052483067604,-29.256840505091382,,-29.187817258883232
2004-07-12,-3.287157984318567,-29.256840505091382,,-29.187592741900303
2004-07-13,-1.6597572987343323,-29.256840505091382,,-29.18736822491737
2004-07-14,-2.493769803473822,-29.256840505091382,,-29.187143707934442
2004-07-15,-3.996712656065271,-29.256840505091382,,-29.18691919095151
2004-07-16,-2.830723451770678,-29.256840505091382,,-29.18669467396858
2004-07-19,-3.8621926632955828,-29.256840505091382,,-29.18647015698565
2004-07-20,-4.035747393462275,-29.256840505091382,,-29.18624564000272
2004-07-21,-7.551727029647615,-29.256840505091382,,-29.18602112301979
2004-07-22,-5.6036810280970855,-29.256840505091382,,-29.18579660603686
2004-07-23,-7.214537359565176,-29.256840505091382,,-29.185572089053927
2004-07-26,-5.9116003992997435,-29.256840505091382,,-29.185347572071
2004-07-27,-3.114479880361498,-29.256840505091382,,-29.18512305508807
2004-07-28,-1.1216548303534801,-29.256840505091382,,-29.184898538105138
2004-07-29,-0.9116800818670834,-29.256840505091382,,-29.18467402112221
2004-07-30,-1.021278327238495,-29.256840505091382,,-29.184449504139277
2004-08-02,-1.604277271060195,-29.256840505091382,,-29.184224987156348
2004-08-03,-2.9211537955969313,-29.256840505091382,,-29.184000470173416
2004-08-04,-2.0875021926054615,-29.256840505091382,,-29.183775953190487
2004-08-05,-3.0862409902941423,-29.256840505091382,,-29.183551436207555
2004-08-06,-7.019032402380221,-29.256840505091382,,-29.183326919224626
2004-08-09,-6.976741921653307,-29.256840505091382,,-29.182333985005588
2004-08-10,-5.141386242093715,-29.256840505091382,,-29.181341050786553
2004-08-11,-5.266192319581853,-29.256840505091382,,-29.180348116567515
2004-08-12,-5.665302300920905,-29.256840505091382,,-29.17935518234848
2004-08-13,-6.363372051833771,-29.256840505091382,,-29.178362248129442
2004-08-16,-5.18881322663034,-29.256840505091382,,-29.177369313910408
2004-08-17,-4.562410967589026,-29.256840505091382,,-29.17637637969137
2004-08-18,-3.3409536503395842,-29.256840505091382,,-29.175383445472335
2004-08-19,-4.509359694486714,-29.256840505091382,,-29.174390511253296
2004-08-20,-5.422694139559825,-29.256840505091382,,-29.173397577034258
2004-08-23,-5.802703934261178,-29.256840505091382,,-29.172404642815223
2004-08-24,-6.425031453971686,-29.256840505091382,,-29.171411708596185
2004-08-25,-5.471956338571116,-29.256840505091382,,-29.17041877437715
2004-08-26,-5.753420477044157,-29.256840505091382,,-29.169425840158112
2004-08-27,-5.107075478219847,-29.256840505091382,,-29.168432905939078
2004-08-30,-5.5586437616605755,-29.256840505091382,,-29.16743997172004
2004-08-31,-5.996126696019899,-29.256840505091382,,-29.166447037501005
2004-09-01,-7.5033706789286665,-29.256840505091382,,-29.165454103281967
2004-09-02,-6.253368706854657,-29.256840505091382,,-29.164461169062932
2004-09-03,-6.670317985973484,-29.256840505091382,,-29.163468234843894
2004-09-07,-6.541801947421655,-29.256840505091382,,-29.15702392972994
2004-09-08,-5.56167531590469,-29.256840505091382,,-29.15057962461599
2004-09-09,-5.979887763500857,-29.256840505091382,,-29.144135319502038
2004-09-10,-4.383339587304425,-29.256840505091382,,-29.137691014388086
2004-09-13,-2.2258795608119275,-29.256840505091382,,-29.131246709274134
2004-09-14,-2.2228254366620126,-29.256840505091382,,-29.12480240416018
2004-09-15,-2.489630671895382,-29.256840505091382,,-29.11835809904623
2004-09-16,-3.707744272182245,-29.256840505091382,,-29.111913793932278
2004-09-17,-4.552798155544558,-29.256840505091382,,-29.105469488818326
2004-09-20,-4.372466842764011,-29.256840505091382,,-29.099025183704377
2004-09-21,-4.714712161536405,-29.256840505091382,,-29.092580878590425
2004-09-22,-5.591571229681436,-29.256840505091382,,-29.08613657347647
2004-09-23,-6.556063240475751,-29.256840505091382,,-29.079692268362518
2004-09-24,-7.790149206812957,-29.256840505091382,,-29.07324796324857
2004-09-27,-6.85745370611639,-29.256840505091382,,-29.066803658134617
2004-09-28,-6.110809393396909,-29.256840505091382,,-29.060359353020665
2004-09-29,-2.636683265135431,-29.256840505091382,,-29.053915047906713
2004-09-30,-2.6592773547092663,-29.256840505091382,,-29.04747074279276
2004-10-01,1.1204417440709102,-29.256840505091382,,-29.04102643767881
2004-10-04,1.566437407806931,-29.256840505091382,,-29.034582132564857
2004-10-05,2.1348375528243535,-29.256840505091382,,-29.027534685917
2004-10-06,3.0942399786934027,-29.256840505091382,,-29.020487239269144
2004-10-07,2.9838110052122335,-29.256840505091382,,-29.013439792621288
2004-10-08,1.4542404923536534,-29.256840505091382,,-29.00639234597343
2004-10-11,3.1150905338726886,-29.256840505091382,,-28.999344899325575
2004-10-12,3.1502895972758793,-29.256840505091382,,-28.992297452677718
2004-10-13,0.508044887455017,-29.256840505091382,,-28.98525000602986
2004-10-14,3.0523232281562507,-29.256840505091382,,-28.978202559382005
2004-10-15,2.179530139117647,-29.256840505091382,,-28.97115511273415
2004-10-18,5.641626298820146,-29.256840505091382,,-28.964107666086292
2004-10-19,5.343510338937829,-29.256840505091382,,-28.957060219438436
2004-10-20,4.401970783372788,-29.256840505091382,,-28.95001277279058
2004-10-21,6.4572348372166966,-29.256840505091382,,-28.942965326142723
2004-10-22,2.9327213730978796,-29.256840505091382,,-28.935917879494866
2004-10-25,2.1209564098940703,-29.256840505091382,,-28.92887043284701
2004-10-26,2.4599560436872947,-29.256840505091382,,-28.921822986199153
2004-10-27,7.303535008568152,-29.256840505091382,,-28.914775539551297
2004-10-28,7.94391726831134,-29.256840505091382,,-28.90772809290344
2004-10-29,9.82143810006255,-29.256840505091382,,-28.900680646255584
2004-11-01,13.20293256007199,-29.256840505091382,,-28.893633199607727
2004-11-02,13.292685096849555,-29.256840505091382,,-28.892801807007018
2004-11-03,12.646795780560915,-29.256840505091382,,-28.891970414406313
2004-11-04,14.277038348602034,-29.256840505091382,,-28.891139021805603
2004-11-05,16.90790778372073,-29.256840505091382,,-28.890307629204898
2004-11-08,16.85116686684429,-29.256840505091382,,-28.88947623660419
2004-11-09,15.293398822257021,-29.256840505091382,,-28.888644844003483
2004-11-10,13.619972407098068,-29.256840505091382,,-28.887813451402774
2004-11-11,13.116699088777416,-29.256840505091382,,-28.88698205880207
2004-11-12,14.820320611330384,-29.256840505091382,,-28.88615066620136
2004-11-15,14.172313282561078,-29.256840505091382,,-28.88531927360065
2004-11-16,13.200351950301625,-29.256840505091382,,-28.884487880999945
2004-11-17,14.759385296491857,-29.256840505091382,,-28.883656488399236
2004-11-18,13.719252628469913,-29.256840505091382,,-28.88282509579853
2004-11-19,12.441856364677829,-29.256840505091382,,-28.88199370319782
2004-11-22,12.991891450674231,-29.256840505091382,,-28.881162310597116
2004-11-23,14.743973524788068,-29.256840505091382,,-28.880330917996407
2004-11-24,15.608469435158966,-29.256840505091382,,-28.8794995253957
2004-11-26,14.414935981098953,-29.256840505091382,,-28.878668132794992
2004-11-29,12.7084592834247,-29.256840505091382,,-28.877836740194287
2004-11-30,14.586993647534396,-29.256840505091382,,-28.877005347593578
2004-12-01,15.945390110682634,-29.256840505091382,,-28.872595253084924
2004-12-02,16.822159143167713,-29.256840505091382,,-28.86818515857627
2004-12-03,16.016192226332837,-29.256840505091382,,-28.863775064067617
2004-12-06,14.664013902355988,-29.256840505091382,,-28.859364969558968
2004-12-07,11.24227036016816,-29.256840505091382,,-28.854954875050314
2004-12-08,11.731687285623904,-29.256840505091382,,-28.85054478054166
2004-12-09,13.617019112228368,-29.256840505091382,,-28.846134686033007
2004-12-10,13.052096971074057,-29.256840505091382,,-28.841724591524354
2004-12-13,13.688959730018802,-29.256840505091382,,-28.8373144970157
2004-12-14,14.253455245730763,-29.256840505091382,,-28.832904402507047
2004-12-15,13.382069657209072,-29.256840505091382,,-28.828494307998398
2004-12-16,14.306151332911865,-29.256840505091382,,-28.824084213489744
2004-12-17,14.115129754334244,-29.256840505091382,,-28.81967411898109
2004-12-20,13.725313288227436,-29.256840505091382,,-28.815264024472437
2004-12-21,16.118889172539053,-29.256840505091382,,-28.810853929963784
2004-12-22,16.029784378992275,-29.256840505091382,,-28.80644383545513
2004-12-23,14.429249842968716,-29.256840505091382,,-28.802033740946477
2004-12-27,13.745455617780511,-29.256840505091382,,-28.797623646437827
2004-12-28,11.78339069530332,-29.256840505091382,,-28.793213551929174
2004-12-29,11.275902364032486,-29.256840505091382,,-28.78880345742052
2004-12-30,11.039587910719394,-29.256840505091382,,-28.787416381894626
2004-12-31,9.968124051353877,-29.256840505091382,,-28.786029306368732
2005-01-03,10.04218048602199,-29.256840505091382,,-28.784642230842834
2005-01-04,10.040391238829383,-29.256840505091382,,-28.78325515531694
2005-01-05,8.839358991327595,-29.256840505091382,,-28.781868079791046
2005-01-06,8.484856936976094,-29.256840505091382,,-28.78048100426515
2005-01-07,9.295603763046344,-29.256840505091382,,-28.779093928739258
2005-01-10,9.731937441962991,-29.256840505091382,,-28.77770685321336
2005-01-11,8.412513158401147,-29.256840505091382,,-28.776319777687466
2005-01-12,7.776581379922209,-29.256840505091382,,-28.77493270216157
2005-01-13,7.1225067308760215,-29.256840505091382,,-28.773545626635677
2005-01-14,7.625561162519534,-29.256840505091382,,-28.772158551109783
2005-01-18,6.808199941348492,-29.256840505091382,,-28.770771475583885
2005-01-19,7.390099322868848,-29.256840505091382,,-28.76938440005799
2005-01-20,5.833961805559529,-29.256840505091382,,-28.767997324532097
2005-01-21,4.427029988630871,-29.256840505091382,,-28.766610249006202
2005-01-24,0.4104782507974969,-29.256840505091382,,-28.765223173480308
2005-01-25,0.27732096675234796,-29.256840505091382,,-28.76383609795441
2005-01-26,1.6442352465967147,-29.256840505091382,,-28.762449022428516
2005-01-27,1.1237587435819485,-29.256840505091382,,-28.761061946902622
2005-01-28,0.30816094759518187,-29.256840505091382,,-28.75989122125019
2005-01-31,0.933239957992904,-29.256840505091382,,-28.758720495597757
2005-02-01,0.6918585298142821,-29.256840505091382,,-28.757549769945324
2005-02-02,-0.050435883274557725,-29.256840505091382,,-28.756379044292892
2005-02-03,-1.2980937974680917,-29.256840505091382,,-28.75520831864046
2005-02-04,0.5076107445342037,-29.256840505091382,,-28.754037592988027
2005-02-07,0.6396221371218314,-29.256840505091382,,-28.752866867335594
2005-02-08,-0.489974104915325,-29.256840505091382,,-28.751696141683162
2005-02-09,-3.087585381918001,-29.256840505091382,,-28.75052541603073
2005-02-10,-3.407873839022757,-29.256840505091382,,-28.749354690378297
2005-02-11,-1.3682180298496105,-29.256840505091382,,-28.748183964725868
2005-02-14,-2.2407702724600687,-29.256840505091382,,-28.747013239073436
2005-02-15,-2.0462331289553437,-29.256840505091382,,-28.745842513421003
2005-02-16,-0.866877192309301,-29.256840505091382,,-28.74467178776857
2005-02-17,-3.1247183064944117,-29.256840505091382,,-28.743501062116138
2005-02-18,-3.286380870880934,-29.256840505091382,,-28.742330336463706
2005-02-22,-5.303270056784648,-29.256840505091382,,-28.741159610811273
2005-02-23,-4.8847084095412825,-29.256840505091382,,-28.73998888515884
2005-02-24,-3.649952788547628,-29.256840505091382,,-28.73881815950641
2005-02-25,-2.910951373139925,-29.256840505091382,,-28.737647433853976
2005-02-28,-5.868241662056473,-29.256840505091382,,-28.737011371624185
2005-03-01,-5.187588584515213,-29.256840505091382,,-28.73637530939439
2005-03-02,-5.379667462143178,-29.256840505091382,,-28.735739247164595
2005-03-03,-6.4858158617364765,-29.256840505091382,,-28.735103184934804
2005-03-04,-4.294405379006361,-29.256840505091382,,-28.734467122705013
2005-03-07,-3.477867606149876,-29.256840505091382,,-28.733831060475218
2005-03-08,-5.014199673604902,-29.256840505091382,,-28.733194998245423
2005-03-09,-5.006874142970474,-29.256840505091382,,-28.732558936015632
2005-03-10,-5.95760364600415,-29.256840505091382,,-28.731922873785837
2005-03-11,-7.29517431633302,-29.256840505091382,,-28.731286811556046
2005-03-14,-6.52480614317138,-29.256840505091382,,-28.730650749326255
2005-03-15,-6.393825328224034,-29.256840505091382,,-28.73001468709646
2005-03-16,-7.220679505131278,-29.256840505091382,,-28.729378624866666
2005-03-17,-6.352044974501425,-29.256840505091382,,-28.728742562636874
2005-03-18,-7.9889162279797254,-29.256840505091382,,-28.72810650040708
2005-03-21,-7.9285118234973755,-29.256840505091382,,-28.72747043817729
2005-03-22,-9.129772149542713,-29.256840505091382,,-28.726834375947494
2005-03-23,-8.411219545895932,-29.256840505091382,,-28.726198313717703
2005-03-24,-9.256944333098971,-29.256840505091382,,-28.725562251487908
2005-03-28,-9.195402956228326,-29.256840505091382,,-28.724926189258117
2005-03-29,-9.852468807291437,-29.256840505091382,,-28.722503409206976
2005-03-30,-7.990978890351186,-29.256840505091382,,-28.720080629155834
2005-03-31,-7.417722291584294,-29.256840505091382,,-28.717657849104697
2005-04-01,-6.652908967430903,-29.256840505091382,,-28.715235069053556
2005-04-04,-5.3969947629572745,-29.256840505091382,,-28.712812289002414
2005-04-05,-4.667528479924165,-29.256840505091382,,-28.710389508951277
2005-04-06,-5.317767257151484,-29.256840505091382,,-28.707966728900136
2005-04-07,-4.126655081656105,-29.256840505091382,,-28.705543948848995
2005-04-08,-4.234184534642305,-29.256840505091382,,-28.703121168797857
2005-04-11,-5.443240511015157,-29.256840505091382,,-28.700698388746716
2005-04-12,-3.703703332584496,-29.256840505091382,,-28.698275608695575
2005-04-13,-6.1670541583773275,-29.256840505091382,,-28.695852828644433
2005-04-14,-8.186988336011769,-29.256840505091382,,-28.693430048593296
2005-04-15,-8.771008382316003,-29.256840505091382,,-28.691007268542155
2005-04-18,-6.961174244552049,-29.256840505091382,,-28.688584488491017
2005-04-19,-5.560047506109445,-29.256840505091382,,-28.686161708439876
2005-04-20,-5.009575903393038,-29.256840505091382,,-28.683738928388735
2005-04-21,-2.9692186863849224,-29.256840505091382,,-28.681316148337594
2005-04-22,-5.545090952031339,-29.256840505091382,,-28.678893368286456
2005-04-25,-4.636111797162568,-29.256840505091382,,-28.676470588235315
2005-04-26,-5.0650027752647375,-29.256840505091382,,-28.67237242231305
2005-04-27,-6.149740529198455,-29.256840505091382,,-28.668274256390784
2005-04-28,-7.38273034106669,-29.256840505091382,,-28.66417609046852
2005-04-29,-6.918579462840313,-29.256840505091382,,-28.660077924546254
2005-05-02,-5.464340540013257,-29.256840505091382,,-28.655979758623985
2005-05-03,-6.490068246197223,-29.256840505091382,,-28.65188159270172
2005-05-04,-5.1499833315848065,-29.256840505091382,,-28.647783426779455
2005-05-05,-5.246431555045006,-29.256840505091382,,-28.64368526085719
2005-05-06,-3.368364266885304,-29.256840505091382,,-28.639587094934924
2005-05-09,-3.014812114615484,-29.256840505091382,,-28.63548892901266
2005-05-10,-5.119364101109114,-29.256840505091382,,-28.631390763090394
2005-05-11,-5.069971542377738,-29.256840505091382,,-28.62729259716813
2005-05-12,-5.95488069614023,-29.256840505091382,,-28.623194431245864
2005-05-13,-4.58135304039311,-29.256840505091382,,-28.6190962653236
2005-05-16,-2.6421180843725134,-29.256840505091382,,-28.614998099401333
2005-05-17,-1.7402884544480246,-29.256840505091382,,-28.610899933479065
2005-05-18,0.8403398710220555,-29.256840505091382,,-28.6068017675568
2005-05-19,1.5430420032882086,-29.256840505091382,,-28.602703601634534
2005-05-20,0.6682705186305649,-29.256840505091382,,-28.59860543571227
2005-05-23,0.6113757277153464,-29.256840505091382,,-28.594507269790004
2005-05-24,2.0150456082812074,-29.256840505091382,,-28.581568188933634
2005-05-25,0.4783425460178403,-29.256840505091382,,-28.568629108077257
2005-05-26,1.5421377477930154,-29.256840505091382,,-28.555690027220887
2005-05-27,2.4396779250009937,-29.256840505091382,,-28.542750946364517
2005-05-31,1.4925409553803393,-29.256840505091382,,-28.529811865508144
2005-06-01,0.8670467799536175,-29.256840505091382,,-28.516872784651774
2005-06-02,2.6008480209638085,-29.256840505091382,,-28.5039337037954
2005-06-03,1.4106967889325972,-29.256840505091382,,-28.490994622939027
2005-06-06,1.5724950570084717,-29.256840505091382,,-28.478055542082657
2005-06-07,1.6680193089168016,-29.256840505091382,,-28.465116461226287
2005-06-08,0.9908916185666694,-29.256840505091382,,-28.452177380369914
2005-06-09,2.45680298304376,-29.256840505091382,,-28.43923829951354
2005-06-10,2.5395967566947064,-29.256840505091382,,-28.426299218657167
2005-06-13,2.778535775543256,-29.256840505091382,,-28.413360137800797
2005-06-14,2.930713663962048,-29.256840505091382,,-28.400421056944428
2005-06-15,3.0617793215470535,-29.256840505091382,,-28.387481976088054
2005-06-16,4.898977042449371,-29.256840505091382,,-28.37454289523168
2005-06-17,4.536681429945544,-29.256840505091382,,-28.36160381437531
2005-06-20,4.507853469770562,-29.256840505091382,,-28.348664733518937
2005-06-21,4.251457981106355,-29.256840505091382,,-28.335725652662568
2005-06-22,4.979047776996781,-29.256840505091382,,-28.32736768753337
2005-06-23,1.890978038547142,-29.256840505091382,,-28.31900972240417
2005-06-24,1.1872292551763142,-29.256840505091382,,-28.31065175727498
2005-06-27,1.7514076010665347,-29.256840505091382,,-28.302293792145782
2005-06-28,1.986662171126019,-29.256840505091382,,-28.293935827016586
2005-06-29,1.4886732227556099,-29.256840505091382,,-28.28557786188739
2005-06-30,0.8602503709920439,-29.256840505091382,,-28.27721989675819
2005-07-01,-0.4765909445573757,-29.256840505091382,,-28.268861931628994
2005-07-05,1.3763614292514603,-29.256840505091382,,-28.260503966499797
2005-07-06,1.3271162519367774,-29.256840505091382,,-28.252146001370605
2005-07-07,1.1845415063918896,-29.256840505091382,,-28.24378803624141
2005-07-08,4.83889794228054,-29.256840505091382,,-28.23543007111221
2005-07-11,7.3283566929566835,-29.256840505091382,,-28.227072105983012
2005-07-12,10.349438104130005,-29.256840505091382,,-28.218714140853816
2005-07-13,10.576920810308788,-29.256840505091382,,-28.21035617572462
2005-07-14,10.905488398575457,-29.256840505091382,,-28.201998210595423
2005-07-15,12.178504994092588,-29.256840505091382,,-28.193640245466227
2005-07-18,8.831542755947218,-29.256840505091382,,-28.18528228033703
2005-07-19,11.758936611102278,-29.256840505091382,,-28.176924315207835
2005-07-20,11.635012417153124,-29.256840505091382,,-28.16856635007864
2005-07-21,12.714638590222638,-29.256840505091382,,-28.167830281579366
2005-07-22,12.411488364362654,-29.256840505091382,,-28.167094213080095
2005-07-25,13.111638444302876,-29.256840505091382,,-28.166358144580823
2005-07-26,12.79711611484371,-29.256840505091382,,-28.165622076081547
2005-07-27,13.202483566835177,-29.256840505091382,,-28.164886007582275
2005-07-28,13.163983311887527,-29.256840505091382,,-28.164149939083003
2005-07-29,10.877645530340452,-29.256840505091382,,-28.16341387058373
2005-08-01,10.980560662075401,-29.256840505091382,,-28.16267780208446
2005-08-02,11.871287408942589,-29.256840505091382,,-28.161941733585188
2005-08-03,11.287889990769084,-29.256840505091382,,-28.161205665085916
2005-08-04,11.005482935689926,-29.256840505091382,,-28.16046959658664
2005-08-05,9.920686201465045,-29.256840505091382,,-28.15973352808737
2005-08-08,9.41762973242206,-29.256840505091382,,-28.158997459588097
2005-08-09,8.958220735721344,-29.256840505091382,,-28.158261391088825
2005-08-10,7.3085173493217415,-29.256840505091382,,-28.157525322589553
2005-08-11,7.537987085906317,-29.256840505091382,,-28.15678925409028
2005-08-12,5.50063636307101,-29.256840505091382,,-28.156053185591006
2005-08-15,5.269162331007493,-29.256840505091382,,-28.155317117091734
2005-08-16,3.148885540407065,-29.256840505091382,,-28.154581048592462
2005-08-17,3.2393231798335087,-29.256840505091382,,-28.15384498009319
2005-08-18,2.3858187829857824,-29.256840505091382,,-28.149397923396222
2005-08-19,2.7661367045036966,-29.256840505091382,,-28.144950866699254
2005-08-22,1.796014767431564,-29.256840505091382,,-28.140503810002286
2005-08-23,1.4545807277323686,-29.256840505091382,,-28.13605675330532
2005-08-24,1.1963771090487407,-29.256840505091382,,-28.13160969660835
2005-08-25,0.6138739312685271,-29.256840505091382,,-28.127162639911383
2005-08-26,-0.4253892315718266,-29.256840505091382,,-28.122715583214415
2005-08-29,1.8263055789244698,-29.256840505091382,,-28.118268526517447
2005-08-30,1.4318852627303258,-29.256840505091382,,-28.11382146982048
2005-08-31,3.2443092765365833,-29.256840505091382,,-28.10937441312351
2005-09-01,3.304082575399936,-29.256840505091382,,-28.104927356426543
2005-09-02,2.2551553940142632,-29.256840505091382,,-28.100480299729576
2005-09-06,4.8638070545827805,-29.256840505091382,,-28.096033243032608
2005-09-07,4.549227715584658,-29.256840505091382,,-28.09158618633564
2005-09-08,4.939897963992568,-29.256840505091382,,-28.087139129638672
2005-09-09,5.189961550731326,-29.256840505091382,,-28.082692072941704
2005-09-12,4.925374619081091,-29.256840505091382,,-28.078245016244736
2005-09-13,4.647483986984247,-29.256840505091382,,-28.07379795954777
2005-09-14,3.459206258883829,-29.256840505091382,,-28.0693509028508
2005-09-15,3.4610341508644282,-29.256840505091382,,-28.064903846153832
2005-09-16,4.205236960692238,-29.256840505091382,,-28.062996582575586
2005-09-19,4.546672347392677,-29.256840505091382,,-28.061089318997343
2005-09-20,5.301593237100133,-29.256840505091382,,-28.059182055419097
2005-09-21,4.619567386369394,-29.256840505091382,,-28.05727479184085
2005-09-22,4.010761245141725,-29.256840505091382,,-28.055367528262607
2005-09-23,4.5319674103216245,-29.256840505091382,,-28.05346026468436
2005-09-26,5.383359456093384,-29.256840505091382,,-28.051553001106114
2005-09-27,5.281782332935059,-29.256840505091382,,-28.04964573752787
2005-09-28,4.230664696853315,-29.256840505091382,,-28.047738473949625
2005-09-29,6.146765337138382,-29.256840505091382,,-28.045831210371382
2005-09-30,6.475978473414945,-29.256840505091382,,-28.043923946793136
2005-10-03,4.739213380547835,-29.256840505091382,,-28.04201668321489
2005-10-04,3.095488820144632,-29.256840505091382,,-28.040109419636643
2005-10-05,1.2010420199369376,-29.256840505091382,,-28.0382021560584
2005-10-06,-0.3646767175678134,-29.256840505091382,,-28.036294892480154
2005-10-07,-1.1091057521246617,-29.256840505091382,,-28.034387628901907
2005-10-10,-1.9542255938824415,-29.256840505091382,,-28.032480365323664
2005-10-11,-2.039764846022918,-29.256840505091382,,-28.030573101745418
2005-10-12,-4.3134216782682255,-29.256840505091382,,-28.028665838167175
2005-10-13,-4.25747679714693,-29.256840505091382,,-28.02675857458893
2005-10-14,-3.572332920710819,-29.256840505091382,,-28.023579600121483
2005-10-17,-3.145606091748687,-29.256840505091382,,-28.02040062565404
2005-10-18,-3.4632049770774165,-29.256840505091382,,-28.017221651186595
2005-10-19,-1.9025876074009518,-29.256840505091382,,-28.014042676719153
2005-10-20,-3.549848449342985,-29.256840505091382,,-28.01086370225171
2005-10-21,-3.407668793663954,-29.256840505091382,,-28.007684727784266
2005-10-24,-1.0611469535432683,-29.256840505091382,,-28.00450575331682
2005-10-25,-1.6141316007970752,-29.256840505091382,,-28.00132677884938
2005-10-26,-3.168663672015315,-29.256840505091382,,-27.998147804381933
2005-10-27,-5.067405203205066,-29.256840505091382,,-27.99496882991449
2005-10-28,-3.403071682463399,-29.256840505091382,,-27.991789855447045
2005-10-31,-1.5450876834459115,-29.256840505091382,,-27.988610880979603
2005-11-01,-0.8930811084096213,-29.256840505091382,,-27.985431906512158
2005-11-02,-0.25349122150675196,-29.256840505091382,,-27.982252932044716
2005-11-03,2.1222142761555096,-29.256840505091382,,-27.97907395757727
2005-11-04,1.6484948537866195,-29.256840505091382,,-27.97589498310983
2005-11-07,2.3463453331394435,-29.256840505091382,,-27.972716008642383
2005-11-08,1.7490459147396331,-29.256840505091382,,-27.96953703417494
2005-11-09,3.4784808718149707,-29.256840505091382,,-27.966358059707495
2005-11-10,3.995895292034324,-29.256840505091382,,-27.963179085240053
2005-11-11,4.814621329912949,-29.256840505091382,,-27.959805864618353
2005-11-14,4.868622886414875,-29.256840505091382,,-27.956432643996656
2005-11-15,4.325438461832243,-29.256840505091382,,-27.95305942337496
2005-11-16,5.267237127908064,-29.256840505091382,,-27.949686202753263
2005-11-17,7.2987048656908415,-29.256840505091382,,-27.946312982131563
2005-11-18,7.41124798922741,-29.256840505091382,,-27.942939761509866
2005-11-21,8.034321960853541,-29.256840505091382,,-27.939566540888165
2005-11-22,7.585145946130978,-29.256840505091382,,-27.93619332026647
2005-11-23,8.234076626424569,-29.256840505091382,,-27.932820099644772
2005-11-25,7.465366551015418,-29.256840505091382,,-27.929446879023075
2005-11-28,6.731764824882558,-29.256840505091382,,-27.926073658401375
2005-11-29,6.628835864018012,-29.256840505091382,,-27.922700437779678
2005-11-30,4.829693743033414,-29.186970553671614,,-27.919327217157978
2005-12-01,6.5973064810650905,-29.186970553671614,,-27.91595399653628
2005-12-02,6.878169998781947,-29.164461169062932,,-27.912580775914584
2005-12-05,5.502272498602645,-29.04102643767881,,-27.909207555292884
2005-12-06,5.562544953274462,-28.900680646255584,,-27.905834334671187
2005-12-07,5.627048907728849,-28.877836740194287,,-27.90246111404949
2005-12-08,6.074530499176145,-28.793213551929174,,-27.89908789342779
2005-12-09,6.537286474121795,-28.728120052666238,,-27.895714672806093
2005-12-12,6.269028706467128,-28.728120052666238,,-27.89268168435901
2005-12-13,7.546689054551292,-28.728120052666238,,-27.889648695911934
2005-12-14,7.629080907837138,-28.678893368286456,,-27.886615707464856
2005-12-15,9.012990183644431,-28.678893368286456,,-27.883582719017774
2005-12-16,7.870089258388813,-28.678893368286456,,-27.880549730570696
2005-12-19,5.85650318843165,-28.678893368286456,,-27.877516742123614
2005-12-20,5.906791111951315,-28.678893368286456,,-27.874483753676536
2005-12-21,6.619886074438774,-28.59860543571227,,-27.871450765229454
2005-12-22,7.292047487823883,-28.59860543571227,,-27.868417776782376
2005-12-23,5.868784408175753,-28.348664733518937,,-27.865384788335298
2005-12-27,4.256690774323468,-28.176924315207835,,-27.862351799888216
2005-12-28,3.8664487129360214,-28.154581048592462,,-27.859318811441135
2005-12-29,3.864918642875259,-28.033112894864143,,-27.856285822994057
2005-12-30,4.510215700583453,-27.966358059707495,,-27.85325283454698
2006-01-03,8.262341249809403,-27.89908789342779,,-27.850219846099897
2006-01-04,9.13247303063307,-27.838087892311577,,-27.84718685765282
2006-01-05,10.206721376093775,-27.838087892311577,,-27.844153869205737
2006-01-06,12.76666791681107,-27.822965289499976,,-27.84112088075866
2006-01-09,14.574770443628871,-27.70475888192125,,-27.838087892311577
2006-01-10,13.77490794900622,-27.70475888192125,,-27.8350549038645
2006-01-11,13.807033290026993,-27.70475888192125,,-27.834418608371628
2006-01-12,12.897980370121287,-27.70475888192125,,-27.83378231287876
2006-01-13,13.649170095865038,-27.70475888192125,,-27.83314601738589
2006-01-17,10.689742243949762,-27.70475888192125,,-27.83250972189302
2006-01-18,10.447736528308837,-27.70475888192125,,-27.83187342640015
2006-01-19,10.566237632072806,-27.70475888192125,,-27.83123713090728
2006-01-20,5.592948338631287,-27.70475888192125,,-27.830600835414412
2006-01-23,6.0246675105207315,-27.70475888192125,,-27.82996453992154
2006-01-24,7.0359625913040125,-27.70475888192125,,-27.829328244428673
2006-01-25,8.756829723542792,-27.70475888192125,,-27.828691948935802
2006-01-26,8.692397418822528,-27.70475888192125,,-27.82805565344293
2006-01-27,8.598634332584654,-27.70475888192125,,-27.827419357950063
2006-01-30,8.88898088231338,-27.70475888192125,,-27.826783062457192
2006-01-31,6.993702236650234,-27.70475888192125,,-27.826146766964325
2006-02-01,5.789653324389077,-27.70475888192125,,-27.825510471471453
2006-02-02,3.6193464228895245,-27.70475888192125,,-27.824874175978582
2006-02-03,2.216281818414134,-27.70475888192125,,-27.824237880485715
2006-02-06,1.9161226306370516,-27.70475888192125,,-27.823601584992844
2006-02-07,1.4160697741649964,-27.70475888192125,,-27.822965289499976
2006-02-08,1.4774238159480646,-27.70475888192125,,-27.822328994007105
2006-02-09,0.24290523220842353,-27.70475888192125,,-27.819133566374113
2006-02-10,0.8584966562232177,-27.70475888192125,,-27.81593813874112
2006-02-13,0.16869089962781025,-27.70475888192125,,-27.812742711108125
2006-02-14,0.5625442953637094,-27.70475888192125,,-27.809547283475133
2006-02-15,-0.12108867346811714,-27.70475888192125,,-27.80635185584214
2006-02-16,0.46056208626610307,-27.70475888192125,,-27.80315642820915
2006-02-17,-0.5773740385648707,-27.70475888192125,,-27.799961000576157
2006-02-21,-2.0408078303223443,-27.63608016132144,,-27.796765572943166
2006-02-22,-1.0521010258903063,-27.63608016132144,,-27.793570145310174
2006-02-23,-1.5279120705060434,-27.63608016132144,,-27.79037471767718
2006-02-24,-0.43278742248378244,-27.63608016132144,,-27.787179290044186
2006-02-27,1.164347199276894,-27.63608016132144,,-27.783983862411194
2006-02-28,-0.0974033850136169,-27.63608016132144,,-27.780788434778202
2006-03-01,-0.5922498564495005,-27.63608016132144,,-27.77759300714521
2006-03-02,-0.7569099763734988,-27.63608016132144,,-27.774397579512218
2006-03-03,-0.5964455934641455,-27.63608016132144,,-27.771202151879223
2006-03-06,-1.7887189756803479,-27.63608016132144,,-27.76800672424623
2006-03-07,-2.175765263497287,-27.63608016132144,,-27.76481129661324
2006-03-08,-1.4213836767984933,-27.63608016132144,,-27.761615868980247
2006-03-09,-2.6404015568197825,-27.604518526115918,,-27.758420441347255
2006-03-10,-2.893420644803668,-27.497817097036666,,-27.75542796834415
2006-03-13,-2.9999684435831897,-27.497817097036666,,-27.752435495341043
2006-03-14,-1.025089943633417,-27.497817097036666,,-27.74944302233794
2006-03-15,-0.35420521761664325,-27.435758775167447,,-27.746450549334835
2006-03-16,-0.5050574553199905,-27.127193399096214,,-27.74345807633173
2006-03-17,1.3660865567153735,-26.98922443891384,,-27.740465603328623
2006-03-20,1.5361866303880367,-26.906280592013776,,-27.73747313032552
2006-03-21,0.021302370401721227,-26.90082609371812,,-27.734480657322415
2006-03-22,-0.3893003618009594,-26.836372171096848,,-27.73148818431931
2006-03-23,-0.6793556354343311,-26.764180208266573,,-27.728495711316206
2006-03-24,0.7039312093205741,-26.44841119677183,,-27.7255032383131
2006-03-27,0.8511874399355968,-26.323087974575394,,-27.722510765309995
2006-03-28,1.1021150950842218,-26.2768609865777,,-27.71951829230689
2006-03-29,3.8092728419706567,-26.243901802655206,,-27.716525819303783
2006-03-30,1.8625456789808759,-26.18749924868536,,-27.71353334630068
2006-03-31,0.5254778242915981,-25.992632581609204,,-27.710540873297575
2006-04-03,0.21319700509674355,-25.951348082621333,,-27.70754840029447
2006-04-04,-1.032027867309926,-25.881363394016123,,-27.704555927291363
2006-04-05,-0.49051643210915596,-25.60211067210726,,-27.70156345428826
2006-04-06,-0.28009791736556267,-25.561765017207737,,-27.698570981285155
2006-04-07,-1.9911842709417371,-25.374569407212118,,-27.698319207959127
2006-04-10,-1.6521743565338975,-25.187737008344968,,-27.6980674346331
2006-04-11,-2.398028283326359,-25.11073251703716,,-27.69781566130707
2006-04-12,-1.7345775610295155,-25.09062303375332,,-27.69756388798104
2006-04-13,-0.19082172217829152,-25.083627989385292,,-27.697312114655013
2006-04-17,-1.9540302870299397,-24.922170002281835,,-27.697060341328985
2006-04-18,3.0053471946296595,-24.790858032708375,,-27.696808568002957
2006-04-19,3.4412089877979835,-24.37614160776338,,-27.69655679467693
2006-04-20,2.62967188436507,-24.170596839875813,,-27.696305021350902
2006-04-21,1.8647273635234551,-24.10328907776398,,-27.696053248024874
2006-04-24,1.0574167743416574,-24.076743101444617,,-27.695801474698843
2006-04-25,-0.5003748009726583,-24.028449991368227,,-27.695549701372816
2006-04-26,-0.7127546210694113,-24.001300767212395,,-27.695297928046788
2006-04-27,0.6894405397390946,-23.889444000208847,,-27.69504615472076
2006-04-28,-0.64228514428597,-23.823712445680993,,-27.694794381394733
2006-05-01,0.09411374214420842,-23.749253378495194,,-27.694542608068705
2006-05-02,1.6106330898088217,-23.681886813986353,,-27.694290834742674
2006-05-03,1.7373885505540976,-23.64001646629969,,-27.694039061416646
2006-05-04,3.025514629216808,-23.419903159920846,,-27.69378728809062
2006-05-05,2.650847095265174,-23.405585424322396,,-27.69353551476459
2006-05-08,3.7325631078811927,-23.405585424322396,,-27.69049829756621
2006-05-09,2.708531841896855,-23.405585424322396,,-27.687461080367836
2006-05-10,2.9862937982783055,-23.36099465386398,,-27.684423863169457
2006-05-11,-0.3215075425930025,-23.36099465386398,,-27.68138664597108
2006-05-12,-2.2883449215310048,-23.36099465386398,,-27.6783494287727
2006-05-15,-3.25446213797822,-23.36099465386398,,-27.675312211574322
2006-05-16,-3.208228411035019,-23.36099465386398,,-27.672274994375947
2006-05-17,-3.4416945646317365,-23.36099465386398,,-27.669237777177567
2006-05-18,-5.290058908833983,-23.36099465386398,,-27.666200559979192
2006-05-19,-4.307344417145808,-23.36099465386398,,-27.663163342780813
2006-05-22,-5.484082149926173,-23.36099465386398,,-27.660126125582433
2006-05-23,-7.437684426489632,-23.36099465386398,,-27.657088908384058
2006-05-24,-5.408319083210755,-23.36099465386398,,-27.65405169118568
2006-05-25,-5.454780338768117,-23.36099465386398,,-27.651014473987303
2006-05-26,-5.210765914720783,-23.36099465386398,,-27.647977256788923
2006-05-30,-6.714034514122568,-23.36099465386398,,-27.644940039590544
2006-05-31,-5.458360911168681,-23.36099465386398,,-27.64190282239217
2006-06-01,-2.649187800727759,-23.36099465386398,,-27.63886560519379
2006-06-02,-2.9416831895971773,-23.36099465386398,,-27.635828387995414
2006-06-05,-4.227220370792695,-23.36099465386398,,-27.632791170797034
2006-06-06,-4.395686233588869,-23.36099465386398,,-27.63130313686645
2006-06-07,-5.391084374041599,-23.36099465386398,,-27.629815102935865
2006-06-08,-7.114168183903502,-23.36099465386398,,-27.62832706900528
2006-06-09,-8.49306902292163,-23.36099465386398,,-27.626839035074696
2006-06-12,-9.533069957995844,-23.36099465386398,,-27.62535100114411
2006-06-13,-10.132691642058322,-23.36099465386398,,-27.623862967213523
2006-06-14,-9.434412132188186,-23.36099465386398,,-27.622374933282938
2006-06-15,-5.983943196179964,-23.36099465386398,,-27.620886899352353
2006-06-16,-6.9012351251333985,-23.36099465386398,,-27.61939886542177
2006-06-19,-7.3843066129538615,-23.36099465386398,,-27.617910831491184
2006-06-20,-7.7340769516597625,-23.36099465386398,,-27.6164227975606
2006-06-21,-6.30300269391757,-23.36099465386398,,-27.614934763630014
2006-06-22,-7.1076872357692,-23.36099465386398,,-27.61344672969943
2006-06-23,-8.93159745427974,-23.36099465386398,,-27.611958695768845
2006-06-26,-8.975173218793774,-23.36099465386398,,-27.610470661838256
2006-06-27,-10.43298542986818,-23.36099465386398,,-27.60898262790767
2006-06-28,-9.872219221203672,-23.36099465386398,,-27.607494593977087
2006-06-29,-7.637004553487947,-23.36099465386398,,-27.606006560046502
2006-06-30,-8.95026636069799,-23.36099465386398,,-27.604518526115918
2006-07-03,-8.667334443441653,-23.36099465386398,,-27.603030492185333
2006-07-05,-9.792360692472746,-23.36099465386398,,-27.602648266600024
2006-07-06,-9.75900105903097,-23.36099465386398,,-27.60226604101472
2006-07-07,-10.029676812556787,-23.36099465386398,,-27.60188381542941
2006-07-10,-10.838693635838602,-23.36099465386398,,-27.6015015898441
2006-07-11,-10.533192270223502,-23.36099465386398,,-27.601119364258796
2006-07-12,-11.29370077027253,-23.36099465386398,,-27.600737138673487
2006-07-13,-14.426223439886176,-23.36099465386398,,-27.60035491308818
2006-07-14,-15.675569059892192,-23.36099465386398,,-27.599972687502873
2006-07-17,-15.166041721883161,-23.36099465386398,,-27.599590461917565
2006-07-18,-13.870199062391098,-23.36099465386398,,-27.59920823633226
2006-07-19,-12.667222772224573,-23.36099465386398,,-27.59882601074695
2006-07-20,-13.770073679941664,-23.36099465386398,,-27.598443785161642
2006-07-21,-14.657883551997298,-23.36099465386398,,-27.598061559576337
2006-07-24,-13.78444751904484,-23.36099465386398,,-27.597679333991028
2006-07-25,-12.437672971770153,-23.36099465386398,,-27.59729710840572
2006-07-26,-11.643787123913818,-23.36099465386398,,-27.596914882820414
2006-07-27,-12.455716879749534,-23.36099465386398,,-27.596532657235105
2006-07-28,-10.496107513699137,-23.36099465386398,,-27.596150431649797
2006-07-31,-11.247535379763917,-23.36099465386398,,-27.59576820606449
2006-08-01,-13.413808519699788,-23.36099465386398,,-27.595385980479183
2006-08-02,-12.523660155230987,-23.36099465386398,,-27.590230658951402
2006-08-03,-11.643266442070555,-23.36099465386398,,-27.58507533742362
2006-08-04,-11.266955196945883,-23.36099465386398,,-27.57992001589584
2006-08-07,-9.830897895641522,-23.36099465386398,,-27.574764694368064
2006-08-08,-9.169595811544406,-23.36099465386398,,-27.569609372840283
2006-08-09,-8.97716265300309,-23.36099465386398,,-27.564454051312502
2006-08-10,-7.639364699497686,-23.36099465386398,,-27.55929872978472
2006-08-11,-7.032625576352891,-23.36099465386398,,-27.55414340825694
2006-08-14,-5.7748105186856025,-23.36099465386398,,-27.54898808672916
2006-08-15,-4.128162097161492,-23.36099465386398,,-27.54383276520138
2006-08-16,-0.9079587408250878,-23.36099465386398,,-27.5386774436736
2006-08-17,0.43084701818965065,-23.36099465386398,,-27.533522122145822
2006-08-18,-0.0867243116645211,-23.36099465386398,,-27.52836680061804
2006-08-21,-2.322022807786195,-23.36099465386398,,-27.52321147909026
2006-08-22,-2.6182332144284115,-23.290181823319053,,-27.51805615756248
2006-08-23,-1.2270591009124532,-23.290181823319053,,-27.5129008360347
2006-08-24,-1.4014959610210043,-23.290181823319053,,-27.50774551450692
2006-08-25,-3.5078396777395215,-23.283020087885276,,-27.50259019297914
2006-08-28,-2.532330211533218,-23.23679111172635,,-27.49743487145136
2006-08-29,-0.06120361650153727,-23.23679111172635,,-27.49227954992358
2006-08-30,0.4809971320635764,-23.23679111172635,,-27.489304772304838
2006-08-31,1.1345794922621,-23.23679111172635,,-27.48632999468609
2006-09-01,1.839849229186341,-23.23679111172635,,-27.48335521706735
2006-09-05,3.5039502607700834,-23.23679111172635,,-27.480380439448606
2006-09-06,3.4658298823619926,-23.23679111172635,,-27.477405661829863
2006-09-07,3.3989353045392745,-23.121798280870234,,-27.474430884211117
2006-09-08,2.966403975393539,-23.092159205214735,,-27.471456106592374
2006-09-11,0.8704217159217542,-23.089260703392718,,-27.46848132897363
2006-09-12,3.4950447241909988,-23.024428200757885,,-27.465506551354885
2006-09-13,5.048651183990471,-22.860939851404563,,-27.462531773736142
2006-09-14,5.0157556606377,-22.197590171676364,,-27.4595569961174
2006-09-15,3.756464047859165,-22.197590171676364,,-27.456582218498653
2006-09-18,5.113920158871599,-22.092550752294123,,-27.45360744087991
2006-09-19,4.515983717191441,-21.904180412925438,,-27.450632663261167
2006-09-20,5.759957648067071,-21.836978728980956,,-27.44765788564242
2006-09-21,7.122413408640704,-21.710910212439465,,-27.44468310802368
2006-09-22,5.508753928699717,-21.414308029916896,,-27.441708330404936
2006-09-25,4.192157142768704,-21.34836817650793,,-27.438733552786193
2006-09-26,5.218928128071876,-21.337982487404943,,-27.435758775167447
2006-09-27,4.470130792642446,-21.33643373319712,,-27.432783997548704
2006-09-28,7.086272771595858,-21.027792169901023,,-27.428791744297822
2006-09-29,6.7260837666270445,-21.00168840925834,,-27.42479949104694
2006-10-02,6.561470031944472,-20.88920730612619,,-27.420807237796055
2006-10-03,7.958017664402006,-20.805493285565305,,-27.416814984545173
2006-10-04,9.786616046280393,-20.73519182264833,,-27.41282273129429
2006-10-05,12.4392004186052,-20.656430250995115,,-27.40883047804341
2006-10-06,14.111109143206036,-20.42482094143872,,-27.404838224792528
2006-10-09,15.675644279544464,-20.367608673707842,,-27.400845971541646
2006-10-10,15.581088566948885,-20.119319841688757,,-27.396853718290764
2006-10-11,14.975986601131975,-20.06901070110575,,-27.39286146503988
2006-10-12,15.303660428278132,-20.029240821053726,,-27.388869211788997
2006-10-13,17.667207572035192,-20.029240821053726,,-27.384876958538115
2006-10-16,19.03180277696379,-20.029240821053726,,-27.380884705287233
2006-10-17,15.419071533596608,-20.029240821053726,,-27.37689245203635
2006-10-18,14.210730587593435,-20.001365501226992,,-27.37290019878547
2006-10-19,14.577829403884145,-20.000000154859162,,-27.368907945534584
2006-10-20,15.609588812460329,-20.000000154859162,,-27.364915692283702
2006-10-23,14.40132025947447,-20.000000154859162,,-27.36092343903282
2006-10-24,13.650040894766402,-20.000000154859162,,-27.35693118578194
2006-10-25,16.377004329147127,-20.000000154859162,,-27.352938932531057
2006-10-26,16.14137809626113,-20.000000154859162,,-27.345690846303363
2006-10-27,13.777490537003567,-20.000000154859162,,-27.338442760075672
2006-10-30,15.032091141252968,-20.000000154859162,,-27.331194673847982
2006-10-31,16.056712746629564,-19.8115179992298,,-27.323946587620288
2006-11-01,15.19759949725814,-19.79149261883388,,-27.316698501392597
2006-11-02,15.149490905764829,-19.79149261883388,,-27.309450415164903
2006-11-03,14.036539524236602,-19.79149261883388,,-27.302202328937213
2006-11-06,16.51901384104186,-19.79149261883388,,-27.294954242709522
2006-11-07,16.547623086792385,-19.79149261883388,,-27.28770615648183
2006-11-08,14.203374807245162,-19.79149261883388,,-27.280458070254138
2006-11-09,11.05094939900475,-19.79149261883388,,-27.273209984026444
2006-11-10,11.166211418829231,-19.79149261883388,,-27.265961897798753
2006-11-13,12.129226336738164,-19.79149261883388,,-27.258713811571063
2006-11-14,14.407061103627683,-19.79149261883388,,-27.25146572534337
2006-11-15,14.845937944784527,-19.79149261883388,,-27.24421763911568
2006-11-16,16.217626083652515,-19.79149261883388,,-27.236969552887984
2006-11-17,15.883403605147638,-19.79149261883388,,-27.229721466660294
2006-11-20,15.906717101880453,-19.79149261883388,,-27.222473380432604
2006-11-21,15.191630966357405,-19.79149261883388,,-27.21522529420491
2006-11-22,15.558092654857125,-19.79149261883388,,-27.20797720797722
2006-11-24,14.817797590272619,-19.79149261883388,,-27.203133831747767
2006-11-27,12.336055498563269,-19.79149261883388,,-27.198290455518315
2006-11-28,12.06524343440365,-19.79149261883388,,-27.193447079288863
2006-11-29,11.746759941103345,-19.79149261883388,,-27.188603703059414
2006-11-30,13.952046948338005,-19.79149261883388,,-27.18376032682996
2006-12-01,13.497099490490005,-19.79149261883388,,-27.17891695060051
2006-12-04,14.373390056389423,-19.79149261883388,,-27.174073574371057
2006-12-05,14.079750167972005,-19.79149261883388,,-27.169230198141605
2006-12-06,11.60629457005582,-19.79149261883388,,-27.164386821912156
2006-12-07,9.449458114751152,-19.79149261883388,,-27.159543445682704
2006-12-08,9.840392488707582,-19.79149261883388,,-27.154700069453252
2006-12-11,9.84791997714407,-19.79149261883388,,-27.1498566932238
2006-12-12,9.172483557199506,-19.79149261883388,,-27.145013316994348
2006-12-13,10.112930359611493,-19.79149261883388,,-27.1401699407649
2006-12-14,9.745235213872983,-19.79149261883388,,-27.135326564535447
2006-12-15,10.711796832528986,-19.79149261883388,,-27.130483188305995
2006-12-18,10.46769020882936,-19.79149261883388,,-27.125639812076543
2006-12-19,8.216154481261961,-19.79149261883388,,-27.12079643584709
2006-12-20,7.292368754542888,-19.79149261883388,,-27.11595305961764
2006-12-21,6.661894897526022,-19.79149261883388,,-27.11110968338819
2006-12-22,5.271063642205354,-19.79149261883388,,-27.104694670521116
2006-12-26,6.180552691617058,-19.79149261883388,,-27.098279657654047
2006-12-27,8.07838953182063,-19.79149261883388,,-27.091864644786977
2006-12-28,7.100980630027287,-19.79149261883388,,-27.085449631919904
2006-12-29,4.630646715449149,-19.79149261883388,,-27.079034619052834
2007-01-03,4.319410506245225,-19.79149261883388,,-27.07261960618576
2007-01-04,6.528741465807708,-19.79149261883388,,-27.06620459331869
2007-01-05,5.663764979420094,-19.79149261883388,,-27.05978958045162
2007-01-08,5.558226163572111,-19.79149261883388,,-27.05337456758455
2007-01-09,6.291758349583887,-19.79149261883388,,-27.046959554717482
2007-01-10,5.863102008515009,-19.79149261883388,,-27.04054454185041
2007-01-11,6.374714859830544,-19.79149261883388,,-27.034129528983335
2007-01-12,6.816740330279036,-19.79149261883388,,-27.027714516116266
2007-01-16,7.940552055209693,-19.79149261883388,,-27.021299503249196
2007-01-17,7.570775256347417,-19.79149261883388,,-27.014884490382126
2007-01-18,5.330727535660129,-19.79149261883388,,-27.008469477515053
2007-01-19,5.294481342024304,-19.79149261883388,,-27.002054464647983
2007-01-22,3.0947417340382977,-19.79149261883388,,-26.99563945178091
2007-01-23,3.542879399950194,-19.79149261883388,,-26.98922443891384
2007-01-24,4.534152522743473,-19.79149261883388,,-26.98280942604677
2007-01-25,2.2492972369280384,-19.79149261883388,,-26.97878159267661
2007-01-26,3.3474423135766873,-19.79149261883388,,-26.974753759306456
2007-01-29,2.784850417462814,-19.79149261883388,,-26.970725925936296
2007-01-30,2.590481152086932,-19.79149261883388,,-26.96669809256614
2007-01-31,5.05610036162889,-19.79149261883388,,-26.96267025919598
2007-02-01,4.7894301151410135,-19.79149261883388,,-26.958642425825825
2007-02-02,5.446390098760268,-19.79149261883388,,-26.954614592455666
2007-02-05,3.840200298734664,-19.79149261883388,,-26.95058675908551
2007-02-06,2.9968475192910793,-19.79149261883388,,-26.94655892571535
2007-02-07,3.4488422208739378,-19.79149261883388,,-26.942531092345195
2007-02-08,3.9085294624647826,-19.79149261883388,,-26.938503258975036
2007-02-09,2.0993117548795626,-19.79149261883388,,-26.93447542560488
2007-02-12,0.6743104892065865,-19.79149261883388,,-26.93044759223472
2007-02-13,-0.0379978818223492,-19.79149261883388,,-26.926419758864565
2007-02-14,1.233743983593305,-19.79149261883388,,-26.92239192549441
2007-02-15,1.3871873681560842,-19.79149261883388,,-26.91836409212425
2007-02-16,1.0481719289479718,-19.79149261883388,,-26.91433625875409
2007-02-20,1.610167607205426,-19.79149261883388,,-26.910308425383935
2007-02-21,1.7883499398912983,-19.79149261883388,,-26.906280592013776
2007-02-22,1.6660001627185173,-19.79149261883388,,-26.90225275864362
2007-02-23,1.4893741284729423,-19.79149261883388,,-26.902177671015963
2007-02-26,3.333508107043448,-19.79149261883388,,-26.902102583388302
2007-02-27,-1.2051837271456756,-19.79149261883388,,-26.902027495760645
2007-02-28,-1.559643297411395,-19.79149261883388,,-26.90195240813299
2007-03-01,-1.9472748459368194,-19.79149261883388,,-26.90187732050533
2007-03-02,-2.5844487638271962,-19.79149261883388,,-26.90180223287767
2007-03-05,-4.6515317958286895,-19.79149261883388,,-26.901727145250014
2007-03-06,-3.417199648159952,-19.79149261883388,,-26.901652057622357
2007-03-07,-3.4526096148885244,-19.79149261883388,,-26.9015769699947
2007-03-08,-1.550970265408269,-19.79149261883388,,-26.901501882367043
2007-03-09,-2.09071590271962,-19.79149261883388,,-26.901426794739383
2007-03-12,-1.809997837810784,-19.79149261883388,,-26.901351707111726
2007-03-13,-3.1472695080968616,-19.79149261883388,,-26.90127661948407
2007-03-14,-1.9091830819962352,-19.79149261883388,,-26.901201531856408
2007-03-15,-3.2181007122255023,-19.79149261883388,,-26.90112644422875
2007-03-16,-3.540397171543297,-19.79149261883388,,-26.901051356601094
2007-03-19,-1.5747302102254057,-19.79149261883388,,-26.900976268973437
2007-03-20,-0.5530760594897988,-19.79149261883388,,-26.900901181345777
2007-03-21,1.7349551350947179,-19.79149261883388,,-26.90082609371812
2007-03-22,2.0928969565330524,-19.79149261883388,,-26.900751006090463
2007-03-23,2.8367384841036625,-19.79149261883388,,-26.899799477291317
2007-03-26,2.825157259782851,-19.79149261883388,,-26.89884794849217
2007-03-27,1.587193818037269,-19.79149261883388,,-26.897896419693023
2007-03-28,0.9912720572053724,-19.79149261883388,,-26.896944890893874
2007-03-29,1.013592083037973,-19.79149261883388,,-26.89599336209473
2007-03-30,0.7341312813186951,-19.79149261883388,,-26.895041833295583
2007-04-02,-1.0043624706236098,-19.79149261883388,,-26.894090304496434
2007-04-03,0.7704442754093321,-19.79149261883388,,-26.893138775697288
2007-04-04,1.1120122478761374,-19.79149261883388,,-26.89218724689814
2007-04-05,1.106787996440728,-19.79149261883388,,-26.891235718098994
2007-04-09,-0.31819122875700323,-19.79149261883388,,-26.890284189299848
2007-04-10,-0.8248342350704707,-19.79149261883388,,-26.8893326605007
2007-04-11,-2.3662156414104407,-19.79149261883388,,-26.888381131701554
2007-04-12,-1.528062796569718,-19.79149261883388,,-26.887429602902404
2007-04-13,-0.5162569492812796,-19.79149261883388,,-26.88647807410326
2007-04-16,2.287670803840691,-19.79149261883388,,-26.885526545304113
2007-04-17,2.3057970333552946,-19.79149261883388,,-26.884575016504964
2007-04-18,3.08623027078776,-19.79149261883388,,-26.88362348770582
2007-04-19,3.6678801139857553,-19.79149261883388,,-26.88267195890667
2007-04-20,2.547680438089772,-19.79149261883388,,-26.881720430107524
2007-04-23,4.04451395049783,-19.79149261883388,,-26.8806403609831
2007-04-24,4.954809107966707,-19.79149261883388,,-26.879560291858677
2007-04-25,6.258185080853207,-19.79149261883388,,-26.878480222734257
2007-04-26,6.759897273039028,-19.79149261883388,,-26.877400153609834
2007-04-27,5.73940936980597,-19.79149261883388,,-26.87632008448541
2007-04-30,4.520391437087001,-19.79149261883388,,-26.875240015360987
2007-05-01,4.051055840158679,-19.79149261883388,,-26.874159946236563
2007-05-02,5.27937992829286,-19.79149261883388,,-26.873079877112144
2007-05-03,5.808826599083239,-19.79149261883388,,-26.87199980798772
2007-05-04,4.946913057828151,-19.79149261883388,,-26.870919738863297
2007-05-07,4.970519198720358,-19.79149261883388,,-26.869839669738873
2007-05-08,6.562117045506555,-19.79149261883388,,-26.86875960061445
2007-05-09,7.205500822360955,-19.55238143590185,,-26.86767953149003
2007-05-10,5.378741730294578,-19.55238143590185,,-26.866599462365606
2007-05-11,4.954014474857704,-19.55238143590185,,-26.865519393241183
2007-05-14,3.631936690619897,-19.43101283945686,,-26.86443932411676
2007-05-15,3.173922661729045,-19.43101283945686,,-26.863359254992336
2007-05-16,3.394772717836103,-19.43101283945686,,-26.862279185867916
2007-05-17,2.5873194006811095,-19.43101283945686,,-26.861199116743492
2007-05-18,2.904991008331992,-19.43101283945686,,-26.86011904761907
2007-05-21,3.9320263644490483,-19.43101283945686,,-26.858762285806133
2007-05-22,4.528549207751276,-19.43101283945686,,-26.857405523993197
2007-05-23,8.496237364962699,-19.43101283945686,,-26.85604876218026
2007-05-24,6.598424010404913,-19.43101283945686,,-26.854692000367322
2007-05-25,7.765549864140131,-19.43101283945686,,-26.853335238554386
2007-05-29,10.262502040167675,-19.43101283945686,,-26.85197847674145
2007-05-30,12.027865850306863,-19.43101283945686,,-26.850621714928515
2007-05-31,10.711525703477488,-19.43101283945686,,-26.84926495311558
2007-06-01,11.222831362922348,-19.43101283945686,,-26.847908191302643
2007-06-04,10.798219396929065,-19.369149433816183,,-26.846551429489708
2007-06-05,10.90145792903181,-19.269472254416424,,-26.84519466767677
2007-06-06,9.001790289600953,-18.737410836634776,,-26.843837905863833
2007-06-07,9.438786928829511,-18.665745442080755,,-26.842481144050897
2007-06-08,9.187183164300293,-18.278498934983084,,-26.84112438223796
2007-06-11,9.231792149887719,-17.996544815648672,,-26.839767620425025
2007-06-12,8.662150188802054,-17.945505679596895,,-26.83841085861209
2007-06-13,8.735841782545272,-17.894722239440114,,-26.83705409679915
2007-06-14,8.673700368234627,-17.82053268017022,,-26.835697334986214
2007-06-15,7.602431994129999,-17.680617589372346,,-26.83434057317328
2007-06-18,8.014030771502911,-17.65021182433155,,-26.832983811360343
2007-06-19,8.334087666967527,-17.22489412748912,,-26.82936256909225
2007-06-20,6.877321835128125,-16.735554607055477,,-26.825741326824158
2007-06-21,8.608739177012703,-16.623122123137094,,-26.82212008455606
2007-06-22,8.746866515378326,-15.979063167786073,,-26.81849884228797
2007-06-25,8.162684026791677,-15.912487476525559,,-26.814877600019877
2007-06-26,7.6413342186722355,-15.907680033854007,,-26.811256357751784
2007-06-27,9.14620398136301,-15.687166517149784,,-26.80763511548369
2007-06-28,7.6920622601650335,-15.524517717540322,,-26.8040138732156
2007-06-29,7.435440589090292,-15.253437711781865,,-26.800392630947506
2007-07-02,7.8707506039806585,-15.169719074180442,,-26.79677138867941
2007-07-03,8.768113913639052,-14.683291460491589,,-26.793150146411318
2007-07-05,8.992159248392873,-14.43780644549173,,-26.789528904143225
2007-07-06,10.60360507196414,-14.376275129528556,,-26.785907661875132
2007-07-09,9.80222913232267,-14.361915118222052,,-26.78228641960704
2007-07-10,8.661938799768688,-14.110781619689918,,-26.778665177338947
2007-07-11,8.406154747365457,-13.908922282128726,,-26.77504393507085
2007-07-12,9.828157696303164,-13.871638712111466,,-26.77142269280276
2007-07-13,10.950147219235262,-13.830168002942973,,-26.767801450534666
2007-07-16,10.495273367941449,-13.786628198346461,,-26.764180208266573
2007-07-17,10.724474404605711,-13.770792371896823,,-26.76055896599848
2007-07-18,10.421957036550488,-13.61452980194872,,-26.74413013603918
2007-07-19,10.194709200919316,-13.423435257817516,,-26.727701306079883
2007-07-20,8.159731874781318,-13.397245762506909,,-26.711272476120588
2007-07-23,7.645091493194811,-13.230487751950054,,-26.694843646161292
2007-07-24,6.008628832104734,-13.22110406301055,,-26.678414816201993
2007-07-25,7.568044021940379,-12.694915118785566,,-26.661985986242694
2007-07-26,6.746399477741116,-12.530838286080666,,-26.645557156283395
2007-07-27,3.4622614349500758,-12.459114043523607,,-26.6291283263241
2007-07-30,4.287639186706249,-12.438575167169123,,-26.612699496364804
2007-07-31,2.0090489116265653,-12.014235848452234,,-26.59627066640551
2007-08-01,2.8031500949399213,-11.66119525192148,,-26.579841836446207
2007-08-02,3.5254653496841426,-11.643292476162719,,-26.56341300648691
2007-08-03,1.3383149966321506,-11.612888671325786,,-26.546984176527612
2007-08-06,3.9341098478346437,-11.309580223823232,,-26.530555346568317
2007-08-07,3.3506385764255464,-11.268292475612215,,-26.51412651660902
2007-08-08,5.204127853261831,-11.248506370623016,,-26.49769768664972
2007-08-09,3.5725855316945276,-10.859135723034868,,-26.481268856690424
2007-08-10,1.6468908611088517,-10.65195987021651,,-26.464840026731128
2007-08-13,2.8207913628991443,-10.538639245576778,,-26.44841119677183
2007-08-14,0.24887683505616653,-10.497961751525356,,-26.431982366812534
2007-08-15,-2.2855515557511974,-10.436141534059729,,-26.431677027075626
2007-08-16,-3.3257982370473838,-10.16378538785389,,-26.431371687338718
2007-08-17,-1.0337897960021936,-10.143195651652631,,-26.43106634760181
2007-08-20,0.8796491423329389,-10.133199944346098,,-26.430761007864902
2007-08-21,1.3055466166122631,-10.034827554031864,,-26.430455668127994
2007-08-22,1.8947254402768454,-9.922688467843244,,-26.430150328391086
2007-08-23,0.7985208334873706,-9.874461135260088,,-26.429844988654178
2007-08-24,1.7450786566446386,-9.853456327987049,,-26.42953964891727
2007-08-27,1.0056817499417114,-9.831976441224018,,-26.429234309180362
2007-08-28,-1.6893449350299239,-9.813049242501508,,-26.428928969443454
2007-08-29,1.129146465426456,-9.793348149834342,,-26.428623629706546
2007-08-30,2.7564132787153195,-9.760669040703059,,-26.42831828996964
2007-08-31,5.541343754785544,-9.5443665130476,,-26.42801295023273
2007-09-04,5.9869705940609474,-9.459255434464534,,-26.427707610495823
2007-09-05,5.121957948120515,-9.435460048555868,,-26.427402270758915
2007-09-06,5.668387448577317,-9.28291099362841,,-26.427096931022007
2007-09-07,2.587384565573325,-9.257843978918707,,-26.4267915912851
2007-09-10,1.8524936955369276,-9.202022307616911,,-26.42648625154819
2007-09-11,2.4497529831676523,-9.19558939215175,,-26.426180911811283
2007-09-12,2.449232065592666,-9.170886168778601,,-26.425875572074375
2007-09-13,2.9732035878283325,-9.131763332642798,,-26.420449628009326
2007-09-14,4.037200997610624,-8.98479312783007,,-26.41502368394428
2007-09-17,2.241306361970352,-8.975272690504239,,-26.409597739879235
2007-09-18,5.815182801354246,-8.95151170360278,,-26.40417179581419
2007-09-19,6.540662574595824,-8.932530899600652,,-26.39874585174914
2007-09-20,6.856042514727978,-8.77903783591419,,-26.393319907684095
2007-09-21,5.986536895279437,-8.7374033718193,,-26.387893963619046
2007-09-24,6.51540069401737,-8.670749455622387,,-26.382468019554
2007-09-25,7.3453106997249495,-8.616211061118612,,-26.377042075488955
2007-09-26,6.905052323115557,-8.499091589614839,,-26.371616131423906
2007-09-27,6.823908568922299,-8.432043105207255,,-26.36619018735886
2007-09-28,5.706005148394011,-8.412100129341198,,-26.360764243293815
2007-10-01,6.481469614196578,-8.198199896505976,,-26.355338299228766
2007-10-02,6.436594061238288,-8.000779362634214,,-26.34991235516372
2007-10-03,6.593787168021548,-7.989019361098299,,-26.344486411098675
2007-10-04,6.119088217679924,-7.931532043721493,,-26.339060467033626
2007-10-05,6.632906145189144,-7.797628950865006,,-26.33363452296858
2007-10-08,6.568016691677547,-7.790178765403369,,-26.328208578903535
2007-10-09,7.136533354170593,-7.736880564417422,,-26.322782634838486
2007-10-10,6.584959384722255,-7.64410031210579,,-26.31735669077344
2007-10-11,5.0173195540877735,-7.637122560788434,,-26.31522533792103
2007-10-12,6.434093242259542,-7.555990905839631,,-26.313093985068626
2007-10-15,6.188660702467685,-7.505788496464613,,-26.310962632216217
2007-10-16,5.646684887454589,-7.505788496464613,,-26.30883127936381
2007-10-17,8.610671375690849,-7.505788496464613,,-26.306699926511403
2007-10-18,8.92259676792806,-7.505788496464613,,-26.304568573658994
2007-10-19,7.11938134784571,-7.505788496464613,,-26.30243722080659
2007-10-22,10.642627554752181,-7.505788496464613,,-26.30030586795418
2007-10-23,11.653910107116271,-7.505788496464613,,-26.298174515101774
2007-10-24,13.186960579772666,-7.505788496464613,,-26.296043162249365
2007-10-25,10.808739762344466,-7.505788496464613,,-26.293911809396956
2007-10-26,11.621521026360892,-7.505788496464613,,-26.29178045654455
2007-10-29,14.251287072980578,-7.505788496464613,,-26.289649103692142
2007-10-30,13.170753474313578,-7.505788496464613,,-26.287517750839736
2007-10-31,13.968967612720151,-7.505788496464613,,-26.285386397987327
2007-11-01,10.622193079703912,-7.505788496464613,,-26.28325504513492
2007-11-02,14.123025194947036,-7.505788496464613,,-26.281123692282513
2007-11-05,14.420297166064522,-7.505788496464613,,-26.278992339430104
2007-11-06,14.933261345114545,-7.505788496464613,,-26.2768609865777
2007-11-07,14.078950874204278,-7.505788496464613,,-26.27472963372529
2007-11-08,12.75970616228015,-7.505788496464613,,-26.273107116300547
2007-11-09,10.067796035514753,-7.505788496464613,,-26.27148459887581
2007-11-12,5.279975286091965,-7.505788496464613,,-26.269862081451066
2007-11-13,9.104232104674459,-7.505788496464613,,-26.268239564026324
2007-11-14,6.58413498107937,-7.505788496464613,,-26.26661704660158
2007-11-15,4.586070208241755,-7.505788496464613,,-26.264994529176843
2007-11-16,5.840435025727819,-7.505788496464613,,-26.2633720117521
2007-11-19,3.1652681106007385,-7.505788496464613,,-26.261749494327358
2007-11-20,4.272687808125597,-7.505788496464613,,-26.26012697690262
2007-11-21,5.552968560371574,-7.505788496464613,,-26.258504459477876
2007-11-23,3.714080254276153,-7.505788496464613,,-26.256881942053134
2007-11-26,1.3972381850614557,-7.505788496464613,,-26.255259424628395
2007-11-27,2.2831873605158037,-7.505788496464613,,-26.253636907203653
2007-11-28,3.6766857125152264,-7.505788496464613,,-26.25201438977891
2007-11-29,5.178308785959862,-7.505788496464613,,-26.25039187235417
2007-11-30,4.469866666541233,-7.505788496464613,,-26.24876935492943
2007-12-03,5.54897370630425,-7.505788496464613,,-26.247146837504687
2007-12-04,5.178749819273132,-7.505788496464613,,-26.245524320079944
2007-12-05,5.470327763702509,-7.505788496464613,,-26.243901802655206
2007-12-06,6.961612336434753,-7.505788496464613,,-26.242279285230463
2007-12-07,6.4599808536556,-7.505788496464613,,-26.24220422103601
2007-12-10,6.800335449780581,-7.505788496464613,,-26.242129156841557
2007-12-11,5.196668471917043,-7.505788496464613,,-26.242054092647102
2007-12-12,3.5306373941174973,-7.505788496464613,,-26.241979028452647
2007-12-13,2.7039873282739046,-7.505788496464613,,-26.241903964258196
2007-12-14,1.9314759100165002,-7.505788496464613,,-26.24182890006374
2007-12-17,-1.250994957267182,-7.505788496464613,,-26.241753835869286
2007-12-18,-1.383674166491622,-7.505788496464613,,-26.241678771674835
2007-12-19,-2.3301324335617157,-7.505788496464613,,-26.24160370748038
2007-12-20,-0.8183908251029437,-7.505788496464613,,-26.241528643285925
2007-12-21,0.6262051795274504,-7.505788496464613,,-26.241453579091473
2007-12-24,1.7183436819988795,-7.505788496464613,,-26.24137851489702
2007-12-26,1.064739265703074,-7.505788496464613,,-26.241303450702567
2007-12-27,-0.1672350478746809,-7.505788496464613,,-26.241228386508112
2007-12-28,0.4316892511601944,-7.505788496464613,,-26.241153322313657
2007-12-31,-0.9612578768992464,-7.505788496464613,,-26.241078258119206
2008-01-02,-4.4651113176100266,-7.505788496464613,,-26.24100319392475
2008-01-03,-4.662765386702194,-7.505788496464613,,-26.240928129730296
2008-01-04,-9.236654101473917,-7.555990905839631,,-26.240853065535845
2008-01-07,-9.887426535274813,-7.637122560788434,,-26.24077800134139
2008-01-08,-10.80904109320664,-7.64410031210579,,-26.23796990571768
2008-01-09,-10.388600602455512,-7.736880564417422,,-26.23516181009397
2008-01-10,-9.565028171625533,-7.790178765403369,,-26.23235371447026
2008-01-11,-10.917167149123696,-7.797628950865006,,-26.22954561884655
2008-01-14,-10.515534377071278,-7.931532043721493,,-26.22673752322284
2008-01-15,-13.355182698530733,-7.989019361098299,,-26.22392942759913
2008-01-16,-12.09559152452192,-8.000779362634214,,-26.22112133197542
2008-01-17,-14.346302478019169,-8.198199896505976,,-26.21831323635171
2008-01-18,-16.211971110443468,-8.412100129341198,,-26.215505140728002
2008-01-22,-17.751237093930918,-8.432043105207255,,-26.212697045104292
2008-01-23,-16.95573031383851,-8.499091589614839,,-26.209888949480582
2008-01-24,-16.640263917243956,-8.616211061118612,,-26.207080853856873
2008-01-25,-18.679656304970806,-8.670749455622387,,-26.204272758233163
2008-01-28,-18.217256877732822,-8.7374033718193,,-26.201464662609453
2008-01-29,-19.21607156049574,-8.77903783591419,,-26.198656566985743
2008-01-30,-17.749346239836417,-8.932530899600652,,-26.195848471362034
2008-01-31,-16.986156660657027,-8.95151170360278,,-26.193040375738324
2008-02-01,-15.597185927729951,-8.975272690504239,,-26.190232280114614
2008-02-04,-17.71041061387143,-8.98479312783007,,-26.187424184490904
2008-02-05,-18.060659809768342,-9.131763332642798,,-26.184616088867195
2008-02-06,-17.15878358060493,-9.170886168778601,,-26.18087038271172
2008-02-07,-13.691866470730297,-9.19558939215175,,-26.17712467655625
2008-02-08,-10.435941095597423,-9.201007796035658,,-26.173378970400776
2008-02-11,-13.056669922990483,-9.23766861305517,,-26.169633264245306
2008-02-12,-12.428046592299946,-9.257843978918707,,-26.165887558089832
2008-02-13,-10.024543866159853,-9.28291099362841,,-26.162141851934358
2008-02-14,-12.460327131089223,-9.435460048555868,,-26.158396145778887
2008-02-15,-11.740863335659213,-9.439345023478568,,-26.154650439623413
2008-02-19,-12.255089242527472,-9.534667868677328,,-26.150904733467943
2008-02-20,-10.799205104695108,-9.574726815995804,,-26.14715902731247
2008-02-21,-12.59132108333204,-9.760669040703059,,-26.143413321157
2008-02-22,-10.729584503779055,-9.760669040703059,,-26.139667615001525
2008-02-25,-12.039879887674276,-9.794287552631184,,-26.135921908846054
2008-02-26,-14.306434474235541,-9.794287552631184,,-26.13217620269058
2008-02-27,-14.245120720407689,-9.831976441224018,,-26.12843049653511
2008-02-28,-13.924973097682148,-9.831976441224018,,-26.124684790379636
2008-02-29,-15.49940553044028,-9.831976441224018,,-26.12093908422416
2008-03-03,-15.702356216033575,-9.831976441224018,,-26.11719337806869
2008-03-04,-16.723807599449092,-9.853456327987049,,-26.113447671913217
2008-03-05,-17.499855584830392,-9.87297958690723,,-26.109701965757747
2008-03-06,-19.332883632631383,-9.894282401819064,,-26.10651307018963
2008-03-07,-19.845827849697528,-10.024800513479699,,-26.10332417462152
2008-03-10,-19.52031627590962,-10.034827554031864,,-26.100135279053404
2008-03-11,-17.20011049228202,-10.14548709007818,,-26.09694638348529
2008-03-12,-16.983191523419872,-10.390819843826145,,-26.093757487917177
2008-03-13,-15.47185700269308,-10.433133213154642,,-26.09056859234906
2008-03-14,-14.9543787076436,-10.438949416502508,,-26.087379696780946
2008-03-17,-16.772098514734445,-10.497078856867743,,-26.084190801212834
2008-03-18,-13.042718650263863,-10.516417271728889,,-26.08100190564472
2008-03-19,-16.889598520966132,-10.543011881901279,,-26.077813010076603
2008-03-20,-16.83124123116211,-10.733065533824858,,-26.07462411450849
2008-03-24,-14.597738325209253,-10.799696904120685,,-26.071435218940376
2008-03-25,-14.544124967439886,-10.810523720338237,,-26.06824632337226
2008-03-26,-13.757018150620459,-10.842617311502856,,-26.06505742780415
2008-03-27,-15.585731066366703,-10.933685560655706,,-26.061868532236034
2008-03-28,-15.026733740844033,-11.248506370623016,,-26.058679636667918
2008-03-31,-13.204753357485089,-11.268292475612215,,-26.055490741099806
2008-04-01,-9.867807758492365,-11.268292475612215,,-26.05230184553169
2008-04-02,-5.9404168226162675,-11.268292475612215,,-26.04911294996358
2008-04-03,-5.283544770094295,-11.268292475612215,,-26.045924054395464
2008-04-04,-2.184305678554732,-11.268292475612215,,-26.04275426100021
2008-04-07,-4.434380509271929,-11.268292475612215,,-26.039584467604953
2008-04-08,-5.303657003395957,-11.268292475612215,,-26.0364146742097
2008-04-09,-4.496517695974445,-11.268292475612215,,-26.033244880814443
2008-04-10,-4.794488743645619,-11.268292475612215,,-26.03007508741919
2008-04-11,-4.803628672667493,-11.268292475612215,,-26.026905294023933
2008-04-14,-4.204645507599746,-11.268292475612215,,-26.02373550062868
2008-04-15,-2.7222997833426077,-11.268292475612215,,-26.020565707233423
2008-04-16,0.12072011345500844,-11.268292475612215,,-26.01739591383817
2008-04-17,2.5456534041194745,-11.268292475612215,,-26.014226120442913
2008-04-18,6.216253586499687,-11.268292475612215,,-26.01105632704766
2008-04-21,4.823037496922922,-11.268292475612215,,-26.007886533652403
2008-04-22,5.422794634355865,-11.268292475612215,,-26.004716740257148
2008-04-23,5.765567540313699,-11.268292475612215,,-26.001546946861893
2008-04-24,6.521508280345634,-11.268292475612215,,-25.998377153466638
2008-04-25,6.346882959049771,-11.268292475612215,,-25.995207360071383
2008-04-28,4.755547955511674,-11.268292475612215,,-25.992037566676128
2008-04-29,4.488818264999872,-11.268292475612215,,-25.988867773280873
2008-04-30,5.10823923953565,-11.268292475612215,,-25.985697979885618
2008-05-01,11.603616128642425,-11.268292475612215,,-25.982528186490363
2008-05-02,14.009224147378418,-11.268292475612215,,-25.98088712839199
2008-05-05,12.890844647431287,-11.268292475612215,,-25.979246070293623
2008-05-06,12.310721372528066,-11.268292475612215,,-25.97760501219525
2008-05-07,9.091881442663663,-11.268292475612215,,-25.975963954096883
2008-05-08,10.536441052093505,-11.268292475612215,,-25.97432289599851
2008-05-09,7.7421203533585725,-11.268292475612215,,-25.972681837900144
2008-05-12,11.729801733756995,-11.268292475612215,,-25.971040779801772
2008-05-13,12.409165123831567,-11.268292475612215,,-25.969399721703404
2008-05-14,12.363075160352622,-11.268292475612215,,-25.967758663605032
2008-05-15,13.810359026784603,-11.268292475612215,,-25.96611760550666
2008-05-16,15.000683362035193,-11.268292475612215,,-25.964476547408292
2008-05-19,13.754636179530966,-11.268292475612215,,-25.96283548930992
2008-05-20,12.318295282003389,-11.268292475612215,,-25.961194431211553
2008-05-21,9.409799771691807,-11.268292475612215,,-25.95955337311318
2008-05-22,9.250453342599307,-11.268292475612215,,-25.957912315014813
2008-05-23,9.331177171732396,-11.268292475612215,,-25.95627125691644
2008-05-27,14.290018077933508,-11.268292475612215,,-25.954630198818073
2008-05-28,15.509068860515217,-11.268292475612215,,-25.9529891407197
2008-05-29,15.889194452041355,-11.268292475612215,,-25.951348082621333
2008-05-30,16.067484149637167,-11.268292475612215,,-25.94970702452296
2008-06-02,17.234612561692764,-11.268292475612215,,-25.94837551945066
2008-06-03,16.870993802401113,-11.268292475612215,,-25.94704401437836
2008-06-04,20.693428239586574,-11.268292475612215,,-25.94571250930606
2008-06-05,18.115130123959844,-11.268292475612215,,-25.944381004233758
2008-06-06,14.885387294193798,-11.268292475612215,,-25.943049499161454
2008-06-09,13.399975336810744,-11.268292475612215,,-25.941717994089153
2008-06-10,14.975561510838787,-11.268292475612215,,-25.940386489016852
2008-06-11,14.28707146763184,-11.268292475612215,,-25.93905498394455
2008-06-12,9.522991563827187,-11.268292475612215,,-25.93772347887225
2008-06-13,14.545774924658827,-11.268292475612215,,-25.93639197379995
2008-06-16,13.251332244726676,-11.268292475612215,,-25.93506046872765
2008-06-17,8.882904714719174,-11.268292475612215,,-25.933728963655348
2008-06-18,7.115767335300882,-11.268292475612215,,-25.932397458583047
2008-06-19,9.105144575743807,-11.268292475612215,,-25.931065953510746
2008-06-20,8.56554372659013,-11.268292475612215,,-25.929734448438445
2008-06-23,8.26335279775594,-11.268292475612215,,-25.92840294336614
2008-06-24,7.144470950266801,-11.268292475612215,,-25.92707143829384
2008-06-25,4.41787033593013,-11.268292475612215,,-25.92573993322154
2008-06-26,0.4236771991303012,-11.268292475612215,,-25.92440842814924
2008-06-27,0.20340489266110762,-11.268292475612215,,-25.923076923076938
2008-06-30,-1.4339635326505729,-11.268292475612215,,-25.92081139496467
2008-07-01,0.18105046285596949,-11.268292475612215,,-25.918545866852398
2008-07-02,-1.4709179180833476,-11.268292475612215,,-25.91628033874013
2008-07-03,-0.5300687515300218,-11.268292475612215,,-25.91401481062786
2008-07-07,-1.3346644875980918,-11.268292475612215,,-25.911749282515594
2008-07-08,3.8910633363447245,-11.268292475612215,,-25.909483754403322
2008-07-09,1.5927489993259991,-11.268292475612215,,-25.907218226291054
2008-07-10,2.656241578063523,-11.268292475612215,,-25.904952698178786
2008-07-11,-1.7148957157786637,-11.268292475612215,,-25.902687170066514
2008-07-14,-2.227276618107732,-11.268292475612215,,-25.900421641954246
2008-07-15,-5.220033187711326,-11.268292475612215,,-25.898156113841978
2008-07-16,-3.544838611777046,-11.268292475612215,,-25.895890585729706
2008-07-17,-1.4399590303433407,-11.268292475612215,,-25.893625057617438
2008-07-18,-4.755661674279166,-11.268292475612215,,-25.89135952950517
2008-07-21,-5.199692249853571,-11.268292475612215,,-25.8890940013929
2008-07-22,-4.958421087516052,-11.268292475612215,,-25.88682847328063
2008-07-23,-3.8896539474024383,-11.268292475612215,,-25.884562945168362
2008-07-24,-6.046128868395362,-11.268292475612215,,-25.882297417056094
2008-07-25,-4.040542693861848,-11.268292475612215,,-25.880031888943822
2008-07-28,-8.72310784120771,-11.268292475612215,,-25.877766360831554
2008-07-29,-6.966355599304475,-11.268292475612215,,-25.873590599522203
2008-07-30,-6.225226712510312,-11.268292475612215,,-25.869414838212847
2008-07-31,-7.025151262773988,-11.268292475612215,,-25.865239076903496
2008-08-01,-6.510867939833509,-11.268292475612215,,-25.861063315594144
2008-08-04,-8.136663050146941,-11.268292475612215,,-25.856887554284793
2008-08-05,-4.660998021323759,-11.268292475612215,,-25.85271179297544
2008-08-06,-4.943095340274839,-11.268292475612215,,-25.848536031666086
2008-08-07,-5.926097593650892,-11.268292475612215,,-25.844360270356734
2008-08-08,-3.5757943235917633,-11.268292475612215,,-25.840184509047383
2008-08-11,-4.374153606083597,-11.268292475612215,,-25.83600874773803
2008-08-12,-4.350583279026776,-11.268292475612215,,-25.83183298642868
2008-08-13,-3.8586101571415066,-11.268292475612215,,-25.827657225119324
2008-08-14,-2.0000108376759917,-11.268292475612215,,-25.823481463809973
2008-08-15,0.03015799332397595,-11.268292475612215,,-25.81930570250062
2008-08-18,-1.4806017846945685,-11.268292475612215,,-25.81512994119127
2008-08-19,-2.3989551696995126,-11.268292475612215,,-25.810954179881918
2008-08-20,-3.9270860796056017,-11.268292475612215,,-25.806778418572563
2008-08-21,-4.7642546516947215,-11.268292475612215,,-25.80260265726321
2008-08-22,-4.3589189289419235,-11.268292475612215,,-25.79842689595386
2008-08-25,-6.971932743154873,-11.268292475612215,,-25.794251134644508
2008-08-26,-5.9447590193648425,-11.268292475612215,,-25.791529086008318
2008-08-27,-4.81680480648734,-11.268292475612215,,-25.788807037372127
2008-08-28,-5.257676983064474,-11.268292475612215,,-25.786084988735936
2008-08-29,-8.698184900471983,-11.268292475612215,,-25.783362940099746
2008-09-02,-7.031083850357012,-11.268292475612215,,-25.780640891463555
2008-09-03,-7.41777852091301,-11.268292475612215,,-25.777918842827365
2008-09-04,-9.989074751673598,-11.268292475612215,,-25.775196794191174
2008-09-05,-8.2095096752408,-11.268292475612215,,-25.772474745554984
2008-09-08,-8.475122795978063,-11.268292475612215,,-25.769752696918793
2008-09-09,-12.17606320571486,-11.31117905386243,,-25.7670306482826
2008-09-10,-12.232197989849425,-11.643292476162719,,-25.76430859964641
2008-09-11,-10.112775602451652,-11.643292476162719,,-25.761586551010218
2008-09-12,-9.493671232670287,-11.643292476162719,,-25.758864502374028
2008-09-15,-13.655581968331587,-11.648640934501087,,-25.756142453737837
2008-09-16,-10.565159247125777,-11.648640934501087,,-25.753420405101647
2008-09-17,-14.537726383638539,-11.755814163259966,,-25.750698356465456
2008-09-18,-11.194192533086845,-11.755814163259966,,-25.747976307829266
2008-09-19,-9.758247211951055,-11.755814163259966,,-25.745254259193075
2008-09-22,-10.390621499201892,-11.755814163259966,,-25.742532210556885
2008-09-23,-11.070147665277952,-11.755814163259966,,-25.739810161920694
2008-09-24,-9.504843626622394,-11.755814163259966,,-25.738302216679486
2008-09-25,-9.349301459888814,-11.755814163259966,,-25.736794271438278
2008-09-26,-8.059014103661132,-11.755814163259966,,-25.73528632619707
2008-09-29,-15.203488303143676,-12.042665469516658,,-25.73377838095586
2008-09-30,-13.284199716198364,-12.099615108581567,,-25.732270435714653
2008-10-01,-16.19506812872522,-12.178869944921587,,-25.730762490473445
2008-10-02,-17.82349494271983,-12.233342552483327,,-25.729254545232237
2008-10-03,-20.045019287628108,-12.263737110016095,,-25.72774659999103
2008-10-06,-21.717342947835682,-12.428527911273456,,-25.72623865474982
2008-10-07,-26.133140656652643,-12.438575167169123,,-25.7670306482826
2008-10-08,-26.737932899730975,-12.455947392316519,,-25.83183298642868
2008-10-09,-30.435437041561265,-12.463493782296311,,-25.895890585729706
2008-10-10,-31.331196163319387,-12.527043201636038,,-25.932397458583047
2008-10-13,-21.16409594296598,-12.595116167776666,,-25.931065953510746
2008-10-14,-24.8951806085012,-12.685997566126536,,-25.929734448438445
2008-10-15,-31.621319241444702,-13.043416213900194,,-25.95627125691644
2008-10-16,-28.849339745392722,-13.064074094715213,,-25.992037566676128
2008-10-17,-27.67714966637379,-13.208725675420752,,-26.05230184553169
2008-10-20,-26.614381655836116,-13.287748865314983,,-26.11087390030249
2008-10-21,-29.08476536098632,-13.358113989589185,,-26.133140656652643
2008-10-22,-32.44380445139985,-13.425897192131378,,-26.182042317256467
2008-10-23,-33.04827691972427,-13.657396193451522,,-26.23516181009397
2008-10-24,-35.043419645618066,-13.695124054724804,,-26.242054092647102
2008-10-27,-36.03225209800287,-13.757670927086519,,-26.268239564026324
2008-10-28,-28.244891297264207,-13.770792371896823,,-26.306699926511403
2008-10-29,-30.76258944872131,-13.788735096212152,,-26.393319907684095
2008-10-30,-29.527271216321683,-13.872937764155651,,-26.429844988654178
2008-10-31,-28.870832657121838,-13.940980478818425,,-26.541421940226684
2008-11-03,-30.59716634682005,-14.248186408099082,,-26.68233483997829
2008-11-04,-29.273239850796895,-14.308427874424723,,-26.749245932864728
2008-11-05,-33.03163277147804,-14.35029852611252,,-26.793150146411318
2008-11-06,-35.89110084587376,-14.431798587073793,,-26.843837905863833
2008-11-07,-35.315320946654424,-14.538046312828607,,-26.86767953149003
2008-11-10,-36.067102286991314,-14.546805635328354,,-26.887429602902404
2008-11-11,-36.7234306004423,-14.600745586548655,,-26.90112644422875
2008-11-12,-38.88802686557909,-14.672708309779612,,-26.91836409212425
2008-11-13,-35.27313731772499,-14.957996459303622,,-27.002054464647983
2008-11-14,-38.12904867200224,-15.033699139895988,,-27.12079643584709
2008-11-17,-40.222117528138135,-15.167914050946187,,-27.21522529420491
2008-11-18,-39.000868793554744,-15.216906738121144,,-27.352938932531057
2008-11-19,-42.11171347017798,-15.47323442908044,,-27.428791744297822
2008-11-20,-45.26710414502401,-15.5037218072366,,-27.48632999468609
2008-11-21,-43.3508666462052,-15.586303809434865,,-27.57992001589584
2008-11-24,-38.598285441852674,-15.601105084338062,,-27.6015015898441
2008-11-25,-38.11550699930405,-15.676908417699261,,-27.62535100114411
2008-11-26,-34.90878268297265,-15.726991811668157,,-27.663842117700764
2008-11-28,-33.259260188846795,-16.195913277811133,,-27.68780046782781
2008-12-01,-37.980261170187745,-16.23338575078349,,-27.69655679467693
2008-12-02,-35.78933661190183,-16.644441101354214,,-27.73148818431931
2008-12-03,-32.53550048366741,-16.72622214521336,,-27.79037471767718
2008-12-04,-34.98095558421681,-16.775055650555828,,-27.82805565344293
2008-12-05,-33.58052723554207,-16.83415909565231,,-27.859318811441135
2008-12-08,-30.693915851979714,-16.89290511060975,,-27.919327217157978
2008-12-09,-28.636915712869783,-16.95710337431758,,-27.982252932044716
2008-12-10,-29.428149887705878,-16.98333978028173,,-28.036294892480154
2008-12-11,-27.60759190507105,-16.99478800665442,,-28.034387628901907
2008-12-12,-28.555756351965268,-17.160849926188785,,-28.078245016244736
2008-12-15,-32.02797480130231,-17.215097746909436,,-28.155317117091734
2008-12-16,-25.24462165491976,-17.510383336282445,,-28.154581048592462
2008-12-17,-25.585406060751946,-17.71235739516968,,-28.15384498009319
2008-12-18,-27.3928985182165,-17.749440782541143,,-28.149397923396222
2008-12-19,-27.94457684252635,-17.754849986370363,,-28.144950866699254
2008-12-22,-28.79244950434262,-17.835353186072254,,-28.166358144580823
2008-12-23,-23.051698423377065,-18.068489663166567,,-28.165622076081547
2008-12-24,-25.001380972062382,-18.24037684909472,,-28.164886007582275
2008-12-26,-24.228706702377302,-18.706477067747052,,-28.164149939083003
2008-12-29,-21.274550922603474,-19.221912164102523,,-28.16341387058373
2008-12-30,-18.37350276122066,-19.221912164102523,,-28.16267780208446
2008-12-31,-14.564468037791034,-19.221912164102523,,-28.161941733585188
2009-01-02,-4.8248572828297975,-19.221912164102523,,-28.161205665085916
2009-01-05,-4.09178294213085,-19.221912164102523,,-28.16046959658664
2009-01-06,-0.45965626338190235,-19.221912164102523,,-28.15973352808737
2009-01-07,-2.669744374082361,-19.221912164102523,,-28.158997459588097
2009-01-08,-12.313420609344327,-19.221912164102523,,-28.158261391088825
2009-01-09,-10.403744249033064,-19.221912164102523,,-28.157525322589553
2009-01-12,-3.3904886575178206,-19.221912164102523,,-28.15678925409028
2009-01-13,-8.330666436075973,-19.221912164102523,,-28.156053185591006
2009-01-14,-11.234586470482622,-19.221912164102523,,-28.155317117091734
2009-01-15,-12.223176895315946,-19.221912164102523,,-28.154581048592462
2009-01-16,-6.409253874251664,-19.221912164102523,,-28.15384498009319
2009-01-20,-8.525767977104215,-19.221912164102523,,-28.149397923396222
2009-01-21,-4.257207614901426,-19.221912164102523,,-28.144950866699254
2009-01-22,-2.4011658894030785,-19.221912164102523,,-28.140503810002286
2009-01-23,0.8770185672666297,-19.221912164102523,,-28.13605675330532
2009-01-26,-8.499937188593753,-19.221912164102523,,-28.13160969660835
2009-01-27,-7.607862082504068,-19.221912164102523,,-28.127162639911383
2009-01-28,-7.449129518391773,-19.221912164102523,,-28.122715583214415
2009-01-29,-9.934334881607354,-19.221912164102523,,-28.118268526517447
2009-01-30,-11.328922327684731,-19.221912164102523,,-28.11382146982048
2009-02-02,-12.73377237862472,-19.221912164102523,,-28.10937441312351
2009-02-03,-6.492605645139182,-19.221912164102523,,-28.104927356426543
2009-02-04,-1.9860197236837074,-19.221912164102523,,-28.100480299729576
2009-02-05,-1.8466764753644949,-19.221912164102523,,-28.096033243032608
2009-02-06,2.096765853323257,-19.221912164102523,,-28.09158618633564
2009-02-09,4.801864741402495,-19.221912164102523,,-28.087139129638672
2009-02-10,5.829649413214755,-19.221912164102523,,-28.082692072941704
2009-02-11,-0.7107968142241461,-19.221912164102523,,-28.078245016244736
2009-02-12,5.638449327479478,-19.221912164102523,,-28.07379795954777
2009-02-13,7.415651158949732,-19.221912164102523,,-28.0693509028508
2009-02-17,3.2536256868725744,-19.221912164102523,,-28.064903846153832
2009-02-18,9.017521486656822,-19.221912164102523,,-28.062996582575586
2009-02-19,12.799141866496445,-19.221912164102523,,-28.061089318997343
2009-02-20,8.404856032389363,-19.221912164102523,,-28.059182055419097
2009-02-23,-1.4129990975166762,-19.221912164102523,,-28.05727479184085
2009-02-24,2.312550056296847,-19.221912164102523,,-28.055367528262607
2009-02-25,-2.449162140414818,-19.221912164102523,,-28.05346026468436
2009-02-26,-4.429879110392331,-19.221912164102523,,-28.051553001106114
2009-02-27,2.375213700521006,-19.221912164102523,,-28.04964573752787
2009-03-02,-4.138115384176643,-19.221912164102523,,-28.047738473949625
2009-03-03,-6.854177902385272,-19.221912164102523,,-28.045831210371382
2009-03-04,-1.5844764012177603,-19.221912164102523,,-28.043923946793136
2009-03-05,-8.26477001033944,-19.221912164102523,,-28.04201668321489
2009-03-06,-12.440582741910266,-19.221912164102523,,-28.040109419636643
2009-03-09,-14.105076465613287,-19.221912164102523,,-28.0382021560584
2009-03-10,-8.494293791867701,-19.221912164102523,,-28.036294892480154
2009-03-11,-4.469022549489465,-19.221912164102523,,-28.034387628901907
2009-03-12,-3.26386079319273,-19.221912164102523,,-28.032480365323664
2009-03-13,-1.2983982834846475,-19.221912164102523,,-28.030573101745418
2009-03-16,-7.393008386057409,-19.221912164102523,,-28.028665838167175
2009-03-17,-2.708724164484355,-19.221912164102523,,-28.02675857458893
2009-03-18,0.2790644221316585,-19.221912164102523,,-28.023579600121483
2009-03-19,-0.6028141376306362,-19.221912164102523,,-28.02040062565404
2009-03-20,0.06505039814674873,-19.221912164102523,,-28.017221651186595
2009-03-23,6.51028377775944,-19.221912164102523,,-28.014042676719153
2009-03-24,4.258516391874778,-19.221912164102523,,-28.01086370225171
2009-03-25,4.77571713255005,-19.221912164102523,,-28.007684727784266
2009-03-26,8.905313947566928,-19.221912164102523,,-28.00450575331682
2009-03-27,4.685499743750721,-19.221912164102523,,-28.00132677884938
2009-03-30,1.2457209842619887,-19.221912164102523,,-27.998147804381933
2009-03-31,-2.1240304653613706,-19.221912164102523,,-27.99496882991449
2009-04-01,-0.6393617582429845,-19.221912164102523,,-27.991789855447045
2009-04-02,1.5427153707140873,-19.221912164102523,,-27.988610880979603
2009-04-03,6.453091553949486,-19.221912164102523,,-27.985431906512158
2009-04-06,5.0851399395617225,-19.221912164102523,,-27.982252932044716
2009-04-07,4.6649879472847156,-19.221912164102523,,-27.97907395757727
2009-04-08,8.413454407161725,-19.221912164102523,,-27.97589498310983
2009-04-09,11.73488577799291,-19.221912164102523,,-27.972716008642383
2009-04-13,15.072407634627648,-19.221912164102523,,-27.96953703417494
2009-04-14,11.836974272069023,-19.221912164102523,,-27.966358059707495
2009-04-15,10.314101196054315,-19.221912164102523,,-27.963179085240053
2009-04-16,19.083764142670677,-19.221912164102523,,-27.96224897310437
2009-04-17,14.462905801930459,-19.221912164102523,,-27.96131886096868
2009-04-20,12.288386212465996,-19.221912164102523,,-27.960388748832997
2009-04-21,13.304128586856368,-19.221912164102523,,-27.959458636697313
2009-04-22,12.830856257680523,-19.221912164102523,,-27.95852852456163
2009-04-23,13.115962957492,-19.221912164102523,,-27.95759841242594
2009-04-24,11.191339497702145,-19.221912164102523,,-27.956668300290257
2009-04-27,14.221231018309144,-19.221912164102523,,-27.955738188154573
2009-04-28,15.403375279797427,-19.221912164102523,,-27.954808076018885
2009-04-29,15.59670841953016,-19.221912164102523,,-27.9538779638832
2009-04-30,14.956685292533667,-19.221912164102523,,-27.952947851747517
2009-05-01,15.104360819204743,-19.221912164102523,,-27.95201773961183
2009-05-04,14.847421261204685,-19.221912164102523,,-27.951087627476145
2009-05-05,11.822780479415385,-19.221912164102523,,-27.95015751534046
2009-05-06,11.393086621856297,-19.221912164102523,,-27.949227403204773
2009-05-07,12.944777352404625,-19.221912164102523,,-27.94829729106909
2009-05-08,13.534698006747181,-19.221912164102523,,-27.947367178933405
2009-05-11,12.553746960080403,-19.221912164102523,,-27.94643706679772
2009-05-12,11.6890447515982,-19.221912164102523,,-27.945506954662033
2009-05-13,13.194556767369425,-19.221912164102523,,-27.94457684252635
2009-05-14,14.384641648564212,-19.221912164102523,,-27.942133734040336
2009-05-15,16.10293105280094,-19.221912164102523,,-27.939690625554324
2009-05-18,18.799783856502295,-19.221912164102523,,-27.93724751706831
2009-05-19,23.681860609528815,-19.221912164102523,,-27.9348044085823
2009-05-20,19.310500494769034,-19.221912164102523,,-27.932361300096286
2009-05-21,17.896143814493335,-19.221912164102523,,-27.929918191610273
2009-05-22,20.89356337787729,-19.221912164102523,,-27.92747508312426
2009-05-26,26.583438215629982,-19.221912164102523,,-27.925031974638248
2009-05-27,29.90997562238984,-19.221912164102523,,-27.922588866152235
2009-05-28,31.51273039283582,-19.221912164102523,,-27.92014575766622
2009-05-29,29.67220054443931,-19.221912164102523,,-27.917702649180207
2009-06-01,37.49945808571597,-19.221912164102523,,-27.915259540694194
2009-06-02,38.78779813497155,-19.221912164102523,,-27.91281643220818
2009-06-03,41.37921005591243,-19.221912164102523,,-27.91037332372217
2009-06-04,34.65677563098446,-19.221912164102523,,-27.907930215236156
2009-06-05,32.76310249538057,-19.221912164102523,,-27.905487106750144
2009-06-08,28.118505468393074,-19.221912164102523,,-27.90304399826413
2009-06-09,28.78235453617879,-19.221912164102523,,-27.90060088977812
2009-06-10,30.50894808957858,-19.221912164102523,-27.898157781292106,-27.898157781292106
2009-06-11,25.747797902366653,-19.221912164102523,-27.898157781292106,-27.895714672806093
2009-06-12,23.607893772409348,-19.221912164102523,-27.898157781292106,-27.89268168435901
2009-06-15,21.15999191192044,-19.221912164102523,-27.898157781292106,-27.889648695911934
2009-06-16,21.8300166732859,-19.221912164102523,-27.898157781292106,-27.886615707464856
2009-06-17,16.148866772560467,-19.221912164102523,-27.898157781292106,-27.883582719017774
2009-06-18,18.10088949860873,-19.221912164102523,-27.898157781292106,-27.880549730570696
2009-06-19,18.818512186655934,-19.221912164102523,-27.898157781292106,-27.877516742123614
2009-06-22,11.820082282058952,-19.221912164102523,-27.898157781292106,-27.874483753676536
2009-06-23,13.70080740669124,-19.221912164102523,-27.898157781292106,-27.871450765229454
2009-06-24,18.540609454293566,-19.221912164102523,-27.898157781292106,-27.868417776782376
2009-06-25,19.835618299398682,-19.221912164102523,-27.898157781292106,-27.865384788335298
2009-06-26,18.343366655873595,-19.221912164102523,-27.898157781292106,-27.862351799888216
2009-06-29,14.906654210203651,-19.221912164102523,-27.898157781292106,-27.859318811441135
2009-06-30,12.594344626800957,-19.221912164102523,-27.898157781292106,-27.856285822994057
2009-07-01,12.935522300411929,-19.221912164102523,-27.898157781292106,-27.85325283454698
2009-07-02,13.441492584242386,-19.221912164102523,-27.898157781292106,-27.850219846099897
2009-07-06,10.964276651638528,-19.221912164102523,-27.898157781292106,-27.84718685765282
2009-07-07,4.954513698360774,-19.221912164102523,-27.898157781292106,-27.844153869205737
2009-07-08,5.6620107872167535,-19.221912164102523,-27.898157781292106,-27.84112088075866
2009-07-09,7.147760198147735,-19.221912164102523,-27.898157781292106,-27.838087892311577
2009-07-10,7.908912564134818,-19.221912164102523,-27.898157781292106,-27.8350549038645
2009-07-13,7.200074517352073,-19.221912164102523,-27.898157781292106,-27.834418608371628
2009-07-14,7.3655489333544155,-19.221912164102523,-27.898157781292106,-27.83378231287876
2009-07-15,14.655462224609206,-19.221912164102523,-27.898157781292106,-27.83314601738589
2009-07-16,14.424785437939725,-19.221912164102523,-27.898157781292106,-27.83250972189302
2009-07-17,14.686501570575206,-19.221912164102523,-27.898157781292106,-27.83187342640015
2009-07-20,14.666683962435489,-19.221912164102523,-27.898157781292106,-27.83123713090728
2009-07-21,13.465300767449317,-19.221912164102523,-27.898157781292106,-27.830600835414412
2009-07-22,14.280604412883147,-19.221912164102523,-27.898157781292106,-27.82996453992154
2009-07-23,17.675868125184934,-19.221912164102523,-27.898157781292106,-27.829328244428673
2009-07-24,15.195985301205472,-19.221912164102523,-27.898157781292106,-27.828691948935802
2009-07-27,14.929642685485046,-19.221912164102523,-27.898157781292106,-27.82805565344293
2009-07-28,13.842176743654754,-19.221912164102523,-27.898157781292106,-27.827419357950063
2009-07-29,12.376235319157502,-19.221912164102523,-27.898157781292106,-27.826783062457192
2009-07-30,13.130064286324572,-19.221912164102523,-27.898157781292106,-27.826146766964325
2009-07-31,12.754797199702361,-19.221912164102523,-27.898157781292106,-27.825510471471453
2009-08-03,17.184224579475593,-19.221912164102523,-27.898157781292106,-27.824874175978582
2009-08-04,17.11575428541734,-19.221912164102523,-27.898157781292106,-27.824237880485715
2009-08-05,15.803043189071776,-19.221912164102523,-27.898157781292106,-27.823601584992844
2009-08-06,16.20371015792641,-19.221912164102523,-27.898157781292106,-27.822965289499976
2009-08-07,20.922250347529058,-19.221912164102523,-27.898157781292106,-27.822328994007105
2009-08-10,18.74269253645857,-19.221912164102523,-27.898157781292106,-27.819133566374113
2009-08-11,17.793741989089227,-19.221912164102523,-27.898157781292106,-27.81593813874112
2009-08-12,16.58443736708426,-19.221912164102523,-27.898157781292106,-27.812742711108125
2009-08-13,16.682501314510812,-19.221912164102523,-27.898157781292106,-27.809547283475133
2009-08-14,15.74744698857593,-19.221912164102523,-27.898157781292106,-27.80635185584214
2009-08-17,14.492780991694577,-19.221912164102523,-27.898157781292106,-27.80315642820915
2009-08-18,16.510107239019533,-19.221912164102523,-27.898157781292106,-27.799961000576157
2009-08-19,13.100945666352516,-19.221912164102523,-27.898157781292106,-27.796765572943166
2009-08-20,15.219622951445322,-19.221912164102523,-27.898157781292106,-27.79357014531017
2009-08-21,15.419243143768657,-19.221912164102523,-27.898157781292106,-27.79037471767718
2009-08-24,13.903266120689683,-19.221912164102523,-27.898157781292106,-27.787179290044186
2009-08-25,11.072059346889262,-19.221912164102523,-27.898157781292106,-27.783983862411194
2009-08-26,10.727328121753633,-19.221912164102523,-27.898157781292106,-27.780788434778202
2009-08-27,11.338174459993343,-19.221912164102523,-27.898157781292106,-27.77759300714521
2009-08-28,10.20469444773584,-19.221912164102523,-27.898157781292106,-27.774397579512218
2009-08-31,8.968757963563178,-19.221912164102523,-27.898157781292106,-27.771202151879223
2009-09-01,7.247878925436302,-19.221912164102523,-27.898157781292106,-27.768006724246234
2009-09-02,6.353881311334297,-19.221912164102523,-27.898157781292106,-27.76481129661324
2009-09-03,7.436379617048128,-19.221912164102523,-27.898157781292106,-27.761615868980247
2009-09-04,9.747722883470878,-19.221912164102523,-27.898157781292106,-27.758420441347255
2009-09-08,11.29487855755209,-19.221912164102523,-27.898157781292106,-27.75542796834415
2009-09-09,14.596092752624656,-19.221912164102523,-27.898157781292106,-27.752435495341047
2009-09-10,16.822711348822207,-19.221912164102523,-27.898157781292106,-27.74944302233794
2009-09-11,15.827593450496558,-19.221912164102523,-27.898157781292106,-27.746450549334835
2009-09-14,16.50116548144551,-19.221912164102523,-27.898157781292106,-27.74345807633173
2009-09-15,15.625004285732258,-19.221912164102523,-27.898157781292106,-27.740465603328623
2009-09-16,20.923591661254946,-19.221912164102523,-27.898157781292106,-27.73747313032552
2009-09-17,21.171428135463245,-19.221912164102523,-27.898157781292106,-27.734480657322415
2009-09-18,19.36217601735537,-19.221912164102523,-27.898157781292106,-27.731488184319307
2009-09-21,17.41836376392909,-19.221912164102523,-27.898157781292106,-27.728495711316206
2009-09-22,17.380274009044385,-19.221912164102523,-27.898157781292106,-27.7255032383131
2009-09-23,16.573414365751482,-19.221912164102523,-27.898157781292106,-27.722510765309995
2009-09-24,15.75217430915914,-19.221912164102523,-27.898157781292106,-27.71951829230689
2009-09-25,14.67111022974208,-19.221912164102523,-27.898157781292106,-27.716525819303783
2009-09-28,19.24430529781407,-19.221912164102523,-27.898157781292106,-27.71353334630068
2009-09-29,19.347045664974228,-19.221912164102523,-27.898157781292106,-27.710540873297575
2009-09-30,22.47558048981282,-19.221912164102523,-27.898157781292106,-27.70754840029447
2009-10-01,18.235695601637183,-19.221912164102523,-27.898157781292106,-27.704555927291363
2009-10-02,17.686204955126094,-19.221912164102523,-27.898157781292106,-27.70156345428826
2009-10-05,18.12661220518994,-19.221912164102523,-27.898157781292106,-27.698570981285155
2009-10-06,17.955929788800628,-19.221912164102523,-27.898157781292106,-27.698319207959127
2009-10-07,17.862913859666783,-19.221912164102523,-27.898157781292106,-27.6980674346331
2009-10-08,14.520071951204795,-19.221912164102523,-27.898157781292106,-27.69781566130707
2009-10-09,13.814340179990015,-19.221912164102523,-27.898157781292106,-27.69756388798104
2009-10-12,13.448146237896385,-19.221912164102523,-27.898157781292106,-27.697312114655013
2009-10-13,12.397518834333088,-19.221912164102523,-27.898157781292106,-27.697060341328985
2009-10-14,13.152684844201424,-19.221912164102523,-27.898157781292106,-27.696808568002957
2009-10-15,11.952208673262387,-19.221912164102523,-27.898157781292106,-27.69655679467693
2009-10-16,8.821674469263986,-19.221912164102523,-27.898157781292106,-27.696305021350902
2009-10-19,10.759907307744054,-19.221912164102523,-27.898157781292106,-27.696053248024874
2009-10-20,9.940931220331617,-19.221912164102523,-27.898157781292106,-27.695801474698843
2009-10-21,10.495582436015138,-19.221912164102523,-27.898157781292106,-27.695549701372816
2009-10-22,10.197869060756526,-19.221912164102523,-27.898157781292106,-27.695297928046788
2009-10-23,9.102016658005386,-19.221912164102523,-27.898157781292106,-27.69504615472076
2009-10-26,9.078662072466681,-19.221912164102523,-27.898157781292106,-27.694794381394733
2009-10-27,5.8464100350437365,-19.221912164102523,-27.898157781292106,-27.694542608068705
2009-10-28,3.471488685839441,-19.221912164102523,-27.898157781292106,-27.694290834742674
2009-10-29,6.042442776400514,-19.221912164102523,-27.898157781292106,-27.694039061416646
2009-10-30,4.112666809553112,-19.221912164102523,-27.898157781292106,-27.69378728809062
2009-11-02,3.234038155485841,-19.221912164102523,-27.898157781292106,-27.69353551476459
2009-11-03,4.292575632020723,-19.221912164102523,-27.898157781292106,-27.69271622234505
2009-11-04,5.374251822134313,-19.221912164102523,-27.898157781292106,-27.691896929925512
2009-11-05,6.322830858650974,-19.221912164102523,-27.898157781292106,-27.69107763750597
2009-11-06,6.363564187677873,-19.221912164102523,-27.898157781292106,-27.69025834508643
2009-11-09,9.896620848036841,-19.221912164102523,-27.898157781292106,-27.68943905266689
2009-11-10,13.467098269041976,-19.221912164102523,-27.898157781292106,-27.68861976024735
2009-11-11,12.586249974116548,-19.221912164102523,-27.898157781292106,-27.68780046782781
2009-11-12,11.17600845118385,-19.221912164102523,-27.898157781292106,-27.68698117540827
2009-11-13,10.79606868828764,-19.221912164102523,-27.898157781292106,-27.68616188298873
2009-11-16,10.456563749327263,-19.221912164102523,-27.898157781292106,-27.685342590569192
2009-11-17,10.914497353270903,-19.221912164102523,-27.898157781292106,-27.68452329814965
2009-11-18,9.96493644240668,-19.221912164102523,-27.898157781292106,-27.68370400573011
2009-11-19,8.442132211084052,-19.221912164102523,-27.898157781292106,-27.68288471331057
2009-11-20,7.628621421295367,-19.221912164102523,-27.898157781292106,-27.68206542089103
2009-11-23,9.254805166647962,-19.221912164102523,-27.898157781292106,-27.68124612847149
2009-11-24,9.998752016805446,-19.221912164102523,-27.898157781292106,-27.68042683605195
2009-11-25,12.583204283389971,-19.221912164102523,-27.898157781292106,-27.67960754363241
2009-11-27,10.960591123310891,-19.221912164102523,-27.898157781292106,-27.67878825121287
2009-11-30,10.357087386488129,-19.221912164102523,-27.898157781292106,-27.67796895879333
2009-12-01,9.14894545241729,-19.221912164102523,-27.898157781292106,-27.67714966637379
2009-12-02,8.27828319140207,-19.221912164102523,-27.898157781292106,-27.674931741594953
2009-12-03,6.917498243900355,-19.221912164102523,-27.898157781292106,-27.672713816816113
2009-12-04,6.467267157119205,-19.221912164102523,-27.898157781292106,-27.670495892037277
2009-12-07,5.858428435890728,-19.221912164102523,-27.898157781292106,-27.668277967258437
2009-12-08,4.8036428845544155,-19.221912164102523,-27.898157781292106,-27.6660600424796
2009-12-09,5.531176128519633,-19.221912164102523,-27.898157781292106,-27.663842117700764
2009-12-10,4.532762945514013,-19.221912164102523,-27.898157781292106,-27.661624192921927
2009-12-11,4.156175164645748,-19.221912164102523,-27.898157781292106,-27.659406268143087
2009-12-14,4.971726386964703,-19.221912164102523,-27.898157781292106,-27.65718834336425
2009-12-15,4.063893715382516,-19.221912164102523,-27.898157781292106,-27.654970418585414
2009-12-16,4.009376373492191,-19.221912164102523,-27.898157781292106,-27.652752493806574
2009-12-17,3.2273236920193904,-19.221912164102523,-27.898157781292106,-27.650534569027737
2009-12-18,5.85452675900886,-19.221912164102523,-27.898157781292106,-27.648316644248897
2009-12-21,7.994770319467404,-19.221912164102523,-27.898157781292106,-27.64609871947006
2009-12-22,6.824484764245042,-19.221912164102523,-27.898157781292106,-27.643880794691224
2009-12-23,8.088124527498586,-19.221912164102523,-27.898157781292106,-27.641662869912384
2009-12-24,9.007089395349222,-19.221912164102523,-27.898157781292106,-27.639444945133548
2009-12-28,12.916807348400372,-19.221912164102523,-27.898157781292106,-27.63722702035471
2009-12-29,12.782718681412675,-19.221912164102523,-27.898157781292106,-27.63500909557587
2009-12-30,12.219866263555335,-19.221912164102523,-27.898157781292106,-27.632791170797034
2009-12-31,9.263518325521304,-19.221912164102523,-27.898157781292106,-27.631531207510736
2010-01-04,10.547348604400298,-19.221912164102523,-27.898157781292106,-27.630271244224435
2010-01-05,10.076265372997174,-19.221912164102523,-27.898157781292106,-27.629011280938137
2010-01-06,8.794158010297437,-19.221912164102523,-27.898157781292106,-27.627751317651835
2010-01-07,8.634733829773289,-19.221912164102523,-27.898157781292106,-27.626491354365537
2010-01-08,9.503120846057644,-19.221912164102523,-27.898157781292106,-27.62523139107924
2010-01-11,7.590640489367773,-19.221912164102523,-27.898157781292106,-27.62397142779294
2010-01-12,6.491325262041636,-19.221912164102523,-27.898157781292106,-27.62271146450664
2010-01-13,8.522914999513453,-19.221912164102523,-27.898157781292106,-27.621451501220342
2010-01-14,7.535684542033816,-19.221912164102523,-27.898157781292106,-27.62019153793404
2010-01-15,6.259323119524285,-19.221912164102523,-27.898157781292106,-27.618931574647743
2010-01-19,8.174543615214102,-19.221912164102523,-27.898157781292106,-27.617671611361445
2010-01-20,6.200401570138614,-19.221912164102523,-27.898157781292106,-27.616411648075143
2010-01-21,5.645007506228317,-19.221912164102523,-27.898157781292106,-27.615151684788845
2010-01-22,2.890219921094772,-19.221912164102523,-27.898157781292106,-27.613891721502547
2010-01-25,4.824645555728346,-19.221912164102523,-27.898157781292106,-27.612631758216246
2010-01-26,7.327418498197469,-19.221912164102523,-27.898157781292106,-27.611371794929948
2010-01-27,6.3753734033400455,-19.221912164102523,-27.898157781292106,-27.61011183164365
2010-01-28,6.497817529907657,-19.221912164102523,-27.898157781292106,-27.60885186835735
2010-01-29,4.206802310075264,-19.221912164102523,-27.898157781292106,-27.60759190507105
2010-02-01,5.019461397395464,-19.221912164102523,-27.898157781292106,-27.607363834426764
2010-02-02,5.7867641745280585,-19.221912164102523,-27.898157781292106,-27.60713576378248
2010-02-03,3.8065291066263773,-19.221912164102523,-27.898157781292106,-27.606907693138194
2010-02-04,0.21121905651122486,-19.221912164102523,-27.898157781292106,-27.606679622493907
2010-02-05,-1.055915527008,-19.221912164102523,-27.898157781292106,-27.60645155184962
2010-02-08,-2.0172852645206962,-19.221912164102523,-27.898157781292106,-27.606223481205333
2010-02-09,-1.6383086270143399,-19.221912164102523,-27.898157781292106,-27.60599541056105
2010-02-10,-1.2814786227374864,-19.221912164102523,-27.898157781292106,-27.605767339916763
2010-02-11,-0.6096280058120684,-19.221912164102523,-27.898157781292106,-27.605539269272477
2010-02-12,-1.4128432858278805,-19.221912164102523,-27.898157781292106,-27.605311198628193
2010-02-16,-0.46463823976443663,-19.221912164102523,-27.898157781292106,-27.605083127983907
2010-02-17,0.6610639088656223,-19.221912164102523,-27.898157781292106,-27.60485505733962
2010-02-18,2.894271601038745,-19.221912164102523,-27.898157781292106,-27.604626986695333
2010-02-19,3.3692697226253454,-19.221912164102523,-27.898157781292106,-27.604398916051046
2010-02-22,1.5257409186467452,-19.221912164102523,-27.898157781292106,-27.604170845406763
2010-02-23,0.5512743426621114,-19.221912164102523,-27.898157781292106,-27.603942774762476
2010-02-24,1.139082374397793,-19.221912164102523,-27.898157781292106,-27.60371470411819
2010-02-25,2.673477513237321,-19.221912164102523,-27.898157781292106,-27.603486633473903
2010-02-26,2.923529578624673,-19.221912164102523,-27.898157781292106,-27.60325856282962
2010-03-01,3.3505144568525713,-19.221912164102523,-27.898157781292106,-27.603030492185333
2010-03-02,3.527999210110755,-19.221912164102523,-27.898157781292106,-27.602648266600024
2010-03-03,4.06669150877641,-19.221912164102523,-27.898157781292106,-27.60226604101472
2010-03-04,3.864730722149967,-19.221912164102523,-27.898157781292106,-27.60188381542941
2010-03-05,5.935435663435906,-19.221912164102523,-27.898157781292106,-27.6015015898441
2010-03-08,6.797429459511162,-19.221912164102523,-27.898157781292106,-27.601119364258796
2010-03-09,6.32219749955738,-19.221912164102523,-27.898157781292106,-27.600737138673487
2010-03-10,6.653382841689104,-19.221912164102523,-27.898157781292106,-27.60035491308818
2010-03-11,7.472790594778922,-19.221912164102523,-27.898157781292106,-27.599972687502873
2010-03-12,6.482071849145954,-19.221912164102523,-27.898157781292106,-27.599590461917565
2010-03-15,6.811663770056242,-19.221912164102523,-27.898157781292106,-27.59920823633226
2010-03-16,7.344583844596664,-19.221912164102523,-27.898157781292106,-27.59882601074695
2010-03-17,8.964557463215318,-19.221912164102523,-27.898157781292106,-27.598443785161642
2010-03-18,7.5798533872641904,-19.221912164102523,-27.898157781292106,-27.598061559576337
2010-03-19,5.74066424944728,-19.221912164102523,-27.898157781292106,-27.597679333991028
2010-03-22,6.06115505659337,-19.221912164102523,-27.898157781292106,-27.59729710840572
2010-03-23,6.018030540075037,-19.221912164102523,-27.898157781292106,-27.596914882820414
2010-03-24,4.548869307256931,-19.221912164102523,-27.898157781292106,-27.596532657235105
2010-03-25,3.854377959588362,-19.221912164102523,-27.898157781292106,-27.596150431649797
2010-03-26,4.391807444587426,-19.221912164102523,-27.898157781292106,-27.59576820606449
2010-03-29,4.573957436301002,-19.221912164102523,-27.898157781292106,-27.595385980479183
2010-03-30,5.8840784839858,-19.221912164102523,-27.898157781292106,-27.590230658951402
2010-03-31,3.8598045390974445,-19.221912164102523,-27.898157781292106,-27.58507533742362
2010-04-01,3.8598045390974445,-19.221912164102523,-27.898157781292106,-27.57992001589584
2010-04-05,5.466415328154395,-19.221912164102523,-27.898157781292106,-27.57476469436806
2010-04-06,5.70144046041785,-19.221912164102523,-27.898157781292106,-27.569609372840283
2010-04-07,4.580507246059962,-19.221912164102523,-27.898157781292106,-27.564454051312502
2010-04-08,5.246642415694458,-19.221912164102523,-27.898157781292106,-27.55929872978472
2010-04-09,7.2141850300329935,-19.221912164102523,-27.898157781292106,-27.55414340825694
2010-04-12,5.9820886473817225,-19.221912164102523,-27.898157781292106,-27.54898808672916
2010-04-13,6.430190985268736,-19.221912164102523,-27.898157781292106,-27.54383276520138
2010-04-14,8.971865585716653,-19.221912164102523,-27.898157781292106,-27.5386774436736
2010-04-15,7.713749787905666,-19.221912164102523,-27.898157781292106,-27.533522122145822
2010-04-16,7.977333471767634,-19.221912164102523,-27.898157781292106,-27.52836680061804
2010-04-19,8.931977862015561,-19.221912164102523,-27.898157781292106,-27.52321147909026
2010-04-20,12.77950001691699,-19.221912164102523,-27.898157781292106,-27.51805615756248
2010-04-21,13.03029780186462,-19.221912164102523,-27.898157781292106,-27.5129008360347
2010-04-22,13.560386770434029,-19.221912164102523,-27.898157781292106,-27.507745514506922
2010-04-23,13.141506803884017,-19.221912164102523,-27.898157781292106,-27.50259019297914
2010-04-26,15.876318134254852,-19.221912164102523,-27.898157781292106,-27.497434871451357
2010-04-27,15.431142388699715,-19.221912164102523,-27.898157781292106,-27.49227954992358
2010-04-28,14.24646277811128,-19.221912164102523,-27.898157781292106,-27.489304772304838
2010-04-29,15.198030461097979,-19.221912164102523,-27.898157781292106,-27.48632999468609
2010-04-30,12.310051735944638,-19.221912164102523,-27.898157781292106,-27.48335521706735
2010-05-03,17.27738596290578,-19.221912164102523,-27.898157781292106,-27.480380439448606
2010-05-04,12.801326886244535,-19.221912164102523,-27.898157781292106,-27.477405661829863
2010-05-05,13.034317720880818,-19.221912164102523,-27.898157781292106,-27.474430884211117
2010-05-06,8.141988019506897,-19.221912164102523,-27.898157781292106,-27.471456106592374
2010-05-07,5.66891127009117,-19.221912164102523,-27.898157781292106,-27.46848132897363
2010-05-10,9.506075467005681,-19.221912164102523,-27.898157781292106,-27.465506551354885
2010-05-11,9.166476352591735,-19.221912164102523,-27.898157781292106,-27.462531773736142
2010-05-12,9.819974690143884,-19.221912164102523,-27.898157781292106,-27.4595569961174
2010-05-13,7.474501697014357,-19.221912164102523,-27.898157781292106,-27.456582218498653
2010-05-14,4.750056883645515,-19.221912164102523,-27.898157781292106,-27.45360744087991
2010-05-17,5.131741251377897,-19.221912164102523,-27.898157781292106,-27.450632663261167
2010-05-18,3.8888247990323865,-19.221912164102523,-27.898157781292106,-27.44765788564242
2010-05-19,4.414551269513045,-19.221912164102523,-27.898157781292106,-27.44468310802368
2010-05-20,-0.4760686280632975,-19.221912164102523,-27.898157781292106,-27.441708330404936
2010-05-21,0.6460892926019923,-19.221912164102523,-27.898157781292106,-27.438733552786193
2010-05-24,-0.11625925842639884,-19.221912164102523,-27.898157781292106,-27.435758775167447
2010-05-25,-1.4578183160157576,-19.221912164102523,-27.898157781292106,-27.432783997548704
2010-05-26,-2.8595645700833394,-19.221912164102523,-27.898157781292106,-27.430789723582095
2010-05-27,0.7001331817495293,-19.221912164102523,-27.898157781292106,-27.428795449615485
2010-05-28,-0.22083326712456497,-19.221912164102523,-27.898157781292106,-27.426801175648873
2010-06-01,-2.608697440850938,-19.221912164102523,-27.898157781292106,-27.424806901682263
2010-06-02,-0.49501490621783883,-19.221912164102523,-27.838087892311577,-27.422812627715654
2010-06-03,-0.10656426443088618,-19.221912164102523,-27.838087892311577,-27.42081835374904
2010-06-04,-4.306922793045731,-19.221912164102523,-27.838087892311577,-27.418824079782432
2010-06-07,-6.404342357813475,-19.221912164102523,-27.838087892311577,-27.416829805815823
2010-06-08,-6.593213366834149,-19.221912164102523,-27.838087892311577,-27.414835531849214
2010-06-09,-7.140015064734129,-19.221912164102523,-27.838087892311577,-27.412841257882604
2010-06-10,-5.093815816206904,-19.221912164102523,-27.838087892311577,-27.41084698391599
2010-06-11,-4.449623103918987,-19.221912164102523,-27.838087892311577,-27.408852709949382
2010-06-14,-4.790190017551321,-19.221912164102523,-27.838087892311577,-27.406858435982773
2010-06-15,-1.6424564464646574,-19.221912164102523,-27.838087892311577,-27.40486416201616
2010-06-16,-2.128540655344646,-19.221912164102523,-27.838087892311577,-27.40286988804955
2010-06-17,-2.4870482133460214,-19.221912164102523,-27.838087892311577,-27.400875614082942
2010-06-18,-1.9387764449992906,-19.221912164102523,-27.838087892311577,-27.398881340116333
2010-06-21,-2.631407129176766,-19.221912164102523,-27.838087892311577,-27.39688706614972
2010-06-22,-3.4842447235229113,-19.221912164102523,-27.838087892311577,-27.39489279218311
2010-06-23,-4.339206433037557,-19.221912164102523,-27.838087892311577,-27.3928985182165
2010-06-24,-6.104826252867901,-19.221912164102523,-27.838087892311577,-27.39090053893223
2010-06-25,-5.637680280141066,-19.221912164102523,-27.838087892311577,-27.388902559647956
2010-06-28,-5.971189372342556,-19.221912164102523,-27.838087892311577,-27.386904580363684
2010-06-29,-10.43499147618887,-19.221912164102523,-27.838087892311577,-27.38490660107941
2010-06-30,-12.051278869869975,-19.221912164102523,-27.838087892311577,-27.38290862179514
2010-07-01,-12.081969801542936,-19.221912164102523,-27.838087892311577,-27.380910642510866
2010-07-02,-12.52754405002755,-19.221912164102523,-27.838087892311577,-27.378912663226597
2010-07-06,-12.778753747595728,-19.221912164102523,-27.838087892311577,-27.376914683942324
2010-07-07,-10.067595317870326,-19.221912164102523,-27.838087892311577,-27.37491670465805
2010-07-08,-10.03495567765411,-19.221912164102523,-27.838087892311577,-27.37291872537378
2010-07-09,-10.253695693931608,-19.221912164102523,-27.838087892311577,-27.370920746089507
2010-07-12,-10.387227829418755,-19.221912164102523,-27.838087892311577,-27.368922766805234
2010-07-13,-8.126130966071997,-19.221912164102523,-27.838087892311577,-27.36692478752096
2010-07-14,-7.604011483924777,-19.221912164102523,-27.838087892311577,-27.36492680823669
2010-07-15,-7.987606154864169,-19.221912164102523,-27.838087892311577,-27.36292882895242
2010-07-16,-11.030779684971803,-19.221912164102523,-27.838087892311577,-27.360930849668144
2010-07-19,-10.767704737370497,-19.221912164102523,-27.838087892311577,-27.358932870383875
2010-07-20,-10.065613927729256,-19.221912164102523,-27.838087892311577,-27.356934891099602
2010-07-21,-11.104030541901455,-19.221912164102523,-27.838087892311577,-27.35493691181533
2010-07-22,-6.877128999074477,-19.221912164102523,-27.838087892311577,-27.352938932531057
2010-07-23,-6.344040962805153,-19.221912164102523,-27.838087892311577,-27.345690846303363
2010-07-26,-7.188111275685016,-19.221912164102523,-27.838087892311577,-27.338442760075672
2010-07-27,-5.362851407504188,-19.221912164102523,-27.838087892311577,-27.331194673847982
2010-07-28,-7.41457056667183,-19.221912164102523,-27.838087892311577,-27.323946587620288
2010-07-29,-5.251721604577087,-19.221912164102523,-27.838087892311577,-27.316698501392597
2010-07-30,-4.551723008305619,-19.221912164102523,-27.838087892311577,-27.309450415164903
2010-08-02,0.6018889689431095,-19.221912164102523,-27.838087892311577,-27.302202328937213
2010-08-03,2.729640920026455,-19.221912164102523,-27.838087892311577,-27.294954242709522
2010-08-04,-1.3578763017190965,-19.221912164102523,-27.838087892311577,-27.28770615648183
2010-08-05,-1.4859178730307288,-19.221912164102523,-27.838087892311577,-27.280458070254138
2010-08-06,-3.4540348227536932,-19.221912164102523,-27.838087892311577,-27.273209984026444
2010-08-09,-1.2290730802401395,-19.221912164102523,-27.838087892311577,-27.265961897798753
2010-08-10,-0.16982936039485752,-19.221912164102523,-27.838087892311577,-27.258713811571063
2010-08-11,-3.195848418383762,-19.221912164102523,-27.838087892311577,-27.25146572534337
2010-08-12,-2.618986363438691,-19.221912164102523,-27.838087892311577,-27.24421763911568
2010-08-13,-2.5341562449884725,-19.221912164102523,-27.838087892311577,-27.236969552887984
2010-08-16,1.4049100198296527,-19.221912164102523,-27.838087892311577,-27.229721466660294
2010-08-17,1.5728761786513168,-19.221912164102523,-27.838087892311577,-27.222473380432604
2010-08-18,2.3868645185551207,-19.221912164102523,-27.838087892311577,-27.21522529420491
2010-08-19,0.7456565005564242,-19.221912164102523,-27.838087892311577,-27.20797720797722
2010-08-20,2.021578720539141,-19.221912164102523,-27.838087892311577,-27.203133831747767
2010-08-23,-2.655676630396364,-19.221912164102523,-27.838087892311577,-27.19829045551832
2010-08-24,-3.9064978279619633,-19.221912164102523,-27.838087892311577,-27.193447079288863
2010-08-25,-2.0800000390924556,-19.221912164102523,-27.838087892311577,-27.18860370305941
2010-08-26,-5.495762278742022,-19.221912164102523,-27.838087892311577,-27.18376032682996
2010-08-27,-5.246824625395163,-19.221912164102523,-27.838087892311577,-27.17891695060051
2010-08-30,-2.908671714134503,-19.221912164102523,-27.838087892311577,-27.17407357437106
2010-08-31,-1.4504210727521283,-19.221912164102523,-27.838087892311577,-27.169230198141605
2010-09-01,1.6811993458352603,-19.221912164102523,-27.838087892311577,-27.164386821912153
2010-09-02,3.685195280283482,-19.221912164102523,-27.838087892311577,-27.159543445682704
2010-09-03,2.480031194632315,-19.221912164102523,-27.838087892311577,-27.154700069453252
2010-09-07,0.8275924566732318,-19.221912164102523,-27.838087892311577,-27.149856693223803
2010-09-08,2.0634797004513095,-19.221912164102523,-27.838087892311577,-27.145013316994348
2010-09-09,-0.21542443448172577,-19.221912164102523,-27.838087892311577,-27.140169940764896
2010-09-10,-0.25580439726223814,-19.221912164102523,-27.838087892311577,-27.135326564535447
2010-09-13,0.8130557272775008,-19.221912164102523,-27.838087892311577,-27.130483188305995
2010-09-14,1.1559289446990473,-19.221912164102523,-27.838087892311577,-27.125639812076546
2010-09-15,2.669264379265668,-19.221912164102523,-27.838087892311577,-27.12079643584709
2010-09-16,3.8802899028908655,-19.221912164102523,-27.838087892311577,-27.115953059617638
2010-09-17,4.661390097754281,-19.221912164102523,-27.838087892311577,-27.11110968338819
2010-09-20,8.137126421266029,-19.221912164102523,-27.838087892311577,-27.104694670521116
2010-09-21,8.09351947324295,-19.221912164102523,-27.838087892311577,-27.09827965765405
2010-09-22,8.188055049621145,-19.221912164102523,-27.838087892311577,-27.091864644786977
2010-09-23,12.482329627464118,-19.221912164102523,-27.838087892311577,-27.085449631919904
2010-09-24,16.543896953020475,-19.221912164102523,-27.838087892311577,-27.079034619052834
2010-09-27,16.236831543069165,-19.221912164102523,-27.838087892311577,-27.07261960618576
2010-09-28,16.51805550740677,-19.221912164102523,-27.838087892311577,-27.066204593318695
2010-09-29,15.974264433513973,-19.221912164102523,-27.838087892311577,-27.05978958045162
2010-09-30,11.884716195521294,-19.221912164102523,-27.838087892311577,-27.053374567584548
2010-10-01,11.141126609983276,-19.221912164102523,-27.838087892311577,-27.046959554717482
2010-10-04,8.904402223246688,-19.221912164102523,-27.838087892311577,-27.04054454185041
2010-10-05,11.231055467360495,-19.221912164102523,-27.838087892311577,-27.03412952898334
2010-10-06,8.857029517217075,-19.221912164102523,-27.838087892311577,-27.027714516116266
2010-10-07,8.703495114052817,-19.221912164102523,-27.838087892311577,-27.021299503249192
2010-10-08,9.35550260300908,-19.221912164102523,-27.838087892311577,-27.014884490382126
2010-10-11,12.508241952834753,-19.221912164102523,-27.838087892311577,-27.008469477515053
2010-10-12,12.314282052993608,-19.221912164102523,-27.838087892311577,-27.002054464647983
2010-10-13,11.882251206507743,-19.221912164102523,-27.838087892311577,-26.99563945178091
2010-10-14,13.211626418103585,-19.221912164102523,-27.838087892311577,-26.98922443891384
2010-10-15,12.759819817386253,-19.221912164102523,-27.838087892311577,-26.98280942604677
2010-10-18,11.636393054052085,-19.221912164102523,-27.838087892311577,-26.97878159267661
2010-10-19,9.686920554691646,-19.221912164102523,-27.838087892311577,-26.974753759306456
2010-10-20,10.533108284777114,-19.221912164102523,-27.838087892311577,-26.970725925936296
2010-10-21,11.638878110131134,-19.221912164102523,-27.838087892311577,-26.96669809256614
2010-10-22,13.236750956167498,-19.221912164102523,-27.838087892311577,-26.96267025919598
2010-10-25,13.536563460007311,-19.221912164102523,-27.838087892311577,-26.958642425825825
2010-10-26,11.745081314076034,-19.221912164102523,-27.838087892311577,-26.95461459245567
2010-10-27,12.5711196194896,-19.221912164102523,-27.838087892311577,-26.95058675908551
2010-10-28,11.678865630440761,-19.221912164102523,-27.838087892311577,-26.94655892571535
2010-10-29,11.684341149955202,-19.221912164102523,-27.838087892311577,-26.942531092345195
2010-11-01,11.93728647304997,-19.221912164102523,-27.838087892311577,-26.938503258975036
2010-11-02,12.368682477127857,-19.221912164102523,-27.838087892311577,-26.93447542560488
2010-11-03,13.871312731659003,-19.221912164102523,-27.838087892311577,-26.93044759223472
2010-11-04,18.491745478569,-19.221912164102523,-27.838087892311577,-26.926419758864565
2010-11-05,19.43883916921767,-19.221912164102523,-27.838087892311577,-26.92239192549441
2010-11-08,20.450401766644944,-19.221912164102523,-27.838087892311577,-26.91836409212425
2010-11-09,19.586482873770716,-19.221912164102523,-27.838087892311577,-26.914336258754094
2010-11-10,18.68057146310207,-19.221912164102523,-27.838087892311577,-26.910308425383935
2010-11-11,17.46340559775412,-19.221912164102523,-27.838087892311577,-26.906280592013776
2010-11-12,17.32622929463672,-19.221912164102523,-27.838087892311577,-26.90225275864362
2010-11-15,16.723253806612547,-19.221912164102523,-27.838087892311577,-26.902177671015963
2010-11-16,15.939919754674992,-19.221912164102523,-27.838087892311577,-26.902102583388306
2010-11-17,18.488938709989576,-19.221912164102523,-27.838087892311577,-26.902027495760645
2010-11-18,19.24747634287687,-19.221912164102523,-27.838087892311577,-26.90195240813299
2010-11-19,20.791124540556318,-19.221912164102523,-27.838087892311577,-26.90187732050533
2010-11-22,20.33919356058147,-19.221912164102523,-27.838087892311577,-26.90180223287767
2010-11-23,19.677874210393377,-19.221912164102523,-27.838087892311577,-26.901727145250014
2010-11-24,22.512592132908217,-19.221912164102523,-27.838087892311577,-26.901652057622357
2010-11-26,18.170594493760994,-19.221912164102523,-27.838087892311577,-26.9015769699947
2010-11-29,16.77654397164421,-19.221912164102523,-27.838087892311577,-26.901501882367043
2010-11-30,13.478745302179295,-19.221912164102523,-27.822965289499976,-26.901426794739383
2010-12-01,16.66112383095486,-19.221912164102523,-27.70475888192125,-26.901351707111726
2010-12-02,16.444098726431868,-19.221912164102523,-27.69378728809062,-26.90127661948407
2010-12-03,16.294898619469844,-19.221912164102523,-27.67796895879333,-26.901201531856408
2010-12-06,15.827631794188445,-19.221912164102523,-27.63500909557587,-26.90112644422875
2010-12-07,14.297877805998738,-19.221912164102523,-27.60885186835735,-26.901051356601094
2010-12-08,14.238596249475076,-19.221912164102523,-27.60325856282962,-26.900976268973437
2010-12-09,13.625823493613499,-19.221912164102523,-27.59576820606449,-26.900901181345777
2010-12-10,13.928187462555485,-19.221912164102523,-27.49743487145136,-26.90082609371812
2010-12-13,13.148567072097151,-19.221912164102523,-27.435758775167447,-26.900751006090463
2010-12-14,11.40692092147708,-19.221912164102523,-27.435758775167447,-26.899799477291317
2010-12-15,10.938140487440485,-19.221912164102523,-27.435758775167447,-26.89884794849217
2010-12-16,12.096946745680825,-19.221912164102523,-27.39489279218311,-26.897896419693023
2010-12-17,12.24163244908436,-19.221912164102523,-27.39489279218311,-26.896944890893874
2010-12-20,10.084737776997965,-19.221912164102523,-27.39489279218311,-26.89599336209473
2010-12-21,11.356009332312622,-19.221912164102523,-27.39489279218311,-26.895041833295583
2010-12-22,11.38082923190038,-19.221912164102523,-27.39489279218311,-26.894090304496434
2010-12-23,11.277006422164227,-19.221912164102523,-27.35493691181533,-26.893138775697288
2010-12-27,11.837163297671282,-19.221912164102523,-27.35493691181533,-26.89218724689814
2010-12-28,11.769633093429356,-19.221912164102523,-27.123201145845332,-26.891235718098994
2010-12-29,13.239555042070261,-19.221912164102523,-26.98922443891384,-26.890284189299848
2010-12-30,10.286502907581463,-19.221912164102523,-26.906280592013776,-26.8893326605007
2010-12-31,10.84273965810516,-19.221912164102523,-26.90082609371812,-26.888381131701554
2011-01-03,12.162652249623317,-19.221912164102523,-26.862150645542638,-26.887429602902404
2011-01-04,11.315550052411517,-19.221912164102523,-26.83434057317328,-26.88647807410326
2011-01-05,12.217034147040607,-19.221912164102523,-26.764180208266573,-26.885526545304113
2011-01-06,11.815547348082323,-19.221912164102523,-26.73906420304435,-26.884575016504964
2011-01-07,10.808932441763663,-19.221912164102523,-26.62055921803086,-26.88362348770582
2011-01-10,11.446041484530078,-19.221912164102523,-26.441102331263714,-26.88267195890667
2011-01-11,9.285777292518492,-19.221912164102523,-26.441102331263714,-26.881720430107524
2011-01-12,10.471819305543484,-19.221912164102523,-26.441102331263714,-26.8806403609831
2011-01-13,11.554669182422895,-19.221912164102523,-26.426180911811283,-26.879560291858677
2011-01-14,11.570451697262785,-19.221912164102523,-26.426180911811283,-26.878480222734257
2011-01-18,11.665487354903403,-19.221912164102523,-26.426180911811283,-26.877400153609834
2011-01-19,9.647445829050682,-19.221912164102523,-26.426180911811283,-26.87632008448541
2011-01-20,8.3467931042005,-19.221912164102523,-26.426180911811283,-26.875240015360987
2011-01-21,7.227175641207206,-19.221912164102523,-26.426180911811283,-26.874159946236563
2011-01-24,8.376749254632344,-19.221912164102523,-26.426180911811283,-26.873079877112144
2011-01-25,8.302067419359126,-19.221912164102523,-26.426180911811283,-26.87199980798772
2011-01-26,9.12720857827396,-19.221912164102523,-26.426180911811283,-26.870919738863297
2011-01-27,9.715182352585439,-19.221912164102523,-26.426180911811283,-26.869839669738873
2011-01-28,5.79840422593596,-19.221912164102523,-26.426180911811283,-26.86875960061445
2011-01-31,5.829745912442297,-19.221912164102523,-26.426180911811283,-26.86767953149003
2011-02-01,6.508315490287431,-19.221912164102523,-26.426180911811283,-26.866599462365606
2011-02-02,6.340291567865042,-19.221912164102523,-26.426180911811283,-26.865519393241183
2011-02-03,6.388223180921271,-19.221912164102523,-26.426180911811283,-26.86443932411676
2011-02-04,7.565324027113585,-19.221912164102523,-26.426180911811283,-26.863359254992336
2011-02-07,7.528295809403751,-19.221912164102523,-26.426180911811283,-26.862279185867916
2011-02-08,8.926471819422122,-19.221912164102523,-26.426180911811283,-26.861199116743492
2011-02-09,10.540386807296787,-19.221912164102523,-26.426180911811283,-26.86011904761907
2011-02-10,11.13540846301424,-19.221912164102523,-26.426180911811283,-26.858762285806133
2011-02-11,13.811006760891331,-19.221912164102523,-26.426180911811283,-26.857405523993197
2011-02-14,13.752027369413167,-19.221912164102523,-26.426180911811283,-26.85604876218026
2011-02-15,11.798366845474773,-19.221912164102523,-26.426180911811283,-26.854692000367322
2011-02-16,12.438796507011162,-19.221912164102523,-26.426180911811283,-26.853335238554386
2011-02-17,11.465881672079647,-19.221912164102523,-26.426180911811283,-26.85197847674145
2011-02-18,13.013903547340044,-19.221912164102523,-26.426180911811283,-26.850621714928515
2011-02-22,7.573366049059715,-19.221912164102523,-26.322782634838486,-26.84926495311558
2011-02-23,7.394432384494998,-19.221912164102523,-26.322782634838486,-26.847908191302643
2011-02-24,8.045963338478156,-19.221912164102523,-26.322782634838486,-26.846551429489708
2011-02-25,10.89307285890493,-19.221912164102523,-26.322782634838486,-26.84519466767677
2011-02-28,8.82579424065899,-19.221912164102523,-26.322782634838486,-26.843837905863833
2011-03-01,5.997759876874853,-19.221912164102523,-26.322782634838486,-26.842481144050897
2011-03-02,6.280286884527975,-19.221912164102523,-26.2768609865777,-26.84112438223796
2011-03-03,8.422340907544456,-19.221912164102523,-26.243901802655206,-26.839767620425025
2011-03-04,7.804072494383241,-19.221912164102523,-26.243901802655206,-26.83841085861209
2011-03-07,5.960217734984652,-19.221912164102523,-26.243901802655206,-26.83705409679915
2011-03-08,6.288087400581754,-19.221912164102523,-26.243901802655206,-26.835697334986214
2011-03-09,4.8687266215200475,-19.221912164102523,-26.243901802655206,-26.83434057317328
2011-03-10,3.593387247586244,-19.221912164102523,-26.18749924868536,-26.832983811360343
2011-03-11,4.047614916068754,-19.221912164102523,-26.13571442826337,-26.82936256909225
2011-03-14,4.13867671999868,-19.221912164102523,-25.990058809998477,-26.825741326824158
2011-03-15,1.868672246786618,-19.221912164102523,-25.990058809998477,-26.82212008455606
2011-03-16,-0.6786480718601995,-19.221912164102523,-25.951348082621333,-26.81849884228797
2011-03-17,0.16495628724804146,-19.221912164102523,-25.881363394016123,-26.814877600019877
2011-03-18,-0.6613201507476463,-19.221912164102523,-25.60211067210726,-26.811256357751784
2011-03-21,1.2727473864349026,-19.221912164102523,-25.585515881612544,-26.80763511548369
2011-03-22,1.3488185242530593,-19.221912164102523,-25.56165519634714,-26.8040138732156
2011-03-23,1.8601066897522944,-19.221912164102523,-25.374569407212118,-26.800392630947503
2011-03-24,3.859858208903355,-19.221912164102523,-25.250630001103747,-26.79677138867941
2011-03-25,3.8882624539728905,-19.221912164102523,-25.18172866216098,-26.793150146411318
2011-03-28,3.5673991010304107,-19.221912164102523,-25.11073251703716,-26.789528904143225
2011-03-29,4.959092885349614,-19.221912164102523,-25.09062303375332,-26.785907661875132
2011-03-30,3.8349268757406962,-19.221912164102523,-25.083627989385292,-26.78228641960704
2011-03-31,4.055027989067117,-19.221912164102523,-25.005477206753998,-26.778665177338947
2011-04-01,3.2315283727826216,-19.221912164102523,-24.918073767590222,-26.77504393507085
2011-04-04,2.5589953754924455,-19.221912164102523,-24.8961060369702,-26.771422692802762
2011-04-05,2.3819147670933516,-19.221912164102523,-24.789932604239375,-26.767801450534666
2011-04-06,2.248520298096346,-19.221912164102523,-24.37614160776338,-26.764180208266573
2011-04-07,2.0315501223299837,-19.221912164102523,-24.235004101257577,-26.76055896599848
2011-04-08,0.8319213785529467,-19.221912164102523,-24.16429944099554,-26.759427662685106
2011-04-11,0.4599914196256716,-19.221912164102523,-24.10328907776398,-26.75829635937173
2011-04-12,-0.9654138933815948,-19.221912164102523,-24.076743101444617,-26.757165056058355
2011-04-13,-0.4016925083874856,-19.221912164102523,-24.028449991368227,-26.75603375274498
2011-04-14,0.5667213096921975,-19.221912164102523,-24.001300767212395,-26.754902449431604
2011-04-15,1.1051720209023674,-19.221912164102523,-23.889444000208847,-26.75377114611823
2011-04-18,1.1665681477999401,-19.221912164102523,-23.823712445680993,-26.752639842804854
2011-04-19,0.40750772158315574,-19.221912164102523,-23.749253378495194,-26.75150853949148
2011-04-20,2.532907881039703,-19.221912164102523,-23.681886813986353,-26.750377236178103
2011-04-21,2.8022158708145284,-19.221912164102523,-23.64001646629969,-26.749245932864728
2011-04-25,2.435667188502455,-19.221912164102523,-23.419903159920846,-26.748114629551353
2011-04-26,5.693845280880994,-19.221912164102523,-23.405585424322396,-26.746983326237977
2011-04-27,5.8995476353596255,-19.221912164102523,-23.36099465386398,-26.745852022924602
2011-04-28,3.792497882815349,-19.221912164102523,-23.290181823319053,-26.744720719611227
2011-04-29,3.868592447623298,-19.221912164102523,-23.279416202957062,-26.74358941629785
2011-05-02,3.493501085148698,-19.221912164102523,-23.254707789543716,-26.742458112984476
2011-05-03,2.4276638012452167,-19.221912164102523,-23.235510507517432,-26.7413268096711
2011-05-04,1.791614231490124,-19.221912164102523,-23.121798280870234,-26.740195506357725
2011-05-05,0.5728350262411253,-19.221912164102523,-23.092159205214735,-26.73906420304435
2011-05-06,1.074893425340151,-19.221912164102523,-23.089260703392718,-26.737932899730975
2011-05-09,1.2978181997507443,-19.221912164102523,-23.089260703392718,-26.73175533753623
2011-05-10,1.4265965892872767,-19.221912164102523,-23.089260703392718,-26.72557777534149
2011-05-11,0.4491147630795833,-19.221912164102523,-23.053572192823513,-26.719400213146745
2011-05-12,1.1856248017663384,-19.221912164102523,-23.053572192823513,-26.713222650952
2011-05-13,-0.6579504331668207,-19.221912164102523,-23.053572192823513,-26.707045088757262
2011-05-16,-2.342554114819373,-19.221912164102523,-23.053572192823513,-26.700867526562515
2011-05-17,-1.8535675069484059,-19.221912164102523,-23.053572192823513,-26.694689964367775
2011-05-18,1.9149200901759533,-19.221912164102523,-23.053572192823513,-26.688512402173032
2011-05-19,3.062791439868562,-19.221912164102523,-23.053572192823513,-26.682334839978285
2011-05-20,1.7440991659594784,-19.221912164102523,-23.02255443131144,-26.676157277783545
2011-05-23,-1.1266442570107227,-19.221912164102523,-23.02255443131144,-26.669979715588802
2011-05-24,-1.9387273252885362,-19.221912164102523,-23.02255443131144,-26.66380215339406
2011-05-25,0.05332486617972698,-19.221912164102523,-23.02255443131144,-26.657624591199315
2011-05-26,0.14141413943262737,-19.221912164102523,-23.02255443131144,-26.651447029004572
2011-05-27,-1.3021898162334344,-19.221912164102523,-23.02255443131144,-26.64526946680983
2011-05-31,0.815126224485363,-19.221912164102523,-23.02255443131144,-26.639091904615086
2011-06-01,-0.03368620766889263,-19.221912164102523,-23.02255443131144,-26.632914342420346
2011-06-02,-0.22482769194471786,-19.221912164102523,-23.02255443131144,-26.626736780225603
2011-06-03,-1.0526274813480008,-19.221912164102523,-23.02255443131144,-26.620559218030856
2011-06-06,-0.30453088741172474,-19.221912164102523,-23.02255443131144,-26.614381655836116
2011-06-07,-1.0994968929024962,-19.221912164102523,-23.02255443131144,-26.605261691384936
2011-06-08,-1.4597125982345527,-19.221912164102523,-23.02255443131144,-26.59614172693376
2011-06-09,0.14141413943262737,-19.221912164102523,-23.02255443131144,-26.58702176248258
2011-06-10,1.04758362457531,-19.221912164102523,-23.02255443131144,-26.577901798031398
2011-06-13,0.12308608749176386,-19.221912164102523,-23.02255443131144,-26.56878183358022
2011-06-14,1.6345259452303917,-19.221912164102523,-23.02255443131144,-26.55966186912904
2011-06-15,-2.1801785305814447,-19.221912164102523,-23.02255443131144,-26.550541904677864
2011-06-16,-2.382670863659908,-19.221912164102523,-23.02255443131144,-26.541421940226684
2011-06-17,-3.2292195270323787,-19.221912164102523,-23.02255443131144,-26.5323019757755
2011-06-20,-4.423935062203322,-19.221912164102523,-23.02255443131144,-26.523182011324323
2011-06-21,-2.613936216931212,-19.221912164102523,-23.02255443131144,-26.514062046873143
2011-06-22,-2.789063350373422,-19.221912164102523,-23.02255443131144,-26.504942082421966
2011-06-23,-2.830264402334004,-19.221912164102523,-23.02255443131144,-26.495822117970786
2011-06-24,-4.965423335810937,-19.221912164102523,-23.02255443131144,-26.486702153519605
2011-06-27,-3.5795160069452048,-19.221912164102523,-23.02255443131144,-26.47758218906843
2011-06-28,-2.199565921099056,-19.221912164102523,-23.02255443131144,-26.468462224617248
2011-06-29,-1.4725947285926577,-19.221912164102523,-23.02255443131144,-26.45934226016607
2011-06-30,0.10212471235888643,-19.221912164102523,-23.02255443131144,-26.45022229571489
2011-07-01,1.362678029778297,-19.221912164102523,-23.02255443131144,-26.44110233126371
2011-07-05,1.941488576412409,-19.221912164102523,-23.02255443131144,-26.431982366812534
2011-07-06,2.75916813048529,-19.221912164102523,-23.02255443131144,-26.431677027075626
2011-07-07,4.515763944467466,-19.221912164102523,-23.02255443131144,-26.431371687338718
2011-07-08,4.954385695206631,-19.221912164102523,-23.02255443131144,-26.43106634760181
2011-07-11,2.1818487378425067,-19.221912164102523,-23.02255443131144,-26.430761007864902
2011-07-12,1.5848300434152085,-19.221912164102523,-23.02255443131144,-26.430455668127994
2011-07-13,2.1887506206832885,-19.221912164102523,-23.02255443131144,-26.430150328391086
2011-07-14,1.7216417131177497,-19.221912164102523,-23.02255443131144,-26.429844988654178
2011-07-15,2.4383974485777227,-19.221912164102523,-23.02255443131144,-26.42953964891727
2011-07-18,-0.36379503459510465,-19.221912164102523,-23.02255443131144,-26.429234309180362
2011-07-19,1.1010982640647038,-19.221912164102523,-23.02255443131144,-26.428928969443454
2011-07-20,0.41343276447030064,-19.221912164102523,-23.02255443131144,-26.428623629706546
2011-07-21,0.5146197351980408,-19.221912164102523,-23.02255443131144,-26.42831828996964
2011-07-22,0.8680627604854552,-19.221912164102523,-23.02255443131144,-26.42801295023273
2011-07-25,0.8181939000115435,-19.221912164102523,-23.02255443131144,-26.427707610495823
2011-07-26,1.1579827865467518,-19.221912164102523,-23.02255443131144,-26.427402270758915
2011-07-27,-1.2706940017783608,-19.221912164102523,-23.02255443131144,-26.427096931022007
2011-07-28,-0.6289014541532412,-19.221912164102523,-23.02255443131144,-26.4267915912851
2011-07-29,-0.8012425612960339,-19.221912164102523,-23.02255443131144,-26.42648625154819
2011-08-01,-0.7208926963203299,-19.221912164102523,-23.02255443131144,-26.426180911811283
2011-08-02,-3.546129619753846,-19.221912164102523,-23.02255443131144,-26.425875572074375
2011-08-03,-2.98552366241448,-19.221912164102523,-23.02255443131144,-26.420449628009326
2011-08-04,-8.275292738426232,-19.221912164102523,-23.02255443131144,-26.41502368394428
2011-08-05,-8.183979996997682,-19.221912164102523,-23.02255443131144,-26.409597739879235
2011-08-08,-14.221280217502485,-19.221912164102523,-23.02255443131144,-26.404171795814186
2011-08-09,-9.006524050824083,-19.221912164102523,-23.02255443131144,-26.39874585174914
2011-08-10,-11.194410709640202,-19.221912164102523,-23.02255443131144,-26.393319907684095
2011-08-11,-7.540922425844087,-19.221912164102523,-23.02255443131144,-26.38789396361905
2011-08-12,-7.493962857265535,-19.221912164102523,-23.02255443131144,-26.382468019554
2011-08-15,-6.4039105392028395,-19.221912164102523,-23.02255443131144,-26.37704207548895
2011-08-16,-6.489097207977268,-19.221912164102523,-23.02255443131144,-26.371616131423906
2011-08-17,-5.656129360555084,-19.221912164102523,-23.02255443131144,-26.36619018735886
2011-08-18,-9.731991355623471,-19.221912164102523,-23.02255443131144,-26.36076424329381
2011-08-19,-11.705335642606073,-19.221912164102523,-23.02255443131144,-26.355338299228766
2011-08-22,-11.930440237503358,-19.221912164102523,-23.02255443131144,-26.34991235516372
2011-08-23,-8.762664516631279,-19.221912164102523,-22.860939851404563,-26.344486411098675
2011-08-24,-9.51246807456726,-19.221912164102523,-22.860939851404563,-26.339060467033626
2011-08-25,-9.009296380463482,-19.221912164102523,-22.860939851404563,-26.333634522968577
2011-08-26,-6.9227106134327805,-19.221912164102523,-22.197590171676364,-26.328208578903535
2011-08-29,-2.869837315883861,-19.221912164102523,-22.092550752294123,-26.322782634838486
2011-08-30,-1.4248412601046812,-19.221912164102523,-22.092550752294123,-26.31735669077344
2011-08-31,-1.0864719135911582,-19.221912164102523,-22.092550752294123,-26.31522533792103
2011-09-01,-1.2768837638764574,-19.221912164102523,-22.092550752294123,-26.313093985068626
2011-09-02,-3.7667148675374906,-19.221912164102523,-22.092550752294123,-26.310962632216217
2011-09-06,-2.251323631440716,-19.221912164102523,-22.092550752294123,-26.308831279363808
2011-09-07,0.2249488714269221,-19.221912164102523,-22.092550752294123,-26.306699926511403
2011-09-08,-1.4955747576097855,-19.221912164102523,-21.904180412925438,-26.304568573658994
2011-09-09,-1.8242268983955312,-19.221912164102523,-21.836978728980956,-26.30243722080659
2011-09-12,-0.18277321344843944,-19.221912164102523,-21.72317346599944,-26.30030586795418
2011-09-13,1.4686761518520886,-19.221912164102523,-21.705079694275707,-26.29817451510177
2011-09-14,2.3857978968157,-19.221912164102523,-21.414308029916896,-26.296043162249365
2011-09-15,1.7200810624902863,-19.221912164102523,-21.34836817650793,-26.293911809396956
2011-09-16,3.399595585053383,-19.221912164102523,-21.34836817650793,-26.29178045654455
2011-09-19,2.48290063322516,-19.221912164102523,-21.337982487404943,-26.289649103692142
2011-09-20,3.83151307950107,-19.221912164102523,-21.33643373319712,-26.287517750839733
2011-09-21,0.41950652555047263,-19.221912164102523,-21.277642056556193,-26.285386397987327
2011-09-22,-4.265256987821475,-19.221912164102523,-21.169618691947854,-26.28325504513492
2011-09-23,-3.6420638026951058,-19.221912164102523,-21.01917828696643,-26.281123692282513
2011-09-26,-3.802501090346,-19.221912164102523,-21.00168840925834,-26.278992339430104
2011-09-27,-4.245001261785209,-19.221912164102523,-20.88920730612619,-26.276860986577695
2011-09-28,-6.133655957465367,-19.221912164102523,-20.805493285565305,-26.27472963372529
2011-09-29,-7.554339358061823,-19.221912164102523,-20.73519182264833,-26.273107116300547
2011-09-30,-11.156499406635989,-19.221912164102523,-20.656430250995115,-26.271484598875805
2011-10-03,-13.206870161121687,-19.221912164102523,-20.42482094143872,-26.269862081451066
2011-10-04,-9.789659738595724,-19.221912164102523,-20.367608673707842,-26.268239564026324
2011-10-05,-6.765690643977573,-19.221912164102523,-20.119319841688757,-26.26661704660158
2011-10-06,-5.592049369571317,-19.221912164102523,-20.06901070110575,-26.264994529176843
2011-10-07,-5.115837550732671,-19.221912164102523,-20.046120525142857,-26.2633720117521
2011-10-10,-3.123931642563149,-19.221912164102523,-20.028139583538977,-26.261749494327358
2011-10-11,-1.9403847836643062,-19.221912164102523,-20.001365501226992,-26.26012697690262
2011-10-12,-3.6465279200016965,-19.221912164102523,-20.000000154859162,-26.258504459477876
2011-10-13,-2.3464599942104813,-19.221912164102523,-19.933955702128006,-26.256881942053134
2011-10-14,-1.1918618104358902,-19.221912164102523,-19.853536457212652,-26.25525942462839
2011-10-17,-3.715992760888598,-19.221912164102523,-19.853536457212652,-26.253636907203653
2011-10-18,-2.3258658017517586,-19.221912164102523,-19.853536457212652,-26.25201438977891
2011-10-19,-4.4532743792749745,-19.221912164102523,-19.803809391714676,-26.25039187235417
2011-10-20,-2.403167492396341,-19.221912164102523,-19.79149261883388,-26.24876935492943
2011-10-21,-1.3485041857354885,-19.221912164102523,-19.79149261883388,-26.247146837504687
2011-10-24,1.0301611452795845,-19.221912164102523,-19.79149261883388,-26.245524320079944
2011-10-25,-0.4930210575334715,-19.221912164102523,-19.79149261883388,-26.243901802655206
2011-10-26,1.9641899454846623,-19.221912164102523,-19.79149261883388,-26.242279285230463
2011-10-27,3.781289262095111,-19.221912164102523,-19.79149261883388,-26.24220422103601
2011-10-28,9.005573941447809,-19.221912164102523,-19.79149261883388,-26.242129156841557
2011-10-31,7.8515663584421524,-19.221912164102523,-19.79149261883388,-26.242054092647102
2011-11-01,11.768576371380114,-19.221912164102523,-19.55238143590185,-26.241979028452647
2011-11-02,7.532728541443201,-19.221912164102523,-19.52129169357674,-26.241903964258196
2011-11-03,14.445090092620383,-19.221912164102523,-19.52129169357674,-26.24182890006374
2011-11-04,9.051270459132809,-19.221912164102523,-19.52129169357674,-26.241753835869286
2011-11-07,8.861259322704761,-19.221912164102523,-19.52129169357674,-26.241678771674835
2011-11-08,8.51399728637865,-19.221912164102523,-19.52129169357674,-26.24160370748038
2011-11-09,5.592586411937206,-19.221912164102523,-19.52129169357674,-26.241528643285925
2011-11-10,6.167125813911967,-19.221912164102523,-19.52129169357674,-26.241453579091473
2011-11-11,13.751350749047608,-19.221912164102523,-19.52129169357674,-26.24137851489702
2011-11-14,15.122240833582445,-19.221912164102523,-19.52129169357674,-26.241303450702567
2011-11-15,15.986521238178476,-19.221912164102523,-19.52129169357674,-26.241228386508112
2011-11-16,9.55444800179215,-19.221912164102523,-19.52129169357674,-26.241153322313657
2011-11-17,6.154121424839465,-19.221912164102523,-19.52129169357674,-26.241078258119206
2011-11-18,7.084338431042192,-19.221912164102523,-19.52129169357674,-26.24100319392475
2011-11-21,2.4653944136377115,-19.221912164102523,-19.52129169357674,-26.240928129730296
2011-11-22,0.018669917925673296,-19.221912164102523,-19.52129169357674,-26.240853065535845
2011-11-23,-2.8780515633302195,-19.221912164102523,-19.52129169357674,-26.24077800134139
2011-11-25,-3.78281586865139,-19.221912164102523,-19.52129169357674,-26.23796990571768
2011-11-28,0.477571835119428,-19.221912164102523,-19.52129169357674,-26.23516181009397
2011-11-29,2.2521411843844596,-19.221912164102523,-19.52129169357674,-26.23235371447026
2011-11-30,6.011692365501919,-19.221912164102523,-19.52129169357674,-26.22954561884655
2011-12-01,4.107519382309754,-19.221912164102523,-19.52129169357674,-26.22673752322284
2011-12-02,4.291330574739471,-19.221912164102523,-19.52129169357674,-26.22392942759913
2011-12-05,7.8322600780973195,-19.221912164102523,-19.52129169357674,-26.22112133197542
2011-12-06,6.173230038182287,-19.221912164102523,-19.52129169357674,-26.21831323635171
2011-12-07,4.772628120466882,-19.221912164102523,-19.52129169357674,-26.215505140728002
2011-12-08,1.5591303340470652,-19.221912164102523,-19.52129169357674,-26.212697045104292
2011-12-09,1.681720173799972,-19.221912164102523,-19.52129169357674,-26.209888949480582
2011-12-12,-0.3710886798134472,-19.221912164102523,-19.52129169357674,-26.207080853856873
2011-12-13,-1.5015055284471113,-19.221912164102523,-19.52129169357674,-26.204272758233163
2011-12-14,-2.608234926869657,-19.221912164102523,-19.52129169357674,-26.201464662609453
2011-12-15,-1.1556507354726686,-19.221912164102523,-19.52129169357674,-26.198656566985743
2011-12-16,2.689433986658929,-19.221912164102523,-19.52129169357674,-26.195848471362034
2011-12-19,0.6083349875960931,-19.221912164102523,-19.52129169357674,-26.193040375738324
2011-12-20,2.3989443760920492,-19.221912164102523,-19.52129169357674,-26.190232280114614
2011-12-21,-0.10515813129301499,-19.221912164102523,-19.52129169357674,-26.187424184490904
2011-12-22,2.2614550264866917,-19.221912164102523,-19.52129169357674,-26.184616088867195
2011-12-23,4.3886063586579205,-19.221912164102523,-19.52129169357674,-26.182042317256467
2011-12-27,7.552283528380399,-19.221912164102523,-19.52129169357674,-26.179468545645737
2011-12-28,9.11560225999315,-19.221912164102523,-19.52129169357674,-26.176894774035013
2011-12-29,7.689681484387734,-19.221912164102523,-19.52129169357674,-26.174321002424282
2011-12-30,4.6938825862897104,-19.221912164102523,-19.52129169357674,-26.17174723081356
2012-01-03,4.936080487489614,-19.221912164102523,-19.52129169357674,-26.169173459202828
2012-01-04,6.080305464681679,-19.221912164102523,-19.52129169357674,-26.1665996875921
2012-01-05,3.3775715266483486,-19.221912164102523,-19.52129169357674,-26.164025915981373
2012-01-06,3.0365321125594535,-19.221912164102523,-19.52129169357674,-26.161452144370646
2012-01-09,2.1898410820224923,-19.221912164102523,-19.52129169357674,-26.15887837275992
2012-01-10,1.9976386054723516,-19.221912164102523,-19.52129169357674,-26.15630460114919
2012-01-11,0.3463487993840886,-19.221912164102523,-19.52129169357674,-26.15373082953846
2012-01-12,2.3260872860592086,-19.221912164102523,-19.52129169357674,-26.151157057927737
2012-01-13,0.7097447459204265,-19.221912164102523,-19.52129169357674,-26.148583286317006
2012-01-17,3.6286286090554842,-19.221912164102523,-19.52129169357674,-26.14600951470628
2012-01-18,5.524956895792488,-19.221912164102523,-19.52129169357674,-26.14343574309555
2012-01-19,4.865588421633804,-19.221912164102523,-19.52129169357674,-26.140861971484824
2012-01-20,2.5775974007645086,-19.221912164102523,-19.52129169357674,-26.138288199874097
2012-01-23,4.669889976541608,-19.221912164102523,-19.52129169357674,-26.13571442826337
2012-01-24,4.605020147541716,-19.221912164102523,-19.52129169357674,-26.133140656652643
2012-01-25,3.075876830169899,-19.221912164102523,-19.52129169357674,-26.131968722107896
2012-01-26,2.560832151989345,-19.221912164102523,-19.52129169357674,-26.130796787563153
2012-01-27,4.62474221207021,-19.221912164102523,-19.52129169357674,-26.12962485301841
2012-01-30,7.512810150655813,-19.221912164102523,-19.52129169357674,-26.128452918473663
2012-01-31,6.747247402035983,-19.221912164102523,-19.52129169357674,-26.12728098392892
2012-02-01,5.425818859627229,-19.221912164102523,-19.52129169357674,-26.126109049384173
2012-02-02,6.3029795999897775,-19.221912164102523,-19.52129169357674,-26.12493711483943
2012-02-03,7.002785991933758,-19.221912164102523,-19.52129169357674,-26.123765180294683
2012-02-06,5.699948972179647,-19.221912164102523,-19.52129169357674,-26.12259324574994
2012-02-07,9.781069815083864,-19.221912164102523,-19.52129169357674,-26.121421311205197
2012-02-08,10.422478783079203,-19.221912164102523,-19.52129169357674,-26.12024937666045
2012-02-09,9.160930667676958,-19.221912164102523,-19.52129169357674,-26.119077442115703
2012-02-10,9.076222828872282,-19.221912164102523,-19.52129169357674,-26.11790550757096
2012-02-13,8.87687622432891,-19.221912164102523,-19.52129169357674,-26.116733573026217
2012-02-14,10.986077596149224,-19.221912164102523,-19.52129169357674,-26.11556163848147
2012-02-15,12.858789311366547,-19.221912164102523,-19.52129169357674,-26.114389703936727
2012-02-16,15.293029529120371,-19.221912164102523,-19.52129169357674,-26.11321776939198
2012-02-17,17.17257537827528,-19.221912164102523,-19.52129169357674,-26.112045834847237
2012-02-21,17.117136741416992,-19.221912164102523,-19.52129169357674,-26.11087390030249
2012-02-22,19.274079550455102,-19.221912164102523,-19.52129169357674,-26.109701965757747
2012-02-23,20.99613914695182,-19.221912164102523,-19.52129169357674,-26.10651307018963
2012-02-24,17.331128511767147,-19.221912164102523,-19.52129169357674,-26.103324174621516
2012-02-27,18.230857749880247,-19.221912164102523,-19.52129169357674,-26.100135279053404
2012-02-28,15.173633359183714,-19.221912164102523,-19.52129169357674,-26.09694638348529
2012-02-29,13.869874592512211,-19.221912164102523,-19.52129169357674,-26.093757487917177
2012-03-01,15.095816827055497,-19.221912164102523,-19.52129169357674,-26.09056859234906
2012-03-02,13.761464911691125,-19.221912164102523,-19.52129169357674,-26.087379696780946
2012-03-05,12.902075679829906,-19.221912164102523,-19.52129169357674,-26.084190801212834
2012-03-06,11.794162892219884,-19.221912164102523,-19.52129169357674,-26.08100190564472
2012-03-07,14.582992698999764,-19.221912164102523,-19.52129169357674,-26.077813010076603
2012-03-08,13.989133844533264,-19.221912164102523,-19.52129169357674,-26.07462411450849
2012-03-09,15.763796286854603,-19.221912164102523,-19.52129169357674,-26.071435218940376
2012-03-12,17.10500760162017,-19.221912164102523,-19.52129169357674,-26.06824632337226
2012-03-13,21.17390865069717,-19.221912164102523,-19.52129169357674,-26.06505742780415
2012-03-14,21.927707989918698,-19.221912164102523,-19.52129169357674,-26.061868532236034
2012-03-15,21.6516507077557,-19.221912164102523,-19.52129169357674,-26.058679636667918
2012-03-16,22.77439631931941,-19.221912164102523,-19.52129169357674,-26.055490741099806
2012-03-19,20.082712605978024,-19.221912164102523,-19.52129169357674,-26.05230184553169
2012-03-20,22.04348187024676,-19.221912164102523,-19.52129169357674,-26.049112949963575
2012-03-21,21.02986072294657,-19.221912164102523,-19.52129169357674,-26.045924054395464
2012-03-22,19.743650368886257,-19.221912164102523,-19.52129169357674,-26.04275426100021
2012-03-23,19.227798577038246,-19.221912164102523,-19.52129169357674,-26.039584467604953
2012-03-26,22.730169854539817,-19.221912164102523,-19.52129169357674,-26.0364146742097
2012-03-27,22.032269881047895,-19.221912164102523,-19.52129169357674,-26.033244880814443
2012-03-28,21.89756837940495,-19.221912164102523,-19.52129169357674,-26.03007508741919
2012-03-29,19.14757298528278,-19.221912164102523,-19.52129169357674,-26.026905294023933
2012-03-30,18.419239560456813,-19.221912164102523,-19.52129169357674,-26.02373550062868
2012-04-02,18.670262275540583,-19.221912164102523,-19.52129169357674,-26.020565707233423
2012-04-03,18.22505896135724,-19.221912164102523,-19.52129169357674,-26.01739591383817
2012-04-04,16.99814183863144,-19.221912164102523,-19.52129169357674,-26.014226120442913
2012-04-05,16.87635879258005,-19.221912164102523,-19.52129169357674,-26.01105632704766
2012-04-09,15.756828394073509,-19.221912164102523,-19.52129169357674,-26.007886533652403
2012-04-10,13.44808261575099,-19.221912164102523,-19.52129169357674,-26.004716740257148
2012-04-11,14.408521292543819,-19.221912164102523,-19.52129169357674,-26.001546946861893
2012-04-12,14.6724106067442,-19.221912164102523,-19.52129169357674,-25.998377153466638
2012-04-13,11.451403592653907,-19.221912164102523,-19.52129169357674,-25.995207360071383
2012-04-16,9.524187489740864,-19.221912164102523,-19.52129169357674,-25.992037566676128
2012-04-17,11.918085899791574,-19.221912164102523,-19.52129169357674,-25.988867773280873
2012-04-18,11.59583957477539,-19.221912164102523,-19.52129169357674,-25.985697979885618
2012-04-19,10.54269288391152,-19.221912164102523,-19.52129169357674,-25.982528186490363
2012-04-20,8.8723697498035,-19.221912164102523,-19.52129169357674,-25.98088712839199
2012-04-23,8.253992588317649,-19.221912164102523,-19.52129169357674,-25.979246070293623
2012-04-24,7.350928792239908,-19.221912164102523,-19.52129169357674,-25.97760501219525
2012-04-25,10.11228651291811,-19.221912164102523,-19.52129169357674,-25.975963954096883
2012-04-26,10.612161380401064,-19.221912164102523,-19.52129169357674,-25.97432289599851
2012-04-27,10.380564489384714,-19.221912164102523,-19.52129169357674,-25.972681837900144
2012-04-30,9.252427450991041,-19.221912164102523,-19.52129169357674,-25.971040779801772
2012-05-01,7.951004252391303,-19.221912164102523,-19.52129169357674,-25.969399721703404
2012-05-02,8.345023997250212,-19.221912164102523,-19.52129169357674,-25.967758663605032
2012-05-03,6.9736174944274865,-19.221912164102523,-19.52129169357674,-25.96611760550666
2012-05-04,3.762257759898535,-19.221912164102523,-19.52129169357674,-25.964476547408292
2012-05-07,3.115581823624902,-19.221912164102523,-19.52129169357674,-25.96283548930992
2012-05-08,3.457016016565051,-19.221912164102523,-19.430037421789745,-25.961194431211553
2012-05-09,2.187570590897603,-19.221912164102523,-19.430037421789745,-25.95955337311318
2012-05-10,1.7229003711918711,-19.221912164102523,-19.430037421789745,-25.957912315014813
2012-05-11,2.4199853389445414,-19.221912164102523,-19.369149433816183,-25.95627125691644
2012-05-14,0.09116216107876163,-19.221912164102523,-19.369149433816183,-25.95463019881807
2012-05-15,0.07511841060838798,-19.221912164102523,-19.369149433816183,-25.9529891407197
2012-05-16,-0.8852121591435225,-19.221912164102523,-19.369149433816183,-25.95134808262133
2012-05-17,-2.535280931223449,-19.221912164102523,-19.369149433816183,-25.94970702452296
2012-05-18,-4.434734880343982,-19.221912164102523,-19.369149433816183,-25.94837551945066
2012-05-21,-2.101020506452611,-19.221912164102523,-19.369149433816183,-25.94704401437836
2012-05-22,-2.348064321993648,-19.221912164102523,-19.369149433816183,-25.94571250930606
2012-05-23,-3.1433116886864454,-19.221912164102523,-19.369149433816183,-25.944381004233755
2012-05-24,-3.3448618032566158,-19.221912164102523,-19.369149433816183,-25.943049499161454
2012-05-25,-4.2276000113454675,-19.221912164102523,-19.369149433816183,-25.941717994089153
2012-05-29,-2.9338976837598674,-19.221912164102523,-19.369149433816183,-25.940386489016852
2012-05-30,-2.7478394105151738,-19.221912164102523,-19.369149433816183,-25.93905498394455
2012-05-31,-2.2094929819609255,-19.221912164102523,-19.369149433816183,-25.93772347887225
2012-06-01,-5.537585272998358,-19.221912164102523,-19.33454919513974,-25.93639197379995
2012-06-04,-5.832585220100583,-19.221912164102523,-19.267806691908067,-25.93506046872765
2012-06-05,-5.838466755995208,-19.221912164102523,-19.21848706195919,-25.933728963655348
2012-06-06,-3.726052917808287,-19.221912164102523,-18.734995335171327,-25.932397458583047
2012-06-07,-5.862090522662545,-19.221912164102523,-18.68115726641419,-25.931065953510743
2012-06-08,-5.283801221301854,-19.221912164102523,-18.66424448063737,-25.929734448438445
2012-06-11,-7.146070717996578,-19.221912164102523,-18.387999289759037,-25.92840294336614
2012-06-12,-5.953090002430317,-19.221912164102523,-18.264002406444703,-25.92707143829384
2012-06-13,-7.254809599393541,-19.221912164102523,-18.219305995340058,-25.92573993322154
2012-06-14,-7.077931689464634,-19.221912164102523,-18.068489663166567,-25.92440842814924
2012-06-15,-5.9401086188397905,-19.221912164102523,-17.986665844643213,-25.923076923076938
2012-06-18,-4.860647870176271,-19.221912164102523,-17.945505679596895,-25.92081139496467
2012-06-19,-3.815606126671467,-19.221912164102523,-17.894722239440114,-25.918545866852398
2012-06-20,-5.39428630392843,-19.221912164102523,-17.826927828384495,-25.91628033874013
2012-06-21,-7.884007619615363,-19.221912164102523,-17.817099794505555,-25.91401481062786
2012-06-22,-6.544283989146171,-19.221912164102523,-17.754513399622244,-25.911749282515594
2012-06-25,-7.9919497449722705,-19.221912164102523,-17.749440782541143,-25.909483754403322
2012-06-26,-7.236224086848219,-19.221912164102523,-17.71235739516968,-25.907218226291054
2012-06-27,-7.6296011613300685,-19.221912164102523,-17.675299959678046,-25.904952698178786
2012-06-28,-8.630801356549533,-19.221912164102523,-17.65021182433155,-25.902687170066514
2012-06-29,-4.449246825469699,-19.221912164102523,-17.507312238368137,-25.900421641954246
2012-07-02,-4.760654491469419,-19.221912164102523,-17.217437473951374,-25.898156113841978
2012-07-03,-3.232683152290794,-19.221912164102523,-17.20023363581054,-25.895890585729706
2012-07-05,-1.5917024104841082,-19.221912164102523,-17.160849926188785,-25.893625057617438
2012-07-06,-3.2873272713244805,-19.221912164102523,-16.99478800665442,-25.89135952950517
2012-07-09,-4.559896185769685,-19.221912164102523,-16.98333978028173,-25.8890940013929
2012-07-10,-4.043119414496832,-19.221912164102523,-16.95710337431758,-25.88682847328063
2012-07-11,-3.494161182332034,-19.221912164102523,-16.89290511060975,-25.884562945168362
2012-07-12,-6.301691924283615,-19.221912164102523,-16.83415909565231,-25.882297417056094
2012-07-13,-4.633109348049436,-19.221912164102523,-16.775055650555828,-25.880031888943822
2012-07-16,-3.8210189551192153,-19.221912164102523,-16.72622214521336,-25.877766360831554
2012-07-17,-3.05386055770277,-19.221912164102523,-16.71161631888531,-25.873590599522203
2012-07-18,-0.835624076704411,-19.221912164102523,-16.64379945500875,-25.869414838212847
2012-07-19,0.799915353544689,-19.221912164102523,-16.6195865853723,-25.865239076903496
2012-07-20,-3.106337751666133,-19.221912164102523,-16.232297470158667,-25.861063315594144
2012-07-23,-4.84130826132284,-19.221912164102523,-16.195913277811133,-25.856887554284793
2012-07-24,-6.1526874221714545,-19.221912164102523,-15.95789165898496,-25.85271179297544
2012-07-25,-6.108482148959471,-19.221912164102523,-15.912487476525559,-25.848536031666086
2012-07-26,-5.018903852986223,-19.221912164102523,-15.907680033854007,-25.844360270356734
2012-07-27,-3.046118259803776,-19.221912164102523,-15.712614315484098,-25.840184509047383
2012-07-30,-2.0841663100969687,-19.221912164102523,-15.676908417699261,-25.83600874773803
2012-07-31,0.38194000480777923,-19.221912164102523,-15.601105084338062,-25.83183298642868
2012-08-01,-0.0051324917677453286,-19.221912164102523,-15.586303809434865,-25.827657225119324
2012-08-02,0.009541507738530797,-19.221912164102523,-15.520025817864047,-25.823481463809973
2012-08-03,2.221585828468009,-19.221912164102523,-15.500263636262776,-25.81930570250062
2012-08-06,3.2093102881071145,-19.221912164102523,-15.47323442908044,-25.81512994119127
2012-08-07,4.084309980675727,-19.221912164102523,-15.251202179572008,-25.810954179881918
2012-08-08,5.019253944173352,-19.221912164102523,-15.205293326377932,-25.806778418572563
2012-08-09,5.683597429562615,-19.221912164102523,-15.167914050946187,-25.80260265726321
2012-08-10,6.4693164126039315,-19.221912164102523,-15.033699139895988,-25.79842689595386
2012-08-13,9.027990388675589,-19.221912164102523,-14.957996459303622,-25.794251134644508
2012-08-14,10.511788448537729,-19.221912164102523,-14.672708309779612,-25.791529086008318
2012-08-15,7.778924942075149,-19.221912164102523,-14.600745586548655,-25.788807037372127
2012-08-16,9.183884120577112,-19.221912164102523,-14.566131552161945,-25.786084988735936
2012-08-17,9.455080501107194,-19.221912164102523,-14.545142120957443,-25.783362940099746
2012-08-20,10.338412987629585,-19.221912164102523,-14.538046312828607,-25.780640891463555
2012-08-21,10.044652974715017,-19.221912164102523,-14.431798587073793,-25.777918842827365
2012-08-22,9.108096615646065,-19.221912164102523,-14.376275129528556,-25.77519679419117
2012-08-23,9.135375155279114,-19.221912164102523,-14.376275129528556,-25.772474745554984
2012-08-24,10.288481256002635,-19.221912164102523,-14.361915118222052,-25.76975269691879
2012-08-27,13.483336350153152,-19.221912164102523,-14.3470522385744,-25.7670306482826
2012-08-28,12.625734383010201,-19.221912164102523,-14.308427874424723,-25.76430859964641
2012-08-29,12.165059741521244,-19.221912164102523,-14.248186408099082,-25.761586551010218
2012-08-30,8.547207186583016,-19.221912164102523,-14.222472242647745,-25.758864502374028
2012-08-31,9.707307060336468,-19.221912164102523,-14.110886653207746,-25.756142453737837
2012-09-04,8.54871244336206,-19.221912164102523,-14.097970558514394,-25.753420405101647
2012-09-05,10.29673876521706,-19.221912164102523,-13.933604270968237,-25.750698356465456
2012-09-06,11.393613109257238,-19.221912164102523,-13.900291108842639,-25.747976307829266
2012-09-07,12.003249965834728,-19.221912164102523,-13.871638712111466,-25.745254259193075
2012-09-10,10.159717543433588,-19.221912164102523,-13.830168002942973,-25.742532210556885
2012-09-11,8.63628906453684,-19.221912164102523,-13.786628198346461,-25.739810161920694
2012-09-12,7.942741863679381,-19.221912164102523,-13.770792371896823,-25.738302216679486
2012-09-13,8.281444383149083,-19.221912164102523,-13.757670927086519,-25.736794271438278
2012-09-14,9.16161036828651,-19.221912164102523,-13.695124054724804,-25.73528632619707
2012-09-17,11.995534570900102,-19.221912164102523,-13.657396193451522,-25.73377838095586
2012-09-18,10.923438572413179,-19.221912164102523,-13.425897192131378,-25.732270435714653
2012-09-19,13.310800443568315,-19.221912164102523,-13.397245762506909,-25.730762490473445
2012-09-20,12.49200466427891,-19.221912164102523,-13.357242265526402,-25.729254545232237
2012-09-21,11.844196850988741,-19.221912164102523,-13.287748865314983,-25.72774659999103
2012-09-24,12.441845774527515,-19.221912164102523,-13.224879035837768,-25.72623865474982
2012-09-25,7.475117309283008,-19.221912164102523,-13.22110406301055,-25.724730709508613
2012-09-26,6.285064555973929,-19.221912164102523,-13.22110406301055,-25.723222764267405
2012-09-27,6.853321762932518,-19.221912164102523,-13.22110406301055,-25.721714819026197
2012-09-28,5.907122645263363,-19.221912164102523,-13.207580138237827,-25.72020687378499
2012-10-01,7.088597227669524,-19.221912164102523,-13.204859197666918,-25.71869892854378
2012-10-02,7.60277910919831,-19.221912164102523,-13.064074094715213,-25.717190983302572
2012-10-03,9.36884440768746,-19.221912164102523,-13.043416213900194,-25.715683038061364
2012-10-04,10.358167460315371,-19.221912164102523,-12.791951992729134,-25.714175092820156
2012-10-05,10.806771287644645,-19.221912164102523,-12.73602144707327,-25.712667147578948
2012-10-08,8.149046150325457,-19.221912164102523,-12.67055025254458,-25.71115920233774
2012-10-09,6.727471261186513,-19.221912164102523,-12.595116167776666,-25.70965125709653
2012-10-10,5.636377476589982,-19.221912164102523,-12.530732901692774,-25.70837935823078
2012-10-11,3.8984192524185834,-19.221912164102523,-12.523854349970815,-25.70710745936503
2012-10-12,2.719061110653498,-19.221912164102523,-12.523854349970815,-25.70583556049928
2012-10-15,4.859128766754539,-19.221912164102523,-12.523854349970815,-25.70456366163353
2012-10-16,7.64925328985544,-19.221912164102523,-12.523854349970815,-25.70329176276778
2012-10-17,8.440440256529147,-19.221912164102523,-12.523854349970815,-25.702019863902027
2012-10-18,7.901896338797942,-19.221912164102523,-12.523854349970815,-25.70074796503628
2012-10-19,3.940756339650253,-19.221912164102523,-12.523854349970815,-25.699476066170526
2012-10-22,2.062924399269317,-19.221912164102523,-12.523854349970815,-25.698204167304777
2012-10-23,1.1669681782350283,-19.221912164102523,-12.523854349970815,-25.696932268439028
2012-10-24,0.8422437251311976,-19.221912164102523,-12.523854349970815,-25.695660369573275
2012-10-25,1.1387964619158586,-19.221912164102523,-12.523854349970815,-25.694388470707523
2012-10-26,1.7960799950802242,-19.221912164102523,-12.523854349970815,-25.693116571841774
2012-10-31,-0.7085776274658673,-19.221912164102523,-12.523854349970815,-25.691844672976025
2012-11-01,-0.06383986103778438,-19.221912164102523,-12.523854349970815,-25.690572774110272
2012-11-02,-1.9417876720095983,-19.221912164102523,-12.523854349970815,-25.689300875244523
2012-11-05,-1.2503399113798053,-19.221912164102523,-12.523854349970815,-25.68802897637877
2012-11-06,-1.365801492499208,-19.221912164102523,-12.523854349970815,-25.686757077513022
2012-11-07,-3.7497032725809953,-19.221912164102523,-12.523854349970815,-25.68548517864727
2012-11-08,-5.49078738957145,-19.221912164102523,-12.523854349970815,-25.68421327978152
2012-11-09,-5.129249124878332,-19.221912164102523,-12.523854349970815,-25.679382739690638
2012-11-12,-5.384097665337628,-19.221912164102523,-12.523854349970815,-25.674552199599752
2012-11-13,-7.145603140409418,-19.221912164102523,-12.523854349970815,-25.669721659508873
2012-11-14,-8.639563402780915,-19.221912164102523,-12.523854349970815,-25.66489111941799
2012-11-15,-9.080897333044147,-19.221912164102523,-12.523854349970815,-25.66006057932711
2012-11-16,-8.323378988737485,-19.221912164102523,-12.523854349970815,-25.655230039236226
2012-11-19,-6.529537624990023,-19.221912164102523,-12.523854349970815,-25.650399499145344
2012-11-20,-5.72875706649617,-19.221912164102523,-12.523854349970815,-25.64556895905446
2012-11-21,-6.117636529221382,-19.221912164102523,-12.523854349970815,-25.64073841896358
2012-11-23,-4.846444227480584,-19.221912164102523,-12.523854349970815,-25.6359078788727
2012-11-26,-4.435922211522858,-19.221912164102523,-12.523854349970815,-25.631077338781814
2012-11-27,-4.7584784200285,-19.221912164102523,-12.523854349970815,-25.626246798690932
2012-11-28,-2.9585035699741247,-19.221912164102523,-12.523854349970815,-25.62141625860005
2012-11-29,-3.0253642383992974,-19.221912164102523,-12.523854349970815,-25.616585718509167
2012-11-30,-3.087671303143036,-19.221912164102523,-12.523854349970815,-25.61175517841829
2012-12-03,-3.179610732475513,-19.221912164102523,-12.523854349970815,-25.606924638327403
2012-12-04,-5.339980259432253,-19.221912164102523,-12.523854349970815,-25.60209409823652
2012-12-05,-6.258053702644939,-19.221912164102523,-12.523854349970815,-25.59726355814564
2012-12-06,-4.426279073392891,-19.221912164102523,-12.523854349970815,-25.592433018054756
2012-12-07,-4.844194626978493,-19.221912164102523,-12.523854349970815,-25.587602477963877
2012-12-10,-4.843851573054514,-19.221912164102523,-12.523854349970815,-25.58749265710328
2012-12-11,-4.8906178521130546,-19.221912164102523,-12.523854349970815,-25.587382836242682
2012-12-12,-5.930913251071357,-19.221912164102523,-12.523854349970815,-25.587273015382088
2012-12-13,-6.713859280010115,-19.221912164102523,-12.523854349970815,-25.58716319452149
2012-12-14,-7.678328019604064,-19.221912164102523,-12.523854349970815,-25.587053373660893
2012-12-17,-6.62374023084319,-19.221912164102523,-12.523854349970815,-25.586943552800296
2012-12-18,-5.1048804235018785,-19.221912164102523,-12.523854349970815,-25.586833731939702
2012-12-19,-5.545259166121896,-19.221912164102523,-12.523854349970815,-25.586723911079105
2012-12-20,-4.989956745248136,-19.221912164102523,-12.523854349970815,-25.586614090218507
2012-12-21,-4.643695591605934,-19.221912164102523,-12.523854349970815,-25.58650426935791
2012-12-24,-4.052388724527156,-19.221912164102523,-12.523854349970815,-25.586394448497316
2012-12-26,-6.185912054469089,-19.221912164102523,-12.523854349970815,-25.58628462763672
2012-12-27,-5.552721638937674,-19.221912164102523,-12.523854349970815,-25.58617480677612
2012-12-28,-6.325391118803436,-19.221912164102523,-12.523854349970815,-25.586064985915524
2012-12-31,-4.6212247223679555,-19.221912164102523,-12.523854349970815,-25.58595516505493
2013-01-02,-2.216388336482489,-19.221912164102523,-12.523854349970815,-25.585845344194333
2013-01-03,-3.0623106863971294,-19.221912164102523,-12.523854349970815,-25.585735523333735
2013-01-04,-2.863086071586496,-19.221912164102523,-12.523854349970815,-25.585625702473138
2013-01-07,-1.938310375791863,-19.221912164102523,-12.523854349970815,-25.585515881612544
2013-01-08,-0.5435257531570481,-19.221912164102523,-12.523854349970815,-25.585406060751946
2013-01-09,0.3374712327179674,-19.221912164102523,-12.523854349970815,-25.58520552515621
2013-01-10,1.2563152556523738,-19.221912164102523,-12.523854349970815,-25.58500498956047
2013-01-11,1.4376083611060464,-19.221912164102523,-12.523854349970815,-25.584804453964733
2013-01-14,0.24848545635203223,-19.221912164102523,-12.523854349970815,-25.584603918368998
2013-01-15,-1.6367531018584014,-19.221912164102523,-12.523854349970815,-25.58440338277326
2013-01-16,-1.180128141814707,-19.221912164102523,-12.523854349970815,-25.584202847177522
2013-01-17,0.4582710223809183,-19.221912164102523,-12.523854349970815,-25.584002311581784
2013-01-18,2.691116500660651,-19.221912164102523,-12.523854349970815,-25.583801775986046
2013-01-22,2.32982255644012,-19.221912164102523,-12.523854349970815,-25.58360124039031
2013-01-23,3.9462454253443635,-19.221912164102523,-12.523854349970815,-25.58340070479457
2013-01-24,2.8778668369318083,-19.221912164102523,-12.523854349970815,-25.583200169198836
2013-01-25,3.402590750117529,-19.221912164102523,-12.523854349970815,-25.582999633603098
2013-01-28,3.3327916692984294,-19.221912164102523,-12.523854349970815,-25.58279909800736
2013-01-29,3.984664186473452,-19.221912164102523,-12.523854349970815,-25.582598562411622
2013-01-30,2.3185643086266916,-18.421471804791192,-12.523854349970815,-25.582398026815884
2013-01-31,3.1861359865408723,-18.421471804791192,-12.523854349970815,-25.582197491220146
2013-02-01,3.7208113044482127,-18.421471804791192,-12.523854349970815,-25.581996955624412
2013-02-04,1.725817193471535,-18.421471804791192,-12.523854349970815,-25.581796420028674
2013-02-05,5.7187505041372155,-18.421471804791192,-12.523854349970815,-25.581595884432936
2013-02-06,7.059026052731654,-18.421471804791192,-12.523854349970815,-25.581395348837198
2013-02-07,6.698444447731622,-18.421471804791192,-12.523854349970815,-25.580345838937944
2013-02-08,7.809372897444433,-18.421471804791192,-12.523854349970815,-25.579296329038694
2013-02-11,8.59450569675959,-18.421471804791192,-12.523854349970815,-25.57824681913944
2013-02-12,9.433230250310753,-18.421471804791192,-12.523854349970815,-25.577197309240187
2013-02-13,10.192801002377049,-18.421471804791192,-12.523854349970815,-25.576147799340937
2013-02-14,9.68294876446183,-18.421471804791192,-12.523854349970815,-25.575098289441684
2013-02-15,6.822444103860059,-18.421471804791192,-12.523854349970815,-25.57404877954243
2013-02-19,7.561301484001759,-18.421471804791192,-12.523854349970815,-25.57299926964318
2013-02-20,5.690917457650024,-18.421471804791192,-12.523854349970815,-25.571949759743926
2013-02-21,2.9956059986600225,-18.421471804791192,-12.523854349970815,-25.570900249844676
2013-02-22,3.586865643495063,-18.421471804791192,-12.523854349970815,-25.569850739945423
2013-02-25,2.6527809548506642,-18.421471804791192,-12.523854349970815,-25.56880123004617
2013-02-26,2.1591211943305932,-18.421471804791192,-12.523854349970815,-25.56775172014692
2013-02-27,2.592136147033819,-18.421471804791192,-12.523854349970815,-25.566702210247666
2013-02-28,2.5496810621865595,-18.421471804791192,-12.523854349970815,-25.565652700348412
2013-03-01,3.181467951751049,-18.421471804791192,-12.463493782296311,-25.564603190449162
2013-03-04,3.70404187451443,-18.421471804791192,-12.463493782296311,-25.56355368054991
2013-03-05,6.420010854708824,-18.421471804791192,-12.463493782296311,-25.562504170650655
2013-03-06,5.4740262245924765,-18.421471804791192,-12.463493782296311,-25.561454660751405
2013-03-07,6.386334176008535,-18.421471804791192,-12.463493782296311,-25.56040515085215
2013-03-08,6.199460479244734,-17.85099533364487,-12.463493782296311,-25.558731497525
2013-03-11,5.136002225054326,-17.231279714803907,-12.463493782296311,-25.557057844197846
2013-03-12,4.977689230461935,-16.994037471862978,-12.463493782296311,-25.555384190870697
2013-03-13,5.674945242435481,-16.894278171088818,-12.463493782296311,-25.553710537543544
2013-03-14,7.045292243408707,-16.83415909565231,-12.463493782296311,-25.552036884216392
2013-03-15,5.347864802083002,-16.83415909565231,-12.463493782296311,-25.55036323088924
2013-03-18,3.537685177912553,-16.83415909565231,-12.463493782296311,-25.54868957756209
2013-03-19,3.793084881193587,-16.83415909565231,-12.463493782296311,-25.547015924234938
2013-03-20,4.52326566442538,-16.83415909565231,-12.463493782296311,-25.545342270907785
2013-03-21,4.4289224034077534,-16.226876783847064,-12.463493782296311,-25.543668617580636
2013-03-22,5.654191352673976,-15.616197919484627,-12.463493782296311,-25.541994964253483
2013-03-25,6.199382610082216,-15.616197919484627,-12.463493782296311,-25.54032131092633
2013-03-26,6.94015778169792,-15.616197919484627,-12.463493782296311,-25.538647657599178
2013-03-27,8.12116245552219,-15.616197919484627,-12.463493782296311,-25.536974004272025
2013-03-28,6.14167313862759,-15.25306729442275,-12.463493782296311,-25.535300350944876
2013-04-01,2.171101048759949,-15.25306729442275,-12.463493782296311,-25.533626697617724
2013-04-02,3.515680675527566,-15.25306729442275,-12.463493782296311,-25.53195304429057
2013-04-03,2.90976198296764,-15.25306729442275,-12.463493782296311,-25.53027939096342
2013-04-04,2.9089468332183177,-15.25306729442275,-12.463493782296311,-25.52860573763627
2013-04-05,2.2511958816334943,-15.25306729442275,-12.463493782296311,-25.526932084309117
2013-04-08,2.4087638399902245,-15.25306729442275,-12.463493782296311,-25.518824909023632
2013-04-09,2.4853308298634857,-15.25306729442275,-12.463493782296311,-25.51071773373815
2013-04-10,4.345077093461125,-15.25306729442275,-12.463493782296311,-25.50261055845267
2013-04-11,4.767672700053827,-15.25306729442275,-12.463493782296311,-25.49450338316719
2013-04-12,5.2113524197897165,-15.25306729442275,-12.463493782296311,-25.486396207881707
2013-04-15,2.719151004559306,-15.25306729442275,-12.463493782296311,-25.478289032596226
2013-04-16,3.5870692501209334,-15.25306729442275,-12.463493782296311,-25.47018185731074
2013-04-17,1.7863017531473568,-15.25306729442275,-12.463493782296311,-25.462074682025264
2013-04-18,0.2171597842133055,-15.25306729442275,-12.463493782296311,-25.45396750673978
2013-04-19,0.9735541855512952,-15.25306729442275,-12.463493782296311,-25.4458603314543
2013-04-22,3.4348139167706515,-15.25306729442275,-12.463493782296311,-25.437753156168817
2013-04-23,3.897281366365979,-15.25306729442275,-12.463493782296311,-25.429645980883333
2013-04-24,3.620414792269866,-15.25306729442275,-12.463493782296311,-25.421538805597855
2013-04-25,4.157188444712401,-15.25306729442275,-12.463493782296311,-25.41343163031237
2013-04-26,4.045752403236125,-15.25306729442275,-12.463493782296311,-25.405324455026893
2013-04-29,5.238435167094901,-15.25306729442275,-12.463493782296311,-25.397217279741408
2013-04-30,4.765188315194657,-15.25306729442275,-12.463493782296311,-25.389110104455924
2013-05-01,6.12719461369069,-15.25306729442275,-12.463493782296311,-25.381002929170446
2013-05-02,5.90783936771635,-15.25306729442275,-12.463493782296311,-25.37289575388496
2013-05-03,7.506518794302308,-15.25306729442275,-12.463493782296311,-25.364788578599484
2013-05-06,7.827676461585709,-15.25306729442275,-12.463493782296311,-25.36341803597365
2013-05-07,6.674419881285343,-15.25306729442275,-12.463493782296311,-25.36204749334781
2013-05-08,7.1588652698796995,-15.25306729442275,-12.463493782296311,-25.360676950721974
2013-05-09,7.453879224228532,-15.25306729442275,-12.463493782296311,-25.35930640809614
2013-05-10,7.723316614061271,-15.25306729442275,-12.463493782296311,-25.357935865470303
2013-05-13,7.887782360610718,-15.25306729442275,-12.463493782296311,-25.356565322844464
2013-05-14,8.768448684319075,-15.25306729442275,-12.463493782296311,-25.35519478021863
2013-05-15,8.20776076929086,-15.25306729442275,-12.463493782296311,-25.353824237592793
2013-05-16,9.77940683972478,-15.25306729442275,-12.463493782296311,-25.352453694966957
2013-05-17,12.039174493979576,-15.25306729442275,-12.463493782296311,-25.35108315234112
2013-05-20,10.75690412103354,-15.25306729442275,-12.463493782296311,-25.349712609715283
2013-05-21,12.264164298300773,-15.25306729442275,-12.463493782296311,-25.348342067089447
2013-05-22,10.863679223017076,-15.25306729442275,-12.463493782296311,-25.346971524463612
2013-05-23,9.489090080932838,-15.25306729442275,-12.463493782296311,-25.345600981837773
2013-05-24,9.65779046350792,-15.25306729442275,-12.463493782296311,-25.344230439211938
2013-05-28,9.916130101292042,-15.25306729442275,-12.463493782296311,-25.342859896586102
2013-05-29,8.910570848425149,-15.25306729442275,-12.463493782296311,-25.341489353960267
2013-05-30,7.893970391467531,-15.25306729442275,-12.463493782296311,-25.340118811334428
2013-05-31,7.166834674046196,-15.25306729442275,-12.463493782296311,-25.338748268708592
2013-06-03,7.075698158656185,-15.25306729442275,-12.463493782296311,-25.337377726082757
2013-06-04,6.397301278108847,-15.25306729442275,-12.463493782296311,-25.332739922524606
2013-06-05,4.708159359692399,-15.25306729442275,-12.463493782296311,-25.328102118966456
2013-06-06,5.599575465991546,-15.25306729442275,-12.463493782296311,-25.323464315408305
2013-06-07,7.183925357287602,-15.25306729442275,-12.463493782296311,-25.318826511850155
2013-06-10,6.86957998528297,-15.25306729442275,-12.463493782296311,-25.314188708292008
2013-06-11,6.101299335626864,-15.25306729442275,-12.463493782296311,-25.309550904733857
2013-06-12,5.105321580762334,-15.25306729442275,-12.463493782296311,-25.304913101175707
2013-06-13,6.639306106433818,-15.25306729442275,-12.463493782296311,-25.300275297617556
2013-06-14,5.195749879774025,-15.25306729442275,-12.463493782296311,-25.295637494059406
2013-06-17,7.434127821390635,-15.25306729442275,-12.463493782296311,-25.29099969050126
2013-06-18,7.275121387355266,-15.25306729442275,-12.463493782296311,-25.28636188694311
2013-06-19,6.467670522670499,-15.25306729442275,-12.463493782296311,-25.281724083384958
2013-06-20,3.3765095702766645,-15.25306729442275,-12.463493782296311,-25.277086279826808
2013-06-21,2.6947633302039975,-15.25306729442275,-12.463493782296311,-25.272448476268657
2013-06-24,1.4234823902566252,-15.25306729442275,-12.463493782296311,-25.26781067271051
2013-06-25,2.866267982572124,-15.25306729442275,-12.463493782296311,-25.26317286915236
2013-06-26,2.9771164762751434,-15.25306729442275,-12.463493782296311,-25.25853506559421
2013-06-27,4.365367464831937,-15.25306729442275,-12.463493782296311,-25.25389726203606
2013-06-28,4.4814670486147845,-15.25306729442275,-12.463493782296311,-25.24925945847791
2013-07-01,6.009533489561725,-15.25306729442275,-12.463493782296311,-25.24462165491976
2013-07-02,5.49422892784559,-15.25306729442275,-12.463493782296311,-25.24131149740614
2013-07-03,5.211251010390305,-15.25306729442275,-12.463493782296311,-25.23800133989252
2013-07-05,3.985780236766878,-15.25306729442275,-12.463493782296311,-25.2346911823789
2013-07-08,4.130682071403857,-15.25306729442275,-12.463493782296311,-25.23138102486528
2013-07-09,4.836222186152117,-15.25306729442275,-12.463493782296311,-25.22807086735166
2013-07-10,7.560969360639369,-15.25306729442275,-12.463493782296311,-25.22476070983804
2013-07-11,8.260312657909052,-15.25306729442275,-12.463493782296311,-25.22145055232442
2013-07-12,10.908076989690807,-15.25306729442275,-12.463493782296311,-25.2181403948108
2013-07-15,12.714058091813385,-15.25306729442275,-12.463493782296311,-25.21483023729718
2013-07-16,11.043792491417737,-15.25306729442275,-12.463493782296311,-25.21152007978356
2013-07-17,10.190888669120323,-15.25306729442275,-12.463493782296311,-25.20820992226994
2013-07-18,8.869283748434963,-15.25306729442275,-12.463493782296311,-25.20489976475632
2013-07-19,7.789151576544118,-15.25306729442275,-12.463493782296311,-25.2015896072427
2013-07-22,7.5339260534033725,-15.25306729442275,-12.463493782296311,-25.19827944972908
2013-07-23,7.080902172749726,-15.25306729442275,-12.463493782296311,-25.19496929221546
2013-07-24,6.4477217738442505,-15.25306729442275,-12.463493782296311,-25.19165913470184
2013-07-25,6.3467749247851035,-15.25306729442275,-12.463493782296311,-25.18834897718822
2013-07-26,7.415421077529327,-15.25306729442275,-12.463493782296311,-25.1850388196746
2013-07-29,5.877203817059895,-15.25306729442275,-12.463493782296311,-25.181728662160978
2013-07-30,5.200405936153296,-15.25306729442275,-12.463493782296311,-25.17841850464736
2013-07-31,4.987539642394623,-15.25306729442275,-12.463493782296311,-25.17520534197207
2013-08-01,6.113091345858024,-15.25306729442275,-12.463493782296311,-25.17199217929678
2013-08-02,6.195574780566981,-15.25306729442275,-12.463493782296311,-25.168779016621492
2013-08-05,6.410901022128179,-15.25306729442275,-12.463493782296311,-25.1655658539462
2013-08-06,5.138248567567394,-15.25306729442275,-12.463493782296311,-25.162352691270915
2013-08-07,4.816857771967187,-15.25306729442275,-12.463493782296311,-25.159139528595624
2013-08-08,4.793615515159644,-15.25306729442275,-12.463493782296311,-25.155926365920337
2013-08-09,4.158101490580823,-15.25306729442275,-12.463493782296311,-25.152713203245046
2013-08-12,4.516711615567415,-15.25306729442275,-12.463493782296311,-25.14950004056976
2013-08-13,4.0985315998918415,-15.25306729442275,-12.463493782296311,-25.146286877894468
2013-08-14,3.8607445305624433,-15.25306729442275,-12.463493782296311,-25.14307371521918
2013-08-15,1.992947781343668,-15.25306729442275,-12.463493782296311,-25.13986055254389
2013-08-16,2.852569789646875,-15.25306729442275,-12.463493782296311,-25.136647389868603
2013-08-19,2.9130694162182946,-15.25306729442275,-12.463493782296311,-25.133434227193312
2013-08-20,3.420098008198824,-15.25306729442275,-12.463493782296311,-25.130221064518025
2013-08-21,2.395275811042752,-15.25306729442275,-12.463493782296311,-25.127007901842735
2013-08-22,3.8920679545787262,-15.25306729442275,-12.463493782296311,-25.123794739167444
2013-08-23,4.03603940604218,-15.25306729442275,-12.463493782296311,-25.120581576492157
2013-08-26,5.056617593628943,-15.25306729442275,-12.463493782296311,-25.117368413816866
2013-08-27,2.724151251290441,-15.25306729442275,-12.463493782296311,-25.11415525114158
2013-08-28,3.6574008485774856,-15.25306729442275,-12.463493782296311,-25.11380599341633
2013-08-29,5.7620871791639106,-15.25306729442275,-12.463493782296311,-25.113456735691084
2013-08-30,4.571863481733418,-15.25306729442275,-12.463493782296311,-25.113107477965837
2013-09-03,3.7490111661311776,-15.25306729442275,-12.463493782296311,-25.112758220240586
2013-09-04,4.813367347484698,-15.25306729442275,-12.463493782296311,-25.11240896251534
2013-09-05,6.045371444750103,-15.25306729442275,-12.463493782296311,-25.11205970479009
2013-09-06,7.410821089361663,-15.25306729442275,-12.463493782296311,-25.111710447064844
2013-09-09,7.3083218371324365,-15.25306729442275,-12.463493782296311,-25.111361189339597
2013-09-10,8.548345886375142,-15.25306729442275,-12.463493782296311,-25.11101193161435
2013-09-11,7.3009877766997855,-15.25306729442275,-12.463493782296311,-25.110662673889102
2013-09-12,6.357852817397136,-15.25306729442275,-12.463493782296311,-25.11031341616385
2013-09-13,7.6254290576294625,-15.25306729442275,-12.463493782296311,-25.109964158438604
2013-09-16,9.95016027715414,-15.25306729442275,-12.463493782296311,-25.109614900713357
2013-09-17,11.273608415450642,-15.25306729442275,-12.463493782296311,-25.10926564298811
2013-09-18,13.738697462299076,-15.25306729442275,-12.463493782296311,-25.108916385262862
2013-09-19,13.18337474068576,-15.25306729442275,-12.463493782296311,-25.108567127537615
2013-09-20,11.79341723334495,-15.25306729442275,-12.463493782296311,-25.108217869812364
2013-09-23,11.096700563294192,-15.25306729442275,-12.463493782296311,-25.107868612087117
2013-09-24,10.940821496933983,-15.25306729442275,-12.463493782296311,-25.10751935436187
2013-09-25,9.882447296896025,-15.25306729442275,-12.463493782296311,-25.107170096636622
2013-09-26,10.689354448831478,-15.25306729442275,-12.463493782296311,-25.106299198590133
2013-09-27,10.104459374658248,-15.25306729442275,-12.463493782296311,-25.105428300543643
2013-09-30,9.007527998379317,-15.25306729442275,-12.463493782296311,-25.104557402497154
2013-10-01,10.006989169106696,-14.64599804233774,-12.463493782296311,-25.103686504450664
2013-10-02,9.303590294070908,-14.64599804233774,-12.463493782296311,-25.102815606404175
2013-10-03,7.410128439081665,-14.238439608516911,-12.463493782296311,-25.101944708357685
2013-10-04,6.228138704098307,-14.110886653207746,-12.463493782296311,-25.101073810311195
2013-10-07,4.8834547185308885,-13.251780476346264,-12.463493782296311,-25.100202912264706
2013-10-08,2.627092749124893,-12.800159568272024,-12.463493782296311,-25.099332014218216
2013-10-09,2.4438693776956066,-12.73602144707327,-12.463493782296311,-25.098461116171727
2013-10-10,4.349997632538227,-12.537855466457408,-12.463493782296311,-25.097590218125237
2013-10-11,5.438136668527749,-12.44493080731613,-12.463493782296311,-25.096719320078748
2013-10-14,7.2937596000839156,-12.319778715972623,-12.463493782296311,-25.095848422032258
2013-10-15,6.562601743840379,-12.227689081017365,-12.463493782296311,-25.09497752398577
2013-10-16,8.567442846108953,-12.089030156231587,-12.463493782296311,-25.09410662593928
2013-10-17,8.837007324497371,-12.052813416453622,-12.463493782296311,-25.09323572789279
2013-10-18,9.907324797577877,-11.936482169121689,-12.463493782296311,-25.0923648298463
2013-10-21,9.563569571945706,-11.716590872350936,-12.463493782296311,-25.09149393179981
2013-10-22,9.927446992792222,-11.347742993430797,-12.463493782296311,-25.09062303375332
2013-10-23,8.682954552534849,-11.239303263342727,-12.463493782296311,-25.08975213570683
2013-10-24,8.95869672320404,-11.196419497682323,-12.463493782296311,-25.089429812216224
2013-10-25,8.635721880816028,-11.1583949717862,-12.463493782296311,-25.089107488725617
2013-10-28,8.054876051556503,-11.106653985138182,-12.463493782296311,-25.08878516523501
2013-10-29,8.167053051644778,-11.034442227818285,-12.463493782296311,-25.088462841744402
2013-10-30,8.712157857915393,-10.780858484750562,-12.463493782296311,-25.088140518253795
2013-10-31,8.66193727462381,-10.45162713924795,-12.463493782296311,-25.087818194763187
2013-11-01,8.150395923002396,-10.405306610390854,-12.463493782296311,-25.08749587127258
2013-11-04,8.74607662706659,-10.38805365039947,-12.463493782296311,-25.087173547781973
2013-11-05,8.608505514657239,-10.260372300705965,-12.463493782296311,-25.086851224291365
2013-11-06,7.976762572315499,-10.07690033667339,-12.463493782296311,-25.086528900800758
2013-11-07,6.347333679014233,-10.065712997236309,-12.463493782296311,-25.08620657731015
2013-11-08,9.639378722727532,-10.036488590157868,-12.463493782296311,-25.085884253819543
2013-11-11,9.51020747110778,-9.939365921409692,-12.463493782296311,-25.085561930328936
2013-11-12,9.872194946513613,-9.796893495746305,-12.463493782296311,-25.08523960683833
2013-11-13,10.718432766255637,-9.734874774772084,-12.463493782296311,-25.08491728334772
2013-11-14,11.445900064988423,-9.523444238620069,-12.463493782296311,-25.084594959857114
2013-11-15,10.57375242405656,-9.102475870120301,-12.463493782296311,-25.084272636366507
2013-11-18,8.765495631387354,-9.012876428092515,-12.463493782296311,-25.0839503128759
2013-11-19,8.394972643139088,-9.006662667306053,-12.463493782296311,-25.083627989385292
2013-11-20,10.392834703992682,-8.77485749334092,-12.463493782296311,-25.083305665894684
2013-11-21,11.085390317357069,-8.645718458473434,-12.463493782296311,-25.08240409017175
2013-11-22,10.904507737841485,-8.631239458861103,-12.463493782296311,-25.081502514448815
2013-11-25,11.890378820491065,-8.53101964607648,-12.463493782296311,-25.080600938725883
2013-11-26,11.837930288555532,-8.501228728019276,-12.463493782296311,-25.07969936300295
2013-11-27,11.428462375633996,-8.494575961704003,-12.463493782296311,-25.078797787280013
2013-11-29,11.905668088516697,-8.338847803865558,-12.463493782296311,-25.07789621155708
2013-12-02,11.448794567875797,-8.323743361104409,-12.463493782296311,-25.076994635834144
2013-12-03,10.069825747216598,-8.277697050941795,-12.463493782296311,-25.076093060111212
2013-12-04,9.637621308817113,-8.265296146743779,-12.463493782296311,-25.075191484388277
2013-12-05,9.706960355749072,-8.188019497664769,-12.463493782296311,-25.074289908665342
2013-12-06,10.574437960077066,-8.129023417618281,-12.463493782296311,-25.073388332942407
2013-12-09,10.953339939820195,-7.998658806027256,-12.463493782296311,-25.072486757219473
2013-12-10,11.175334375058132,-7.987823334369574,-12.463493782296311,-25.07158518149654
2013-12-11,9.017032071040564,-7.889187546377803,-12.463493782296311,-25.070683605773606
2013-12-12,7.446714863713133,-7.688611999604628,-12.463493782296311,-25.06978203005067
2013-12-13,7.051138224706599,-7.632037504243768,-12.463493782296311,-25.068880454327736
2013-12-16,8.013675151595546,-7.6089490364453685,-12.463493782296311,-25.0679788786048
2013-12-17,8.017251741753162,-7.604204013853742,-12.463493782296311,-25.06707730288187
2013-12-18,9.273116058350862,-7.556822964354971,-12.463493782296311,-25.066175727158935
2013-12-19,9.343182529773774,-7.541593272454974,-12.463493782296311,-25.065274151436
2013-12-20,9.602124550808288,-7.496310835694462,-12.463493782296311,-25.06207949246732
2013-12-23,10.8952390476041,-7.451371185335461,-12.463493782296311,-25.058884833498638
2013-12-24,11.213219163850475,-7.416298514257827,-12.463493782296311,-25.055690174529957
2013-12-26,10.461717759414203,-7.39408649508813,-12.463493782296311,-25.052495515561276
2013-12-27,10.226242748820468,-7.261719538726734,-12.463493782296311,-25.049300856592595
2013-12-30,11.362800611073197,-7.237153362475485,-12.463493782296311,-25.046106197623914
2013-12-31,11.129204494402645,-7.190516916243176,-12.463493782296311,-25.042911538655233
2014-01-02,11.181636117961435,-7.148172745880999,-12.463493782296311,-25.03971687968655
2014-01-03,12.551720079021944,-7.145626519288776,-12.463493782296311,-25.03652222071787
2014-01-06,12.48561951966276,-7.145626519288776,-12.463493782296311,-25.03332756174919
2014-01-07,11.174089393259967,-7.145626519288776,-12.463493782296311,-25.030132902780508
2014-01-08,10.544668549828096,-7.145626519288776,-12.463493782296311,-25.026938243811827
2014-01-09,9.404224558708663,-7.145626519288776,-12.463493782296311,-25.02374358484315
2014-01-10,10.18434193441795,-7.140294468517894,-12.463493782296311,-25.020548925874465
2014-01-13,7.340711970515135,-7.081035858228109,-12.463493782296311,-25.017354266905787
2014-01-14,8.764994679294013,-7.081035858228109,-12.463493782296311,-25.014159607937106
2014-01-15,7.909776433183313,-6.9304716672343725,-12.463493782296311,-25.01096494896842
2014-01-16,7.686028117687238,-6.879408079792392,-12.463493782296311,-25.007770289999744
2014-01-17,6.920970199776555,-6.855325457219733,-12.463493782296311,-25.004575631031063
2014-01-21,8.393474816394232,-6.855325457219733,-12.463493782296311,-25.001380972062382
2014-01-22,8.199697359763602,-6.770115006897957,-12.463493782296311,-24.99728745468914
2014-01-23,7.066619856393563,-6.770115006897957,-12.463493782296311,-24.993193937315894
2014-01-24,4.9357868554809725,-6.770115006897957,-12.463493782296311,-24.989100419942652
2014-01-27,3.7444225358748584,-6.770115006897957,-12.463493782296311,-24.98500690256941
2014-01-28,3.7839853636150167,-6.7164508482084875,-12.463493782296311,-24.980913385196168
2014-01-29,2.907431435411434,-6.628246183301536,-12.463493782296311,-24.976819867822925
2014-01-30,4.784449412165426,-6.5947397100346015,-12.463493782296311,-24.97272635044968
2014-01-31,4.354603975704063,-6.54673045803057,-12.463493782296311,-24.96863283307644
2014-02-03,1.8490182766181196,-6.53027494319783,-12.463493782296311,-24.964539315703195
2014-02-04,2.622896270890185,-6.4944522441317245,-12.463493782296311,-24.960445798329957
2014-02-05,4.317667413521198,-6.491119228827906,-12.463493782296311,-24.95635228095671
2014-02-06,4.240005072492536,-6.491119228827906,-12.463493782296311,-24.95225876358347
2014-02-07,6.266854479653117,-6.491119228827906,-12.463493782296311,-24.948165246210227
2014-02-10,6.707160098973364,-6.491119228827906,-12.463493782296311,-24.944071728836985
2014-02-11,6.63063736541023,-6.491119228827906,-12.463493782296311,-24.939978211463742
2014-02-12,6.503299416151687,-6.491119228827906,-12.463493782296311,-24.935884694090497
2014-02-13,7.088900115946006,-6.491119228827906,-12.463493782296311,-24.931791176717255
2014-02-14,8.362288352185598,-6.491119228827906,-12.463493782296311,-24.927697659344012
2014-02-18,9.208432136460875,-6.491119228827906,-12.463493782296311,-24.92360414197077
2014-02-19,8.720487152123413,-6.491119228827906,-12.463493782296311,-24.919510624597528
2014-02-20,8.131631646109438,-6.491119228827906,-12.463493782296311,-24.91921955226171
2014-02-21,7.408963287746562,-6.491119228827906,-12.463493782296311,-24.918928479925892
2014-02-24,7.7257347339397375,-6.491119228827906,-12.463493782296311,-24.918637407590072
2014-02-25,7.047124032953467,-6.491119228827906,-12.463493782296311,-24.918346335254256
2014-02-26,6.211841220722025,-6.491119228827906,-12.463493782296311,-24.918055262918436
2014-02-27,6.2621732740332225,-6.491119228827906,-12.463493782296311,-24.917764190582616
2014-02-28,6.455108583906366,-6.491119228827906,-12.463493782296311,-24.9174731182468
2014-03-03,5.752194806762767,-6.491119228827906,-12.463493782296311,-24.91718204591098
2014-03-04,6.996439739170235,-6.491119228827906,-12.463493782296311,-24.916890973575164
2014-03-05,7.429231011513449,-6.4085801003216645,-12.463493782296311,-24.916599901239344
2014-03-06,6.561043938215216,-6.4085801003216645,-12.463493782296311,-24.916308828903524
2014-03-07,5.604189919950553,-6.403932130133371,-12.463493782296311,-24.916017756567708
2014-03-10,5.77100452104049,-6.347034441625037,-12.463493782296311,-24.91572668423189
2014-03-11,6.688144133469565,-6.326323611003522,-12.463493782296311,-24.915435611896072
2014-03-12,7.3675077573361225,-6.302876884009606,-12.463493782296311,-24.915144539560252
2014-03-13,5.9871724258814485,-6.302876884009606,-12.463493782296311,-24.914853467224432
2014-03-14,4.683159889821975,-6.302876884009606,-12.463493782296311,-24.914562394888616
2014-03-17,5.8148545227328485,-6.302876884009606,-12.463493782296311,-24.914271322552796
2014-03-18,5.861640388452982,-6.260235613726873,-12.463493782296311,-24.91398025021698
2014-03-19,5.582827547669034,-6.260235613726873,-12.463493782296311,-24.91368917788116
2014-03-20,4.812002620875311,-6.260235613726873,-12.463493782296311,-24.91341250737799
2014-03-21,2.4755827413187825,-6.260235613726873,-12.463493782296311,-24.913135836874822
2014-03-24,1.531029360185454,-6.260235613726873,-12.463493782296311,-24.912859166371653
2014-03-25,1.5281003113396752,-6.260235613726873,-12.463493782296311,-24.912582495868485
2014-03-26,0.47235582335538595,-6.260235613726873,-12.463493782296311,-24.912305825365316
2014-03-27,0.05748689010318664,-6.260235613726873,-12.463493782296311,-24.912029154862147
2014-03-28,-0.39638453391432904,-6.260235613726873,-12.463493782296311,-24.911752484358978
2014-03-31,1.106148459865386,-6.260235613726873,-12.463493782296311,-24.91147581385581
2014-04-01,3.63026836239011,-6.260235613726873,-12.463493782296311,-24.91119914335264
2014-04-02,4.282612040447331,-6.260235613726873,-12.463493782296311,-24.91092247284947
2014-04-03,2.5047866310540012,-6.260235613726873,-12.463493782296311,-24.910645802346306
2014-04-04,-0.438716710004583,-6.260235613726873,-12.463493782296311,-24.910369131843137
2014-04-07,-1.0553092133278819,-6.260235613726873,-12.463493782296311,-24.910092461339968
2014-04-08,-0.4619117192434241,-6.260235613726873,-12.463493782296311,-24.9098157908368
2014-04-09,2.762817082231961,-6.260235613726873,-12.463493782296311,-24.90953912033363
2014-04-10,-2.2832188162525524,-6.260235613726873,-12.463493782296311,-24.90926244983046
2014-04-11,-4.206884952027734,-6.260235613726873,-12.463493782296311,-24.908985779327292
2014-04-14,-3.4661314506782115,-6.260235613726873,-12.463493782296311,-24.908709108824123
2014-04-15,-2.5962163639918545,-6.260235613726873,-12.463493782296311,-24.908432438320954
2014-04-16,-2.048872545503222,-6.260235613726873,-12.463493782296311,-24.908155767817785
2014-04-17,-2.2799581739588626,-6.260235613726873,-12.463493782296311,-24.907507009851955
2014-04-21,-1.2206430743560204,-6.260235613726873,-12.463493782296311,-24.906858251886128
2014-04-22,1.561485323923817,-6.260235613726873,-12.463493782296311,-24.906209493920297
2014-04-23,1.6524641835656606,-6.260235613726873,-12.463493782296311,-24.905560735954467
2014-04-24,2.684701474804263,-6.260235613726873,-12.463493782296311,-24.90491197798864
2014-04-25,2.137987369402561,-6.260235613726873,-12.463493782296311,-24.90426322002281
2014-04-28,0.6099390953552053,-6.260235613726873,-12.463493782296311,-24.90361446205698
2014-04-29,1.68314895970203,-6.260235613726873,-12.463493782296311,-24.90296570409115
2014-04-30,4.3463365507067975,-6.260235613726873,-12.463493782296311,-24.90231694612532
2014-05-01,3.8925956566931097,-6.260235613726873,-12.463493782296311,-24.90166818815949
2014-05-02,3.9723329828853515,-6.260235613726873,-12.463493782296311,-24.901019430193664
2014-05-05,3.2029149635768084,-6.260235613726873,-12.463493782296311,-24.900370672227833
2014-05-06,0.07993475959269247,-6.260235613726873,-12.463493782296311,-24.899721914262006
2014-05-07,-0.7765706574485054,-6.260235613726873,-12.463493782296311,-24.899073156296176
2014-05-08,-1.9846160353197861,-6.260235613726873,-12.463493782296311,-24.898424398330345
2014-05-09,-1.8099067719923867,-6.260235613726873,-12.463493782296311,-24.897775640364518
2014-05-12,-0.9271991158510628,-6.260235613726873,-12.463493782296311,-24.897126882398688
2014-05-13,-1.05852847589204,-6.260235613726873,-12.463493782296311,-24.896478124432857
2014-05-14,-2.053886091939938,-6.260235613726873,-12.463493782296311,-24.89582936646703
2014-05-15,-2.1511562948721807,-6.260235613726873,-12.463493782296311,-24.8951806085012
2014-05-16,-1.9704739211260036,-6.260235613726873,-12.463493782296311,-24.889641239855838
2014-05-19,-1.1569831168256162,-6.260235613726873,-12.463493782296311,-24.88410187121048
2014-05-20,-2.037984066510623,-6.260235613726873,-12.463493782296311,-24.87856250256512
2014-05-21,-0.9933810110259622,-6.260235613726873,-12.463493782296311,-24.873023133919762
2014-05-22,-0.4705820633700508,-6.260235613726873,-12.463493782296311,-24.867483765274404
2014-05-23,-0.3891732982217011,-6.260235613726873,-12.463493782296311,-24.861944396629042
2014-05-27,0.9637291464304587,-6.260235613726873,-12.463493782296311,-24.856405027983683
2014-05-28,1.4051346090191874,-6.260235613726873,-12.463493782296311,-24.850865659338325
2014-05-29,0.7723038372297486,-6.260235613726873,-12.463493782296311,-24.845326290692967
2014-05-30,0.5066404000563018,-6.260235613726873,-12.463493782296311,-24.839786922047608
2014-06-02,0.49586313136453786,-6.260235613726873,-12.463493782296311,-24.834247553402246
2014-06-03,0.9511182822182773,-6.260235613726873,-12.463493782296311,-24.828708184756888
2014-06-04,1.2380850086932682,-6.260235613726873,-12.463493782296311,-24.82316881611153
2014-06-05,2.5311624054811688,-6.260235613726873,-12.463493782296311,-24.81762944746617
2014-06-06,2.7328224381584,-6.260235613726873,-12.463493782296311,-24.812090078820813
2014-06-09,4.127106906769451,-6.260235613726873,-12.463493782296311,-24.80655071017545
2014-06-10,5.0243100327031165,-6.260235613726873,-12.463493782296311,-24.801011341530092
2014-06-11,4.086088747809713,-6.260235613726873,-12.463493782296311,-24.795471972884734
2014-06-12,1.9143530911906792,-6.260235613726873,-12.463493782296311,-24.789932604239375
2014-06-13,2.769528262568577,-6.260235613726873,-12.463493782296311,-24.784393235594017
2014-06-16,2.573784752731223,-6.260235613726873,-12.463493782296311,-24.783878393091427
2014-06-17,3.876401065440649,-6.260235613726873,-12.463493782296311,-24.783363550588835
2014-06-18,5.38426653170947,-6.260235613726873,-12.463493782296311,-24.782848708086245
2014-06-19,4.971191300059674,-6.260235613726873,-12.463493782296311,-24.782333865583652
2014-06-20,6.465598854184962,-6.260235613726873,-12.463493782296311,-24.781819023081063
2014-06-23,7.0891546379318715,-6.260235613726873,-12.463493782296311,-24.781304180578474
2014-06-24,6.776342109689737,-6.260235613726873,-12.463493782296311,-24.78078933807588
2014-06-25,6.696017555067635,-6.260235613726873,-12.463493782296311,-24.78027449557329
2014-06-26,4.91035445611161,-6.260235613726873,-12.463493782296311,-24.7797596530707
2014-06-27,5.100209994836202,-6.260235613726873,-12.463493782296311,-24.77924481056811
2014-06-30,6.122010530811206,-6.260235613726873,-12.463493782296311,-24.77872996806552
2014-07-01,10.217464205636361,-6.260235613726873,-12.463493782296311,-24.778215125562927
2014-07-02,11.461424817470235,-6.260235613726873,-12.463493782296311,-24.777700283060337
2014-07-03,11.138366119270948,-6.260235613726873,-12.463493782296311,-24.777185440557744
2014-07-07,8.934285954270237,-6.260235613726873,-12.463493782296311,-24.776670598055155
2014-07-08,11.061108215303062,-6.260235613726873,-12.463493782296311,-24.776155755552566
2014-07-09,13.202801671491127,-6.260235613726873,-12.463493782296311,-24.775640913049973
2014-07-10,11.96659231822672,-6.260235613726873,-12.463493782296311,-24.775126070547383
2014-07-11,12.317111533249037,-6.260235613726873,-12.463493782296311,-24.77461122804479
2014-07-14,11.507584187895281,-6.260235613726873,-12.463493782296311,-24.7740963855422
2014-07-15,11.097865265437058,-6.260235613726873,-12.463493782296311,-24.772391857584108
2014-07-16,10.717846281497012,-6.260235613726873,-12.463493782296311,-24.770687329626014
2014-07-17,8.390231454766583,-6.260235613726873,-12.463493782296311,-24.76898280166792
2014-07-18,11.085744562415378,-6.260235613726873,-12.463493782296311,-24.767278273709827
2014-07-21,9.89573414665359,-6.260235613726873,-12.463493782296311,-24.765573745751734
2014-07-22,12.390421925600737,-6.260235613726873,-12.463493782296311,-24.76386921779364
2014-07-23,12.745429507186179,-6.260235613726873,-12.463493782296311,-24.762164689835544
2014-07-24,11.72633584362288,-6.260235613726873,-12.463493782296311,-24.760460161877454
2014-07-25,10.996285905210224,-6.260235613726873,-12.463493782296311,-24.758755633919357
2014-07-28,10.701347613999857,-6.260235613726873,-12.463493782296311,-24.757051105961267
2014-07-29,10.708973350145378,-6.260235613726873,-12.463493782296311,-24.75534657800317
2014-07-30,10.563168426276492,-6.260235613726873,-12.463493782296311,-24.753642050045077
2014-07-31,9.751225033736844,-6.260235613726873,-12.463493782296311,-24.751937522086983
2014-08-01,9.66277791069421,-6.260235613726873,-12.463493782296311,-24.75023299412889
2014-08-04,10.517854231596434,-6.260235613726873,-12.463493782296311,-24.748528466170796
2014-08-05,9.267140538075713,-6.260235613726873,-12.463493782296311,-24.746823938212703
2014-08-06,7.416627153674749,-6.260235613726873,-12.463493782296311,-24.74511941025461
2014-08-07,7.002935934580723,-6.260235613726873,-12.463493782296311,-24.743414882296516
2014-08-08,8.339652280064303,-6.260235613726873,-12.463493782296311,-24.741710354338423
2014-08-11,9.841886476898676,-6.260235613726873,-12.463493782296311,-24.74000582638033
2014-08-12,9.082330320310096,-6.260235613726873,-12.463493782296311,-24.73619823063546
2014-08-13,9.475570991100856,-6.260235613726873,-12.463493782296311,-24.732390634890585
2014-08-14,10.443370447692013,-6.260235613726873,-12.463493782296311,-24.728583039145718
2014-08-15,9.929573109734434,-6.260235613726873,-12.463493782296311,-24.724775443400844
2014-08-18,10.291872762080413,-6.260235613726873,-12.463493782296311,-24.720967847655977
2014-08-19,10.107828698154808,-6.260235613726873,-12.463493782296311,-24.717160251911103
2014-08-20,8.752652098571101,-6.260235613726873,-12.463493782296311,-24.713352656166233
2014-08-21,9.309362298025704,-6.260235613726873,-12.463493782296311,-24.709545060421362
2014-08-22,8.779688532322027,-6.260235613726873,-12.463493782296311,-24.705737464676492
2014-08-25,9.152118612068772,-6.260235613726873,-12.463493782296311,-24.70192986893162
2014-08-26,9.369724161942106,-6.260235613726873,-12.463493782296311,-24.69812227318675
2014-08-27,9.439694776074647,-6.260235613726873,-12.463493782296311,-24.694314677441877
2014-08-28,8.912619622482865,-6.260235613726873,-12.463493782296311,-24.69050708169701
2014-08-29,8.40590858730308,-6.260235613726873,-12.463493782296311,-24.686699485952136
2014-09-02,8.100187084945665,-6.260235613726873,-12.463493782296311,-24.682891890207266
2014-09-03,7.5439497578416725,-6.260235613726873,-12.463493782296311,-24.679084294462395
2014-09-04,7.261612236849779,-6.260235613726873,-12.463493782296311,-24.675276698717525
2014-09-05,7.824427327079753,-6.260235613726873,-12.463493782296311,-24.671469102972654
2014-09-08,9.015338379147785,-6.260235613726873,-12.463493782296311,-24.667661507227784
2014-09-09,7.795053108976147,-6.260235613726873,-12.463493782296311,-24.663853911482914
2014-09-10,8.591549421401968,-6.260235613726873,-12.463493782296311,-24.658515546617426
2014-09-11,8.446057405405272,-6.260235613726873,-12.463493782296311,-24.65317718175194
2014-09-12,7.289461214060777,-6.260235613726873,-12.463493782296311,-24.647838816886456
2014-09-15,6.322705930159533,-6.260235613726873,-12.463493782296311,-24.64250045202097
2014-09-16,7.125149131764585,-6.260235613726873,-12.463493782296311,-24.637162087155485
2014-09-17,7.263711388369654,-6.260235613726873,-12.463493782296311,-24.631823722289997
2014-09-18,8.17691702329486,-6.260235613726873,-12.463493782296311,-24.62648535742451
2014-09-19,7.426307614338445,-6.260235613726873,-12.463493782296311,-24.621146992559027
2014-09-22,6.370037608446766,-6.260235613726873,-12.463493782296311,-24.61580862769354
2014-09-23,5.616151676993653,-6.260235613726873,-12.463493782296311,-24.610470262828052
2014-09-24,6.567627677474941,-6.260235613726873,-12.463493782296311,-24.60513189796257
2014-09-25,3.194294359623928,-6.260235613726873,-12.463493782296311,-24.59979353309708
2014-09-26,4.11687043730693,-6.260235613726873,-12.463493782296311,-24.594455168231594
2014-09-29,3.327940064512247,-6.260235613726873,-12.463493782296311,-24.589116803366107
2014-09-30,3.7890832642150984,-6.260235613726873,-12.463493782296311,-24.583778438500623
2014-10-01,3.3751357388166925,-6.260235613726873,-12.463493782296311,-24.578440073635136
2014-10-02,2.6131066714309314,-6.260235613726873,-12.463493782296311,-24.57310170876965
2014-10-03,3.9548760702159846,-6.260235613726873,-12.463493782296311,-24.567763343904165
2014-10-06,3.0683257821837895,-6.260235613726873,-12.463493782296311,-24.562424979038678
2014-10-07,1.0015504608532177,-6.260235613726873,-12.463493782296311,-24.557086614173194
2014-10-08,3.323581402421927,-6.260235613726873,-12.463493782296311,-24.55255545419624
2014-10-09,1.2520326797778702,-6.260235613726873,-12.463493782296311,-24.54802429421929
2014-10-10,0.04735981211085871,-6.260235613726873,-12.463493782296311,-24.543493134242336
2014-10-13,-3.0573392945639988,-6.260235613726873,-12.463493782296311,-24.538961974265384
2014-10-14,-2.9257145013013908,-6.260235613726873,-12.463493782296311,-24.534430814288434
2014-10-15,-4.16117716830664,-6.260235613726873,-12.463493782296311,-24.529899654311482
2014-10-16,-5.3702544127402385,-6.260235613726873,-12.463493782296311,-24.52536849433453
2014-10-17,-4.014228137258858,-6.260235613726873,-12.463493782296311,-24.520837334357577
2014-10-20,-2.1969251513562216,-6.260235613726873,-12.463493782296311,-24.516306174380624
2014-10-21,0.34163773186284274,-6.260235613726873,-12.463493782296311,-24.511775014403675
2014-10-22,-0.0006099869736209129,-6.260235613726873,-12.463493782296311,-24.507243854426722
2014-10-23,1.1062636253284186,-6.260235613726873,-12.463493782296311,-24.50271269444977
2014-10-24,4.035749095095076,-6.260235613726873,-12.463493782296311,-24.498181534472817
2014-10-27,4.494489847384009,-6.260235613726873,-12.463493782296311,-24.493650374495864
2014-10-28,5.348800581843549,-6.260235613726873,-12.463493782296311,-24.489119214518915
2014-10-29,5.769739652470585,-6.260235613726873,-12.463493782296311,-24.484588054541963
2014-10-30,6.0707738117332655,-6.260235613726873,-12.463493782296311,-24.48005689456501
2014-10-31,7.876650902789462,-6.260235613726873,-12.463493782296311,-24.475525734588057
2014-11-03,7.420537104979452,-6.260235613726873,-12.463493782296311,-24.470994574611105
2014-11-04,6.43336123522007,-6.260235613726873,-12.463493782296311,-24.466463414634156
2014-11-05,6.48848622579421,-6.260235613726873,-12.463493782296311,-24.460872977901587
2014-11-06,5.7057686722230105,-6.260235613726873,-12.463493782296311,-24.45528254116902
2014-11-07,5.067424443415014,-6.260235613726873,-12.463493782296311,-24.449692104436455
2014-11-10,4.9309145951681455,-6.260235613726873,-12.463493782296311,-24.444101667703887
2014-11-11,4.455906540361165,-6.260235613726873,-12.463493782296311,-24.438511230971322
2014-11-12,4.056642178699943,-6.260235613726873,-12.463493782296311,-24.432920794238754
2014-11-13,4.503501216492989,-6.260235613726873,-12.463493782296311,-24.427330357506186
2014-11-14,4.616493793312881,-6.260235613726873,-12.463493782296311,-24.42173992077362
2014-11-17,4.14434657175915,-6.260235613726873,-12.463493782296311,-24.416149484041053
2014-11-18,4.554131251306126,-6.260235613726873,-12.463493782296311,-24.41055904730849
2014-11-19,3.9755658410367323,-6.260235613726873,-12.463493782296311,-24.40496861057592
2014-11-20,4.417991979837721,-6.260235613726873,-12.463493782296311,-24.399378173843353
2014-11-21,4.735196621377247,-6.260235613726873,-12.463493782296311,-24.393787737110788
2014-11-24,5.1605430135107655,-6.260235613726873,-12.463493782296311,-24.38819730037822
2014-11-25,5.016054516937962,-6.260235613726873,-12.463493782296311,-24.382606863645655
2014-11-26,6.324066038380161,-6.260235613726873,-12.463493782296311,-24.377016426913087
2014-11-28,6.9145357241687355,-6.260235613726873,-12.463493782296311,-24.37142599018052
2014-12-01,5.175188593335833,-6.260235613726873,-12.463493782296311,-24.365835553447955
2014-12-02,5.39618198056766,-6.260235613726873,-12.463493782296311,-24.360245116715387
2014-12-03,6.469468963343683,-6.260235613726873,-12.463493782296311,-24.354654679982822
2014-12-04,5.5469509672781525,-6.260235613726873,-12.463493782296311,-24.348357281102544
2014-12-05,5.641418207936222,-6.260235613726873,-12.463493782296311,-24.342059882222266
2014-12-08,5.427284794165521,-6.260235613726873,-12.463493782296311,-24.335762483341995
2014-12-09,6.79035467898863,-6.260235613726873,-12.463493782296311,-24.329465084461717
2014-12-10,4.201979665842948,-6.260235613726873,-12.463493782296311,-24.323167685581442
2014-12-11,4.538428358800006,-6.260235613726873,-12.463493782296311,-24.316870286701164
2014-12-12,2.627047157806306,-6.260235613726873,-12.463493782296311,-24.310572887820886
2014-12-15,1.630323263341782,-6.260235613726873,-12.463493782296311,-24.304275488940615
2014-12-16,0.9389200166806999,-6.260235613726873,-12.463493782296311,-24.297978090060337
2014-12-17,3.057303411400647,-6.260235613726873,-12.463493782296311,-24.291680691180062
2014-12-18,4.417071137687678,-6.260235613726873,-12.463493782296311,-24.285383292299784
2014-12-19,7.128096974961418,-6.260235613726873,-12.463493782296311,-24.279085893419506
2014-12-22,6.264393266211554,-6.260235613726873,-12.463493782296311,-24.272788494539235
2014-12-23,6.027966946811825,-6.260235613726873,-12.463493782296311,-24.266491095658957
2014-12-24,5.9691546707653975,-6.260235613726873,-12.463493782296311,-24.260193696778682
2014-12-26,8.455583710805614,-6.260235613726873,-12.463493782296311,-24.253896297898404
2014-12-29,8.43492895997211,-6.260235613726873,-12.463493782296311,-24.247598899018126
2014-12-30,6.658858763172337,-6.260235613726873,-12.463493782296311,-24.241301500137855
2014-12-31,5.791171446156973,-6.260235613726873,-12.463493782296311,-24.235004101257577
2015-01-02,6.991698599885154,-6.260235613726873,-12.463493782296311,-24.228706702377302
2015-01-05,3.409123734618902,-6.260235613726873,-12.463493782296311,-24.225316846515103
2015-01-06,3.6973287941241884,-6.260235613726873,-12.463493782296311,-24.221926990652904
2015-01-07,7.725558190889936,-6.260235613726873,-12.463493782296311,-24.218537134790708
2015-01-08,11.535305670489748,-6.260235613726873,-12.463493782296311,-24.21514727892851
2015-01-09,10.789173764364257,-6.260235613726873,-12.463493782296311,-24.21175742306631
2015-01-12,10.346134086471025,-6.260235613726873,-12.463493782296311,-24.208367567204114
2015-01-13,11.010576691844399,-6.260235613726873,-12.463493782296311,-24.204977711341915
2015-01-14,8.961864901339345,-6.260235613726873,-12.463493782296311,-24.201587855479715
2015-01-15,5.9642734368191785,-6.260235613726873,-12.463493782296311,-24.198197999617516
2015-01-16,4.463727405988438,-6.260235613726873,-12.463493782296311,-24.19480814375532
2015-01-20,5.838936966803443,-6.260235613726873,-12.463493782296311,-24.19141828789312
2015-01-21,4.803631646629403,-6.260235613726873,-12.463493782296311,-24.188028432030922
2015-01-22,5.877022960364586,-6.260235613726873,-12.463493782296311,-24.184638576168727
2015-01-23,6.035846562129055,-6.260235613726873,-12.463493782296311,-24.181248720306527
2015-01-26,4.338521977471488,-6.260235613726873,-12.463493782296311,-24.17785886444433
2015-01-27,2.0101401592688806,-6.260235613726873,-12.463493782296311,-24.174469008582133
2015-01-28,1.2741336227317213,-6.260235613726873,-12.463493782296311,-24.171079152719933
2015-01-29,0.8559991944166345,-6.260235613726873,-12.463493782296311,-24.167689296857734
2015-01-30,-0.22118372258013164,-6.260235613726873,-12.463493782296311,-24.164299440995535
2015-02-02,0.9849269576295061,-6.260235613726873,-12.463493782296311,-24.16090958513334
2015-02-03,1.9453004210156388,-6.260235613726873,-12.463493782296311,-24.15787692685074
2015-02-04,1.5356683617433475,-6.260235613726873,-12.463493782296311,-24.15484426856814
2015-02-05,2.504848676568394,-6.260235613726873,-12.463493782296311,-24.151811610285545
2015-02-06,1.5227379208440084,-6.260235613726873,-12.463493782296311,-24.148778952002946
2015-02-09,0.881272479443207,-6.260235613726873,-12.463493782296311,-24.14574629372035
2015-02-10,2.271422260527456,-6.260235613726873,-12.463493782296311,-24.14271363543775
2015-02-11,2.2047654970319464,-6.260235613726873,-12.463493782296311,-24.13968097715515
2015-02-12,3.074240558886898,-6.260235613726873,-12.463493782296311,-24.136648318872556
2015-02-13,4.272284601091436,-6.260235613726873,-12.463493782296311,-24.133615660589957
2015-02-17,3.5946962073595046,-6.260235613726873,-12.463493782296311,-24.13058300230736
2015-02-18,4.2123246685973115,-6.260235613726873,-12.463493782296311,-24.127550344024762
2015-02-19,4.263052167516568,-6.260235613726873,-12.463493782296311,-24.124517685742163
2015-02-20,4.7580375788917495,-6.260235613726873,-12.463493782296311,-24.121485027459563
2015-02-23,4.052901432130773,-6.260235613726873,-12.463493782296311,-24.118452369176968
2015-02-24,3.9706981697909205,-6.260235613726873,-12.463493782296311,-24.11541971089437
2015-02-25,3.043860265906795,-6.260235613726873,-12.463493782296311,-24.11238705261177
2015-02-26,3.0883043611448224,-6.260235613726873,-12.463493782296311,-24.109354394329173
2015-02-27,3.808930257904697,-6.260235613726873,-12.463493782296311,-24.106321736046574
2015-03-02,4.329340513944735,-6.260235613726873,-12.463493782296311,-24.103289077763975
2015-03-03,3.6557427144718657,-6.260235613726873,-12.463493782296311,-24.10025641948138
2015-03-04,3.3048451398928202,-6.260235613726873,-12.463493782296311,-24.09901887642681
2015-03-05,3.476018508480272,-6.260235613726873,-12.463493782296311,-24.097781333372247
2015-03-06,3.037818600022768,-6.260235613726873,-12.463493782296311,-24.09654379031768
2015-03-09,3.0103041949171017,-6.260235613726873,-12.463493782296311,-24.095306247263114
2015-03-10,2.7124163865797524,-6.260235613726873,-12.463493782296311,-24.094068704208546
2015-03-11,1.6376957668964298,-6.260235613726873,-12.463493782296311,-24.09283116115398
2015-03-12,3.4308905933706946,-6.260235613726873,-12.463493782296311,-24.091593618099413
2015-03-13,4.0554862950428205,-6.260235613726873,-12.463493782296311,-24.09035607504485
2015-03-16,7.117245970865982,-6.260235613726873,-12.463493782296311,-24.08911853199028
2015-03-17,5.369802924776312,-6.260235613726873,-12.463493782296311,-24.087880988935716
2015-03-18,3.9044155632357747,-6.260235613726873,-12.463493782296311,-24.086643445881148
2015-03-19,3.604296536838336,-6.260235613726873,-12.463493782296311,-24.085405902826583
2015-03-20,4.014148857086219,-6.260235613726873,-12.463493782296311,-24.084168359772015
2015-03-23,4.181480456196973,-6.260235613726873,-12.463493782296311,-24.08293081671745
2015-03-24,3.7168035416892398,-6.260235613726873,-12.463493782296311,-24.081693273662886
2015-03-25,0.629267860465399,-6.260235613726873,-12.463493782296311,-24.080455730608318
2015-03-26,0.3048600339418117,-6.260235613726873,-12.463493782296311,-24.07921818755375
2015-03-27,1.3814406147213854,-6.260235613726873,-12.463493782296311,-24.077980644499185
2015-03-30,3.606673335505306,-6.260235613726873,-12.463493782296311,-24.076743101444617
2015-03-31,2.8184385773344367,-6.260235613726873,-12.463493782296311,-24.075505558390052
2015-04-01,3.8056301465650755,-6.260235613726873,-12.463493782296311,-24.07316385190662
2015-04-02,5.286510388388921,-6.260235613726873,-12.463493782296311,-24.070822145423193
2015-04-06,4.796937418519098,-6.260235613726873,-12.463493782296311,-24.068480438939766
2015-04-07,2.6541739143875365,-6.260235613726873,-12.463493782296311,-24.066138732456334
2015-04-08,4.154821403660747,-6.260235613726873,-12.463493782296311,-24.063797025972907
2015-04-09,5.913546551393156,-6.260235613726873,-12.463493782296311,-24.061455319489475
2015-04-10,6.379256510566345,-6.260235613726873,-12.463493782296311,-24.059113613006048
2015-04-13,6.701272788883772,-6.260235613726873,-12.463493782296311,-24.05677190652262
2015-04-14,7.792161375398199,-6.260235613726873,-12.463493782296311,-24.05443020003919
2015-04-15,7.207319929144362,-6.260235613726873,-12.463493782296311,-24.05208849355576
2015-04-16,6.215390733309101,-6.260235613726873,-12.463493782296311,-24.04974678707233
2015-04-17,4.026086127812545,-6.260235613726873,-12.463493782296311,-24.047405080588902
2015-04-20,3.668052112069353,-6.260235613726873,-12.463493782296311,-24.045063374105474
2015-04-21,3.8815666102853807,-6.260235613726873,-12.463493782296311,-24.042721667622043
2015-04-22,4.5691150185261264,-6.260235613726873,-12.463493782296311,-24.040379961138616
2015-04-23,7.757498046851641,-6.260235613726873,-12.463493782296311,-24.038038254655184
2015-04-24,9.782596062619575,-6.260235613726873,-12.463493782296311,-24.035696548171757
2015-04-27,8.462023749740787,-6.260235613726873,-12.463493782296311,-24.03335484168833
2015-04-28,9.091447141022723,-6.260235613726873,-12.463493782296311,-24.031013135204898
2015-04-29,7.471924527657725,-6.260235613726873,-12.463493782296311,-24.02867142872147
2015-04-30,4.774613087537882,-6.260235613726873,-12.463493782296311,-24.02853652641428
2015-05-01,6.249818592570855,-6.260235613726873,-12.463493782296311,-24.028401624107083
2015-05-04,5.512336807200224,-6.260235613726873,-12.463493782296311,-24.02826672179989
2015-05-05,4.426967830058692,-6.260235613726873,-12.463493782296311,-24.028131819492696
2015-05-06,4.04069752914924,-6.260235613726873,-12.463493782296311,-24.027996917185504
2015-05-07,3.0606326661908767,-6.260235613726873,-12.463493782296311,-24.02786201487831
2015-05-08,3.9686670472625085,-6.260235613726873,-12.463493782296311,-24.027727112571117
2015-05-11,2.3749080346575413,-6.260235613726873,-12.463493782296311,-24.027592210263922
2015-05-12,1.0441317623061774,-6.260235613726873,-12.463493782296311,-24.02745730795673
2015-05-13,1.1557674499097947,-6.260235613726873,-12.463493782296311,-24.027322405649535
2015-05-14,2.4919722109703724,-6.260235613726873,-12.463493782296311,-24.027187503342343
2015-05-15,1.9875556548550666,-6.260235613726873,-12.463493782296311,-24.02705260103515
2015-05-18,1.7539802653573577,-6.260235613726873,-12.463493782296311,-24.026917698727956
2015-05-19,1.5400182682621777,-6.260235613726873,-12.463493782296311,-24.026782796420765
2015-05-20,1.529821008481136,-6.260235613726873,-12.463493782296311,-24.02664789411357
2015-05-21,2.3102412847584963,-6.260235613726873,-12.463493782296311,-24.026512991806378
2015-05-22,1.6921721889915364,-6.260235613726873,-12.463493782296311,-24.026378089499183
2015-05-26,0.9681977939803854,-6.260235613726873,-12.463493782296311,-24.02624318719199
2015-05-27,1.676316171372605,-6.260235613726873,-12.463493782296311,-24.026108284884796
2015-05-28,1.9224559250640372,-6.260235613726873,-12.463493782296311,-24.025973382577604
2015-05-29,1.7072194474555324,-6.260235613726873,-12.463493782296311,-24.02467482387417
2015-06-01,1.870689980880469,-6.260235613726873,-12.463493782296311,-24.02337626517074
2015-06-02,2.710655397613193,-6.260235613726873,-12.463493782296311,-24.022077706467307
2015-06-03,2.722125308653567,-6.260235613726873,-12.463493782296311,-24.020779147763875
2015-06-04,3.869040789668654,-6.260235613726873,-12.463493782296311,-24.019480589060443
2015-06-05,4.223919645044849,-6.260235613726873,-12.463493782296311,-24.01818203035701
2015-06-08,2.492648765500838,-6.260235613726873,-12.463493782296311,-24.01688347165358
2015-06-09,2.7689554438174113,-6.189519136877881,-12.463493782296311,-24.015584912950146
2015-06-10,2.849292108322765,-6.154348653786336,-12.463493782296311,-24.014286354246714
2015-06-11,2.835742490949067,-6.134607530700671,-12.463493782296311,-24.012987795543282
2015-06-12,0.9993556062739328,-6.134607530700671,-12.463493782296311,-24.01168923683985
2015-06-15,0.34906182580167755,-6.134607530700671,-12.463493782296311,-24.010390678136417
2015-06-16,0.2487830788701073,-6.134607530700671,-12.463493782296311,-24.00909211943299
2015-06-17,0.7200875013795294,-6.134607530700671,-12.463493782296311,-24.007793560729557
2015-06-18,2.55721498047472,-6.134607530700671,-12.463493782296311,-24.006495002026124
2015-06-19,4.441494733395368,-6.134607530700671,-12.463493782296311,-24.005196443322692
2015-06-22,5.57171340568805,-6.134607530700671,-12.463493782296311,-24.00389788461926
2015-06-23,5.237002192837603,-6.134607530700671,-12.463493782296311,-24.002599325915828
2015-06-24,3.5086297320213067,-6.134607530700671,-12.463493782296311,-24.001300767212395
2015-06-25,4.4074392507551075,-6.134607530700671,-12.463493782296311,-24.000002208508963
2015-06-26,4.257553912983081,-6.134607530700671,-12.463493782296311,-23.994183355440533
2015-06-29,1.7281232562557314,-6.134607530700671,-12.463493782296311,-23.988364502372107
2015-06-30,1.2620099468547696,-6.134607530700671,-12.463493782296311,-23.98254564930368
2015-07-01,2.2395478104362265,-6.118437500633582,-12.463493782296311,-23.97672679623525
2015-07-02,1.462409453645308,-6.108939867972566,-12.463493782296311,-23.97090794316683
2015-07-06,0.5954127550569233,-5.960859609756774,-12.463493782296311,-23.9650890900984
2015-07-07,0.4357896357055857,-5.940757688019317,-12.463493782296311,-23.959270237029973
2015-07-08,-1.065119388885083,-5.9313730194597785,-12.463493782296311,-23.953451383961546
2015-07-09,-0.8350484457600893,-5.865531659082985,-12.463493782296311,-23.947632530893117
2015-07-10,0.054550865835722995,-5.839647944328575,-12.463493782296311,-23.94181367782469
2015-07-13,1.9530034721456646,-5.832879296895314,-12.463493782296311,-23.935994824756264
2015-07-14,4.249462441684737,-5.73394847417639,-12.463493782296311,-23.930175971687834
2015-07-15,2.8207540934379605,-5.659760745852139,-12.463493782296311,-23.92435711861941
2015-07-16,3.830041974956333,-5.595253369120505,-12.463493782296311,-23.918538265550982
2015-07-17,4.788354275649298,-5.554688025469356,-12.463493782296311,-23.912719412482556
2015-07-20,4.7528512369817255,-5.545632289762685,-12.463493782296311,-23.90690055941413
2015-07-21,3.286859565504474,-5.537968967654535,-12.463493782296311,-23.9010817063457
2015-07-22,2.3764834896505382,-5.497853428454839,-12.463493782296311,-23.895262853277274
2015-07-23,2.198596279818177,-5.4910361340299785,-12.463493782296311,-23.889444000208847
2015-07-24,1.8352051419287418,-5.399111358210581,-12.463493782296311,-23.88362514714042
2015-07-27,2.605847284325602,-5.3846070972671685,-12.463493782296311,-23.88136308170259
2015-07-28,2.1429255114236767,-5.370946575370108,-12.463493782296311,-23.879101016264762
2015-07-29,2.360007829280475,-5.370946575370108,-12.463493782296311,-23.876838950826933
2015-07-30,4.550085619733024,-5.3414939670976525,-12.463493782296311,-23.8745768853891
2015-07-31,5.152993528339755,-5.3414939670976525,-12.463493782296311,-23.87231481995127
2015-08-03,4.199303735383775,-5.3414939670976525,-12.463493782296311,-23.87005275451344
2015-08-04,2.7210083589084277,-5.3414939670976525,-12.463493782296311,-23.867790689075612
2015-08-05,3.9156353553844614,-5.3414939670976525,-12.463493782296311,-23.865528623637783
2015-08-06,2.714133031856769,-5.3414939670976525,-12.463493782296311,-23.863266558199953
2015-08-07,2.3749706882755017,-5.3414939670976525,-12.463493782296311,-23.861004492762124
2015-08-10,2.0513606340737622,-5.3414939670976525,-12.463493782296311,-23.858742427324295
2015-08-11,0.7433613757650726,-5.3414939670976525,-12.463493782296311,-23.856480361886465
2015-08-12,0.6500593107932051,-5.3414939670976525,-12.463493782296311,-23.854218296448636
2015-08-13,0.5958104474533821,-5.3414939670976525,-12.463493782296311,-23.851956231010803
2015-08-14,0.6866949014817436,-5.3414939670976525,-12.463493782296311,-23.849694165572977
2015-08-17,1.001589815045123,-5.3414939670976525,-12.463493782296311,-23.847432100135144
2015-08-18,0.5849927089557561,-5.3414939670976525,-12.463493782296311,-23.845170034697315
2015-08-19,1.0847573900183427,-5.3414939670976525,-12.463493782296311,-23.842907969259485
2015-08-20,-3.2736953120742873,-5.3414939670976525,-12.463493782296311,-23.840645903821656
2015-08-21,-7.2923042397504245,-5.370946575370108,-12.463493782296311,-23.838383838383827
2015-08-24,-10.324782354810813,-5.3846070972671685,-12.463493782296311,-23.837492603744845
2015-08-25,-10.961127138415893,-5.399111358210581,-12.463493782296311,-23.83660136910586
2015-08-26,-6.179574049006087,-5.4910361340299785,-12.463493782296311,-23.83571013446688
2015-08-27,-4.090421679070333,-5.4910361340299785,-12.463493782296311,-23.834818899827898
2015-08-28,-3.3733703674102666,-5.399111358210581,-12.463493782296311,-23.833927665188916
2015-08-31,-4.344833476460974,-5.399111358210581,-12.463493782296311,-23.83303643054993
2015-09-01,-6.383614032609453,-5.493127283742795,-12.463493782296311,-23.83214519591095
2015-09-02,-3.582858836031788,-5.493127283742795,-12.463493782296311,-23.83125396127197
2015-09-03,-5.353021009755676,-5.493127283742795,-12.463493782296311,-23.830362726632988
2015-09-04,-6.6154718585648915,-5.537968967654535,-12.463493782296311,-23.829471491994006
2015-09-08,-3.1882385123846,-5.537968967654535,-12.463493782296311,-23.82858025735502
2015-09-09,-3.798111322509401,-5.537968967654535,-12.463493782296311,-23.82768902271604
2015-09-10,-3.2787968408483414,-5.537968967654535,-12.463493782296311,-23.82679778807706
2015-09-11,-3.0119010839506077,-5.537968967654535,-12.463493782296311,-23.825906553438074
2015-09-14,-4.694847982798434,-5.537968967654535,-12.463493782296311,-23.825015318799093
2015-09-15,-3.094004499738978,-5.537968967654535,-12.463493782296311,-23.82412408416011
2015-09-16,-3.26106658524965,-5.537968967654535,-12.463493782296311,-23.82323284952113
2015-09-17,-3.303550529708832,-5.537968967654535,-12.463493782296311,-23.822341614882145
2015-09-18,-4.182546448489832,-5.537968967654535,-12.463493782296311,-23.821450380243164
2015-09-21,-3.6901684201786855,-5.537968967654535,-12.463493782296311,-23.820559145604182
2015-09-22,-4.496278278428834,-5.537968967654535,-12.463493782296311,-23.81921504855692
2015-09-23,-2.1116220807927633,-5.537968967654535,-12.463493782296311,-23.817870951509654
2015-09-24,-2.8148145927949675,-5.537968967654535,-12.463493782296311,-23.816526854462392
2015-09-25,-4.397699438207525,-5.537968967654535,-12.463493782296311,-23.815182757415126
2015-09-28,-7.145185355153094,-5.545632289762685,-12.463493782296311,-23.813838660367864
2015-09-29,-7.413656058611428,-5.554688025469356,-12.463493782296311,-23.8124945633206
2015-09-30,-5.518995090025214,-5.554688025469356,-12.463493782296311,-23.811150466273336
2015-10-01,-3.410048037044644,-5.554688025469356,-12.463493782296311,-23.809806369226074
2015-10-02,-1.6630234141683853,-5.554688025469356,-12.463493782296311,-23.80846227217881
2015-10-05,-1.7553472370958723,-5.554688025469356,-12.463493782296311,-23.80711817513155
2015-10-06,-3.9080378522642234,-5.554688025469356,-12.463493782296311,-23.805774078084283
2015-10-07,-3.962736959243174,-5.554688025469356,-12.463493782296311,-23.80442998103702
2015-10-08,-3.6856918978232955,-5.554688025469356,-12.463493782296311,-23.803085883989755
2015-10-09,-4.598080535661097,-5.554688025469356,-12.463493782296311,-23.801741786942493
2015-10-12,-5.754416549837682,-5.595253369120505,-12.463493782296311,-23.80039768989523
2015-10-13,-6.683763542260756,-5.659760745852139,-12.463493782296311,-23.799053592847965
2015-10-14,-6.776026411350255,-5.730040040663246,-12.463493782296311,-23.797709495800703
2015-10-15,-4.159366709065382,-5.730040040663246,-12.463493782296311,-23.79636539875344
2015-10-16,-3.3985365727686956,-5.730040040663246,-12.463493782296311,-23.795021301706175
2015-10-19,-1.8826590843761148,-5.730040040663246,-12.463493782296311,-23.793677204658913
2015-10-20,-1.5728949470489084,-5.730040040663246,-12.463493782296311,-23.791493404030614
2015-10-21,-3.009669050416941,-5.730040040663246,-12.463493782296311,-23.789309603402312
2015-10-22,-1.4067625279768459,-5.730040040663246,-12.463493782296311,-23.787125802774014
2015-10-23,0.8728889233369452,-5.730040040663246,-12.463493782296311,-23.784942002145716
2015-10-26,1.0527121819977614,-5.730040040663246,-12.463493782296311,-23.782758201517417
2015-10-27,1.5762372318308904,-5.730040040663246,-12.463493782296311,-23.780574400889115
2015-10-28,2.613694687523749,-5.730040040663246,-12.463493782296311,-23.778390600260817
2015-10-29,1.666770019319097,-5.730040040663246,-12.463493782296311,-23.77620679963252
2015-10-30,2.8607508654099334,-5.730040040663246,-12.463493782296311,-23.77402299900422
2015-11-02,4.154524979402963,-5.730040040663246,-12.463493782296311,-23.771839198375922
2015-11-03,3.3376740992532072,-5.730040040663246,-12.463493782296311,-23.76965539774762
2015-11-04,4.688453322191299,-5.730040040663246,-12.463493782296311,-23.76747159711932
2015-11-05,4.047324214165471,-5.730040040663246,-12.463493782296311,-23.765287796491023
2015-11-06,4.289742904288074,-5.730040040663246,-12.463493782296311,-23.76310399586272
2015-11-09,3.0226080543235723,-5.730040040663246,-12.463493782296311,-23.760920195234423
2015-11-10,1.9111275449056775,-5.730040040663246,-12.463493782296311,-23.758736394606125
2015-11-11,2.3085190391101795,-5.730040040663246,-12.463493782296311,-23.756552593977823
2015-11-12,1.9853939903698992,-5.730040040663246,-12.463493782296311,-23.754368793349524
2015-11-13,2.830664557282314,-5.730040040663246,-12.463493782296311,-23.752184992721226
2015-11-16,9.077126020583881,-5.730040040663246,-12.463493782296311,-23.750001192092927
2015-11-17,13.513256348015744,-5.730040040663246,-12.463493782296311,-23.74977615465749
2015-11-18,16.128490411654628,-5.730040040663246,-12.463493782296311,-23.749551117222055
2015-11-19,10.63829235688214,-5.730040040663246,-12.463493782296311,-23.749326079786616
2015-11-20,8.635494645065966,-5.730040040663246,-12.463493782296311,-23.74910104235118
2015-11-23,8.342848551961502,-5.730040040663246,-12.463493782296311,-23.748876004915743
2015-11-24,9.607398164621772,-5.730040040663246,-12.463493782296311,-23.74865096748031
2015-11-25,13.242668144893566,-5.730040040663246,-12.463493782296311,-23.74842593004487
2015-11-27,10.290768845583775,-5.730040040663246,-12.463493782296311,-23.748200892609436
2015-11-30,10.553626618526035,-5.730040040663246,-12.463493782296311,-23.747975855173998
2015-12-01,13.003338158877087,-5.730040040663246,-12.463493782296311,-23.747750817738563
2015-12-02,9.227393770521463,-5.730040040663246,-12.463493782296311,-23.747525780303125
2015-12-03,8.59587146586247,-5.730040040663246,-12.463493782296311,-23.747300742867687
2015-12-04,9.938244697270626,-5.730040040663246,-12.463493782296311,-23.747075705432252
2015-12-07,8.840467097888816,-5.730040040663246,-12.463493782296311,-23.746850667996814
2015-12-08,9.180902571026262,-5.730040040663246,-12.463493782296311,-23.74662563056138
2015-12-09,6.271584289993193,-5.730040040663246,-12.463493782296311,-23.74640059312594
2015-12-10,6.153583463248813,-5.730040040663246,-12.463493782296311,-23.746175555690506
2015-12-11,3.6716414570630462,-5.730040040663246,-12.463493782296311,-23.745950518255068
2015-12-14,5.9610810348891485,-5.730040040663246,-12.463493782296311,-23.745725480819633
2015-12-15,6.273653703891213,-5.730040040663246,-12.463493782296311,-23.745500443384195
2015-12-16,9.49087898907952,-5.730040040663246,-12.463493782296311,-23.742152357626413
2015-12-17,7.813399276064326,-5.730040040663246,-12.463493782296311,-23.73880427186863
2015-12-18,6.138726967204011,-5.730040040663246,-12.463493782296311,-23.735456186110852
2015-12-21,8.235332296323318,-5.730040040663246,-12.463493782296311,-23.73210810035307
2015-12-22,12.139287205411842,-5.730040040663246,-12.463493782296311,-23.728760014595288
2015-12-23,13.562537319124178,-5.730040040663246,-12.463493782296311,-23.725411928837506
2015-12-24,10.987213367552616,-5.730040040663246,-12.463493782296311,-23.722063843079724
2015-12-28,10.428883741507299,-5.730040040663246,-12.463493782296311,-23.718715757321945
2015-12-29,10.235477212015054,-5.730040040663246,-12.463493782296311,-23.715367671564163
2015-12-30,7.6992497195284,-5.730040040663246,-12.463493782296311,-23.71201958580638
2015-12-31,6.865068409670805,-5.730040040663246,-12.463493782296311,-23.708671500048602
2016-01-04,3.9865334301809163,-5.730040040663246,-12.463493782296311,-23.70532341429082
2016-01-05,3.3949789346852333,-5.730040040663246,-12.463493782296311,-23.701975328533038
2016-01-06,1.9404060391091216,-5.730040040663246,-12.463493782296311,-23.698627242775256
2016-01-07,-1.4921276454438415,-5.730040040663246,-12.463493782296311,-23.695279157017477
2016-01-08,-1.6645799050644783,-5.730040040663246,-12.463493782296311,-23.691931071259695
2016-01-11,-1.2037429796470822,-5.730040040663246,-12.463493782296311,-23.688582985501913
2016-01-12,-1.673034208098123,-5.730040040663246,-12.463493782296311,-23.68523489974413
2016-01-13,-5.459391717077866,-5.730040040663246,-12.463493782296311,-23.68188681398635
2016-01-14,-3.996628971595506,-5.730040040663246,-12.463493782296311,-23.67853872822857
2016-01-15,-6.494729113344643,-5.7583249833508265,-12.463493782296311,-23.67651124075863
2016-01-19,-5.715502437846776,-5.7583249833508265,-12.463493782296311,-23.674483753288687
2016-01-20,-7.881025798802643,-5.832879296895314,-12.463493782296311,-23.67245626581875
2016-01-21,-10.299665980289996,-5.839647944328575,-12.463493782296311,-23.670428778348807
2016-01-22,-7.759744988328155,-5.865531659082985,-12.463493782296311,-23.668401290878865
2016-01-25,-9.313463002793954,-5.9313730194597785,-12.463493782296311,-23.666373803408923
2016-01-26,-9.25170698337382,-5.940757688019317,-12.463493782296311,-23.66434631593898
2016-01-27,-11.372802642667356,-5.960859609756774,-12.463493782296311,-23.662318828469044
2016-01-28,-9.717094786291058,-6.108939867972566,-12.463493782296311,-23.660291340999102
2016-01-29,-8.861140010162337,-6.118437500633582,-12.463493782296311,-23.65826385352916
2016-02-01,-8.933897602993735,-6.134607530700671,-12.463493782296311,-23.65623636605922
2016-02-02,-10.91280669575555,-6.154031753513186,-12.463493782296311,-23.654208878589277
2016-02-03,-11.100545818035668,-6.179890949279237,-12.463493782296311,-23.65218139111934
2016-02-04,-11.171244025554582,-6.189519136877881,-12.463493782296311,-23.650153903649397
2016-02-05,-13.334913087242416,-6.260235613726873,-12.523854349970815,-23.648126416179455
2016-02-08,-14.441323153358422,-6.302876884009606,-12.530732901692774,-23.646098928709513
2016-02-09,-14.601439476354116,-6.328302264493737,-12.595116167776666,-23.64407144123957
2016-02-10,-13.431734235983871,-6.384628857939122,-12.67055025254458,-23.642043953769633
2016-02-11,-11.825697697199644,-6.408169872641561,-12.67055025254458,-23.64001646629969
2016-02-12,-11.752626956247614,-6.489378803245637,-12.67055025254458,-23.63798897882975
2016-02-16,-9.819614479401562,-6.496469538926912,-12.67055025254458,-23.626510777834543
2016-02-17,-9.514056526689284,-6.53027494319783,-12.67055025254458,-23.615032576839333
2016-02-18,-10.609854479119074,-6.547843382617107,-12.67055025254458,-23.603554375844134
2016-02-19,-10.948235287317608,-6.615885277178807,-12.67055025254458,-23.592076174848923
2016-02-22,-9.240822322724151,-6.626741396414068,-12.67055025254458,-23.580597973853724
2016-02-23,-10.656458217740216,-6.685268329148224,-12.67055025254458,-23.569119772858514
2016-02-24,-9.882319347534807,-6.7164508482084875,-12.67055025254458,-23.557641571863307
2016-02-25,-9.122145402335946,-6.7662074323462065,-12.67055025254458,-23.546163370868104
2016-02-26,-9.005372413407231,-6.783360621454381,-12.67055025254458,-23.534685169872898
2016-02-29,-10.716245385738477,-6.9304716672343725,-12.67055025254458,-23.523206968877695
2016-03-01,-7.278791111262328,-7.081294372749057,-12.67055025254458,-23.511728767882488
2016-03-02,-5.644347878066236,-7.081294372749057,-12.67055025254458,-23.50025056688728
2016-03-03,-7.973841056814912,-7.145206244415911,-12.67055025254458,-23.48877236589208
2016-03-04,-7.521338527302179,-7.145626519288776,-12.67055025254458,-23.477294164896872
2016-03-07,-8.098210523927719,-7.150578386439159,-12.67055025254458,-23.46581596390167
2016-03-08,-7.454765595445356,-7.237153362475485,-12.67055025254458,-23.454337762906462
2016-03-09,-7.278308978789283,-7.255984568363328,-12.67055025254458,-23.442859561911252
2016-03-10,-5.2388266807224415,-7.255984568363328,-12.67055025254458,-23.431381360916053
2016-03-11,-4.307444197057575,-7.255984568363328,-12.67055025254458,-23.419903159920846
2016-03-14,-4.726061304170925,-7.255984568363328,-12.67055025254458,-23.408424958925643
2016-03-15,-6.157194596847915,-7.255984568363328,-12.67055025254458,-23.408275509735997
2016-03-16,-3.921834186304962,-7.255984568363328,-12.67055025254458,-23.408126060546355
2016-03-17,-2.1032551665997823,-7.255984568363328,-12.67055025254458,-23.40797661135671
2016-03-18,-3.0274652974199956,-7.255984568363328,-12.67055025254458,-23.407827162167063
2016-03-21,-3.2839094528786417,-7.255984568363328,-12.67055025254458,-23.40767771297742
2016-03-22,-3.702847482783622,-7.255984568363328,-12.67055025254458,-23.407528263787775
2016-03-23,-4.478557406616579,-7.255984568363328,-12.67055025254458,-23.40737881459813
2016-03-24,-4.400890862804818,-7.255984568363328,-12.67055025254458,-23.407229365408487
2016-03-28,-6.01292415722916,-7.255984568363328,-12.67055025254458,-23.40707991621884
2016-03-29,-3.6352704369972844,-7.255984568363328,-12.67055025254458,-23.4069304670292
2016-03-30,-1.9453836666486923,-7.255984568363328,-12.67055025254458,-23.406781017839553
2016-03-31,0.0213852791206115,-7.255984568363328,-12.67055025254458,-23.406631568649907
2016-04-01,1.2595907256408356,-7.255984568363328,-12.67055025254458,-23.406482119460264
2016-04-04,1.852588109976061,-7.255984568363328,-12.67055025254458,-23.40633267027062
2016-04-05,4.131273553849235,-7.255984568363328,-12.67055025254458,-23.406183221080973
2016-04-06,6.718363191218324,-7.255984568363328,-12.67055025254458,-23.40603377189133
2016-04-07,4.862517445885173,-7.255984568363328,-12.67055025254458,-23.405884322701684
2016-04-08,3.5842587160091366,-7.255984568363328,-12.67055025254458,-23.40573487351204
2016-04-11,6.8907161406938755,-7.255984568363328,-12.67055025254458,-23.405585424322396
2016-04-12,5.538907023737183,-7.255984568363328,-12.67055025254458,-23.40543597513275
2016-04-13,10.311872468434347,-7.255984568363328,-12.67055025254458,-23.403096958223866
2016-04-14,10.081649468380682,-7.255984568363328,-12.67055025254458,-23.400757941314986
2016-04-15,10.141622042305375,-7.255984568363328,-12.67055025254458,-23.3984189244061
2016-04-18,10.619174308385704,-7.255984568363328,-12.67055025254458,-23.396079907497217
2016-04-19,6.849209706599635,-7.255984568363328,-12.67055025254458,-23.393740890588337
2016-04-20,8.547080664941099,-7.255984568363328,-12.67055025254458,-23.391401873679452
2016-04-21,7.588671183439666,-7.255984568363328,-12.67055025254458,-23.389062856770572
2016-04-22,8.67246941720059,-7.255984568363328,-12.67055025254458,-23.386723839861688
2016-04-25,7.159580127130094,-7.255984568363328,-12.67055025254458,-23.384384822952804
2016-04-26,4.457119426515921,-7.255984568363328,-12.67055025254458,-23.382045806043923
2016-04-27,3.341269998370544,-7.255984568363328,-12.67055025254458,-23.37970678913504
2016-04-28,4.351217718356826,-7.255984568363328,-12.67055025254458,-23.377367772226158
2016-04-29,4.301702298610177,-7.255984568363328,-12.67055025254458,-23.375028755317274
2016-05-02,5.298646818253894,-7.255984568363328,-12.67055025254458,-23.37268973840839
2016-05-03,8.074952270495771,-7.255984568363328,-12.67055025254458,-23.37035072149951
2016-05-04,9.04691457742064,-7.255984568363328,-12.67055025254458,-23.368011704590625
2016-05-05,9.355312410909766,-7.255984568363328,-12.67055025254458,-23.365672687681744
2016-05-06,9.517734692155756,-7.255984568363328,-12.67055025254458,-23.36333367077286
2016-05-09,9.988172880552826,-7.255984568363328,-12.67055025254458,-23.360994653863976
2016-05-10,9.822369971601885,-7.255984568363328,-12.67055025254458,-23.358655636955096
2016-05-11,6.430216195696725,-7.255984568363328,-12.67055025254458,-23.355628958393723
2016-05-12,3.6132839341605383,-7.255984568363328,-12.67055025254458,-23.352602279832354
2016-05-13,4.423625443008716,-7.255984568363328,-12.67055025254458,-23.349575601270985
2016-05-16,5.418059268511066,-7.255984568363328,-12.67055025254458,-23.346548922709612
2016-05-17,2.43261711493703,-7.255984568363328,-12.67055025254458,-23.343522244148243
2016-05-18,4.52207766424928,-7.255984568363328,-12.67055025254458,-23.340495565586874
2016-05-19,2.9955078055968976,-7.255984568363328,-12.67055025254458,-23.3374688870255
2016-05-20,3.1144632914822834,-7.255984568363328,-12.67055025254458,-23.334442208464132
2016-05-23,3.108306413770867,-7.255984568363328,-12.67055025254458,-23.331415529902763
2016-05-24,6.128026682535359,-7.255984568363328,-12.67055025254458,-23.328388851341394
2016-05-25,3.567005690079217,-7.255984568363328,-12.67055025254458,-23.32536217278002
2016-05-26,3.831127101180054,-7.255984568363328,-12.67055025254458,-23.32233549421865
2016-05-27,4.568942970168233,-7.255984568363328,-12.67055025254458,-23.31930881565728
2016-05-31,4.728678478417003,-7.255984568363328,-12.67055025254458,-23.31628213709591
2016-06-01,5.386429183036046,-7.255984568363328,-12.67055025254458,-23.31325545853454
2016-06-02,6.48824515421369,-7.255984568363328,-12.67055025254458,-23.31022877997317
2016-06-03,5.310021841539703,-7.255984568363328,-12.67055025254458,-23.3072021014118
2016-06-06,5.854334908511372,-7.255984568363328,-12.67055025254458,-23.30417542285043
2016-06-07,3.771551273327467,-7.255984568363328,-12.67055025254458,-23.30114874428906
2016-06-08,3.775091225261984,-7.255984568363328,-12.67055025254458,-23.29812206572769
2016-06-09,3.6447128768846815,-7.255984568363328,-12.67055025254458,-23.297544859360848
2016-06-10,1.5640922875039376,-7.255984568363328,-12.67055025254458,-23.296967652994006
2016-06-13,0.7719093064571858,-7.255984568363328,-12.67055025254458,-23.29639044662716
2016-06-14,0.6146931320031968,-7.255984568363328,-12.67055025254458,-23.29581324026032
2016-06-15,-0.06494080548253844,-7.255984568363328,-12.67055025254458,-23.295236033893477
2016-06-16,-0.07399355255488516,-7.255984568363328,-12.67055025254458,-23.294658827526636
2016-06-17,-0.42246151168726653,-7.255984568363328,-12.67055025254458,-23.294081621159794
2016-06-20,0.1760276405353034,-7.255984568363328,-12.67055025254458,-23.29350441479295
2016-06-21,0.634601280193503,-7.255984568363328,-12.67055025254458,-23.292927208426107
2016-06-22,-1.1954264713774698,-7.255984568363328,-12.67055025254458,-23.292350002059266
2016-06-23,-0.271451322664662,-7.255984568363328,-12.67055025254458,-23.291772795692424
2016-06-24,-4.238942627473296,-7.255984568363328,-12.67055025254458,-23.291195589325582
2016-06-27,-7.126229944055673,-7.255984568363328,-12.67055025254458,-23.290618382958737
2016-06-28,-4.728464861247961,-7.255984568363328,-12.67055025254458,-23.290041176591895
2016-06-29,-2.0972491451436204,-7.255984568363328,-12.67055025254458,-23.289463970225054
2016-06-30,-2.5663390701632594,-7.255984568363328,-12.67055025254458,-23.288886763858212
2016-07-01,-0.649720192727643,-7.255984568363328,-12.67055025254458,-23.28830955749137
2016-07-05,-1.183940731791755,-7.255984568363328,-12.67055025254458,-23.287732351124525
2016-07-06,-0.007474491507020176,-7.255984568363328,-12.67055025254458,-23.287155144757683
2016-07-07,-0.545392042466486,-7.255984568363328,-12.67055025254458,-23.286577938390842
2016-07-08,-0.2819694326347877,-7.255984568363328,-12.67055025254458,-23.28620100494696
2016-07-11,0.2785506150014383,-7.255984568363328,-12.67055025254458,-23.285824071503075
2016-07-12,1.039835434238734,-7.255984568363328,-12.67055025254458,-23.285447138059194
2016-07-13,0.2604923438564999,-7.255984568363328,-12.67055025254458,-23.28507020461531
2016-07-14,1.5665276432900166,-7.255984568363328,-12.67055025254458,-23.284693271171427
2016-07-15,1.3207832661363161,-7.255984568363328,-12.67055025254458,-23.284316337727542
2016-07-18,1.9822003206829697,-7.255984568363328,-12.595116167776666,-23.28393940428366
2016-07-19,3.16773177583356,-7.255984568363328,-12.530732901692774,-23.283562470839776
2016-07-20,4.373031581146858,-7.255984568363328,-12.523854349970815,-23.283185537395894
2016-07-21,4.642723512434532,-7.255984568363328,-12.463493782296311,-23.282808603952013
2016-07-22,5.927027730003287,-7.255984568363328,-12.455947392316519,-23.282431670508128
2016-07-25,7.232149767953788,-7.255984568363328,-12.441339448802228,-23.282054737064247
2016-07-26,7.923452283890597,-7.255984568363328,-12.437818460277159,-23.28167780362036
2016-07-27,7.654426345535814,-7.255984568363328,-12.428527911273456,-23.28130087017648
2016-07-28,9.041786640637106,-7.255984568363328,-12.319151908492108,-23.280923936732595
2016-07-29,9.986249491947374,-7.255984568363328,-12.319151908492108,-23.280547003288714
2016-08-01,10.600075344487415,-7.255984568363328,-12.258005810868314,-23.28017006984483
2016-08-02,9.177708364037663,-7.255984568363328,-12.258005810868314,-23.279793136400947
2016-08-03,9.228230893138644,-7.255984568363328,-12.258005810868314,-23.279416202957062
2016-08-04,8.060874970884523,-7.255984568363328,-12.233342552483327,-23.27903926951318
2016-08-05,10.092826789685528,-7.255984568363328,-12.223627950042621,-23.277758665304262
2016-08-08,10.458385411359238,-7.237153362475485,-12.223627950042621,-23.276478061095343
2016-08-09,11.123325067201506,-7.150578386439159,-12.223627950042621,-23.275197456886424
2016-08-10,9.468549282254713,-7.145626519288776,-12.223627950042621,-23.2739168526775
2016-08-11,11.334516321771515,-7.145206244415911,-12.223627950042621,-23.272636248468586
2016-08-12,11.010637322134809,-7.127177714610544,-12.223627950042621,-23.271355644259664
2016-08-15,12.066481461554023,-7.080346602194186,-12.223627950042621,-23.270075040050745
2016-08-16,10.233363255180672,-6.9304716672343725,-12.223627950042621,-23.268794435841826
2016-08-17,10.576531768408092,-6.9304716672343725,-12.223627950042621,-23.267513831632908
2016-08-18,8.43270226393782,-6.9304716672343725,-12.223627950042621,-23.26623322742399
2016-08-19,7.630932399587942,-6.9304716672343725,-12.223627950042621,-23.26495262321507
2016-08-22,7.3989318748829636,-6.783360621454381,-12.223627950042621,-23.26367201900615
2016-08-23,7.034264170084037,-6.7662074323462065,-12.223627950042621,-23.262391414797232
2016-08-24,6.13992506631722,-6.7164508482084875,-12.223627950042621,-23.26111081058831
2016-08-25,5.957658842902358,-6.685268329148224,-12.223627950042621,-23.25983020637939
2016-08-26,5.891417350816619,-6.626741396414068,-12.223627950042621,-23.258549602170472
2016-08-29,6.537496577014457,-6.615885277178807,-12.223627950042621,-23.257268997961553
2016-08-30,5.806751829281742,-6.547843382617107,-12.223627950042621,-23.255988393752634
2016-08-31,5.966435164156558,-6.547843382617107,-12.223627950042621,-23.254707789543716
2016-09-01,6.056554870876041,-6.547843382617107,-12.223627950042621,-23.253427185334797
2016-09-02,6.575595745246421,-6.547843382617107,-12.223627950042621,-23.25248420229178
2016-09-06,8.470361700268692,-6.547843382617107,-12.223627950042621,-23.251541219248757
2016-09-07,9.44904597865428,-6.547843382617107,-12.223627950042621,-23.25059823620574
2016-09-08,8.808617933559626,-6.547843382617107,-12.223627950042621,-23.24965525316272
2016-09-09,6.375781864967789,-6.547843382617107,-12.223627950042621,-23.2487122701197
2016-09-12,7.963273349735656,-6.547843382617107,-12.223627950042621,-23.247769287076682
2016-09-13,8.263689762690717,-6.547843382617107,-12.223627950042621,-23.24682630403366
2016-09-14,8.100030215704868,-6.547843382617107,-12.223627950042621,-23.245883320990643
2016-09-15,9.432557571766043,-6.547843382617107,-12.223627950042621,-23.244940337947625
2016-09-16,9.645657644359694,-6.547843382617107,-12.223627950042621,-23.243997354904607
2016-09-19,7.633284929003947,-6.547843382617107,-12.223627950042621,-23.243054371861586
2016-09-20,12.468378609494145,-6.547843382617107,-12.223627950042621,-23.242111388818568
2016-09-21,15.873758359825697,-6.547843382617107,-12.223627950042621,-23.241168405775547
2016-09-22,14.291125087444634,-6.547843382617107,-12.223627950042621,-23.24022542273253
2016-09-23,11.58556243950921,-6.547843382617107,-12.223627950042621,-23.23928243968951
2016-09-26,9.386387070235047,-6.547843382617107,-12.223627950042621,-23.23833945664649
2016-09-27,9.915831772948525,-6.547843382617107,-12.223627950042621,-23.23739647360347
2016-09-28,10.777819105682118,-6.547843382617107,-12.223627950042621,-23.236453490560454
2016-09-29,9.081598921194844,-6.547843382617107,-12.223627950042621,-23.235510507517432
2016-09-30,9.572438465057441,-6.547843382617107,-12.223627950042621,-23.234567524474414
2016-10-03,7.7490100583563315,-6.53027494319783,-12.223627950042621,-23.228632301126826
2016-10-04,6.974406887991513,-6.496469538926912,-12.223627950042621,-23.222697077779234
2016-10-05,6.814748505371027,-6.389169786646212,-12.223627950042621,-23.21676185443165
2016-10-06,7.019970842929935,-6.328302264493737,-12.223627950042621,-23.210826631084057
2016-10-07,6.06086395603318,-6.302876884009606,-12.223627950042621,-23.204891407736472
2016-10-10,6.9041464325168445,-6.302876884009606,-12.223627950042621,-23.198956184388884
2016-10-11,4.686842183804285,-6.302876884009606,-12.223627950042621,-23.19302096104129
2016-10-12,4.980225545713246,-6.302876884009606,-12.223627950042621,-23.187085737693707
2016-10-13,3.396747670297584,-6.302876884009606,-12.223627950042621,-23.181150514346115
2016-10-14,3.7582815674575,-6.302876884009606,-12.223627950042621,-23.17521529099853
2016-10-17,3.0469159822720027,-6.302876884009606,-12.223627950042621,-23.16928006765094
2016-10-18,3.955151829077863,-6.302876884009606,-12.223627950042621,-23.16334484430335
2016-10-19,3.827578185825553,-6.302876884009606,-12.223627950042621,-23.157409620955764
2016-10-20,2.9892214777958115,-6.302876884009606,-12.223627950042621,-23.151474397608172
2016-10-21,3.014571013878653,-6.302876884009606,-12.223627950042621,-23.145539174260588
2016-10-24,4.026478577491077,-6.302876884009606,-12.223627950042621,-23.139603950913
2016-10-25,3.1498349249016844,-6.302876884009606,-12.223627950042621,-23.133668727565407
2016-10-26,3.2330640149424994,-6.302876884009606,-12.223627950042621,-23.127733504217822
2016-10-27,2.4235986747220384,-6.302876884009606,-12.223627950042621,-23.12179828087023
2016-10-28,1.4900355069663584,-6.302876884009606,-12.223627950042621,-23.115863057522645
2016-10-31,0.4309360334160406,-6.302876884009606,-12.223627950042621,-23.114615486348544
2016-11-01,-0.21342366903236432,-6.302876884009606,-12.223627950042621,-23.113367915174443
2016-11-02,-1.2412648220365918,-6.302876884009606,-12.223627950042621,-23.112120344000342
2016-11-03,-1.9586014783795846,-6.302876884009606,-12.223627950042621,-23.11087277282624
2016-11-04,-2.7195399555190347,-6.302876884009606,-12.223627950042621,-23.109625201652143
2016-11-07,-0.4764118650699478,-6.302876884009606,-12.223627950042621,-23.108377630478042
2016-11-08,-0.25186706516410196,-6.302876884009606,-12.223627950042621,-23.10713005930394
2016-11-09,0.7645457761907615,-6.302876884009606,-12.223627950042621,-23.10588248812984
2016-11-10,-1.0403055533898309,-6.302876884009606,-12.223627950042621,-23.10463491695574
2016-11-11,-1.0228772225051919,-6.302876884009606,-12.223627950042621,-23.10338734578164
2016-11-14,-1.997844469857435,-6.302876884009606,-12.223627950042621,-23.10213977460754
2016-11-15,-0.7146820056412428,-6.302876884009606,-12.223627950042621,-23.10089220343344
2016-11-16,-0.30362913225219224,-6.302876884009606,-12.223627950042621,-23.099644632259338
2016-11-17,1.074637979690296,-6.302876884009606,-12.223627950042621,-23.098397061085237
2016-11-18,0.8610533182260571,-6.302876884009606,-12.223627950042621,-23.097149489911136
2016-11-21,1.7615477112105538,-6.302876884009606,-12.223627950042621,-23.095901918737034
2016-11-22,1.9309343911330101,-6.302876884009606,-12.223627950042621,-23.094654347562933
2016-11-23,1.8504058983842775,-6.302876884009606,-12.223627950042621,-23.093406776388836
2016-11-25,2.2825365315674917,-6.302876884009606,-12.223627950042621,-23.092159205214735
2016-11-28,1.787826915973456,-6.302876884009606,-12.223627950042621,-23.090911634040634
2016-11-29,1.8085173765439944,-6.302876884009606,-12.223627950042621,-23.090824742953902
2016-11-30,-0.04707008023074888,-6.302876884009606,-12.223627950042621,-23.090737851867168
2016-12-01,-1.8322243951312434,-6.302876884009606,-12.223627950042621,-23.090650960780437
2016-12-02,-1.057742803981665,-6.302876884009606,-12.223627950042621,-23.090564069693706
2016-12-05,2.285850680267165,-6.302876884009606,-12.223627950042621,-23.09047717860697
2016-12-06,0.7246348240576461,-6.302876884009606,-12.223627950042621,-23.09039028752024
2016-12-07,2.9201853910885145,-6.302876884009606,-12.223627950042621,-23.09030339643351
2016-12-08,2.6132699475298615,-6.302876884009606,-12.223627950042621,-23.090216505346774
2016-12-09,1.835719331785124,-6.302876884009606,-12.223627950042621,-23.090129614260043
2016-12-12,1.4238197253899632,-6.302876884009606,-12.223627950042621,-23.090042723173312
2016-12-13,3.151224819012599,-6.302876884009606,-12.223627950042621,-23.089955832086577
2016-12-14,2.7435889610877506,-6.302876884009606,-12.223627950042621,-23.089868940999846
2016-12-15,1.9043588412541723,-6.302876884009606,-12.223627950042621,-23.08978204991311
2016-12-16,0.7263432385842705,-6.302876884009606,-12.223627950042621,-23.08969515882638
2016-12-19,1.7885987485858346,-6.302876884009606,-12.223627950042621,-23.08960826773965
2016-12-20,3.0405885928872056,-6.302876884009606,-12.223627950042621,-23.089521376652915
2016-12-21,1.95573988346176,-6.302876884009606,-12.223627950042621,-23.089434485566183
2016-12-22,1.4966717228111603,-6.302876884009606,-12.223627950042621,-23.089347594479452
2016-12-23,2.3054833899603944,-6.302876884009606,-12.223627950042621,-23.089260703392718
2016-12-27,2.070939765809321,-6.302876884009606,-12.223627950042621,-23.089173812305987
2016-12-28,1.4220373330487313,-6.302876884009606,-12.223627950042621,-23.08772454881179
2016-12-29,1.4322233719574529,-6.302876884009606,-12.223627950042621,-23.086275285317594
2016-12-30,0.03508547926611705,-6.302876884009606,-12.223627950042621,-23.084826021823396
2017-01-03,0.9810658125654292,-6.302876884009606,-12.223627950042621,-23.083376758329198
2017-01-04,1.7529775177540952,-6.302876884009606,-12.223627950042621,-23.081927494835004
2017-01-05,1.6849280044205495,-6.302876884009606,-12.223627950042621,-23.080478231340805
2017-01-06,4.0605171663046224,-6.302876884009606,-12.223627950042621,-23.07902896784661
2017-01-09,4.490808222854437,-6.302876884009606,-12.223627950042621,-23.077579704352413
2017-01-10,5.097353125221349,-6.302876884009606,-12.223627950042621,-23.076130440858215
2017-01-11,5.2542984040315766,-6.302876884009606,-12.223627950042621,-23.07468117736402
2017-01-12,5.379488458982373,-6.302876884009606,-12.223627950042621,-23.073231913869822
2017-01-13,4.807033707436004,-6.302876884009606,-12.223627950042621,-23.071782650375628
2017-01-17,4.501036201051356,-6.302876884009606,-12.223627950042621,-23.07033338688143
2017-01-18,4.838342184240174,-6.302876884009606,-12.223627950042621,-23.06888412338723
2017-01-19,4.3969821305789525,-6.302876884009606,-12.223627950042621,-23.067434859893037
2017-01-20,3.3836533831810955,-6.302876884009606,-12.223627950042621,-23.06598559639884
2017-01-23,3.797404809958582,-6.302876884009606,-12.223627950042621,-23.064536332904645
2017-01-24,5.210844468737785,-6.302876884009606,-12.223627950042621,-23.063087069410447
2017-01-25,6.756881352912147,-6.302876884009606,-12.223627950042621,-23.06163780591625
2017-01-26,7.542860659715922,-6.302876884009606,-12.223627950042621,-23.060188542422054
2017-01-27,7.849737908823418,-6.302876884009606,-12.223627950042621,-23.059764036469804
2017-01-30,7.820595286984555,-6.302876884009606,-12.223627950042621,-23.059339530517555
2017-01-31,8.473477563728093,-6.302876884009606,-12.223627950042621,-23.058915024565305
2017-02-01,10.304517063122475,-6.302876884009606,-12.223627950042621,-23.058490518613056
2017-02-02,10.595667639223771,-6.302876884009606,-12.223627950042621,-23.058066012660806
2017-02-03,8.33953484032115,-6.302876884009606,-12.223627950042621,-23.057641506708556
2017-02-06,7.764916096290797,-6.302876884009606,-12.223627950042621,-23.057217000756307
2017-02-07,7.66243665252917,-6.302876884009606,-12.223627950042621,-23.056792494804057
2017-02-08,9.611646457037825,-6.302876884009606,-12.223627950042621,-23.056367988851807
2017-02-09,9.962730470304892,-6.302876884009606,-12.223627950042621,-23.055943482899558
2017-02-10,11.452580581514837,-6.302876884009606,-12.223627950042621,-23.05551897694731
2017-02-13,10.549160824399117,-6.302876884009606,-12.223627950042621,-23.055094470995062
2017-02-14,10.265589781368112,-6.302876884009606,-12.223627950042621,-23.054669965042812
2017-02-15,10.116977787444004,-6.302876884009606,-12.223627950042621,-23.054245459090563
2017-02-16,10.495775431938137,-6.302876884009606,-12.223627950042621,-23.053820953138313
2017-02-17,9.832379072654085,-6.302876884009606,-12.223627950042621,-23.053396447186064
2017-02-21,10.039697672506254,-6.302876884009606,-12.223627950042621,-23.052971941233814
2017-02-22,10.528082847239805,-6.302876884009606,-12.223627950042621,-23.052547435281564
2017-02-23,9.760850499419771,-6.302876884009606,-12.223627950042621,-23.052122929329315
2017-02-24,10.222422294187306,-6.302876884009606,-12.223627950042621,-23.051698423377065
2017-02-27,9.97739339514887,-6.302876884009606,-12.223627950042621,-23.05083340392811
2017-02-28,10.983772953048687,-6.302876884009606,-12.223627950042621,-23.049968384479158
2017-03-01,14.16830767531252,-6.302876884009606,-12.223627950042621,-23.049103365030206
2017-03-02,13.36921955314503,-6.302876884009606,-12.223627950042621,-23.04823834558125
2017-03-03,12.700603059150573,-6.302876884009606,-12.223627950042621,-23.0473733261323
2017-03-06,12.18175493857756,-6.302876884009606,-12.223627950042621,-23.046508306683343
2017-03-07,10.592579572215065,-6.302876884009606,-12.223627950042621,-23.04564328723439
2017-03-08,10.591272586176537,-6.302876884009606,-12.223627950042621,-23.044778267785436
2017-03-09,9.814526534083367,-6.302876884009606,-12.223627950042621,-23.043913248336484
2017-03-10,10.776728150925852,-6.302876884009606,-12.223627950042621,-23.04304822888753
2017-03-13,9.580483174296583,-6.302876884009606,-12.223627950042621,-23.042183209438576
2017-03-14,9.541379962276796,-6.302876884009606,-12.223627950042621,-23.04131818998962
2017-03-15,10.043278480329665,-6.302876884009606,-12.223627950042621,-23.04045317054067
2017-03-16,10.37625099585604,-6.302876884009606,-12.223627950042621,-23.039588151091717
2017-03-17,9.887589695736487,-6.302876884009606,-12.223627950042621,-23.03872313164276
2017-03-20,9.568016492701425,-6.302876884009606,-12.223627950042621,-23.03785811219381
2017-03-21,7.986125623898976,-6.302876884009606,-12.223627950042621,-23.036993092744854
2017-03-22,9.025906429422514,-6.302876884009606,-12.223627950042621,-23.036128073295902
2017-03-23,8.678233499795308,-6.302876884009606,-12.223627950042621,-23.035263053846947
2017-03-24,8.344479172323638,-6.302876884009606,-12.223627950042621,-23.034398034397995
2017-03-27,9.369561880049027,-6.302876884009606,-12.223627950042621,-23.033729159527706
2017-03-28,10.194550463591256,-6.302876884009606,-12.223627950042621,-23.033060284657417
2017-03-29,11.854457630505767,-6.302876884009606,-12.223627950042621,-23.032391409787124
2017-03-30,11.047032879151498,-6.302876884009606,-12.223627950042621,-23.031722534916835
2017-03-31,10.371443412568793,-6.302876884009606,-12.223627950042621,-23.031053660046545
2017-04-03,9.684180717497659,-6.302876884009606,-12.223627950042621,-23.030384785176256
2017-04-04,8.903223395371885,-6.302876884009606,-12.223627950042621,-23.029715910305967
2017-04-05,8.104783633611511,-6.302876884009606,-12.223627950042621,-23.029047035435674
2017-04-06,7.923917731840535,-6.302876884009606,-12.223627950042621,-23.028378160565385
2017-04-07,7.577144285491966,-6.302876884009606,-12.223627950042621,-23.027709285695096
2017-04-10,7.784498281963748,-6.302876884009606,-12.223627950042621,-23.027040410824807
2017-04-11,6.953145230217772,-6.302876884009606,-12.223627950042621,-23.026371535954517
2017-04-12,6.842898514600915,-6.302876884009606,-12.223627950042621,-23.025702661084225
2017-04-13,6.202299151305257,-6.302876884009606,-12.223627950042621,-23.025033786213935
2017-04-17,7.134131714042646,-6.302876884009606,-12.223627950042621,-23.024364911343646
2017-04-18,6.736832217183886,-6.302876884009606,-12.223627950042621,-23.023696036473357
2017-04-19,6.820908796669456,-6.302876884009606,-12.223627950042621,-23.023027161603068
2017-04-20,6.994579302768522,-6.302876884009606,-12.223627950042621,-23.022358286732775
2017-04-21,5.904334995958793,-6.302876884009606,-12.223627950042621,-23.021689411862486
2017-04-24,7.071635448495295,-6.302876884009606,-12.223627950042621,-23.021020536992197
2017-04-25,7.640031015888726,-6.302876884009606,-12.223627950042621,-23.01797176112739
2017-04-26,8.332610851369493,-6.302876884009606,-12.223627950042621,-23.014922985262587
2017-04-27,9.201611738301963,-6.302876884009606,-12.223627950042621,-23.01187420939778
2017-04-28,8.64462404266737,-6.302876884009606,-12.223627950042621,-23.008825433532976
2017-05-01,9.707518049386588,-6.302876884009606,-12.223627950042621,-23.00577665766817
2017-05-02,9.5766511911483,-6.302876884009606,-12.223627950042621,-23.002727881803366
2017-05-03,9.095629750116885,-6.302876884009606,-12.223627950042621,-22.99967910593856
2017-05-04,8.737923601561848,-6.302876884009606,-12.223627950042621,-22.996630330073756
2017-05-05,8.953490145365105,-6.302876884009606,-12.223627950042621,-22.99358155420895
2017-05-08,8.795520857920923,-6.302876884009606,-12.223627950042621,-22.990532778344146
2017-05-09,8.814417484768967,-6.302876884009606,-12.223627950042621,-22.98748400247934
2017-05-10,8.265377354618565,-6.302876884009606,-12.223627950042621,-22.984435226614536
2017-05-11,7.817417593511955,-6.302876884009606,-12.223627950042621,-22.98138645074973
2017-05-12,7.423923406891086,-6.302876884009606,-12.223627950042621,-22.978337674884926
2017-05-15,7.79828704041301,-6.302876884009606,-12.223627950042621,-22.97528889902012
2017-05-16,7.780985470634638,-6.302876884009606,-12.223627950042621,-22.972240123155316
2017-05-17,4.525200264091289,-6.302876884009606,-12.223627950042621,-22.96919134729051
2017-05-18,5.3989146948953515,-6.302876884009606,-12.223627950042621,-22.966142571425706
2017-05-19,6.243210615550798,-6.302876884009606,-12.223627950042621,-22.9630937955609
2017-05-22,6.931686915205937,-6.302876884009606,-12.223627950042621,-22.960045019696096
2017-05-23,6.90806788673799,-6.302876884009606,-12.223627950042621,-22.956141248074072
2017-05-24,7.730215796093143,-6.302876884009606,-12.223627950042621,-22.952237476452048
2017-05-25,7.473605424276375,-6.302876884009606,-12.223627950042621,-22.948333704830024
2017-05-26,8.207547847838814,-6.302876884009606,-12.223627950042621,-22.944429933208
2017-05-30,8.101106640382373,-6.302876884009606,-12.223627950042621,-22.94052616158598
2017-05-31,8.302587069295452,-6.302876884009606,-12.223627950042621,-22.936622389963954
2017-06-01,8.90745601350147,-6.302876884009606,-12.223627950042621,-22.93271861834193
2017-06-02,9.957541579690465,-6.302876884009606,-12.223627950042621,-22.928814846719906
2017-06-05,9.850522346125533,-6.302876884009606,-12.223627950042621,-22.92491107509788
2017-06-06,8.955964733919108,-6.302876884009606,-12.223627950042621,-22.92100730347586
2017-06-07,9.200215368492938,-6.302876884009606,-12.223627950042621,-22.917103531853837
2017-06-08,9.580876487927714,-6.302876884009606,-12.223627950042621,-22.913199760231812
2017-06-09,6.185645549149443,-6.302876884009606,-12.223627950042621,-22.909295988609788
2017-06-12,5.688727804117599,-6.302876884009606,-12.223627950042621,-22.905392216987764
2017-06-13,6.583641892483771,-6.302876884009606,-12.223627950042621,-22.901488445365743
2017-06-14,6.023824132063038,-6.260235613726873,-12.223627950042621,-22.89758467374372
2017-06-15,7.179729989604144,-6.260235613726873,-12.223627950042621,-22.893680902121694
2017-06-16,5.997391773400729,-6.189519136877881,-12.223627950042621,-22.88977713049967
2017-06-19,8.042594822759863,-6.179890949279237,-12.223627950042621,-22.885873358877646
2017-06-20,6.974895624795319,-6.179890949279237,-12.223627950042621,-22.881969587255625
2017-06-21,7.860819413130415,-6.179890949279237,-12.223627950042621,-22.880496835501
2017-06-22,7.174851724203135,-6.179890949279237,-12.223627950042621,-22.879024083746373
2017-06-23,7.089951038483933,-6.179890949279237,-12.223627950042621,-22.877551331991747
2017-06-26,6.412508050134158,-6.1583135694558235,-12.223627950042621,-22.87607858023712
2017-06-27,4.553305143328634,-6.152912780905277,-12.223627950042621,-22.874605828482494
2017-06-28,6.124805498702268,-6.119389073868886,-12.223627950042621,-22.87313307672787
2017-06-29,4.117779651578313,-6.108939867972566,-12.223627950042621,-22.871660324973245
2017-06-30,4.581800930699531,-6.017702056815676,-12.223627950042621,-22.87018757321862
2017-07-03,3.425209437996979,-5.935013796379247,-12.223627950042621,-22.868714821463993
2017-07-05,4.498220125809582,-5.935013796379247,-12.223627950042621,-22.867242069709366
2017-07-06,3.516815339121404,-5.935013796379247,-12.223627950042621,-22.86576931795474
2017-07-07,5.087052578534745,-5.935013796379247,-12.223627950042621,-22.864296566200114
2017-07-10,6.201803447329501,-5.935013796379247,-12.223627950042621,-22.862823814445488
2017-07-11,6.925208699256324,-5.935013796379247,-12.223627950042621,-22.86135106269086
2017-07-12,7.305277411145128,-5.935013796379247,-12.223627950042621,-22.85987831093624
2017-07-13,7.705531102058605,-5.935013796379247,-12.223627950042621,-22.858405559181612
2017-07-14,8.379992172966212,-5.935013796379247,-12.223627950042621,-22.856932807426986
2017-07-17,7.533796270413551,-5.7632413848993655,-12.223627950042621,-22.85546005567236
2017-07-18,8.276746732764394,-5.7632413848993655,-12.223627950042621,-22.853987303917734
2017-07-19,7.613255503778826,-5.7632413848993655,-12.223627950042621,-22.852514552163107
2017-07-20,6.981769125199255,-5.7632413848993655,-12.223627950042621,-22.84742095823104
2017-07-21,7.087820888432006,-5.7632413848993655,-12.223627950042621,-22.842327364298974
2017-07-24,6.93636659793766,-5.7632413848993655,-12.223627950042621,-22.83723377036691
2017-07-25,6.474806254579635,-5.7632413848993655,-12.223627950042621,-22.832140176434844
2017-07-26,5.879289594171588,-5.7632413848993655,-12.223627950042621,-22.82704658250278
2017-07-27,5.038136877877264,-5.730040040663246,-12.223627950042621,-22.821952988570715
2017-07-28,5.287655515932976,-5.716165169279245,-12.223627950042621,-22.816859394638648
2017-07-31,4.802906044773958,-5.716165169279245,-12.223627950042621,-22.811765800706585
2017-08-01,4.662503418665498,-5.716165169279245,-12.223627950042621,-22.80667220677452
2017-08-02,4.718420269179391,-5.716165169279245,-12.223627950042621,-22.801578612842455
2017-08-03,3.949052379366269,-5.716165169279245,-12.223627950042621,-22.79648501891039
2017-08-04,4.077347622443095,-5.716165169279245,-12.223627950042621,-22.791391424978322
2017-08-07,4.819974957753703,-5.716165169279245,-12.223627950042621,-22.78629783104626
2017-08-08,4.404650736025495,-5.716165169279245,-12.223627950042621,-22.781204237114192
2017-08-09,3.937238890159356,-5.716165169279245,-12.223627950042621,-22.77611064318213
2017-08-10,1.2862654841116594,-5.716165169279245,-12.223627950042621,-22.771017049250062
2017-08-11,4.717282490821018,-5.716165169279245,-12.223627950042621,-22.765923455317996
2017-08-14,5.146301495491823,-5.716165169279245,-12.223627950042621,-22.760829861385933
2017-08-15,4.776618709917768,-5.716165169279245,-12.223627950042621,-22.755736267453866
2017-08-16,4.082569375420486,-5.716165169279245,-12.223627950042621,-22.750642673521803
2017-08-17,1.851878289494402,-5.716165169279245,-12.223627950042621,-22.748194967613067
2017-08-18,1.313796202050077,-5.716165169279245,-12.223627950042621,-22.745747261704334
2017-08-21,0.33052188823223805,-5.716165169279245,-12.223627950042621,-22.743299555795602
2017-08-22,1.6795165738381135,-5.716165169279245,-12.223627950042621,-22.740851849886866
2017-08-23,1.2313770499335908,-5.716165169279245,-12.223627950042621,-22.738404143978133
2017-08-24,0.9691301892928772,-5.716165169279245,-12.223627950042621,-22.735956438069397
2017-08-25,0.3655224435731297,-5.716165169279245,-12.223627950042621,-22.733508732160665
2017-08-28,-0.46030040956366314,-5.716165169279245,-12.223627950042621,-22.73106102625193
2017-08-29,-0.047969855924911986,-5.716165169279245,-12.223627950042621,-22.728613320343197
2017-08-30,1.5300142054225807,-5.716165169279245,-12.223627950042621,-22.726165614434464
2017-08-31,2.21728133304393,-5.716165169279245,-12.223627950042621,-22.723717908525728
2017-09-01,1.9707956930044679,-5.716165169279245,-12.223627950042621,-22.721270202616992
2017-09-05,3.647593482226541,-5.716165169279245,-12.223627950042621,-22.71882249670826
2017-09-06,4.522809560258767,-5.716165169279245,-12.223627950042621,-22.716374790799524
2017-09-07,3.924215782146079,-5.716165169279245,-12.223627950042621,-22.71392708489079
2017-09-08,3.4737659085237738,-5.716165169279245,-12.223627950042621,-22.71147937898206
2017-09-11,5.131253586670437,-5.716165169279245,-12.223627950042621,-22.709031673073323
2017-09-12,5.841482215529914,-5.716165169279245,-12.223627950042621,-22.70658396716459
2017-09-13,4.243194624943536,-5.716165169279245,-12.223627950042621,-22.704136261255854
2017-09-14,4.448907090333121,-5.716165169279245,-12.223627950042621,-22.701688555347122
2017-09-15,3.780014109554708,-5.716165169279245,-12.223627950042621,-22.694116690393834
2017-09-18,3.6737784048546107,-5.716165169279245,-12.223627950042621,-22.686544825440542
2017-09-19,3.454789925291246,-5.716165169279245,-12.223627950042621,-22.678972960487258
2017-09-20,3.6196940358080187,-5.716165169279245,-12.223627950042621,-22.671401095533966
2017-09-21,4.8877918306186485,-5.716165169279245,-12.223627950042621,-22.66382923058068
2017-09-22,3.2968912624424807,-5.716165169279245,-12.223627950042621,-22.656257365627393
2017-09-25,4.014085124321087,-5.716165169279245,-12.223627950042621,-22.6486855006741
2017-09-26,4.245700799374519,-5.716165169279245,-12.223627950042621,-22.641113635720817
2017-09-27,6.304879350980586,-5.716165169279245,-12.223627950042621,-22.63354177076753
2017-09-28,5.232681178821874,-5.716165169279245,-12.223627950042621,-22.625969905814244
2017-09-29,6.954864588015863,-5.716165169279245,-12.223627950042621,-22.618398040860953
2017-10-02,5.908154323960346,-5.716165169279245,-12.223627950042621,-22.610826175907665
2017-10-03,5.4447863072141445,-5.716165169279245,-12.223627950042621,-22.603254310954377
2017-10-04,5.249944313237154,-5.716165169279245,-12.223627950042621,-22.59568244600109
2017-10-05,5.034254476762201,-5.716165169279245,-12.223627950042621,-22.588110581047804
2017-10-06,4.9454888923671225,-5.716165169279245,-12.223627950042621,-22.580538716094512
2017-10-09,4.005954439241743,-5.716165169279245,-12.223627950042621,-22.572966851141224
2017-10-10,4.03227830930859,-5.716165169279245,-12.223627950042621,-22.56539498618794
2017-10-11,3.649889057664457,-5.716165169279245,-12.223627950042621,-22.557823121234648
2017-10-12,2.857253933919157,-5.716165169279245,-12.223627950042621,-22.550251256281364
2017-10-13,3.117925377749864,-5.716165169279245,-12.223627950042621,-22.541957898275832
2017-10-16,3.515535385727797,-5.716165169279245,-12.223627950042621,-22.5336645402703
2017-10-17,3.17513147962607,-5.716165169279245,-12.223627950042621,-22.525371182264777
2017-10-18,3.3145854526773766,-5.716165169279245,-12.223627950042621,-22.517077824259246
2017-10-19,2.5989173820997635,-5.716165169279245,-12.223627950042621,-22.508784466253722
2017-10-20,3.5259276890418523,-5.716165169279245,-12.223627950042621,-22.50049110824819
2017-10-23,2.9364634746561924,-5.716165169279245,-12.223627950042621,-22.49219775024266
2017-10-24,3.5497854067504164,-5.716165169279245,-12.223627950042621,-22.483904392237136
2017-10-25,2.920810488071668,-5.716165169279245,-12.223627950042621,-22.475611034231605
2017-10-26,2.314762155249972,-5.716165169279245,-12.223627950042621,-22.46731767622608
2017-10-27,5.705751336066012,-5.716165169279245,-12.223627950042621,-22.45902431822055
2017-10-30,5.751635331364202,-5.716165169279245,-12.223627950042621,-22.45073096021502
2017-10-31,5.481088533200418,-5.716165169279245,-12.223627950042621,-22.44243760220949
2017-11-01,5.6291069480011835,-5.716165169279245,-12.223627950042621,-22.434144244203964
2017-11-02,5.5666962667692,-5.716165169279245,-12.223627950042621,-22.425850886198436
2017-11-03,8.91719877026489,-5.716165169279245,-12.223627950042621,-22.417557528192905
2017-11-06,8.46379038895202,-5.716165169279245,-12.223627950042621,-22.409264170187377
2017-11-07,7.147411578136165,-5.716165169279245,-12.223627950042621,-22.40097081218185
2017-11-08,7.504420538238765,-5.716165169279245,-12.223627950042621,-22.39267745417632
2017-11-09,6.755506010982804,-5.716165169279245,-12.223627950042621,-22.384384096170795
2017-11-10,8.976727566801056,-5.716165169279245,-12.223627950042621,-22.37911379240721
2017-11-13,9.188723782377227,-5.716165169279245,-12.223627950042621,-22.373843488643622
2017-11-14,8.930167820452706,-5.6479056060552635,-12.223627950042621,-22.36857318488004
2017-11-15,6.790802413587027,-5.557302950894102,-12.223627950042621,-22.363302881116457
2017-11-16,8.542079948032022,-5.545632289762685,-12.223627950042621,-22.358032577352873
2017-11-17,8.446898481376962,-5.520308293830048,-12.223627950042621,-22.35276227358929
2017-11-20,8.591355686654389,-5.462371885725233,-12.223627950042621,-22.347491969825704
2017-11-21,9.431081572985889,-5.37471127795712,-12.223627950042621,-22.34222166606212
2017-11-22,9.135640211635533,-5.353882679904904,-12.223627950042621,-22.336951362298535
2017-11-24,8.263030805450455,-5.353882679904904,-12.223627950042621,-22.331681058534954
2017-11-27,7.06725393540395,-5.353882679904904,-12.223627950042621,-22.326410754771366
2017-11-28,7.488488043766117,-5.353882679904904,-12.223627950042621,-22.321140451007782
2017-11-29,6.570744985360211,-5.353882679904904,-12.223627950042621,-22.315870147244198
2017-11-30,7.138447486379174,-5.353882679904904,-12.223627950042621,-22.310599843480613
2017-12-01,6.4333524974337974,-5.353882679904904,-12.223627950042621,-22.305329539717032
2017-12-04,6.126268686776104,-5.353882679904904,-12.223627950042621,-22.300059235953444
2017-12-05,4.9872587358844145,-5.353882679904904,-12.223627950042621,-22.29478893218986
2017-12-06,5.208878825036067,-5.244536397174103,-12.223627950042621,-22.28951862842628
2017-12-07,5.421096702268535,-5.244536397174103,-12.223627950042621,-22.28424832466269
2017-12-08,6.512127966608161,-5.244536397174103,-12.223627950042621,-22.27897802089911
2017-12-11,6.9708889805150775,-5.244536397174103,-12.223627950042621,-22.273185143226165
2017-12-12,6.966677552073142,-5.244536397174103,-12.223627950042621,-22.26739226555322
2017-12-13,6.989027591301933,-5.111577736362906,-12.223627950042621,-22.261599387880278
2017-12-14,7.24458089929334,-4.9957029291608235,-12.223627950042621,-22.255806510207332
2017-12-15,9.13054587401676,-4.741539455447969,-12.223627950042621,-22.25001363253439
2017-12-18,10.150354297391683,-4.726181482024777,-12.223627950042621,-22.24422075486144
2017-12-19,10.663196162964983,-4.696408648867059,-12.223627950042621,-22.238427877188496
2017-12-20,10.258223644878228,-4.646253211165559,-12.223627950042621,-22.232634999515554
2017-12-21,9.28750878786273,-4.622348265829855,-12.223627950042621,-22.22684212184261
2017-12-22,9.200441302032235,-4.59923774499644,-12.223627950042621,-22.221049244169667
2017-12-26,7.834039843329932,-4.59923774499644,-12.223627950042621,-22.21525636649672
2017-12-27,7.751501687558537,-4.5013683912904465,-12.223627950042621,-22.209463488823776
2017-12-28,7.653050428461561,-4.479443450207191,-12.223627950042621,-22.203670611150834
2017-12-29,6.884217649040059,-4.404774189995406,-12.223627950042621,-22.19787773347789
2018-01-02,7.7028937970278655,-4.397859009437389,-12.223627950042621,-22.192084855804943
2018-01-03,8.602111263227897,-4.397859009437389,-12.223627950042621,-22.186291978131997
2018-01-04,8.917523186649422,-4.397859009437389,-12.223627950042621,-22.180499100459052
2018-01-05,9.92939957764194,-4.397859009437389,-12.223627950042621,-22.17470622278611
2018-01-08,10.029126796424892,-4.397859009437389,-12.223627950042621,-22.168913345113165
2018-01-09,10.236937434263638,-4.397859009437389,-12.223627950042621,-22.163120467440223
2018-01-10,9.556652421436018,-4.397859009437389,-12.223627950042621,-22.16221369928172
2018-01-11,9.928538862299629,-4.397859009437389,-12.223627950042621,-22.161306931123214
2018-01-12,10.595239611626383,-4.397859009437389,-12.223627950042621,-22.16040016296471
2018-01-16,10.412576294615494,-4.397859009437389,-12.223627950042621,-22.159493394806205
2018-01-17,12.017951746866974,-4.397859009437389,-12.223627950042621,-22.158586626647704
2018-01-18,11.736863884499261,-4.397859009437389,-12.178418890194914,-22.1576798584892
2018-01-19,12.823175168792256,-4.397859009437389,-12.178418890194914,-22.156773090330695
2018-01-22,13.837860137974456,-4.397859009437389,-12.086674471751532,-22.15586632217219
2018-01-23,15.215048490031124,-4.397859009437389,-12.052813416453622,-22.154959554013686
2018-01-24,14.83346335668012,-4.397859009437389,-12.040449836784061,-22.154052785855182
2018-01-25,11.5439945419465,-4.397859009437389,-11.935912220011904,-22.153146017696677
2018-01-26,12.999392105182928,-4.397859009437389,-11.830934824214829,-22.152239249538173
2018-01-29,12.029431217033837,-4.397859009437389,-11.756280493295215,-22.15133248137967
2018-01-30,11.143887818461074,-4.397859009437389,-11.741451516688633,-22.150425713221164
2018-01-31,11.818267269609839,-4.397859009437389,-11.70711202725873,-22.14951894506266
2018-02-01,9.811659542038885,-4.397859009437389,-11.38942929266429,-22.14861217690416
2018-02-02,7.257551768969073,-4.397859009437389,-11.331116343433862,-22.147705408745654
2018-02-05,2.9684895139224787,-4.397859009437389,-11.239303263342727,-22.14679864058715
2018-02-06,5.272885881520173,-4.397859009437389,-11.196419497682323,-22.145891872428646
2018-02-07,4.458494480587172,-4.397859009437389,-11.194203441914512,-22.14498510427014
2018-02-08,0.057418561254207745,-4.397859009437389,-11.172391450931196,-22.14217767689464
2018-02-09,1.6596759805324046,-4.397859009437389,-11.157236637581919,-22.13937024951914
2018-02-12,3.841546301907317,-4.397859009437389,-11.157236637581919,-22.136562822143638
2018-02-13,4.870033331187917,-4.397859009437389,-11.106653985138182,-22.133755394768137
2018-02-14,5.485555979693957,-4.397859009437389,-11.100720054228958,-22.130947967392636
2018-02-15,7.855564672388704,-4.397859009437389,-11.100720054228958,-22.128140540017135
2018-02-16,7.457655639486949,-4.397859009437389,-11.071667572915837,-22.12533311264163
2018-02-20,6.516260168475685,-4.397859009437389,-11.03274808398711,-22.122525685266133
2018-02-21,6.083769873849887,-4.397859009437389,-10.964609765743688,-22.11971825789063
2018-02-22,5.683977955360331,-4.397859009437389,-10.964609765743688,-22.11691083051513
2018-02-23,7.893437217079802,-4.397859009437389,-10.948879879872523,-22.114103403139627
2018-02-26,9.044885805843371,-4.397859009437389,-10.948879879872523,-22.111295975764126
2018-02-27,9.605489098474497,-4.397859009437389,-10.914578125333653,-22.108488548388625
2018-02-28,7.996639674416373,-4.397859009437389,-10.77495983528975,-22.105681121013124
2018-03-01,6.687229792729843,-4.397859009437389,-10.718818353320078,-22.102873693637623
2018-03-02,8.921643111814447,-4.397859009437389,-10.65944757614013,-22.10006626626212
2018-03-05,10.056974976510723,-4.397859009437389,-10.61218466605013,-22.09725883888662
2018-03-06,10.025748967677096,-4.397859009437389,-10.567394008725442,-22.09445141151112
2018-03-07,9.908017251265044,-4.397859009437389,-10.441499864735714,-22.09164398413562
2018-03-08,10.027325715243297,-4.397859009437389,-10.405306610390854,-22.088836556760118
2018-03-09,11.301554312002304,-4.397859009437389,-10.39127763669345,-22.081064117008097
2018-03-12,12.043817699621018,-4.397859009437389,-10.387397512907912,-22.073291677256073
2018-03-13,10.305856949068183,-4.397859009437389,-10.32790462854121,-22.065519237504056
2018-03-14,10.364402515850646,-4.397859009437389,-10.300921799016036,-22.05774679775203
2018-03-15,9.029963666180564,-4.397859009437389,-10.255994208249527,-22.049974358000014
2018-03-16,7.803835684848193,-4.397859009437389,-10.11982160702565,-22.042201918247994
2018-03-19,6.136340737184232,-4.397859009437389,-10.069854332099393,-22.03442947849597
2018-03-20,6.600588400301799,-4.397859009437389,-10.065712997236309,-22.026657038743952
2018-03-21,6.122942896214978,-4.397859009437389,-10.036488590157868,-22.018884598991928
2018-03-22,3.621961008832364,-4.397859009437389,-9.991368797972624,-22.01111215923991
2018-03-23,1.4392733178044015,-4.397859009437389,-9.937071875110666,-22.00333971948789
2018-03-26,5.195173869975944,-4.397859009437389,-9.884920124238434,-21.995567279735866
2018-03-27,1.6676523284122169,-4.397859009437389,-9.868533337944488,-21.98779483998385
2018-03-28,1.12395820417599,-4.397859009437389,-9.822024143356101,-21.980022400231825
2018-03-29,1.2022494937621087,-4.397859009437389,-9.791157475636016,-21.972249960479807
2018-04-02,-2.6633862092509952,-4.397859009437389,-9.759817838283288,-21.964477520727787
2018-04-03,-1.739950584819372,-4.397859009437389,-9.73330414843985,-21.956705080975762
2018-04-04,-1.1828021840719183,-4.397859009437389,-9.717839614757679,-21.948932641223745
2018-04-05,-1.0050453675702897,-4.397859009437389,-9.717839614757679,-21.94116020147172
2018-04-06,-3.4881574659778924,-4.397859009437389,-9.717839614757679,-21.933387761719704
2018-04-09,-2.5826425634415617,-4.397859009437389,-9.717839614757679,-21.93144145705937
2018-04-10,-1.110141735296688,-4.397859009437389,-9.717839614757679,-21.929495152399042
2018-04-11,-2.39790384808537,-4.397859009437389,-9.717839614757679,-21.927548847738713
2018-04-12,-0.9395827467820306,-4.397859009437389,-9.717839614757679,-21.92560254307838
2018-04-13,-2.504672729781654,-4.397859009437389,-9.717839614757679,-21.92365623841805
2018-04-16,-1.7793153390041505,-4.397859009437389,-9.717839614757679,-21.921709933757718
2018-04-17,0.021252901561763515,-4.397859009437389,-9.717839614757679,-21.91976362909739
2018-04-18,-0.83516940161531,-4.397859009437389,-9.717839614757679,-21.917817324437056
2018-04-19,-2.552428369986004,-4.397859009437389,-9.717839614757679,-21.915871019776727
2018-04-20,-3.468296063259768,-4.397859009437389,-9.717839614757679,-21.913924715116394
2018-04-23,-3.6778396585298134,-4.397859009437389,-9.717839614757679,-21.911978410456065
2018-04-24,-7.141700652375038,-4.404774189995406,-9.717839614757679,-21.910032105795732
2018-04-25,-6.576730926451413,-4.479443450207191,-9.717839614757679,-21.908085801135403
2018-04-26,-3.8182942313195967,-4.479443450207191,-9.717839614757679,-21.906139496475074
2018-04-27,-4.156613255671926,-4.479443450207191,-9.717839614757679,-21.90419319181474
2018-04-30,-4.020728374999438,-4.479443450207191,-9.717839614757679,-21.902246887154412
2018-05-01,-0.9477936079067661,-4.479443450207191,-9.717839614757679,-21.90030058249408
2018-05-02,2.5096507264637413,-4.479443450207191,-9.717839614757679,-21.89835427783375
2018-05-03,-0.1489620308313344,-4.479443450207191,-9.717839614757679,-21.896407973173417
2018-05-04,3.0792656699283993,-4.479443450207191,-9.717839614757679,-21.894461668513088
2018-05-07,8.514554050440282,-4.479443450207191,-9.717839614757679,-21.891436250642975
2018-05-08,6.563288533947209,-4.479443450207191,-9.717839614757679,-21.888410832772863
2018-05-09,5.846480170725532,-4.479443450207191,-9.717839614757679,-21.88538541490275
2018-05-10,6.394370267467808,-4.479443450207191,-9.717839614757679,-21.882359997032637
2018-05-11,4.340377738669643,-4.479443450207191,-9.717839614757679,-21.879334579162528
2018-05-14,2.613998792859662,-4.479443450207191,-9.717839614757679,-21.876309161292415
2018-05-15,1.932750167679509,-4.479443450207191,-9.717839614757679,-21.873283743422302
2018-05-16,2.4019112121511865,-4.479443450207191,-9.717839614757679,-21.87025832555219
2018-05-17,2.298891693975613,-4.479443450207191,-9.717839614757679,-21.867232907682077
2018-05-18,1.7825245006694246,-4.479443450207191,-9.717839614757679,-21.864207489811967
2018-05-21,0.3027595348613632,-4.479443450207191,-9.717839614757679,-21.86118207194185
2018-05-22,-1.1392083376483675,-4.479443450207191,-9.717839614757679,-21.85815665407174
2018-05-23,0.9454852372244638,-4.479443450207191,-9.717839614757679,-21.85513123620163
2018-05-24,1.567524411193455,-4.479443450207191,-9.717839614757679,-21.852105818331516
2018-05-25,3.3568511528131673,-4.479443450207191,-9.717839614757679,-21.849080400461403
2018-05-29,1.9640312619768618,-4.479443450207191,-9.717839614757679,-21.84605498259129
2018-05-30,1.5683110759595165,-4.479443450207191,-9.717839614757679,-21.843029564721178
2018-05-31,1.0750785875322189,-4.479443450207191,-9.717839614757679,-21.84000414685107
2018-06-01,2.4248874476217264,-4.479443450207191,-9.717839614757679,-21.836978728980956
2018-06-04,2.7840208330167426,-4.479443450207191,-9.717839614757679,-21.833953311110843
2018-06-05,1.137573999833319,-4.479443450207191,-9.717839614757679,-21.828122792947084
2018-06-06,1.1899816821712816,-4.479443450207191,-9.717839614757679,-21.822292274783326
2018-06-07,1.7524527920900201,-4.479443450207191,-9.717839614757679,-21.816461756619567
2018-06-08,1.776081858013745,-4.479443450207191,-9.717839614757679,-21.81063123845581
2018-06-11,2.139539126308332,-4.479443450207191,-9.717839614757679,-21.804800720292054
2018-06-12,2.982966353227079,-4.479443450207191,-9.717839614757679,-21.798970202128295
2018-06-13,5.218432616514268,-4.479443450207191,-9.717839614757679,-21.793139683964533
2018-06-14,5.934991094109399,-4.479443450207191,-9.717839614757679,-21.787309165800778
2018-06-15,6.026837807901098,-4.479443450207191,-9.717839614757679,-21.78147864763702
2018-06-18,8.647418110776384,-4.479443450207191,-9.717839614757679,-21.77564812947326
2018-06-19,11.271803224284271,-4.479443450207191,-9.717839614757679,-21.769817611309502
2018-06-20,8.047209748767003,-4.479443450207191,-9.717839614757679,-21.763987093145744
2018-06-21,10.690415390637952,-4.479443450207191,-9.717839614757679,-21.75815657498199
2018-06-22,11.730035104034586,-4.479443450207191,-9.717839614757679,-21.75232605681823
2018-06-25,7.248487629483846,-4.479443450207191,-9.717839614757679,-21.74649553865447
2018-06-26,10.885811814218126,-4.479443450207191,-9.717839614757679,-21.740665020490713
2018-06-27,8.160691044334477,-4.479443450207191,-9.717839614757679,-21.734834502326954
2018-06-28,7.397411057013237,-4.479443450207191,-9.717839614757679,-21.7290039841632
2018-06-29,7.076012107049712,-4.479443450207191,-9.717839614757679,-21.723173465999437
2018-07-02,10.559965256041393,-4.479443450207191,-9.717839614757679,-21.717342947835682
2018-07-03,8.518227559280621,-4.479443450207191,-9.717839614757679,-21.71669751343779
2018-07-05,7.493532576079542,-4.479443450207191,-9.717839614757679,-21.716052079039894
2018-07-06,9.79916139858843,-4.479443450207191,-9.717839614757679,-21.715406644642
2018-07-09,9.468881592226452,-4.479443450207191,-9.717839614757679,-21.71476121024411
2018-07-10,10.11945768367104,-4.479443450207191,-9.717839614757679,-21.714115775846217
2018-07-11,8.7317467386961,-4.479443450207191,-9.717839614757679,-21.71347034144832
2018-07-12,8.27473773819165,-4.479443450207191,-9.717839614757679,-21.71282490705043
2018-07-13,8.143870753029558,-4.479443450207191,-9.717839614757679,-21.712179472652537
2018-07-16,8.885894291416019,-4.479443450207191,-9.717839614757679,-21.71153403825464
2018-07-17,11.309966037606056,-4.479443450207191,-9.717839614757679,-21.71088860385675
2018-07-18,11.381394264999333,-4.479443450207191,-9.717839614757679,-21.710243169458856
2018-07-19,13.223153812931198,-4.479443450207191,-9.717839614757679,-21.70959773506096
2018-07-20,13.06230387451739,-4.479443450207191,-9.717839614757679,-21.708952300663068
2018-07-23,11.083736575785629,-4.479443450207191,-9.717839614757679,-21.708306866265175
2018-07-24,11.472728351022731,-4.479443450207191,-9.717839614757679,-21.70766143186728
2018-07-25,13.838411671916461,-4.479443450207191,-9.717839614757679,-21.707015997469387
2018-07-26,10.846300064048942,-4.479443450207191,-9.717839614757679,-21.706370563071495
2018-07-27,9.999002404146085,-4.479443450207191,-9.717839614757679,-21.705725128673603
2018-07-30,8.457985425173597,-4.479443450207191,-9.717839614757679,-21.705079694275707
2018-07-31,7.252923574035597,-4.479443450207191,-9.717839614757679,-21.704434259877814
2018-08-01,6.772928934200495,-4.479443450207191,-9.717839614757679,-21.698480653484058
2018-08-02,8.336532799631534,-4.479443450207191,-9.717839614757679,-21.692527047090298
2018-08-03,7.49682134158971,-4.479443450207191,-9.717839614757679,-21.686573440696545
2018-08-06,7.020364248167055,-4.479443450207191,-9.717839614757679,-21.68061983430279
2018-08-07,7.51171164187141,-4.479443450207191,-9.717839614757679,-21.674666227909036
2018-08-08,7.457924095021706,-4.479443450207191,-9.717839614757679,-21.668712621515276
2018-08-09,8.595696230075855,-4.479443450207191,-9.717839614757679,-21.66275901512152
2018-08-10,7.05800583543712,-4.479443450207191,-9.717839614757679,-21.656805408727767
2018-08-13,7.352335561523149,-4.479443450207191,-9.717839614757679,-21.650851802334007
2018-08-14,8.586283760009561,-4.479443450207191,-9.717839614757679,-21.644898195940254
2018-08-15,6.659055174521078,-4.479443450207191,-9.717839614757679,-21.638944589546497
2018-08-16,7.150151886534428,-4.479443450207191,-9.717839614757679,-21.632990983152737
2018-08-17,6.2766450741314594,-4.479443450207191,-9.717839614757679,-21.627037376758985
2018-08-20,6.213416076744638,-4.479443450207191,-9.717839614757679,-21.621083770365228
2018-08-21,6.496739367110127,-4.479443450207191,-9.717839614757679,-21.61513016397147
2018-08-22,7.384602080173508,-4.479443450207191,-9.717839614757679,-21.609176557577715
2018-08-23,6.467986791278424,-4.479443450207191,-9.717839614757679,-21.60322295118396
2018-08-24,7.52678007196339,-4.479443450207191,-9.717839614757679,-21.597269344790206
2018-08-27,6.943835207267424,-4.479443450207191,-9.717839614757679,-21.591315738396446
2018-08-28,6.141919734754353,-4.479443450207191,-9.717839614757679,-21.585362132002693
2018-08-29,7.03496902859484,-4.479443450207191,-9.717839614757679,-21.58434826011263
2018-08-30,6.226104119367193,-4.479443450207191,-9.717839614757679,-21.58333438822257
2018-08-31,7.234844587846823,-4.479443450207191,-9.717839614757679,-21.58232051633251
2018-09-04,6.76910563662334,-4.479443450207191,-9.717839614757679,-21.58130664444245
2018-09-05,5.107127958282454,-4.479443450207191,-9.717839614757679,-21.58029277255239
2018-09-06,3.6224579313126615,-4.479443450207191,-9.717839614757679,-21.579278900662327
2018-09-07,3.2293629993280115,-4.479443450207191,-9.524208439669373,-21.578265028772265
2018-09-10,2.538949516670641,-4.479443450207191,-9.524208439669373,-21.577251156882205
2018-09-11,3.6909126533719805,-4.479443450207191,-9.524208439669373,-21.576237284992143
2018-09-12,3.444760244223577,-4.479443450207191,-9.51254749717336,-21.575223413102083
2018-09-13,4.846590215509572,-4.479443450207191,-9.505224849019637,-21.57420954121202
2018-09-14,3.8025418861292293,-4.479443450207191,-9.494229852367893,-21.57319566932196
2018-09-17,3.204137162883103,-4.479443450207191,-9.357078568225493,-21.5721817974319
2018-09-18,4.289293120873072,-4.479443450207191,-9.315254925648697,-21.57116792554184
2018-09-19,6.611426827261635,-4.479443450207191,-9.254794784344826,-21.570154053651777
2018-09-20,7.351655348423947,-4.479443450207191,-9.241366555756635,-21.569140181761718
2018-09-21,8.236617768358245,-4.479443450207191,-9.128079248355355,-21.568126309871655
2018-09-24,7.611424009823264,-4.479443450207191,-9.082959736508737,-21.567112437981596
2018-09-25,7.4689511137820075,-4.479443450207191,-9.012876428092515,-21.566098566091533
2018-09-26,6.829098929672828,-4.479443450207191,-9.006662667306053,-21.565084694201474
2018-09-27,8.995011673477137,-4.479443450207191,-9.005429995278075,-21.56490853756948
2018-09-28,7.635556843123181,-4.479443450207191,-8.93747134351441,-21.564732380937482
2018-10-01,6.2035698963835095,-4.479443450207191,-8.93747134351441,-21.564556224305488
2018-10-02,5.019095491953096,-4.479443450207191,-8.864777889803907,-21.56438006767349
2018-10-03,5.055090246252392,-4.479443450207191,-8.767588291307831,-21.564203911041496
2018-10-04,3.5638232722056573,-4.479443450207191,-8.645718458473434,-21.5640277544095
2018-10-05,0.5646247151182893,-4.479443450207191,-8.631239458861103,-21.563851597777504
2018-10-08,-0.13288969351190616,-4.479443450207191,-8.53101964607648,-21.56367544114551
2018-10-09,0.43105673668406563,-4.479443450207191,-8.501228728019276,-21.56349928451351
2018-10-10,-4.566389359143064,-4.499783832464545,-8.494575961704003,-21.563323127881517
2018-10-11,-5.571961931576563,-4.567973917968965,-8.338847803865558,-21.563146971249523
2018-10-12,-2.4561053034755087,-4.567973917968965,-8.323743361104409,-21.562970814617525
2018-10-15,-3.61526282159077,-4.567973917968965,-8.277697050941795,-21.56279465798553
2018-10-16,-1.1260670627693647,-4.567973917968965,-8.265296146743779,-21.562618501353533
2018-10-17,-1.4929860056855704,-4.567973917968965,-8.188019497664769,-21.56244234472154
2018-10-18,-5.102961343931122,-4.602918908017964,-8.129023417618281,-21.562266188089545
2018-10-19,-3.732021897838722,-4.602918908017964,-8.099606546034932,-21.562090031457547
2018-10-22,-1.9130172056980088,-4.602918908017964,-7.997262783920043,-21.561913874825553
2018-10-23,-0.8731965372857253,-4.602918908017964,-7.987823334369574,-21.561737718193555
2018-10-24,-6.128245806564625,-4.696408648867059,-7.974529311717375,-21.56156156156156
2018-10-25,-3.248092711745254,-4.696408648867059,-7.88849929147534,-21.559152000926133
2018-10-26,-7.002125165924578,-4.726181482024777,-7.881174889843279,-21.55674244029071
2018-10-29,-9.194292185353225,-4.747189685382118,-7.881174889843279,-21.55433287965528
2018-10-30,-8.237964754540371,-5.109754610770688,-7.881174889843279,-21.551923319019856
2018-10-31,-6.422026870869091,-5.244536397174103,-7.765809028851879,-21.54951375838443
2018-11-01,-5.302294269906415,-5.304830606898878,-7.682398868040268,-21.547104197749004
2018-11-02,-6.7209265349450265,-5.353882679904904,-7.632037504243768,-21.544694637113576
2018-11-05,-6.235757770273242,-5.37471127795712,-7.6089490364453685,-21.54228507647815
2018-11-06,-5.420639444069641,-5.422577057720052,-7.604204013853742,-21.539875515842724
2018-11-07,-3.061398691563977,-5.422577057720052,-7.556822964354971,-21.537465955207296
2018-11-08,-2.4866996170336275,-5.422577057720052,-7.541593272454974,-21.53505639457187
2018-11-09,-4.444556397801858,-5.422577057720052,-7.522317722229274,-21.532646833936443
2018-11-12,-7.356561240556802,-5.462371885725233,-7.495331640767367,-21.53023727330102
2018-11-13,-7.196025055067123,-5.521643432102781,-7.456725458536365,-21.52782771266559
2018-11-14,-8.241042235629159,-5.575581228901047,-7.456725458536365,-21.525418152030166
2018-11-15,-6.996771956434622,-5.6479056060552635,-7.449411322244452,-21.52300859139474
2018-11-16,-7.189942214441869,-5.717448143446321,-7.416298514257827,-21.52059903075931
2018-11-19,-11.03089308086017,-5.767341930207255,-7.416298514257827,-21.518189470123886
2018-11-20,-13.504596078592924,-6.018690239695933,-7.416298514257827,-21.515779909488458
2018-11-21,-12.974493940428843,-6.129693246078789,-7.416298514257827,-21.513370348853034
2018-11-23,-14.589422451423605,-6.1583135694558235,-7.416298514257827,-21.512936672472627
2018-11-26,-12.460538270030696,-6.1823832350694445,-7.416298514257827,-21.51250299609222
2018-11-27,-12.277894866811511,-6.243150583390052,-7.416298514257827,-21.512069319711813
2018-11-28,-9.064981349219547,-6.385534674522434,-7.416298514257827,-21.51163564333141
2018-11-29,-8.175660695215203,-6.425661982992868,-7.416298514257827,-21.511201966951003
2018-11-30,-6.675133102666731,-6.498829203999982,-7.413701784014449,-21.510768290570596
2018-12-03,-4.677126473989068,-6.498829203999982,-7.39404076968511,-21.51033461419019
2018-12-04,-8.64109998054765,-6.578667973057087,-7.39404076968511,-21.509900937809782
2018-12-06,-8.699488598162631,-6.618454920769984,-7.39404076968511,-21.509467261429375
2018-12-07,-11.452728707336979,-6.675564624646432,-7.39404076968511,-21.509033585048968
2018-12-10,-11.470955473196708,-6.68562169189497,-7.39404076968511,-21.508599908668565
2018-12-11,-10.917113852469907,-6.723681528765288,-7.39404076968511,-21.508166232288158
2018-12-12,-8.819787661412304,-6.787063688604473,-7.39404076968511,-21.50773255590775
2018-12-13,-9.54042342310567,-6.997039616909119,-7.39404076968511,-21.507298879527344
2018-12-14,-11.67538542945642,-7.008330404831132,-7.39404076968511,-21.506865203146937
2018-12-17,-14.620773170475065,-7.127003479471641,-7.39404076968511,-21.50643152676653
2018-12-18,-13.611515350103787,-7.14187488751394,-7.39404076968511,-21.505997850386123
2018-12-19,-15.966067055196408,-7.147423198117533,-7.39404076968511,-21.50556417400572
2018-12-20,-17.296625507269358,-7.190246356473132,-7.39404076968511,-21.505130497625313
2018-12-21,-19.916424864232198,-7.200139251253231,-7.39404076968511,-21.504696821244906
2018-12-24,-22.552333540391267,-7.278333085412935,-7.39404076968511,-21.512936672472627
2018-12-26,-17.698854034973742,-7.279466767686733,-7.39404076968511,-21.51250299609222
2018-12-27,-17.549002341693722,-7.295517089790743,-7.39404076968511,-21.512069319711813
2018-12-28,-17.40576888802878,-7.3594159814595335,-7.39404076968511,-21.51163564333141
2018-12-31,-16.798835872372464,-7.4157115354531244,-7.39404076968511,-21.511201966951003
2019-01-02,-14.829264525375885,-7.4580942420381975,-7.39404076968511,-21.510768290570596
2019-01-03,-16.591976664271023,-7.533258850353477,-7.39404076968511,-21.51033461419019
2019-01-04,-12.489058759134686,-7.765809028851879,-7.39404076968511,-21.509900937809782
2019-01-07,-11.733120231175874,-7.885666561703256,-7.39404076968511,-21.509467261429375
2019-01-08,-6.8374729471631035,-7.885666561703256,-7.39404076968511,-21.509033585048968
2019-01-09,-4.898694032444306,-7.885666561703256,-7.39404076968511,-21.508599908668565
2019-01-10,-7.209066712750145,-7.885666561703256,-7.39404076968511,-21.508166232288158
2019-01-11,-6.415755094646269,-7.885666561703256,-7.39404076968511,-21.50773255590775
2019-01-14,-9.864987485754472,-7.980059530170552,-7.39404076968511,-21.507298879527344
2019-01-15,-8.141236861107426,-8.100361840786704,-7.39404076968511,-21.506865203146937
2019-01-16,-5.9785684846115466,-8.100361840786704,-7.39404076968511,-21.50643152676653
2019-01-17,-5.1496600412609395,-8.100361840786704,-7.358383597831833,-21.505997850386123
2019-01-18,-4.700818460945689,-8.100361840786704,-7.295517089790743,-21.50556417400572
2019-01-22,-6.2647326847027,-8.100361840786704,-7.279466767686733,-21.505130497625313
2019-01-23,-1.6416397655866222,-8.100361840786704,-7.279466767686733,-21.504696821244906
2019-01-24,-4.314980068885577,-8.100361840786704,-7.278333085412935,-21.49941389159966
2019-01-25,-0.6153204345728525,-8.100361840786704,-7.278333085412935,-21.494130961954415
2019-01-28,0.21965121055633752,-8.100361840786704,-7.278333085412935,-21.48884803230917
2019-01-29,-2.3360517947144444,-8.100361840786704,-7.278333085412935,-21.483565102663924
2019-01-30,-2.1516563859984905,-8.100361840786704,-7.255984568363328,-21.47828217301868
2019-01-31,-1.9799177482461738,-8.100361840786704,-7.237153362475485,-21.472999243373437
2019-02-01,-0.849417547595821,-8.100361840786704,-7.210424581455049,-21.46771631372819
2019-02-04,0.6317227622024246,-8.100361840786704,-7.196677137951274,-21.462433384082946
2019-02-05,0.7587880035925698,-8.100361840786704,-7.190246356473132,-21.4571504544377
2019-02-06,-2.596950836653078,-8.100361840786704,-7.188202822622859,-21.451867524792455
2019-02-07,-3.2881221803295335,-8.100361840786704,-7.188202822622859,-21.44658459514721
2019-02-08,-1.437433351216344,-8.100361840786704,-7.188202822622859,-21.441301665501964
2019-02-11,1.5415400632724063,-8.100361840786704,-7.188202822622859,-21.43601873585672
2019-02-12,2.9563013490752965,-8.100361840786704,-7.188202822622859,-21.430735806211477
2019-02-13,3.8206455445293663,-8.100361840786704,-7.188202822622859,-21.425452876566233
2019-02-14,2.1609434490919677,-8.100361840786704,-7.188202822622859,-21.420169946920986
2019-02-15,2.951904275290951,-8.100361840786704,-7.188202822622859,-21.41488701727574
2019-02-19,6.6181883762380656,-8.100361840786704,-7.188202822622859,-21.4096040876305
2019-02-20,8.541934352206027,-8.100361840786704,-7.188202822622859,-21.40432115798525
2019-02-21,7.328988427229599,-8.100361840786704,-7.188202822622859,-21.399038228340007
2019-02-22,8.91100835140679,-8.100361840786704,-7.188202822622859,-21.39637138350674
2019-02-25,6.838404782568408,-8.100361840786704,-7.188202822622859,-21.39370453867347
2019-02-26,6.589326379022564,-8.100361840786704,-7.188202822622859,-21.391037693840204
2019-02-27,3.2005201278426876,-8.100361840786704,-7.188202822622859,-21.388370849006936
2019-02-28,3.2995023570623117,-8.100361840786704,-7.188202822622859,-21.38570400417367
2019-03-01,3.2660030982845534,-8.100361840786704,-7.188202822622859,-21.383037159340404
2019-03-04,1.5097251414341928,-8.100361840786704,-7.188202822622859,-21.380370314507136
2019-03-05,5.637277453705325,-8.100361840786704,-7.188202822622859,-21.377703469673868
2019-03-06,4.301748548861606,-8.100361840786704,-7.188202822622859,-21.3750366248406
2019-03-07,6.539179841240972,-8.100361840786704,-7.188202822622859,-21.372369780007332
2019-03-08,5.275138677344127,-8.100361840786704,-7.188202822622859,-21.369702935174065
2019-03-11,7.10996734305227,-8.100361840786704,-7.148172745880999,-21.367036090340797
2019-03-12,6.75882347485719,-8.100361840786704,-7.145626519288776,-21.364369245507532
2019-03-13,7.528346151214271,-8.100361840786704,-7.145206244415911,-21.361702400674265
2019-03-14,10.025103145962099,-8.100361840786704,-7.14187488751394,-21.359035555840997
2019-03-15,13.620820237821384,-8.100361840786704,-7.14187488751394,-21.35636871100773
2019-03-18,13.179198206740494,-8.100361840786704,-7.14187488751394,-21.35370186617446
2019-03-19,16.41839392737394,-8.100361840786704,-7.14187488751394,-21.351035021341197
2019-03-20,18.599197564499615,-8.100361840786704,-7.140099344116175,-21.34836817650793
2019-03-21,24.30580379199714,-8.100361840786704,-7.140099344116175,-21.34570133167466
2019-03-22,24.657977198268142,-8.100361840786704,-7.140099344116175,-21.345295076713096
2019-03-25,17.108471579417994,-8.100361840786704,-7.140099344116175,-21.344888821751532
2019-03-26,17.200319416509103,-8.100361840786704,-7.140099344116175,-21.344482566789967
2019-03-27,16.508461704684983,-8.100361840786704,-7.140099344116175,-21.344076311828406
2019-03-28,15.800434157887322,-8.100361840786704,-7.140099344116175,-21.34367005686684
2019-03-29,16.210094859194225,-8.100361840786704,-7.140099344116175,-21.343263801905277
2019-04-01,21.726406682962352,-8.100361840786704,-7.140099344116175,-21.342857546943712
2019-04-02,17.174532194786373,-8.100361840786704,-7.140099344116175,-21.342451291982147
2019-04-03,16.4613070910959,-8.100361840786704,-7.140099344116175,-21.342045037020583
2019-04-04,15.373340045538075,-8.100361840786704,-7.140099344116175,-21.34163878205902
2019-04-05,15.032502387962875,-8.100361840786704,-7.140099344116175,-21.341232527097457
2019-04-08,14.996363306379656,-8.100361840786704,-7.140099344116175,-21.340826272135892
2019-04-09,15.013343203930063,-8.100361840786704,-7.140099344116175,-21.340420017174328
2019-04-10,16.661481760203124,-8.100361840786704,-7.140099344116175,-21.340013762212763
2019-04-11,14.155647299356477,-8.100361840786704,-7.140099344116175,-21.3396075072512
2019-04-12,14.670399892087648,-8.100361840786704,-7.140099344116175,-21.339201252289634
2019-04-15,13.791755126573646,-8.100361840786704,-7.140099344116175,-21.33879499732807
2019-04-16,13.064215349213203,-8.100361840786704,-7.140099344116175,-21.338388742366508
2019-04-17,15.777316960549271,-8.100361840786704,-7.140099344116175,-21.337982487404943
2019-04-18,15.775663419272611,-8.100361840786704,-7.140099344116175,-21.33757623244338
2019-04-22,15.356124847920372,-8.100361840786704,-7.140099344116175,-21.3375161009041
2019-04-23,15.443861963629768,-8.100361840786704,-7.140099344116175,-21.337455969364825
2019-04-24,16.519189544921975,-8.100361840786704,-7.140099344116175,-21.337395837825547
2019-04-25,18.10721616629507,-8.100361840786704,-7.140099344116175,-21.33733570628627
2019-04-26,15.28015033630954,-8.100361840786704,-7.140099344116175,-21.337275574746997
2019-04-29,13.800441630572902,-8.100361840786704,-7.140099344116175,-21.337215443207718
2019-04-30,13.397510975520754,-8.100361840786704,-7.140099344116175,-21.33715531166844
2019-05-01,11.645739327641857,-8.100361840786704,-7.140099344116175,-21.337095180129165
2019-05-02,10.186248607196656,-8.100361840786704,-7.140099344116175,-21.337035048589886
2019-05-03,12.27831442340024,-8.100361840786704,-7.140099344116175,-21.33697491705061
2019-05-06,13.109950024509075,-8.100361840786704,-7.140099344116175,-21.336914785511333
2019-05-07,10.689458949382779,-8.100361840786704,-7.140099344116175,-21.336854653972058
2019-05-08,10.515024629923486,-8.100361840786704,-7.140099344116175,-21.33679452243278
2019-05-09,8.318497137310787,-8.100361840786704,-7.140099344116175,-21.336734390893504
2019-05-10,8.37722844624289,-8.100361840786704,-7.140099344116175,-21.336674259354226
2019-05-13,4.487931665073486,-8.100361840786704,-7.140099344116175,-21.33661412781495
2019-05-14,5.192384196670452,-8.100361840786704,-7.140099344116175,-21.336553996275672
2019-05-15,6.467623741160056,-8.100361840786704,-7.140099344116175,-21.336493864736397
2019-05-16,7.556318130994311,-8.100361840786704,-7.140099344116175,-21.33643373319712
2019-05-17,6.847880351804436,-8.100361840786704,-7.140099344116175,-21.336373601657844
2019-05-20,4.27249756299668,-8.100361840786704,-7.140099344116175,-21.333282467705125
2019-05-21,4.979330451751296,-8.100361840786704,-7.140099344116175,-21.330191333752406
2019-05-22,4.40338149279238,-8.100361840786704,-7.140099344116175,-21.327100199799688
2019-05-23,2.8709261166278477,-8.100361840786704,-7.140099344116175,-21.32400906584697
2019-05-24,3.056455121092738,-8.100361840786704,-7.140099344116175,-21.32091793189425
2019-05-28,1.9624193599012463,-8.100361840786704,-7.140099344116175,-21.31782679794153
2019-05-29,1.1062990471560896,-8.100361840786704,-7.140099344116175,-21.314735663988813
2019-05-30,1.4557152239148108,-8.100361840786704,-7.140099344116175,-21.311644530036094
2019-05-31,0.4066772548948716,-8.100361840786704,-7.140099344116175,-21.308553396083376
2019-06-03,-0.583982874310085,-8.100361840786704,-7.140099344116175,-21.30546226213066
2019-06-04,2.370496116173171,-8.100361840786704,-7.140099344116175,-21.30237112817794
2019-06-05,1.0301287852267693,-8.100361840786704,-7.140099344116175,-21.29927999422522
2019-06-06,1.2763805631033742,-8.100361840786704,-7.140099344116175,-21.296188860272505
2019-06-07,2.4624040459228835,-8.100361840786704,-7.140099344116175,-21.293097726319782
2019-06-10,3.8325620523329995,-8.100361840786704,-7.140099344116175,-21.290006592367067
2019-06-11,3.018208575716952,-8.100361840786704,-7.140099344116175,-21.28691545841435
2019-06-12,2.1798820152274523,-8.100361840786704,-7.140099344116175,-21.283824324461627
2019-06-13,2.4406562651241526,-8.100361840786704,-7.140099344116175,-21.28073319050891
2019-06-14,1.6021389468295677,-8.100361840786704,-7.140099344116175,-21.277642056556193
2019-06-17,0.6408490562569202,-8.100361840786704,-7.140099344116175,-21.274550922603474
2019-06-18,4.396284840304054,-8.100361840786704,-7.140099344116175,-21.269142363578656
2019-06-19,4.988216434046255,-8.100361840786704,-7.140099344116175,-21.263733804553837
2019-06-20,5.473333082784149,-8.100361840786704,-7.140099344116175,-21.258325245529022
2019-06-21,5.99775929949895,-8.100361840786704,-7.140099344116175,-21.2529166865042
2019-06-24,5.757392319038179,-8.100361840786704,-7.140099344116175,-21.247508127479385
2019-06-25,3.1608859608725837,-8.100361840786704,-7.140099344116175,-21.242099568454567
2019-06-26,2.285629715830395,-8.100361840786704,-7.140099344116175,-21.236691009429748
2019-06-27,2.2888055022147302,-8.100361840786704,-7.140099344116175,-21.231282450404933
2019-06-28,1.835274395797959,-8.100361840786704,-7.140099344116175,-21.225873891380115
2019-07-01,3.2488266982458214,-8.100361840786704,-7.140099344116175,-21.220465332355296
2019-07-02,3.12470532114697,-8.100361840786704,-7.140099344116175,-21.215056773330478
2019-07-03,3.6370383400012196,-8.100361840786704,-7.140099344116175,-21.20964821430566
2019-07-05,3.7903279165587334,-8.100361840786704,-7.140099344116175,-21.204239655280844
2019-07-08,2.512229654351583,-8.100361840786704,-7.140099344116175,-21.198831096256026
2019-07-09,3.2705680881550236,-8.100361840786704,-7.140099344116175,-21.19342253723121
2019-07-10,3.850682631708491,-8.100361840786704,-7.140099344116175,-21.188013978206392
2019-07-11,3.7584288661750342,-8.100361840786704,-7.140099344116175,-21.182605419181574
2019-07-12,3.9988585615281513,-8.100361840786704,-7.140099344116175,-21.177196860156755
2019-07-15,3.969673212781233,-8.100361840786704,-7.140099344116175,-21.171788301131937
2019-07-16,3.3016846246371356,-8.100361840786704,-7.140099344116175,-21.16637974210712
2019-07-17,2.503688156083661,-8.100361840786704,-7.140099344116175,-21.166265552150065
2019-07-18,1.3322573684494854,-8.100361840786704,-7.140099344116175,-21.166151362193006
2019-07-19,0.907853424732985,-8.100361840786704,-7.140099344116175,-21.16603717223595
2019-07-22,1.2996979530288666,-8.100361840786704,-7.140099344116175,-21.165922982278893
2019-07-23,1.8717265982789444,-8.100361840786704,-7.140099344116175,-21.165808792321837
2019-07-24,2.3879403108264974,-8.100361840786704,-7.140099344116175,-21.165694602364777
2019-07-25,2.2092296391038158,-8.100361840786704,-7.140099344116175,-21.16558041240772
2019-07-26,3.594857595851386,-8.100361840786704,-7.140099344116175,-21.165466222450664
2019-07-29,3.6894778470429435,-8.100361840786704,-7.140099344116175,-21.165352032493608
2019-07-30,1.6212774413064235,-8.100361840786704,-7.140099344116175,-21.16523784253655
2019-07-31,0.8331597594186002,-8.100361840786704,-7.140099344116175,-21.165123652579492
2019-08-01,2.3251653317132526,-8.100361840786704,-7.140099344116175,-21.165009462622436
2019-08-02,1.0734838640773292,-8.100361840786704,-7.140099344116175,-21.16489527266538
2019-08-05,-1.9702523941736438,-8.100361840786704,-7.140099344116175,-21.16478108270832
2019-08-06,-0.7215345116366567,-8.100361840786704,-7.140099344116175,-21.164666892751264
2019-08-07,3.403154631470673,-8.100361840786704,-7.140099344116175,-21.164552702794207
2019-08-08,4.506603850371338,-8.100361840786704,-7.140099344116175,-21.16443851283715
2019-08-09,2.0822093280767007,-8.100361840786704,-7.140099344116175,-21.16432432288009
2019-08-12,-0.09322989397074766,-8.100361840786704,-7.140099344116175,-21.164210132923035
2019-08-13,3.1504123737848166,-8.100361840786704,-7.140099344116175,-21.16409594296598
2019-08-14,1.7860843665360893,-8.100361840786704,-7.140099344116175,-21.16010712841735
2019-08-15,0.6179388148577436,-8.100361840786704,-7.140099344116175,-21.15611831386872
2019-08-16,2.690347007313565,-8.100361840786704,-7.140099344116175,-21.152129499320097
2019-08-19,5.944790793972343,-8.100361840786704,-7.140099344116175,-21.14814068477147
2019-08-20,5.177013028333244,-8.100361840786704,-7.140099344116175,-21.144151870222842
2019-08-21,6.511374246601442,-8.100361840786704,-7.140099344116175,-21.140163055674215
2019-08-22,7.047489664681583,-8.100361840786704,-7.140099344116175,-21.136174241125584
2019-08-23,3.225965173148171,-8.100361840786704,-7.140099344116175,-21.13218542657696
2019-08-26,6.483832266942335,-8.100361840786704,-7.140099344116175,-21.128196612028333
2019-08-27,8.651393932669116,-8.100361840786704,-7.140099344116175,-21.124207797479706
2019-08-28,6.054087829767929,-8.100361840786704,-7.140099344116175,-21.12021898293108
2019-08-29,6.881255529595642,-8.100361840786704,-7.140099344116175,-21.116230168382447
2019-08-30,5.784851674720781,-8.100361840786704,-7.140099344116175,-21.112241353833824
2019-09-03,2.7731172422251538,-8.100361840786704,-7.140099344116175,-21.108252539285196
2019-09-04,3.0556287018049133,-8.100361840786704,-7.140099344116175,-21.10426372473657
2019-09-05,4.800440875800227,-8.100361840786704,-7.140099344116175,-21.10027491018794
2019-09-06,5.305244878401116,-8.100361840786704,-7.140099344116175,-21.09628609563931
2019-09-09,4.466635770913818,-8.100361840786704,-7.140099344116175,-21.092297281090687
2019-09-10,4.610974053760297,-8.100361840786704,-7.140099344116175,-21.08830846654206
2019-09-11,4.961046784486789,-8.100361840786704,-7.140099344116175,-21.084319651993432
2019-09-12,3.887774845216496,-8.100361840786704,-7.140099344116175,-21.080681221489453
2019-09-13,3.1295368002891344,-8.100361840786704,-7.140099344116175,-21.07704279098547
2019-09-16,1.7229381814085842,-8.100361840786704,-7.140099344116175,-21.07340436048149
2019-09-17,2.3629500652100344,-8.100361840786704,-7.140099344116175,-21.06976592997751
2019-09-18,2.317177150028771,-8.100361840786704,-7.140099344116175,-21.06612749947353
2019-09-19,4.277296260957142,-8.100361840786704,-7.140099344116175,-21.062489068969548
2019-09-20,2.6965982812159783,-8.100361840786704,-7.140099344116175,-21.058850638465568
2019-09-23,2.350670241286923,-8.100361840786704,-7.140099344116175,-21.05521220796159
2019-09-24,0.8615700118628444,-8.100361840786704,-7.140099344116175,-21.051573777457605
2019-09-25,0.6357184553828832,-8.100361840786704,-7.140099344116175,-21.04793534695363
2019-09-26,-0.1306495758922499,-8.100361840786704,-7.140099344116175,-21.044296916449646
2019-09-27,-2.1066643641908467,-8.100361840786704,-7.140099344116175,-21.040658485945666
2019-09-30,-0.9732593994016825,-8.100361840786704,-7.140099344116175,-21.037020055441687
2019-10-01,-1.0871926761599204,-8.100361840786704,-7.140099344116175,-21.033381624937704
2019-10-02,-3.2723182939091378,-8.100361840786704,-7.140099344116175,-21.029743194433724
2019-10-03,-3.175592054902232,-8.100361840786704,-7.140099344116175,-21.026104763929744
2019-10-04,-1.6783116412933619,-8.100361840786704,-7.140099344116175,-21.02246633342576
2019-10-07,-2.5373579789100376,-8.100361840786704,-7.140099344116175,-21.01882790292178
2019-10-08,-4.304010298184801,-8.100361840786704,-7.140099344116175,-21.015189472417802
2019-10-09,-2.869577969850101,-8.100361840786704,-7.140099344116175,-21.011551041913823
2019-10-10,-1.6335447442735296,-8.100361840786704,-7.140099344116175,-21.011031955984585
2019-10-11,-0.4805986695063491,-8.100361840786704,-7.140099344116175,-21.01051287005535
2019-10-14,0.243542813669273,-8.100361840786704,-7.140099344116175,-21.009993784126113
2019-10-15,0.7168197525485587,-8.100361840786704,-7.140099344116175,-21.00947469819688
2019-10-16,-0.18622221272307504,-8.100361840786704,-7.140099344116175,-21.00895561226764
2019-10-17,-0.6199553394403368,-8.100361840786704,-7.140099344116175,-21.008436526338407
2019-10-18,-0.633006645605183,-8.100361840786704,-7.140099344116175,-21.00791744040917
2019-10-21,-0.7732953237859164,-8.100361840786704,-7.140099344116175,-21.007398354479935
2019-10-22,-1.224574967279679,-8.100361840786704,-7.140099344116175,-21.0068792685507
2019-10-23,-0.6050833300159986,-8.100361840786704,-7.140099344116175,-21.006360182621464
2019-10-24,1.7693493743767164,-8.100361840786704,-7.140099344116175,-21.005841096692226
2019-10-25,3.094591967233673,-8.100361840786704,-7.140099344116175,-21.005322010762992
2019-10-28,5.667601936550248,-8.100361840786704,-7.140099344116175,-21.004802924833754
2019-10-29,8.689849588018305,-8.100361840786704,-7.140099344116175,-21.00428383890452
2019-10-30,7.708770940511345,-8.100361840786704,-7.140099344116175,-21.003764752975286
2019-10-31,7.178977181434543,-8.100361840786704,-7.140099344116175,-21.00324566704605
2019-11-01,5.8487584897560785,-8.100361840786704,-7.140099344116175,-21.00272658111681
2019-11-04,7.514264245260582,-8.100361840786704,-7.140099344116175,-21.002207495187577
2019-11-05,8.82211716778507,-8.100361840786704,-7.140099344116175,-21.001688409258342
2019-11-06,6.249090169875227,-8.100361840786704,-7.140099344116175,-21.001169323329105
2019-11-07,9.889480781013283,-8.100361840786704,-7.140099344116175,-20.995276585581582
2019-11-08,10.455010311961455,-8.100361840786704,-7.140099344116175,-20.98938384783406
2019-11-11,8.56431749524389,-8.100361840786704,-7.140099344116175,-20.983491110086536
2019-11-12,7.1730907925801946,-8.100361840786704,-7.140099344116175,-20.977598372339017
2019-11-13,8.03677042165587,-8.100361840786704,-7.140099344116175,-20.971705634591494
2019-11-14,7.001017633644069,-8.100361840786704,-7.140099344116175,-20.96581289684397
2019-11-15,8.136908032366307,-8.100361840786704,-7.140099344116175,-20.95992015909645
2019-11-18,11.75884940202998,-8.100361840786704,-7.140099344116175,-20.954027421348925
2019-11-19,10.258591986219013,-8.100361840786704,-7.140099344116175,-20.94813468360141
2019-11-20,9.82892446611665,-8.100361840786704,-7.140099344116175,-20.942241945853887
2019-11-21,9.193677302304494,-8.100361840786704,-7.140099344116175,-20.93634920810636
2019-11-22,7.618583562418957,-8.100361840786704,-7.140099344116175,-20.930456470358838
2019-11-25,9.154347870968959,-8.100361840786704,-7.140099344116175,-20.924563732611315
2019-11-26,10.434931083608777,-8.100361840786704,-7.140099344116175,-20.9186709948638
2019-11-27,9.624231927854954,-8.100361840786704,-7.140099344116175,-20.912778257116276
2019-11-29,7.161037305869655,-8.100361840786704,-7.140099344116175,-20.906885519368753
2019-12-02,6.169007118544267,-8.100361840786704,-7.140099344116175,-20.900992781621227
2019-12-03,5.557818350028665,-8.100361840786704,-7.140099344116175,-20.895100043873704
2019-12-04,6.398468938542812,-8.100361840786704,-7.140099344116175,-20.88920730612619
2019-12-05,5.617036711321988,-8.100361840786704,-7.140099344116175,-20.883314568378665
2019-12-06,6.305042119907989,-8.100361840786704,-7.140099344116175,-20.87921871138849
2019-12-09,6.202019408970871,-8.100361840786704,-7.140099344116175,-20.87512285439831
2019-12-10,6.589635180854225,-8.100361840786704,-7.140099344116175,-20.871026997408133
2019-12-11,6.642355784782028,-8.100361840786704,-7.140099344116175,-20.866931140417957
2019-12-12,7.482995028868911,-8.100361840786704,-7.140099344116175,-20.86283528342778
2019-12-13,7.657980306744561,-8.100361840786704,-7.140099344116175,-20.858739426437605
2019-12-16,9.90138182269411,-8.100361840786704,-7.140099344116175,-20.854643569447425
2019-12-17,9.916010178293199,-8.100361840786704,-7.140099344116175,-20.85054771245725
2019-12-18,11.480556307342283,-8.100361840786704,-7.140099344116175,-20.846451855467073
2019-12-19,10.932238309723164,-8.100361840786704,-7.140099344116175,-20.842355998476897
2019-12-20,11.791108488392199,-8.100361840786704,-7.140099344116175,-20.83826014148672
2019-12-23,13.494091292316647,-8.100361840786704,-7.140099344116175,-20.83416428449654
2019-12-24,12.482516164982925,-8.100361840786704,-7.140099344116175,-20.830068427506365
2019-12-26,14.408217959714298,-8.100361840786704,-7.140099344116175,-20.82597257051619
2019-12-27,16.311811591931136,-8.100361840786704,-7.140099344116175,-20.821876713526013
2019-12-30,14.295084263215418,-8.100361840786704,-7.140099344116175,-20.817780856535837
2019-12-31,12.848754422060837,-8.100361840786704,-7.140099344116175,-20.813684999545657
2020-01-02,15.080431058934263,-8.100361840786704,-7.140099344116175,-20.80958914255548
2020-01-03,15.760500200701099,-8.100361840786704,-7.140099344116175,-20.805493285565305
2020-01-06,15.380073263133841,-8.100361840786704,-7.140099344116175,-20.80139742857513
2020-01-07,14.477449109316943,-8.100361840786704,-7.140099344116175,-20.798742523132766
2020-01-08,13.871351555278256,-8.100361840786704,-7.140099344116175,-20.7960876176904
2020-01-09,14.848257438954327,-8.100361840786704,-7.140099344116175,-20.793432712248038
2020-01-10,13.116113249130358,-8.100361840786704,-7.140099344116175,-20.79077780680568
2020-01-13,14.705640390601605,-8.100361840786704,-7.140099344116175,-20.788122901363316
2020-01-14,13.952922092647313,-8.100361840786704,-7.140099344116175,-20.78546799592095
2020-01-15,15.105677038989285,-8.100361840786704,-7.140099344116175,-20.782813090478587
2020-01-16,15.187258351648536,-8.100361840786704,-7.140099344116175,-20.780158185036225
2020-01-17,16.68648202490475,-8.100361840786704,-7.140099344116175,-20.777503279593862
2020-01-21,16.409738381800043,-8.100361840786704,-7.140099344116175,-20.7748483741515
2020-01-22,15.592805846592661,-8.100361840786704,-7.140099344116175,-20.772193468709137
2020-01-23,15.045814468955566,-8.100361840786704,-7.140099344116175,-20.76953856326677
2020-01-24,12.96327189702069,-8.100361840786704,-7.140099344116175,-20.76688365782441
2020-01-27,11.493376132826793,-8.100361840786704,-7.140099344116175,-20.76422875238205
2020-01-28,12.659949986238184,-8.100361840786704,-7.140099344116175,-20.761573846939683
2020-01-29,12.791566189564252,-8.100361840786704,-7.140099344116175,-20.75891894149732
2020-01-30,12.174457173745923,-8.100361840786704,-7.140099344116175,-20.756264036054958
2020-01-31,9.716991033420118,-8.100361840786704,-7.140099344116175,-20.753609130612595
2020-02-03,11.313547324312513,-8.100361840786704,-7.140099344116175,-20.750954225170233
2020-02-04,14.117876128864149,-8.100361840786704,-7.140099344116175,-20.74829931972787
2020-02-05,14.111407065103299,-8.100361840786704,-7.140099344116175,-20.747469719595138
2020-02-06,14.638846446959096,-8.100361840786704,-7.140099344116175,-20.746640119462405
2020-02-07,14.299160000112266,-8.100361840786704,-7.140099344116175,-20.745810519329673
2020-02-10,15.347623920565034,-8.100361840786704,-7.140099344116175,-20.744980919196944
2020-02-11,15.338894535088322,-8.100361840786704,-7.140099344116175,-20.744151319064212
2020-02-12,16.55492152386526,-8.100361840786704,-7.140099344116175,-20.74332171893148
2020-02-13,15.556608301230156,-8.100361840786704,-7.140099344116175,-20.742492118798747
2020-02-14,15.796206515443,-8.100361840786704,-7.140099344116175,-20.741662518666015
2020-02-18,15.66974560572556,-8.100361840786704,-7.140099344116175,-20.740832918533282
2020-02-19,17.483269043026862,-8.100361840786704,-7.140099344116175,-20.740003318400554
2020-02-20,16.652290889685027,-8.100361840786704,-7.140099344116175,-20.73917371826782
2020-02-21,14.33776868352945,-8.100361840786704,-7.140099344116175,-20.73834411813509
2020-02-24,8.642010110692855,-8.100361840786704,-7.140099344116175,-20.737514518002357
2020-02-25,5.486384981459924,-8.100361840786704,-7.140099344116175,-20.736684917869624
2020-02-26,5.294166572207382,-8.100361840786704,-7.140099344116175,-20.735855317736892
2020-02-27,0.4800837519955081,-8.100361840786704,-7.140099344116175,-20.73502571760416
2020-02-28,1.598525886028379,-8.100361840786704,-7.140099344116175,-20.734196117471427
2020-03-02,7.6848033862753296,-8.100361840786704,-7.140099344116175,-20.7333665173387
2020-03-03,3.706449204465878,-8.100361840786704,-7.140099344116175,-20.732536917205966
2020-03-04,7.820272985009313,-8.100361840786704,-7.140099344116175,-20.731707317073234
2020-03-05,3.4378149394552304,-8.100361840786704,-7.140099344116175,-20.730805273051264
2020-03-06,2.156025692082153,-8.100361840786704,-7.140099344116175,-20.729903229029297
2020-03-09,-4.860925688595097,-8.100361840786704,-7.140099344116175,-20.729001185007327
2020-03-10,-0.20911549780022742,-8.100361840786704,-7.140099344116175,-20.72809914098536
2020-03-11,-5.262634438163161,-8.100361840786704,-7.140099344116175,-20.727197096963394
2020-03-12,-14.231658382920976,-8.142958052812816,-7.14187488751394,-20.726295052941424
2020-03-13,-7.891292530747096,-8.142958052812816,-7.145206244415911,-20.725393008919458
2020-03-16,-18.971257684476605,-8.178775898181462,-7.145626519288776,-20.724490964897488
2020-03-17,-12.89246440461782,-8.23811862859481,-7.148172745880999,-20.72358892087552
2020-03-18,-16.066645884602558,-8.261045122875082,-7.188202822622859,-20.72268687685355
2020-03-19,-15.901868139757536,-8.644019411428399,-7.190246356473132,-20.721784832831585
2020-03-20,-19.408904718475018,-8.705503551325114,-7.196677137951274,-20.720882788809615
2020-03-23,-19.39269149215226,-8.821855278849807,-7.210424581455049,-20.719980744787648
2020-03-24,-13.910323562872195,-8.864777889803907,-7.237153362475485,-20.71907870076568
2020-03-25,-14.47581284671563,-8.93747134351441,-7.255984568363328,-20.71817665674371
2020-03-26,-9.378141960260834,-9.008352860197848,-7.278333085412935,-20.717274612721745
2020-03-27,-12.659515186323201,-9.067839551875366,-7.279466767686733,-20.716372568699775
2020-03-30,-10.969214797948945,-9.12575274148681,-7.295517089790743,-20.71547052467781
2020-03-31,-10.913501140351546,-9.19661869222177,-7.3594159814595335,-20.714568480655842
2020-04-01,-15.24483458906911,-9.241366555756635,-7.413701784014449,-20.713666436633872
2020-04-02,-13.512685122426337,-9.254794784344826,-7.416580318110506,-20.710606529809624
2020-04-03,-15.376241071756336,-9.316696950667298,-7.456725458536365,-20.707546622985372
2020-04-06,-10.087948681761372,-9.384937688582255,-7.495331640767367,-20.704486716161124
2020-04-07,-9.894135181576601,-9.515374871510103,-7.522317722229274,-20.701426809336876
2020-04-08,-9.030490924048262,-9.515374871510103,-7.541593272454974,-20.69836690251263
2020-04-09,-8.538832838744392,-9.515374871510103,-7.556822964354971,-20.69530699568838
2020-04-13,-7.588518279379864,-9.515374871510103,-7.58929293960711,-20.69224708886413
2020-04-14,-4.484809979020021,-9.515374871510103,-7.58929293960711,-20.68918718203988
2020-04-15,-6.045314750033459,-9.515374871510103,-7.58929293960711,-20.686127275215632
2020-04-16,-4.288729927204238,-9.515374871510103,-7.58929293960711,-20.683067368391384
2020-04-17,-3.6277907390402153,-9.515374871510103,-7.58929293960711,-20.680007461567136
2020-04-20,-5.0745600560487825,-9.515374871510103,-7.58929293960711,-20.676947554742885
2020-04-21,-7.8013821434177455,-9.515374871510103,-7.6052909677950415,-20.673887647918637
2020-04-22,-3.0631533129312882,-9.515374871510103,-7.6052909677950415,-20.67082774109439
2020-04-23,-4.733205591635148,-9.515374871510103,-7.6052909677950415,-20.66776783427014
2020-04-24,-3.387864495415127,-9.515374871510103,-7.6052909677950415,-20.664707927445892
2020-04-27,-2.956409030142315,-9.515374871510103,-7.6052909677950415,-20.66164802062164
2020-04-28,-3.249925191308045,-9.515374871510103,-7.6052909677950415,-20.658588113797393
2020-04-29,-1.3102065657728867,-9.515374871510103,-7.6052909677950415,-20.655528206973145
2020-04-30,-3.558193039674562,-9.515374871510103,-7.6052909677950415,-20.652468300148897
2020-05-01,-6.5844181257033725,-9.515374871510103,-7.6052909677950415,-20.648967921790664
2020-05-04,-6.304219660460864,-9.515374871510103,-7.6052909677950415,-20.64546754343243
2020-05-05,-4.832669956595548,-9.515374871510103,-7.6052909677950415,-20.6419671650742
2020-05-06,-5.390194291086314,-9.515374871510103,-7.6052909677950415,-20.63846678671597
2020-05-07,-4.1884464719761265,-9.515374871510103,-7.6052909677950415,-20.63496640835774
2020-05-08,-3.812334905825965,-9.515374871510103,-7.6052909677950415,-20.63146602999951
2020-05-11,-2.828088732094136,-9.515374871510103,-7.6052909677950415,-20.627965651641276
2020-05-12,-5.134245106204527,-9.515374871510103,-7.6052909677950415,-20.624465273283043
2020-05-13,-6.357478025984653,-9.515374871510103,-7.6052909677950415,-20.620964894924814
2020-05-14,-6.193602888184769,-9.515374871510103,-7.6052909677950415,-20.61746451656658
2020-05-15,-4.699946331278426,-9.515374871510103,-7.6052909677950415,-20.61396413820835
2020-05-18,-1.023013053314259,-9.515374871510103,-7.6052909677950415,-20.610463759850116
2020-05-19,2.688968253312174,-9.515374871510103,-7.6052909677950415,-20.606963381491884
2020-05-20,7.667157450921658,-9.515374871510103,-7.6052909677950415,-20.603463003133655
2020-05-21,5.948533615046103,-9.515374871510103,-7.6052909677950415,-20.599962624775422
2020-05-22,11.918436403207423,-9.515374871510103,-7.6052909677950415,-20.596462246417193
2020-05-26,11.529513034537686,-9.515374871510103,-7.6052909677950415,-20.59296186805896
2020-05-27,6.635433460842921,-9.515374871510103,-7.6052909677950415,-20.589461489700728
2020-05-28,10.024718931478649,-9.515374871510103,-7.6052909677950415,-20.5859611113425
2020-05-29,7.165679973229566,-9.515374871510103,-7.6052909677950415,-20.582460732984266
2020-06-01,10.85516320212525,-9.515374871510103,-7.6052909677950415,-20.57998032454018
2020-06-02,13.513980201228538,-9.515374871510103,-7.6052909677950415,-20.577499916096095
2020-06-03,22.53656679581646,-9.515374871510103,-7.6052909677950415,-20.575019507652012
2020-06-04,15.393906190069885,-9.515374871510103,-7.6052909677950415,-20.57253909920793
2020-06-05,23.040891514628335,-9.515374871510103,-7.6052909677950415,-20.570058690763844
2020-06-08,36.51273486300233,-9.515374871510103,-7.6052909677950415,-20.567578282319758
2020-06-09,26.764127472396538,-9.515374871510103,-7.6052909677950415,-20.565097873875672
2020-06-10,45.74384529724451,-9.515374871510103,-7.6052909677950415,-20.56261746543159
2020-06-11,28.757196712696164,-9.515374871510103,-7.6052909677950415,-20.560137056987507
2020-06-12,33.851818050799665,-9.515374871510103,-7.6052909677950415,-20.55765664854342
2020-06-15,34.67208194219991,-9.515374871510103,-7.6052909677950415,-20.555176240099335
2020-06-16,42.5701038418397,-9.515374871510103,-7.6052909677950415,-20.55269583165525
2020-06-17,42.919151426601786,-9.515374871510103,-7.6052909677950415,-20.550215423211167
2020-06-18,33.00663939259947,-9.515374871510103,-7.6052909677950415,-20.547735014767085
2020-06-19,33.97696182364871,-9.515374871510103,-7.6052909677950415,-20.545254606323
2020-06-22,28.79833942386181,-9.515374871510103,-7.6052909677950415,-20.542774197878913
2020-06-23,34.521101388939734,-9.515374871510103,-7.6052909677950415,-20.540293789434827
2020-06-24,27.12393692702002,-9.515374871510103,-7.6052909677950415,-20.537813380990745
2020-06-25,29.439488759683428,-9.515374871510103,-7.6052909677950415,-20.535332972546662
2020-06-26,31.991004561253366,-9.515374871510103,-7.6052909677950415,-20.532852564102576
2020-06-29,30.77646455282712,-9.515374871510103,-7.6052909677950415,-20.52931208304329
2020-06-30,35.25957928773427,-9.515374871510103,-7.6052909677950415,-20.525771601984005
2020-07-01,27.707886288397464,-9.515374871510103,-7.6052909677950415,-20.522231120924722
2020-07-02,28.626973325124027,-9.515374871510103,-7.58929293960711,-20.51869063986544
2020-07-06,29.049222049934098,-9.515374871510103,-7.556048304127725,-20.515150158806154
2020-07-07,27.975179340255906,-9.515374871510103,-7.541593272454974,-20.51160967774687
2020-07-08,28.275013879744648,-9.515374871510103,-7.522317722229274,-20.508069196687586
2020-07-09,23.964185838147102,-9.515374871510103,-7.495331640767367,-20.5045287156283
2020-07-10,26.25871108757587,-9.515374871510103,-7.456725458536365,-20.500988234569018
2020-07-13,21.44632392243684,-9.515374871510103,-7.416580318110506,-20.497447753509732
2020-07-14,21.147022682931315,-9.515374871510103,-7.413701784014449,-20.49390727245045
2020-07-15,22.848697840365094,-9.515374871510103,-7.3594159814595335,-20.490366791391164
2020-07-16,26.685182177585244,-9.515374871510103,-7.295517089790743,-20.486826310331878
2020-07-17,23.176660829132455,-9.515374871510103,-7.279466767686733,-20.4832858292726
2020-07-20,26.94206262615504,-9.515374871510103,-7.278333085412935,-20.479745348213314
2020-07-21,23.668941377467778,-9.515374871510103,-7.255984568363328,-20.476204867154028
2020-07-22,23.11433174106692,-9.515374871510103,-7.237153362475485,-20.472664386094742
2020-07-23,22.200177887071384,-9.515374871510103,-7.210424581455049,-20.469123905035456
2020-07-24,16.89459082353504,-9.515374871510103,-7.196677137951274,-20.465583423976177
2020-07-27,19.029273692133653,-9.515374871510103,-7.196677137951274,-20.46204294291689
2020-07-28,20.922861366482003,-9.515374871510103,-7.196677137951274,-20.459582770846378
2020-07-29,20.907154709464603,-9.515374871510103,-7.196677137951274,-20.45712259877586
2020-07-30,20.177675444217137,-9.515374871510103,-7.196677137951274,-20.454662426705347
2020-07-31,21.573855809413402,-9.515374871510103,-7.190246356473132,-20.452202254634834
2020-08-03,21.64949090662136,-9.515374871510103,-7.190246356473132,-20.44974208256432
2020-08-04,20.450336792570667,-9.515374871510103,-7.190246356473132,-20.447281910493807
2020-08-05,19.67900917036063,-9.515374871510103,-7.190246356473132,-20.44482173842329
2020-08-06,23.857358317650302,-9.515374871510103,-7.190246356473132,-20.442361566352776
2020-08-07,23.979439219261423,-9.515374871510103,-7.190246356473132,-20.439901394282263
2020-08-10,22.063967085841398,-9.515374871510103,-7.190246356473132,-20.43744122221175
2020-08-11,18.97957718477801,-9.515374871510103,-7.190246356473132,-20.434981050141236
2020-08-12,19.741089784142574,-9.515374871510103,-7.190246356473132,-20.43252087807072
2020-08-13,20.31571986397136,-9.515374871510103,-7.190246356473132,-20.430060706000205
2020-08-14,17.821723630889608,-9.515374871510103,-7.190246356473132,-20.42760053392969
2020-08-17,20.502086473530934,-9.515374871510103,-7.190246356473132,-20.425140361859178
2020-08-18,21.243430573550114,-9.515374871510103,-7.190246356473132,-20.422680189788665
2020-08-19,20.75378391144307,-9.515374871510103,-7.190246356473132,-20.420220017718147
2020-08-20,21.764312297735856,-9.515374871510103,-7.190246356473132,-20.417759845647634
2020-08-21,22.76810123424284,-9.515374871510103,-7.190246356473132,-20.41529967357712
2020-08-24,21.750684011772403,-9.515374871510103,-7.190246356473132,-20.412839501506607
2020-08-25,22.340943529373614,-9.384937688582255,-7.190246356473132,-20.41045893162246
2020-08-26,24.119039078356842,-9.316696950667298,-7.190246356473132,-20.408078361738315
2020-08-27,23.17805036709233,-9.316696950667298,-7.190246356473132,-20.40569779185417
2020-08-28,24.678843633645474,-9.316696950667298,-7.190246356473132,-20.403317221970024
2020-08-31,23.23698361812887,-9.316696950667298,-7.190246356473132,-20.40093665208588
2020-09-01,24.378138929094373,-9.316696950667298,-7.190246356473132,-20.398556082201733
2020-09-02,24.652803610838635,-9.316696950667298,-7.190246356473132,-20.396175512317587
2020-09-03,16.92953045449834,-9.316696950667298,-7.190246356473132,-20.39379494243344
2020-09-04,21.385901847877122,-9.316696950667298,-7.190246356473132,-20.3914143725493
2020-09-08,14.640448902251268,-9.316696950667298,-7.190246356473132,-20.389033802665153
2020-09-09,16.58953554218401,-9.316696950667298,-7.190246356473132,-20.386653232781004
2020-09-10,12.336001939707186,-9.316696950667298,-7.190246356473132,-20.38427266289686
2020-09-11,11.203826082498992,-9.316696950667298,-7.190246356473132,-20.381892093012713
2020-09-14,12.834797032820667,-9.316696950667298,-7.190246356473132,-20.37951152312857
2020-09-15,14.45280470214636,-9.316696950667298,-7.190246356473132,-20.377130953244425
2020-09-16,11.295282174730414,-9.316696950667298,-7.190246356473132,-20.37475038336028
2020-09-17,8.632057266694781,-9.316696950667298,-7.190246356473132,-20.372369813476134
2020-09-18,9.503092924088087,-9.316696950667298,-7.190246356473132,-20.369989243591984
2020-09-21,8.730647113320833,-9.316696950667298,-7.190246356473132,-20.367608673707842
2020-09-22,13.429360420319792,-9.316696950667298,-7.190246356473132,-20.365228103823696
2020-09-23,8.77944640328261,-9.316696950667298,-7.190246356473132,-20.36485291471086
2020-09-24,7.184979041351114,-9.316696950667298,-7.190246356473132,-20.36447772559802
2020-09-25,8.411510081588647,-9.316696950667298,-7.190246356473132,-20.364102536485184
2020-09-28,9.917129752768705,-9.316696950667298,-7.190246356473132,-20.363727347372347
2020-09-29,6.795927304886562,-9.316696950667298,-7.190246356473132,-20.36335215825951
2020-09-30,8.273259887857542,-9.316696950667298,-7.190246356473132,-20.362976969146672
2020-10-01,8.561871841895897,-9.316696950667298,-7.190246356473132,-20.362601780033835
2020-10-02,4.626594409060281,-9.316696950667298,-7.190246356473132,-20.362226590920997
2020-10-05,6.133273616902324,-9.316696950667298,-7.190246356473132,-20.36185140180816
2020-10-06,6.428403561493523,-9.316696950667298,-7.190246356473132,-20.361476212695322
2020-10-07,7.508552704680005,-9.316696950667298,-7.190246356473132,-20.361101023582485
2020-10-08,7.8612534478488705,-9.316696950667298,-7.190246356473132,-20.360725834469648
2020-10-09,10.26165361181992,-9.316696950667298,-7.190246356473132,-20.36035064535681
2020-10-12,13.534031121057977,-9.316696950667298,-7.190246356473132,-20.359975456243973
2020-10-13,10.398077202678069,-9.316696950667298,-7.190246356473132,-20.359600267131135
2020-10-14,10.628786954012748,-9.316696950667298,-7.190246356473132,-20.359225078018298
2020-10-15,9.500628137085677,-9.316696950667298,-7.190246356473132,-20.35884988890546
2020-10-16,11.821246791047347,-9.316696950667298,-7.190246356473132,-20.358474699792623
2020-10-19,11.050238888776075,-9.316696950667298,-7.190246356473132,-20.358099510679786
2020-10-20,9.338001307426925,-9.316696950667298,-7.190246356473132,-20.35772432156695
2020-10-21,10.661580601652943,-9.316696950667298,-7.190246356473132,-20.35607098009322
2020-10-22,9.39677587653307,-9.316696950667298,-7.190246356473132,-20.354417638619495
2020-10-23,9.041467816828597,-9.316696950667298,-7.190246356473132,-20.352764297145768
2020-10-26,5.523154446680456,-9.316696950667298,-7.190246356473132,-20.35111095567204
2020-10-27,4.929838346789683,-9.316696950667298,-7.190246356473132,-20.349457614198315
2020-10-28,0.4660144030144142,-9.316696950667298,-7.190246356473132,-20.347804272724588
2020-10-29,1.970126211386325,-9.316696950667298,-7.190246356473132,-20.34615093125086
2020-10-30,-1.915237942423742,-9.316696950667298,-7.190246356473132,-20.344497589777134
2020-11-02,-0.5488599947231942,-9.316696950667298,-7.190246356473132,-20.342844248303408
2020-11-03,1.6055626418145508,-9.316696950667298,-7.190246356473132,-20.34119090682968
2020-11-04,8.190354470659988,-9.316696950667298,-7.190246356473132,-20.339537565355954
2020-11-05,8.287365008035152,-9.316696950667298,-7.190246356473132,-20.337884223882227
2020-11-06,8.121687269876343,-9.316696950667298,-7.190246356473132,-20.3362308824085
2020-11-09,6.036887292292681,-9.316696950667298,-7.190246356473132,-20.334577540934774
2020-11-10,2.942033229708918,-9.316696950667298,-7.190246356473132,-20.332924199461047
2020-11-11,4.24146796170306,-9.316696950667298,-7.190246356473132,-20.33127085798732
2020-11-12,4.454903122442211,-9.316696950667298,-7.190246356473132,-20.329617516513594
2020-11-13,3.929553919840334,-9.316696950667298,-7.190246356473132,-20.327964175039867
2020-11-16,4.019589628592146,-9.316696950667298,-7.190246356473132,-20.32631083356614
2020-11-17,3.0462165434256505,-9.316696950667298,-7.190246356473132,-20.324657492092413
2020-11-18,1.4867418378871733,-9.316696950667298,-7.190246356473132,-20.323708460282553
2020-11-19,0.14385992602647946,-9.316696950667298,-7.190246356473132,-20.32275942847269
2020-11-20,-0.23019513425749372,-9.316696950667298,-7.190246356473132,-20.32181039666283
2020-11-23,-0.7315434792293241,-9.316696950667298,-7.190246356473132,-20.32086136485297
2020-11-24,-0.13904084892852886,-9.316696950667298,-7.190246356473132,-20.319912333043106
2020-11-25,-1.2136618049714554,-9.316696950667298,-7.190246356473132,-20.318963301233246
2020-11-27,-1.2386047955617263,-9.316696950667298,-7.190246356473132,-20.318014269423387
2020-11-30,4.24828339288863,-9.316696950667298,-7.190246356473132,-20.317065237613523
2020-12-01,7.01036949860574,-9.316696950667298,-7.190246356473132,-20.316116205803663
2020-12-02,12.557878260248234,-9.316696950667298,-7.190246356473132,-20.315167173993803
2020-12-03,9.500501451199273,-9.316696950667298,-7.190246356473132,-20.314218142183943
2020-12-04,12.183297760867596,-9.316696950667298,-7.190246356473132,-20.31326911037408
2020-12-07,13.606946249570907,-9.316696950667298,-7.190246356473132,-20.31232007856422
2020-12-08,12.040269095029998,-9.316696950667298,-7.190246356473132,-20.31137104675436
2020-12-09,7.973195798272048,-9.316696950667298,-7.190246356473132,-20.3104220149445
2020-12-10,10.16350648224904,-9.316696950667298,-7.190246356473132,-20.309472983134636
2020-12-11,11.663953064887277,-9.316696950667298,-7.190246356473132,-20.308523951324776
2020-12-14,13.92813508742794,-9.316696950667298,-7.190246356473132,-20.307574919514913
2020-12-15,14.870471132706143,-9.316696950667298,-7.190246356473132,-20.306625887705053
2020-12-16,13.395478027131746,-9.316696950667298,-7.190246356473132,-20.305676855895193
2020-12-17,17.731676138907094,-9.316696950667298,-7.190246356473132,-20.303953513795843
2020-12-18,16.83182502903524,-9.316696950667298,-7.190246356473132,-20.302230171696493
2020-12-21,13.964139125814444,-9.316696950667298,-7.190246356473132,-20.300506829597143
2020-12-22,11.948961593341934,-9.316696950667298,-7.190246356473132,-20.298783487497797
2020-12-23,11.889723146756403,-9.316696950667298,-7.190246356473132,-20.297060145398447
2020-12-24,11.618976338894837,-9.316696950667298,-7.190246356473132,-20.295336803299094
2020-12-28,10.982398870993126,-9.316696950667298,-7.190246356473132,-20.293613461199744
2020-12-29,14.297083905819097,-9.316696950667298,-7.190246356473132,-20.291890119100394
2020-12-30,11.9140319519496,-9.316696950667298,-7.190246356473132,-20.290166777001048
2020-12-31,14.227990677675773,-9.316696950667298,-7.190246356473132,-20.288443434901698
2021-01-04,10.700089635198019,-9.316696950667298,-7.190246356473132,-20.286720092802348
2021-01-05,11.021754836994946,-9.316696950667298,-7.190246356473132,-20.284996750702998
2021-01-06,7.83609662418383,-9.316696950667298,-7.190246356473132,-20.283273408603648
2021-01-07,7.137479127544211,-9.316696950667298,-7.190246356473132,-20.281550066504302
2021-01-08,8.518732336008261,-9.316696950667298,-7.190246356473132,-20.27982672440495
2021-01-11,7.851470274320893,-9.316696950667298,-7.190246356473132,-20.2781033823056
2021-01-12,8.407475639913686,-9.316696950667298,-7.190246356473132,-20.27638004020625
2021-01-13,9.741058461784213,-9.316696950667298,-7.190246356473132,-20.2746566981069
2021-01-14,10.965778906945856,-9.316696950667298,-7.190246356473132,-20.272933356007552
2021-01-15,9.850680471739203,-9.316696950667298,-7.190246356473132,-20.271210013908203
2021-01-19,11.539675143981643,-9.316696950667298,-7.190246356473132,-20.26296837829161
2021-01-20,14.138209933642765,-9.316696950667298,-7.190246356473132,-20.254726742675018
2021-01-21,14.824986873933721,-9.316696950667298,-7.190246356473132,-20.246485107058426
2021-01-22,16.237378712834015,-9.254794784344826,-7.190246356473132,-20.238243471441844
2021-01-25,16.29018260804518,-9.254794784344826,-7.190246356473132,-20.23000183582525
2021-01-26,21.18491361916808,-9.241366555756635,-7.190246356473132,-20.221760200208656
2021-01-27,15.782069496200846,-9.19661869222177,-7.190246356473132,-20.213518564592064
2021-01-28,19.49792855025425,-9.12575274148681,-7.190246356473132,-20.205276928975472
2021-01-29,16.723915463747964,-9.067839551875366,-7.190246356473132,-20.19703529335889
2021-02-01,17.606239454112725,-9.067839551875366,-7.190246356473132,-20.1887936577423
2021-02-02,14.417432882874248,-9.067839551875366,-7.190246356473132,-20.180552022125706
2021-02-03,11.06786780412181,-9.032215445306827,-7.190246356473132,-20.172310386509114
2021-02-04,12.297520059992317,-9.006628338939283,-7.190246356473132,-20.164068750892522
2021-02-05,15.028843911523593,-8.82906689901205,-7.190246356473132,-20.15582711527594
2021-02-08,17.911845794523185,-8.705503551325114,-7.190246356473132,-20.147585479659348
2021-02-09,15.307721575925438,-8.644019411428399,-7.190246356473132,-20.139343844042752
2021-02-10,15.58747656288919,-8.543946195834556,-7.190246356473132,-20.13110220842616
2021-02-11,15.212454413846576,-8.25593176578492,-7.190246356473132,-20.122860572809568
2021-02-12,14.959410901630111,-8.23811862859481,-7.190246356473132,-20.114618937192986
2021-02-16,15.013297019875594,-8.178775898181462,-7.190246356473132,-20.106377301576394
2021-02-17,15.313649233531134,-8.142958052812816,-7.190246356473132,-20.104410638393727
2021-02-18,13.91810743958104,-8.100361840786704,-7.190246356473132,-20.102443975211063
2021-02-19,14.202464729964026,-7.980059530170552,-7.190246356473132,-20.100477312028396
2021-02-22,11.238520094253325,-7.895419957050486,-7.190246356473132,-20.098510648845732
2021-02-23,9.370672278280834,-7.805877662784213,-7.190246356473132,-20.096543985663068
2021-02-24,9.598564745169892,-7.599161472581757,-7.190246356473132,-20.0945773224804
2021-02-25,4.811904907478182,-7.524697514906063,-7.190246356473132,-20.092610659297737
2021-02-26,5.036546065218794,-7.4580942420381975,-7.190246356473132,-20.09064399611507
2021-03-01,6.8271423630059225,-7.36147145830123,-7.190246356473132,-20.088677332932406
2021-03-02,4.978839286538528,-7.282679617727052,-7.190246356473132,-20.086710669749742
2021-03-03,1.7883004889849063,-7.282221591877659,-7.190246356473132,-20.084744006567075
2021-03-04,-0.2840194076497604,-7.282221591877659,-7.190246356473132,-20.082777343384407
2021-03-05,0.6478622610642581,-7.212528826052102,-7.190246356473132,-20.080810680201743
2021-03-08,-2.5318088889115464,-7.196677137951274,-7.190246356473132,-20.07884401701908
2021-03-09,3.659409615235787,-7.190246356473132,-7.190246356473132,-20.076877353836412
2021-03-10,2.9500778611974754,-7.144112730478379,-7.190246356473132,-20.07491069065375
2021-03-11,5.554932599158935,-7.127003479471641,-7.190246356473132,-20.07294402747108
2021-03-12,3.944500460393785,-7.127003479471641,-7.190246356473132,-20.070977364288417
2021-03-15,3.943823177407979,-7.127003479471641,-7.190246356473132,-20.069010701105753
2021-03-16,3.9426984631375506,-7.127003479471641,-7.190246356473132,-20.067044037923086
2021-03-17,3.6927863645572767,-7.127003479471641,-7.190246356473132,-20.06619810169109
2021-03-18,0.8213497162467664,-7.127003479471641,-7.190246356473132,-20.065352165459096
2021-03-19,1.3660497984182118,-7.127003479471641,-7.190246356473132,-20.0645062292271
2021-03-22,2.9845607226486326,-7.127003479471641,-7.190246356473132,-20.063660292995102
2021-03-23,3.054271704653111,-7.127003479471641,-7.190246356473132,-20.06281435676311
2021-03-24,0.8711208191560349,-7.127003479471641,-7.190246356473132,-20.061968420531112
2021-03-25,-0.308312517371101,-7.127003479471641,-7.190246356473132,-20.061122484299116
2021-03-26,1.0965531960919206,-7.127003479471641,-7.190246356473132,-20.060276548067122
2021-03-29,1.0645285805015003,-7.127003479471641,-7.190246356473132,-20.059430611835126
2021-03-30,0.30907712619661076,-7.127003479471641,-7.190246356473132,-20.05858467560313
2021-03-31,3.302722868450303,-7.127003479471641,-7.190246356473132,-20.057738739371135
2021-04-01,4.204582693190684,-7.127003479471641,-7.190246356473132,-20.05689280313914
2021-04-05,7.777980491693071,-7.127003479471641,-7.190246356473132,-20.056046866907142
2021-04-06,5.159100028946706,-7.127003479471641,-7.190246356473132,-20.05520093067515
2021-04-07,4.075204739615912,-7.127003479471641,-7.190246356473132,-20.054354994443152
2021-04-08,6.702942273889234,-7.127003479471641,-7.190246356473132,-20.05350905821116
2021-04-09,7.5203575684647195,-7.127003479471641,-7.190246356473132,-20.052663121979162
2021-04-12,6.659724850950877,-7.127003479471641,-7.190246356473132,-20.051817185747165
2021-04-13,8.484893219687262,-7.127003479471641,-7.190246356473132,-20.05097124951517
2021-04-14,8.03797131101074,-7.127003479471641,-7.190246356473132,-20.050125313283175
2021-04-15,8.098194076986442,-7.127003479471641,-7.190246356473132,-20.049870012000422
2021-04-16,5.764595795085614,-7.127003479471641,-7.190246356473132,-20.04961471071767
2021-04-19,3.9649926697062687,-7.127003479471641,-7.190246356473132,-20.049359409434913
2021-04-20,3.505333882094841,-7.127003479471641,-7.190246356473132,-20.04910410815216
2021-04-21,3.5356014697243587,-7.127003479471641,-7.190246356473132,-20.048848806869408
2021-04-22,2.138100247584429,-7.127003479471641,-7.190246356473132,-20.048593505586656
2021-04-23,6.389763223831291,-7.127003479471641,-7.190246356473132,-20.048338204303903
2021-04-26,6.452613093338133,-7.127003479471641,-7.190246356473132,-20.048082903021147
2021-04-27,8.269233528257502,-7.127003479471641,-7.190246356473132,-20.047827601738394
2021-04-28,5.272707832712831,-7.127003479471641,-7.190246356473132,-20.04757230045564
2021-04-29,3.955627463882516,-7.127003479471641,-7.190246356473132,-20.04731699917289
2021-04-30,3.685584818800036,-7.127003479471641,-7.190246356473132,-20.047061697890136
2021-05-03,1.9279334429382677,-7.127003479471641,-7.190246356473132,-20.04680639660738
2021-05-04,-0.24465121522848632,-7.127003479471641,-7.190246356473132,-20.046551095324627
2021-05-05,-1.2417020328222006,-7.127003479471641,-7.190246356473132,-20.046295794041875
2021-05-06,-0.47644958645324254,-7.127003479471641,-7.190246356473132,-20.046040492759122
2021-05-07,0.5602825252782662,-7.127003479471641,-7.190246356473132,-20.04578519147637
2021-05-10,-2.5154261546535883,-7.127003479471641,-7.190246356473132,-20.045529890193613
2021-05-11,-3.191174869959157,-7.127003479471641,-7.190246356473132,-20.04527458891086
2021-05-12,-5.441117536770657,-7.127003479471641,-7.190246356473132,-20.045019287628108
2021-05-13,-4.250618875393297,-7.127003479471641,-7.190246356473132,-20.044130882149734
2021-05-14,-1.7070235450542204,-7.127003479471641,-7.190246356473132,-20.043242476671356
2021-05-17,-1.8753534304134845,-7.127003479471641,-7.190246356473132,-20.04235407119298
2021-05-18,0.05566131130450014,-7.127003479471641,-7.190246356473132,-20.041465665714608
2021-05-19,0.4696776034089689,-7.127003479471641,-7.190246356473132,-20.040577260236233
2021-05-20,1.5758035244919144,-7.127003479471641,-7.190246356473132,-20.039688854757856
2021-05-21,4.662416595567409,-7.127003479471641,-7.190246356473132,-20.03880044927948
2021-05-24,5.9789351688176895,-7.127003479471641,-7.190246356473132,-20.037912043801104
2021-05-25,3.026301174549384,-7.127003479471641,-7.190246356473132,-20.03702363832273
2021-05-26,5.070431029942202,-7.127003479471641,-7.190246356473132,-20.036135232844355
2021-05-27,7.805890910222679,-7.127003479471641,-7.190246356473132,-20.03524682736598
2021-05-28,9.945405820977538,-7.127003479471641,-7.190246356473132,-20.034358421887603
2021-06-01,7.954072907743814,-7.127003479471641,-7.190246356473132,-20.03347001640923
2021-06-02,11.316737134169275,-7.127003479471641,-7.190246356473132,-20.032581610930855
2021-06-03,5.978488158170481,-7.127003479471641,-7.190246356473132,-20.031693205452477
2021-06-04,8.085455602979374,-7.127003479471641,-7.190246356473132,-20.030804799974103
2021-06-07,5.966953955988075,-7.127003479471641,-7.190246356473132,-20.02991639449573
2021-06-08,6.884397571133616,-7.127003479471641,-7.190246356473132,-20.02902798901735
2021-06-09,5.779760808259815,-7.127003479471641,-7.190246356473132,-20.028139583538977
2021-06-10,6.2985753293728575,-7.127003479471641,-7.190246356473132,-20.027251178060602
2021-06-11,6.139500619284166,-7.127003479471641,-7.190246356473132,-20.025888774016728
2021-06-14,10.54259394340098,-7.127003479471641,-7.190246356473132,-20.024526369972854
2021-06-15,9.434857921591888,-7.127003479471641,-7.190246356473132,-20.02316396592898
2021-06-16,7.0305468892778,-7.127003479471641,-7.190246356473132,-20.021801561885106
2021-06-17,8.864508861036002,-7.127003479471641,-7.190246356473132,-20.02043915784123
2021-06-18,9.863087263033087,-7.127003479471641,-7.190246356473132,-20.019076753797357
2021-06-21,10.736838795172755,-7.127003479471641,-7.190246356473132,-20.017714349753483
2021-06-22,10.117312671153499,-7.127003479471641,-7.190246356473132,-20.01635194570961
2021-06-23,10.202552271953213,-7.127003479471641,-7.190246356473132,-20.014989541665734
2021-06-24,11.444827517807976,-7.127003479471641,-7.190246356473132,-20.01362713762186
2021-06-25,9.630202648472096,-7.127003479471641,-7.190246356473132,-20.012264733577986
2021-06-28,9.103664153580038,-7.127003479471641,-7.190246356473132,-20.01090232953411
2021-06-29,7.3551603329097714,-7.0091039402471,-7.190246356473132,-20.009539925490238
2021-06-30,7.260321069462039,-7.0091039402471,-7.190246356473132,-20.008177521446363
2021-07-01,7.04384033258445,-7.0091039402471,-7.190246356473132,-20.00681511740249
2021-07-02,7.154557705329578,-7.0091039402471,-7.190246356473132,-20.005452713358615
2021-07-06,6.969614653088274,-7.0091039402471,-7.190246356473132,-20.00409030931474
2021-07-07,7.335409697315032,-7.0091039402471,-7.190246356473132,-20.002727905270866
2021-07-08,5.456134862587025,-7.0091039402471,-7.190246356473132,-20.001365501226992
2021-07-09,7.404295408618622,-7.0091039402471,-7.190246356473132,-20.000003097183118
2021-07-12,6.214059813990325,-7.0091039402471,-7.190246356473132,-20.000002942323963
2021-07-13,6.08982889726537,-7.0091039402471,-7.190246356473132,-20.00000278746481
2021-07-14,7.261736362457549,-7.0091039402471,-7.190246356473132,-20.00000263260565
2021-07-15,7.29039426896998,-7.0091039402471,-7.190246356473132,-20.000002477746495
2021-07-16,5.5180703886098526,-7.0091039402471,-7.190246356473132,-20.00000232288734
2021-07-19,5.930455414704094,-7.0091039402471,-7.190246356473132,-20.000002168028185
2021-07-20,5.828657762991418,-7.0091039402471,-7.190246356473132,-20.00000201316903
2021-07-21,5.955806471430503,-7.0091039402471,-7.190246356473132,-20.000001858309872
2021-07-22,7.120271459286087,-7.0091039402471,-7.190246356473132,-20.000001703450717
2021-07-23,8.738789527970091,-7.0091039402471,-7.190246356473132,-20.000001548591563
2021-07-26,8.434191848961724,-7.0091039402471,-7.190246356473132,-20.000001393732408
2021-07-27,7.947022454212527,-7.0091039402471,-7.190246356473132,-20.000001238873253
2021-07-28,8.941888780061724,-7.0091039402471,-7.190246356473132,-20.000001084014094
2021-07-29,11.135426204996147,-7.0091039402471,-7.190246356473132,-20.00000092915494
2021-07-30,10.92918824167981,-7.0091039402471,-7.190246356473132,-20.000000774295785
2021-08-02,10.108391701155295,-7.0091039402471,-7.190246356473132,-20.00000061943663
2021-08-03,9.88416096375484,-7.0091039402471,-7.190246356473132,-20.000000464577475
2021-08-04,12.893995004025594,-7.0091039402471,-7.190246356473132,-20.000000309718317
2021-08-05,13.767235931433742,-7.0091039402471,-7.190246356473132,-20.000000154859162
2021-08-06,16.278292813013138,-7.0091039402471,-7.190246356473132,-20.000000000000007
2021-08-09,15.599395794028425,-7.0091039402471,-7.190246356473132,-19.99669704547508
2021-08-10,12.522717067138146,-7.0091039402471,-7.148264292818842,-19.993394090950154
2021-08-11,13.015066547632959,-7.0091039402471,-7.145626519288776,-19.990091136425225
2021-08-12,14.193317995223897,-7.0091039402471,-7.145206244415911,-19.9867881819003
2021-08-13,14.462695861121478,-7.0091039402471,-7.14187488751394,-19.983485227375375
2021-08-16,12.339327189044024,-7.0091039402471,-7.127003479471641,-19.98018227285045
2021-08-17,11.969553460368942,-7.0091039402471,-7.080346602194186,-19.976879318325523
2021-08-18,9.057640198016514,-7.0091039402471,-7.00591549210158,-19.973576363800593
2021-08-19,9.433158016506393,-7.0091039402471,-7.00591549210158,-19.97027340927567
2021-08-20,10.182847410265673,-7.0091039402471,-7.00591549210158,-19.966970454750744
2021-08-23,12.250747626554048,-7.0091039402471,-7.00591549210158,-19.963667500225817
2021-08-24,12.239571400503358,-7.0091039402471,-6.997039616909119,-19.96036454570089
2021-08-25,12.743246408880825,-7.0091039402471,-6.926413680582872,-19.95706159117596
2021-08-26,11.808966755730133,-7.0091039402471,-6.841734830476587,-19.953758636651038
2021-08-27,14.082888267275063,-7.0091039402471,-6.779098738140897,-19.950455682126112
2021-08-30,13.43813786163983,-7.0091039402471,-6.7662074323462065,-19.947152727601186
2021-08-31,13.008923275831386,-7.0091039402471,-6.723164740396654,-19.94384977307626
2021-09-01,13.14251462004754,-7.0091039402471,-6.71421264275686,-19.94054681855133
2021-09-02,13.062150350691182,-7.0091039402471,-6.71421264275686,-19.937243864026406
2021-09-03,12.24031101616465,-7.0091039402471,-6.71421264275686,-19.93394090950148
2021-09-07,12.106000729745725,-7.0091039402471,-6.71421264275686,-19.933767848348932
2021-09-08,10.655416467192058,-7.0091039402471,-6.71421264275686,-19.933594787196384
2021-09-09,10.999669090972164,-7.0091039402471,-6.71421264275686,-19.93342172604384
2021-09-10,10.561022356752314,-7.0091039402471,-6.71421264275686,-19.93324866489129
2021-09-13,9.099394107177083,-7.0091039402471,-6.71421264275686,-19.933075603738743
2021-09-14,9.649659375049534,-7.0091039402471,-6.71421264275686,-19.932902542586195
2021-09-15,9.78336736976335,-7.0091039402471,-6.71421264275686,-19.932729481433647
2021-09-16,8.844258591536235,-7.0091039402471,-6.71421264275686,-19.932556420281102
2021-09-17,7.50273108373487,-7.0091039402471,-6.71421264275686,-19.932383359128554
2021-09-20,4.636884986528056,-7.0091039402471,-6.71421264275686,-19.932210297976006
2021-09-21,4.894555105837295,-7.0091039402471,-6.71421264275686,-19.932037236823458
2021-09-22,4.602187495065446,-7.0091039402471,-6.71421264275686,-19.93186417567091
2021-09-23,5.18669899609685,-7.0091039402471,-6.71421264275686,-19.931691114518365
2021-09-24,5.451748441814508,-7.0091039402471,-6.71421264275686,-19.931518053365817
2021-09-27,4.568706486316776,-7.0091039402471,-6.71421264275686,-19.93134499221327
2021-09-28,0.45655263850823413,-7.0091039402471,-6.71421264275686,-19.93117193106072
2021-09-29,-0.1397239229808056,-7.0091039402471,-6.71421264275686,-19.930998869908173
2021-09-30,-0.7161055414568906,-7.0091039402471,-6.71421264275686,-19.93082580875563
2021-10-01,0.5066629426282665,-7.0091039402471,-6.71421264275686,-19.93065274760308
2021-10-04,-2.213462784493825,-7.0091039402471,-6.71421264275686,-19.930479686450532
2021-10-05,-1.2790208181335805,-7.0091039402471,-6.685268329148224,-19.929776945339615
2021-10-06,-0.6464395802334377,-7.0091039402471,-6.675564624646432,-19.929074204228698
2021-10-07,0.08563178225708956,-7.0091039402471,-6.626309874434367,-19.92837146311778
2021-10-08,0.2909339421550028,-7.0091039402471,-6.615885277178807,-19.927668722006864
2021-10-11,0.3343772527559574,-7.0091039402471,-6.585970812346448,-19.92696598089595
2021-10-12,0.8104182899405288,-7.0091039402471,-6.585970812346448,-19.926263239785033
2021-10-13,0.45083156519485357,-7.0091039402471,-6.585970812346448,-19.925560498674116
2021-10-14,1.5170539282880702,-7.0091039402471,-6.585970812346448,-19.9248577575632
2021-10-15,1.4858244171865875,-7.0091039402471,-6.585970812346448,-19.924155016452282
2021-10-18,1.3231530232135746,-7.0091039402471,-6.585970812346448,-19.923452275341365
2021-10-19,2.0095719143334856,-7.0091039402471,-6.585970812346448,-19.922749534230448
2021-10-20,3.011421724269381,-7.0091039402471,-6.585970812346448,-19.92204679311953
2021-10-21,3.2438840345242914,-7.0091039402471,-6.585970812346448,-19.921344052008614
2021-10-22,2.194800344574044,-7.0091039402471,-6.585970812346448,-19.920641310897697
2021-10-25,3.7819432029543965,-7.0091039402471,-6.585970812346448,-19.91993856978678
2021-10-26,4.100159406580994,-7.0091039402471,-6.585970812346448,-19.919235828675866
2021-10-27,3.713146096601805,-7.0091039402471,-6.585970812346448,-19.91853308756495
2021-10-28,4.713608939954517,-7.0091039402471,-6.585970812346448,-19.917830346454032
2021-10-29,4.565444028456822,-7.0091039402471,-6.585970812346448,-19.917127605343115
2021-11-01,5.384759004809103,-7.0091039402471,-6.585970812346448,-19.916424864232198
2021-11-02,5.630247097287078,-7.0091039402471,-6.585970812346448,-19.912895013505462
2021-11-03,7.3015772587764705,-7.0091039402471,-6.585970812346448,-19.90936516277873
2021-11-04,8.863992136675613,-7.0091039402471,-6.585970812346448,-19.905835312051995
2021-11-05,8.576511496688322,-7.0091039402471,-6.585970812346448,-19.902305461325266
2021-11-08,8.050166365495738,-7.0091039402471,-6.585970812346448,-19.89877561059853
2021-11-09,7.259886066757115,-7.0091039402471,-6.585970812346448,-19.895245759871795
2021-11-10,6.622632205460399,-7.0091039402471,-6.585970812346448,-19.891715909145063
2021-11-11,7.957312857829324,-7.0091039402471,-6.585970812346448,-19.888186058418327
2021-11-12,8.568758015092337,-7.0091039402471,-6.585970812346448,-19.8846562076916
2021-11-15,7.431186419169378,-7.0091039402471,-6.585970812346448,-19.881126356964863
2021-11-16,6.601803485854796,-7.0091039402471,-6.585970812346448,-19.877596506238127
2021-11-17,6.33334862173347,-7.0091039402471,-6.585970812346448,-19.874066655511395
2021-11-18,7.311852829552956,-7.0091039402471,-6.585970812346448,-19.87053680478466
2021-11-19,8.599785939362503,-7.0091039402471,-6.585970812346448,-19.86700695405793
2021-11-22,6.305716523819038,-7.0091039402471,-6.585970812346448,-19.863477103331196
2021-11-23,4.646814843217872,-7.0091039402471,-6.585970812346448,-19.85994725260446
2021-11-24,5.069462653202805,-7.0091039402471,-6.585970812346448,-19.856417401877728
2021-11-26,2.906851108480346,-7.0091039402471,-6.585970812346448,-19.852887551150992
2021-11-29,5.189928521196929,-7.0091039402471,-6.585970812346448,-19.849357700424264
2021-11-30,3.3272620258348207,-7.0091039402471,-6.585970812346448,-19.845827849697528
2021-12-01,1.4258352335544622,-7.0091039402471,-6.585970812346448,-19.84495019523182
2021-12-02,2.513633187162645,-7.0091039402471,-6.585970812346448,-19.844072540766113
2021-12-03,1.0788035195040013,-7.0091039402471,-6.585970812346448,-19.84319488630041
2021-12-06,2.6679475061044844,-7.0091039402471,-6.585970812346448,-19.842317231834702
2021-12-07,5.832746349713469,-7.0091039402471,-6.585970812346448,-19.841439577368995
2021-12-08,6.609381119237745,-7.0091039402471,-6.585970812346448,-19.84056192290329
2021-12-09,4.26550873881284,-7.0091039402471,-6.585970812346448,-19.839684268437583
2021-12-10,5.326475560143273,-7.0091039402471,-6.585970812346448,-19.838806613971876
2021-12-13,5.048843536384329,-7.0091039402471,-6.585970812346448,-19.837928959506172
2021-12-14,6.152583879943174,-7.0091039402471,-6.585970812346448,-19.837051305040465
2021-12-15,8.439162750667762,-7.0091039402471,-6.585970812346448,-19.836173650574757
2021-12-16,4.672995284089998,-7.0091039402471,-6.585970812346448,-19.83529599610905
2021-12-17,3.198560867707889,-7.0091039402471,-6.585970812346448,-19.834418341643346
2021-12-20,2.102969531385601,-7.0091039402471,-6.585970812346448,-19.83354068717764
2021-12-21,5.22802046759927,-7.0091039402471,-6.585970812346448,-19.832663032711935
2021-12-22,9.611281805461157,-7.0091039402471,-6.585970812346448,-19.831785378246227
2021-12-23,10.619001238826531,-7.0091039402471,-6.585970812346448,-19.83090772378052
2021-12-27,12.861888017456113,-7.0091039402471,-6.585970812346448,-19.830030069314812
2021-12-28,11.646392180388144,-7.0091039402471,-6.585970812346448,-19.82915241484911
2021-12-29,14.022998640003802,-7.0091039402471,-6.585970812346448,-19.8282747603834
2021-12-30,12.168100447164898,-7.0091039402471,-6.585970812346448,-19.82742088327793
2021-12-31,10.757951337187377,-7.0091039402471,-6.585970812346448,-19.82656700617246
2022-01-03,10.807522231193367,-7.0091039402471,-6.585970812346448,-19.825713129066994
2022-01-04,9.918415566210603,-7.0091039402471,-6.585970812346448,-19.824859251961524
2022-01-05,7.365059285535014,-7.0091039402471,-6.585970812346448,-19.824005374856053
2022-01-06,7.665136399433337,-7.0091039402471,-6.585970812346448,-19.823151497750583
2022-01-07,5.652754118324554,-7.0091039402471,-6.585970812346448,-19.822297620645116
2022-01-10,3.810444371144772,-7.0091039402471,-6.585970812346448,-19.821443743539646
2022-01-11,4.710148333042996,-7.0091039402471,-6.585970812346448,-19.820589866434176
2022-01-12,4.078787678623419,-7.0091039402471,-6.585970812346448,-19.819735989328706
2022-01-13,0.7129982292671144,-7.0091039402471,-6.585970812346448,-19.81888211222324
2022-01-14,1.4721109360386508,-7.0091039402471,-6.585970812346448,-19.81802823511777
2022-01-18,-1.65453908908616,-7.0091039402471,-6.585970812346448,-19.8171743580123
2022-01-19,-1.9105379647900933,-7.0091039402471,-6.585970812346448,-19.816320480906832
2022-01-20,-4.16570755744885,-7.0091039402471,-6.585970812346448,-19.81546660380136
2022-01-21,-7.115529689646893,-7.1168382377833,-6.615885277178807,-19.81461272669589
2022-01-24,-6.906404958725066,-7.1168382377833,-6.626309874434367,-19.81375884959042
2022-01-25,-10.063220432859099,-7.144112730478379,-6.675564624646432,-19.81290497248495
2022-01-26,-10.643486527448676,-7.190246356473132,-6.685268329148224,-19.812051095379484
2022-01-27,-11.844733026550692,-7.196677137951274,-6.71421264275686,-19.811197218274014
2022-01-28,-9.457977749810198,-7.216441439140477,-6.723681528765288,-19.81071725205662
2022-01-31,-7.544065537195976,-7.36593645538876,-6.779098738140897,-19.81023728583922
2022-02-01,-8.093159016388684,-7.546288174305171,-6.840919547741201,-19.809757319621827
2022-02-02,-7.434709117803207,-7.546288174305171,-6.910923308610544,-19.809277353404433
2022-02-03,-11.067179377760771,-7.599161472581757,-6.997039616909119,-19.808797387187035
2022-02-04,-9.321119270074728,-7.805877662784213,-7.00591549210158,-19.80831742096964
2022-02-07,-8.708883052950856,-7.901385855029175,-7.0798115894737474,-19.807837454752246
2022-02-08,-7.93845764499731,-7.946192713566878,-7.116064702367332,-19.80735748853485
2022-02-09,-6.9665582607464245,-7.946192713566878,-7.116064702367332,-19.806877522317453
2022-02-10,-9.051393564705101,-8.095562908624622,-7.127003479471641,-19.80639755610006
2022-02-11,-12.559103449589637,-8.142958052812816,-7.14187488751394,-19.805917589882664
2022-02-14,-12.49700329353277,-8.178775898181462,-7.145206244415911,-19.805437623665266
2022-02-15,-11.240988600145485,-8.23811862859481,-7.145626519288776,-19.804957657447872
2022-02-16,-11.755433425410743,-8.25593176578492,-7.148264292818842,-19.804477691230478
2022-02-17,-13.37451251320716,-8.543946195834556,-7.190246356473132,-19.803997725013083
2022-02-18,-13.970396649680994,-8.644019411428399,-7.196677137951274,-19.803517758795685
2022-02-22,-15.107828907953802,-8.699958320902041,-7.210424581455049,-19.80303779257829
2022-02-23,-15.683824901794441,-8.714428283373929,-7.237153362475485,-19.802557826360896
2022-02-24,-14.701608834136714,-8.830322824544101,-7.255984568363328,-19.8020778601435
2022-02-25,-12.087770041524736,-9.031536056081103,-7.278333085412935,-19.801597893926104
2022-02-28,-10.299834140529974,-9.052072953930823,-7.279466767686733,-19.801066037342302
2022-03-01,-12.30529396908019,-9.07144689102623,-7.295517089790743,-19.8005341807585
2022-03-02,-9.255910941437229,-9.197373123157425,-7.3594159814595335,-19.8000023241747
2022-03-03,-11.263222853779531,-9.259171357869104,-7.414708711571017,-19.799470467590897
2022-03-04,-15.105689278544132,-9.323970404584033,-7.435711941685314,-19.798938611007095
2022-03-07,-18.60088842439518,-9.382133749738301,-7.4580942420381975,-19.798406754423297
2022-03-08,-17.769272840385618,-9.462100033474972,-7.522474877796869,-19.797874897839495
2022-03-09,-15.72522303331042,-9.556651626238109,-7.546288174305171,-19.797343041255694
2022-03-10,-15.439443064447268,-9.866444870545578,-7.590572423477374,-19.796811184671892
2022-03-11,-16.327052319832326,-9.902589444140725,-7.632037504243768,-19.79627932808809
2022-03-14,-19.763156470492138,-10.064456845304212,-7.682398868040268,-19.79574747150429
2022-03-15,-15.062239470751916,-10.098542954699802,-7.761826846082634,-19.795215614920487
2022-03-16,-11.470490155258773,-10.317016759875909,-7.80536432618699,-19.794683758336685
2022-03-17,-9.522183342752522,-10.317016759875909,-7.881174889843279,-19.794151901752883
2022-03-18,-9.691426748754584,-10.317016759875909,-7.88437186517195,-19.793620045169085
2022-03-21,-11.025770856414784,-10.65698725809382,-7.893650786459607,-19.793088188585283
2022-03-22,-9.956034308915807,-10.65698725809382,-7.94022681558819,-19.79255633200148
2022-03-23,-12.693033983188096,-10.913681775957464,-7.97474649122278,-19.79202447541768
2022-03-24,-10.336926090369424,-10.913681775957464,-7.997010208543091,-19.79149261883388
2022-03-25,-10.398329164713893,-10.913681775957464,-8.093411591765635,-19.790960762250076
2022-03-28,-8.73925737189898,-10.913681775957464,-8.100361840786704,-19.78957054766218
2022-03-29,-6.585354485686512,-10.913681775957464,-8.100361840786704,-19.788180333074283
2022-03-30,-8.49803559236404,-10.913681775957464,-8.142958052812816,-19.786790118486383
2022-03-31,-8.444660548232497,-10.913681775957464,-8.178775898181462,-19.78539990389849
2022-04-01,-5.722608046744049,-10.913681775957464,-8.178775898181462,-19.784009689310594
2022-04-04,-3.713914450432476,-10.913681775957464,-8.178775898181462,-19.782619474722694
2022-04-05,-4.820807205852562,-10.913681775957464,-8.178775898181462,-19.781229260134797
2022-04-06,-6.9485239209649885,-10.913681775957464,-8.178775898181462,-19.7798390455469
2022-04-07,-8.10767117868374,-10.913681775957464,-8.178775898181462,-19.778448830959004
2022-04-08,-9.75013928988403,-10.913681775957464,-8.23811862859481,-19.777058616371107
2022-04-11,-9.6243662613817,-10.913681775957464,-8.245159073284576,-19.77566840178321
2022-04-12,-10.562662741415242,-10.913681775957464,-8.329443066712235,-19.774278187195314
2022-04-13,-6.414952527741324,-10.913681775957464,-8.329443066712235,-19.772887972607414
2022-04-14,-7.539418296780354,-10.913681775957464,-8.329443066712235,-19.77149775801952
2022-04-18,-6.250724056272439,-10.913681775957464,-8.329443066712235,-19.77010754343162
2022-04-19,-1.4219137109514723,-10.913681775957464,-8.329443066712235,-19.768717328843724
2022-04-20,-3.3022906940089913,-10.913681775957464,-8.329443066712235,-19.767327114255828
2022-04-21,-3.055762099154369,-10.913681775957464,-8.329443066712235,-19.76593689966793
2022-04-22,-5.446385125665076,-10.913681775957464,-8.329443066712235,-19.764546685080035
2022-04-25,-3.2575296172509427,-10.913681775957464,-8.329443066712235,-19.763156470492138
2022-04-26,-9.74042369707332,-10.913681775957464,-8.447329300439074,-19.760710500352346
2022-04-27,-12.642139347671932,-10.919718899743858,-8.500075454683058,-19.75826453021255
2022-04-28,-10.150837404713375,-10.919718899743858,-8.543431264634648,-19.755818560072758
2022-04-29,-14.885519399944346,-10.972042600872237,-8.631239458861103,-19.75337258993297
2022-05-02,-9.807708392253044,-10.972042600872237,-8.639640231669253,-19.750926619793173
2022-05-03,-10.836221027621862,-10.972042600872237,-8.644019411428399,-19.74848064965338
2022-05-04,-7.073856843230297,-10.972042600872237,-8.644019411428399,-19.74603467951359
2022-05-05,-12.734452109872418,-11.026026967637053,-8.699958320902041,-19.743588709373793
2022-05-06,-15.569118122707348,-11.0327073957052,-8.710401768898262,-19.741142739234004
2022-05-09,-16.994006701159492,-11.075869838880006,-8.743283886374645,-19.73869676909421
2022-05-10,-13.233196252559832,-11.242100312827187,-8.821855278849807,-19.736250798954416
2022-05-11,-15.910730247725569,-11.272698146457403,-8.864777889803907,-19.733804828814623
2022-05-12,-18.144797291844284,-11.453616779733068,-8.93747134351441,-19.73135885867483
2022-05-13,-15.089788999996456,-11.470513421155669,-9.006628338939283,-19.72891288853504
2022-05-16,-13.501238114748936,-11.481176971009694,-9.031536056081103,-19.726466918395246
2022-05-17,-10.237015391781313,-11.481176971009694,-9.052072953930823,-19.72402094825545
2022-05-18,-13.777520894572504,-11.678272169542392,-9.065777148410778,-19.721574978115658
2022-05-19,-11.985012478149448,-11.734235890887618,-9.082959736508737,-19.719129007975866
2022-05-20,-15.111197871042393,-11.759898405467741,-9.12575274148681,-19.716683037836074
2022-05-23,-15.017539870796682,-11.85174699913063,-9.19661869222177,-19.71423706769628
2022-05-24,-17.071483112566867,-11.990150356318212,-9.241366555756635,-19.705797941584194
2022-05-25,-14.60332718423415,-12.097276282789075,-9.25191718127699,-19.697358815472107
2022-05-26,-13.685539457139006,-12.279264821924945,-9.258788544505064,-19.68891968936002
2022-05-27,-9.576581047269118,-12.279264821924945,-9.313845816157993,-19.680480563247944
2022-05-31,-8.490308387884383,-12.279264821924945,-9.313845816157993,-19.672041437135853
2022-06-01,-5.688799137984324,-12.279264821924945,-9.313845816157993,-19.663602311023766
2022-06-02,-2.653551545277033,-12.279264821924945,-9.313845816157993,-19.65516318491168
2022-06-03,-8.480962891986621,-12.279264821924945,-9.313845816157993,-19.64672405879959
2022-06-06,-7.144964173285739,-12.279264821924945,-9.313845816157993,-19.638284932687515
2022-06-07,-4.360619002067912,-12.279264821924945,-9.313845816157993,-19.629845806575428
2022-06-08,-3.1896822114739654,-12.279264821924945,-9.313845816157993,-19.62140668046334
2022-06-09,-8.648127185827303,-12.279264821924945,-9.313845816157993,-19.612967554351254
2022-06-10,-15.021723708189494,-12.313056184127714,-9.323970404584033,-19.604528428239167
2022-06-13,-19.94209961561324,-12.461964294485895,-9.382133749738301,-19.72891288853504
2022-06-14,-21.405427872168936,-12.48945598585459,-9.460781688654151,-19.77010754343162
2022-06-15,-19.21846473945995,-12.500108301335613,-9.514462867492446,-19.768717328843724
2022-06-16,-23.971867675655012,-12.563255244493751,-9.523095346770178,-19.79255633200148
2022-06-17,-21.925358006690267,-12.643008139604495,-9.542231304313843,-19.802557826360896
2022-06-21,-21.69971045423722,-12.661191126166445,-9.578970307974746,-19.812051095379484
2022-06-22,-21.748646169909016,-12.695104889522312,-9.627719285750345,-19.8282747603834
2022-06-23,-21.79329925429728,-12.742352724609688,-9.692710150631408,-19.84495019523182
2022-06-24,-20.482138269959506,-12.896565881408371,-9.718261231830171,-19.90936516277873
2022-06-27,-20.183515509057358,-12.987429056035392,-9.740909476713854,-19.92837146311778
2022-06-28,-21.644062952478006,-13.240262065592198,-9.75301774500248,-19.93324866489129
2022-06-29,-21.422666088822172,-13.380848793284247,-9.80830369661047,-19.9400599390853
2022-06-30,-23.962765189505763,-13.501406012941136,-9.821883129719208,-19.982629884683977
2022-07-01,-21.722800111828832,-13.505000530784594,-9.865854078843489,-20.00000201316903
2022-07-05,-18.615748175820702,-13.51762663381021,-9.882910139236897,-20.000001858309872
2022-07-06,-18.288207534024448,-13.615216555455547,-9.897230137943561,-20.000001703450717
2022-07-07,-15.356414875188696,-13.690138529010682,-9.961393615112971,-20.000001548591563
2022-07-08,-13.196706149527715,-13.690138529010682,-10.064456845304212,-20.000001393732408
2022-07-11,-14.690846232101107,-13.784161027987489,-10.091093117908972,-20.000001238873253
2022-07-12,-17.20032922504169,-13.913327217212634,-10.155146304066772,-20.000001084014094
2022-07-13,-15.43729325186437,-13.983459736342994,-10.240147921206747,-20.00000092915494
2022-07-14,-15.200480627979507,-14.243866106110708,-10.299674388301995,-20.000000774295785
2022-07-15,-15.549813094959031,-14.481493326951028,-10.301081551244016,-20.00000061943663
2022-07-18,-15.025174985495415,-14.590117688064133,-10.325389541588743,-20.000000464577475
2022-07-19,-10.561340947445863,-14.590117688064133,-10.339996244086647,-20.000000309718317
2022-07-20,-6.700012662434585,-14.590117688064133,-10.339996244086647,-20.000000154859162
2022-07-21,-6.560978327856537,-14.590117688064133,-10.339996244086647,-20.000000000000007
2022-07-22,-4.5985430224821595,-14.590117688064133,-10.339996244086647,-19.99710498078067
2022-07-25,-5.028109834398375,-14.590117688064133,-10.339996244086647,-19.994209961561328
2022-07-26,-10.087526623628628,-14.590117688064133,-10.339996244086647,-19.99131494234199
2022-07-27,-1.872230153870058,-14.590117688064133,-10.339996244086647,-19.988419923122656
2022-07-28,-2.539923050377102,-14.590117688064133,-10.339996244086647,-19.985524903903315
2022-07-29,-0.8683759962214599,-14.590117688064133,-10.339996244086647,-19.982629884683977
2022-08-01,-4.168359714422609,-14.590117688064133,-10.339996244086647,-19.97973486546464
2022-08-02,0.6132036319170808,-14.590117688064133,-10.339996244086647,-19.976839846245298
2022-08-03,4.606436454690455,-14.590117688064133,-10.339996244086647,-19.973944827025964
2022-08-04,9.375137720622417,-14.590117688064133,-10.339996244086647,-19.971049807806622
2022-08-05,7.179559181662087,-14.590117688064133,-10.339996244086647,-19.968154788587285
2022-08-08,10.09844374482951,-14.590117688064133,-10.339996244086647,-19.965259769367947
2022-08-09,9.110249023910534,-14.590117688064133,-10.339996244086647,-19.962364750148605
2022-08-10,8.147671660541755,-14.590117688064133,-10.339996244086647,-19.95946973092927
2022-08-11,8.794935362369817,-14.590117688064133,-10.339996244086647,-19.956574711709933
2022-08-12,8.11296079061008,-14.590117688064133,-10.339996244086647,-19.953679692490592
2022-08-15,14.61305168358431,-14.590117688064133,-10.339996244086647,-19.950784673271254
2022-08-16,14.96063598643369,-14.590117688064133,-10.339996244086647,-19.947889654051917
2022-08-17,14.003702413952034,-14.590117688064133,-10.339996244086647,-19.94499463483258
2022-08-18,12.408803724228257,-14.590117688064133,-10.339996244086647,-19.94209961561324
2022-08-19,12.611520030013423,-14.590117688064133,-10.339996244086647,-19.941691680307652
2022-08-22,8.133410640781303,-14.590117688064133,-10.339996244086647,-19.941283745002064
2022-08-23,5.131102737089921,-14.590117688064133,-10.339996244086647,-19.940875809696475
2022-08-24,2.1030796869776047,-14.590117688064133,-10.339996244086647,-19.94046787439089
2022-08-25,4.184847163084338,-14.590117688064133,-10.339996244086647,-19.9400599390853
2022-08-26,0.6589624604549371,-14.590117688064133,-10.339996244086647,-19.939652003779713
2022-08-29,-2.9897765015645117,-14.590117688064133,-10.339996244086647,-19.939244068474125
2022-08-30,-1.5073929707722367,-14.590117688064133,-10.339996244086647,-19.938836133168536
2022-08-31,-2.405086758457309,-14.590117688064133,-10.339996244086647,-19.938428197862947
2022-09-01,-3.197680637330569,-14.590117688064133,-10.339996244086647,-19.93802026255736
2022-09-02,-3.87354801224723,-14.590117688064133,-10.339996244086647,-19.937612327251774
2022-09-06,-1.9373959696218468,-14.590117688064133,-10.339996244086647,-19.937204391946185
2022-09-07,3.701200389917325,-14.590117688064133,-10.339996244086647,-19.936796456640597
2022-09-08,9.321895823484173,-14.590117688064133,-10.339996244086647,-19.936388521335008
2022-09-09,11.509462763775469,-14.590117688064133,-10.339996244086647,-19.93598058602942
2022-09-12,10.085789796345534,-14.590117688064133,-10.339996244086647,-19.93557265072383
2022-09-13,8.423544622651091,-14.590117688064133,-10.339996244086647,-19.935164715418242
2022-09-14,7.97081294835047,-14.590117688064133,-10.339996244086647,-19.934756780112657
2022-09-15,3.5648285221024034,-14.590117688064133,-10.339996244086647,-19.93434884480707
2022-09-16,3.0819088191305077,-14.590117688064133,-10.339996244086647,-19.93394090950148
2022-09-19,2.3587788469315196,-14.590117688064133,-10.339996244086647,-19.933767848348932
2022-09-20,-1.8210894443302372,-14.590117688064133,-10.339996244086647,-19.933594787196384
2022-09-21,-2.866941508070109,-14.590117688064133,-10.339996244086647,-19.93342172604384
2022-09-22,-1.0476760314566347,-14.590117688064133,-10.339996244086647,-19.93324866489129
2022-09-23,-2.7479525135822858,-14.590117688064133,-10.339996244086647,-19.933075603738743
2022-09-26,-1.9340471775631363,-14.590117688064133,-10.339996244086647,-19.932902542586195
2022-09-27,-2.53802904191075,-14.590117688064133,-10.339996244086647,-19.932729481433647
2022-09-28,-2.272372637584452,-14.590117688064133,-10.339996244086647,-19.932556420281102
2022-09-29,-5.694319636959455,-14.590117688064133,-10.339996244086647,-19.932383359128554
2022-09-30,-9.235684611571083,-14.590117688064133,-10.339996244086647,-19.932210297976006
2022-10-03,-7.222701373769802,-14.590117688064133,-10.339996244086647,-19.932037236823458
2022-10-04,-2.2166169304804195,-14.590117688064133,-10.339996244086647,-19.93186417567091
2022-10-05,-1.3125883693161922,-14.590117688064133,-10.339996244086647,-19.931691114518365
2022-10-06,-1.887315428583991,-14.590117688064133,-10.339996244086647,-19.931518053365817
2022-10-07,-5.961610111120774,-14.590117688064133,-10.339996244086647,-19.93134499221327
2022-10-10,-8.560293919940044,-14.590117688064133,-10.339996244086647,-19.93117193106072
2022-10-11,-9.046806825847387,-14.590117688064133,-10.339996244086647,-19.930998869908173
2022-10-12,-11.790684061971746,-14.590117688064133,-10.40647975385049,-19.93082580875563
2022-10-13,-11.131119712996817,-14.590117688064133,-10.561407037144333,-19.93065274760308
2022-10-14,-15.022142841875652,-14.604199483546196,-10.565022328300433,-19.930479686450532
2022-10-17,-10.649253469636877,-14.604199483546196,-10.611536081535554,-19.929776945339615
2022-10-18,-9.426807947148541,-14.604199483546196,-10.611536081535554,-19.929074204228698
2022-10-19,-7.948387347443986,-14.604199483546196,-10.611536081535554,-19.92837146311778
2022-10-20,-12.131330755211089,-14.604199483546196,-10.643774874558087,-19.927668722006864
2022-10-21,-10.941821035511456,-14.604199483546196,-10.649613707042043,-19.92696598089595
2022-10-24,-11.574668261876486,-14.604199483546196,-10.65944757614013,-19.926263239785033
2022-10-25,-9.691120530596942,-14.604199483546196,-10.65944757614013,-19.925560498674116
2022-10-26,-11.422514869823253,-14.604199483546196,-10.722244167832645,-19.9248577575632
2022-10-27,-15.340653419398642,-14.624276823556366,-10.840050311028547,-19.924155016452282
2022-10-28,-13.15614127601743,-14.624276823556366,-10.91284141798535,-19.923452275341365
2022-10-31,-13.459004709933176,-14.624276823556366,-10.913681775957464,-19.922749534230448
2022-11-01,-14.065489538595678,-14.624276823556366,-10.918349211621985,-19.92204679311953
2022-11-02,-16.06100536108357,-14.691384362202887,-10.942141748101763,-19.921344052008614
2022-11-03,-19.935415105590803,-14.707991618698673,-10.948879879872523,-19.931518053365817
2022-11-04,-18.183170600691312,-14.832077269104309,-10.961531521392546,-19.93134499221327
2022-11-07,-18.863418801068555,-14.892120423486963,-10.972042600872237,-19.93117193106072
2022-11-08,-18.927324219588947,-15.017749062666322,-11.026026967637053,-19.930998869908173
2022-11-09,-20.61226669544941,-15.021744664873802,-11.0327073957052,-19.934088329110413
2022-11-10,-13.77082775967895,-15.021744664873802,-11.068847699774516,-19.934014619305945
2022-11-11,-12.392649888658603,-15.021744664873802,-11.102074512783725,-19.93394090950148
2022-11-14,-11.432505824257955,-15.021744664873802,-11.133125928624706,-19.933767848348932
2022-11-15,-7.778957852399504,-15.021744664873802,-11.133125928624706,-19.933594787196384
2022-11-16,-8.962434522268492,-15.021744664873802,-11.133125928624706,-19.93342172604384
2022-11-17,-9.425776461026548,-15.021744664873802,-11.133125928624706,-19.93324866489129
2022-11-18,-10.996347251400351,-15.021744664873802,-11.133125928624706,-19.933075603738743
2022-11-21,-8.14706012475035,-15.021744664873802,-11.133125928624706,-19.932902542586195
2022-11-22,-5.89668063127805,-15.021744664873802,-11.133125928624706,-19.932729481433647
2022-11-23,-3.8817881252075193,-15.021744664873802,-11.133125928624706,-19.932556420281102
2022-11-25,-3.95573916062979,-15.021744664873802,-11.133125928624706,-19.932383359128554
2022-11-28,-5.406103755225966,-15.021744664873802,-11.133125928624706,-19.932210297976006
2022-11-29,-4.776804333466189,-15.021744664873802,-11.133125928624706,-19.932037236823458
2022-11-30,0.28429168341892463,-15.021744664873802,-11.133125928624706,-19.93186417567091
2022-12-01,-1.5808404909727791,-15.021744664873802,-11.133125928624706,-19.931691114518365
2022-12-02,-2.478479533721667,-15.021744664873802,-11.133125928624706,-19.931518053365817
2022-12-05,-6.166616488791576,-15.021744664873802,-11.133125928624706,-19.93134499221327
2022-12-06,-9.190225597116818,-15.021744664873802,-11.133125928624706,-19.93117193106072
2022-12-07,-4.313848189760094,-15.021744664873802,-11.133125928624706,-19.930998869908173
2022-12-08,-3.943462393304964,-15.021744664873802,-11.133125928624706,-19.93082580875563
2022-12-09,-2.939561650189515,-15.021744664873802,-11.133125928624706,-19.93065274760308
2022-12-12,-1.1166786844964527,-15.021744664873802,-11.133125928624706,-19.930479686450532
2022-12-13,-0.8245985216091101,-15.021744664873802,-11.133125928624706,-19.929776945339615
2022-12-14,-0.7688848184223551,-15.021744664873802,-11.133125928624706,-19.929074204228698
2022-12-15,-2.352229851736365,-15.021744664873802,-11.133125928624706,-19.92837146311778
2022-12-16,-2.0780544763871256,-15.021744664873802,-11.133125928624706,-19.927668722006864
2022-12-19,-1.852930777349171,-15.021744664873802,-11.133125928624706,-19.92696598089595
2022-12-20,-1.5218487963026162,-15.021744664873802,-11.133125928624706,-19.926263239785033
2022-12-21,-0.13334832786905393,-15.021744664873802,-11.133125928624706,-19.925560498674116
2022-12-22,-4.476763872164202,-15.021744664873802,-11.133125928624706,-19.9248577575632
2022-12-23,-1.4200953422434104,-15.021744664873802,-11.133125928624706,-19.924155016452282
2022-12-27,-1.1374709832805197,-15.021744664873802,-11.133125928624706,-19.923452275341365
2022-12-28,-4.678983877252585,-15.021744664873802,-11.133125928624706,-19.922749534230448
2022-12-29,-5.331953153456914,-15.021744664873802,-11.133125928624706,-19.92204679311953
2022-12-30,-5.338476979959417,-15.021744664873802,-11.133125928624706,-19.921344052008614
2023-01-03,-5.232268630210535,-15.021744664873802,-11.133125928624706,-19.920641310897697
2023-01-04,-1.0088267595552924,-15.021744664873802,-11.133125928624706,-19.91993856978678
2023-01-05,-1.5745862573810054,-15.021744664873802,-11.133125928624706,-19.919235828675866
2023-01-06,2.5509727869854837,-15.021744664873802,-11.133125928624706,-19.91853308756495
2023-01-09,3.250180096772226,-15.021744664873802,-11.133125928624706,-19.917830346454032
2023-01-10,1.7381362490819896,-15.021744664873802,-11.133125928624706,-19.917127605343115
2023-01-11,6.705506613033596,-15.021744664873802,-11.133125928624706,-19.916424864232198
2023-01-12,3.8528173176329616,-15.021744664873802,-11.133125928624706,-19.912895013505462
2023-01-13,3.746955186609524,-15.021744664873802,-11.133125928624706,-19.90936516277873
2023-01-17,4.337922632687419,-15.021744664873802,-11.133125928624706,-19.905835312051995
2023-01-18,3.5096284470090167,-15.021744664873802,-11.133125928624706,-19.902305461325266
2023-01-19,0.14454018422496162,-15.021744664873802,-11.133125928624706,-19.89877561059853
2023-01-20,1.7656227431493088,-15.021744664873802,-11.133125928624706,-19.895245759871795
2023-01-23,1.9181750713276102,-15.021744664873802,-11.133125928624706,-19.891715909145063
2023-01-24,4.008280979882883,-15.021744664873802,-11.133125928624706,-19.888186058418327
2023-01-25,5.701863432030385,-15.021744664873802,-11.133125928624706,-19.8846562076916
2023-01-26,4.563073637297133,-15.021744664873802,-11.133125928624706,-19.881126356964863
2023-01-27,6.846327629269178,-15.021744664873802,-11.133125928624706,-19.877596506238127
2023-01-30,5.766722625668996,-15.021744664873802,-11.133125928624706,-19.874066655511395
2023-01-31,11.162071642697647,-15.021744664873802,-11.133125928624706,-19.87053680478466
2023-02-01,15.801263372864248,-15.021744664873802,-11.133125928624706,-19.86700695405793
2023-02-02,18.058380060141044,-15.021744664873802,-11.133125928624706,-19.863477103331196
2023-02-03,14.699149910609922,-15.021744664873802,-11.133125928624706,-19.85994725260446
2023-02-06,12.906120092522432,-15.021744664873802,-11.133125928624706,-19.856417401877728
2023-02-07,17.96765869912138,-15.021744664873802,-11.133125928624706,-19.852887551150992
2023-02-08,7.9077129964141735,-15.021744664873802,-11.133125928624706,-19.849357700424264
2023-02-09,5.018937781330601,-15.021744664873802,-11.133125928624706,-19.845827849697528
2023-02-10,5.25074743743843,-15.021744664873802,-11.133125928624706,-19.84495019523182
2023-02-13,5.476817997848826,-15.021744664873802,-11.133125928624706,-19.844072540766113
2023-02-14,7.726611482856627,-15.021744664873802,-11.133125928624706,-19.84319488630041
2023-02-15,8.792021849848908,-15.021744664873802,-11.133125928624706,-19.842317231834702
2023-02-16,6.746873530844555,-15.021744664873802,-11.133125928624706,-19.841439577368995
2023-02-17,7.09541201742927,-15.021744664873802,-11.133125928624706,-19.84056192290329
2023-02-21,3.075342634841527,-15.021744664873802,-11.133125928624706,-19.839684268437583
2023-02-22,2.1274436634340477,-15.021744664873802,-11.133125928624706,-19.838806613971876
2023-02-23,3.7016325434881203,-15.021744664873802,-11.133125928624706,-19.837928959506172
2023-02-24,3.483667932346668,-15.021744664873802,-11.133125928624706,-19.837051305040465
2023-02-27,5.019685743385804,-15.021744664873802,-11.133125928624706,-19.836173650574757
2023-02-28,0.31116276084974803,-15.021744664873802,-11.133125928624706,-19.83529599610905
2023-03-01,-0.6172220615371704,-15.021744664873802,-11.133125928624706,-19.834418341643346
2023-03-02,0.6060276309211021,-15.021744664873802,-11.133125928624706,-19.83354068717764
2023-03-03,4.4387611647253244,-15.021744664873802,-11.133125928624706,-19.832663032711935
2023-03-06,6.769560366776872,-15.021744664873802,-11.133125928624706,-19.831785378246227
2023-03-07,5.892262066284548,-15.021744664873802,-11.133125928624706,-19.83090772378052
2023-03-08,5.176381811990205,-15.021744664873802,-11.133125928624706,-19.830030069314812
2023-03-09,4.017382021887261,-15.021744664873802,-11.133125928624706,-19.82915241484911
2023-03-10,1.285331969773451,-15.021744664873802,-11.133125928624706,-19.8282747603834
2023-03-13,0.9512747539929478,-15.021744664873802,-11.133125928624706,-19.82742088327793
2023-03-14,4.042459640960749,-15.021744664873802,-11.133125928624706,-19.82656700617246
2023-03-15,8.221976571691748,-15.021744664873802,-11.133125928624706,-19.825713129066994
2023-03-16,12.144023952535887,-15.021744664873802,-11.133125928624706,-19.824859251961524
2023-03-17,13.201106710495857,-15.021744664873802,-11.133125928624706,-19.824005374856053
2023-03-20,13.690729207508777,-15.021744664873802,-11.133125928624706,-19.823151497750583
2023-03-21,13.665651405974666,-15.021744664873802,-11.133125928624706,-19.822297620645116
2023-03-22,14.931854580593807,-15.021744664873802,-11.133125928624706,-19.821443743539646
2023-03-23,16.03375529441331,-15.021744664873802,-11.133125928624706,-19.820589866434176
2023-03-24,18.13097363044882,-15.021744664873802,-11.133125928624706,-19.819735989328706
2023-03-27,18.891313523109332,-15.021744664873802,-11.133125928624706,-19.81888211222324
2023-03-28,15.445791292372668,-15.021744664873802,-11.133125928624706,-19.81802823511777
2023-03-29,17.621456903273813,-15.021744664873802,-11.133125928624706,-19.8171743580123
2023-03-30,19.54286090216142,-15.021744664873802,-11.133125928624706,-19.816320480906832
2023-03-31,20.954723523962837,-15.021744664873802,-11.133125928624706,-19.81546660380136
2023-04-03,22.5796639298248,-15.021744664873802,-11.133125928624706,-19.81461272669589
2023-04-04,18.884758319578875,-15.021744664873802,-11.133125928624706,-19.81375884959042
2023-04-05,16.954000395549485,-15.021744664873802,-11.133125928624706,-19.81290497248495
2023-04-06,16.75425667236363,-15.021744664873802,-11.133125928624706,-19.812051095379484
2023-04-10,14.703789034380211,-15.021744664873802,-11.133125928624706,-19.811197218274014
2023-04-11,13.35502983945318,-15.021744664873802,-11.133125928624706,-19.81071725205662
2023-04-12,11.585903698892764,-15.021744664873802,-11.133125928624706,-19.81023728583922
2023-04-13,13.540657286775692,-15.021744664873802,-11.133125928624706,-19.809757319621827
2023-04-14,14.81986430359985,-15.021744664873802,-11.133125928624706,-19.809277353404433
2023-04-17,16.057371297476575,-15.021744664873802,-11.133125928624706,-19.808797387187035
2023-04-18,12.972929873083828,-15.021744664873802,-11.133125928624706,-19.80831742096964
2023-04-19,10.465688693159203,-15.021744664873802,-11.133125928624706,-19.807837454752246
2023-04-20,9.847733365097966,-15.021744664873802,-11.133125928624706,-19.80735748853485
2023-04-21,10.206925539445244,-15.021744664873802,-11.133125928624706,-19.806877522317453
2023-04-24,7.8739386618496,-15.021744664873802,-11.133125928624706,-19.80639755610006
2023-04-25,4.795848705773964,-15.021744664873802,-11.133125928624706,-19.805917589882664
2023-04-26,7.607092870674559,-15.021744664873802,-11.133125928624706,-19.805437623665266
2023-04-27,8.901023188594625,-15.021744664873802,-11.133125928624706,-19.804957657447872
2023-04-28,7.356631480210929,-15.021744664873802,-11.133125928624706,-19.804477691230478
2023-05-01,3.5182287686379876,-15.021744664873802,-11.133125928624706,-19.803997725013083
2023-05-02,4.4721076733092335,-15.021744664873802,-11.133125928624706,-19.803517758795685
2023-05-03,4.673894073084739,-15.021744664873802,-11.133125928624706,-19.80303779257829
2023-05-04,2.1872154811089617,-15.021744664873802,-11.133125928624706,-19.802557826360896
2023-05-05,6.248356027020963,-15.021744664873802,-11.133125928624706,-19.8020778601435
2023-05-08,7.4613318099610915,-15.021744664873802,-11.133125928624706,-19.801597893926104
2023-05-09,7.486211090104922,-15.021744664873802,-11.133125928624706,-19.801066037342302
2023-05-10,6.9430499113445565,-15.021744664873802,-11.133125928624706,-19.8005341807585
2023-05-11,6.5047171076961785,-15.021744664873802,-11.133125928624706,-19.8000023241747
2023-05-12,5.315883199163274,-15.021744664873802,-11.133125928624706,-19.799470467590897
2023-05-15,7.911025185433096,-15.021744664873802,-11.133125928624706,-19.798938611007095
2023-05-16,8.800866022992683,-15.021744664873802,-11.133125928624706,-19.798406754423297
2023-05-17,12.788080723780105,-15.021744664873802,-11.133125928624706,-19.797874897839495
2023-05-18,14.797034313332858,-15.021744664873802,-11.133125928624706,-19.797343041255694
2023-05-19,13.546632144742787,-15.021744664873802,-11.133125928624706,-19.796811184671892
2023-05-22,15.868035923994949,-15.021744664873802,-11.133125928624706,-19.79627932808809
2023-05-23,13.585845860958322,-15.021744664873802,-11.133125928624706,-19.79574747150429
2023-05-24,13.149479326770773,-15.021744664873802,-11.133125928624706,-19.795215614920487
2023-05-25,16.842050441409896,-15.021744664873802,-11.133125928624706,-19.794683758336685
2023-05-26,18.843862706464833,-15.021744664873802,-11.133125928624706,-19.794151901752883
2023-05-30,16.964732691461858,-15.021744664873802,-11.133125928624706,-19.793620045169085
2023-05-31,16.16786364182403,-15.021744664873802,-11.133125928624706,-19.793088188585283
2023-06-01,18.969102060486144,-15.021744664873802,-11.133125928624706,-19.79255633200148
2023-06-02,19.265690892647136,-15.021744664873802,-11.133125928624706,-19.79202447541768
2023-06-05,21.45406634412086,-15.021744664873802,-11.133125928624706,-19.79149261883388
2023-06-06,23.163195263258874,-15.021744664873802,-11.133125928624706,-19.790960762250076
2023-06-07,20.18236138313876,-15.021744664873802,-11.133125928624706,-19.78957054766218
2023-06-08,18.940976294544697,-15.021744664873802,-11.133125928624706,-19.788180333074283
2023-06-09,18.772579790794698,-15.021744664873802,-11.133125928624706,-19.786790118486383
2023-06-12,17.67742170879709,-15.021744664873802,-11.133125928624706,-19.78539990389849
2023-06-13,19.14474875054126,-15.021744664873802,-11.133125928624706,-19.784009689310594
2023-06-14,19.58688513144533,-15.021744664873802,-11.133125928624706,-19.782619474722694
2023-06-15,19.307860454601133,-15.021744664873802,-11.133125928624706,-19.781229260134797
2023-06-16,20.19142772262612,-15.021744664873802,-11.133125928624706,-19.7798390455469
2023-06-20,18.613073090067523,-15.021744664873802,-11.133125928624706,-19.778448830959004
2023-06-21,16.567631144306016,-15.021744664873802,-11.133125928624706,-19.777058616371107
2023-06-22,18.75663916218746,-15.021744664873802,-11.133125928624706,-19.77566840178321
2023-06-23,18.207223603123545,-15.021744664873802,-11.133125928624706,-19.774278187195314
2023-06-26,14.534192257094025,-15.021744664873802,-11.133125928624706,-19.772887972607414
2023-06-27,15.411105500571765,-15.021744664873802,-11.133125928624706,-19.77149775801952
2023-06-28,13.744671745125236,-15.021744664873802,-11.133125928624706,-19.77010754343162
2023-06-29,13.793459273664844,-15.021744664873802,-11.133125928624706,-19.768717328843724
2023-06-30,15.939281854969444,-15.021744664873802,-11.133125928624706,-19.767327114255828
2023-07-03,17.37105898662785,-15.021744664873802,-11.133125928624706,-19.76593689966793
2023-07-05,16.581875813948056,-15.021744664873802,-11.133125928624706,-19.764546685080035
2023-07-06,15.759513750899835,-15.021744664873802,-11.133125928624706,-19.763156470492138
2023-07-07,16.120412626606683,-15.021744664873802,-11.133125928624706,-19.760710500352346
2023-07-10,17.193723978788043,-15.021744664873802,-11.133125928624706,-19.75826453021255
2023-07-11,15.510775607564597,-15.021744664873802,-11.133125928624706,-19.755818560072758
2023-07-12,17.189983643671745,-15.021744664873802,-11.133125928624706,-19.75337258993297
2023-07-13,19.078793667979554,-15.021744664873802,-11.133125928624706,-19.750926619793173
2023-07-14,19.04620910778203,-15.021744664873802,-11.133125928624706,-19.74848064965338
2023-07-17,20.214482127495703,-15.021744664873802,-11.133125928624706,-19.74603467951359
2023-07-18,22.12908552165873,-15.021744664873802,-11.133125928624706,-19.743588709373793
2023-07-19,21.973332522970512,-15.021744664873802,-11.133125928624706,-19.741142739234004
2023-07-20,19.410520528624374,-15.021744664873802,-11.133125928624706,-19.73869676909421
2023-07-21,21.341336461915983,-15.021744664873802,-11.133125928624706,-19.736250798954416
2023-07-24,20.8025245332375,-15.021744664873802,-11.133125928624706,-19.733804828814623
2023-07-25,18.401845098999758,-15.021744664873802,-11.133125928624706,-19.73135885867483
2023-07-26,17.199460645377318,-15.021744664873802,-11.133125928624706,-19.72891288853504
2023-07-27,17.054329540442502,-15.021744664873802,-11.133125928624706,-19.726466918395246
2023-07-28,20.235074397108498,-15.021744664873802,-11.133125928624706,-19.72402094825545
2023-07-31,21.09018012916959,-15.021744664873802,-11.133125928624706,-19.721574978115658
2023-08-01,21.237252086836044,-15.021744664873802,-11.133125928624706,-19.719129007975866
2023-08-02,16.108980292669784,-15.021744664873802,-11.133125928624706,-19.716683037836074
2023-08-03,15.636402217339086,-15.021744664873802,-11.133125928624706,-19.71423706769628
2023-08-04,15.828582349386465,-15.021744664873802,-11.133125928624706,-19.705797941584194
2023-08-07,15.551877118123581,-15.021744664873802,-11.133125928624706,-19.697358815472107
2023-08-08,14.197115816080252,-15.021744664873802,-11.133125928624706,-19.68891968936002
2023-08-09,13.348119394272695,-15.021744664873802,-11.133125928624706,-19.680480563247944
2023-08-10,12.946022887674303,-15.021744664873802,-11.133125928624706,-19.672041437135853
2023-08-11,12.098997279949742,-15.021744664873802,-11.133125928624706,-19.663602311023766
2023-08-14,12.0013139511846,-15.021744664873802,-11.133125928624706,-19.65516318491168
2023-08-15,8.792174235655171,-15.021744664873802,-11.133125928624706,-19.64672405879959
2023-08-16,7.883275035689885,-15.021744664873802,-11.133125928624706,-19.638284932687515
2023-08-17,6.347749685616089,-15.021744664873802,-11.133125928624706,-19.629845806575428
2023-08-18,7.577985828802514,-15.021744664873802,-11.133125928624706,-19.62140668046334
2023-08-21,9.874831777097315,-15.021744664873802,-11.133125928624706,-19.612967554351254
2023-08-22,7.111494250363282,-15.021744664873802,-11.133125928624706,-19.604528428239167
2023-08-23,6.089847195367026,-15.021744664873802,-11.133125928624706,-19.59608930212709
2023-08-24,3.3533880287181184,-15.021744664873802,-11.133125928624706,-19.587650176015003
2023-08-25,4.750148872973736,-15.021744664873802,-11.133125928624706,-19.579211049902913
2023-08-28,4.333344872201272,-15.021744664873802,-11.133125928624706,-19.570771923790826
2023-08-29,5.818357890572723,-15.021744664873802,-11.133125928624706,-19.56233279767874
2023-08-30,6.3335231322300345,-15.021744664873802,-11.133125928624706,-19.553893671566662
2023-08-31,6.6703945864904135,-15.021744664873802,-11.133125928624706,-19.545454545454575
2023-09-01,8.396500472590418,-15.021744664873802,-11.133125928624706,-19.545173049644443
2023-09-05,7.2035559378528236,-15.021744664873802,-11.133125928624706,-19.54489155383431
2023-09-06,5.854657210865,-15.021744664873802,-11.133125928624706,-19.54461005802418
2023-09-07,3.351298455033702,-15.021744664873802,-11.133125928624706,-19.544328562214048
2023-09-08,2.7065404903879875,-15.021744664873802,-11.133125928624706,-19.54404706640392
2023-09-11,3.166941896090947,-15.021744664873802,-11.133125928624706,-19.543765570593788
2023-09-12,0.8216090431793832,-15.021744664873802,-11.133125928624706,-19.543484074783656
2023-09-13,1.8465578910553448,-15.021744664873802,-11.133125928624706,-19.543202578973524
2023-09-14,2.8263819268727897,-15.021744664873802,-11.133125928624706,-19.542921083163392
2023-09-15,2.4620071324615855,-15.021744664873802,-11.133125928624706,-19.54263958735326
2023-09-18,1.3725837862381463,-15.021744664873802,-11.133125928624706,-19.54235809154313
2023-09-19,2.1693727533242946,-15.021744664873802,-11.133125928624706,-19.542076595732997
2023-09-20,2.065300291940231,-15.021744664873802,-11.133125928624706,-19.541795099922865
2023-09-21,-1.4986425346063315,-15.021744664873802,-11.133125928624706,-19.541513604112733
2023-09-22,-1.6767548475668415,-15.021744664873802,-11.133125928624706,-19.5412321083026
2023-09-25,-1.0115146154362153,-15.021744664873802,-11.133125928624706,-19.540950612492473
2023-09-26,-3.978617642181248,-15.021744664873802,-11.133125928624706,-19.54066911668234
2023-09-27,-3.9797421623988027,-15.021744664873802,-11.133125928624706,-19.54038762087221
2023-09-28,-3.1738905202708168,-15.021744664873802,-11.133125928624706,-19.540106125062078
2023-09-29,-2.3599628425226005,-15.021744664873802,-11.133125928624706,-19.539824629251946
2023-10-02,-1.217118181761545,-15.021744664873802,-11.133125928624706,-19.53884921158483
2023-10-03,-2.982512685656269,-15.021744664873802,-11.133125928624706,-19.53787379391771
2023-10-04,-2.145690783997556,-15.021744664873802,-11.133125928624706,-19.536898376250598
2023-10-05,-3.6509076940662633,-15.021744664873802,-11.133125928624706,-19.53592295858348
2023-10-06,-3.6720560394072232,-15.021744664873802,-11.133125928624706,-19.534947540916363
2023-10-09,-3.160349915987737,-15.021744664873802,-11.133125928624706,-19.53397212324925
2023-10-10,-3.5249948782782314,-15.021744664873802,-11.133125928624706,-19.532996705582132
2023-10-11,-3.6250271095762954,-15.021744664873802,-11.133125928624706,-19.532021287915015
2023-10-12,-3.9375229112936783,-15.021744664873802,-11.133125928624706,-19.5310458702479
2023-10-13,-2.9068347387188775,-15.021744664873802,-11.133125928624706,-19.530070452580784
2023-10-16,-1.5136726920754295,-15.021744664873802,-11.133125928624706,-19.529095034913666
2023-10-17,-1.9928118114281856,-15.021744664873802,-11.133125928624706,-19.52811961724655
2023-10-18,-3.9296017653013493,-15.021744664873802,-11.133125928624706,-19.527144199579435
2023-10-19,-4.510872740886562,-15.021744664873802,-11.133125928624706,-19.526168781912318
2023-10-20,-5.710587106282816,-15.021744664873802,-11.133125928624706,-19.525193364245204
2023-10-23,-7.117887070819961,-15.021744664873802,-11.133125928624706,-19.524217946578087
2023-10-24,-6.263204083440598,-15.021744664873802,-11.133125928624706,-19.52324252891097
2023-10-25,-8.344887700797333,-15.021744664873802,-11.133125928624706,-19.522267111243853
2023-10-26,-8.075283439924997,-15.021744664873802,-11.133125928624706,-19.52129169357674
2023-10-27,-7.4856652689227925,-15.021744664873802,-11.133125928624706,-19.52031627590962
2023-10-30,-6.003394381441341,-15.021744664873802,-11.133125928624706,-19.520160143804546
2023-10-31,-6.346817583169262,-15.021744664873802,-11.133125928624706,-19.520004011699466
2023-11-01,-3.9042526102314734,-15.021744664873802,-11.133125928624706,-19.51984787959439
2023-11-02,-1.0721213890730663,-15.021744664873802,-11.133125928624706,-19.519691747489315
2023-11-03,-0.09448731868633153,-15.021744664873802,-11.133125928624706,-19.519535615384235
2023-11-06,0.9567235955109998,-15.021744664873802,-11.133125928624706,-19.51937948327916
2023-11-07,0.7800610366806238,-15.021744664873802,-11.133125928624706,-19.519223351174084
2023-11-08,1.9265558077882883,-15.021744664873802,-11.133125928624706,-19.519067219069008
2023-11-09,2.224622224774153,-15.021744664873802,-11.133125928624706,-19.51891108696393
2023-11-10,5.677173007133285,-15.021744664873802,-11.133125928624706,-19.518754954858853
2023-11-13,5.479981582115934,-15.021744664873802,-11.133125928624706,-19.518598822753777
2023-11-14,6.042101361478536,-15.021744664873802,-11.133125928624706,-19.518442690648698
2023-11-15,6.273769362735981,-15.021744664873802,-11.133125928624706,-19.518286558543622
2023-11-16,4.713537415874813,-15.021744664873802,-11.133125928624706,-19.518130426438546
2023-11-17,7.025703944740513,-15.021744664873802,-11.133125928624706,-19.51797429433347
2023-11-20,7.495478021396829,-15.021744664873802,-11.133125928624706,-19.51781816222839
2023-11-21,6.072566624020181,-15.021744664873802,-11.133125928624706,-19.517662030123315
2023-11-22,4.230344676081854,-15.021744664873802,-11.133125928624706,-19.51750589801824
2023-11-24,3.5061517115491103,-15.021744664873802,-11.133125928624706,-19.51734976591316
2023-11-27,3.1066404537179793,-15.021744664873802,-11.133125928624706,-19.517193633808084
2023-11-28,3.486386811121367,-15.021744664873802,-11.133125928624706,-19.513723146843823
2023-11-29,3.254339728516076,-15.021744664873802,-11.133125928624706,-19.51025265987956
2023-11-30,3.909983394257921,-15.021744664873802,-11.133125928624706,-19.506782172915297
2023-12-01,4.95723410618476,-15.021744664873802,-11.133125928624706,-19.503311685951036
2023-12-04,3.837744032318069,-15.021744664873802,-11.133125928624706,-19.499841198986775
2023-12-05,2.8861860164396402,-15.021744664873802,-11.133125928624706,-19.496370712022514
2023-12-06,3.4380718008867106,-15.021744664873802,-11.133125928624706,-19.492900225058253
2023-12-07,4.4853398827852775,-15.021744664873802,-11.133125928624706,-19.48942973809399
2023-12-08,4.099750795509838,-15.021744664873802,-11.133125928624706,-19.485959251129728
2023-12-11,6.818031034669958,-15.021744664873802,-11.133125928624706,-19.482488764165467
2023-12-12,7.556793149756413,-15.021744664873802,-11.133125928624706,-19.479018277201206
2023-12-13,9.15727027450728,-15.021744664873802,-11.133125928624706,-19.475547790236945
2023-12-14,10.657268116766506,-15.021744664873802,-11.133125928624706,-19.47207730327268
2023-12-15,13.267761954353151,-15.021744664873802,-11.133125928624706,-19.46860681630842
2023-12-18,13.963840741746614,-15.021744664873802,-11.133125928624706,-19.465136329344162
2023-12-19,14.004657523754481,-15.021744664873802,-11.133125928624706,-19.461665842379897
2023-12-20,14.022770910986072,-15.021744664873802,-11.133125928624706,-19.458195355415636
2023-12-21,15.079807555174817,-15.017749062666322,-11.133125928624706,-19.454724868451375
2023-12-22,14.295850419186284,-14.892120423486963,-11.133125928624706,-19.45125438148711
2023-12-26,14.912094242279416,-14.832077269104309,-11.133125928624706,-19.447783894522853
2023-12-27,14.192877905832546,-14.707991618698673,-11.133125928624706,-19.446785252025585
2023-12-28,16.176228973575093,-14.691384362202887,-11.133125928624706,-19.445786609528312
2023-12-29,14.120422359811013,-14.607703136627498,-11.133125928624706,-19.444787967031044
2024-01-02,12.520790672084004,-14.482188563591556,-11.133125928624706,-19.443789324533775
2024-01-03,9.495505227596857,-14.243866106110708,-11.133125928624706,-19.442790682036506
2024-01-04,8.379252683496174,-14.073797980811943,-11.133125928624706,-19.441792039539234
2024-01-05,7.910190523608418,-13.975151294126729,-11.133125928624706,-19.440793397041965
2024-01-08,9.360154871726456,-13.975151294126729,-11.133125928624706,-19.439794754544696
2024-01-09,9.95830906404227,-13.975151294126729,-11.133125928624706,-19.438796112047424
2024-01-10,12.112809567147131,-13.975151294126729,-11.133125928624706,-19.437797469550155
2024-01-11,11.090064065608217,-13.975151294126729,-11.133125928624706,-19.436798827052886
2024-01-12,11.512307122813837,-13.975151294126729,-11.133125928624706,-19.435800184555617
2024-01-16,12.983522293032923,-13.975151294126729,-11.133125928624706,-19.43480154205835
2024-01-17,13.407345198630182,-13.975151294126729,-11.133125928624706,-19.433802899561076
2024-01-18,16.758862402004127,-13.975151294126729,-11.133125928624706,-19.432804257063808
2024-01-19,18.716080444034453,-13.975151294126729,-11.133125928624706,-19.43180561456654
2024-01-22,17.72586328477783,-13.975151294126729,-11.133125928624706,-19.43080697206927
2024-01-23,21.18036676752584,-13.975151294126729,-11.133125928624706,-19.429808329571998
2024-01-24,24.22137109204867,-13.975151294126729,-11.133125928624706,-19.42880968707473
2024-01-25,23.778777525118542,-13.975151294126729,-11.133125928624706,-19.42781104457746
2024-01-26,21.670702391728813,-13.975151294126729,-11.133125928624706,-19.42768478750618
2024-01-29,22.331634753372033,-13.975151294126729,-11.133125928624706,-19.4275585304349
2024-01-30,19.444153165718923,-13.975151294126729,-11.133125928624706,-19.42743227336362
2024-01-31,15.016766032361062,-13.975151294126729,-11.133125928624706,-19.427306016292338
2024-02-01,15.019792471040816,-13.975151294126729,-11.133125928624706,-19.427179759221058
2024-02-02,16.48849870068716,-13.975151294126729,-11.133125928624706,-19.42705350214978
2024-02-05,15.247050823666441,-13.975151294126729,-11.133125928624706,-19.4269272450785
2024-02-06,14.94170495758851,-13.975151294126729,-11.133125928624706,-19.42680098800722
2024-02-07,17.025057472118952,-13.975151294126729,-11.133125928624706,-19.42667473093594
2024-02-08,14.663878266660358,-13.975151294126729,-11.133125928624706,-19.426548473864656
2024-02-09,16.154754905332602,-13.975151294126729,-11.133125928624706,-19.426422216793377
2024-02-12,13.262157456751256,-13.975151294126729,-11.133125928624706,-19.426295959722097
2024-02-13,11.411753678382475,-13.975151294126729,-11.133125928624706,-19.426169702650817
2024-02-14,12.52953085699664,-13.975151294126729,-11.133125928624706,-19.426043445579538
2024-02-15,12.83830068375902,-13.975151294126729,-11.133125928624706,-19.425917188508258
2024-02-16,10.470159522089983,-13.975151294126729,-11.133125928624706,-19.42579093143698
2024-02-20,10.276965794462289,-13.975151294126729,-11.133125928624706,-19.425664674365695
2024-02-21,9.387944806129811,-13.975151294126729,-11.133125928624706,-19.425538417294415
2024-02-22,12.749328812535543,-13.975151294126729,-11.133125928624706,-19.425412160223136
2024-02-23,12.515522531969037,-13.975151294126729,-11.133125928624706,-19.425285903151856
2024-02-26,12.162301162359302,-13.975151294126729,-11.133125928624706,-19.424466843918015
2024-02-27,12.541685207524234,-13.975151294126729,-11.133125928624706,-19.42364778468417
2024-02-28,12.224593804198335,-13.975151294126729,-11.133125928624706,-19.42282872545033
2024-02-29,12.86409361226044,-13.975151294126729,-11.133125928624706,-19.42200966621649
2024-03-01,15.636990770260194,-13.975151294126729,-11.133125928624706,-19.42119060698265
2024-03-04,14.93579303923498,-13.975151294126729,-11.133125928624706,-19.420371547748804
2024-03-05,13.529371274636649,-13.975151294126729,-11.133125928624706,-19.419552488514963
2024-03-06,12.668529296844323,-13.975151294126729,-11.133125928624706,-19.41873342928112
2024-03-07,13.871137801151434,-13.975151294126729,-11.133125928624706,-19.417914370047278
2024-03-08,11.276876217339794,-13.975151294126729,-11.133125928624706,-19.417095310813437
2024-03-11,9.987761026775654,-13.975151294126729,-11.133125928624706,-19.416276251579596
2024-03-12,10.163462681795444,-13.975151294126729,-11.133125928624706,-19.41545719234575
2024-03-13,9.411579831761907,-13.975151294126729,-11.133125928624706,-19.41463813311191
2024-03-14,8.61070201914198,-13.975151294126729,-11.133125928624706,-19.41381907387807
2024-03-15,6.6492572006060735,-13.975151294126729,-11.133125928624706,-19.413000014644226
2024-03-18,7.117739997690697,-13.975151294126729,-11.133125928624706,-19.412180955410385
2024-03-19,9.004406177227242,-13.975151294126729,-11.133125928624706,-19.411361896176544
2024-03-20,9.028247135161038,-13.975151294126729,-11.133125928624706,-19.4105428369427
2024-03-21,9.380558895339375,-13.975151294126729,-11.133125928624706,-19.40972377770886
2024-03-22,8.83938674691398,-13.975151294126729,-11.133125928624706,-19.408904718475018
2024-03-25,8.224190745973182,-13.975151294126729,-11.133125928624706,-19.40809405715888
2024-03-26,7.926250808393442,-13.975151294126729,-11.133125928624706,-19.407283395842743
2024-03-27,8.764559808889105,-13.975151294126729,-11.133125928624706,-19.406472734526602
2024-03-28,10.432839025622819,-13.975151294126729,-11.133125928624706,-19.405662073210465
2024-04-01,11.850177300306974,-13.975151294126729,-11.133125928624706,-19.404851411894327
2024-04-02,11.458499333463656,-13.975151294126729,-11.133125928624706,-19.40404075057819
2024-04-03,11.57632192907192,-13.975151294126729,-11.133125928624706,-19.403230089262053
2024-04-04,7.6454328341174715,-13.975151294126729,-11.133125928624706,-19.402419427945915
2024-04-05,8.699178664832008,-13.975151294126729,-11.133125928624706,-19.401608766629774
2024-04-08,7.999288272313443,-13.975151294126729,-11.133125928624706,-19.40079810531364
2024-04-09,8.173745159652102,-13.975151294126729,-11.133125928624706,-19.3999874439975
2024-04-10,7.174568661964886,-13.975151294126729,-11.133125928624706,-19.399176782681362
2024-04-11,8.896596302503346,-13.975151294126729,-11.133125928624706,-19.398366121365225
2024-04-12,7.768481352419299,-13.975151294126729,-11.133125928624706,-19.397555460049087
2024-04-15,4.512118694729894,-13.975151294126729,-11.133125928624706,-19.39674479873295
2024-04-16,2.4893530663200547,-13.975151294126729,-11.133125928624706,-19.395934137416813
2024-04-17,1.1068075403520394,-13.975151294126729,-11.133125928624706,-19.39512347610067
2024-04-18,0.1144243250291499,-13.975151294126729,-11.133125928624706,-19.394312814784534
2024-04-19,-2.4979205732160947,-13.975151294126729,-11.133125928624706,-19.393502153468397
2024-04-22,-1.6374901065746572,-13.975151294126729,-11.133125928624706,-19.39269149215226
2024-04-23,0.42867215836421835,-13.975151294126729,-11.133125928624706,-19.39136666168457
2024-04-24,-0.2525639075229513,-13.975151294126729,-11.133125928624706,-19.390041831216884
2024-04-25,-0.06913753813035939,-13.975151294126729,-11.133125928624706,-19.388717000749196
2024-04-26,3.5001346345853834,-13.975151294126729,-11.133125928624706,-19.387392170281508
2024-04-29,2.710912993932646,-13.975151294126729,-11.133125928624706,-19.386067339813824
2024-04-30,-0.9006541450032213,-13.975151294126729,-11.133125928624706,-19.384742509346136
2024-05-01,-1.4886047462971397,-13.975151294126729,-11.133125928624706,-19.38341767887845
2024-05-02,-0.03060405416098755,-13.975151294126729,-11.133125928624706,-19.38209284841076
2024-05-03,0.9399294649151679,-13.975151294126729,-11.133125928624706,-19.380768017943073
2024-05-06,1.8569327748678477,-13.975151294126729,-11.133125928624706,-19.37944318747539
2024-05-07,0.8801600257223097,-13.975151294126729,-11.133125928624706,-19.3781183570077
2024-05-08,1.2166078157119786,-13.975151294126729,-11.133125928624706,-19.376793526540013
2024-05-09,3.0446011349885893,-13.975151294126729,-11.133125928624706,-19.375468696072325
2024-05-10,2.1741828768917726,-13.975151294126729,-11.133125928624706,-19.374143865604637
2024-05-13,2.105891994229947,-13.975151294126729,-11.133125928624706,-19.372819035136953
2024-05-14,3.7030105784766842,-13.975151294126729,-11.133125928624706,-19.371494204669265
2024-05-15,6.124960876704488,-13.975151294126729,-11.133125928624706,-19.370169374201577
2024-05-16,6.334911841260937,-13.975151294126729,-11.133125928624706,-19.36884454373389
2024-05-17,3.2601423917590022,-13.975151294126729,-11.133125928624706,-19.3675197132662
2024-05-20,4.287246276983625,-13.975151294126729,-11.133125928624706,-19.366194882798517
2024-05-21,4.546328160948998,-13.975151294126729,-11.133125928624706,-19.36452932029016
2024-05-22,4.2748771132131935,-13.975151294126729,-11.133125928624706,-19.362863757781803
2024-05-23,4.3614784532372,-13.975151294126729,-11.133125928624706,-19.361198195273445
2024-05-24,4.453262707297245,-13.975151294126729,-11.133125928624706,-19.359532632765088
2024-05-28,3.292584270594201,-13.975151294126729,-11.133125928624706,-19.357867070256734
2024-05-29,2.931815471400512,-13.975151294126729,-11.133125928624706,-19.356201507748377
2024-05-30,3.690271515211263,-13.975151294126729,-11.133125928624706,-19.35453594524002
2024-05-31,2.8510929949787878,-13.975151294126729,-11.133125928624706,-19.352870382731663
2024-06-03,1.8573331251921399,-13.975151294126729,-11.133125928624706,-19.351204820223305
2024-06-04,3.6319822711443184,-13.975151294126729,-11.133125928624706,-19.34953925771495
2024-06-05,6.115161031375993,-13.975151294126729,-11.133125928624706,-19.347873695206594
2024-06-06,4.579385411975512,-13.975151294126729,-11.133125928624706,-19.346208132698237
2024-06-07,5.296164559746419,-13.975151294126729,-11.133125928624706,-19.34454257018988
2024-06-10,5.988703679238161,-13.975151294126729,-11.133125928624706,-19.342877007681523
2024-06-11,7.999855960738089,-13.975151294126729,-11.133125928624706,-19.341211445173165
2024-06-12,8.3820933503868,-13.975151294126729,-11.133125928624706,-19.339545882664808
2024-06-13,8.698723866058122,-13.975151294126729,-11.133125928624706,-19.33788032015645
2024-06-14,7.981615319787561,-13.975151294126729,-11.133125928624706,-19.336214757648094
2024-06-17,8.789558138153343,-13.975151294126729,-11.133125928624706,-19.334549195139736
2024-06-18,8.69886333337444,-13.975151294126729,-11.133125928624706,-19.332883632631383
2024-06-20,8.253887635811385,-13.975151294126729,-11.133125928624706,-19.330736672997315
2024-06-21,8.314532333887126,-13.975151294126729,-11.133125928624706,-19.328589713363247
2024-06-24,6.719871812858713,-13.975151294126729,-11.133125928624706,-19.326442753729182
2024-06-25,8.139615829363311,-13.975151294126729,-11.133125928624706,-19.324295794095114
2024-06-26,8.134012243290268,-13.975151294126729,-11.133125928624706,-19.32214883446105
2024-06-27,9.356917889011696,-13.975151294126729,-11.133125928624706,-19.320001874826982
2024-06-28,8.545636401140433,-13.975151294126729,-11.133125928624706,-19.317854915192914
2024-07-01,10.877662300594903,-13.975151294126729,-11.133125928624706,-19.315707955558846
2024-07-02,10.736926991368833,-13.975151294126729,-11.133125928624706,-19.31356099592478
2024-07-03,11.627204221182751,-13.975151294126729,-11.133125928624706,-19.311414036290714
2024-07-05,12.375389040995843,-13.975151294126729,-11.133125928624706,-19.30926707665665
2024-07-08,13.634507524840856,-13.975151294126729,-11.133125928624706,-19.30712011702258
2024-07-09,11.945185922343038,-13.975151294126729,-11.133125928624706,-19.304973157388513
2024-07-10,14.94481216415191,-13.975151294126729,-11.133125928624706,-19.302826197754445
2024-07-11,14.304478816862321,-13.975151294126729,-11.133125928624706,-19.30067923812038
2024-07-12,14.965329991635024,-13.975151294126729,-11.133125928624706,-19.298532278486313
2024-07-15,16.698213816670382,-13.975151294126729,-11.133125928624706,-19.29638531885225
2024-07-16,17.412903109906885,-13.975151294126729,-11.133125928624706,-19.29423835921818
2024-07-17,16.37394247894384,-13.975151294126729,-11.133125928624706,-19.292091399584113
2024-07-18,14.669994886625727,-13.975151294126729,-11.133125928624706,-19.289944439950048
2024-07-19,11.982506393249803,-13.975151294126729,-11.133125928624706,-19.28866629744078
2024-07-22,13.267083284480297,-13.975151294126729,-11.133125928624706,-19.287388154931516
2024-07-23,13.415641127211519,-13.975151294126729,-11.133125928624706,-19.28611001242225
2024-07-24,7.685613715600548,-13.975151294126729,-11.133125928624706,-19.284831869912985
2024-07-25,6.067420847144622,-13.975151294126729,-11.133125928624706,-19.28355372740372
2024-07-26,9.2146155764945,-13.975151294126729,-11.133125928624706,-19.282275584894453
2024-07-29,10.231028715250057,-13.975151294126729,-11.133125928624706,-19.28099744238519
2024-07-30,7.347292182860032,-13.975151294126729,-11.133125928624706,-19.27971929987592
2024-07-31,8.346502504106423,-13.975151294126729,-11.133125928624706,-19.278441157366657
2024-08-01,4.576720757204988,-13.975151294126729,-11.133125928624706,-19.277163014857393
2024-08-02,2.078366108258023,-13.975151294126729,-11.133125928624706,-19.275884872348126
2024-08-05,-0.90670471822486,-13.975151294126729,-11.133125928624706,-19.274606729838858
2024-08-06,-0.17762106208791817,-13.975151294126729,-11.133125928624706,-19.273328587329594
2024-08-07,-1.4909775933123925,-13.975151294126729,-11.133125928624706,-19.272050444820326
2024-08-08,1.2887958843266434,-13.975151294126729,-11.133125928624706,-19.270772302311062
2024-08-09,1.1670327259608815,-13.975151294126729,-11.133125928624706,-19.2694941598018
2024-08-12,-0.17537901537213463,-13.975151294126729,-11.133125928624706,-19.26821601729253
2024-08-13,2.509774620045424,-13.975151294126729,-11.133125928624706,-19.266937874783267
2024-08-14,2.592957805872076,-13.975151294126729,-11.133125928624706,-19.265659732274
2024-08-15,4.45643076517237,-13.975151294126729,-11.133125928624706,-19.264381589764735
2024-08-16,4.386514217935589,-13.975151294126729,-11.133125928624706,-19.264211043710386
2024-08-19,5.778620297869108,-13.975151294126729,-11.133125928624706,-19.264040497656037
2024-08-20,6.033623113129383,-13.975151294126729,-11.133125928624706,-19.263869951601688
2024-08-21,5.530236303370972,-13.975151294126729,-11.133125928624706,-19.26369940554734
2024-08-22,3.466203573230553,-13.975151294126729,-11.133125928624706,-19.26352885949299
2024-08-23,5.33075719377063,-13.975151294126729,-11.133125928624706,-19.26335831343864
2024-08-26,5.437765006055528,-13.975151294126729,-11.133125928624706,-19.26318776738429
2024-08-27,5.949839252331635,-13.975151294126729,-11.133125928624706,-19.263017221329942
2024-08-28,4.188158996929281,-13.975151294126729,-11.133125928624706,-19.262846675275593
2024-08-29,3.75172287708867,-13.975151294126729,-11.133125928624706,-19.262676129221248
2024-08-30,2.9136634357632696,-13.975151294126729,-11.133125928624706,-19.2625055831669
2024-09-03,-0.17643168195214942,-13.975151294126729,-11.133125928624706,-19.26233503711255
2024-09-04,-0.3476476039112608,-13.975151294126729,-11.133125928624706,-19.2621644910582
2024-09-05,-0.6558849402569789,-13.975151294126729,-11.133125928624706,-19.26199394500385
2024-09-06,-3.9760297304974324,-13.975151294126729,-11.133125928624706,-19.261823398949502
2024-09-09,-3.9985982142623944,-13.975151294126729,-11.133125928624706,-19.261652852895153
2024-09-10,-3.6337044330824853,-13.975151294126729,-11.133125928624706,-19.261482306840804
2024-09-11,-2.0485804273733366,-13.975151294126729,-11.133125928624706,-19.261311760786455
2024-09-12,-2.2840857004550297,-13.975151294126729,-11.133125928624706,-19.261141214732106
2024-09-13,-1.8766671341100327,-13.975151294126729,-11.133125928624706,-19.260970668677757
2024-09-16,-1.5513258428176524,-13.975151294126729,-11.133125928624706,-19.258845372216868
2024-09-17,-1.2346949408974517,-13.975151294126729,-11.133125928624706,-19.256720075755975
2024-09-18,-0.5316881296110743,-13.975151294126729,-11.133125928624706,-19.254594779295086
2024-09-19,0.8302349760546335,-13.975151294126729,-11.133125928624706,-19.252469482834194
2024-09-20,0.43091936325316826,-13.975151294126729,-11.133125928624706,-19.250344186373304
2024-09-23,0.43749574498976873,-13.975151294126729,-11.133125928624706,-19.248218889912415
2024-09-24,1.4485766416297174,-13.975151294126729,-11.133125928624706,-19.246093593451523
2024-09-25,0.9505498939550661,-13.975151294126729,-11.133125928624706,-19.243968296990634
2024-09-26,0.6521832633937796,-13.975151294126729,-11.133125928624706,-19.24184300052974
2024-09-27,-0.7347280832313174,-13.975151294126729,-11.133125928624706,-19.239717704068852
2024-09-30,-1.4926528816573525,-13.975151294126729,-11.133125928624706,-19.237592407607963
2024-10-01,-3.095566049613152,-13.975151294126729,-11.133125928624706,-19.235467111147074
2024-10-02,-3.04247038081934,-13.975151294126729,-11.133125928624706,-19.23334181468618
2024-10-03,-4.114646834581171,-13.975151294126729,-11.133125928624706,-19.231216518225292
2024-10-04,-0.7982816294185624,-13.975151294126729,-11.133125928624706,-19.229091221764403
2024-10-07,-2.434080775565872,-13.975151294126729,-11.133125928624706,-19.22696592530351
2024-10-08,-1.2424130941554923,-13.975151294126729,-11.133125928624706,-19.22484062884262
2024-10-09,-0.5034518492860851,-13.975151294126729,-11.133125928624706,-19.22271533238173
2024-10-10,2.389188259687769,-13.975151294126729,-11.133125928624706,-19.22059003592084
2024-10-11,3.0368640172523165,-13.975151294126729,-11.133125928624706,-19.21846473945995
2024-10-14,4.8306700818490755,-13.975151294126729,-11.133125928624706,-19.21834508051174
2024-10-15,1.911167827379634,-13.975151294126729,-11.133125928624706,-19.218225421563528
2024-10-16,2.2841410617831626,-13.975151294126729,-11.133125928624706,-19.21810576261532
2024-10-17,6.163084606475877,-13.975151294126729,-11.133125928624706,-19.21798610366711
2024-10-18,8.05050138257759,-13.975151294126729,-11.133125928624706,-19.217866444718897
2024-10-21,7.159073632073509,-13.975151294126729,-11.133125928624706,-19.217746785770686
2024-10-22,7.060811783842524,-13.975151294126729,-11.133125928624706,-19.217627126822478
2024-10-23,6.887951132780845,-13.975151294126729,-11.133125928624706,-19.217507467874267
2024-10-24,4.6574831660706195,-13.975151294126729,-11.133125928624706,-19.217387808926055
2024-10-25,7.908935797039041,-13.975151294126729,-11.133125928624706,-19.217268149977848
2024-10-28,10.550265607370847,-13.975151294126729,-11.133125928624706,-19.217148491029636
2024-10-29,15.042608273687241,-13.975151294126729,-11.133125928624706,-19.217028832081425
2024-10-30,13.09255404744678,-13.975151294126729,-11.133125928624706,-19.216909173133214
2024-10-31,11.444707222520666,-13.975151294126729,-11.133125928624706,-19.216789514185002
2024-11-01,8.93680394499452,-13.975151294126729,-11.133125928624706,-19.216669855236795
2024-11-04,8.055142733219123,-13.975151294126729,-11.133125928624706,-19.216550196288583
2024-11-05,9.19842222140803,-13.975151294126729,-11.133125928624706,-19.216430537340372
2024-11-06,9.448871969073313,-13.975151294126729,-11.133125928624706,-19.21631087839216
2024-11-07,11.13602160039835,-13.975151294126729,-11.133125928624706,-19.216191219443953
2024-11-08,8.524216513953808,-13.975151294126729,-11.133125928624706,-19.21607156049574
2024-11-11,8.321620874934709,-13.975151294126729,-11.133125928624706,-19.214758738689405
2024-11-12,6.723637215348011,-13.975151294126729,-11.133125928624706,-19.213445916883064
2024-11-13,6.8104627799836726,-13.975151294126729,-11.133125928624706,-19.212133095076727
2024-11-14,5.5757413346118945,-13.975151294126729,-11.133125928624706,-19.210820273270386
2024-11-15,4.720640996114023,-13.975151294126729,-11.133125928624706,-19.20950745146405
2024-11-18,4.316830654007986,-13.975151294126729,-11.133125928624706,-19.20819462965771
2024-11-19,6.064209779654917,-13.975151294126729,-11.133125928624706,-19.20688180785137
2024-11-20,5.687393262475404,-13.975151294126729,-11.133125928624706,-19.205568986045034
2024-11-21,7.2849802130110275,-13.975151294126729,-11.133125928624706,-19.204256164238693
2024-11-22,7.614602822412997,-13.975151294126729,-11.133125928624706,-19.202943342432356
2024-11-25,6.515214961068483,-13.975151294126729,-11.133125928624706,-19.20163052062602
2024-11-26,10.440185076346697,-13.975151294126729,-11.133125928624706,-19.200317698819678
2024-11-27,9.856104327172766,-13.975151294126729,-11.133125928624706,-19.19900487701334
2024-11-29,10.718029210442669,-13.975151294126729,-11.133125928624706,-19.197692055207
2024-12-02,15.004162082720352,-13.975151294126729,-11.133125928624706,-19.196379233400663
2024-12-03,13.89218389649669,-13.975151294126729,-11.133125928624706,-19.195066411594325
2024-12-04,14.244402287367851,-13.975151294126729,-11.133125928624706,-19.193753589787985
2024-12-05,11.506410460967542,-13.975151294126729,-11.133125928624706,-19.192440767981648
2024-12-06,11.410731156032261,-13.975151294126729,-11.133125928624706,-19.191127946175307
2024-12-09,10.05010003368152,-13.975151294126729,-11.133125928624706,-19.18981512436897
2024-12-10,10.161784326854328,-13.975151294126729,-11.133125928624706,-19.18485200437161
2024-12-11,12.074742449588193,-13.975151294126729,-11.133125928624706,-19.179888884374254
2024-12-12,11.83563299585022,-13.975151294126729,-11.133125928624706,-19.174925764376894
2024-12-13,9.912612663750098,-13.975151294126729,-11.133125928624706,-19.169962644379538
2024-12-16,11.708035622943115,-13.975151294126729,-11.133125928624706,-19.164999524382182
2024-12-17,10.922486401691023,-13.975151294126729,-11.133125928624706,-19.160036404384826
2024-12-18,6.407477985619625,-13.975151294126729,-11.133125928624706,-19.155073284387466
2024-12-19,5.8354895143330365,-13.975151294126729,-11.133125928624706,-19.15011016439011
2024-12-20,5.963587523449787,-13.975151294126729,-11.133125928624706,-19.14514704439275
2024-12-23,7.5921921144708415,-13.975151294126729,-11.133125928624706,-19.140183924395398
2024-12-24,8.756189985646312,-13.975151294126729,-11.133125928624706,-19.13522080439804
2024-12-26,10.21790994092484,-13.975151294126729,-11.133125928624706,-19.130257684400682
2024-12-27,8.599333800103782,-13.975151294126729,-11.133125928624706,-19.125294564403323
2024-12-30,7.235074517264062,-13.975151294126729,-11.133125928624706,-19.120331444405966
2024-12-31,5.073958539840739,-13.975151294126729,-11.133125928624706,-19.115368324408614
2025-01-02,6.003903552572631,-13.975151294126729,-11.133125928624706,-19.110405204411254
2025-01-03,6.153316808695153,-13.975151294126729,-11.133125928624706,-19.105442084413895
2025-01-06,6.535060613962251,-13.975151294126729,-11.133125928624706,-19.10047896441654
2025-01-07,4.752982383308524,-13.975151294126729,-11.133125928624706,-19.09551584441918
2025-01-08,4.607770802964484,-13.975151294126729,-11.133125928624706,-19.090552724421826
2025-01-10,2.110545164682498,-13.975151294126729,-11.133125928624706,-19.088702547727507
2025-01-13,3.161321782644344,-13.975151294126729,-11.133125928624706,-19.08685237103319
2025-01-14,3.050777729184029,-13.975151294126729,-11.133125928624706,-19.085002194338866
2025-01-15,5.3486328794378535,-13.975151294126729,-11.133125928624706,-19.083152017644547
2025-01-16,3.9293347754287833,-13.975151294126729,-11.133125928624706,-19.081301840950232
2025-01-17,5.480838783945452,-13.975151294126729,-11.133125928624706,-19.079451664255913
2025-01-21,5.983966239457117,-13.975151294126729,-11.133125928624706,-19.07760148756159
2025-01-22,9.009505989605039,-13.975151294126729,-11.133125928624706,-19.075751310867272
2025-01-23,8.362570888042708,-13.975151294126729,-11.133125928624706,-19.073901134172953
2025-01-24,7.097591955108928,-13.975151294126729,-11.133125928624706,-19.072050957478638
2025-01-27,3.962696553933931,-13.975151294126729,-11.133125928624706,-19.070200780784315
2025-01-28,4.495221721682108,-13.975151294126729,-11.133125928624706,-19.068350604089996
2025-01-29,5.0932257956916915,-13.975151294126729,-11.133125928624706,-19.066500427395678
2025-01-30,8.274314069377485,-13.975151294126729,-11.133125928624706,-19.06465025070136
2025-01-31,7.3229098796860015,-13.975151294126729,-11.133125928624706,-19.06280007400704
2025-02-03,6.7750403081375365,-13.975151294126729,-11.133125928624706,-19.06094989731272
2025-02-04,6.724271126570369,-13.975151294126729,-11.133125928624706,-19.059099720618402
2025-02-05,4.373461262660028,-13.975151294126729,-11.133125928624706,-19.057249543924083
2025-02-06,3.2920017447102046,-13.975151294126729,-11.133125928624706,-19.055399367229764
2025-02-07,1.8701224989390086,-13.975151294126729,-11.133125928624706,-19.053549190535445
2025-02-10,3.163467397917241,-13.975151294126729,-11.133125928624706,-19.049824610589823
2025-02-11,3.1044811617648493,-13.975151294126729,-11.133125928624706,-19.0461000306442
2025-02-12,3.297932503357437,-13.975151294126729,-11.133125928624706,-19.04237545069858
2025-02-13,5.517275789194809,-13.975151294126729,-11.133125928624706,-19.038650870752956
2025-02-14,8.54651267441826,-13.975151294126729,-11.133125928624706,-19.034926290807338
2025-02-18,8.041949671846705,-13.975151294126729,-11.133125928624706,-19.031201710861716
2025-02-19,7.33357526858891,-13.975151294126729,-11.133125928624706,-19.027477130916093
2025-02-20,6.939582718292003,-13.975151294126729,-11.133125928624706,-19.02375255097047
2025-02-21,4.344752641238969,-13.975151294126729,-11.133125928624706,-19.02002797102485
2025-02-24,2.947902381329559,-13.975151294126729,-11.133125928624706,-19.016303391079234
2025-02-25,1.4903097450532643,-13.975151294126729,-11.133125928624706,-19.01257881113361
2025-02-26,1.1921480698629194,-13.975151294126729,-11.133125928624706,-19.00885423118799
2025-02-27,-0.8373421889194321,-13.975151294126729,-11.133125928624706,-19.005129651242367
2025-02-28,-0.14879193992252127,-13.975151294126729,-11.133125928624706,-19.001405071296745
2025-03-03,-3.385709867328701,-13.975151294126729,-11.133125928624706,-18.997680491351126
2025-03-04,-3.9717213899287285,-13.975151294126729,-11.133125928624706,-18.993955911405504
2025-03-05,-3.9078683794177893,-13.975151294126729,-11.133125928624706,-18.99023133145988
2025-03-06,-6.291629504507091,-13.975151294126729,-11.133125928624706,-18.98650675151426
2025-03-07,-6.4398660025652426,-13.975151294126729,-11.133125928624706,-18.982782171568637
2025-03-10,-9.360056807668593,-13.975151294126729,-11.133125928624706,-18.979057591623018
2025-03-11,-9.267546604825295,-13.975151294126729,-11.133125928624706,-18.978667596265698
2025-03-12,-9.857780652367055,-13.975151294126729,-11.133125928624706,-18.978277600908378
2025-03-13,-10.904479702114855,-13.975151294126729,-11.133125928624706,-18.977887605551057
2025-03-14,-9.444145909180158,-13.975151294126729,-11.133125928624706,-18.977497610193737
2025-03-17,-10.150887925334295,-13.975151294126729,-11.133125928624706,-18.977107614836413
2025-03-18,-11.291930095883751,-13.913327217212634,-11.174731254284128,-18.976717619479093
2025-03-19,-6.740371789438482,-13.913327217212634,-11.174731254284128,-18.976327624121772
2025-03-20,-6.64072533905784,-13.784161027987489,-11.174731254284128,-18.975937628764452
2025-03-21,-7.14381266217895,-13.784161027987489,-11.174731254284128,-18.975547633407132
2025-03-24,-6.0232929311652805,-13.771162416423627,-11.174731254284128,-18.97515763804981
2025-03-25,-6.751442208255309,-13.689803872266003,-11.174731254284128,-18.97476764269249
2025-03-26,-8.405048508221446,-13.52132783916197,-11.174731254284128,-18.97437764733517
2025-03-27,-7.700014226641838,-13.501810465132806,-11.174731254284128,-18.97398765197785
2025-03-28,-8.91869423065943,-13.461116380173964,-11.174731254284128,-18.97359765662053
2025-03-31,-8.142268829939924,-13.37873712304346,-11.174731254284128,-18.97320766126321
2025-04-01,-7.220313635861841,-13.37873712304346,-11.174731254284128,-18.972817665905886
2025-04-02,-8.047976335287855,-13.37873712304346,-11.174731254284128,-18.972427670548566
2025-04-03,-13.959344909888681,-13.461116380173964,-11.242100312827187,-18.972037675191245
2025-04-04,-17.83710461508451,-13.501810465132806,-11.264658215884742,-18.971647679833925
2025-04-07,-17.65321874267335,-13.501810465132806,-11.295973723222932,-18.971257684476605
2025-04-08,-17.84791994585506,-13.510453181868439,-11.37528825402515,-18.96906101123222
2025-04-09,-7.690478494602438,-13.461116380173964,-11.37528825402515,-18.96686433798784
2025-04-10,-11.532609348820234,-13.461116380173964,-11.423014417544987,-18.964667664743455
2025-04-11,-11.928958699056103,-13.461116380173964,-11.433516968411906,-18.96247099149907
2025-04-14,-10.706404941717073,-13.461116380173964,-11.433516968411906,-18.96027431825469
2025-04-15,-12.09063426037873,-13.461116380173964,-11.453616779733068,-18.958077645010306
2025-04-16,-15.238533412580358,-13.510453181868439,-11.470513421155669,-18.955880971765925
2025-04-17,-16.32367126883476,-13.689803872266003,-11.474038166977884,-18.95368429852154
2025-04-21,-18.567514072565128,-13.771162416423627,-11.534712294473046,-18.951487625277156
2025-04-22,-15.95479517491446,-13.786612095338313,-11.579704120255482,-18.949290952032776
2025-04-23,-11.47132516877929,-13.786612095338313,-11.579704120255482,-18.94709427878839
2025-04-24,-10.306051441936503,-13.786612095338313,-11.579704120255482,-18.94489760554401
2025-04-25,-9.135501135849255,-13.786612095338313,-11.579704120255482,-18.942700932299626
2025-04-28,-9.549874155890913,-13.786612095338313,-11.579704120255482,-18.940504259055242
2025-04-29,-8.82001565816366,-13.786612095338313,-11.579704120255482,-18.93830758581086
2025-04-30,-8.095993411390335,-13.786612095338313,-11.579704120255482,-18.936110912566477
2025-05-01,-8.024688645622668,-13.786612095338313,-11.579704120255482,-18.933914239322096
2025-05-02,-7.081078335628909,-13.786612095338313,-11.579704120255482,-18.93171756607771
2025-05-05,-8.111950000275858,-13.786612095338313,-11.579704120255482,-18.929520892833327
2025-05-06,-7.803770887889783,-13.786612095338313,-11.579704120255482,-18.927324219588947
2025-05-07,-8.54884315088026,-13.786612095338313,-11.579704120255482,-18.925562066063804
2025-05-08,-7.3841248597769855,-13.786612095338313,-11.579704120255482,-18.923799912538662
2025-05-09,-7.499131723985464,-13.786612095338313,-11.579704120255482,-18.92203775901352
2025-05-12,-5.09590080268304,-13.786612095338313,-11.579704120255482,-18.920275605488378
2025-05-13,-4.052330615976086,-13.786612095338313,-11.579704120255482,-18.918513451963236
2025-05-14,-3.6956290120343183,-13.786612095338313,-11.579704120255482,-18.916751298438093
2025-05-15,-3.6166033913381246,-13.786612095338313,-11.579704120255482,-18.91498914491295
2025-05-16,-2.7844597471400445,-13.786612095338313,-11.579704120255482,-18.91322699138781
2025-05-19,-0.628851018832044,-13.786612095338313,-11.579704120255482,-18.911464837862667
2025-05-20,0.2229851896650592,-13.786612095338313,-11.579704120255482,-18.909702684337525
2025-05-21,0.09129371040521583,-13.786612095338313,-11.579704120255482,-18.907940530812382
2025-05-22,0.03693671112678931,-13.786612095338313,-11.579704120255482,-18.90617837728724
2025-05-23,1.9415744389312373,-13.786612095338313,-11.579704120255482,-18.904416223762098
2025-05-27,2.7177030945888747,-13.786612095338313,-11.579704120255482,-18.902654070236956
2025-05-28,4.550288688808313,-13.786612095338313,-11.579704120255482,-18.900891916711814
2025-05-29,5.072892340912638,-13.786612095338313,-11.579704120255482,-18.89912976318667
2025-05-30,3.5571982886519082,-13.786612095338313,-11.579704120255482,-18.89736760966153
2025-06-02,7.327633710890025,-13.786612095338313,-11.579704120255482,-18.895605456136387
2025-06-03,7.377019834141985,-13.786612095338313,-11.579704120255482,-18.893843302611245
2025-06-04,12.017773275699884,-13.786612095338313,-11.579704120255482,-18.892081149086103
2025-06-05,11.441004176412006,-13.786612095338313,-11.579704120255482,-18.890648031685224
2025-06-06,11.275110803569731,-13.786612095338313,-11.579704120255482,-18.88921491428435
2025-06-09,13.480472542062394,-13.786612095338313,-11.579704120255482,-18.88778179688347
2025-06-10,11.535164208387982,-13.786612095338313,-11.579704120255482,-18.88634867948259
2025-06-11,10.44325647713622,-13.786612095338313,-11.579704120255482,-18.884915562081716
2025-06-12,12.622478950392434,-13.786612095338313,-11.579704120255482,-18.883482444680837
2025-06-13,9.740060517774896,-13.786612095338313,-11.579704120255482,-18.88204932727996
2025-06-16,11.644959845374325,-13.786612095338313,-11.579704120255482,-18.880616209879083
2025-06-17,10.193013450118404,-13.786612095338313,-11.579704120255482,-18.879183092478204
2025-06-18,7.811923997510473,-13.786612095338313,-11.579704120255482,-18.87774997507733
2025-06-20,6.7624581957226315,-13.786612095338313,-11.579704120255482,-18.87631685767645
2025-06-23,9.880882581606487,-13.786612095338313,-11.579704120255482,-18.874883740275575
2025-06-24,12.200505037486842,-13.786612095338313,-11.579704120255482,-18.873450622874696
2025-06-25,15.528967864118304,-13.786612095338313,-11.579704120255482,-18.872017505473817
2025-06-26,16.61416691237143,-13.786612095338313,-11.579704120255482,-18.870584388072942
2025-06-27,16.07770000930413,-13.786612095338313,-11.579704120255482,-18.869151270672063
2025-06-30,15.983039645309137,-13.786612095338313,-11.579704120255482,-18.867718153271188
2025-07-01,21.51023791884881,-13.786612095338313,-11.579704120255482,-18.86628503587031
2025-07-02,30.459284552220957,-13.786612095338313,-11.579704120255482,-18.86485191846943
2025-07-03,31.425872753880867,-13.786612095338313,-11.579704120255482,-18.863418801068555
2025-07-07,32.82788242964172,-13.786612095338313,-11.579704120255482,-18.86152392607664
2025-07-08,18.65966235111096,-13.786612095338313,-11.579704120255482,-18.859629051084724
2025-07-09,24.808004684032724,-13.786612095338313,-11.579704120255482,-18.85773417609281
2025-07-10,22.374004520442202,-13.786612095338313,-11.579704120255482,-18.855839301100897
2025-07-11,21.276573009968214,-13.786612095338313,-11.579704120255482,-18.85394442610898
2025-07-14,21.580893810537383,-13.786612095338313,-11.579704120255482,-18.852049551117066
2025-07-15,25.47589906939931,-13.786612095338313,-11.579704120255482,-18.850154676125154
2025-07-16,25.62699225222813,-13.786612095338313,-11.579704120255482,-18.84825980113324
2025-07-17,29.857200832494414,-13.786612095338313,-11.579704120255482,-18.846364926141323
2025-07-18,26.41376694796238,-13.786612095338313,-11.579704120255482,-18.844470051149408
2025-07-21,24.25139392386091,-13.786612095338313,-11.579704120255482,-18.842575176157496
2025-07-22,20.225504865247835,-13.786612095338313,-11.579704120255482,-18.84068030116558
2025-07-23,19.44234606812674,-13.786612095338313,-11.579704120255482,-18.838785426173665
2025-07-24,19.734571550032353,-13.786612095338313,-11.579704120255482,-18.83689055118175
2025-07-25,19.235293768368834,-13.786612095338313,-11.579704120255482,-18.834995676189838
2025-07-28,19.623020734285078,-13.786612095338313,-11.579704120255482,-18.833100801197922
2025-07-29,17.897899778875903,-13.786612095338313,-11.579704120255482,-18.831205926206007
2025-07-30,16.32908480619499,-13.786612095338313,-11.579704120255482,-18.82931105121409
2025-07-31,16.40320671083164,-13.786612095338313,-11.579704120255482,-18.827416176222176
2025-08-01,15.18159412074418,-13.786612095338313,-11.579704120255482,-18.825521301230264
2025-08-04,16.8481403483967,-13.786612095338313,-11.579704120255482,-18.822851757382704
2025-08-05,14.868792042097834,-13.786612095338313,-11.579704120255482,-18.820182213535144
2025-08-06,16.390486680103145,-13.786612095338313,-11.579704120255482,-18.817512669687584
2025-08-07,12.212812769974457,-13.786612095338313,-11.579704120255482,-18.814843125840028
2025-08-08,11.55931008581561,-13.786612095338313,-11.579704120255482,-18.812173581992468
2025-08-11,10.566588827745061,-13.786612095338313,-11.579704120255482,-18.80950403814491
2025-08-12,11.83337329142342,-13.786612095338313,-11.579704120255482,-18.80683449429735
2025-08-13,11.404410541701914,-13.786612095338313,-11.579704120255482,-18.804164950449792
2025-08-14,11.211399969192781,-13.786612095338313,-11.579704120255482,-18.801495406602232
2025-08-15,11.092662597680714,-13.786612095338313,-11.579704120255482,-18.798825862754676
2025-08-18,12.613352743085503,-13.786612095338313,-11.579704120255482,-18.796156318907116
2025-08-19,10.877988340954637,-13.786612095338313,-11.579704120255482,-18.793486775059556
2025-08-20,11.249923165333264,-13.786612095338313,-11.579704120255482,-18.790817231211996
2025-08-21,8.189674603324026,-13.786612095338313,-11.579704120255482,-18.78814768736444
2025-08-22,10.347810090819776,-13.786612095338313,-11.579704120255482,-18.785478143516883
2025-08-25,9.813629184178541,-13.786612095338313,-11.579704120255482,-18.782808599669323
2025-08-26,10.42872107917816,-13.786612095338313,-11.579704120255482,-18.780139055821763
2025-08-27,9.731747641065303,-13.786612095338313,-11.579704120255482,-18.777469511974203
2025-08-28,9.562209741670834,-13.786612095338313,-11.579704120255482,-18.774799968126644
2025-08-29,7.992904121162292,-13.786612095338313,-11.579704120255482,-18.772130424279087
2025-09-02,7.900070692004424,-13.786612095338313,-11.579704120255482,-18.769007679757056
2025-09-03,7.6962059690211415,-13.786612095338313,-11.579704120255482,-18.765884935235025
2025-09-04,8.511289271466648,-13.786612095338313,-11.579704120255482,-18.76276219071299
2025-09-05,7.953864857271609,-13.786612095338313,-11.579704120255482,-18.75963944619096
2025-09-08,8.847225944653413,-13.786612095338313,-11.579704120255482,-18.756516701668932
2025-09-09,8.899927558710274,-13.786612095338313,-11.579704120255482,-18.7533939571469
2025-09-10,10.320615146946842,-13.786612095338313,-11.579704120255482,-18.750271212624867
2025-09-11,9.44043947581017,-13.786612095338313,-11.579704120255482,-18.747148468102836
2025-09-12,11.006294903966918,-13.786612095338313,-11.579704120255482,-18.744025723580805
2025-09-15,11.975223527313528,-13.786612095338313,-11.579704120255482,-18.740902979058774
2025-09-16,12.33930280862381,-13.786612095338313,-11.579704120255482,-18.737780234536743
2025-09-17,10.975260586180902,-13.786612095338313,-11.579704120255482,-18.734657490014712
2025-09-18,10.289372524524666,-13.786612095338313,-11.579704120255482,-18.73153474549268
2025-09-19,10.752828244720348,-13.786612095338313,-11.579704120255482,-18.72841200097065
2025-09-22,10.375680960722121,-13.786612095338313,-11.579704120255482,-18.72528925644862
2025-09-23,9.268436406133262,-13.786612095338313,-11.579704120255482,-18.722166511926588
2025-09-24,8.184129107060723,-13.786612095338313,-11.579704120255482,-18.719043767404557
2025-09-25,8.633439050367976,-13.786612095338313,-11.579704120255482,-18.715921022882526
2025-09-26,8.325490953345671,-13.786612095338313,-11.579704120255482,-18.71279827836049
2025-09-29,7.766713356961641,-13.786612095338313,-11.579704120255482,-18.709675533838464
2025-09-30,8.882099565487733,-13.786612095338313,-11.579704120255482,-18.70817457239508
2025-10-01,9.343009864292195,-13.786612095338313,-11.579704120255482,-18.706673610951697
2025-10-02,9.020772772853135,-13.786612095338313,-11.579704120255482,-18.705172649508313
2025-10-03,8.71817603280518,-13.786612095338313,-11.579704120255482,-18.70367168806493
2025-10-06,9.781731961904372,-13.786612095338313,-11.579704120255482,-18.70217072662155
2025-10-07,8.809019613698045,-13.786612095338313,-11.579704120255482,-18.700669765178166
2025-10-08,9.95557608829949,-13.786612095338313,-11.579704120255482,-18.699168803734782
2025-10-09,9.710174606038645,-13.786612095338313,-11.579704120255482,-18.6976678422914
2025-10-10,5.051508865890142,-13.786612095338313,-11.579704120255482,-18.696166880848015
2025-10-13,7.38406091869932,-13.786612095338313,-11.579704120255482,-18.694665919404635
2025-10-14,6.118577355960353,-13.786612095338313,-11.579704120255482,-18.69316495796125
2025-10-15,7.4234287223367,-13.786612095338313,-11.579704120255482,-18.691663996517867
2025-10-16,6.539693498776522,-13.786612095338313,-11.579704120255482,-18.690163035074484
2025-10-17,7.0115530567425255,-13.786612095338313,-11.579704120255482,-18.6886620736311
2025-10-20,8.099784074977068,-13.786612095338313,-11.579704120255482,-18.68716111218772
2025-10-21,7.7348133385301,-13.786612095338313,-11.579704120255482,-18.685660150744337
2025-10-22,6.862421341932379,-13.786612095338313,-11.579704120255482,-18.684159189300953
2025-10-23,7.616572221472517,-13.786612095338313,-11.579704120255482,-18.68265822785757
2025-10-24,9.34516844600699,-13.786612095338313,-11.579704120255482,-18.681157266414186
2025-10-27,13.528897600042168,-13.786612095338313,-11.579704120255482,-18.679656304970806
2025-10-28,12.32927021607062,-13.786612095338313,-11.579704120255482,-18.678845156321678
2025-10-29,13.606419190066266,-13.786612095338313,-11.579704120255482,-18.678034007672547
2025-10-30,10.479352991531554,-13.786612095338313,-11.579704120255482,-18.67722285902342
2025-10-31,10.637865261303281,-13.786612095338313,-11.579704120255482,-18.676411710374293
2025-11-03,10.13984256864271,-13.786612095338313,-11.579704120255482,-18.675600561725165
2025-11-04,8.224434935394754,-13.786612095338313,-11.579704120255482,-18.674789413076038
2025-11-05,7.576646134870368,-13.786612095338313,-11.579704120255482,-18.673978264426907
2025-11-06,5.5200172579893625,-13.786612095338313,-11.579704120255482,-18.67316711577778
2025-11-07,5.268699959331946,-13.786612095338313,-11.579704120255482,-18.672355967128652
2025-11-10,8.072918426484232,-13.786612095338313,-11.579704120255482,-18.671544818479525
2025-11-11,7.828030340210601,-13.786612095338313,-11.579704120255482,-18.670733669830398
2025-11-12,9.224940834483885,-13.786612095338313,-11.579704120255482,-18.669922521181267
2025-11-13,7.634059601457133,-13.786612095338313,-11.579704120255482,-18.66911137253214
2025-11-14,8.216451653495383,-13.786612095338313,-11.579704120255482,-18.668300223883012
2025-11-17,5.662130289895373,-13.786612095338313,-11.579704120255482,-18.667489075233885
2025-11-18,4.677584864155793,-13.786612095338313,-11.579704120255482,-18.666677926584757
2025-11-19,4.8813896497418074,-13.786612095338313,-11.579704120255482,-18.665866777935626
2025-11-20,2.2415287120535643,-13.786612095338313,-11.579704120255482,-18.6650556292865
2025-11-21,2.3688242036238982,-13.786612095338313,-11.579704120255482,-18.66424448063737
2025-11-24,6.216226927288848,-13.786612095338313,-11.579704120255482,-18.663433331988244
2025-11-25,7.774076189689572,-13.786612095338313,-11.579704120255482,-18.661737514363292
2025-11-26,7.87761531069584,-13.786612095338313,-11.579704120255482,-18.66004169673834
2025-11-28,7.776658059481623,-13.786612095338313,-11.579704120255482,-18.658345879113387
2025-12-01,7.259875279867334,-13.786612095338313,-11.579704120255482,-18.65665006148843
2025-12-02,7.5745544890758465,-13.786612095338313,-11.579704120255482,-18.654954243863482
2025-12-03,7.5327865292792895,-13.786612095338313,-11.579704120255482,-18.65325842623853
2025-12-04,7.397604778194378,-13.786612095338313,-11.579704120255482,-18.651562608613574
2025-12-05,7.211476328069444,-13.786612095338313,-11.579704120255482,-18.64986679098862
2025-12-08,6.535216961265289,-13.786612095338313,-11.579704120255482,-18.64817097336367
2025-12-09,5.76161587150017,-13.786612095338313,-11.579704120255482,-18.64647515573872
2025-12-10,6.284596338104054,-13.786612095338313,-11.579704120255482,-18.644779338113764
2025-12-11,6.1527052824850825,-13.786612095338313,-11.579704120255482,-18.643083520488812
2025-12-12,3.192761609881667,-13.786612095338313,-11.579704120255482,-18.64138770286386
2025-12-15,1.9844188278387742,-13.786612095338313,-11.579704120255482,-18.639691885238907
2025-12-16,1.5858498172341529,-13.786612095338313,-11.579704120255482,-18.637996067613955
2025-12-17,0.3694351207628399,-13.786612095338313,-11.579704120255482,-18.636300249989002
2025-12-18,2.182521439098739,-13.786612095338313,-11.579704120255482,-18.63460443236405
2025-12-19,3.9627242658567763,-13.786612095338313,-11.579704120255482,-18.632908614739097
2025-12-22,4.0327621274569125,-13.786612095338313,-11.579704120255482,-18.631212797114145
2025-12-23,4.038168161545741,-13.786612095338313,-11.579704120255482,-18.629516979489193
2025-12-24,4.057506217160833,-13.786612095338313,-11.579704120255482,-18.62882853930577
2025-12-26,3.554084658882295,-13.786612095338313,-11.579704120255482,-18.628140099122344
2025-12-29,2.630898867642051,-13.786612095338313,-11.579704120255482,-18.62745165893892
2025-12-30,2.8257373040840195,-13.786612095338313,-11.579704120255482,-18.626763218755492
2025-12-31,1.21566077906905,-13.786612095338313,-11.579704120255482,-18.626074778572068
2026-01-02,1.5543458480920647,-13.786612095338313,-11.579704120255482,-18.625386338388644
2026-01-05,1.2008411851677225,-13.786612095338313,-11.579704120255482,-18.62469789820522
2026-01-06,2.213749595110559,-13.786612095338313,-11.579704120255482,-18.624009458021796
2026-01-07,5.991550006793767,-13.786612095338313,-11.579704120255482,-18.62332101783837
2026-01-08,3.1985475707918987,-13.786612095338313,-11.579704120255482,-18.622632577654947
2026-01-09,4.925345246297619,-13.786612095338313,-11.579704120255482,-18.621944137471523
2026-01-12,4.276546835139472,-13.786612095338313,-11.579704120255482,-18.6212556972881
2026-01-13,4.5089109520005,-13.786612095338313,-11.579704120255482,-18.620567257104675
2026-01-14,2.717936060020665,-13.786612095338313,-11.579704120255482,-18.619878816921247
2026-01-15,1.8048446761443016,-13.786612095338313,-11.579704120255482,-18.619190376737826
2026-01-16,1.7463170947388473,-13.786612095338313,-11.579704120255482,-18.6185019365544
2026-01-20,0.553222998931191,-13.786612095338313,-11.579704120255482,-18.617813496370974
2026-01-21,1.0629655339726707,-13.786612095338313,-11.579704120255482,-18.61712505618755
2026-01-22,0.7220907264230636,-13.786612095338313,-11.579704120255482,-18.616436616004126
2026-01-23,-0.7278503436405903,-13.786612095338313,-11.579704120255482,-18.615748175820702
2026-01-26,-1.0519412996277122,-13.786612095338313,-11.579704120255482,-18.615005188249427
2026-01-27,-0.6025339017473041,-13.786612095338313,-11.579704120255482,-18.614262200678148
2026-01-28,1.2749696875112848,-13.786612095338313,-11.579704120255482,-18.613519213106873
2026-01-29,0.18552628350720912,-13.786612095338313,-11.579704120255482,-18.612776225535598
2026-01-30,-1.4891486663860642,-13.786612095338313,-11.579704120255482,-18.612033237964322
2026-02-02,1.2422932309129608,-13.786612095338313,-11.579704120255482,-18.611290250393044
2026-02-03,-0.9577491366066115,-13.786612095338313,-11.579704120255482,-18.61054726282177
2026-02-04,-0.8408525115181864,-13.786612095338313,-11.579704120255482,-18.609804275250493
2026-02-05,-1.9589336548943348,-13.786612095338313,-11.579704120255482,-18.609061287679218
2026-02-06,-2.0535300033306503,-13.786612095338313,-11.579704120255482,-18.60831830010794
2026-02-09,-1.039668949094219,-13.786612095338313,-11.579704120255482,-18.607575312536664
2026-02-10,-1.4210683082639397,-13.786612095338313,-11.579704120255482,-18.60683232496539
2026-02-11,0.9033758659051205,-13.786612095338313,-11.579704120255482,-18.606089337394113
2026-02-12,-1.2235625287499774,-13.786612095338313,-11.579704120255482,-18.605346349822835
2026-02-13,-0.16038182606583629,-13.786612095338313,-11.534712294473046,-18.60460336225156
2026-02-17,0.9661123572416885,-13.786612095338313,-11.474389377781337,-18.603860374680284
2026-02-18,1.1163710011009131,-13.786612095338313,-11.470973957975838,-18.60311738710901
2026-02-19,3.171377259881347,-13.786612095338313,-11.470513421155669,-18.60237439953773
2026-02-20,3.3081929702069024,-13.786612095338313,-11.453616779733068,-18.601631411966455
2026-02-23,-0.49223755052901774,-13.786612095338313,-11.433516968411906,-18.60088842439518
2026-02-24,-0.03950805623634812,-13.786612095338313,-11.433516968411906,-18.60078351930445
2026-02-25,0.5210622103237306,-13.786612095338313,-11.433516968411906,-18.60067861421372
2026-02-26,-1.490317985922962,-13.786612095338313,-11.433516968411906,-18.60057370912299
2026-02-27,-1.4746811991371067,-13.786612095338313,-11.433516968411906,-18.600468804032264
2026-03-02,-2.110969787879613,-13.786612095338313,-11.433516968411906,-18.600363898941534
2026-03-03,-3.395016737735379,-13.786612095338313,-11.433516968411906,-18.600258993850805
2026-03-04,-1.8311314902093812,-13.786612095338313,-11.433516968411906,-18.600154088760075
2026-03-05,-2.5243357666808963,-13.786612095338313,-11.433516968411906,-18.600049183669345
2026-03-06,-3.806141692680509,-13.786612095338313,-11.433516968411906,-18.599944278578615
2026-03-09,-2.6414943540279068,-13.786612095338313,-11.433516968411906,-18.59983937348789
2026-03-10,-3.037019094650506,-13.786612095338313,-11.433516968411906,-18.59973446839716
2026-03-11,-2.7351875155821492,-13.786612095338313,-11.433516968411906,-18.59962956330643
2026-03-12,-2.541333645428634,-13.786612095338313,-11.433516968411906,-18.5995246582157
2026-03-13,-2.630244252511882,-13.786612095338313,-11.433516968411906,-18.59941975312497
2026-03-16,-1.7327569190741077,-13.786612095338313,-11.433516968411906,-18.59931484803424
2026-03-17,0.6118546178731421,-13.786612095338313,-11.433516968411906,-18.59920994294351
2026-03-18,-2.2076691336448517,-13.786612095338313,-11.433516968411906,-18.599105037852784
2026-03-19,-3.7710966067369567,-13.786612095338313,-11.433516968411906,-18.599000132762054
2026-03-20,-5.999583840021161,-13.786612095338313,-11.433516968411906,-18.598895227671324
2026-03-23,-5.3651261251981275,-13.786612095338313,-11.433516968411906,-18.598790322580594
2026-03-24,-6.286285964504213,-13.786612095338313,-11.433516968411906,-18.59722651007982
2026-03-25,-5.664016232533598,-13.786612095338313,-11.433516968411906,-18.595662697579048
2026-03-26,-7.467703649481483,-13.786612095338313,-11.433516968411906,-18.594098885078274
2026-03-27,-9.064569808688216,-13.786612095338313,-11.433516968411906,-18.5925350725775
2026-03-30,-9.007507179872054,-13.786612095338313,-11.433516968411906,-18.590971260076728
2026-03-31,-5.744469423327791,-13.786612095338313,-11.433516968411906,-18.589407447575955
2026-04-01,-5.332059280653967,-13.786612095338313,-11.433516968411906,-18.58784363507518
2026-04-02,-6.049014825865761,-13.786612095338313,-11.433516968411906,-18.586279822574408
2026-04-06,-5.574564139474436,-13.786612095338313,-11.433516968411906,-18.584716010073635
2026-04-07,-5.019776909700546,-13.786612095338313,-11.433516968411906,-18.58315219757286
2026-04-08,-3.1603679540659013,-13.786612095338313,-11.433516968411906,-18.581588385072088
2026-04-09,-2.5861120404132354,-13.786612095338313,-11.433516968411906,-18.580024572571315
2026-04-10,-2.300751164904269,-13.786612095338313,-11.433516968411906,-18.57846076007054
2026-04-13,-0.22441055922053366,-13.786612095338313,-11.433516968411906,-18.576896947569768
2026-04-14,1.222869472341892,-13.786612095338313,-11.433516968411906,-18.575333135068995
2026-04-15,2.725846889460981,-13.786612095338313,-11.433516968411906,-18.57376932256822
2026-04-16,5.4613660283452825,-13.786612095338313,-11.433516968411906,-18.572205510067448
2026-04-17,5.416174498453485,-13.786612095338313,-11.433516968411906,-18.570641697566675
2026-04-20,4.323128962265765,-13.786612095338313,-11.433516968411906,-18.5690778850659
2026-04-21,3.5992530132085587,-13.786612095338313,-11.433516968411906,-18.567514072565128
2026-04-22,4.8710743332963435,-13.786612095338313,-11.433516968411906,-18.56658532307787
2026-04-23,3.3435325730825305,-13.786612095338313,-11.433516968411906,-18.565656573590612
2026-04-24,4.972620502725622,-13.786612095338313,-11.433516968411906,-18.564727824103354
2026-04-27,5.6603619778982095,-13.786612095338313,-11.433516968411906,-18.5637990746161
2026-04-28,5.869344699459345,-13.786612095338313,-11.433516968411906,-18.56287032512884
2026-04-29,5.7901913467666155,-13.786612095338313,-11.433516968411906,-18.561941575641583
2026-04-30,8.442933370766825,-13.786612095338313,-11.433516968411906,-18.561012826154325
2026-05-01,11.43052726657643,-13.786612095338313,-11.433516968411906,-18.560084076667067
2026-05-04,12.845046835392647,-13.786612095338313,-11.433516968411906,-18.559155327179813
2026-05-05,11.942861002565696,-13.786612095338313,-11.433516968411906,-18.558226577692555
2026-05-06,13.399752113772356,-13.786612095338313,-11.433516968411906,-18.557297828205296
2026-05-07,13.792393255690193,-13.786612095338313,-11.433516968411906,-18.55636907871804
2026-05-08,16.1482630863383,-13.786612095338313,-11.433516968411906,-18.55544032923078
2026-05-11,18.90302792455629,-13.786612095338313,-11.433516968411906,-18.554511579743526
2026-05-12,17.643815581657798,-13.786612095338313,-11.433516968411906,-18.553582830256268
2026-05-13,19.008979384852264,-13.786612095338313,-11.433516968411906,-18.55265408076901
2026-05-14,18.966521958888748,-13.786612095338313,-11.433516968411906,-18.55172533128175
2026-05-15,17.62204886733485,-13.786612095338313,-11.433516968411906,-18.550796581794494
2026-05-18,16.088756224555635,-13.786612095338313,-11.433516968411906,-18.54986783230724
2026-05-19,16.792967699611495,-13.786612095338313,-11.433516968411906,-18.54893908281998
2026-05-20,17.465747939503174,-13.786612095338313,-11.433516968411906,-18.548385079070624
2026-05-21,16.00842016416739,-13.786612095338313,-11.433516968411906,-18.54783107532127
2026-05-22,17.923063801397255,-13.786612095338313,-11.433516968411906,-18.547277071571912
2026-05-26,20.40218377437086,-13.786612095338313,-11.433516968411906,-18.546723067822555
2026-05-27,20.1071077216322,-13.786612095338313,-11.433516968411906,-18.5461690640732
2026-05-28,22.43042531193169,-13.786612095338313,-11.433516968411906,-18.545615060323843
2026-05-29,21.03649182104743,-13.786612095338313,-11.433516968411906,-18.545061056574486
2026-06-01,22.130679689024223,-13.786612095338313,-11.433516968411906,-18.544507052825132
2026-06-02,24.566925410899508,-13.786612095338313,-11.433516968411906,-18.543953049075775
2026-06-03,22.603945833960015,-13.786612095338313,-11.433516968411906,-18.543399045326417
2026-06-04,22.008852842656836,-13.786612095338313,-11.433516968411906,-18.542845041577063
2026-06-05,16.167605449515744,-13.786612095338313,-11.433516968411906,-18.542291037827706
2026-06-08,20.041966228821018,-13.786612095338313,-11.433516968411906,-18.54173703407835
2026-06-09,19.368125041643314,-13.786612095338313,-11.433516968411906,-18.541183030328995
2026-06-10,15.685857258058356,-13.786612095338313,-11.433516968411906,-18.540629026579637
2026-06-11,19.012441171703554,-13.786612095338313,-11.433516968411906,-18.540075022830283
2026-06-12,21.405146866969904,-13.786612095338313,-11.433516968411906,-18.539521019080926
2026-06-15,25.615905846918995,-13.786612095338313,-11.433516968411906,-18.53896701533157
2026-06-16,25.548883428075065,-13.786612095338313,-11.433516968411906,-18.538413011582215
2026-06-17,22.87585200095672,-13.786612095338313,-11.433516968411906,-18.537859007832857
2026-06-18,26.822839803978525,-13.786612095338313,-11.433516968411906,-18.53559601128492
2026-06-22,25.67843948863051,-13.786612095338313,-11.433516968411906,-18.533333014736982
2026-06-23,24.511804050355423,-13.786612095338313,-11.433516968411906,-18.531070018189045
2026-06-24,26.453635751211777,-13.786612095338313,-11.433516968411906,-18.528807021641104
2026-06-25,28.460486414890806,-13.786612095338313,-11.433516968411906,-18.52654402509317
2026-06-26,22.543816844591436,-13.786612095338313,-11.433516968411906,-18.524281028545232
2026-06-29,24.057048405144045,-13.786612095338313,-11.433516968411906,-18.522018031997295
2026-06-30,26.02334120917891,-13.786612095338313,-11.433516968411906,-18.519755035449357
2026-07-01,23.35920189357925,-13.786612095338313,-11.433516968411906,-18.517492038901416
2026-07-02,21.202367502833862,-13.786612095338313,-11.433516968411906,-18.515229042353482
2026-07-06,19.39090011799991,-13.786612095338313,-11.433516968411906,-18.512966045805545
2026-07-07,16.391872910149495,-13.786612095338313,-11.433516968411906,-18.510703049257607
2026-07-08,16.55355160784704,-13.786612095338313,-11.433516968411906,-18.50844005270967
2026-07-09,17.28030097468334,-13.786612095338313,-11.433516968411906,-18.50617705616173
2026-07-10,15.543960040719229,-13.786612095338313,-11.433516968411906,-18.503914059613795
2026-07-13,11.786019351256849,-13.786612095338313,-11.433516968411906,-18.501651063065857
2026-07-14,12.49284405731219,-13.786612095338313,-11.433516968411906,-18.49938806651792
2026-07-15,10.739115647094177,-13.786612095338313,-11.433516968411906,-18.497125069969982
2026-07-16,9.26541242160619,-13.786612095338313,-11.433516968411906,-18.49486207342204
2026-07-17,8.034088766801517,-13.786612095338313,-11.433516968411906,-18.492599076874107
2026-07-20,6.367917278613633,-13.786612095338313,-11.433516968411906,-18.49035894925718
2026-07-21,8.954447513589825,-13.786612095338313,-11.433516968411906,-18.48811882164025
2026-07-22,6.363658328496524,-13.786612095338313,-11.433516968411906,-18.48587869402332
2026-07-23,4.289534519681015,-13.786612095338313,-11.433516968411906,-18.48363856640639
2026-07-24,4.17212528199844,-13.786612095338313,-11.433516968411906,-18.481398438789466
2026-07-27,3.219837597176034,-13.786612095338313,-11.433516968411906,-18.479158311172537
2026-07-28,1.2720801327024578,-13.786612095338313,-11.433516968411906,-18.476918183555608
2026-07-29,-1.7341860386557717,-13.786612095338313,-11.433516968411906,-18.47467805593868
2026-07-30,1.6976355792422737,-13.786612095338313,-11.433516968411906,-18.47243792832175
2026-07-31,1.0472211452417612,-13.786612095338313,-11.433516968411906,-18.470197800704824
2026-08-03,0.7288694863283762,-13.786612095338313,-11.433516968411906,-18.467957673087895
2026-08-04,4.27482070694023,-13.786612095338313,-11.433516968411906,-18.465717545470966
2026-08-05,0.9645624295259836,-13.786612095338313,-11.433516968411906,-18.463477417854037
2026-08-06,0.30105242488021045,-13.786612095338313,-11.433516968411906,-18.461237290237108
2026-08-07,2.3452578950318825,-13.786612095338313,-11.433516968411906,-18.458997162620182
2026-08-10,0.9730038568083188,-13.786612095338313,-11.433516968411906,-18.456757035003253
2026-08-11,-0.07619569589950581,-13.786612095338313,-11.433516968411906,-18.454516907386324
2026-08-12,2.1958896446724108,-13.786612095338313,-11.433516968411906,-18.452276779769395
2026-08-13,3.824520350417293,-13.786612095338313,-11.433516968411906,-18.450036652152466
2026-08-14,4.325602191538769,-13.786612095338313,-11.433516968411906,-18.44779652453554
